2026-06-13 12:03:03.611 +00:00 [WRN] Storing keys in a directory '/home/app/.aspnet/DataProtection-Keys' that may not be persisted outside of the container. Protected data will be unavailable when container is destroyed. For more information go to https://aka.ms/aspnet/dataprotectionwarning
2026-06-13 12:03:03.639 +00:00 [INF] User profile is available. Using '/home/app/.aspnet/DataProtection-Keys' as key repository; keys will not be encrypted at rest.
2026-06-13 12:03:03.748 +00:00 [INF] Now listening on: http://[::]:8080
2026-06-13 12:03:03.750 +00:00 [INF] Application started. Press Ctrl+C to shut down.
2026-06-13 12:03:03.750 +00:00 [INF] Hosting environment: Development
2026-06-13 12:03:03.750 +00:00 [INF] Content root path: /app
2026-06-13 12:15:28.563 +00:00 [INF] Request starting HTTP/1.1 OPTIONS http://192.168.1.6:8080/api/auth - null null
2026-06-13 12:15:28.574 +00:00 [WRN] Failed to determine the https port for redirect.
2026-06-13 12:15:28.577 +00:00 [INF] CORS policy execution successful.
2026-06-13 12:15:28.584 +00:00 [INF] Request starting HTTP/1.1 POST http://192.168.1.6:8080/api/auth - application/json 74
2026-06-13 12:15:28.586 +00:00 [INF] CORS policy execution successful.
2026-06-13 12:15:28.581 +00:00 [INF] Request finished HTTP/1.1 OPTIONS http://192.168.1.6:8080/api/auth - 204 null null 19.0676ms
2026-06-13 12:15:28.604 +00:00 [INF] ====== OnMessageReceived START ======
2026-06-13 12:15:28.605 +00:00 [INF] Available cookies: 0
2026-06-13 12:15:28.606 +00:00 [WRN] NO TOKEN FOUND IN COOKIES!
2026-06-13 12:15:28.606 +00:00 [INF] ====== OnMessageReceived END - Token set: false ======
2026-06-13 12:15:28.607 +00:00 [INF] Executing endpoint 'API.Controllers.AuthController.Authenticate (API)'
2026-06-13 12:15:28.620 +00:00 [INF] Route matched with {action = "Authenticate", controller = "Auth"}. Executing controller action with signature System.Threading.Tasks.Task`1[Microsoft.AspNetCore.Mvc.IActionResult] Authenticate(API.Models.RequestModels.LoginRequest) on controller API.Controllers.AuthController (API).
2026-06-13 12:15:28.712 +00:00 [INF] Authentication attempt for email: lengyelnorbi5@gmail.com
2026-06-13 12:15:28.713 +00:00 [INF] Fetching user by email from database...
2026-06-13 12:15:29.267 +00:00 [INF] Executed DbCommand (27ms) [Parameters=[@__email_0='?'], CommandType='"Text"', CommandTimeout='30']
SELECT u."ID", u."Email", u."PasswordHash", u."RegisteredAt", u."Role", u."Username"
FROM "Users" AS u
WHERE u."Email" = @__email_0
LIMIT 1
2026-06-13 12:15:29.310 +00:00 [INF] Mozilla/5.0 (Windows NT 10.0; Win64; x64; rv:151.0) Gecko/20100101 Firefox/151.0
2026-06-13 12:15:29.313 +00:00 [INF] Fetching user by email from database...
2026-06-13 12:15:29.317 +00:00 [INF] Executed DbCommand (2ms) [Parameters=[@__email_0='?'], CommandType='"Text"', CommandTimeout='30']
SELECT u."ID", u."Email", u."PasswordHash", u."RegisteredAt", u."Role", u."Username"
FROM "Users" AS u
WHERE u."Email" = @__email_0
LIMIT 1
2026-06-13 12:15:29.783 +00:00 [INF] Password verification completed: Valid
2026-06-13 12:15:29.855 +00:00 [INF] Executed DbCommand (11ms) [Parameters=[@p0='?' (DbType = DateTime), @p1='?', @p2='?' (DbType = DateTime), @p3='?', @p4='?' (DbType = Int32), @p5='?'], CommandType='"Text"', CommandTimeout='30']
INSERT INTO "AccessTokens" ("CreatedAt", "DeviceFingerprint", "ExpiresAt", "IpAddress", "UserID", jti)
VALUES (@p0, @p1, @p2, @p3, @p4, @p5)
RETURNING "ID", "IsRevoked";
2026-06-13 12:15:29.898 +00:00 [INF] Executed DbCommand (5ms) [Parameters=[@p0='?' (DbType = DateTime), @p1='?', @p2='?' (DbType = DateTime), @p3='?', @p4='?', @p5='?' (DbType = Int32)], CommandType='"Text"', CommandTimeout='30']
INSERT INTO "RefreshTokens" ("CreatedAt", "DeviceFingerprint", "ExpiresAt", "IpAddress", "TokenHash", "UserID")
VALUES (@p0, @p1, @p2, @p3, @p4, @p5)
RETURNING "ID", "IsRevoked";
2026-06-13 12:15:29.900 +00:00 [INF] Admin user lengyelnorbi5@gmail.com authenticated successfully from admin panel at "2026-06-13T12:15:29.9009286Z"
2026-06-13 12:15:29.902 +00:00 [INF] --------------------------------------------------------------------
2026-06-13 12:15:29.902 +00:00 [INF] eyJhbGciOiJIUzI1NiIsInR5cCI6IkpXVCJ9.eyJodHRwOi8vc2NoZW1hcy54bWxzb2FwLm9yZy93cy8yMDA1LzA1L2lkZW50aXR5L2NsYWltcy9uYW1laWRlbnRpZmllciI6IjEiLCJodHRwOi8vc2NoZW1hcy54bWxzb2FwLm9yZy93cy8yMDA1LzA1L2lkZW50aXR5L2NsYWltcy9lbWFpbGFkZHJlc3MiOiJsZW5neWVsbm9yYmk1QGdtYWlsLmNvbSIsImh0dHA6Ly9zY2hlbWFzLnhtbHNvYXAub3JnL3dzLzIwMDUvMDUvaWRlbnRpdHkvY2xhaW1zL25hbWUiOiJsZW5neWVsbm9yYmkiLCJqdGkiOiJhYzI2MDIwOS01ZjlhLTQzOWEtYTdiYy02ZTQyZjMwZjdkYjciLCJpYXQiOjE3ODEzNTI5MjksImV4cCI6MTc4MTM1MzIyOSwiaHR0cDovL3NjaGVtYXMubWljcm9zb2Z0LmNvbS93cy8yMDA4LzA2L2lkZW50aXR5L2NsYWltcy9yb2xlIjoiQWRtaW4iLCJTb3VyY2UiOiJhZG1pbiIsIkRldmljZUlkIjoiL2EydWY0ejhyY0JJaElyN0tHYmQ2YWFoTXI4MEJoais5dXlMaVlOWjY2QT0iLCJJUEFkZHJlc3MiOiI6OmZmZmY6MTcyLjIwLjAuMSIsIlRva2VuVmVyc2lvbiI6IjEiLCJpc3MiOiJNdXNpY1BsYXllckFQSSIsImF1ZCI6Ik11c2ljUGxheWVyQ2xpZW50In0.D7pxCSH6WmeeGD3v-dgPP-pDvu_AjLHT1AAU1tF4fjU
2026-06-13 12:15:29.903 +00:00 [INF] utEH1GVMqmukzprYApqia5NG+djlf9YNrGlil+LqTQk=
2026-06-13 12:15:29.903 +00:00 [INF] Source: admin
2026-06-13 12:15:29.903 +00:00 [INF] Access Token expires at: "2026-06-13T12:20:29.7847128Z"
2026-06-13 12:15:29.903 +00:00 [INF] Refresh Token expires at: "2026-06-13T20:15:29.8757306Z"
2026-06-13 12:15:29.903 +00:00 [INF] tokenCookieName: adminToken
2026-06-13 12:15:29.903 +00:00 [INF] refreshTokenCookieName: adminRefreshToken
2026-06-13 12:15:29.904 +00:00 [INF] Refresh token hash stored in cookie: utEH1GVMqmukzprYApqia5NG+djlf9YNrGlil+LqTQk=
2026-06-13 12:15:29.904 +00:00 [INF] --------------------------------------------------------------------
2026-06-13 12:15:29.908 +00:00 [INF] Executing OkObjectResult, writing value of type '<>f__AnonymousType1`4[[System.Boolean, System.Private.CoreLib, Version=9.0.0.0, Culture=neutral, PublicKeyToken=7cec85d7bea7798e],[System.Int32, System.Private.CoreLib, Version=9.0.0.0, Culture=neutral, PublicKeyToken=7cec85d7bea7798e],[System.Int32, System.Private.CoreLib, Version=9.0.0.0, Culture=neutral, PublicKeyToken=7cec85d7bea7798e],[<>f__AnonymousType2`3[[System.Int32, System.Private.CoreLib, Version=9.0.0.0, Culture=neutral, PublicKeyToken=7cec85d7bea7798e],[System.String, System.Private.CoreLib, Version=9.0.0.0, Culture=neutral, PublicKeyToken=7cec85d7bea7798e],[System.String, System.Private.CoreLib, Version=9.0.0.0, Culture=neutral, PublicKeyToken=7cec85d7bea7798e]], API, Version=1.0.0.0, Culture=neutral, PublicKeyToken=null]]'.
2026-06-13 12:15:29.919 +00:00 [INF] Executed action API.Controllers.AuthController.Authenticate (API) in 1296.9948ms
2026-06-13 12:15:29.919 +00:00 [INF] Executed endpoint 'API.Controllers.AuthController.Authenticate (API)'
2026-06-13 12:15:29.924 +00:00 [INF] Request finished HTTP/1.1 POST http://192.168.1.6:8080/api/auth - 200 null application/json; charset=utf-8 1339.7561ms
2026-06-13 12:15:31.162 +00:00 [INF] Request starting HTTP/1.1 GET http://192.168.1.6:8080/api/user?page=1&limit=10 - null null
2026-06-13 12:15:31.163 +00:00 [INF] CORS policy execution successful.
2026-06-13 12:15:31.163 +00:00 [INF] Request starting HTTP/1.1 GET http://192.168.1.6:8080/api/user - null null
2026-06-13 12:15:31.163 +00:00 [INF] CORS policy execution successful.
2026-06-13 12:15:31.164 +00:00 [INF] ====== OnMessageReceived START ======
2026-06-13 12:15:31.165 +00:00 [INF] Available cookies: 2
2026-06-13 12:15:31.165 +00:00 [INF] ====== OnMessageReceived START ======
2026-06-13 12:15:31.165 +00:00 [INF] Cookie: adminToken = 844 chars
2026-06-13 12:15:31.165 +00:00 [INF] Available cookies: 2
2026-06-13 12:15:31.165 +00:00 [INF] Cookie: adminRefreshToken = 44 chars
2026-06-13 12:15:31.165 +00:00 [INF] Cookie: adminToken = 844 chars
2026-06-13 12:15:31.165 +00:00 [INF] Admin token found in cookies, length: 844
2026-06-13 12:15:31.166 +00:00 [INF] Cookie: adminRefreshToken = 44 chars
2026-06-13 12:15:31.166 +00:00 [INF] Admin token set in context
2026-06-13 12:15:31.166 +00:00 [INF] Admin token found in cookies, length: 844
2026-06-13 12:15:31.166 +00:00 [INF] ====== OnMessageReceived END - Token set: true ======
2026-06-13 12:15:31.166 +00:00 [INF] Admin token set in context
2026-06-13 12:15:31.166 +00:00 [INF] ====== OnMessageReceived END - Token set: true ======
2026-06-13 12:15:31.188 +00:00 [INF] Token validated successfully for user: lengyelnorbi
2026-06-13 12:15:31.188 +00:00 [INF] Token validated successfully for user: lengyelnorbi
2026-06-13 12:15:31.189 +00:00 [INF] Device fingerprint headers - UA: Mozilla/5.0 (Windows NT 10.0; Win64; x64; rv:151.0) Gecko/20100101 Firefox/151.0, Accept: application/json, text/plain, */*, Encoding: gzip, deflate
2026-06-13 12:15:31.189 +00:00 [INF] Device fingerprint headers - UA: Mozilla/5.0 (Windows NT 10.0; Win64; x64; rv:151.0) Gecko/20100101 Firefox/151.0, Accept: application/json, text/plain, */*, Encoding: gzip, deflate
2026-06-13 12:15:31.189 +00:00 [INF] Device fingerprint validation: Stored=/a2uf4z8rcBIhIr7KGbd6aahMr80Bhj+9uyLiYNZ66A=, Current=/a2uf4z8rcBIhIr7KGbd6aahMr80Bhj+9uyLiYNZ66A=
2026-06-13 12:15:31.189 +00:00 [INF] Device fingerprint validation: Stored=/a2uf4z8rcBIhIr7KGbd6aahMr80Bhj+9uyLiYNZ66A=, Current=/a2uf4z8rcBIhIr7KGbd6aahMr80Bhj+9uyLiYNZ66A=
2026-06-13 12:15:31.220 +00:00 [INF] Executed DbCommand (3ms) [Parameters=[@__jti_0='?', @__userId_1='?' (DbType = Int32)], CommandType='"Text"', CommandTimeout='30']
SELECT a."ID", a."CreatedAt", a."DeviceFingerprint", a."ExpiresAt", a."IpAddress", a."IsRevoked", a."UserID", a.jti
FROM "AccessTokens" AS a
WHERE a.jti = @__jti_0 AND a."UserID" = @__userId_1 AND NOT (a."IsRevoked") AND a."ExpiresAt" > now()
LIMIT 1
2026-06-13 12:15:31.223 +00:00 [INF] Executing endpoint 'API.Controllers.UserController.Get (API)'
2026-06-13 12:15:31.225 +00:00 [INF] Route matched with {action = "Get", controller = "User"}. Executing controller action with signature System.Threading.Tasks.Task`1[System.Collections.Generic.IEnumerable`1[API.DTO.UserDTO]] Get() on controller API.Controllers.UserController (API).
2026-06-13 12:15:31.226 +00:00 [INF] Executed DbCommand (2ms) [Parameters=[@__jti_0='?', @__userId_1='?' (DbType = Int32)], CommandType='"Text"', CommandTimeout='30']
SELECT a."ID", a."CreatedAt", a."DeviceFingerprint", a."ExpiresAt", a."IpAddress", a."IsRevoked", a."UserID", a.jti
FROM "AccessTokens" AS a
WHERE a.jti = @__jti_0 AND a."UserID" = @__userId_1 AND NOT (a."IsRevoked") AND a."ExpiresAt" > now()
LIMIT 1
2026-06-13 12:15:31.226 +00:00 [INF] Fetching user data from database...
2026-06-13 12:15:31.227 +00:00 [INF] Executing endpoint 'API.Controllers.UserController.Get (API)'
2026-06-13 12:15:31.227 +00:00 [INF] Route matched with {action = "Get", controller = "User"}. Executing controller action with signature System.Threading.Tasks.Task`1[System.Collections.Generic.IEnumerable`1[API.DTO.UserDTO]] Get() on controller API.Controllers.UserController (API).
2026-06-13 12:15:31.228 +00:00 [INF] Fetching user data from database...
2026-06-13 12:15:31.231 +00:00 [INF] Executed DbCommand (1ms) [Parameters=[], CommandType='"Text"', CommandTimeout='30']
SELECT u."ID", u."Email", u."PasswordHash", u."RegisteredAt", u."Role", u."Username"
FROM "Users" AS u
2026-06-13 12:15:31.232 +00:00 [INF] Executed DbCommand (1ms) [Parameters=[], CommandType='"Text"', CommandTimeout='30']
SELECT u."ID", u."Email", u."PasswordHash", u."RegisteredAt", u."Role", u."Username"
FROM "Users" AS u
2026-06-13 12:15:31.235 +00:00 [INF] Executing ObjectResult, writing value of type 'System.Collections.Generic.List`1[[API.DTO.UserDTO, API, Version=1.0.0.0, Culture=neutral, PublicKeyToken=null]]'.
2026-06-13 12:15:31.235 +00:00 [INF] Executing ObjectResult, writing value of type 'System.Collections.Generic.List`1[[API.DTO.UserDTO, API, Version=1.0.0.0, Culture=neutral, PublicKeyToken=null]]'.
2026-06-13 12:15:31.247 +00:00 [INF] Executed action API.Controllers.UserController.Get (API) in 19.7182ms
2026-06-13 12:15:31.247 +00:00 [INF] Executed action API.Controllers.UserController.Get (API) in 21.7121ms
2026-06-13 12:15:31.247 +00:00 [INF] Executed endpoint 'API.Controllers.UserController.Get (API)'
2026-06-13 12:15:31.248 +00:00 [INF] Executed endpoint 'API.Controllers.UserController.Get (API)'
2026-06-13 12:15:31.248 +00:00 [INF] Request finished HTTP/1.1 GET http://192.168.1.6:8080/api/user - 200 null application/json; charset=utf-8 84.8768ms
2026-06-13 12:15:31.248 +00:00 [INF] Request finished HTTP/1.1 GET http://192.168.1.6:8080/api/user?page=1&limit=10 - 200 null application/json; charset=utf-8 85.9916ms
2026-06-13 12:15:35.033 +00:00 [INF] Request starting HTTP/1.1 GET http://192.168.1.6:8080/api/user?page=1&limit=10 - null null
2026-06-13 12:15:35.034 +00:00 [INF] CORS policy execution successful.
2026-06-13 12:15:35.034 +00:00 [INF] ====== OnMessageReceived START ======
2026-06-13 12:15:35.034 +00:00 [INF] Available cookies: 2
2026-06-13 12:15:35.035 +00:00 [INF] Cookie: adminToken = 844 chars
2026-06-13 12:15:35.035 +00:00 [INF] Cookie: adminRefreshToken = 44 chars
2026-06-13 12:15:35.035 +00:00 [INF] Admin token found in cookies, length: 844
2026-06-13 12:15:35.035 +00:00 [INF] Admin token set in context
2026-06-13 12:15:35.035 +00:00 [INF] ====== OnMessageReceived END - Token set: true ======
2026-06-13 12:15:35.036 +00:00 [INF] Token validated successfully for user: lengyelnorbi
2026-06-13 12:15:35.036 +00:00 [INF] Device fingerprint headers - UA: Mozilla/5.0 (Windows NT 10.0; Win64; x64; rv:151.0) Gecko/20100101 Firefox/151.0, Accept: application/json, text/plain, */*, Encoding: gzip, deflate
2026-06-13 12:15:35.036 +00:00 [INF] Device fingerprint validation: Stored=/a2uf4z8rcBIhIr7KGbd6aahMr80Bhj+9uyLiYNZ66A=, Current=/a2uf4z8rcBIhIr7KGbd6aahMr80Bhj+9uyLiYNZ66A=
2026-06-13 12:15:35.037 +00:00 [INF] Request starting HTTP/1.1 GET http://192.168.1.6:8080/api/user - null null
2026-06-13 12:15:35.037 +00:00 [INF] CORS policy execution successful.
2026-06-13 12:15:35.037 +00:00 [INF] ====== OnMessageReceived START ======
2026-06-13 12:15:35.037 +00:00 [INF] Available cookies: 2
2026-06-13 12:15:35.037 +00:00 [INF] Cookie: adminToken = 844 chars
2026-06-13 12:15:35.038 +00:00 [INF] Cookie: adminRefreshToken = 44 chars
2026-06-13 12:15:35.038 +00:00 [INF] Admin token found in cookies, length: 844
2026-06-13 12:15:35.038 +00:00 [INF] Admin token set in context
2026-06-13 12:15:35.038 +00:00 [INF] ====== OnMessageReceived END - Token set: true ======
2026-06-13 12:15:35.038 +00:00 [INF] Token validated successfully for user: lengyelnorbi
2026-06-13 12:15:35.038 +00:00 [INF] Device fingerprint headers - UA: Mozilla/5.0 (Windows NT 10.0; Win64; x64; rv:151.0) Gecko/20100101 Firefox/151.0, Accept: application/json, text/plain, */*, Encoding: gzip, deflate
2026-06-13 12:15:35.039 +00:00 [INF] Device fingerprint validation: Stored=/a2uf4z8rcBIhIr7KGbd6aahMr80Bhj+9uyLiYNZ66A=, Current=/a2uf4z8rcBIhIr7KGbd6aahMr80Bhj+9uyLiYNZ66A=
2026-06-13 12:15:35.069 +00:00 [INF] Executed DbCommand (1ms) [Parameters=[@__jti_0='?', @__userId_1='?' (DbType = Int32)], CommandType='"Text"', CommandTimeout='30']
SELECT a."ID", a."CreatedAt", a."DeviceFingerprint", a."ExpiresAt", a."IpAddress", a."IsRevoked", a."UserID", a.jti
FROM "AccessTokens" AS a
WHERE a.jti = @__jti_0 AND a."UserID" = @__userId_1 AND NOT (a."IsRevoked") AND a."ExpiresAt" > now()
LIMIT 1
2026-06-13 12:15:35.069 +00:00 [INF] Executed DbCommand (1ms) [Parameters=[@__jti_0='?', @__userId_1='?' (DbType = Int32)], CommandType='"Text"', CommandTimeout='30']
SELECT a."ID", a."CreatedAt", a."DeviceFingerprint", a."ExpiresAt", a."IpAddress", a."IsRevoked", a."UserID", a.jti
FROM "AccessTokens" AS a
WHERE a.jti = @__jti_0 AND a."UserID" = @__userId_1 AND NOT (a."IsRevoked") AND a."ExpiresAt" > now()
LIMIT 1
2026-06-13 12:15:35.069 +00:00 [INF] Executing endpoint 'API.Controllers.UserController.Get (API)'
2026-06-13 12:15:35.069 +00:00 [INF] Executing endpoint 'API.Controllers.UserController.Get (API)'
2026-06-13 12:15:35.070 +00:00 [INF] Route matched with {action = "Get", controller = "User"}. Executing controller action with signature System.Threading.Tasks.Task`1[System.Collections.Generic.IEnumerable`1[API.DTO.UserDTO]] Get() on controller API.Controllers.UserController (API).
2026-06-13 12:15:35.070 +00:00 [INF] Route matched with {action = "Get", controller = "User"}. Executing controller action with signature System.Threading.Tasks.Task`1[System.Collections.Generic.IEnumerable`1[API.DTO.UserDTO]] Get() on controller API.Controllers.UserController (API).
2026-06-13 12:15:35.070 +00:00 [INF] Fetching user data from database...
2026-06-13 12:15:35.070 +00:00 [INF] Fetching user data from database...
2026-06-13 12:15:35.071 +00:00 [INF] Executed DbCommand (1ms) [Parameters=[], CommandType='"Text"', CommandTimeout='30']
SELECT u."ID", u."Email", u."PasswordHash", u."RegisteredAt", u."Role", u."Username"
FROM "Users" AS u
2026-06-13 12:15:35.071 +00:00 [INF] Executed DbCommand (1ms) [Parameters=[], CommandType='"Text"', CommandTimeout='30']
SELECT u."ID", u."Email", u."PasswordHash", u."RegisteredAt", u."Role", u."Username"
FROM "Users" AS u
2026-06-13 12:15:35.072 +00:00 [INF] Executing ObjectResult, writing value of type 'System.Collections.Generic.List`1[[API.DTO.UserDTO, API, Version=1.0.0.0, Culture=neutral, PublicKeyToken=null]]'.
2026-06-13 12:15:35.072 +00:00 [INF] Executing ObjectResult, writing value of type 'System.Collections.Generic.List`1[[API.DTO.UserDTO, API, Version=1.0.0.0, Culture=neutral, PublicKeyToken=null]]'.
2026-06-13 12:15:35.072 +00:00 [INF] Executed action API.Controllers.UserController.Get (API) in 1.9051ms
2026-06-13 12:15:35.072 +00:00 [INF] Executed action API.Controllers.UserController.Get (API) in 2.0891ms
2026-06-13 12:15:35.072 +00:00 [INF] Executed endpoint 'API.Controllers.UserController.Get (API)'
2026-06-13 12:15:35.072 +00:00 [INF] Executed endpoint 'API.Controllers.UserController.Get (API)'
2026-06-13 12:15:35.072 +00:00 [INF] Request finished HTTP/1.1 GET http://192.168.1.6:8080/api/user - 200 null application/json; charset=utf-8 35.7664ms
2026-06-13 12:15:35.073 +00:00 [INF] Request finished HTTP/1.1 GET http://192.168.1.6:8080/api/user?page=1&limit=10 - 200 null application/json; charset=utf-8 39.0672ms
2026-06-13 12:15:36.931 +00:00 [INF] Request starting HTTP/1.1 GET http://192.168.1.6:8080/api/user?page=1&limit=10 - null null
2026-06-13 12:15:36.931 +00:00 [INF] Request starting HTTP/1.1 GET http://192.168.1.6:8080/api/user - null null
2026-06-13 12:15:36.931 +00:00 [INF] CORS policy execution successful.
2026-06-13 12:15:36.932 +00:00 [INF] CORS policy execution successful.
2026-06-13 12:15:36.932 +00:00 [INF] ====== OnMessageReceived START ======
2026-06-13 12:15:36.932 +00:00 [INF] ====== OnMessageReceived START ======
2026-06-13 12:15:36.932 +00:00 [INF] Available cookies: 2
2026-06-13 12:15:36.932 +00:00 [INF] Available cookies: 2
2026-06-13 12:15:36.932 +00:00 [INF] Cookie: adminToken = 844 chars
2026-06-13 12:15:36.932 +00:00 [INF] Cookie: adminToken = 844 chars
2026-06-13 12:15:36.933 +00:00 [INF] Cookie: adminRefreshToken = 44 chars
2026-06-13 12:15:36.933 +00:00 [INF] Cookie: adminRefreshToken = 44 chars
2026-06-13 12:15:36.933 +00:00 [INF] Admin token found in cookies, length: 844
2026-06-13 12:15:36.933 +00:00 [INF] Admin token found in cookies, length: 844
2026-06-13 12:15:36.933 +00:00 [INF] Admin token set in context
2026-06-13 12:15:36.933 +00:00 [INF] Admin token set in context
2026-06-13 12:15:36.933 +00:00 [INF] ====== OnMessageReceived END - Token set: true ======
2026-06-13 12:15:36.934 +00:00 [INF] ====== OnMessageReceived END - Token set: true ======
2026-06-13 12:15:36.934 +00:00 [INF] Token validated successfully for user: lengyelnorbi
2026-06-13 12:15:36.934 +00:00 [INF] Token validated successfully for user: lengyelnorbi
2026-06-13 12:15:36.934 +00:00 [INF] Device fingerprint headers - UA: Mozilla/5.0 (Windows NT 10.0; Win64; x64; rv:151.0) Gecko/20100101 Firefox/151.0, Accept: application/json, text/plain, */*, Encoding: gzip, deflate
2026-06-13 12:15:36.934 +00:00 [INF] Device fingerprint headers - UA: Mozilla/5.0 (Windows NT 10.0; Win64; x64; rv:151.0) Gecko/20100101 Firefox/151.0, Accept: application/json, text/plain, */*, Encoding: gzip, deflate
2026-06-13 12:15:36.934 +00:00 [INF] Device fingerprint validation: Stored=/a2uf4z8rcBIhIr7KGbd6aahMr80Bhj+9uyLiYNZ66A=, Current=/a2uf4z8rcBIhIr7KGbd6aahMr80Bhj+9uyLiYNZ66A=
2026-06-13 12:15:36.934 +00:00 [INF] Device fingerprint validation: Stored=/a2uf4z8rcBIhIr7KGbd6aahMr80Bhj+9uyLiYNZ66A=, Current=/a2uf4z8rcBIhIr7KGbd6aahMr80Bhj+9uyLiYNZ66A=
2026-06-13 12:15:36.937 +00:00 [INF] Executed DbCommand (1ms) [Parameters=[@__jti_0='?', @__userId_1='?' (DbType = Int32)], CommandType='"Text"', CommandTimeout='30']
SELECT a."ID", a."CreatedAt", a."DeviceFingerprint", a."ExpiresAt", a."IpAddress", a."IsRevoked", a."UserID", a.jti
FROM "AccessTokens" AS a
WHERE a.jti = @__jti_0 AND a."UserID" = @__userId_1 AND NOT (a."IsRevoked") AND a."ExpiresAt" > now()
LIMIT 1
2026-06-13 12:15:36.937 +00:00 [INF] Executed DbCommand (1ms) [Parameters=[@__jti_0='?', @__userId_1='?' (DbType = Int32)], CommandType='"Text"', CommandTimeout='30']
SELECT a."ID", a."CreatedAt", a."DeviceFingerprint", a."ExpiresAt", a."IpAddress", a."IsRevoked", a."UserID", a.jti
FROM "AccessTokens" AS a
WHERE a.jti = @__jti_0 AND a."UserID" = @__userId_1 AND NOT (a."IsRevoked") AND a."ExpiresAt" > now()
LIMIT 1
2026-06-13 12:15:36.937 +00:00 [INF] Executing endpoint 'API.Controllers.UserController.Get (API)'
2026-06-13 12:15:36.937 +00:00 [INF] Executing endpoint 'API.Controllers.UserController.Get (API)'
2026-06-13 12:15:36.937 +00:00 [INF] Route matched with {action = "Get", controller = "User"}. Executing controller action with signature System.Threading.Tasks.Task`1[System.Collections.Generic.IEnumerable`1[API.DTO.UserDTO]] Get() on controller API.Controllers.UserController (API).
2026-06-13 12:15:36.938 +00:00 [INF] Route matched with {action = "Get", controller = "User"}. Executing controller action with signature System.Threading.Tasks.Task`1[System.Collections.Generic.IEnumerable`1[API.DTO.UserDTO]] Get() on controller API.Controllers.UserController (API).
2026-06-13 12:15:36.938 +00:00 [INF] Fetching user data from database...
2026-06-13 12:15:36.938 +00:00 [INF] Fetching user data from database...
2026-06-13 12:15:36.939 +00:00 [INF] Executed DbCommand (1ms) [Parameters=[], CommandType='"Text"', CommandTimeout='30']
SELECT u."ID", u."Email", u."PasswordHash", u."RegisteredAt", u."Role", u."Username"
FROM "Users" AS u
2026-06-13 12:15:36.939 +00:00 [INF] Executed DbCommand (1ms) [Parameters=[], CommandType='"Text"', CommandTimeout='30']
SELECT u."ID", u."Email", u."PasswordHash", u."RegisteredAt", u."Role", u."Username"
FROM "Users" AS u
2026-06-13 12:15:36.940 +00:00 [INF] Executing ObjectResult, writing value of type 'System.Collections.Generic.List`1[[API.DTO.UserDTO, API, Version=1.0.0.0, Culture=neutral, PublicKeyToken=null]]'.
2026-06-13 12:15:36.940 +00:00 [INF] Executing ObjectResult, writing value of type 'System.Collections.Generic.List`1[[API.DTO.UserDTO, API, Version=1.0.0.0, Culture=neutral, PublicKeyToken=null]]'.
2026-06-13 12:15:36.940 +00:00 [INF] Executed action API.Controllers.UserController.Get (API) in 2.1195ms
2026-06-13 12:15:36.940 +00:00 [INF] Executed action API.Controllers.UserController.Get (API) in 2.2953ms
2026-06-13 12:15:36.940 +00:00 [INF] Executed endpoint 'API.Controllers.UserController.Get (API)'
2026-06-13 12:15:36.940 +00:00 [INF] Executed endpoint 'API.Controllers.UserController.Get (API)'
2026-06-13 12:15:36.941 +00:00 [INF] Request finished HTTP/1.1 GET http://192.168.1.6:8080/api/user?page=1&limit=10 - 200 null application/json; charset=utf-8 9.5729ms
2026-06-13 12:15:36.941 +00:00 [INF] Request finished HTTP/1.1 GET http://192.168.1.6:8080/api/user - 200 null application/json; charset=utf-8 9.6757ms
2026-06-13 12:15:46.683 +00:00 [INF] Request starting HTTP/1.1 OPTIONS http://192.168.1.6:8080/api/password/generate-password - null null
2026-06-13 12:15:46.684 +00:00 [INF] CORS policy execution successful.
2026-06-13 12:15:46.684 +00:00 [INF] Request finished HTTP/1.1 OPTIONS http://192.168.1.6:8080/api/password/generate-password - 204 null null 1.1595ms
2026-06-13 12:15:46.685 +00:00 [INF] Request starting HTTP/1.1 POST http://192.168.1.6:8080/api/password/generate-password - application/json 43
2026-06-13 12:15:46.686 +00:00 [INF] CORS policy execution successful.
2026-06-13 12:15:46.686 +00:00 [INF] ====== OnMessageReceived START ======
2026-06-13 12:15:46.686 +00:00 [INF] Available cookies: 2
2026-06-13 12:15:46.686 +00:00 [INF] Cookie: adminToken = 844 chars
2026-06-13 12:15:46.686 +00:00 [INF] Cookie: adminRefreshToken = 44 chars
2026-06-13 12:15:46.686 +00:00 [INF] Admin token found in cookies, length: 844
2026-06-13 12:15:46.687 +00:00 [INF] Admin token set in context
2026-06-13 12:15:46.687 +00:00 [INF] ====== OnMessageReceived END - Token set: true ======
2026-06-13 12:15:46.687 +00:00 [INF] Token validated successfully for user: lengyelnorbi
2026-06-13 12:15:46.687 +00:00 [INF] Device fingerprint headers - UA: Mozilla/5.0 (Windows NT 10.0; Win64; x64; rv:151.0) Gecko/20100101 Firefox/151.0, Accept: */*, Encoding: gzip, deflate
2026-06-13 12:15:46.687 +00:00 [INF] Device fingerprint validation: Stored=/a2uf4z8rcBIhIr7KGbd6aahMr80Bhj+9uyLiYNZ66A=, Current=/a2uf4z8rcBIhIr7KGbd6aahMr80Bhj+9uyLiYNZ66A=
2026-06-13 12:15:46.690 +00:00 [INF] Executed DbCommand (1ms) [Parameters=[@__jti_0='?', @__userId_1='?' (DbType = Int32)], CommandType='"Text"', CommandTimeout='30']
SELECT a."ID", a."CreatedAt", a."DeviceFingerprint", a."ExpiresAt", a."IpAddress", a."IsRevoked", a."UserID", a.jti
FROM "AccessTokens" AS a
WHERE a.jti = @__jti_0 AND a."UserID" = @__userId_1 AND NOT (a."IsRevoked") AND a."ExpiresAt" > now()
LIMIT 1
2026-06-13 12:15:46.692 +00:00 [INF] Executing endpoint 'API.Controllers.PasswordController.GeneratePassword (API)'
2026-06-13 12:15:46.694 +00:00 [INF] Route matched with {action = "GeneratePassword", controller = "Password"}. Executing controller action with signature System.Threading.Tasks.Task`1[Microsoft.AspNetCore.Mvc.IActionResult] GeneratePassword(API.Models.RequestModels.GeneratePwdRequest) on controller API.Controllers.PasswordController (API).
2026-06-13 12:15:46.697 +00:00 [INF] Executing OkObjectResult, writing value of type '<>f__AnonymousType4`1[[System.String, System.Private.CoreLib, Version=9.0.0.0, Culture=neutral, PublicKeyToken=7cec85d7bea7798e]]'.
2026-06-13 12:15:46.698 +00:00 [INF] Executed action API.Controllers.PasswordController.GeneratePassword (API) in 3.1818ms
2026-06-13 12:15:46.698 +00:00 [INF] Executed endpoint 'API.Controllers.PasswordController.GeneratePassword (API)'
2026-06-13 12:15:46.698 +00:00 [INF] Request finished HTTP/1.1 POST http://192.168.1.6:8080/api/password/generate-password - 200 null application/json; charset=utf-8 12.6754ms
2026-06-13 12:16:12.056 +00:00 [INF] Request starting HTTP/1.1 OPTIONS http://192.168.1.6:8080/api/password/generate-password - null null
2026-06-13 12:16:12.056 +00:00 [INF] CORS policy execution successful.
2026-06-13 12:16:12.057 +00:00 [INF] Request finished HTTP/1.1 OPTIONS http://192.168.1.6:8080/api/password/generate-password - 204 null null 0.62ms
2026-06-13 12:16:12.062 +00:00 [INF] Request starting HTTP/1.1 POST http://192.168.1.6:8080/api/password/generate-password - application/json 43
2026-06-13 12:16:12.062 +00:00 [INF] CORS policy execution successful.
2026-06-13 12:16:12.062 +00:00 [INF] ====== OnMessageReceived START ======
2026-06-13 12:16:12.062 +00:00 [INF] Available cookies: 2
2026-06-13 12:16:12.062 +00:00 [INF] Cookie: adminToken = 844 chars
2026-06-13 12:16:12.063 +00:00 [INF] Cookie: adminRefreshToken = 44 chars
2026-06-13 12:16:12.063 +00:00 [INF] Admin token found in cookies, length: 844
2026-06-13 12:16:12.063 +00:00 [INF] Admin token set in context
2026-06-13 12:16:12.063 +00:00 [INF] ====== OnMessageReceived END - Token set: true ======
2026-06-13 12:16:12.063 +00:00 [INF] Token validated successfully for user: lengyelnorbi
2026-06-13 12:16:12.064 +00:00 [INF] Device fingerprint headers - UA: Mozilla/5.0 (Windows NT 10.0; Win64; x64; rv:151.0) Gecko/20100101 Firefox/151.0, Accept: */*, Encoding: gzip, deflate
2026-06-13 12:16:12.064 +00:00 [INF] Device fingerprint validation: Stored=/a2uf4z8rcBIhIr7KGbd6aahMr80Bhj+9uyLiYNZ66A=, Current=/a2uf4z8rcBIhIr7KGbd6aahMr80Bhj+9uyLiYNZ66A=
2026-06-13 12:16:12.066 +00:00 [INF] Executed DbCommand (1ms) [Parameters=[@__jti_0='?', @__userId_1='?' (DbType = Int32)], CommandType='"Text"', CommandTimeout='30']
SELECT a."ID", a."CreatedAt", a."DeviceFingerprint", a."ExpiresAt", a."IpAddress", a."IsRevoked", a."UserID", a.jti
FROM "AccessTokens" AS a
WHERE a.jti = @__jti_0 AND a."UserID" = @__userId_1 AND NOT (a."IsRevoked") AND a."ExpiresAt" > now()
LIMIT 1
2026-06-13 12:16:12.067 +00:00 [INF] Executing endpoint 'API.Controllers.PasswordController.GeneratePassword (API)'
2026-06-13 12:16:12.067 +00:00 [INF] Route matched with {action = "GeneratePassword", controller = "Password"}. Executing controller action with signature System.Threading.Tasks.Task`1[Microsoft.AspNetCore.Mvc.IActionResult] GeneratePassword(API.Models.RequestModels.GeneratePwdRequest) on controller API.Controllers.PasswordController (API).
2026-06-13 12:16:12.068 +00:00 [INF] Executing OkObjectResult, writing value of type '<>f__AnonymousType4`1[[System.String, System.Private.CoreLib, Version=9.0.0.0, Culture=neutral, PublicKeyToken=7cec85d7bea7798e]]'.
2026-06-13 12:16:12.068 +00:00 [INF] Executed action API.Controllers.PasswordController.GeneratePassword (API) in 0.7489ms
2026-06-13 12:16:12.069 +00:00 [INF] Executed endpoint 'API.Controllers.PasswordController.GeneratePassword (API)'
2026-06-13 12:16:12.069 +00:00 [INF] Request finished HTTP/1.1 POST http://192.168.1.6:8080/api/password/generate-password - 200 null application/json; charset=utf-8 7.1426ms
2026-06-13 12:17:11.941 +00:00 [INF] Request starting HTTP/1.1 OPTIONS http://192.168.1.6:8080/api/password/generate-password - null null
2026-06-13 12:17:11.941 +00:00 [INF] CORS policy execution successful.
2026-06-13 12:17:11.942 +00:00 [INF] Request finished HTTP/1.1 OPTIONS http://192.168.1.6:8080/api/password/generate-password - 204 null null 0.6054ms
2026-06-13 12:17:11.946 +00:00 [INF] Request starting HTTP/1.1 POST http://192.168.1.6:8080/api/password/generate-password - application/json 43
2026-06-13 12:17:11.946 +00:00 [INF] CORS policy execution successful.
2026-06-13 12:17:11.946 +00:00 [INF] ====== OnMessageReceived START ======
2026-06-13 12:17:11.947 +00:00 [INF] Available cookies: 2
2026-06-13 12:17:11.947 +00:00 [INF] Cookie: adminToken = 844 chars
2026-06-13 12:17:11.947 +00:00 [INF] Cookie: adminRefreshToken = 44 chars
2026-06-13 12:17:11.947 +00:00 [INF] Admin token found in cookies, length: 844
2026-06-13 12:17:11.947 +00:00 [INF] Admin token set in context
2026-06-13 12:17:11.947 +00:00 [INF] ====== OnMessageReceived END - Token set: true ======
2026-06-13 12:17:11.948 +00:00 [INF] Token validated successfully for user: lengyelnorbi
2026-06-13 12:17:11.948 +00:00 [INF] Device fingerprint headers - UA: Mozilla/5.0 (Windows NT 10.0; Win64; x64; rv:151.0) Gecko/20100101 Firefox/151.0, Accept: */*, Encoding: gzip, deflate
2026-06-13 12:17:11.948 +00:00 [INF] Device fingerprint validation: Stored=/a2uf4z8rcBIhIr7KGbd6aahMr80Bhj+9uyLiYNZ66A=, Current=/a2uf4z8rcBIhIr7KGbd6aahMr80Bhj+9uyLiYNZ66A=
2026-06-13 12:17:11.950 +00:00 [INF] Executed DbCommand (1ms) [Parameters=[@__jti_0='?', @__userId_1='?' (DbType = Int32)], CommandType='"Text"', CommandTimeout='30']
SELECT a."ID", a."CreatedAt", a."DeviceFingerprint", a."ExpiresAt", a."IpAddress", a."IsRevoked", a."UserID", a.jti
FROM "AccessTokens" AS a
WHERE a.jti = @__jti_0 AND a."UserID" = @__userId_1 AND NOT (a."IsRevoked") AND a."ExpiresAt" > now()
LIMIT 1
2026-06-13 12:17:11.951 +00:00 [INF] Executing endpoint 'API.Controllers.PasswordController.GeneratePassword (API)'
2026-06-13 12:17:11.951 +00:00 [INF] Route matched with {action = "GeneratePassword", controller = "Password"}. Executing controller action with signature System.Threading.Tasks.Task`1[Microsoft.AspNetCore.Mvc.IActionResult] GeneratePassword(API.Models.RequestModels.GeneratePwdRequest) on controller API.Controllers.PasswordController (API).
2026-06-13 12:17:11.952 +00:00 [INF] Executing OkObjectResult, writing value of type '<>f__AnonymousType4`1[[System.String, System.Private.CoreLib, Version=9.0.0.0, Culture=neutral, PublicKeyToken=7cec85d7bea7798e]]'.
2026-06-13 12:17:11.952 +00:00 [INF] Executed action API.Controllers.PasswordController.GeneratePassword (API) in 0.4078ms
2026-06-13 12:17:11.952 +00:00 [INF] Executed endpoint 'API.Controllers.PasswordController.GeneratePassword (API)'
2026-06-13 12:17:11.952 +00:00 [INF] Request finished HTTP/1.1 POST http://192.168.1.6:8080/api/password/generate-password - 200 null application/json; charset=utf-8 6.2436ms
2026-06-13 12:20:00.175 +00:00 [INF] Request starting HTTP/1.1 OPTIONS http://192.168.1.6:8080/api/auth/refresh - null null
2026-06-13 12:20:00.175 +00:00 [INF] CORS policy execution successful.
2026-06-13 12:20:00.176 +00:00 [INF] Request finished HTTP/1.1 OPTIONS http://192.168.1.6:8080/api/auth/refresh - 204 null null 0.6566ms
2026-06-13 12:20:00.178 +00:00 [INF] Request starting HTTP/1.1 POST http://192.168.1.6:8080/api/auth/refresh - application/json 18
2026-06-13 12:20:00.179 +00:00 [INF] CORS policy execution successful.
2026-06-13 12:20:00.179 +00:00 [INF] ====== OnMessageReceived START ======
2026-06-13 12:20:00.179 +00:00 [INF] Available cookies: 2
2026-06-13 12:20:00.179 +00:00 [INF] Cookie: adminToken = 844 chars
2026-06-13 12:20:00.180 +00:00 [INF] Cookie: adminRefreshToken = 44 chars
2026-06-13 12:20:00.180 +00:00 [INF] Admin token found in cookies, length: 844
2026-06-13 12:20:00.180 +00:00 [INF] Admin token set in context
2026-06-13 12:20:00.180 +00:00 [INF] ====== OnMessageReceived END - Token set: true ======
2026-06-13 12:20:00.180 +00:00 [INF] Token validated successfully for user: lengyelnorbi
2026-06-13 12:20:00.180 +00:00 [INF] Device fingerprint headers - UA: Mozilla/5.0 (Windows NT 10.0; Win64; x64; rv:151.0) Gecko/20100101 Firefox/151.0, Accept: */*, Encoding: gzip, deflate
2026-06-13 12:20:00.181 +00:00 [INF] Device fingerprint validation: Stored=/a2uf4z8rcBIhIr7KGbd6aahMr80Bhj+9uyLiYNZ66A=, Current=/a2uf4z8rcBIhIr7KGbd6aahMr80Bhj+9uyLiYNZ66A=
2026-06-13 12:20:00.183 +00:00 [INF] Executed DbCommand (1ms) [Parameters=[@__jti_0='?', @__userId_1='?' (DbType = Int32)], CommandType='"Text"', CommandTimeout='30']
SELECT a."ID", a."CreatedAt", a."DeviceFingerprint", a."ExpiresAt", a."IpAddress", a."IsRevoked", a."UserID", a.jti
FROM "AccessTokens" AS a
WHERE a.jti = @__jti_0 AND a."UserID" = @__userId_1 AND NOT (a."IsRevoked") AND a."ExpiresAt" > now()
LIMIT 1
2026-06-13 12:20:00.183 +00:00 [INF] Executing endpoint 'API.Controllers.AuthController.RefreshToken (API)'
2026-06-13 12:20:00.185 +00:00 [INF] Route matched with {action = "RefreshToken", controller = "Auth"}. Executing controller action with signature System.Threading.Tasks.Task`1[Microsoft.AspNetCore.Mvc.IActionResult] RefreshToken(API.Models.RequestModels.RefreshRequest) on controller API.Controllers.AuthController (API).
2026-06-13 12:20:00.187 +00:00 [INF] Token refresh attempt at "2026-06-13T12:20:00.1877649Z"
2026-06-13 12:20:00.187 +00:00 [INF] Refreshing admin token at "2026-06-13T12:20:00.1879326Z"
2026-06-13 12:20:00.196 +00:00 [INF] Executed DbCommand (4ms) [Parameters=[@__tokenHash_0='?'], CommandType='"Text"', CommandTimeout='30']
SELECT r."ID", r."CreatedAt", r."DeviceFingerprint", r."ExpiresAt", r."IpAddress", r."IsRevoked", r."TokenHash", r."UserID"
FROM "RefreshTokens" AS r
WHERE r."TokenHash" = @__tokenHash_0 AND NOT (r."IsRevoked") AND r."ExpiresAt" > now()
ORDER BY r."CreatedAt" DESC
LIMIT 1
2026-06-13 12:20:00.197 +00:00 [INF] Mozilla/5.0 (Windows NT 10.0; Win64; x64; rv:151.0) Gecko/20100101 Firefox/151.0
2026-06-13 12:20:00.198 +00:00 [INF] Fetching user by ID from database...
2026-06-13 12:20:00.201 +00:00 [INF] Executed DbCommand (1ms) [Parameters=[@__id_0='?' (DbType = Int32)], CommandType='"Text"', CommandTimeout='30']
SELECT u."ID", u."Email", u."PasswordHash", u."RegisteredAt", u."Role", u."Username"
FROM "Users" AS u
WHERE u."ID" = @__id_0
LIMIT 1
2026-06-13 12:20:00.206 +00:00 [INF] Executed DbCommand (3ms) [Parameters=[@p0='?' (DbType = DateTime), @p1='?', @p2='?' (DbType = DateTime), @p3='?', @p4='?' (DbType = Int32), @p5='?'], CommandType='"Text"', CommandTimeout='30']
INSERT INTO "AccessTokens" ("CreatedAt", "DeviceFingerprint", "ExpiresAt", "IpAddress", "UserID", jti)
VALUES (@p0, @p1, @p2, @p3, @p4, @p5)
RETURNING "ID", "IsRevoked";
2026-06-13 12:20:00.210 +00:00 [INF] Executed DbCommand (1ms) [Parameters=[@__jti_0='?', @__userID_1='?' (DbType = Int32), @__deviceFingerprint_2='?', @__ipAddress_3='?'], CommandType='"Text"', CommandTimeout='30']
SELECT a."ID", a."CreatedAt", a."DeviceFingerprint", a."ExpiresAt", a."IpAddress", a."IsRevoked", a."UserID", a.jti
FROM "AccessTokens" AS a
WHERE a.jti = @__jti_0 AND a."UserID" = @__userID_1 AND a."DeviceFingerprint" = @__deviceFingerprint_2 AND a."IpAddress" = @__ipAddress_3
LIMIT 1
2026-06-13 12:20:00.210 +00:00 [INF] Attempting to revoke access token with jti ac260209-5f9a-439a-a7bc-6e42f30f7db7 for user 1 from device /a2uf4z8rcBIhIr7KGbd6aahMr80Bhj+9uyLiYNZ66A= and IP ::ffff:172.20.0.1
2026-06-13 12:20:00.210 +00:00 [INF] Access token found: API.Models.AccessToken
2026-06-13 12:20:00.215 +00:00 [INF] Executed DbCommand (3ms) [Parameters=[@p1='?' (DbType = Int32), @p0='?' (DbType = Boolean)], CommandType='"Text"', CommandTimeout='30']
UPDATE "AccessTokens" SET "IsRevoked" = @p0
WHERE "ID" = @p1;
2026-06-13 12:20:00.216 +00:00 [INF] Access token AccessToken for user 1 revoked: true
2026-06-13 12:20:00.218 +00:00 [INF] Executed DbCommand (2ms) [Parameters=[@p0='?' (DbType = DateTime), @p1='?', @p2='?' (DbType = DateTime), @p3='?', @p4='?', @p5='?' (DbType = Int32)], CommandType='"Text"', CommandTimeout='30']
INSERT INTO "RefreshTokens" ("CreatedAt", "DeviceFingerprint", "ExpiresAt", "IpAddress", "TokenHash", "UserID")
VALUES (@p0, @p1, @p2, @p3, @p4, @p5)
RETURNING "ID", "IsRevoked";
2026-06-13 12:20:00.223 +00:00 [INF] Executed DbCommand (2ms) [Parameters=[@__tokenHash_0='?', @__userId_1='?' (DbType = Int32), @__deviceFingerprint_2='?', @__ipAddress_3='?'], CommandType='"Text"', CommandTimeout='30']
SELECT r."ID", r."CreatedAt", r."DeviceFingerprint", r."ExpiresAt", r."IpAddress", r."IsRevoked", r."TokenHash", r."UserID"
FROM "RefreshTokens" AS r
WHERE r."TokenHash" = @__tokenHash_0 AND r."UserID" = @__userId_1 AND r."DeviceFingerprint" = @__deviceFingerprint_2 AND r."IpAddress" = @__ipAddress_3
LIMIT 1
2026-06-13 12:20:00.226 +00:00 [INF] Executed DbCommand (2ms) [Parameters=[@p1='?' (DbType = Int32), @p0='?' (DbType = Boolean)], CommandType='"Text"', CommandTimeout='30']
UPDATE "RefreshTokens" SET "IsRevoked" = @p0
WHERE "ID" = @p1;
2026-06-13 12:20:00.226 +00:00 [INF] Refresh token utEH1GVMqmukzprYApqia5NG+djlf9YNrGlil+LqTQk= for user 1 revoked: true
2026-06-13 12:20:00.227 +00:00 [INF] Token refreshed successfully for user 1 at "2026-06-13T12:20:00.2270574Z"
2026-06-13 12:20:00.227 +00:00 [INF] Executing OkObjectResult, writing value of type '<>f__AnonymousType3`2[[System.Boolean, System.Private.CoreLib, Version=9.0.0.0, Culture=neutral, PublicKeyToken=7cec85d7bea7798e],[System.Int32, System.Private.CoreLib, Version=9.0.0.0, Culture=neutral, PublicKeyToken=7cec85d7bea7798e]]'.
2026-06-13 12:20:00.228 +00:00 [INF] Executed action API.Controllers.AuthController.RefreshToken (API) in 42.7345ms
2026-06-13 12:20:00.228 +00:00 [INF] Executed endpoint 'API.Controllers.AuthController.RefreshToken (API)'
2026-06-13 12:20:00.229 +00:00 [INF] Request finished HTTP/1.1 POST http://192.168.1.6:8080/api/auth/refresh - 200 null application/json; charset=utf-8 50.5172ms
2026-06-13 12:21:21.165 +00:00 [INF] Request starting HTTP/1.1 GET http://192.168.1.6:8080/api/user?page=1&limit=10 - null null
2026-06-13 12:21:21.165 +00:00 [INF] CORS policy execution successful.
2026-06-13 12:21:21.165 +00:00 [INF] ====== OnMessageReceived START ======
2026-06-13 12:21:21.166 +00:00 [INF] Available cookies: 2
2026-06-13 12:21:21.166 +00:00 [INF] Cookie: adminToken = 844 chars
2026-06-13 12:21:21.166 +00:00 [INF] Cookie: adminRefreshToken = 44 chars
2026-06-13 12:21:21.166 +00:00 [INF] Admin token found in cookies, length: 844
2026-06-13 12:21:21.167 +00:00 [INF] Admin token set in context
2026-06-13 12:21:21.167 +00:00 [INF] ====== OnMessageReceived END - Token set: true ======
2026-06-13 12:21:21.167 +00:00 [INF] Request starting HTTP/1.1 GET http://192.168.1.6:8080/api/user - null null
2026-06-13 12:21:21.167 +00:00 [INF] CORS policy execution successful.
2026-06-13 12:21:21.167 +00:00 [INF] Token validated successfully for user: lengyelnorbi
2026-06-13 12:21:21.167 +00:00 [INF] ====== OnMessageReceived START ======
2026-06-13 12:21:21.167 +00:00 [INF] Device fingerprint headers - UA: Mozilla/5.0 (Windows NT 10.0; Win64; x64; rv:151.0) Gecko/20100101 Firefox/151.0, Accept: application/json, text/plain, */*, Encoding: gzip, deflate
2026-06-13 12:21:21.168 +00:00 [INF] Available cookies: 2
2026-06-13 12:21:21.168 +00:00 [INF] Device fingerprint validation: Stored=/a2uf4z8rcBIhIr7KGbd6aahMr80Bhj+9uyLiYNZ66A=, Current=/a2uf4z8rcBIhIr7KGbd6aahMr80Bhj+9uyLiYNZ66A=
2026-06-13 12:21:21.168 +00:00 [INF] Cookie: adminToken = 844 chars
2026-06-13 12:21:21.168 +00:00 [INF] Cookie: adminRefreshToken = 44 chars
2026-06-13 12:21:21.168 +00:00 [INF] Admin token found in cookies, length: 844
2026-06-13 12:21:21.169 +00:00 [INF] Admin token set in context
2026-06-13 12:21:21.169 +00:00 [INF] ====== OnMessageReceived END - Token set: true ======
2026-06-13 12:21:21.169 +00:00 [INF] Token validated successfully for user: lengyelnorbi
2026-06-13 12:21:21.169 +00:00 [INF] Device fingerprint headers - UA: Mozilla/5.0 (Windows NT 10.0; Win64; x64; rv:151.0) Gecko/20100101 Firefox/151.0, Accept: application/json, text/plain, */*, Encoding: gzip, deflate
2026-06-13 12:21:21.170 +00:00 [INF] Device fingerprint validation: Stored=/a2uf4z8rcBIhIr7KGbd6aahMr80Bhj+9uyLiYNZ66A=, Current=/a2uf4z8rcBIhIr7KGbd6aahMr80Bhj+9uyLiYNZ66A=
2026-06-13 12:21:21.180 +00:00 [INF] Executed DbCommand (2ms) [Parameters=[@__jti_0='?', @__userId_1='?' (DbType = Int32)], CommandType='"Text"', CommandTimeout='30']
SELECT a."ID", a."CreatedAt", a."DeviceFingerprint", a."ExpiresAt", a."IpAddress", a."IsRevoked", a."UserID", a.jti
FROM "AccessTokens" AS a
WHERE a.jti = @__jti_0 AND a."UserID" = @__userId_1 AND NOT (a."IsRevoked") AND a."ExpiresAt" > now()
LIMIT 1
2026-06-13 12:21:21.180 +00:00 [INF] Executed DbCommand (2ms) [Parameters=[@__jti_0='?', @__userId_1='?' (DbType = Int32)], CommandType='"Text"', CommandTimeout='30']
SELECT a."ID", a."CreatedAt", a."DeviceFingerprint", a."ExpiresAt", a."IpAddress", a."IsRevoked", a."UserID", a.jti
FROM "AccessTokens" AS a
WHERE a.jti = @__jti_0 AND a."UserID" = @__userId_1 AND NOT (a."IsRevoked") AND a."ExpiresAt" > now()
LIMIT 1
2026-06-13 12:21:21.181 +00:00 [INF] Executing endpoint 'API.Controllers.UserController.Get (API)'
2026-06-13 12:21:21.181 +00:00 [INF] Executing endpoint 'API.Controllers.UserController.Get (API)'
2026-06-13 12:21:21.181 +00:00 [INF] Route matched with {action = "Get", controller = "User"}. Executing controller action with signature System.Threading.Tasks.Task`1[System.Collections.Generic.IEnumerable`1[API.DTO.UserDTO]] Get() on controller API.Controllers.UserController (API).
2026-06-13 12:21:21.181 +00:00 [INF] Route matched with {action = "Get", controller = "User"}. Executing controller action with signature System.Threading.Tasks.Task`1[System.Collections.Generic.IEnumerable`1[API.DTO.UserDTO]] Get() on controller API.Controllers.UserController (API).
2026-06-13 12:21:21.181 +00:00 [INF] Fetching user data from database...
2026-06-13 12:21:21.181 +00:00 [INF] Fetching user data from database...
2026-06-13 12:21:21.183 +00:00 [INF] Executed DbCommand (1ms) [Parameters=[], CommandType='"Text"', CommandTimeout='30']
SELECT u."ID", u."Email", u."PasswordHash", u."RegisteredAt", u."Role", u."Username"
FROM "Users" AS u
2026-06-13 12:21:21.183 +00:00 [INF] Executed DbCommand (1ms) [Parameters=[], CommandType='"Text"', CommandTimeout='30']
SELECT u."ID", u."Email", u."PasswordHash", u."RegisteredAt", u."Role", u."Username"
FROM "Users" AS u
2026-06-13 12:21:21.183 +00:00 [INF] Executing ObjectResult, writing value of type 'System.Collections.Generic.List`1[[API.DTO.UserDTO, API, Version=1.0.0.0, Culture=neutral, PublicKeyToken=null]]'.
2026-06-13 12:21:21.183 +00:00 [INF] Executing ObjectResult, writing value of type 'System.Collections.Generic.List`1[[API.DTO.UserDTO, API, Version=1.0.0.0, Culture=neutral, PublicKeyToken=null]]'.
2026-06-13 12:21:21.183 +00:00 [INF] Executed action API.Controllers.UserController.Get (API) in 2.38ms
2026-06-13 12:21:21.183 +00:00 [INF] Executed action API.Controllers.UserController.Get (API) in 2.2963ms
2026-06-13 12:21:21.184 +00:00 [INF] Executed endpoint 'API.Controllers.UserController.Get (API)'
2026-06-13 12:21:21.184 +00:00 [INF] Executed endpoint 'API.Controllers.UserController.Get (API)'
2026-06-13 12:21:21.184 +00:00 [INF] Request finished HTTP/1.1 GET http://192.168.1.6:8080/api/user?page=1&limit=10 - 200 null application/json; charset=utf-8 19.2621ms
2026-06-13 12:21:21.184 +00:00 [INF] Request finished HTTP/1.1 GET http://192.168.1.6:8080/api/user - 200 null application/json; charset=utf-8 17.2554ms
2026-06-13 12:23:18.376 +00:00 [INF] Request starting HTTP/1.1 GET http://192.168.1.6:8080/api/user?page=1&limit=10 - null null
2026-06-13 12:23:18.376 +00:00 [INF] CORS policy execution successful.
2026-06-13 12:23:18.377 +00:00 [INF] ====== OnMessageReceived START ======
2026-06-13 12:23:18.377 +00:00 [INF] Available cookies: 2
2026-06-13 12:23:18.377 +00:00 [INF] Cookie: adminToken = 844 chars
2026-06-13 12:23:18.377 +00:00 [INF] Cookie: adminRefreshToken = 44 chars
2026-06-13 12:23:18.377 +00:00 [INF] Admin token found in cookies, length: 844
2026-06-13 12:23:18.377 +00:00 [INF] Admin token set in context
2026-06-13 12:23:18.378 +00:00 [INF] ====== OnMessageReceived END - Token set: true ======
2026-06-13 12:23:18.378 +00:00 [INF] Token validated successfully for user: lengyelnorbi
2026-06-13 12:23:18.378 +00:00 [INF] Device fingerprint headers - UA: Mozilla/5.0 (Windows NT 10.0; Win64; x64; rv:151.0) Gecko/20100101 Firefox/151.0, Accept: application/json, text/plain, */*, Encoding: gzip, deflate
2026-06-13 12:23:18.378 +00:00 [INF] Device fingerprint validation: Stored=/a2uf4z8rcBIhIr7KGbd6aahMr80Bhj+9uyLiYNZ66A=, Current=/a2uf4z8rcBIhIr7KGbd6aahMr80Bhj+9uyLiYNZ66A=
2026-06-13 12:23:18.382 +00:00 [INF] Executed DbCommand (2ms) [Parameters=[@__jti_0='?', @__userId_1='?' (DbType = Int32)], CommandType='"Text"', CommandTimeout='30']
SELECT a."ID", a."CreatedAt", a."DeviceFingerprint", a."ExpiresAt", a."IpAddress", a."IsRevoked", a."UserID", a.jti
FROM "AccessTokens" AS a
WHERE a.jti = @__jti_0 AND a."UserID" = @__userId_1 AND NOT (a."IsRevoked") AND a."ExpiresAt" > now()
LIMIT 1
2026-06-13 12:23:18.382 +00:00 [INF] Executing endpoint 'API.Controllers.UserController.Get (API)'
2026-06-13 12:23:18.382 +00:00 [INF] Route matched with {action = "Get", controller = "User"}. Executing controller action with signature System.Threading.Tasks.Task`1[System.Collections.Generic.IEnumerable`1[API.DTO.UserDTO]] Get() on controller API.Controllers.UserController (API).
2026-06-13 12:23:18.382 +00:00 [INF] Fetching user data from database...
2026-06-13 12:23:18.384 +00:00 [INF] Executed DbCommand (1ms) [Parameters=[], CommandType='"Text"', CommandTimeout='30']
SELECT u."ID", u."Email", u."PasswordHash", u."RegisteredAt", u."Role", u."Username"
FROM "Users" AS u
2026-06-13 12:23:18.384 +00:00 [INF] Executing ObjectResult, writing value of type 'System.Collections.Generic.List`1[[API.DTO.UserDTO, API, Version=1.0.0.0, Culture=neutral, PublicKeyToken=null]]'.
2026-06-13 12:23:18.385 +00:00 [INF] Executed action API.Controllers.UserController.Get (API) in 2.2595ms
2026-06-13 12:23:18.385 +00:00 [INF] Executed endpoint 'API.Controllers.UserController.Get (API)'
2026-06-13 12:23:18.385 +00:00 [INF] Request finished HTTP/1.1 GET http://192.168.1.6:8080/api/user?page=1&limit=10 - 200 null application/json; charset=utf-8 9.3646ms
2026-06-13 12:23:18.392 +00:00 [INF] Request starting HTTP/1.1 GET http://192.168.1.6:8080/api/user - null null
2026-06-13 12:23:18.393 +00:00 [INF] CORS policy execution successful.
2026-06-13 12:23:18.393 +00:00 [INF] ====== OnMessageReceived START ======
2026-06-13 12:23:18.393 +00:00 [INF] Available cookies: 2
2026-06-13 12:23:18.393 +00:00 [INF] Cookie: adminToken = 844 chars
2026-06-13 12:23:18.393 +00:00 [INF] Cookie: adminRefreshToken = 44 chars
2026-06-13 12:23:18.394 +00:00 [INF] Admin token found in cookies, length: 844
2026-06-13 12:23:18.394 +00:00 [INF] Admin token set in context
2026-06-13 12:23:18.394 +00:00 [INF] ====== OnMessageReceived END - Token set: true ======
2026-06-13 12:23:18.394 +00:00 [INF] Token validated successfully for user: lengyelnorbi
2026-06-13 12:23:18.394 +00:00 [INF] Device fingerprint headers - UA: Mozilla/5.0 (Windows NT 10.0; Win64; x64; rv:151.0) Gecko/20100101 Firefox/151.0, Accept: application/json, text/plain, */*, Encoding: gzip, deflate
2026-06-13 12:23:18.394 +00:00 [INF] Device fingerprint validation: Stored=/a2uf4z8rcBIhIr7KGbd6aahMr80Bhj+9uyLiYNZ66A=, Current=/a2uf4z8rcBIhIr7KGbd6aahMr80Bhj+9uyLiYNZ66A=
2026-06-13 12:23:18.396 +00:00 [INF] Executed DbCommand (1ms) [Parameters=[@__jti_0='?', @__userId_1='?' (DbType = Int32)], CommandType='"Text"', CommandTimeout='30']
SELECT a."ID", a."CreatedAt", a."DeviceFingerprint", a."ExpiresAt", a."IpAddress", a."IsRevoked", a."UserID", a.jti
FROM "AccessTokens" AS a
WHERE a.jti = @__jti_0 AND a."UserID" = @__userId_1 AND NOT (a."IsRevoked") AND a."ExpiresAt" > now()
LIMIT 1
2026-06-13 12:23:18.397 +00:00 [INF] Executing endpoint 'API.Controllers.UserController.Get (API)'
2026-06-13 12:23:18.397 +00:00 [INF] Route matched with {action = "Get", controller = "User"}. Executing controller action with signature System.Threading.Tasks.Task`1[System.Collections.Generic.IEnumerable`1[API.DTO.UserDTO]] Get() on controller API.Controllers.UserController (API).
2026-06-13 12:23:18.397 +00:00 [INF] Fetching user data from database...
2026-06-13 12:23:18.399 +00:00 [INF] Executed DbCommand (1ms) [Parameters=[], CommandType='"Text"', CommandTimeout='30']
SELECT u."ID", u."Email", u."PasswordHash", u."RegisteredAt", u."Role", u."Username"
FROM "Users" AS u
2026-06-13 12:23:18.399 +00:00 [INF] Executing ObjectResult, writing value of type 'System.Collections.Generic.List`1[[API.DTO.UserDTO, API, Version=1.0.0.0, Culture=neutral, PublicKeyToken=null]]'.
2026-06-13 12:23:18.400 +00:00 [INF] Executed action API.Controllers.UserController.Get (API) in 2.2665ms
2026-06-13 12:23:18.400 +00:00 [INF] Executed endpoint 'API.Controllers.UserController.Get (API)'
2026-06-13 12:23:18.400 +00:00 [INF] Request finished HTTP/1.1 GET http://192.168.1.6:8080/api/user - 200 null application/json; charset=utf-8 7.4677ms
2026-06-13 12:23:28.528 +00:00 [INF] Request starting HTTP/1.1 OPTIONS http://192.168.1.6:8080/api/password/generate-password - null null
2026-06-13 12:23:28.529 +00:00 [INF] CORS policy execution successful.
2026-06-13 12:23:28.529 +00:00 [INF] Request finished HTTP/1.1 OPTIONS http://192.168.1.6:8080/api/password/generate-password - 204 null null 0.6803ms
2026-06-13 12:23:28.531 +00:00 [INF] Request starting HTTP/1.1 POST http://192.168.1.6:8080/api/password/generate-password - application/json 67
2026-06-13 12:23:28.531 +00:00 [INF] CORS policy execution successful.
2026-06-13 12:23:28.531 +00:00 [INF] ====== OnMessageReceived START ======
2026-06-13 12:23:28.531 +00:00 [INF] Available cookies: 2
2026-06-13 12:23:28.531 +00:00 [INF] Cookie: adminToken = 844 chars
2026-06-13 12:23:28.532 +00:00 [INF] Cookie: adminRefreshToken = 44 chars
2026-06-13 12:23:28.532 +00:00 [INF] Admin token found in cookies, length: 844
2026-06-13 12:23:28.532 +00:00 [INF] Admin token set in context
2026-06-13 12:23:28.532 +00:00 [INF] ====== OnMessageReceived END - Token set: true ======
2026-06-13 12:23:28.532 +00:00 [INF] Token validated successfully for user: lengyelnorbi
2026-06-13 12:23:28.532 +00:00 [INF] Device fingerprint headers - UA: Mozilla/5.0 (Windows NT 10.0; Win64; x64; rv:151.0) Gecko/20100101 Firefox/151.0, Accept: */*, Encoding: gzip, deflate
2026-06-13 12:23:28.533 +00:00 [INF] Device fingerprint validation: Stored=/a2uf4z8rcBIhIr7KGbd6aahMr80Bhj+9uyLiYNZ66A=, Current=/a2uf4z8rcBIhIr7KGbd6aahMr80Bhj+9uyLiYNZ66A=
2026-06-13 12:23:28.535 +00:00 [INF] Executed DbCommand (1ms) [Parameters=[@__jti_0='?', @__userId_1='?' (DbType = Int32)], CommandType='"Text"', CommandTimeout='30']
SELECT a."ID", a."CreatedAt", a."DeviceFingerprint", a."ExpiresAt", a."IpAddress", a."IsRevoked", a."UserID", a.jti
FROM "AccessTokens" AS a
WHERE a.jti = @__jti_0 AND a."UserID" = @__userId_1 AND NOT (a."IsRevoked") AND a."ExpiresAt" > now()
LIMIT 1
2026-06-13 12:23:28.535 +00:00 [INF] Executing endpoint 'API.Controllers.PasswordController.GeneratePassword (API)'
2026-06-13 12:23:28.535 +00:00 [INF] Route matched with {action = "GeneratePassword", controller = "Password"}. Executing controller action with signature System.Threading.Tasks.Task`1[Microsoft.AspNetCore.Mvc.IActionResult] GeneratePassword(API.Models.RequestModels.GeneratePwdRequest) on controller API.Controllers.PasswordController (API).
2026-06-13 12:23:28.536 +00:00 [INF] Executing OkObjectResult, writing value of type '<>f__AnonymousType4`1[[System.String, System.Private.CoreLib, Version=9.0.0.0, Culture=neutral, PublicKeyToken=7cec85d7bea7798e]]'.
2026-06-13 12:23:28.536 +00:00 [INF] Executed action API.Controllers.PasswordController.GeneratePassword (API) in 0.746ms
2026-06-13 12:23:28.536 +00:00 [INF] Executed endpoint 'API.Controllers.PasswordController.GeneratePassword (API)'
2026-06-13 12:23:28.537 +00:00 [INF] Request finished HTTP/1.1 POST http://192.168.1.6:8080/api/password/generate-password - 200 null application/json; charset=utf-8 5.7892ms
2026-06-13 12:23:29.816 +00:00 [INF] Request starting HTTP/1.1 OPTIONS http://192.168.1.6:8080/admin/user - null null
2026-06-13 12:23:29.817 +00:00 [INF] CORS policy execution successful.
2026-06-13 12:23:29.817 +00:00 [INF] Request finished HTTP/1.1 OPTIONS http://192.168.1.6:8080/admin/user - 204 null null 0.7321ms
2026-06-13 12:23:29.819 +00:00 [INF] Request starting HTTP/1.1 POST http://192.168.1.6:8080/admin/user - application/json 109
2026-06-13 12:23:29.819 +00:00 [INF] CORS policy execution successful.
2026-06-13 12:23:29.819 +00:00 [INF] ====== OnMessageReceived START ======
2026-06-13 12:23:29.819 +00:00 [INF] Available cookies: 2
2026-06-13 12:23:29.819 +00:00 [INF] Cookie: adminToken = 844 chars
2026-06-13 12:23:29.819 +00:00 [INF] Cookie: adminRefreshToken = 44 chars
2026-06-13 12:23:29.820 +00:00 [INF] Admin token found in cookies, length: 844
2026-06-13 12:23:29.820 +00:00 [INF] Admin token set in context
2026-06-13 12:23:29.820 +00:00 [INF] ====== OnMessageReceived END - Token set: true ======
2026-06-13 12:23:29.820 +00:00 [INF] Token validated successfully for user: lengyelnorbi
2026-06-13 12:23:29.820 +00:00 [INF] Device fingerprint headers - UA: Mozilla/5.0 (Windows NT 10.0; Win64; x64; rv:151.0) Gecko/20100101 Firefox/151.0, Accept: */*, Encoding: gzip, deflate
2026-06-13 12:23:29.820 +00:00 [INF] Device fingerprint validation: Stored=/a2uf4z8rcBIhIr7KGbd6aahMr80Bhj+9uyLiYNZ66A=, Current=/a2uf4z8rcBIhIr7KGbd6aahMr80Bhj+9uyLiYNZ66A=
2026-06-13 12:23:29.823 +00:00 [INF] Executed DbCommand (1ms) [Parameters=[@__jti_0='?', @__userId_1='?' (DbType = Int32)], CommandType='"Text"', CommandTimeout='30']
SELECT a."ID", a."CreatedAt", a."DeviceFingerprint", a."ExpiresAt", a."IpAddress", a."IsRevoked", a."UserID", a.jti
FROM "AccessTokens" AS a
WHERE a.jti = @__jti_0 AND a."UserID" = @__userId_1 AND NOT (a."IsRevoked") AND a."ExpiresAt" > now()
LIMIT 1
2026-06-13 12:23:29.823 +00:00 [INF] Request finished HTTP/1.1 POST http://192.168.1.6:8080/admin/user - 404 0 null 4.701ms
2026-06-13 12:23:29.824 +00:00 [INF] Request reached the end of the middleware pipeline without being handled by application code. Request path: POST http://192.168.1.6:8080/admin/user, Response status code: 404
2026-06-13 12:24:30.254 +00:00 [INF] Request starting HTTP/1.1 OPTIONS http://192.168.1.6:8080/api/auth/refresh - null null
2026-06-13 12:24:30.255 +00:00 [INF] CORS policy execution successful.
2026-06-13 12:24:30.255 +00:00 [INF] Request finished HTTP/1.1 OPTIONS http://192.168.1.6:8080/api/auth/refresh - 204 null null 0.8129ms
2026-06-13 12:24:30.258 +00:00 [INF] Request starting HTTP/1.1 POST http://192.168.1.6:8080/api/auth/refresh - application/json 18
2026-06-13 12:24:30.259 +00:00 [INF] CORS policy execution successful.
2026-06-13 12:24:30.259 +00:00 [INF] ====== OnMessageReceived START ======
2026-06-13 12:24:30.260 +00:00 [INF] Available cookies: 2
2026-06-13 12:24:30.260 +00:00 [INF] Cookie: adminToken = 844 chars
2026-06-13 12:24:30.260 +00:00 [INF] Cookie: adminRefreshToken = 44 chars
2026-06-13 12:24:30.261 +00:00 [INF] Admin token found in cookies, length: 844
2026-06-13 12:24:30.261 +00:00 [INF] Admin token set in context
2026-06-13 12:24:30.261 +00:00 [INF] ====== OnMessageReceived END - Token set: true ======
2026-06-13 12:24:30.262 +00:00 [INF] Token validated successfully for user: lengyelnorbi
2026-06-13 12:24:30.262 +00:00 [INF] Device fingerprint headers - UA: Mozilla/5.0 (Windows NT 10.0; Win64; x64; rv:151.0) Gecko/20100101 Firefox/151.0, Accept: */*, Encoding: gzip, deflate
2026-06-13 12:24:30.262 +00:00 [INF] Device fingerprint validation: Stored=/a2uf4z8rcBIhIr7KGbd6aahMr80Bhj+9uyLiYNZ66A=, Current=/a2uf4z8rcBIhIr7KGbd6aahMr80Bhj+9uyLiYNZ66A=
2026-06-13 12:24:30.267 +00:00 [INF] Executed DbCommand (3ms) [Parameters=[@__jti_0='?', @__userId_1='?' (DbType = Int32)], CommandType='"Text"', CommandTimeout='30']
SELECT a."ID", a."CreatedAt", a."DeviceFingerprint", a."ExpiresAt", a."IpAddress", a."IsRevoked", a."UserID", a.jti
FROM "AccessTokens" AS a
WHERE a.jti = @__jti_0 AND a."UserID" = @__userId_1 AND NOT (a."IsRevoked") AND a."ExpiresAt" > now()
LIMIT 1
2026-06-13 12:24:30.268 +00:00 [INF] Executing endpoint 'API.Controllers.AuthController.RefreshToken (API)'
2026-06-13 12:24:30.268 +00:00 [INF] Route matched with {action = "RefreshToken", controller = "Auth"}. Executing controller action with signature System.Threading.Tasks.Task`1[Microsoft.AspNetCore.Mvc.IActionResult] RefreshToken(API.Models.RequestModels.RefreshRequest) on controller API.Controllers.AuthController (API).
2026-06-13 12:24:30.269 +00:00 [INF] Token refresh attempt at "2026-06-13T12:24:30.2692785Z"
2026-06-13 12:24:30.269 +00:00 [INF] Refreshing admin token at "2026-06-13T12:24:30.2694937Z"
2026-06-13 12:24:30.272 +00:00 [INF] Executed DbCommand (2ms) [Parameters=[@__tokenHash_0='?'], CommandType='"Text"', CommandTimeout='30']
SELECT r."ID", r."CreatedAt", r."DeviceFingerprint", r."ExpiresAt", r."IpAddress", r."IsRevoked", r."TokenHash", r."UserID"
FROM "RefreshTokens" AS r
WHERE r."TokenHash" = @__tokenHash_0 AND NOT (r."IsRevoked") AND r."ExpiresAt" > now()
ORDER BY r."CreatedAt" DESC
LIMIT 1
2026-06-13 12:24:30.272 +00:00 [INF] Mozilla/5.0 (Windows NT 10.0; Win64; x64; rv:151.0) Gecko/20100101 Firefox/151.0
2026-06-13 12:24:30.272 +00:00 [INF] Fetching user by ID from database...
2026-06-13 12:24:30.276 +00:00 [INF] Executed DbCommand (3ms) [Parameters=[@__id_0='?' (DbType = Int32)], CommandType='"Text"', CommandTimeout='30']
SELECT u."ID", u."Email", u."PasswordHash", u."RegisteredAt", u."Role", u."Username"
FROM "Users" AS u
WHERE u."ID" = @__id_0
LIMIT 1
2026-06-13 12:24:30.280 +00:00 [INF] Executed DbCommand (3ms) [Parameters=[@p0='?' (DbType = DateTime), @p1='?', @p2='?' (DbType = DateTime), @p3='?', @p4='?' (DbType = Int32), @p5='?'], CommandType='"Text"', CommandTimeout='30']
INSERT INTO "AccessTokens" ("CreatedAt", "DeviceFingerprint", "ExpiresAt", "IpAddress", "UserID", jti)
VALUES (@p0, @p1, @p2, @p3, @p4, @p5)
RETURNING "ID", "IsRevoked";
2026-06-13 12:24:30.291 +00:00 [INF] Executed DbCommand (10ms) [Parameters=[@__jti_0='?', @__userID_1='?' (DbType = Int32), @__deviceFingerprint_2='?', @__ipAddress_3='?'], CommandType='"Text"', CommandTimeout='30']
SELECT a."ID", a."CreatedAt", a."DeviceFingerprint", a."ExpiresAt", a."IpAddress", a."IsRevoked", a."UserID", a.jti
FROM "AccessTokens" AS a
WHERE a.jti = @__jti_0 AND a."UserID" = @__userID_1 AND a."DeviceFingerprint" = @__deviceFingerprint_2 AND a."IpAddress" = @__ipAddress_3
LIMIT 1
2026-06-13 12:24:30.292 +00:00 [INF] Attempting to revoke access token with jti 8434a868-6f48-477f-b651-e456ce37464e for user 1 from device /a2uf4z8rcBIhIr7KGbd6aahMr80Bhj+9uyLiYNZ66A= and IP ::ffff:172.20.0.1
2026-06-13 12:24:30.292 +00:00 [INF] Access token found: API.Models.AccessToken
2026-06-13 12:24:30.295 +00:00 [INF] Executed DbCommand (2ms) [Parameters=[@p1='?' (DbType = Int32), @p0='?' (DbType = Boolean)], CommandType='"Text"', CommandTimeout='30']
UPDATE "AccessTokens" SET "IsRevoked" = @p0
WHERE "ID" = @p1;
2026-06-13 12:24:30.295 +00:00 [INF] Access token AccessToken for user 1 revoked: true
2026-06-13 12:24:30.300 +00:00 [INF] Executed DbCommand (3ms) [Parameters=[@p0='?' (DbType = DateTime), @p1='?', @p2='?' (DbType = DateTime), @p3='?', @p4='?', @p5='?' (DbType = Int32)], CommandType='"Text"', CommandTimeout='30']
INSERT INTO "RefreshTokens" ("CreatedAt", "DeviceFingerprint", "ExpiresAt", "IpAddress", "TokenHash", "UserID")
VALUES (@p0, @p1, @p2, @p3, @p4, @p5)
RETURNING "ID", "IsRevoked";
2026-06-13 12:24:30.303 +00:00 [INF] Executed DbCommand (2ms) [Parameters=[@__tokenHash_0='?', @__userId_1='?' (DbType = Int32), @__deviceFingerprint_2='?', @__ipAddress_3='?'], CommandType='"Text"', CommandTimeout='30']
SELECT r."ID", r."CreatedAt", r."DeviceFingerprint", r."ExpiresAt", r."IpAddress", r."IsRevoked", r."TokenHash", r."UserID"
FROM "RefreshTokens" AS r
WHERE r."TokenHash" = @__tokenHash_0 AND r."UserID" = @__userId_1 AND r."DeviceFingerprint" = @__deviceFingerprint_2 AND r."IpAddress" = @__ipAddress_3
LIMIT 1
2026-06-13 12:24:30.309 +00:00 [INF] Executed DbCommand (5ms) [Parameters=[@p1='?' (DbType = Int32), @p0='?' (DbType = Boolean)], CommandType='"Text"', CommandTimeout='30']
UPDATE "RefreshTokens" SET "IsRevoked" = @p0
WHERE "ID" = @p1;
2026-06-13 12:24:30.309 +00:00 [INF] Refresh token AQHdHmoF7qvdrgO54D9IspO0Hel9Uy/5uZ5Y2TPpT7M= for user 1 revoked: true
2026-06-13 12:24:30.309 +00:00 [INF] Token refreshed successfully for user 1 at "2026-06-13T12:24:30.3098034Z"
2026-06-13 12:24:30.310 +00:00 [INF] Executing OkObjectResult, writing value of type '<>f__AnonymousType3`2[[System.Boolean, System.Private.CoreLib, Version=9.0.0.0, Culture=neutral, PublicKeyToken=7cec85d7bea7798e],[System.Int32, System.Private.CoreLib, Version=9.0.0.0, Culture=neutral, PublicKeyToken=7cec85d7bea7798e]]'.
2026-06-13 12:24:30.310 +00:00 [INF] Executed action API.Controllers.AuthController.RefreshToken (API) in 41.5053ms
2026-06-13 12:24:30.310 +00:00 [INF] Executed endpoint 'API.Controllers.AuthController.RefreshToken (API)'
2026-06-13 12:24:30.310 +00:00 [INF] Request finished HTTP/1.1 POST http://192.168.1.6:8080/api/auth/refresh - 200 null application/json; charset=utf-8 52.1219ms
2026-06-13 12:24:52.748 +00:00 [INF] Request starting HTTP/1.1 OPTIONS http://192.168.1.6:8080/api/password/generate-password - null null
2026-06-13 12:24:52.748 +00:00 [INF] CORS policy execution successful.
2026-06-13 12:24:52.748 +00:00 [INF] Request finished HTTP/1.1 OPTIONS http://192.168.1.6:8080/api/password/generate-password - 204 null null 0.5577ms
2026-06-13 12:24:52.753 +00:00 [INF] Request starting HTTP/1.1 POST http://192.168.1.6:8080/api/password/generate-password - application/json 67
2026-06-13 12:24:52.754 +00:00 [INF] CORS policy execution successful.
2026-06-13 12:24:52.754 +00:00 [INF] ====== OnMessageReceived START ======
2026-06-13 12:24:52.754 +00:00 [INF] Available cookies: 2
2026-06-13 12:24:52.754 +00:00 [INF] Cookie: adminToken = 844 chars
2026-06-13 12:24:52.754 +00:00 [INF] Cookie: adminRefreshToken = 44 chars
2026-06-13 12:24:52.755 +00:00 [INF] Admin token found in cookies, length: 844
2026-06-13 12:24:52.755 +00:00 [INF] Admin token set in context
2026-06-13 12:24:52.755 +00:00 [INF] ====== OnMessageReceived END - Token set: true ======
2026-06-13 12:24:52.755 +00:00 [INF] Token validated successfully for user: lengyelnorbi
2026-06-13 12:24:52.755 +00:00 [INF] Device fingerprint headers - UA: Mozilla/5.0 (Windows NT 10.0; Win64; x64; rv:151.0) Gecko/20100101 Firefox/151.0, Accept: */*, Encoding: gzip, deflate
2026-06-13 12:24:52.756 +00:00 [INF] Device fingerprint validation: Stored=/a2uf4z8rcBIhIr7KGbd6aahMr80Bhj+9uyLiYNZ66A=, Current=/a2uf4z8rcBIhIr7KGbd6aahMr80Bhj+9uyLiYNZ66A=
2026-06-13 12:24:52.758 +00:00 [INF] Executed DbCommand (1ms) [Parameters=[@__jti_0='?', @__userId_1='?' (DbType = Int32)], CommandType='"Text"', CommandTimeout='30']
SELECT a."ID", a."CreatedAt", a."DeviceFingerprint", a."ExpiresAt", a."IpAddress", a."IsRevoked", a."UserID", a.jti
FROM "AccessTokens" AS a
WHERE a.jti = @__jti_0 AND a."UserID" = @__userId_1 AND NOT (a."IsRevoked") AND a."ExpiresAt" > now()
LIMIT 1
2026-06-13 12:24:52.758 +00:00 [INF] Executing endpoint 'API.Controllers.PasswordController.GeneratePassword (API)'
2026-06-13 12:24:52.759 +00:00 [INF] Route matched with {action = "GeneratePassword", controller = "Password"}. Executing controller action with signature System.Threading.Tasks.Task`1[Microsoft.AspNetCore.Mvc.IActionResult] GeneratePassword(API.Models.RequestModels.GeneratePwdRequest) on controller API.Controllers.PasswordController (API).
2026-06-13 12:24:52.759 +00:00 [INF] Executing OkObjectResult, writing value of type '<>f__AnonymousType4`1[[System.String, System.Private.CoreLib, Version=9.0.0.0, Culture=neutral, PublicKeyToken=7cec85d7bea7798e]]'.
2026-06-13 12:24:52.759 +00:00 [INF] Executed action API.Controllers.PasswordController.GeneratePassword (API) in 0.5611ms
2026-06-13 12:24:52.759 +00:00 [INF] Executed endpoint 'API.Controllers.PasswordController.GeneratePassword (API)'
2026-06-13 12:24:52.760 +00:00 [INF] Request finished HTTP/1.1 POST http://192.168.1.6:8080/api/password/generate-password - 200 null application/json; charset=utf-8 6.4218ms
2026-06-13 12:24:53.028 +00:00 [INF] Application is shutting down...
2026-06-13 12:24:53.885 +00:00 [WRN] Storing keys in a directory '/home/app/.aspnet/DataProtection-Keys' that may not be persisted outside of the container. Protected data will be unavailable when container is destroyed. For more information go to https://aka.ms/aspnet/dataprotectionwarning
2026-06-13 12:24:53.910 +00:00 [INF] User profile is available. Using '/home/app/.aspnet/DataProtection-Keys' as key repository; keys will not be encrypted at rest.
2026-06-13 12:24:53.920 +00:00 [INF] Creating key {d63db6f7-1582-448f-b45e-28f78221b740} with creation date 2026-06-13 12:24:53Z, activation date 2026-06-13 12:24:53Z, and expiration date 2026-09-11 12:24:53Z.
2026-06-13 12:24:53.945 +00:00 [WRN] No XML encryptor configured. Key {d63db6f7-1582-448f-b45e-28f78221b740} may be persisted to storage in unencrypted form.
2026-06-13 12:24:53.947 +00:00 [INF] Writing data to file '/home/app/.aspnet/DataProtection-Keys/key-d63db6f7-1582-448f-b45e-28f78221b740.xml'.
2026-06-13 12:24:53.993 +00:00 [INF] Now listening on: http://[::]:8080
2026-06-13 12:24:53.994 +00:00 [INF] Application started. Press Ctrl+C to shut down.
2026-06-13 12:24:53.995 +00:00 [INF] Hosting environment: Development
2026-06-13 12:24:53.995 +00:00 [INF] Content root path: /app
2026-06-13 12:24:59.621 +00:00 [INF] Request starting HTTP/1.1 OPTIONS http://192.168.1.6:8080/admin/user - null null
2026-06-13 12:24:59.633 +00:00 [WRN] Failed to determine the https port for redirect.
2026-06-13 12:24:59.635 +00:00 [INF] CORS policy execution successful.
2026-06-13 12:24:59.639 +00:00 [INF] Request finished HTTP/1.1 OPTIONS http://192.168.1.6:8080/admin/user - 204 null null 17.9923ms
2026-06-13 12:24:59.659 +00:00 [INF] Request starting HTTP/1.1 POST http://192.168.1.6:8080/admin/user - application/json 109
2026-06-13 12:24:59.660 +00:00 [INF] CORS policy execution successful.
2026-06-13 12:24:59.673 +00:00 [INF] ====== OnMessageReceived START ======
2026-06-13 12:24:59.674 +00:00 [INF] Available cookies: 2
2026-06-13 12:24:59.675 +00:00 [INF] Cookie: adminToken = 844 chars
2026-06-13 12:24:59.675 +00:00 [INF] Cookie: adminRefreshToken = 44 chars
2026-06-13 12:24:59.675 +00:00 [INF] Admin token found in cookies, length: 844
2026-06-13 12:24:59.675 +00:00 [INF] Admin token set in context
2026-06-13 12:24:59.676 +00:00 [INF] ====== OnMessageReceived END - Token set: true ======
2026-06-13 12:24:59.703 +00:00 [INF] Token validated successfully for user: lengyelnorbi
2026-06-13 12:24:59.703 +00:00 [INF] Device fingerprint headers - UA: Mozilla/5.0 (Windows NT 10.0; Win64; x64; rv:151.0) Gecko/20100101 Firefox/151.0, Accept: */*, Encoding: gzip, deflate
2026-06-13 12:24:59.704 +00:00 [INF] Device fingerprint validation: Stored=/a2uf4z8rcBIhIr7KGbd6aahMr80Bhj+9uyLiYNZ66A=, Current=/a2uf4z8rcBIhIr7KGbd6aahMr80Bhj+9uyLiYNZ66A=
2026-06-13 12:25:00.320 +00:00 [INF] Executed DbCommand (24ms) [Parameters=[@__jti_0='?', @__userId_1='?' (DbType = Int32)], CommandType='"Text"', CommandTimeout='30']
SELECT a."ID", a."CreatedAt", a."DeviceFingerprint", a."ExpiresAt", a."IpAddress", a."IsRevoked", a."UserID", a.jti
FROM "AccessTokens" AS a
WHERE a.jti = @__jti_0 AND a."UserID" = @__userId_1 AND NOT (a."IsRevoked") AND a."ExpiresAt" > now()
LIMIT 1
2026-06-13 12:25:00.365 +00:00 [INF] Request finished HTTP/1.1 POST http://192.168.1.6:8080/admin/user - 404 0 null 706.2713ms
2026-06-13 12:25:00.366 +00:00 [INF] Request reached the end of the middleware pipeline without being handled by application code. Request path: POST http://192.168.1.6:8080/admin/user, Response status code: 404
2026-06-13 12:25:14.779 +00:00 [INF] Request starting HTTP/1.1 GET http://192.168.1.6:8080/api/user?page=1&limit=10 - null null
2026-06-13 12:25:14.779 +00:00 [INF] Request starting HTTP/1.1 GET http://192.168.1.6:8080/api/user - null null
2026-06-13 12:25:14.780 +00:00 [INF] CORS policy execution successful.
2026-06-13 12:25:14.780 +00:00 [INF] CORS policy execution successful.
2026-06-13 12:25:14.781 +00:00 [INF] ====== OnMessageReceived START ======
2026-06-13 12:25:14.781 +00:00 [INF] ====== OnMessageReceived START ======
2026-06-13 12:25:14.782 +00:00 [INF] Available cookies: 2
2026-06-13 12:25:14.782 +00:00 [INF] Available cookies: 2
2026-06-13 12:25:14.782 +00:00 [INF] Cookie: adminToken = 844 chars
2026-06-13 12:25:14.782 +00:00 [INF] Cookie: adminToken = 844 chars
2026-06-13 12:25:14.782 +00:00 [INF] Cookie: adminRefreshToken = 44 chars
2026-06-13 12:25:14.782 +00:00 [INF] Cookie: adminRefreshToken = 44 chars
2026-06-13 12:25:14.783 +00:00 [INF] Admin token found in cookies, length: 844
2026-06-13 12:25:14.783 +00:00 [INF] Admin token found in cookies, length: 844
2026-06-13 12:25:14.783 +00:00 [INF] Admin token set in context
2026-06-13 12:25:14.783 +00:00 [INF] Admin token set in context
2026-06-13 12:25:14.783 +00:00 [INF] ====== OnMessageReceived END - Token set: true ======
2026-06-13 12:25:14.783 +00:00 [INF] ====== OnMessageReceived END - Token set: true ======
2026-06-13 12:25:14.784 +00:00 [INF] Token validated successfully for user: lengyelnorbi
2026-06-13 12:25:14.784 +00:00 [INF] Token validated successfully for user: lengyelnorbi
2026-06-13 12:25:14.785 +00:00 [INF] Device fingerprint headers - UA: Mozilla/5.0 (Windows NT 10.0; Win64; x64; rv:151.0) Gecko/20100101 Firefox/151.0, Accept: application/json, text/plain, */*, Encoding: gzip, deflate
2026-06-13 12:25:14.785 +00:00 [INF] Device fingerprint headers - UA: Mozilla/5.0 (Windows NT 10.0; Win64; x64; rv:151.0) Gecko/20100101 Firefox/151.0, Accept: application/json, text/plain, */*, Encoding: gzip, deflate
2026-06-13 12:25:14.785 +00:00 [INF] Device fingerprint validation: Stored=/a2uf4z8rcBIhIr7KGbd6aahMr80Bhj+9uyLiYNZ66A=, Current=/a2uf4z8rcBIhIr7KGbd6aahMr80Bhj+9uyLiYNZ66A=
2026-06-13 12:25:14.785 +00:00 [INF] Device fingerprint validation: Stored=/a2uf4z8rcBIhIr7KGbd6aahMr80Bhj+9uyLiYNZ66A=, Current=/a2uf4z8rcBIhIr7KGbd6aahMr80Bhj+9uyLiYNZ66A=
2026-06-13 12:25:14.806 +00:00 [INF] Executed DbCommand (2ms) [Parameters=[@__jti_0='?', @__userId_1='?' (DbType = Int32)], CommandType='"Text"', CommandTimeout='30']
SELECT a."ID", a."CreatedAt", a."DeviceFingerprint", a."ExpiresAt", a."IpAddress", a."IsRevoked", a."UserID", a.jti
FROM "AccessTokens" AS a
WHERE a.jti = @__jti_0 AND a."UserID" = @__userId_1 AND NOT (a."IsRevoked") AND a."ExpiresAt" > now()
LIMIT 1
2026-06-13 12:25:14.808 +00:00 [INF] Executing endpoint 'API.Controllers.UserController.Get (API)'
2026-06-13 12:25:14.814 +00:00 [INF] Executed DbCommand (2ms) [Parameters=[@__jti_0='?', @__userId_1='?' (DbType = Int32)], CommandType='"Text"', CommandTimeout='30']
SELECT a."ID", a."CreatedAt", a."DeviceFingerprint", a."ExpiresAt", a."IpAddress", a."IsRevoked", a."UserID", a.jti
FROM "AccessTokens" AS a
WHERE a.jti = @__jti_0 AND a."UserID" = @__userId_1 AND NOT (a."IsRevoked") AND a."ExpiresAt" > now()
LIMIT 1
2026-06-13 12:25:14.814 +00:00 [INF] Executing endpoint 'API.Controllers.UserController.Get (API)'
2026-06-13 12:25:14.817 +00:00 [INF] Route matched with {action = "Get", controller = "User"}. Executing controller action with signature System.Threading.Tasks.Task`1[System.Collections.Generic.IEnumerable`1[API.DTO.UserDTO]] Get() on controller API.Controllers.UserController (API).
2026-06-13 12:25:14.817 +00:00 [INF] Route matched with {action = "Get", controller = "User"}. Executing controller action with signature System.Threading.Tasks.Task`1[System.Collections.Generic.IEnumerable`1[API.DTO.UserDTO]] Get() on controller API.Controllers.UserController (API).
2026-06-13 12:25:14.819 +00:00 [INF] Fetching user data from database...
2026-06-13 12:25:14.819 +00:00 [INF] Fetching user data from database...
2026-06-13 12:25:14.836 +00:00 [INF] Executed DbCommand (2ms) [Parameters=[], CommandType='"Text"', CommandTimeout='30']
SELECT u."ID", u."Email", u."PasswordHash", u."RegisteredAt", u."Role", u."Username"
FROM "Users" AS u
2026-06-13 12:25:14.836 +00:00 [INF] Executed DbCommand (2ms) [Parameters=[], CommandType='"Text"', CommandTimeout='30']
SELECT u."ID", u."Email", u."PasswordHash", u."RegisteredAt", u."Role", u."Username"
FROM "Users" AS u
2026-06-13 12:25:14.864 +00:00 [INF] Executing ObjectResult, writing value of type 'System.Collections.Generic.List`1[[API.DTO.UserDTO, API, Version=1.0.0.0, Culture=neutral, PublicKeyToken=null]]'.
2026-06-13 12:25:14.864 +00:00 [INF] Executing ObjectResult, writing value of type 'System.Collections.Generic.List`1[[API.DTO.UserDTO, API, Version=1.0.0.0, Culture=neutral, PublicKeyToken=null]]'.
2026-06-13 12:25:14.895 +00:00 [INF] Executed action API.Controllers.UserController.Get (API) in 76.1657ms
2026-06-13 12:25:14.895 +00:00 [INF] Executed action API.Controllers.UserController.Get (API) in 76.0467ms
2026-06-13 12:25:14.896 +00:00 [INF] Executed endpoint 'API.Controllers.UserController.Get (API)'
2026-06-13 12:25:14.896 +00:00 [INF] Executed endpoint 'API.Controllers.UserController.Get (API)'
2026-06-13 12:25:14.897 +00:00 [INF] Request finished HTTP/1.1 GET http://192.168.1.6:8080/api/user - 200 null application/json; charset=utf-8 117.9567ms
2026-06-13 12:25:14.897 +00:00 [INF] Request finished HTTP/1.1 GET http://192.168.1.6:8080/api/user?page=1&limit=10 - 200 null application/json; charset=utf-8 118.3932ms
2026-06-13 12:25:17.615 +00:00 [INF] Request starting HTTP/1.1 OPTIONS http://192.168.1.6:8080/api/password/generate-password - null null
2026-06-13 12:25:17.616 +00:00 [INF] CORS policy execution successful.
2026-06-13 12:25:17.617 +00:00 [INF] Request finished HTTP/1.1 OPTIONS http://192.168.1.6:8080/api/password/generate-password - 204 null null 1.4954ms
2026-06-13 12:25:17.619 +00:00 [INF] Request starting HTTP/1.1 POST http://192.168.1.6:8080/api/password/generate-password - application/json 67
2026-06-13 12:25:17.619 +00:00 [INF] CORS policy execution successful.
2026-06-13 12:25:17.621 +00:00 [INF] ====== OnMessageReceived START ======
2026-06-13 12:25:17.621 +00:00 [INF] Available cookies: 2
2026-06-13 12:25:17.621 +00:00 [INF] Cookie: adminToken = 844 chars
2026-06-13 12:25:17.621 +00:00 [INF] Cookie: adminRefreshToken = 44 chars
2026-06-13 12:25:17.622 +00:00 [INF] Admin token found in cookies, length: 844
2026-06-13 12:25:17.622 +00:00 [INF] Admin token set in context
2026-06-13 12:25:17.622 +00:00 [INF] ====== OnMessageReceived END - Token set: true ======
2026-06-13 12:25:17.623 +00:00 [INF] Token validated successfully for user: lengyelnorbi
2026-06-13 12:25:17.623 +00:00 [INF] Device fingerprint headers - UA: Mozilla/5.0 (Windows NT 10.0; Win64; x64; rv:151.0) Gecko/20100101 Firefox/151.0, Accept: */*, Encoding: gzip, deflate
2026-06-13 12:25:17.623 +00:00 [INF] Device fingerprint validation: Stored=/a2uf4z8rcBIhIr7KGbd6aahMr80Bhj+9uyLiYNZ66A=, Current=/a2uf4z8rcBIhIr7KGbd6aahMr80Bhj+9uyLiYNZ66A=
2026-06-13 12:25:17.656 +00:00 [INF] Executed DbCommand (2ms) [Parameters=[@__jti_0='?', @__userId_1='?' (DbType = Int32)], CommandType='"Text"', CommandTimeout='30']
SELECT a."ID", a."CreatedAt", a."DeviceFingerprint", a."ExpiresAt", a."IpAddress", a."IsRevoked", a."UserID", a.jti
FROM "AccessTokens" AS a
WHERE a.jti = @__jti_0 AND a."UserID" = @__userId_1 AND NOT (a."IsRevoked") AND a."ExpiresAt" > now()
LIMIT 1
2026-06-13 12:25:17.659 +00:00 [INF] Executing endpoint 'API.Controllers.PasswordController.GeneratePassword (API)'
2026-06-13 12:25:17.665 +00:00 [INF] Route matched with {action = "GeneratePassword", controller = "Password"}. Executing controller action with signature System.Threading.Tasks.Task`1[Microsoft.AspNetCore.Mvc.IActionResult] GeneratePassword(API.Models.RequestModels.GeneratePwdRequest) on controller API.Controllers.PasswordController (API).
2026-06-13 12:25:17.686 +00:00 [INF] Executing OkObjectResult, writing value of type '<>f__AnonymousType4`1[[System.String, System.Private.CoreLib, Version=9.0.0.0, Culture=neutral, PublicKeyToken=7cec85d7bea7798e]]'.
2026-06-13 12:25:17.687 +00:00 [INF] Executed action API.Controllers.PasswordController.GeneratePassword (API) in 22.0871ms
2026-06-13 12:25:17.687 +00:00 [INF] Executed endpoint 'API.Controllers.PasswordController.GeneratePassword (API)'
2026-06-13 12:25:17.688 +00:00 [INF] Request finished HTTP/1.1 POST http://192.168.1.6:8080/api/password/generate-password - 200 null application/json; charset=utf-8 68.6387ms
2026-06-13 12:25:19.114 +00:00 [INF] Request starting HTTP/1.1 OPTIONS http://192.168.1.6:8080/admin/user - null null
2026-06-13 12:25:19.115 +00:00 [INF] CORS policy execution successful.
2026-06-13 12:25:19.115 +00:00 [INF] Request finished HTTP/1.1 OPTIONS http://192.168.1.6:8080/admin/user - 204 null null 0.8013ms
2026-06-13 12:25:19.117 +00:00 [INF] Request starting HTTP/1.1 POST http://192.168.1.6:8080/admin/user - application/json 109
2026-06-13 12:25:19.117 +00:00 [INF] CORS policy execution successful.
2026-06-13 12:25:19.117 +00:00 [INF] ====== OnMessageReceived START ======
2026-06-13 12:25:19.118 +00:00 [INF] Available cookies: 2
2026-06-13 12:25:19.118 +00:00 [INF] Cookie: adminToken = 844 chars
2026-06-13 12:25:19.118 +00:00 [INF] Cookie: adminRefreshToken = 44 chars
2026-06-13 12:25:19.118 +00:00 [INF] Admin token found in cookies, length: 844
2026-06-13 12:25:19.118 +00:00 [INF] Admin token set in context
2026-06-13 12:25:19.119 +00:00 [INF] ====== OnMessageReceived END - Token set: true ======
2026-06-13 12:25:19.119 +00:00 [INF] Token validated successfully for user: lengyelnorbi
2026-06-13 12:25:19.119 +00:00 [INF] Device fingerprint headers - UA: Mozilla/5.0 (Windows NT 10.0; Win64; x64; rv:151.0) Gecko/20100101 Firefox/151.0, Accept: */*, Encoding: gzip, deflate
2026-06-13 12:25:19.119 +00:00 [INF] Device fingerprint validation: Stored=/a2uf4z8rcBIhIr7KGbd6aahMr80Bhj+9uyLiYNZ66A=, Current=/a2uf4z8rcBIhIr7KGbd6aahMr80Bhj+9uyLiYNZ66A=
2026-06-13 12:25:19.122 +00:00 [INF] Executed DbCommand (1ms) [Parameters=[@__jti_0='?', @__userId_1='?' (DbType = Int32)], CommandType='"Text"', CommandTimeout='30']
SELECT a."ID", a."CreatedAt", a."DeviceFingerprint", a."ExpiresAt", a."IpAddress", a."IsRevoked", a."UserID", a.jti
FROM "AccessTokens" AS a
WHERE a.jti = @__jti_0 AND a."UserID" = @__userId_1 AND NOT (a."IsRevoked") AND a."ExpiresAt" > now()
LIMIT 1
2026-06-13 12:25:19.122 +00:00 [INF] Request finished HTTP/1.1 POST http://192.168.1.6:8080/admin/user - 404 0 null 5.2199ms
2026-06-13 12:25:19.122 +00:00 [INF] Request reached the end of the middleware pipeline without being handled by application code. Request path: POST http://192.168.1.6:8080/admin/user, Response status code: 404
2026-06-13 12:28:49.567 +00:00 [INF] Request starting HTTP/1.1 GET http://192.168.1.6:8080/api/user?page=1&limit=10 - null null
2026-06-13 12:28:49.568 +00:00 [INF] CORS policy execution successful.
2026-06-13 12:28:49.568 +00:00 [INF] ====== OnMessageReceived START ======
2026-06-13 12:28:49.569 +00:00 [INF] Available cookies: 2
2026-06-13 12:28:49.569 +00:00 [INF] Request starting HTTP/1.1 GET http://192.168.1.6:8080/api/user - null null
2026-06-13 12:28:49.569 +00:00 [INF] Cookie: adminToken = 844 chars
2026-06-13 12:28:49.569 +00:00 [INF] Cookie: adminRefreshToken = 44 chars
2026-06-13 12:28:49.569 +00:00 [INF] CORS policy execution successful.
2026-06-13 12:28:49.569 +00:00 [INF] Admin token found in cookies, length: 844
2026-06-13 12:28:49.570 +00:00 [INF] ====== OnMessageReceived START ======
2026-06-13 12:28:49.570 +00:00 [INF] Admin token set in context
2026-06-13 12:28:49.570 +00:00 [INF] Available cookies: 2
2026-06-13 12:28:49.570 +00:00 [INF] ====== OnMessageReceived END - Token set: true ======
2026-06-13 12:28:49.570 +00:00 [INF] Cookie: adminToken = 844 chars
2026-06-13 12:28:49.571 +00:00 [INF] Cookie: adminRefreshToken = 44 chars
2026-06-13 12:28:49.571 +00:00 [INF] Token validated successfully for user: lengyelnorbi
2026-06-13 12:28:49.571 +00:00 [INF] Admin token found in cookies, length: 844
2026-06-13 12:28:49.571 +00:00 [INF] Device fingerprint headers - UA: Mozilla/5.0 (Windows NT 10.0; Win64; x64; rv:151.0) Gecko/20100101 Firefox/151.0, Accept: application/json, text/plain, */*, Encoding: gzip, deflate
2026-06-13 12:28:49.571 +00:00 [INF] Admin token set in context
2026-06-13 12:28:49.571 +00:00 [INF] Device fingerprint validation: Stored=/a2uf4z8rcBIhIr7KGbd6aahMr80Bhj+9uyLiYNZ66A=, Current=/a2uf4z8rcBIhIr7KGbd6aahMr80Bhj+9uyLiYNZ66A=
2026-06-13 12:28:49.572 +00:00 [INF] ====== OnMessageReceived END - Token set: true ======
2026-06-13 12:28:49.572 +00:00 [INF] Token validated successfully for user: lengyelnorbi
2026-06-13 12:28:49.574 +00:00 [INF] Device fingerprint headers - UA: Mozilla/5.0 (Windows NT 10.0; Win64; x64; rv:151.0) Gecko/20100101 Firefox/151.0, Accept: application/json, text/plain, */*, Encoding: gzip, deflate
2026-06-13 12:28:49.574 +00:00 [INF] Device fingerprint validation: Stored=/a2uf4z8rcBIhIr7KGbd6aahMr80Bhj+9uyLiYNZ66A=, Current=/a2uf4z8rcBIhIr7KGbd6aahMr80Bhj+9uyLiYNZ66A=
2026-06-13 12:28:49.575 +00:00 [INF] Executed DbCommand (2ms) [Parameters=[@__jti_0='?', @__userId_1='?' (DbType = Int32)], CommandType='"Text"', CommandTimeout='30']
SELECT a."ID", a."CreatedAt", a."DeviceFingerprint", a."ExpiresAt", a."IpAddress", a."IsRevoked", a."UserID", a.jti
FROM "AccessTokens" AS a
WHERE a.jti = @__jti_0 AND a."UserID" = @__userId_1 AND NOT (a."IsRevoked") AND a."ExpiresAt" > now()
LIMIT 1
2026-06-13 12:28:49.576 +00:00 [INF] Executing endpoint 'API.Controllers.UserController.Get (API)'
2026-06-13 12:28:49.576 +00:00 [INF] Route matched with {action = "Get", controller = "User"}. Executing controller action with signature System.Threading.Tasks.Task`1[System.Collections.Generic.IEnumerable`1[API.DTO.UserDTO]] Get() on controller API.Controllers.UserController (API).
2026-06-13 12:28:49.576 +00:00 [INF] Executed DbCommand (1ms) [Parameters=[@__jti_0='?', @__userId_1='?' (DbType = Int32)], CommandType='"Text"', CommandTimeout='30']
SELECT a."ID", a."CreatedAt", a."DeviceFingerprint", a."ExpiresAt", a."IpAddress", a."IsRevoked", a."UserID", a.jti
FROM "AccessTokens" AS a
WHERE a.jti = @__jti_0 AND a."UserID" = @__userId_1 AND NOT (a."IsRevoked") AND a."ExpiresAt" > now()
LIMIT 1
2026-06-13 12:28:49.576 +00:00 [INF] Fetching user data from database...
2026-06-13 12:28:49.577 +00:00 [INF] Executing endpoint 'API.Controllers.UserController.Get (API)'
2026-06-13 12:28:49.577 +00:00 [INF] Route matched with {action = "Get", controller = "User"}. Executing controller action with signature System.Threading.Tasks.Task`1[System.Collections.Generic.IEnumerable`1[API.DTO.UserDTO]] Get() on controller API.Controllers.UserController (API).
2026-06-13 12:28:49.577 +00:00 [INF] Fetching user data from database...
2026-06-13 12:28:49.578 +00:00 [INF] Executed DbCommand (1ms) [Parameters=[], CommandType='"Text"', CommandTimeout='30']
SELECT u."ID", u."Email", u."PasswordHash", u."RegisteredAt", u."Role", u."Username"
FROM "Users" AS u
2026-06-13 12:28:49.579 +00:00 [INF] Executed DbCommand (1ms) [Parameters=[], CommandType='"Text"', CommandTimeout='30']
SELECT u."ID", u."Email", u."PasswordHash", u."RegisteredAt", u."Role", u."Username"
FROM "Users" AS u
2026-06-13 12:28:49.579 +00:00 [INF] Executing ObjectResult, writing value of type 'System.Collections.Generic.List`1[[API.DTO.UserDTO, API, Version=1.0.0.0, Culture=neutral, PublicKeyToken=null]]'.
2026-06-13 12:28:49.579 +00:00 [INF] Executing ObjectResult, writing value of type 'System.Collections.Generic.List`1[[API.DTO.UserDTO, API, Version=1.0.0.0, Culture=neutral, PublicKeyToken=null]]'.
2026-06-13 12:28:49.580 +00:00 [INF] Executed action API.Controllers.UserController.Get (API) in 3.5831ms
2026-06-13 12:28:49.580 +00:00 [INF] Executed action API.Controllers.UserController.Get (API) in 2.4076ms
2026-06-13 12:28:49.580 +00:00 [INF] Executed endpoint 'API.Controllers.UserController.Get (API)'
2026-06-13 12:28:49.580 +00:00 [INF] Executed endpoint 'API.Controllers.UserController.Get (API)'
2026-06-13 12:28:49.581 +00:00 [INF] Request finished HTTP/1.1 GET http://192.168.1.6:8080/api/user?page=1&limit=10 - 200 null application/json; charset=utf-8 13.5026ms
2026-06-13 12:28:49.581 +00:00 [INF] Request finished HTTP/1.1 GET http://192.168.1.6:8080/api/user - 200 null application/json; charset=utf-8 12.2436ms
2026-06-13 12:28:53.119 +00:00 [INF] Request starting HTTP/1.1 OPTIONS http://192.168.1.6:8080/api/password/generate-password - null null
2026-06-13 12:28:53.119 +00:00 [INF] CORS policy execution successful.
2026-06-13 12:28:53.120 +00:00 [INF] Request finished HTTP/1.1 OPTIONS http://192.168.1.6:8080/api/password/generate-password - 204 null null 0.606ms
2026-06-13 12:28:53.124 +00:00 [INF] Request starting HTTP/1.1 POST http://192.168.1.6:8080/api/password/generate-password - application/json 67
2026-06-13 12:28:53.125 +00:00 [INF] CORS policy execution successful.
2026-06-13 12:28:53.125 +00:00 [INF] ====== OnMessageReceived START ======
2026-06-13 12:28:53.125 +00:00 [INF] Available cookies: 2
2026-06-13 12:28:53.126 +00:00 [INF] Cookie: adminToken = 844 chars
2026-06-13 12:28:53.126 +00:00 [INF] Cookie: adminRefreshToken = 44 chars
2026-06-13 12:28:53.126 +00:00 [INF] Admin token found in cookies, length: 844
2026-06-13 12:28:53.126 +00:00 [INF] Admin token set in context
2026-06-13 12:28:53.126 +00:00 [INF] ====== OnMessageReceived END - Token set: true ======
2026-06-13 12:28:53.127 +00:00 [INF] Token validated successfully for user: lengyelnorbi
2026-06-13 12:28:53.127 +00:00 [INF] Device fingerprint headers - UA: Mozilla/5.0 (Windows NT 10.0; Win64; x64; rv:151.0) Gecko/20100101 Firefox/151.0, Accept: */*, Encoding: gzip, deflate
2026-06-13 12:28:53.127 +00:00 [INF] Device fingerprint validation: Stored=/a2uf4z8rcBIhIr7KGbd6aahMr80Bhj+9uyLiYNZ66A=, Current=/a2uf4z8rcBIhIr7KGbd6aahMr80Bhj+9uyLiYNZ66A=
2026-06-13 12:28:53.129 +00:00 [INF] Executed DbCommand (1ms) [Parameters=[@__jti_0='?', @__userId_1='?' (DbType = Int32)], CommandType='"Text"', CommandTimeout='30']
SELECT a."ID", a."CreatedAt", a."DeviceFingerprint", a."ExpiresAt", a."IpAddress", a."IsRevoked", a."UserID", a.jti
FROM "AccessTokens" AS a
WHERE a.jti = @__jti_0 AND a."UserID" = @__userId_1 AND NOT (a."IsRevoked") AND a."ExpiresAt" > now()
LIMIT 1
2026-06-13 12:28:53.131 +00:00 [INF] Executing endpoint 'API.Controllers.PasswordController.GeneratePassword (API)'
2026-06-13 12:28:53.131 +00:00 [INF] Route matched with {action = "GeneratePassword", controller = "Password"}. Executing controller action with signature System.Threading.Tasks.Task`1[Microsoft.AspNetCore.Mvc.IActionResult] GeneratePassword(API.Models.RequestModels.GeneratePwdRequest) on controller API.Controllers.PasswordController (API).
2026-06-13 12:28:53.132 +00:00 [INF] Executing OkObjectResult, writing value of type '<>f__AnonymousType4`1[[System.String, System.Private.CoreLib, Version=9.0.0.0, Culture=neutral, PublicKeyToken=7cec85d7bea7798e]]'.
2026-06-13 12:28:53.132 +00:00 [INF] Executed action API.Controllers.PasswordController.GeneratePassword (API) in 1.079ms
2026-06-13 12:28:53.132 +00:00 [INF] Executed endpoint 'API.Controllers.PasswordController.GeneratePassword (API)'
2026-06-13 12:28:53.133 +00:00 [INF] Request finished HTTP/1.1 POST http://192.168.1.6:8080/api/password/generate-password - 200 null application/json; charset=utf-8 8.2546ms
2026-06-13 12:28:54.398 +00:00 [INF] Request starting HTTP/1.1 OPTIONS http://192.168.1.6:8080/api/user - null null
2026-06-13 12:28:54.399 +00:00 [INF] CORS policy execution successful.
2026-06-13 12:28:54.399 +00:00 [INF] Request finished HTTP/1.1 OPTIONS http://192.168.1.6:8080/api/user - 204 null null 0.8874ms
2026-06-13 12:28:54.401 +00:00 [INF] Request starting HTTP/1.1 POST http://192.168.1.6:8080/api/user - application/json 109
2026-06-13 12:28:54.401 +00:00 [INF] CORS policy execution successful.
2026-06-13 12:28:54.401 +00:00 [INF] ====== OnMessageReceived START ======
2026-06-13 12:28:54.401 +00:00 [INF] Available cookies: 2
2026-06-13 12:28:54.402 +00:00 [INF] Cookie: adminToken = 844 chars
2026-06-13 12:28:54.402 +00:00 [INF] Cookie: adminRefreshToken = 44 chars
2026-06-13 12:28:54.402 +00:00 [INF] Admin token found in cookies, length: 844
2026-06-13 12:28:54.402 +00:00 [INF] Admin token set in context
2026-06-13 12:28:54.403 +00:00 [INF] ====== OnMessageReceived END - Token set: true ======
2026-06-13 12:28:54.403 +00:00 [INF] Token validated successfully for user: lengyelnorbi
2026-06-13 12:28:54.403 +00:00 [INF] Device fingerprint headers - UA: Mozilla/5.0 (Windows NT 10.0; Win64; x64; rv:151.0) Gecko/20100101 Firefox/151.0, Accept: */*, Encoding: gzip, deflate
2026-06-13 12:28:54.404 +00:00 [INF] Device fingerprint validation: Stored=/a2uf4z8rcBIhIr7KGbd6aahMr80Bhj+9uyLiYNZ66A=, Current=/a2uf4z8rcBIhIr7KGbd6aahMr80Bhj+9uyLiYNZ66A=
2026-06-13 12:28:54.406 +00:00 [INF] Executed DbCommand (1ms) [Parameters=[@__jti_0='?', @__userId_1='?' (DbType = Int32)], CommandType='"Text"', CommandTimeout='30']
SELECT a."ID", a."CreatedAt", a."DeviceFingerprint", a."ExpiresAt", a."IpAddress", a."IsRevoked", a."UserID", a.jti
FROM "AccessTokens" AS a
WHERE a.jti = @__jti_0 AND a."UserID" = @__userId_1 AND NOT (a."IsRevoked") AND a."ExpiresAt" > now()
LIMIT 1
2026-06-13 12:28:54.408 +00:00 [INF] Executing endpoint 'API.Controllers.UserController.CreateUserAsync (API)'
2026-06-13 12:28:54.410 +00:00 [INF] Route matched with {action = "CreateUser", controller = "User"}. Executing controller action with signature System.Threading.Tasks.Task`1[Microsoft.AspNetCore.Mvc.IActionResult] CreateUserAsync(API.DTO.UserDTO) on controller API.Controllers.UserController (API).
2026-06-13 12:28:54.414 +00:00 [INF] Executed action API.Controllers.UserController.CreateUserAsync (API) in 3.1908ms
2026-06-13 12:28:54.414 +00:00 [INF] Executed endpoint 'API.Controllers.UserController.CreateUserAsync (API)'
2026-06-13 12:28:54.415 +00:00 [ERR] An unhandled exception has occurred while executing the request.
System.NotSupportedException: Deserialization of types without a parameterless constructor, a singular parameterized constructor, or a parameterized constructor annotated with 'JsonConstructorAttribute' is not supported. Type 'API.DTO.UserDTO'. Path: $ | LineNumber: 0 | BytePositionInLine: 1.
 ---> System.NotSupportedException: Deserialization of types without a parameterless constructor, a singular parameterized constructor, or a parameterized constructor annotated with 'JsonConstructorAttribute' is not supported. Type 'API.DTO.UserDTO'.
   --- End of inner exception stack trace ---
   at System.Text.Json.ThrowHelper.ThrowNotSupportedException(ReadStack& state, Utf8JsonReader& reader, Exception innerException)
   at System.Text.Json.ThrowHelper.ThrowNotSupportedException_DeserializeNoConstructor(JsonTypeInfo typeInfo, Utf8JsonReader& reader, ReadStack& state)
   at System.Text.Json.Serialization.Converters.ObjectDefaultConverter`1.OnTryRead(Utf8JsonReader& reader, Type typeToConvert, JsonSerializerOptions options, ReadStack& state, T& value)
   at System.Text.Json.Serialization.JsonConverter`1.TryRead(Utf8JsonReader& reader, Type typeToConvert, JsonSerializerOptions options, ReadStack& state, T& value, Boolean& isPopulatedValue)
   at System.Text.Json.Serialization.JsonConverter`1.ReadCore(Utf8JsonReader& reader, T& value, JsonSerializerOptions options, ReadStack& state)
   at System.Text.Json.Serialization.Metadata.JsonTypeInfo`1.ContinueDeserialize[TReadBufferState,TStream](TReadBufferState& bufferState, JsonReaderState& jsonReaderState, ReadStack& readStack, T& value)
   at System.Text.Json.Serialization.Metadata.JsonTypeInfo`1.DeserializeAsync[TReadBufferState,TStream](TStream utf8Json, TReadBufferState bufferState, CancellationToken cancellationToken)
   at System.Text.Json.Serialization.Metadata.JsonTypeInfo`1.DeserializeAsObjectAsync(Stream utf8Json, CancellationToken cancellationToken)
   at Microsoft.AspNetCore.Mvc.Formatters.SystemTextJsonInputFormatter.ReadRequestBodyAsync(InputFormatterContext context, Encoding encoding)
   at Microsoft.AspNetCore.Mvc.Formatters.SystemTextJsonInputFormatter.ReadRequestBodyAsync(InputFormatterContext context, Encoding encoding)
   at Microsoft.AspNetCore.Mvc.ModelBinding.Binders.BodyModelBinder.BindModelAsync(ModelBindingContext bindingContext)
   at Microsoft.AspNetCore.Mvc.ModelBinding.ParameterBinder.BindModelAsync(ActionContext actionContext, IModelBinder modelBinder, IValueProvider valueProvider, ParameterDescriptor parameter, ModelMetadata metadata, Object value, Object container)
   at Microsoft.AspNetCore.Mvc.Controllers.ControllerBinderDelegateProvider.<>c__DisplayClass0_0.<<CreateBinderDelegate>g__Bind|0>d.MoveNext()
--- End of stack trace from previous location ---
   at Microsoft.AspNetCore.Mvc.Infrastructure.ControllerActionInvoker.<InvokeInnerFilterAsync>g__Awaited|13_0(ControllerActionInvoker invoker, Task lastTask, State next, Scope scope, Object state, Boolean isCompleted)
   at Microsoft.AspNetCore.Mvc.Infrastructure.ResourceInvoker.<InvokeFilterPipelineAsync>g__Awaited|20_0(ResourceInvoker invoker, Task lastTask, State next, Scope scope, Object state, Boolean isCompleted)
   at Microsoft.AspNetCore.Mvc.Infrastructure.ResourceInvoker.<InvokeAsync>g__Logged|17_1(ResourceInvoker invoker)
   at Microsoft.AspNetCore.Mvc.Infrastructure.ResourceInvoker.<InvokeAsync>g__Logged|17_1(ResourceInvoker invoker)
   at Microsoft.AspNetCore.Routing.EndpointMiddleware.<Invoke>g__AwaitRequestTask|7_0(Endpoint endpoint, Task requestTask, ILogger logger)
   at Microsoft.AspNetCore.Authorization.AuthorizationMiddleware.Invoke(HttpContext context)
   at Microsoft.AspNetCore.Authentication.AuthenticationMiddleware.Invoke(HttpContext context)
   at Microsoft.AspNetCore.Diagnostics.DeveloperExceptionPageMiddlewareImpl.Invoke(HttpContext context)
2026-06-13 12:28:54.425 +00:00 [INF] Request finished HTTP/1.1 POST http://192.168.1.6:8080/api/user - 500 null text/plain; charset=utf-8 24.7597ms
2026-06-13 12:29:00.341 +00:00 [INF] Request starting HTTP/1.1 OPTIONS http://192.168.1.6:8080/api/auth/refresh - null null
2026-06-13 12:29:00.341 +00:00 [INF] CORS policy execution successful.
2026-06-13 12:29:00.342 +00:00 [INF] Request finished HTTP/1.1 OPTIONS http://192.168.1.6:8080/api/auth/refresh - 204 null null 0.8331ms
2026-06-13 12:29:00.343 +00:00 [INF] Request starting HTTP/1.1 POST http://192.168.1.6:8080/api/auth/refresh - application/json 18
2026-06-13 12:29:00.344 +00:00 [INF] CORS policy execution successful.
2026-06-13 12:29:00.344 +00:00 [INF] ====== OnMessageReceived START ======
2026-06-13 12:29:00.344 +00:00 [INF] Available cookies: 2
2026-06-13 12:29:00.344 +00:00 [INF] Cookie: adminToken = 844 chars
2026-06-13 12:29:00.344 +00:00 [INF] Cookie: adminRefreshToken = 44 chars
2026-06-13 12:29:00.344 +00:00 [INF] Admin token found in cookies, length: 844
2026-06-13 12:29:00.345 +00:00 [INF] Admin token set in context
2026-06-13 12:29:00.345 +00:00 [INF] ====== OnMessageReceived END - Token set: true ======
2026-06-13 12:29:00.345 +00:00 [INF] Token validated successfully for user: lengyelnorbi
2026-06-13 12:29:00.345 +00:00 [INF] Device fingerprint headers - UA: Mozilla/5.0 (Windows NT 10.0; Win64; x64; rv:151.0) Gecko/20100101 Firefox/151.0, Accept: */*, Encoding: gzip, deflate
2026-06-13 12:29:00.346 +00:00 [INF] Device fingerprint validation: Stored=/a2uf4z8rcBIhIr7KGbd6aahMr80Bhj+9uyLiYNZ66A=, Current=/a2uf4z8rcBIhIr7KGbd6aahMr80Bhj+9uyLiYNZ66A=
2026-06-13 12:29:00.347 +00:00 [INF] Executed DbCommand (1ms) [Parameters=[@__jti_0='?', @__userId_1='?' (DbType = Int32)], CommandType='"Text"', CommandTimeout='30']
SELECT a."ID", a."CreatedAt", a."DeviceFingerprint", a."ExpiresAt", a."IpAddress", a."IsRevoked", a."UserID", a.jti
FROM "AccessTokens" AS a
WHERE a.jti = @__jti_0 AND a."UserID" = @__userId_1 AND NOT (a."IsRevoked") AND a."ExpiresAt" > now()
LIMIT 1
2026-06-13 12:29:00.348 +00:00 [INF] Executing endpoint 'API.Controllers.AuthController.RefreshToken (API)'
2026-06-13 12:29:00.350 +00:00 [INF] Route matched with {action = "RefreshToken", controller = "Auth"}. Executing controller action with signature System.Threading.Tasks.Task`1[Microsoft.AspNetCore.Mvc.IActionResult] RefreshToken(API.Models.RequestModels.RefreshRequest) on controller API.Controllers.AuthController (API).
2026-06-13 12:29:00.352 +00:00 [INF] Token refresh attempt at "2026-06-13T12:29:00.3520625Z"
2026-06-13 12:29:00.352 +00:00 [INF] Refreshing admin token at "2026-06-13T12:29:00.3524932Z"
2026-06-13 12:29:00.358 +00:00 [INF] Executed DbCommand (1ms) [Parameters=[@__tokenHash_0='?'], CommandType='"Text"', CommandTimeout='30']
SELECT r."ID", r."CreatedAt", r."DeviceFingerprint", r."ExpiresAt", r."IpAddress", r."IsRevoked", r."TokenHash", r."UserID"
FROM "RefreshTokens" AS r
WHERE r."TokenHash" = @__tokenHash_0 AND NOT (r."IsRevoked") AND r."ExpiresAt" > now()
ORDER BY r."CreatedAt" DESC
LIMIT 1
2026-06-13 12:29:00.364 +00:00 [INF] Mozilla/5.0 (Windows NT 10.0; Win64; x64; rv:151.0) Gecko/20100101 Firefox/151.0
2026-06-13 12:29:00.367 +00:00 [INF] Fetching user by ID from database...
2026-06-13 12:29:00.370 +00:00 [INF] Executed DbCommand (1ms) [Parameters=[@__id_0='?' (DbType = Int32)], CommandType='"Text"', CommandTimeout='30']
SELECT u."ID", u."Email", u."PasswordHash", u."RegisteredAt", u."Role", u."Username"
FROM "Users" AS u
WHERE u."ID" = @__id_0
LIMIT 1
2026-06-13 12:29:00.422 +00:00 [INF] Executed DbCommand (3ms) [Parameters=[@p0='?' (DbType = DateTime), @p1='?', @p2='?' (DbType = DateTime), @p3='?', @p4='?' (DbType = Int32), @p5='?'], CommandType='"Text"', CommandTimeout='30']
INSERT INTO "AccessTokens" ("CreatedAt", "DeviceFingerprint", "ExpiresAt", "IpAddress", "UserID", jti)
VALUES (@p0, @p1, @p2, @p3, @p4, @p5)
RETURNING "ID", "IsRevoked";
2026-06-13 12:29:00.438 +00:00 [INF] Executed DbCommand (1ms) [Parameters=[@__jti_0='?', @__userID_1='?' (DbType = Int32), @__deviceFingerprint_2='?', @__ipAddress_3='?'], CommandType='"Text"', CommandTimeout='30']
SELECT a."ID", a."CreatedAt", a."DeviceFingerprint", a."ExpiresAt", a."IpAddress", a."IsRevoked", a."UserID", a.jti
FROM "AccessTokens" AS a
WHERE a.jti = @__jti_0 AND a."UserID" = @__userID_1 AND a."DeviceFingerprint" = @__deviceFingerprint_2 AND a."IpAddress" = @__ipAddress_3
LIMIT 1
2026-06-13 12:29:00.439 +00:00 [INF] Attempting to revoke access token with jti 942714d0-4899-4808-9cdc-bb9a66cfa78c for user 1 from device /a2uf4z8rcBIhIr7KGbd6aahMr80Bhj+9uyLiYNZ66A= and IP ::ffff:172.20.0.1
2026-06-13 12:29:00.439 +00:00 [INF] Access token found: API.Models.AccessToken
2026-06-13 12:29:00.443 +00:00 [INF] Executed DbCommand (2ms) [Parameters=[@p1='?' (DbType = Int32), @p0='?' (DbType = Boolean)], CommandType='"Text"', CommandTimeout='30']
UPDATE "AccessTokens" SET "IsRevoked" = @p0
WHERE "ID" = @p1;
2026-06-13 12:29:00.443 +00:00 [INF] Access token AccessToken for user 1 revoked: true
2026-06-13 12:29:00.447 +00:00 [INF] Executed DbCommand (2ms) [Parameters=[@p0='?' (DbType = DateTime), @p1='?', @p2='?' (DbType = DateTime), @p3='?', @p4='?', @p5='?' (DbType = Int32)], CommandType='"Text"', CommandTimeout='30']
INSERT INTO "RefreshTokens" ("CreatedAt", "DeviceFingerprint", "ExpiresAt", "IpAddress", "TokenHash", "UserID")
VALUES (@p0, @p1, @p2, @p3, @p4, @p5)
RETURNING "ID", "IsRevoked";
2026-06-13 12:29:00.452 +00:00 [INF] Executed DbCommand (1ms) [Parameters=[@__tokenHash_0='?', @__userId_1='?' (DbType = Int32), @__deviceFingerprint_2='?', @__ipAddress_3='?'], CommandType='"Text"', CommandTimeout='30']
SELECT r."ID", r."CreatedAt", r."DeviceFingerprint", r."ExpiresAt", r."IpAddress", r."IsRevoked", r."TokenHash", r."UserID"
FROM "RefreshTokens" AS r
WHERE r."TokenHash" = @__tokenHash_0 AND r."UserID" = @__userId_1 AND r."DeviceFingerprint" = @__deviceFingerprint_2 AND r."IpAddress" = @__ipAddress_3
LIMIT 1
2026-06-13 12:29:00.454 +00:00 [INF] Executed DbCommand (2ms) [Parameters=[@p1='?' (DbType = Int32), @p0='?' (DbType = Boolean)], CommandType='"Text"', CommandTimeout='30']
UPDATE "RefreshTokens" SET "IsRevoked" = @p0
WHERE "ID" = @p1;
2026-06-13 12:29:00.454 +00:00 [INF] Refresh token 4q83/XagmYJdWHSPySm/61oKn67haJRlg+JtR0E7SZ8= for user 1 revoked: true
2026-06-13 12:29:00.456 +00:00 [INF] Token refreshed successfully for user 1 at "2026-06-13T12:29:00.4560624Z"
2026-06-13 12:29:00.456 +00:00 [INF] Executing OkObjectResult, writing value of type '<>f__AnonymousType3`2[[System.Boolean, System.Private.CoreLib, Version=9.0.0.0, Culture=neutral, PublicKeyToken=7cec85d7bea7798e],[System.Int32, System.Private.CoreLib, Version=9.0.0.0, Culture=neutral, PublicKeyToken=7cec85d7bea7798e]]'.
2026-06-13 12:29:00.458 +00:00 [INF] Executed action API.Controllers.AuthController.RefreshToken (API) in 108.456ms
2026-06-13 12:29:00.459 +00:00 [INF] Executed endpoint 'API.Controllers.AuthController.RefreshToken (API)'
2026-06-13 12:29:00.459 +00:00 [INF] Request finished HTTP/1.1 POST http://192.168.1.6:8080/api/auth/refresh - 200 null application/json; charset=utf-8 115.7071ms
2026-06-13 12:29:23.113 +00:00 [INF] Request starting HTTP/1.1 OPTIONS http://192.168.1.6:8080/api/password/generate-password - null null
2026-06-13 12:29:23.113 +00:00 [INF] CORS policy execution successful.
2026-06-13 12:29:23.114 +00:00 [INF] Request finished HTTP/1.1 OPTIONS http://192.168.1.6:8080/api/password/generate-password - 204 null null 0.6876ms
2026-06-13 12:29:23.115 +00:00 [INF] Request starting HTTP/1.1 POST http://192.168.1.6:8080/api/password/generate-password - application/json 67
2026-06-13 12:29:23.116 +00:00 [INF] CORS policy execution successful.
2026-06-13 12:29:23.116 +00:00 [INF] ====== OnMessageReceived START ======
2026-06-13 12:29:23.116 +00:00 [INF] Available cookies: 2
2026-06-13 12:29:23.116 +00:00 [INF] Cookie: adminToken = 844 chars
2026-06-13 12:29:23.117 +00:00 [INF] Cookie: adminRefreshToken = 44 chars
2026-06-13 12:29:23.117 +00:00 [INF] Admin token found in cookies, length: 844
2026-06-13 12:29:23.117 +00:00 [INF] Admin token set in context
2026-06-13 12:29:23.117 +00:00 [INF] ====== OnMessageReceived END - Token set: true ======
2026-06-13 12:29:23.118 +00:00 [INF] Token validated successfully for user: lengyelnorbi
2026-06-13 12:29:23.118 +00:00 [INF] Device fingerprint headers - UA: Mozilla/5.0 (Windows NT 10.0; Win64; x64; rv:151.0) Gecko/20100101 Firefox/151.0, Accept: */*, Encoding: gzip, deflate
2026-06-13 12:29:23.118 +00:00 [INF] Device fingerprint validation: Stored=/a2uf4z8rcBIhIr7KGbd6aahMr80Bhj+9uyLiYNZ66A=, Current=/a2uf4z8rcBIhIr7KGbd6aahMr80Bhj+9uyLiYNZ66A=
2026-06-13 12:29:23.120 +00:00 [INF] Executed DbCommand (1ms) [Parameters=[@__jti_0='?', @__userId_1='?' (DbType = Int32)], CommandType='"Text"', CommandTimeout='30']
SELECT a."ID", a."CreatedAt", a."DeviceFingerprint", a."ExpiresAt", a."IpAddress", a."IsRevoked", a."UserID", a.jti
FROM "AccessTokens" AS a
WHERE a.jti = @__jti_0 AND a."UserID" = @__userId_1 AND NOT (a."IsRevoked") AND a."ExpiresAt" > now()
LIMIT 1
2026-06-13 12:29:23.121 +00:00 [INF] Executing endpoint 'API.Controllers.PasswordController.GeneratePassword (API)'
2026-06-13 12:29:23.121 +00:00 [INF] Route matched with {action = "GeneratePassword", controller = "Password"}. Executing controller action with signature System.Threading.Tasks.Task`1[Microsoft.AspNetCore.Mvc.IActionResult] GeneratePassword(API.Models.RequestModels.GeneratePwdRequest) on controller API.Controllers.PasswordController (API).
2026-06-13 12:29:23.122 +00:00 [INF] Executing OkObjectResult, writing value of type '<>f__AnonymousType4`1[[System.String, System.Private.CoreLib, Version=9.0.0.0, Culture=neutral, PublicKeyToken=7cec85d7bea7798e]]'.
2026-06-13 12:29:23.122 +00:00 [INF] Executed action API.Controllers.PasswordController.GeneratePassword (API) in 0.7109ms
2026-06-13 12:29:23.122 +00:00 [INF] Executed endpoint 'API.Controllers.PasswordController.GeneratePassword (API)'
2026-06-13 12:29:23.123 +00:00 [INF] Request finished HTTP/1.1 POST http://192.168.1.6:8080/api/password/generate-password - 200 null application/json; charset=utf-8 7.2218ms
2026-06-13 12:29:24.183 +00:00 [INF] Request starting HTTP/1.1 OPTIONS http://192.168.1.6:8080/api/user - null null
2026-06-13 12:29:24.183 +00:00 [INF] CORS policy execution successful.
2026-06-13 12:29:24.184 +00:00 [INF] Request finished HTTP/1.1 OPTIONS http://192.168.1.6:8080/api/user - 204 null null 0.7082ms
2026-06-13 12:29:24.186 +00:00 [INF] Request starting HTTP/1.1 POST http://192.168.1.6:8080/api/user - application/json 109
2026-06-13 12:29:24.186 +00:00 [INF] CORS policy execution successful.
2026-06-13 12:29:24.186 +00:00 [INF] ====== OnMessageReceived START ======
2026-06-13 12:29:24.186 +00:00 [INF] Available cookies: 2
2026-06-13 12:29:24.186 +00:00 [INF] Cookie: adminToken = 844 chars
2026-06-13 12:29:24.187 +00:00 [INF] Cookie: adminRefreshToken = 44 chars
2026-06-13 12:29:24.187 +00:00 [INF] Admin token found in cookies, length: 844
2026-06-13 12:29:24.187 +00:00 [INF] Admin token set in context
2026-06-13 12:29:24.187 +00:00 [INF] ====== OnMessageReceived END - Token set: true ======
2026-06-13 12:29:24.188 +00:00 [INF] Token validated successfully for user: lengyelnorbi
2026-06-13 12:29:24.188 +00:00 [INF] Device fingerprint headers - UA: Mozilla/5.0 (Windows NT 10.0; Win64; x64; rv:151.0) Gecko/20100101 Firefox/151.0, Accept: */*, Encoding: gzip, deflate
2026-06-13 12:29:24.188 +00:00 [INF] Device fingerprint validation: Stored=/a2uf4z8rcBIhIr7KGbd6aahMr80Bhj+9uyLiYNZ66A=, Current=/a2uf4z8rcBIhIr7KGbd6aahMr80Bhj+9uyLiYNZ66A=
2026-06-13 12:29:24.190 +00:00 [INF] Executed DbCommand (1ms) [Parameters=[@__jti_0='?', @__userId_1='?' (DbType = Int32)], CommandType='"Text"', CommandTimeout='30']
SELECT a."ID", a."CreatedAt", a."DeviceFingerprint", a."ExpiresAt", a."IpAddress", a."IsRevoked", a."UserID", a.jti
FROM "AccessTokens" AS a
WHERE a.jti = @__jti_0 AND a."UserID" = @__userId_1 AND NOT (a."IsRevoked") AND a."ExpiresAt" > now()
LIMIT 1
2026-06-13 12:29:24.191 +00:00 [INF] Executing endpoint 'API.Controllers.UserController.CreateUserAsync (API)'
2026-06-13 12:29:24.191 +00:00 [INF] Route matched with {action = "CreateUser", controller = "User"}. Executing controller action with signature System.Threading.Tasks.Task`1[Microsoft.AspNetCore.Mvc.IActionResult] CreateUserAsync(API.DTO.UserDTO) on controller API.Controllers.UserController (API).
2026-06-13 12:29:24.191 +00:00 [INF] Executed action API.Controllers.UserController.CreateUserAsync (API) in 0.4078ms
2026-06-13 12:29:24.192 +00:00 [INF] Executed endpoint 'API.Controllers.UserController.CreateUserAsync (API)'
2026-06-13 12:29:24.192 +00:00 [ERR] An unhandled exception has occurred while executing the request.
System.NotSupportedException: Deserialization of types without a parameterless constructor, a singular parameterized constructor, or a parameterized constructor annotated with 'JsonConstructorAttribute' is not supported. Type 'API.DTO.UserDTO'. Path: $ | LineNumber: 0 | BytePositionInLine: 1.
 ---> System.NotSupportedException: Deserialization of types without a parameterless constructor, a singular parameterized constructor, or a parameterized constructor annotated with 'JsonConstructorAttribute' is not supported. Type 'API.DTO.UserDTO'.
   --- End of inner exception stack trace ---
   at System.Text.Json.ThrowHelper.ThrowNotSupportedException(ReadStack& state, Utf8JsonReader& reader, Exception innerException)
   at System.Text.Json.ThrowHelper.ThrowNotSupportedException_DeserializeNoConstructor(JsonTypeInfo typeInfo, Utf8JsonReader& reader, ReadStack& state)
   at System.Text.Json.Serialization.Converters.ObjectDefaultConverter`1.OnTryRead(Utf8JsonReader& reader, Type typeToConvert, JsonSerializerOptions options, ReadStack& state, T& value)
   at System.Text.Json.Serialization.JsonConverter`1.TryRead(Utf8JsonReader& reader, Type typeToConvert, JsonSerializerOptions options, ReadStack& state, T& value, Boolean& isPopulatedValue)
   at System.Text.Json.Serialization.JsonConverter`1.ReadCore(Utf8JsonReader& reader, T& value, JsonSerializerOptions options, ReadStack& state)
   at System.Text.Json.Serialization.Metadata.JsonTypeInfo`1.ContinueDeserialize[TReadBufferState,TStream](TReadBufferState& bufferState, JsonReaderState& jsonReaderState, ReadStack& readStack, T& value)
   at System.Text.Json.Serialization.Metadata.JsonTypeInfo`1.DeserializeAsync[TReadBufferState,TStream](TStream utf8Json, TReadBufferState bufferState, CancellationToken cancellationToken)
   at System.Text.Json.Serialization.Metadata.JsonTypeInfo`1.DeserializeAsObjectAsync(Stream utf8Json, CancellationToken cancellationToken)
   at Microsoft.AspNetCore.Mvc.Formatters.SystemTextJsonInputFormatter.ReadRequestBodyAsync(InputFormatterContext context, Encoding encoding)
   at Microsoft.AspNetCore.Mvc.Formatters.SystemTextJsonInputFormatter.ReadRequestBodyAsync(InputFormatterContext context, Encoding encoding)
   at Microsoft.AspNetCore.Mvc.ModelBinding.Binders.BodyModelBinder.BindModelAsync(ModelBindingContext bindingContext)
   at Microsoft.AspNetCore.Mvc.ModelBinding.ParameterBinder.BindModelAsync(ActionContext actionContext, IModelBinder modelBinder, IValueProvider valueProvider, ParameterDescriptor parameter, ModelMetadata metadata, Object value, Object container)
   at Microsoft.AspNetCore.Mvc.Controllers.ControllerBinderDelegateProvider.<>c__DisplayClass0_0.<<CreateBinderDelegate>g__Bind|0>d.MoveNext()
--- End of stack trace from previous location ---
   at Microsoft.AspNetCore.Mvc.Infrastructure.ControllerActionInvoker.<InvokeInnerFilterAsync>g__Awaited|13_0(ControllerActionInvoker invoker, Task lastTask, State next, Scope scope, Object state, Boolean isCompleted)
   at Microsoft.AspNetCore.Mvc.Infrastructure.ResourceInvoker.<InvokeFilterPipelineAsync>g__Awaited|20_0(ResourceInvoker invoker, Task lastTask, State next, Scope scope, Object state, Boolean isCompleted)
   at Microsoft.AspNetCore.Mvc.Infrastructure.ResourceInvoker.<InvokeAsync>g__Logged|17_1(ResourceInvoker invoker)
   at Microsoft.AspNetCore.Mvc.Infrastructure.ResourceInvoker.<InvokeAsync>g__Logged|17_1(ResourceInvoker invoker)
   at Microsoft.AspNetCore.Routing.EndpointMiddleware.<Invoke>g__AwaitRequestTask|7_0(Endpoint endpoint, Task requestTask, ILogger logger)
   at Microsoft.AspNetCore.Authorization.AuthorizationMiddleware.Invoke(HttpContext context)
   at Microsoft.AspNetCore.Authentication.AuthenticationMiddleware.Invoke(HttpContext context)
   at Microsoft.AspNetCore.Diagnostics.DeveloperExceptionPageMiddlewareImpl.Invoke(HttpContext context)
2026-06-13 12:29:24.193 +00:00 [INF] Request finished HTTP/1.1 POST http://192.168.1.6:8080/api/user - 500 null text/plain; charset=utf-8 7.8551ms
2026-06-13 12:33:32.816 +00:00 [INF] Request starting HTTP/1.1 OPTIONS http://192.168.1.6:8080/api/auth/refresh - null null
2026-06-13 12:33:32.817 +00:00 [INF] CORS policy execution successful.
2026-06-13 12:33:32.817 +00:00 [INF] Request finished HTTP/1.1 OPTIONS http://192.168.1.6:8080/api/auth/refresh - 204 null null 0.8622ms
2026-06-13 12:33:32.820 +00:00 [INF] Request starting HTTP/1.1 POST http://192.168.1.6:8080/api/auth/refresh - application/json 18
2026-06-13 12:33:32.820 +00:00 [INF] CORS policy execution successful.
2026-06-13 12:33:32.820 +00:00 [INF] ====== OnMessageReceived START ======
2026-06-13 12:33:32.821 +00:00 [INF] Available cookies: 2
2026-06-13 12:33:32.821 +00:00 [INF] Cookie: adminToken = 844 chars
2026-06-13 12:33:32.821 +00:00 [INF] Cookie: adminRefreshToken = 44 chars
2026-06-13 12:33:32.821 +00:00 [INF] Admin token found in cookies, length: 844
2026-06-13 12:33:32.821 +00:00 [INF] Admin token set in context
2026-06-13 12:33:32.821 +00:00 [INF] ====== OnMessageReceived END - Token set: true ======
2026-06-13 12:33:32.822 +00:00 [INF] Token validated successfully for user: lengyelnorbi
2026-06-13 12:33:32.822 +00:00 [INF] Device fingerprint headers - UA: Mozilla/5.0 (Windows NT 10.0; Win64; x64; rv:151.0) Gecko/20100101 Firefox/151.0, Accept: */*, Encoding: gzip, deflate
2026-06-13 12:33:32.822 +00:00 [INF] Device fingerprint validation: Stored=/a2uf4z8rcBIhIr7KGbd6aahMr80Bhj+9uyLiYNZ66A=, Current=/a2uf4z8rcBIhIr7KGbd6aahMr80Bhj+9uyLiYNZ66A=
2026-06-13 12:33:32.833 +00:00 [INF] Executed DbCommand (2ms) [Parameters=[@__jti_0='?', @__userId_1='?' (DbType = Int32)], CommandType='"Text"', CommandTimeout='30']
SELECT a."ID", a."CreatedAt", a."DeviceFingerprint", a."ExpiresAt", a."IpAddress", a."IsRevoked", a."UserID", a.jti
FROM "AccessTokens" AS a
WHERE a.jti = @__jti_0 AND a."UserID" = @__userId_1 AND NOT (a."IsRevoked") AND a."ExpiresAt" > now()
LIMIT 1
2026-06-13 12:33:32.834 +00:00 [INF] Executing endpoint 'API.Controllers.AuthController.RefreshToken (API)'
2026-06-13 12:33:32.834 +00:00 [INF] Route matched with {action = "RefreshToken", controller = "Auth"}. Executing controller action with signature System.Threading.Tasks.Task`1[Microsoft.AspNetCore.Mvc.IActionResult] RefreshToken(API.Models.RequestModels.RefreshRequest) on controller API.Controllers.AuthController (API).
2026-06-13 12:33:32.835 +00:00 [INF] Token refresh attempt at "2026-06-13T12:33:32.8350965Z"
2026-06-13 12:33:32.835 +00:00 [INF] Refreshing admin token at "2026-06-13T12:33:32.8352639Z"
2026-06-13 12:33:32.837 +00:00 [INF] Executed DbCommand (2ms) [Parameters=[@__tokenHash_0='?'], CommandType='"Text"', CommandTimeout='30']
SELECT r."ID", r."CreatedAt", r."DeviceFingerprint", r."ExpiresAt", r."IpAddress", r."IsRevoked", r."TokenHash", r."UserID"
FROM "RefreshTokens" AS r
WHERE r."TokenHash" = @__tokenHash_0 AND NOT (r."IsRevoked") AND r."ExpiresAt" > now()
ORDER BY r."CreatedAt" DESC
LIMIT 1
2026-06-13 12:33:32.837 +00:00 [INF] Mozilla/5.0 (Windows NT 10.0; Win64; x64; rv:151.0) Gecko/20100101 Firefox/151.0
2026-06-13 12:33:32.837 +00:00 [INF] Fetching user by ID from database...
2026-06-13 12:33:32.839 +00:00 [INF] Executed DbCommand (1ms) [Parameters=[@__id_0='?' (DbType = Int32)], CommandType='"Text"', CommandTimeout='30']
SELECT u."ID", u."Email", u."PasswordHash", u."RegisteredAt", u."Role", u."Username"
FROM "Users" AS u
WHERE u."ID" = @__id_0
LIMIT 1
2026-06-13 12:33:32.843 +00:00 [INF] Executed DbCommand (3ms) [Parameters=[@p0='?' (DbType = DateTime), @p1='?', @p2='?' (DbType = DateTime), @p3='?', @p4='?' (DbType = Int32), @p5='?'], CommandType='"Text"', CommandTimeout='30']
INSERT INTO "AccessTokens" ("CreatedAt", "DeviceFingerprint", "ExpiresAt", "IpAddress", "UserID", jti)
VALUES (@p0, @p1, @p2, @p3, @p4, @p5)
RETURNING "ID", "IsRevoked";
2026-06-13 12:33:32.845 +00:00 [INF] Executed DbCommand (1ms) [Parameters=[@__jti_0='?', @__userID_1='?' (DbType = Int32), @__deviceFingerprint_2='?', @__ipAddress_3='?'], CommandType='"Text"', CommandTimeout='30']
SELECT a."ID", a."CreatedAt", a."DeviceFingerprint", a."ExpiresAt", a."IpAddress", a."IsRevoked", a."UserID", a.jti
FROM "AccessTokens" AS a
WHERE a.jti = @__jti_0 AND a."UserID" = @__userID_1 AND a."DeviceFingerprint" = @__deviceFingerprint_2 AND a."IpAddress" = @__ipAddress_3
LIMIT 1
2026-06-13 12:33:32.845 +00:00 [INF] Attempting to revoke access token with jti 38496781-b558-4efd-8ceb-1975ef6e3538 for user 1 from device /a2uf4z8rcBIhIr7KGbd6aahMr80Bhj+9uyLiYNZ66A= and IP ::ffff:172.20.0.1
2026-06-13 12:33:32.845 +00:00 [INF] Access token found: API.Models.AccessToken
2026-06-13 12:33:32.847 +00:00 [INF] Executed DbCommand (1ms) [Parameters=[@p1='?' (DbType = Int32), @p0='?' (DbType = Boolean)], CommandType='"Text"', CommandTimeout='30']
UPDATE "AccessTokens" SET "IsRevoked" = @p0
WHERE "ID" = @p1;
2026-06-13 12:33:32.847 +00:00 [INF] Access token AccessToken for user 1 revoked: true
2026-06-13 12:33:32.850 +00:00 [INF] Executed DbCommand (2ms) [Parameters=[@p0='?' (DbType = DateTime), @p1='?', @p2='?' (DbType = DateTime), @p3='?', @p4='?', @p5='?' (DbType = Int32)], CommandType='"Text"', CommandTimeout='30']
INSERT INTO "RefreshTokens" ("CreatedAt", "DeviceFingerprint", "ExpiresAt", "IpAddress", "TokenHash", "UserID")
VALUES (@p0, @p1, @p2, @p3, @p4, @p5)
RETURNING "ID", "IsRevoked";
2026-06-13 12:33:32.851 +00:00 [INF] Executed DbCommand (1ms) [Parameters=[@__tokenHash_0='?', @__userId_1='?' (DbType = Int32), @__deviceFingerprint_2='?', @__ipAddress_3='?'], CommandType='"Text"', CommandTimeout='30']
SELECT r."ID", r."CreatedAt", r."DeviceFingerprint", r."ExpiresAt", r."IpAddress", r."IsRevoked", r."TokenHash", r."UserID"
FROM "RefreshTokens" AS r
WHERE r."TokenHash" = @__tokenHash_0 AND r."UserID" = @__userId_1 AND r."DeviceFingerprint" = @__deviceFingerprint_2 AND r."IpAddress" = @__ipAddress_3
LIMIT 1
2026-06-13 12:33:32.853 +00:00 [INF] Executed DbCommand (1ms) [Parameters=[@p1='?' (DbType = Int32), @p0='?' (DbType = Boolean)], CommandType='"Text"', CommandTimeout='30']
UPDATE "RefreshTokens" SET "IsRevoked" = @p0
WHERE "ID" = @p1;
2026-06-13 12:33:32.853 +00:00 [INF] Refresh token 8/LOmeoF/YYhOjmc6Rh64vzX2MQr6wvqY1JoEgjLT24= for user 1 revoked: true
2026-06-13 12:33:32.853 +00:00 [INF] Token refreshed successfully for user 1 at "2026-06-13T12:33:32.8539191Z"
2026-06-13 12:33:32.854 +00:00 [INF] Executing OkObjectResult, writing value of type '<>f__AnonymousType3`2[[System.Boolean, System.Private.CoreLib, Version=9.0.0.0, Culture=neutral, PublicKeyToken=7cec85d7bea7798e],[System.Int32, System.Private.CoreLib, Version=9.0.0.0, Culture=neutral, PublicKeyToken=7cec85d7bea7798e]]'.
2026-06-13 12:33:32.854 +00:00 [INF] Executed action API.Controllers.AuthController.RefreshToken (API) in 19.9644ms
2026-06-13 12:33:32.855 +00:00 [INF] Executed endpoint 'API.Controllers.AuthController.RefreshToken (API)'
2026-06-13 12:33:32.855 +00:00 [INF] Request finished HTTP/1.1 POST http://192.168.1.6:8080/api/auth/refresh - 200 null application/json; charset=utf-8 34.9065ms
2026-06-13 12:33:48.121 +00:00 [INF] Application is shutting down...
2026-06-13 12:33:48.893 +00:00 [WRN] Storing keys in a directory '/home/app/.aspnet/DataProtection-Keys' that may not be persisted outside of the container. Protected data will be unavailable when container is destroyed. For more information go to https://aka.ms/aspnet/dataprotectionwarning
2026-06-13 12:33:48.915 +00:00 [INF] User profile is available. Using '/home/app/.aspnet/DataProtection-Keys' as key repository; keys will not be encrypted at rest.
2026-06-13 12:33:48.924 +00:00 [INF] Creating key {3f77c5d2-99a4-49e6-b981-3ac729d294ea} with creation date 2026-06-13 12:33:48Z, activation date 2026-06-13 12:33:48Z, and expiration date 2026-09-11 12:33:48Z.
2026-06-13 12:33:48.954 +00:00 [WRN] No XML encryptor configured. Key {3f77c5d2-99a4-49e6-b981-3ac729d294ea} may be persisted to storage in unencrypted form.
2026-06-13 12:33:48.956 +00:00 [INF] Writing data to file '/home/app/.aspnet/DataProtection-Keys/key-3f77c5d2-99a4-49e6-b981-3ac729d294ea.xml'.
2026-06-13 12:33:49.000 +00:00 [INF] Now listening on: http://[::]:8080
2026-06-13 12:33:49.001 +00:00 [INF] Application started. Press Ctrl+C to shut down.
2026-06-13 12:33:49.002 +00:00 [INF] Hosting environment: Development
2026-06-13 12:33:49.002 +00:00 [INF] Content root path: /app
2026-06-13 12:34:01.861 +00:00 [INF] Request starting HTTP/1.1 GET http://192.168.1.6:8080/api/user?page=1&limit=10 - null null
2026-06-13 12:34:01.861 +00:00 [INF] Request starting HTTP/1.1 GET http://192.168.1.6:8080/api/user - null null
2026-06-13 12:34:01.874 +00:00 [WRN] Failed to determine the https port for redirect.
2026-06-13 12:34:01.876 +00:00 [INF] CORS policy execution successful.
2026-06-13 12:34:01.876 +00:00 [INF] CORS policy execution successful.
2026-06-13 12:34:01.890 +00:00 [INF] ====== OnMessageReceived START ======
2026-06-13 12:34:01.890 +00:00 [INF] ====== OnMessageReceived START ======
2026-06-13 12:34:01.891 +00:00 [INF] Available cookies: 2
2026-06-13 12:34:01.891 +00:00 [INF] Available cookies: 2
2026-06-13 12:34:01.892 +00:00 [INF] Cookie: adminToken = 844 chars
2026-06-13 12:34:01.892 +00:00 [INF] Cookie: adminToken = 844 chars
2026-06-13 12:34:01.893 +00:00 [INF] Cookie: adminRefreshToken = 44 chars
2026-06-13 12:34:01.893 +00:00 [INF] Cookie: adminRefreshToken = 44 chars
2026-06-13 12:34:01.893 +00:00 [INF] Admin token found in cookies, length: 844
2026-06-13 12:34:01.894 +00:00 [INF] Admin token found in cookies, length: 844
2026-06-13 12:34:01.894 +00:00 [INF] Admin token set in context
2026-06-13 12:34:01.894 +00:00 [INF] Admin token set in context
2026-06-13 12:34:01.894 +00:00 [INF] ====== OnMessageReceived END - Token set: true ======
2026-06-13 12:34:01.894 +00:00 [INF] ====== OnMessageReceived END - Token set: true ======
2026-06-13 12:34:01.925 +00:00 [INF] Token validated successfully for user: lengyelnorbi
2026-06-13 12:34:01.925 +00:00 [INF] Token validated successfully for user: lengyelnorbi
2026-06-13 12:34:01.926 +00:00 [INF] Device fingerprint headers - UA: Mozilla/5.0 (Windows NT 10.0; Win64; x64; rv:151.0) Gecko/20100101 Firefox/151.0, Accept: application/json, text/plain, */*, Encoding: gzip, deflate
2026-06-13 12:34:01.926 +00:00 [INF] Device fingerprint headers - UA: Mozilla/5.0 (Windows NT 10.0; Win64; x64; rv:151.0) Gecko/20100101 Firefox/151.0, Accept: application/json, text/plain, */*, Encoding: gzip, deflate
2026-06-13 12:34:01.926 +00:00 [INF] Device fingerprint validation: Stored=/a2uf4z8rcBIhIr7KGbd6aahMr80Bhj+9uyLiYNZ66A=, Current=/a2uf4z8rcBIhIr7KGbd6aahMr80Bhj+9uyLiYNZ66A=
2026-06-13 12:34:01.926 +00:00 [INF] Device fingerprint validation: Stored=/a2uf4z8rcBIhIr7KGbd6aahMr80Bhj+9uyLiYNZ66A=, Current=/a2uf4z8rcBIhIr7KGbd6aahMr80Bhj+9uyLiYNZ66A=
2026-06-13 12:34:02.549 +00:00 [INF] Executed DbCommand (29ms) [Parameters=[@__jti_0='?', @__userId_1='?' (DbType = Int32)], CommandType='"Text"', CommandTimeout='30']
SELECT a."ID", a."CreatedAt", a."DeviceFingerprint", a."ExpiresAt", a."IpAddress", a."IsRevoked", a."UserID", a.jti
FROM "AccessTokens" AS a
WHERE a.jti = @__jti_0 AND a."UserID" = @__userId_1 AND NOT (a."IsRevoked") AND a."ExpiresAt" > now()
LIMIT 1
2026-06-13 12:34:02.549 +00:00 [INF] Executed DbCommand (29ms) [Parameters=[@__jti_0='?', @__userId_1='?' (DbType = Int32)], CommandType='"Text"', CommandTimeout='30']
SELECT a."ID", a."CreatedAt", a."DeviceFingerprint", a."ExpiresAt", a."IpAddress", a."IsRevoked", a."UserID", a.jti
FROM "AccessTokens" AS a
WHERE a.jti = @__jti_0 AND a."UserID" = @__userId_1 AND NOT (a."IsRevoked") AND a."ExpiresAt" > now()
LIMIT 1
2026-06-13 12:34:02.598 +00:00 [INF] Executing endpoint 'API.Controllers.UserController.Get (API)'
2026-06-13 12:34:02.598 +00:00 [INF] Executing endpoint 'API.Controllers.UserController.Get (API)'
2026-06-13 12:34:02.607 +00:00 [INF] Route matched with {action = "Get", controller = "User"}. Executing controller action with signature System.Threading.Tasks.Task`1[System.Collections.Generic.IEnumerable`1[API.DTO.UserDTO]] Get() on controller API.Controllers.UserController (API).
2026-06-13 12:34:02.607 +00:00 [INF] Route matched with {action = "Get", controller = "User"}. Executing controller action with signature System.Threading.Tasks.Task`1[System.Collections.Generic.IEnumerable`1[API.DTO.UserDTO]] Get() on controller API.Controllers.UserController (API).
2026-06-13 12:34:02.608 +00:00 [INF] Fetching user data from database...
2026-06-13 12:34:02.608 +00:00 [INF] Fetching user data from database...
2026-06-13 12:34:02.618 +00:00 [INF] Executed DbCommand (3ms) [Parameters=[], CommandType='"Text"', CommandTimeout='30']
SELECT u."ID", u."Email", u."PasswordHash", u."RegisteredAt", u."Role", u."Username"
FROM "Users" AS u
2026-06-13 12:34:02.618 +00:00 [INF] Executed DbCommand (3ms) [Parameters=[], CommandType='"Text"', CommandTimeout='30']
SELECT u."ID", u."Email", u."PasswordHash", u."RegisteredAt", u."Role", u."Username"
FROM "Users" AS u
2026-06-13 12:34:02.647 +00:00 [INF] Executing ObjectResult, writing value of type 'System.Collections.Generic.List`1[[API.DTO.UserDTO, API, Version=1.0.0.0, Culture=neutral, PublicKeyToken=null]]'.
2026-06-13 12:34:02.647 +00:00 [INF] Executing ObjectResult, writing value of type 'System.Collections.Generic.List`1[[API.DTO.UserDTO, API, Version=1.0.0.0, Culture=neutral, PublicKeyToken=null]]'.
2026-06-13 12:34:02.676 +00:00 [INF] Executed action API.Controllers.UserController.Get (API) in 67.5166ms
2026-06-13 12:34:02.676 +00:00 [INF] Executed action API.Controllers.UserController.Get (API) in 67.4016ms
2026-06-13 12:34:02.679 +00:00 [INF] Executed endpoint 'API.Controllers.UserController.Get (API)'
2026-06-13 12:34:02.679 +00:00 [INF] Executed endpoint 'API.Controllers.UserController.Get (API)'
2026-06-13 12:34:02.684 +00:00 [INF] Request finished HTTP/1.1 GET http://192.168.1.6:8080/api/user - 200 null application/json; charset=utf-8 823.8117ms
2026-06-13 12:34:02.684 +00:00 [INF] Request finished HTTP/1.1 GET http://192.168.1.6:8080/api/user?page=1&limit=10 - 200 null application/json; charset=utf-8 823.8146ms
2026-06-13 12:34:05.796 +00:00 [INF] Request starting HTTP/1.1 OPTIONS http://192.168.1.6:8080/api/password/generate-password - null null
2026-06-13 12:34:05.798 +00:00 [INF] CORS policy execution successful.
2026-06-13 12:34:05.799 +00:00 [INF] Request finished HTTP/1.1 OPTIONS http://192.168.1.6:8080/api/password/generate-password - 204 null null 2.6924ms
2026-06-13 12:34:05.801 +00:00 [INF] Request starting HTTP/1.1 POST http://192.168.1.6:8080/api/password/generate-password - application/json 67
2026-06-13 12:34:05.802 +00:00 [INF] CORS policy execution successful.
2026-06-13 12:34:05.803 +00:00 [INF] ====== OnMessageReceived START ======
2026-06-13 12:34:05.804 +00:00 [INF] Available cookies: 2
2026-06-13 12:34:05.804 +00:00 [INF] Cookie: adminToken = 844 chars
2026-06-13 12:34:05.804 +00:00 [INF] Cookie: adminRefreshToken = 44 chars
2026-06-13 12:34:05.804 +00:00 [INF] Admin token found in cookies, length: 844
2026-06-13 12:34:05.804 +00:00 [INF] Admin token set in context
2026-06-13 12:34:05.804 +00:00 [INF] ====== OnMessageReceived END - Token set: true ======
2026-06-13 12:34:05.805 +00:00 [INF] Token validated successfully for user: lengyelnorbi
2026-06-13 12:34:05.805 +00:00 [INF] Device fingerprint headers - UA: Mozilla/5.0 (Windows NT 10.0; Win64; x64; rv:151.0) Gecko/20100101 Firefox/151.0, Accept: */*, Encoding: gzip, deflate
2026-06-13 12:34:05.806 +00:00 [INF] Device fingerprint validation: Stored=/a2uf4z8rcBIhIr7KGbd6aahMr80Bhj+9uyLiYNZ66A=, Current=/a2uf4z8rcBIhIr7KGbd6aahMr80Bhj+9uyLiYNZ66A=
2026-06-13 12:34:05.845 +00:00 [INF] Executed DbCommand (2ms) [Parameters=[@__jti_0='?', @__userId_1='?' (DbType = Int32)], CommandType='"Text"', CommandTimeout='30']
SELECT a."ID", a."CreatedAt", a."DeviceFingerprint", a."ExpiresAt", a."IpAddress", a."IsRevoked", a."UserID", a.jti
FROM "AccessTokens" AS a
WHERE a.jti = @__jti_0 AND a."UserID" = @__userId_1 AND NOT (a."IsRevoked") AND a."ExpiresAt" > now()
LIMIT 1
2026-06-13 12:34:05.848 +00:00 [INF] Executing endpoint 'API.Controllers.PasswordController.GeneratePassword (API)'
2026-06-13 12:34:05.853 +00:00 [INF] Route matched with {action = "GeneratePassword", controller = "Password"}. Executing controller action with signature System.Threading.Tasks.Task`1[Microsoft.AspNetCore.Mvc.IActionResult] GeneratePassword(API.Models.RequestModels.GeneratePwdRequest) on controller API.Controllers.PasswordController (API).
2026-06-13 12:34:05.874 +00:00 [INF] Executing OkObjectResult, writing value of type '<>f__AnonymousType4`1[[System.String, System.Private.CoreLib, Version=9.0.0.0, Culture=neutral, PublicKeyToken=7cec85d7bea7798e]]'.
2026-06-13 12:34:05.876 +00:00 [INF] Executed action API.Controllers.PasswordController.GeneratePassword (API) in 21.958ms
2026-06-13 12:34:05.876 +00:00 [INF] Executed endpoint 'API.Controllers.PasswordController.GeneratePassword (API)'
2026-06-13 12:34:05.876 +00:00 [INF] Request finished HTTP/1.1 POST http://192.168.1.6:8080/api/password/generate-password - 200 null application/json; charset=utf-8 74.975ms
2026-06-13 12:34:07.184 +00:00 [INF] Request starting HTTP/1.1 OPTIONS http://192.168.1.6:8080/api/user - null null
2026-06-13 12:34:07.185 +00:00 [INF] CORS policy execution successful.
2026-06-13 12:34:07.185 +00:00 [INF] Request finished HTTP/1.1 OPTIONS http://192.168.1.6:8080/api/user - 204 null null 1.0475ms
2026-06-13 12:34:07.187 +00:00 [INF] Request starting HTTP/1.1 POST http://192.168.1.6:8080/api/user - application/json 109
2026-06-13 12:34:07.187 +00:00 [INF] CORS policy execution successful.
2026-06-13 12:34:07.188 +00:00 [INF] ====== OnMessageReceived START ======
2026-06-13 12:34:07.188 +00:00 [INF] Available cookies: 2
2026-06-13 12:34:07.188 +00:00 [INF] Cookie: adminToken = 844 chars
2026-06-13 12:34:07.188 +00:00 [INF] Cookie: adminRefreshToken = 44 chars
2026-06-13 12:34:07.188 +00:00 [INF] Admin token found in cookies, length: 844
2026-06-13 12:34:07.189 +00:00 [INF] Admin token set in context
2026-06-13 12:34:07.189 +00:00 [INF] ====== OnMessageReceived END - Token set: true ======
2026-06-13 12:34:07.189 +00:00 [INF] Token validated successfully for user: lengyelnorbi
2026-06-13 12:34:07.189 +00:00 [INF] Device fingerprint headers - UA: Mozilla/5.0 (Windows NT 10.0; Win64; x64; rv:151.0) Gecko/20100101 Firefox/151.0, Accept: */*, Encoding: gzip, deflate
2026-06-13 12:34:07.189 +00:00 [INF] Device fingerprint validation: Stored=/a2uf4z8rcBIhIr7KGbd6aahMr80Bhj+9uyLiYNZ66A=, Current=/a2uf4z8rcBIhIr7KGbd6aahMr80Bhj+9uyLiYNZ66A=
2026-06-13 12:34:07.192 +00:00 [INF] Executed DbCommand (1ms) [Parameters=[@__jti_0='?', @__userId_1='?' (DbType = Int32)], CommandType='"Text"', CommandTimeout='30']
SELECT a."ID", a."CreatedAt", a."DeviceFingerprint", a."ExpiresAt", a."IpAddress", a."IsRevoked", a."UserID", a.jti
FROM "AccessTokens" AS a
WHERE a.jti = @__jti_0 AND a."UserID" = @__userId_1 AND NOT (a."IsRevoked") AND a."ExpiresAt" > now()
LIMIT 1
2026-06-13 12:34:07.194 +00:00 [INF] Executing endpoint 'API.Controllers.UserController.CreateUserAsync (API)'
2026-06-13 12:34:07.196 +00:00 [INF] Route matched with {action = "CreateUser", controller = "User"}. Executing controller action with signature System.Threading.Tasks.Task`1[Microsoft.AspNetCore.Mvc.IActionResult] CreateUserAsync(API.DTO.UserDTO) on controller API.Controllers.UserController (API).
2026-06-13 12:34:07.200 +00:00 [INF] Executed action API.Controllers.UserController.CreateUserAsync (API) in 3.5026ms
2026-06-13 12:34:07.200 +00:00 [INF] Executed endpoint 'API.Controllers.UserController.CreateUserAsync (API)'
2026-06-13 12:34:07.201 +00:00 [ERR] An unhandled exception has occurred while executing the request.
System.NotSupportedException: Deserialization of types without a parameterless constructor, a singular parameterized constructor, or a parameterized constructor annotated with 'JsonConstructorAttribute' is not supported. Type 'API.DTO.UserDTO'. Path: $ | LineNumber: 0 | BytePositionInLine: 1.
 ---> System.NotSupportedException: Deserialization of types without a parameterless constructor, a singular parameterized constructor, or a parameterized constructor annotated with 'JsonConstructorAttribute' is not supported. Type 'API.DTO.UserDTO'.
   --- End of inner exception stack trace ---
   at System.Text.Json.ThrowHelper.ThrowNotSupportedException(ReadStack& state, Utf8JsonReader& reader, Exception innerException)
   at System.Text.Json.ThrowHelper.ThrowNotSupportedException_DeserializeNoConstructor(JsonTypeInfo typeInfo, Utf8JsonReader& reader, ReadStack& state)
   at System.Text.Json.Serialization.Converters.ObjectDefaultConverter`1.OnTryRead(Utf8JsonReader& reader, Type typeToConvert, JsonSerializerOptions options, ReadStack& state, T& value)
   at System.Text.Json.Serialization.JsonConverter`1.TryRead(Utf8JsonReader& reader, Type typeToConvert, JsonSerializerOptions options, ReadStack& state, T& value, Boolean& isPopulatedValue)
   at System.Text.Json.Serialization.JsonConverter`1.ReadCore(Utf8JsonReader& reader, T& value, JsonSerializerOptions options, ReadStack& state)
   at System.Text.Json.Serialization.Metadata.JsonTypeInfo`1.ContinueDeserialize[TReadBufferState,TStream](TReadBufferState& bufferState, JsonReaderState& jsonReaderState, ReadStack& readStack, T& value)
   at System.Text.Json.Serialization.Metadata.JsonTypeInfo`1.DeserializeAsync[TReadBufferState,TStream](TStream utf8Json, TReadBufferState bufferState, CancellationToken cancellationToken)
   at System.Text.Json.Serialization.Metadata.JsonTypeInfo`1.DeserializeAsObjectAsync(Stream utf8Json, CancellationToken cancellationToken)
   at Microsoft.AspNetCore.Mvc.Formatters.SystemTextJsonInputFormatter.ReadRequestBodyAsync(InputFormatterContext context, Encoding encoding)
   at Microsoft.AspNetCore.Mvc.Formatters.SystemTextJsonInputFormatter.ReadRequestBodyAsync(InputFormatterContext context, Encoding encoding)
   at Microsoft.AspNetCore.Mvc.ModelBinding.Binders.BodyModelBinder.BindModelAsync(ModelBindingContext bindingContext)
   at Microsoft.AspNetCore.Mvc.ModelBinding.ParameterBinder.BindModelAsync(ActionContext actionContext, IModelBinder modelBinder, IValueProvider valueProvider, ParameterDescriptor parameter, ModelMetadata metadata, Object value, Object container)
   at Microsoft.AspNetCore.Mvc.Controllers.ControllerBinderDelegateProvider.<>c__DisplayClass0_0.<<CreateBinderDelegate>g__Bind|0>d.MoveNext()
--- End of stack trace from previous location ---
   at Microsoft.AspNetCore.Mvc.Infrastructure.ControllerActionInvoker.<InvokeInnerFilterAsync>g__Awaited|13_0(ControllerActionInvoker invoker, Task lastTask, State next, Scope scope, Object state, Boolean isCompleted)
   at Microsoft.AspNetCore.Mvc.Infrastructure.ResourceInvoker.<InvokeFilterPipelineAsync>g__Awaited|20_0(ResourceInvoker invoker, Task lastTask, State next, Scope scope, Object state, Boolean isCompleted)
   at Microsoft.AspNetCore.Mvc.Infrastructure.ResourceInvoker.<InvokeAsync>g__Logged|17_1(ResourceInvoker invoker)
   at Microsoft.AspNetCore.Mvc.Infrastructure.ResourceInvoker.<InvokeAsync>g__Logged|17_1(ResourceInvoker invoker)
   at Microsoft.AspNetCore.Routing.EndpointMiddleware.<Invoke>g__AwaitRequestTask|7_0(Endpoint endpoint, Task requestTask, ILogger logger)
   at Microsoft.AspNetCore.Authorization.AuthorizationMiddleware.Invoke(HttpContext context)
   at Microsoft.AspNetCore.Authentication.AuthenticationMiddleware.Invoke(HttpContext context)
   at Microsoft.AspNetCore.Diagnostics.DeveloperExceptionPageMiddlewareImpl.Invoke(HttpContext context)
2026-06-13 12:34:07.209 +00:00 [INF] Request finished HTTP/1.1 POST http://192.168.1.6:8080/api/user - 500 null text/plain; charset=utf-8 22.082ms
2026-06-13 12:37:34.876 +00:00 [INF] Application is shutting down...
2026-06-13 12:37:35.640 +00:00 [WRN] Storing keys in a directory '/home/app/.aspnet/DataProtection-Keys' that may not be persisted outside of the container. Protected data will be unavailable when container is destroyed. For more information go to https://aka.ms/aspnet/dataprotectionwarning
2026-06-13 12:37:35.662 +00:00 [INF] User profile is available. Using '/home/app/.aspnet/DataProtection-Keys' as key repository; keys will not be encrypted at rest.
2026-06-13 12:37:35.672 +00:00 [INF] Creating key {d170e3ad-e42c-47e9-a47b-ece90b8a66d9} with creation date 2026-06-13 12:37:35Z, activation date 2026-06-13 12:37:35Z, and expiration date 2026-09-11 12:37:35Z.
2026-06-13 12:37:35.706 +00:00 [WRN] No XML encryptor configured. Key {d170e3ad-e42c-47e9-a47b-ece90b8a66d9} may be persisted to storage in unencrypted form.
2026-06-13 12:37:35.708 +00:00 [INF] Writing data to file '/home/app/.aspnet/DataProtection-Keys/key-d170e3ad-e42c-47e9-a47b-ece90b8a66d9.xml'.
2026-06-13 12:37:35.753 +00:00 [INF] Now listening on: http://[::]:8080
2026-06-13 12:37:35.754 +00:00 [INF] Application started. Press Ctrl+C to shut down.
2026-06-13 12:37:35.755 +00:00 [INF] Hosting environment: Development
2026-06-13 12:37:35.755 +00:00 [INF] Content root path: /app
2026-06-13 12:38:02.959 +00:00 [INF] Request starting HTTP/1.1 OPTIONS http://192.168.1.6:8080/api/auth/refresh - null null
2026-06-13 12:38:02.969 +00:00 [WRN] Failed to determine the https port for redirect.
2026-06-13 12:38:02.971 +00:00 [INF] CORS policy execution successful.
2026-06-13 12:38:02.977 +00:00 [INF] Request starting HTTP/1.1 POST http://192.168.1.6:8080/api/auth/refresh - application/json 18
2026-06-13 12:38:02.979 +00:00 [INF] CORS policy execution successful.
2026-06-13 12:38:02.973 +00:00 [INF] Request finished HTTP/1.1 OPTIONS http://192.168.1.6:8080/api/auth/refresh - 204 null null 15.7619ms
2026-06-13 12:38:02.990 +00:00 [INF] ====== OnMessageReceived START ======
2026-06-13 12:38:02.991 +00:00 [INF] Available cookies: 2
2026-06-13 12:38:02.992 +00:00 [INF] Cookie: adminToken = 844 chars
2026-06-13 12:38:02.994 +00:00 [INF] Cookie: adminRefreshToken = 44 chars
2026-06-13 12:38:02.994 +00:00 [INF] Admin token found in cookies, length: 844
2026-06-13 12:38:02.994 +00:00 [INF] Admin token set in context
2026-06-13 12:38:02.994 +00:00 [INF] ====== OnMessageReceived END - Token set: true ======
2026-06-13 12:38:03.019 +00:00 [INF] Token validated successfully for user: lengyelnorbi
2026-06-13 12:38:03.020 +00:00 [INF] Device fingerprint headers - UA: Mozilla/5.0 (Windows NT 10.0; Win64; x64; rv:151.0) Gecko/20100101 Firefox/151.0, Accept: */*, Encoding: gzip, deflate
2026-06-13 12:38:03.020 +00:00 [INF] Device fingerprint validation: Stored=/a2uf4z8rcBIhIr7KGbd6aahMr80Bhj+9uyLiYNZ66A=, Current=/a2uf4z8rcBIhIr7KGbd6aahMr80Bhj+9uyLiYNZ66A=
2026-06-13 12:38:03.608 +00:00 [INF] Executed DbCommand (24ms) [Parameters=[@__jti_0='?', @__userId_1='?' (DbType = Int32)], CommandType='"Text"', CommandTimeout='30']
SELECT a."ID", a."CreatedAt", a."DeviceFingerprint", a."ExpiresAt", a."IpAddress", a."IsRevoked", a."UserID", a.jti
FROM "AccessTokens" AS a
WHERE a.jti = @__jti_0 AND a."UserID" = @__userId_1 AND NOT (a."IsRevoked") AND a."ExpiresAt" > now()
LIMIT 1
2026-06-13 12:38:03.652 +00:00 [INF] Executing endpoint 'API.Controllers.AuthController.RefreshToken (API)'
2026-06-13 12:38:03.660 +00:00 [INF] Route matched with {action = "RefreshToken", controller = "Auth"}. Executing controller action with signature System.Threading.Tasks.Task`1[Microsoft.AspNetCore.Mvc.IActionResult] RefreshToken(API.Models.RequestModels.RefreshRequest) on controller API.Controllers.AuthController (API).
2026-06-13 12:38:03.684 +00:00 [INF] Token refresh attempt at "2026-06-13T12:38:03.6847357Z"
2026-06-13 12:38:03.685 +00:00 [INF] Refreshing admin token at "2026-06-13T12:38:03.6859254Z"
2026-06-13 12:38:03.693 +00:00 [INF] Executed DbCommand (3ms) [Parameters=[@__tokenHash_0='?'], CommandType='"Text"', CommandTimeout='30']
SELECT r."ID", r."CreatedAt", r."DeviceFingerprint", r."ExpiresAt", r."IpAddress", r."IsRevoked", r."TokenHash", r."UserID"
FROM "RefreshTokens" AS r
WHERE r."TokenHash" = @__tokenHash_0 AND NOT (r."IsRevoked") AND r."ExpiresAt" > now()
ORDER BY r."CreatedAt" DESC
LIMIT 1
2026-06-13 12:38:03.701 +00:00 [INF] Mozilla/5.0 (Windows NT 10.0; Win64; x64; rv:151.0) Gecko/20100101 Firefox/151.0
2026-06-13 12:38:03.705 +00:00 [INF] Fetching user by ID from database...
2026-06-13 12:38:03.711 +00:00 [INF] Executed DbCommand (2ms) [Parameters=[@__id_0='?' (DbType = Int32)], CommandType='"Text"', CommandTimeout='30']
SELECT u."ID", u."Email", u."PasswordHash", u."RegisteredAt", u."Role", u."Username"
FROM "Users" AS u
WHERE u."ID" = @__id_0
LIMIT 1
2026-06-13 12:38:03.788 +00:00 [INF] Executed DbCommand (4ms) [Parameters=[@p0='?' (DbType = DateTime), @p1='?', @p2='?' (DbType = DateTime), @p3='?', @p4='?' (DbType = Int32), @p5='?'], CommandType='"Text"', CommandTimeout='30']
INSERT INTO "AccessTokens" ("CreatedAt", "DeviceFingerprint", "ExpiresAt", "IpAddress", "UserID", jti)
VALUES (@p0, @p1, @p2, @p3, @p4, @p5)
RETURNING "ID", "IsRevoked";
2026-06-13 12:38:03.807 +00:00 [INF] Executed DbCommand (1ms) [Parameters=[@__jti_0='?', @__userID_1='?' (DbType = Int32), @__deviceFingerprint_2='?', @__ipAddress_3='?'], CommandType='"Text"', CommandTimeout='30']
SELECT a."ID", a."CreatedAt", a."DeviceFingerprint", a."ExpiresAt", a."IpAddress", a."IsRevoked", a."UserID", a.jti
FROM "AccessTokens" AS a
WHERE a.jti = @__jti_0 AND a."UserID" = @__userID_1 AND a."DeviceFingerprint" = @__deviceFingerprint_2 AND a."IpAddress" = @__ipAddress_3
LIMIT 1
2026-06-13 12:38:03.807 +00:00 [INF] Attempting to revoke access token with jti f0f460da-3386-483a-8727-bbd3e51d0f29 for user 1 from device /a2uf4z8rcBIhIr7KGbd6aahMr80Bhj+9uyLiYNZ66A= and IP ::ffff:172.20.0.1
2026-06-13 12:38:03.807 +00:00 [INF] Access token found: API.Models.AccessToken
2026-06-13 12:38:03.812 +00:00 [INF] Executed DbCommand (2ms) [Parameters=[@p1='?' (DbType = Int32), @p0='?' (DbType = Boolean)], CommandType='"Text"', CommandTimeout='30']
UPDATE "AccessTokens" SET "IsRevoked" = @p0
WHERE "ID" = @p1;
2026-06-13 12:38:03.812 +00:00 [INF] Access token AccessToken for user 1 revoked: true
2026-06-13 12:38:03.816 +00:00 [INF] Executed DbCommand (2ms) [Parameters=[@p0='?' (DbType = DateTime), @p1='?', @p2='?' (DbType = DateTime), @p3='?', @p4='?', @p5='?' (DbType = Int32)], CommandType='"Text"', CommandTimeout='30']
INSERT INTO "RefreshTokens" ("CreatedAt", "DeviceFingerprint", "ExpiresAt", "IpAddress", "TokenHash", "UserID")
VALUES (@p0, @p1, @p2, @p3, @p4, @p5)
RETURNING "ID", "IsRevoked";
2026-06-13 12:38:03.822 +00:00 [INF] Executed DbCommand (1ms) [Parameters=[@__tokenHash_0='?', @__userId_1='?' (DbType = Int32), @__deviceFingerprint_2='?', @__ipAddress_3='?'], CommandType='"Text"', CommandTimeout='30']
SELECT r."ID", r."CreatedAt", r."DeviceFingerprint", r."ExpiresAt", r."IpAddress", r."IsRevoked", r."TokenHash", r."UserID"
FROM "RefreshTokens" AS r
WHERE r."TokenHash" = @__tokenHash_0 AND r."UserID" = @__userId_1 AND r."DeviceFingerprint" = @__deviceFingerprint_2 AND r."IpAddress" = @__ipAddress_3
LIMIT 1
2026-06-13 12:38:03.824 +00:00 [INF] Executed DbCommand (2ms) [Parameters=[@p1='?' (DbType = Int32), @p0='?' (DbType = Boolean)], CommandType='"Text"', CommandTimeout='30']
UPDATE "RefreshTokens" SET "IsRevoked" = @p0
WHERE "ID" = @p1;
2026-06-13 12:38:03.825 +00:00 [INF] Refresh token brIa6w5IRz10efhHWzSybta2xwGNhrcSij48Hr4pC08= for user 1 revoked: true
2026-06-13 12:38:03.827 +00:00 [INF] Token refreshed successfully for user 1 at "2026-06-13T12:38:03.8271811Z"
2026-06-13 12:38:03.831 +00:00 [INF] Executing OkObjectResult, writing value of type '<>f__AnonymousType3`2[[System.Boolean, System.Private.CoreLib, Version=9.0.0.0, Culture=neutral, PublicKeyToken=7cec85d7bea7798e],[System.Int32, System.Private.CoreLib, Version=9.0.0.0, Culture=neutral, PublicKeyToken=7cec85d7bea7798e]]'.
2026-06-13 12:38:03.839 +00:00 [INF] Executed action API.Controllers.AuthController.RefreshToken (API) in 177.2013ms
2026-06-13 12:38:03.840 +00:00 [INF] Executed endpoint 'API.Controllers.AuthController.RefreshToken (API)'
2026-06-13 12:38:03.843 +00:00 [INF] Request finished HTTP/1.1 POST http://192.168.1.6:8080/api/auth/refresh - 200 null application/json; charset=utf-8 866.2481ms
2026-06-13 12:39:32.861 +00:00 [INF] Request starting HTTP/1.1 GET http://192.168.1.6:8080/api/user?page=1&limit=10 - null null
2026-06-13 12:39:32.862 +00:00 [INF] CORS policy execution successful.
2026-06-13 12:39:32.863 +00:00 [INF] Request starting HTTP/1.1 GET http://192.168.1.6:8080/api/user - null null
2026-06-13 12:39:32.863 +00:00 [INF] ====== OnMessageReceived START ======
2026-06-13 12:39:32.863 +00:00 [INF] CORS policy execution successful.
2026-06-13 12:39:32.863 +00:00 [INF] Available cookies: 2
2026-06-13 12:39:32.864 +00:00 [INF] Cookie: adminToken = 844 chars
2026-06-13 12:39:32.864 +00:00 [INF] Cookie: adminRefreshToken = 44 chars
2026-06-13 12:39:32.864 +00:00 [INF] Admin token found in cookies, length: 844
2026-06-13 12:39:32.864 +00:00 [INF] Admin token set in context
2026-06-13 12:39:32.864 +00:00 [INF] ====== OnMessageReceived END - Token set: true ======
2026-06-13 12:39:32.865 +00:00 [INF] ====== OnMessageReceived START ======
2026-06-13 12:39:32.865 +00:00 [INF] Available cookies: 2
2026-06-13 12:39:32.865 +00:00 [INF] Cookie: adminToken = 844 chars
2026-06-13 12:39:32.865 +00:00 [INF] Cookie: adminRefreshToken = 44 chars
2026-06-13 12:39:32.865 +00:00 [INF] Token validated successfully for user: lengyelnorbi
2026-06-13 12:39:32.866 +00:00 [INF] Admin token found in cookies, length: 844
2026-06-13 12:39:32.866 +00:00 [INF] Device fingerprint headers - UA: Mozilla/5.0 (Windows NT 10.0; Win64; x64; rv:151.0) Gecko/20100101 Firefox/151.0, Accept: application/json, text/plain, */*, Encoding: gzip, deflate
2026-06-13 12:39:32.866 +00:00 [INF] Admin token set in context
2026-06-13 12:39:32.866 +00:00 [INF] Device fingerprint validation: Stored=/a2uf4z8rcBIhIr7KGbd6aahMr80Bhj+9uyLiYNZ66A=, Current=/a2uf4z8rcBIhIr7KGbd6aahMr80Bhj+9uyLiYNZ66A=
2026-06-13 12:39:32.866 +00:00 [INF] ====== OnMessageReceived END - Token set: true ======
2026-06-13 12:39:32.867 +00:00 [INF] Token validated successfully for user: lengyelnorbi
2026-06-13 12:39:32.867 +00:00 [INF] Device fingerprint headers - UA: Mozilla/5.0 (Windows NT 10.0; Win64; x64; rv:151.0) Gecko/20100101 Firefox/151.0, Accept: application/json, text/plain, */*, Encoding: gzip, deflate
2026-06-13 12:39:32.867 +00:00 [INF] Device fingerprint validation: Stored=/a2uf4z8rcBIhIr7KGbd6aahMr80Bhj+9uyLiYNZ66A=, Current=/a2uf4z8rcBIhIr7KGbd6aahMr80Bhj+9uyLiYNZ66A=
2026-06-13 12:39:32.888 +00:00 [INF] Executed DbCommand (2ms) [Parameters=[@__jti_0='?', @__userId_1='?' (DbType = Int32)], CommandType='"Text"', CommandTimeout='30']
SELECT a."ID", a."CreatedAt", a."DeviceFingerprint", a."ExpiresAt", a."IpAddress", a."IsRevoked", a."UserID", a.jti
FROM "AccessTokens" AS a
WHERE a.jti = @__jti_0 AND a."UserID" = @__userId_1 AND NOT (a."IsRevoked") AND a."ExpiresAt" > now()
LIMIT 1
2026-06-13 12:39:32.889 +00:00 [INF] Executing endpoint 'API.Controllers.UserController.Get (API)'
2026-06-13 12:39:32.892 +00:00 [INF] Route matched with {action = "Get", controller = "User"}. Executing controller action with signature System.Threading.Tasks.Task`1[System.Collections.Generic.IEnumerable`1[API.DTO.UserDTO]] Get() on controller API.Controllers.UserController (API).
2026-06-13 12:39:32.893 +00:00 [INF] Fetching user data from database...
2026-06-13 12:39:32.897 +00:00 [INF] Executed DbCommand (2ms) [Parameters=[@__jti_0='?', @__userId_1='?' (DbType = Int32)], CommandType='"Text"', CommandTimeout='30']
SELECT a."ID", a."CreatedAt", a."DeviceFingerprint", a."ExpiresAt", a."IpAddress", a."IsRevoked", a."UserID", a.jti
FROM "AccessTokens" AS a
WHERE a.jti = @__jti_0 AND a."UserID" = @__userId_1 AND NOT (a."IsRevoked") AND a."ExpiresAt" > now()
LIMIT 1
2026-06-13 12:39:32.898 +00:00 [INF] Executing endpoint 'API.Controllers.UserController.Get (API)'
2026-06-13 12:39:32.898 +00:00 [INF] Route matched with {action = "Get", controller = "User"}. Executing controller action with signature System.Threading.Tasks.Task`1[System.Collections.Generic.IEnumerable`1[API.DTO.UserDTO]] Get() on controller API.Controllers.UserController (API).
2026-06-13 12:39:32.899 +00:00 [INF] Fetching user data from database...
2026-06-13 12:39:32.900 +00:00 [INF] Executed DbCommand (1ms) [Parameters=[], CommandType='"Text"', CommandTimeout='30']
SELECT u."ID", u."Email", u."PasswordHash", u."RegisteredAt", u."Role", u."Username"
FROM "Users" AS u
2026-06-13 12:39:32.900 +00:00 [INF] Executed DbCommand (1ms) [Parameters=[], CommandType='"Text"', CommandTimeout='30']
SELECT u."ID", u."Email", u."PasswordHash", u."RegisteredAt", u."Role", u."Username"
FROM "Users" AS u
2026-06-13 12:39:32.902 +00:00 [INF] Executing ObjectResult, writing value of type 'System.Collections.Generic.List`1[[API.DTO.UserDTO, API, Version=1.0.0.0, Culture=neutral, PublicKeyToken=null]]'.
2026-06-13 12:39:32.902 +00:00 [INF] Executing ObjectResult, writing value of type 'System.Collections.Generic.List`1[[API.DTO.UserDTO, API, Version=1.0.0.0, Culture=neutral, PublicKeyToken=null]]'.
2026-06-13 12:39:32.916 +00:00 [INF] Executed action API.Controllers.UserController.Get (API) in 17.8688ms
2026-06-13 12:39:32.916 +00:00 [INF] Executed action API.Controllers.UserController.Get (API) in 23.7554ms
2026-06-13 12:39:32.917 +00:00 [INF] Executed endpoint 'API.Controllers.UserController.Get (API)'
2026-06-13 12:39:32.917 +00:00 [INF] Executed endpoint 'API.Controllers.UserController.Get (API)'
2026-06-13 12:39:32.917 +00:00 [INF] Request finished HTTP/1.1 GET http://192.168.1.6:8080/api/user - 200 null application/json; charset=utf-8 54.2608ms
2026-06-13 12:39:32.917 +00:00 [INF] Request finished HTTP/1.1 GET http://192.168.1.6:8080/api/user?page=1&limit=10 - 200 null application/json; charset=utf-8 56.2775ms
2026-06-13 12:39:35.663 +00:00 [INF] Request starting HTTP/1.1 OPTIONS http://192.168.1.6:8080/api/password/generate-password - null null
2026-06-13 12:39:35.664 +00:00 [INF] CORS policy execution successful.
2026-06-13 12:39:35.664 +00:00 [INF] Request finished HTTP/1.1 OPTIONS http://192.168.1.6:8080/api/password/generate-password - 204 null null 0.9681ms
2026-06-13 12:39:35.665 +00:00 [INF] Request starting HTTP/1.1 POST http://192.168.1.6:8080/api/password/generate-password - application/json 67
2026-06-13 12:39:35.666 +00:00 [INF] CORS policy execution successful.
2026-06-13 12:39:35.666 +00:00 [INF] ====== OnMessageReceived START ======
2026-06-13 12:39:35.666 +00:00 [INF] Available cookies: 2
2026-06-13 12:39:35.666 +00:00 [INF] Cookie: adminToken = 844 chars
2026-06-13 12:39:35.666 +00:00 [INF] Cookie: adminRefreshToken = 44 chars
2026-06-13 12:39:35.667 +00:00 [INF] Admin token found in cookies, length: 844
2026-06-13 12:39:35.667 +00:00 [INF] Admin token set in context
2026-06-13 12:39:35.667 +00:00 [INF] ====== OnMessageReceived END - Token set: true ======
2026-06-13 12:39:35.667 +00:00 [INF] Token validated successfully for user: lengyelnorbi
2026-06-13 12:39:35.667 +00:00 [INF] Device fingerprint headers - UA: Mozilla/5.0 (Windows NT 10.0; Win64; x64; rv:151.0) Gecko/20100101 Firefox/151.0, Accept: */*, Encoding: gzip, deflate
2026-06-13 12:39:35.667 +00:00 [INF] Device fingerprint validation: Stored=/a2uf4z8rcBIhIr7KGbd6aahMr80Bhj+9uyLiYNZ66A=, Current=/a2uf4z8rcBIhIr7KGbd6aahMr80Bhj+9uyLiYNZ66A=
2026-06-13 12:39:35.697 +00:00 [INF] Executed DbCommand (2ms) [Parameters=[@__jti_0='?', @__userId_1='?' (DbType = Int32)], CommandType='"Text"', CommandTimeout='30']
SELECT a."ID", a."CreatedAt", a."DeviceFingerprint", a."ExpiresAt", a."IpAddress", a."IsRevoked", a."UserID", a.jti
FROM "AccessTokens" AS a
WHERE a.jti = @__jti_0 AND a."UserID" = @__userId_1 AND NOT (a."IsRevoked") AND a."ExpiresAt" > now()
LIMIT 1
2026-06-13 12:39:35.699 +00:00 [INF] Executing endpoint 'API.Controllers.PasswordController.GeneratePassword (API)'
2026-06-13 12:39:35.701 +00:00 [INF] Route matched with {action = "GeneratePassword", controller = "Password"}. Executing controller action with signature System.Threading.Tasks.Task`1[Microsoft.AspNetCore.Mvc.IActionResult] GeneratePassword(API.Models.RequestModels.GeneratePwdRequest) on controller API.Controllers.PasswordController (API).
2026-06-13 12:39:35.704 +00:00 [INF] Executing OkObjectResult, writing value of type '<>f__AnonymousType4`1[[System.String, System.Private.CoreLib, Version=9.0.0.0, Culture=neutral, PublicKeyToken=7cec85d7bea7798e]]'.
2026-06-13 12:39:35.704 +00:00 [INF] Executed action API.Controllers.PasswordController.GeneratePassword (API) in 3.3986ms
2026-06-13 12:39:35.705 +00:00 [INF] Executed endpoint 'API.Controllers.PasswordController.GeneratePassword (API)'
2026-06-13 12:39:35.705 +00:00 [INF] Request finished HTTP/1.1 POST http://192.168.1.6:8080/api/password/generate-password - 200 null application/json; charset=utf-8 39.6592ms
2026-06-13 12:39:36.759 +00:00 [INF] Request starting HTTP/1.1 OPTIONS http://192.168.1.6:8080/api/user - null null
2026-06-13 12:39:36.759 +00:00 [INF] CORS policy execution successful.
2026-06-13 12:39:36.759 +00:00 [INF] Request finished HTTP/1.1 OPTIONS http://192.168.1.6:8080/api/user - 204 null null 0.7694ms
2026-06-13 12:39:36.761 +00:00 [INF] Request starting HTTP/1.1 POST http://192.168.1.6:8080/api/user - application/json 135
2026-06-13 12:39:36.761 +00:00 [INF] CORS policy execution successful.
2026-06-13 12:39:36.762 +00:00 [INF] ====== OnMessageReceived START ======
2026-06-13 12:39:36.762 +00:00 [INF] Available cookies: 2
2026-06-13 12:39:36.762 +00:00 [INF] Cookie: adminToken = 844 chars
2026-06-13 12:39:36.762 +00:00 [INF] Cookie: adminRefreshToken = 44 chars
2026-06-13 12:39:36.762 +00:00 [INF] Admin token found in cookies, length: 844
2026-06-13 12:39:36.763 +00:00 [INF] Admin token set in context
2026-06-13 12:39:36.763 +00:00 [INF] ====== OnMessageReceived END - Token set: true ======
2026-06-13 12:39:36.763 +00:00 [INF] Token validated successfully for user: lengyelnorbi
2026-06-13 12:39:36.763 +00:00 [INF] Device fingerprint headers - UA: Mozilla/5.0 (Windows NT 10.0; Win64; x64; rv:151.0) Gecko/20100101 Firefox/151.0, Accept: */*, Encoding: gzip, deflate
2026-06-13 12:39:36.763 +00:00 [INF] Device fingerprint validation: Stored=/a2uf4z8rcBIhIr7KGbd6aahMr80Bhj+9uyLiYNZ66A=, Current=/a2uf4z8rcBIhIr7KGbd6aahMr80Bhj+9uyLiYNZ66A=
2026-06-13 12:39:36.765 +00:00 [INF] Executed DbCommand (1ms) [Parameters=[@__jti_0='?', @__userId_1='?' (DbType = Int32)], CommandType='"Text"', CommandTimeout='30']
SELECT a."ID", a."CreatedAt", a."DeviceFingerprint", a."ExpiresAt", a."IpAddress", a."IsRevoked", a."UserID", a.jti
FROM "AccessTokens" AS a
WHERE a.jti = @__jti_0 AND a."UserID" = @__userId_1 AND NOT (a."IsRevoked") AND a."ExpiresAt" > now()
LIMIT 1
2026-06-13 12:39:36.767 +00:00 [INF] Executing endpoint 'API.Controllers.UserController.CreateUserAsync (API)'
2026-06-13 12:39:36.769 +00:00 [INF] Route matched with {action = "CreateUser", controller = "User"}. Executing controller action with signature System.Threading.Tasks.Task`1[Microsoft.AspNetCore.Mvc.IActionResult] CreateUserAsync(API.Models.RequestModels.CreateUserRequest) on controller API.Controllers.UserController (API).
2026-06-13 12:39:36.773 +00:00 [INF] Executing BadRequestObjectResult, writing value of type 'Microsoft.AspNetCore.Mvc.ValidationProblemDetails'.
2026-06-13 12:39:36.784 +00:00 [INF] Executed action API.Controllers.UserController.CreateUserAsync (API) in 14.5815ms
2026-06-13 12:39:36.784 +00:00 [INF] Executed endpoint 'API.Controllers.UserController.CreateUserAsync (API)'
2026-06-13 12:39:36.784 +00:00 [INF] Request finished HTTP/1.1 POST http://192.168.1.6:8080/api/user - 400 null application/problem+json; charset=utf-8 23.0309ms
2026-06-13 12:42:35.286 +00:00 [INF] Request starting HTTP/1.1 OPTIONS http://192.168.1.6:8080/api/auth/refresh - null null
2026-06-13 12:42:35.286 +00:00 [INF] CORS policy execution successful.
2026-06-13 12:42:35.287 +00:00 [INF] Request finished HTTP/1.1 OPTIONS http://192.168.1.6:8080/api/auth/refresh - 204 null null 0.6976ms
2026-06-13 12:42:35.289 +00:00 [INF] Request starting HTTP/1.1 POST http://192.168.1.6:8080/api/auth/refresh - application/json 18
2026-06-13 12:42:35.289 +00:00 [INF] CORS policy execution successful.
2026-06-13 12:42:35.290 +00:00 [INF] ====== OnMessageReceived START ======
2026-06-13 12:42:35.290 +00:00 [INF] Available cookies: 2
2026-06-13 12:42:35.290 +00:00 [INF] Cookie: adminToken = 844 chars
2026-06-13 12:42:35.290 +00:00 [INF] Cookie: adminRefreshToken = 44 chars
2026-06-13 12:42:35.290 +00:00 [INF] Admin token found in cookies, length: 844
2026-06-13 12:42:35.290 +00:00 [INF] Admin token set in context
2026-06-13 12:42:35.291 +00:00 [INF] ====== OnMessageReceived END - Token set: true ======
2026-06-13 12:42:35.291 +00:00 [INF] Token validated successfully for user: lengyelnorbi
2026-06-13 12:42:35.291 +00:00 [INF] Device fingerprint headers - UA: Mozilla/5.0 (Windows NT 10.0; Win64; x64; rv:151.0) Gecko/20100101 Firefox/151.0, Accept: */*, Encoding: gzip, deflate
2026-06-13 12:42:35.291 +00:00 [INF] Device fingerprint validation: Stored=/a2uf4z8rcBIhIr7KGbd6aahMr80Bhj+9uyLiYNZ66A=, Current=/a2uf4z8rcBIhIr7KGbd6aahMr80Bhj+9uyLiYNZ66A=
2026-06-13 12:42:35.294 +00:00 [INF] Executed DbCommand (1ms) [Parameters=[@__jti_0='?', @__userId_1='?' (DbType = Int32)], CommandType='"Text"', CommandTimeout='30']
SELECT a."ID", a."CreatedAt", a."DeviceFingerprint", a."ExpiresAt", a."IpAddress", a."IsRevoked", a."UserID", a.jti
FROM "AccessTokens" AS a
WHERE a.jti = @__jti_0 AND a."UserID" = @__userId_1 AND NOT (a."IsRevoked") AND a."ExpiresAt" > now()
LIMIT 1
2026-06-13 12:42:35.294 +00:00 [INF] Executing endpoint 'API.Controllers.AuthController.RefreshToken (API)'
2026-06-13 12:42:35.295 +00:00 [INF] Route matched with {action = "RefreshToken", controller = "Auth"}. Executing controller action with signature System.Threading.Tasks.Task`1[Microsoft.AspNetCore.Mvc.IActionResult] RefreshToken(API.Models.RequestModels.RefreshRequest) on controller API.Controllers.AuthController (API).
2026-06-13 12:42:35.295 +00:00 [INF] Token refresh attempt at "2026-06-13T12:42:35.2959282Z"
2026-06-13 12:42:35.296 +00:00 [INF] Refreshing admin token at "2026-06-13T12:42:35.2961094Z"
2026-06-13 12:42:35.297 +00:00 [INF] Executed DbCommand (1ms) [Parameters=[@__tokenHash_0='?'], CommandType='"Text"', CommandTimeout='30']
SELECT r."ID", r."CreatedAt", r."DeviceFingerprint", r."ExpiresAt", r."IpAddress", r."IsRevoked", r."TokenHash", r."UserID"
FROM "RefreshTokens" AS r
WHERE r."TokenHash" = @__tokenHash_0 AND NOT (r."IsRevoked") AND r."ExpiresAt" > now()
ORDER BY r."CreatedAt" DESC
LIMIT 1
2026-06-13 12:42:35.297 +00:00 [INF] Mozilla/5.0 (Windows NT 10.0; Win64; x64; rv:151.0) Gecko/20100101 Firefox/151.0
2026-06-13 12:42:35.298 +00:00 [INF] Fetching user by ID from database...
2026-06-13 12:42:35.299 +00:00 [INF] Executed DbCommand (1ms) [Parameters=[@__id_0='?' (DbType = Int32)], CommandType='"Text"', CommandTimeout='30']
SELECT u."ID", u."Email", u."PasswordHash", u."RegisteredAt", u."Role", u."Username"
FROM "Users" AS u
WHERE u."ID" = @__id_0
LIMIT 1
2026-06-13 12:42:35.304 +00:00 [INF] Executed DbCommand (3ms) [Parameters=[@p0='?' (DbType = DateTime), @p1='?', @p2='?' (DbType = DateTime), @p3='?', @p4='?' (DbType = Int32), @p5='?'], CommandType='"Text"', CommandTimeout='30']
INSERT INTO "AccessTokens" ("CreatedAt", "DeviceFingerprint", "ExpiresAt", "IpAddress", "UserID", jti)
VALUES (@p0, @p1, @p2, @p3, @p4, @p5)
RETURNING "ID", "IsRevoked";
2026-06-13 12:42:35.306 +00:00 [INF] Executed DbCommand (1ms) [Parameters=[@__jti_0='?', @__userID_1='?' (DbType = Int32), @__deviceFingerprint_2='?', @__ipAddress_3='?'], CommandType='"Text"', CommandTimeout='30']
SELECT a."ID", a."CreatedAt", a."DeviceFingerprint", a."ExpiresAt", a."IpAddress", a."IsRevoked", a."UserID", a.jti
FROM "AccessTokens" AS a
WHERE a.jti = @__jti_0 AND a."UserID" = @__userID_1 AND a."DeviceFingerprint" = @__deviceFingerprint_2 AND a."IpAddress" = @__ipAddress_3
LIMIT 1
2026-06-13 12:42:35.306 +00:00 [INF] Attempting to revoke access token with jti dbae1287-6e53-4e77-8fa0-d5d6387028da for user 1 from device /a2uf4z8rcBIhIr7KGbd6aahMr80Bhj+9uyLiYNZ66A= and IP ::ffff:172.20.0.1
2026-06-13 12:42:35.307 +00:00 [INF] Access token found: API.Models.AccessToken
2026-06-13 12:42:35.309 +00:00 [INF] Executed DbCommand (2ms) [Parameters=[@p1='?' (DbType = Int32), @p0='?' (DbType = Boolean)], CommandType='"Text"', CommandTimeout='30']
UPDATE "AccessTokens" SET "IsRevoked" = @p0
WHERE "ID" = @p1;
2026-06-13 12:42:35.309 +00:00 [INF] Access token AccessToken for user 1 revoked: true
2026-06-13 12:42:35.311 +00:00 [INF] Executed DbCommand (2ms) [Parameters=[@p0='?' (DbType = DateTime), @p1='?', @p2='?' (DbType = DateTime), @p3='?', @p4='?', @p5='?' (DbType = Int32)], CommandType='"Text"', CommandTimeout='30']
INSERT INTO "RefreshTokens" ("CreatedAt", "DeviceFingerprint", "ExpiresAt", "IpAddress", "TokenHash", "UserID")
VALUES (@p0, @p1, @p2, @p3, @p4, @p5)
RETURNING "ID", "IsRevoked";
2026-06-13 12:42:35.313 +00:00 [INF] Executed DbCommand (1ms) [Parameters=[@__tokenHash_0='?', @__userId_1='?' (DbType = Int32), @__deviceFingerprint_2='?', @__ipAddress_3='?'], CommandType='"Text"', CommandTimeout='30']
SELECT r."ID", r."CreatedAt", r."DeviceFingerprint", r."ExpiresAt", r."IpAddress", r."IsRevoked", r."TokenHash", r."UserID"
FROM "RefreshTokens" AS r
WHERE r."TokenHash" = @__tokenHash_0 AND r."UserID" = @__userId_1 AND r."DeviceFingerprint" = @__deviceFingerprint_2 AND r."IpAddress" = @__ipAddress_3
LIMIT 1
2026-06-13 12:42:35.315 +00:00 [INF] Executed DbCommand (1ms) [Parameters=[@p1='?' (DbType = Int32), @p0='?' (DbType = Boolean)], CommandType='"Text"', CommandTimeout='30']
UPDATE "RefreshTokens" SET "IsRevoked" = @p0
WHERE "ID" = @p1;
2026-06-13 12:42:35.315 +00:00 [INF] Refresh token Z6fxIfoe2f2jIr8GHN1lYJb3vV7dFcF9rpAK1zh/+rs= for user 1 revoked: true
2026-06-13 12:42:35.316 +00:00 [INF] Token refreshed successfully for user 1 at "2026-06-13T12:42:35.3160814Z"
2026-06-13 12:42:35.316 +00:00 [INF] Executing OkObjectResult, writing value of type '<>f__AnonymousType3`2[[System.Boolean, System.Private.CoreLib, Version=9.0.0.0, Culture=neutral, PublicKeyToken=7cec85d7bea7798e],[System.Int32, System.Private.CoreLib, Version=9.0.0.0, Culture=neutral, PublicKeyToken=7cec85d7bea7798e]]'.
2026-06-13 12:42:35.316 +00:00 [INF] Executed action API.Controllers.AuthController.RefreshToken (API) in 21.3485ms
2026-06-13 12:42:35.316 +00:00 [INF] Executed endpoint 'API.Controllers.AuthController.RefreshToken (API)'
2026-06-13 12:42:35.317 +00:00 [INF] Request finished HTTP/1.1 POST http://192.168.1.6:8080/api/auth/refresh - 200 null application/json; charset=utf-8 27.3541ms
2026-06-13 12:43:38.871 +00:00 [INF] Request starting HTTP/1.1 GET http://192.168.1.6:8080/api/user?page=1&limit=10 - null null
2026-06-13 12:43:38.871 +00:00 [INF] Request starting HTTP/1.1 GET http://192.168.1.6:8080/api/user - null null
2026-06-13 12:43:38.872 +00:00 [INF] CORS policy execution successful.
2026-06-13 12:43:38.872 +00:00 [INF] CORS policy execution successful.
2026-06-13 12:43:38.872 +00:00 [INF] ====== OnMessageReceived START ======
2026-06-13 12:43:38.872 +00:00 [INF] ====== OnMessageReceived START ======
2026-06-13 12:43:38.872 +00:00 [INF] Available cookies: 2
2026-06-13 12:43:38.873 +00:00 [INF] Available cookies: 2
2026-06-13 12:43:38.873 +00:00 [INF] Cookie: adminToken = 844 chars
2026-06-13 12:43:38.873 +00:00 [INF] Cookie: adminToken = 844 chars
2026-06-13 12:43:38.873 +00:00 [INF] Cookie: adminRefreshToken = 44 chars
2026-06-13 12:43:38.874 +00:00 [INF] Cookie: adminRefreshToken = 44 chars
2026-06-13 12:43:38.874 +00:00 [INF] Admin token found in cookies, length: 844
2026-06-13 12:43:38.874 +00:00 [INF] Admin token found in cookies, length: 844
2026-06-13 12:43:38.874 +00:00 [INF] Admin token set in context
2026-06-13 12:43:38.874 +00:00 [INF] Admin token set in context
2026-06-13 12:43:38.874 +00:00 [INF] ====== OnMessageReceived END - Token set: true ======
2026-06-13 12:43:38.875 +00:00 [INF] ====== OnMessageReceived END - Token set: true ======
2026-06-13 12:43:38.875 +00:00 [INF] Token validated successfully for user: lengyelnorbi
2026-06-13 12:43:38.875 +00:00 [INF] Token validated successfully for user: lengyelnorbi
2026-06-13 12:43:38.875 +00:00 [INF] Device fingerprint headers - UA: Mozilla/5.0 (Windows NT 10.0; Win64; x64; rv:151.0) Gecko/20100101 Firefox/151.0, Accept: application/json, text/plain, */*, Encoding: gzip, deflate
2026-06-13 12:43:38.875 +00:00 [INF] Device fingerprint headers - UA: Mozilla/5.0 (Windows NT 10.0; Win64; x64; rv:151.0) Gecko/20100101 Firefox/151.0, Accept: application/json, text/plain, */*, Encoding: gzip, deflate
2026-06-13 12:43:38.876 +00:00 [INF] Device fingerprint validation: Stored=/a2uf4z8rcBIhIr7KGbd6aahMr80Bhj+9uyLiYNZ66A=, Current=/a2uf4z8rcBIhIr7KGbd6aahMr80Bhj+9uyLiYNZ66A=
2026-06-13 12:43:38.876 +00:00 [INF] Device fingerprint validation: Stored=/a2uf4z8rcBIhIr7KGbd6aahMr80Bhj+9uyLiYNZ66A=, Current=/a2uf4z8rcBIhIr7KGbd6aahMr80Bhj+9uyLiYNZ66A=
2026-06-13 12:43:38.889 +00:00 [INF] Executed DbCommand (3ms) [Parameters=[@__jti_0='?', @__userId_1='?' (DbType = Int32)], CommandType='"Text"', CommandTimeout='30']
SELECT a."ID", a."CreatedAt", a."DeviceFingerprint", a."ExpiresAt", a."IpAddress", a."IsRevoked", a."UserID", a.jti
FROM "AccessTokens" AS a
WHERE a.jti = @__jti_0 AND a."UserID" = @__userId_1 AND NOT (a."IsRevoked") AND a."ExpiresAt" > now()
LIMIT 1
2026-06-13 12:43:38.889 +00:00 [INF] Executed DbCommand (3ms) [Parameters=[@__jti_0='?', @__userId_1='?' (DbType = Int32)], CommandType='"Text"', CommandTimeout='30']
SELECT a."ID", a."CreatedAt", a."DeviceFingerprint", a."ExpiresAt", a."IpAddress", a."IsRevoked", a."UserID", a.jti
FROM "AccessTokens" AS a
WHERE a.jti = @__jti_0 AND a."UserID" = @__userId_1 AND NOT (a."IsRevoked") AND a."ExpiresAt" > now()
LIMIT 1
2026-06-13 12:43:38.890 +00:00 [INF] Executing endpoint 'API.Controllers.UserController.Get (API)'
2026-06-13 12:43:38.890 +00:00 [INF] Executing endpoint 'API.Controllers.UserController.Get (API)'
2026-06-13 12:43:38.890 +00:00 [INF] Route matched with {action = "Get", controller = "User"}. Executing controller action with signature System.Threading.Tasks.Task`1[System.Collections.Generic.IEnumerable`1[API.DTO.UserDTO]] Get() on controller API.Controllers.UserController (API).
2026-06-13 12:43:38.890 +00:00 [INF] Route matched with {action = "Get", controller = "User"}. Executing controller action with signature System.Threading.Tasks.Task`1[System.Collections.Generic.IEnumerable`1[API.DTO.UserDTO]] Get() on controller API.Controllers.UserController (API).
2026-06-13 12:43:38.890 +00:00 [INF] Fetching user data from database...
2026-06-13 12:43:38.890 +00:00 [INF] Fetching user data from database...
2026-06-13 12:43:38.892 +00:00 [INF] Executed DbCommand (1ms) [Parameters=[], CommandType='"Text"', CommandTimeout='30']
SELECT u."ID", u."Email", u."PasswordHash", u."RegisteredAt", u."Role", u."Username"
FROM "Users" AS u
2026-06-13 12:43:38.892 +00:00 [INF] Executed DbCommand (1ms) [Parameters=[], CommandType='"Text"', CommandTimeout='30']
SELECT u."ID", u."Email", u."PasswordHash", u."RegisteredAt", u."Role", u."Username"
FROM "Users" AS u
2026-06-13 12:43:38.893 +00:00 [INF] Executing ObjectResult, writing value of type 'System.Collections.Generic.List`1[[API.DTO.UserDTO, API, Version=1.0.0.0, Culture=neutral, PublicKeyToken=null]]'.
2026-06-13 12:43:38.893 +00:00 [INF] Executing ObjectResult, writing value of type 'System.Collections.Generic.List`1[[API.DTO.UserDTO, API, Version=1.0.0.0, Culture=neutral, PublicKeyToken=null]]'.
2026-06-13 12:43:38.893 +00:00 [INF] Executed action API.Controllers.UserController.Get (API) in 2.8713ms
2026-06-13 12:43:38.893 +00:00 [INF] Executed action API.Controllers.UserController.Get (API) in 2.7166ms
2026-06-13 12:43:38.893 +00:00 [INF] Executed endpoint 'API.Controllers.UserController.Get (API)'
2026-06-13 12:43:38.893 +00:00 [INF] Executed endpoint 'API.Controllers.UserController.Get (API)'
2026-06-13 12:43:38.894 +00:00 [INF] Request finished HTTP/1.1 GET http://192.168.1.6:8080/api/user - 200 null application/json; charset=utf-8 22.3535ms
2026-06-13 12:43:38.894 +00:00 [INF] Request finished HTTP/1.1 GET http://192.168.1.6:8080/api/user?page=1&limit=10 - 200 null application/json; charset=utf-8 22.5575ms
2026-06-13 12:43:42.471 +00:00 [INF] Request starting HTTP/1.1 OPTIONS http://192.168.1.6:8080/api/password/generate-password - null null
2026-06-13 12:43:42.471 +00:00 [INF] CORS policy execution successful.
2026-06-13 12:43:42.471 +00:00 [INF] Request finished HTTP/1.1 OPTIONS http://192.168.1.6:8080/api/password/generate-password - 204 null null 0.6669ms
2026-06-13 12:43:42.473 +00:00 [INF] Request starting HTTP/1.1 POST http://192.168.1.6:8080/api/password/generate-password - application/json 67
2026-06-13 12:43:42.473 +00:00 [INF] CORS policy execution successful.
2026-06-13 12:43:42.473 +00:00 [INF] ====== OnMessageReceived START ======
2026-06-13 12:43:42.474 +00:00 [INF] Available cookies: 2
2026-06-13 12:43:42.474 +00:00 [INF] Cookie: adminToken = 844 chars
2026-06-13 12:43:42.474 +00:00 [INF] Cookie: adminRefreshToken = 44 chars
2026-06-13 12:43:42.474 +00:00 [INF] Admin token found in cookies, length: 844
2026-06-13 12:43:42.474 +00:00 [INF] Admin token set in context
2026-06-13 12:43:42.474 +00:00 [INF] ====== OnMessageReceived END - Token set: true ======
2026-06-13 12:43:42.475 +00:00 [INF] Token validated successfully for user: lengyelnorbi
2026-06-13 12:43:42.475 +00:00 [INF] Device fingerprint headers - UA: Mozilla/5.0 (Windows NT 10.0; Win64; x64; rv:151.0) Gecko/20100101 Firefox/151.0, Accept: */*, Encoding: gzip, deflate
2026-06-13 12:43:42.475 +00:00 [INF] Device fingerprint validation: Stored=/a2uf4z8rcBIhIr7KGbd6aahMr80Bhj+9uyLiYNZ66A=, Current=/a2uf4z8rcBIhIr7KGbd6aahMr80Bhj+9uyLiYNZ66A=
2026-06-13 12:43:42.477 +00:00 [INF] Executed DbCommand (1ms) [Parameters=[@__jti_0='?', @__userId_1='?' (DbType = Int32)], CommandType='"Text"', CommandTimeout='30']
SELECT a."ID", a."CreatedAt", a."DeviceFingerprint", a."ExpiresAt", a."IpAddress", a."IsRevoked", a."UserID", a.jti
FROM "AccessTokens" AS a
WHERE a.jti = @__jti_0 AND a."UserID" = @__userId_1 AND NOT (a."IsRevoked") AND a."ExpiresAt" > now()
LIMIT 1
2026-06-13 12:43:42.478 +00:00 [INF] Executing endpoint 'API.Controllers.PasswordController.GeneratePassword (API)'
2026-06-13 12:43:42.478 +00:00 [INF] Route matched with {action = "GeneratePassword", controller = "Password"}. Executing controller action with signature System.Threading.Tasks.Task`1[Microsoft.AspNetCore.Mvc.IActionResult] GeneratePassword(API.Models.RequestModels.GeneratePwdRequest) on controller API.Controllers.PasswordController (API).
2026-06-13 12:43:42.478 +00:00 [INF] Executing OkObjectResult, writing value of type '<>f__AnonymousType4`1[[System.String, System.Private.CoreLib, Version=9.0.0.0, Culture=neutral, PublicKeyToken=7cec85d7bea7798e]]'.
2026-06-13 12:43:42.479 +00:00 [INF] Executed action API.Controllers.PasswordController.GeneratePassword (API) in 0.5208ms
2026-06-13 12:43:42.479 +00:00 [INF] Executed endpoint 'API.Controllers.PasswordController.GeneratePassword (API)'
2026-06-13 12:43:42.479 +00:00 [INF] Request finished HTTP/1.1 POST http://192.168.1.6:8080/api/password/generate-password - 200 null application/json; charset=utf-8 6.1399ms
2026-06-13 12:43:46.103 +00:00 [INF] Application is shutting down...
2026-06-13 12:43:46.918 +00:00 [WRN] Storing keys in a directory '/home/app/.aspnet/DataProtection-Keys' that may not be persisted outside of the container. Protected data will be unavailable when container is destroyed. For more information go to https://aka.ms/aspnet/dataprotectionwarning
2026-06-13 12:43:46.943 +00:00 [INF] User profile is available. Using '/home/app/.aspnet/DataProtection-Keys' as key repository; keys will not be encrypted at rest.
2026-06-13 12:43:46.953 +00:00 [INF] Creating key {5d88a1be-1d3f-4d6f-838b-afffca244e93} with creation date 2026-06-13 12:43:46Z, activation date 2026-06-13 12:43:46Z, and expiration date 2026-09-11 12:43:46Z.
2026-06-13 12:43:46.997 +00:00 [WRN] No XML encryptor configured. Key {5d88a1be-1d3f-4d6f-838b-afffca244e93} may be persisted to storage in unencrypted form.
2026-06-13 12:43:47.000 +00:00 [INF] Writing data to file '/home/app/.aspnet/DataProtection-Keys/key-5d88a1be-1d3f-4d6f-838b-afffca244e93.xml'.
2026-06-13 12:43:47.048 +00:00 [INF] Now listening on: http://[::]:8080
2026-06-13 12:43:47.049 +00:00 [INF] Application started. Press Ctrl+C to shut down.
2026-06-13 12:43:47.050 +00:00 [INF] Hosting environment: Development
2026-06-13 12:43:47.050 +00:00 [INF] Content root path: /app
2026-06-13 12:43:50.470 +00:00 [INF] Request starting HTTP/1.1 OPTIONS http://192.168.1.6:8080/api/user - null null
2026-06-13 12:43:50.483 +00:00 [WRN] Failed to determine the https port for redirect.
2026-06-13 12:43:50.485 +00:00 [INF] CORS policy execution successful.
2026-06-13 12:43:50.489 +00:00 [INF] Request finished HTTP/1.1 OPTIONS http://192.168.1.6:8080/api/user - 204 null null 19.7691ms
2026-06-13 12:43:50.503 +00:00 [INF] Request starting HTTP/1.1 POST http://192.168.1.6:8080/api/user - application/json 135
2026-06-13 12:43:50.505 +00:00 [INF] CORS policy execution successful.
2026-06-13 12:43:50.518 +00:00 [INF] ====== OnMessageReceived START ======
2026-06-13 12:43:50.520 +00:00 [INF] Available cookies: 2
2026-06-13 12:43:50.520 +00:00 [INF] Cookie: adminToken = 844 chars
2026-06-13 12:43:50.521 +00:00 [INF] Cookie: adminRefreshToken = 44 chars
2026-06-13 12:43:50.521 +00:00 [INF] Admin token found in cookies, length: 844
2026-06-13 12:43:50.521 +00:00 [INF] Admin token set in context
2026-06-13 12:43:50.521 +00:00 [INF] ====== OnMessageReceived END - Token set: true ======
2026-06-13 12:43:50.548 +00:00 [INF] Token validated successfully for user: lengyelnorbi
2026-06-13 12:43:50.549 +00:00 [INF] Device fingerprint headers - UA: Mozilla/5.0 (Windows NT 10.0; Win64; x64; rv:151.0) Gecko/20100101 Firefox/151.0, Accept: */*, Encoding: gzip, deflate
2026-06-13 12:43:50.549 +00:00 [INF] Device fingerprint validation: Stored=/a2uf4z8rcBIhIr7KGbd6aahMr80Bhj+9uyLiYNZ66A=, Current=/a2uf4z8rcBIhIr7KGbd6aahMr80Bhj+9uyLiYNZ66A=
2026-06-13 12:43:51.141 +00:00 [INF] Executed DbCommand (22ms) [Parameters=[@__jti_0='?', @__userId_1='?' (DbType = Int32)], CommandType='"Text"', CommandTimeout='30']
SELECT a."ID", a."CreatedAt", a."DeviceFingerprint", a."ExpiresAt", a."IpAddress", a."IsRevoked", a."UserID", a.jti
FROM "AccessTokens" AS a
WHERE a.jti = @__jti_0 AND a."UserID" = @__userId_1 AND NOT (a."IsRevoked") AND a."ExpiresAt" > now()
LIMIT 1
2026-06-13 12:43:51.186 +00:00 [INF] Executing endpoint 'API.Controllers.UserController.CreateUserAsync (API)'
2026-06-13 12:43:51.195 +00:00 [INF] Route matched with {action = "CreateUser", controller = "User"}. Executing controller action with signature System.Threading.Tasks.Task`1[Microsoft.AspNetCore.Mvc.IActionResult] CreateUserAsync(API.Models.RequestModels.CreateUserRequest) on controller API.Controllers.UserController (API).
2026-06-13 12:43:51.220 +00:00 [INF] Executed action API.Controllers.UserController.CreateUserAsync (API) in 22.8733ms
2026-06-13 12:43:51.220 +00:00 [INF] Executed endpoint 'API.Controllers.UserController.CreateUserAsync (API)'
2026-06-13 12:43:51.221 +00:00 [ERR] An unhandled exception has occurred while executing the request.
System.InvalidOperationException: Each parameter in the deserialization constructor on type 'API.Models.RequestModels.CreateUserRequest' must bind to an object property or field on deserialization. Each parameter name and type must match with a property or field on the object. Fields are only considered when 'JsonSerializerOptions.IncludeFields' is enabled. The name match can be case-insensitive.
   at System.Text.Json.ThrowHelper.ThrowInvalidOperationException_ConstructorParameterIncompleteBinding(Type parentType)
   at System.Text.Json.Serialization.Converters.ObjectWithParameterizedConstructorConverter`1.OnTryRead(Utf8JsonReader& reader, Type typeToConvert, JsonSerializerOptions options, ReadStack& state, T& value)
   at System.Text.Json.Serialization.JsonConverter`1.TryRead(Utf8JsonReader& reader, Type typeToConvert, JsonSerializerOptions options, ReadStack& state, T& value, Boolean& isPopulatedValue)
   at System.Text.Json.Serialization.JsonConverter`1.ReadCore(Utf8JsonReader& reader, T& value, JsonSerializerOptions options, ReadStack& state)
   at System.Text.Json.Serialization.Metadata.JsonTypeInfo`1.ContinueDeserialize[TReadBufferState,TStream](TReadBufferState& bufferState, JsonReaderState& jsonReaderState, ReadStack& readStack, T& value)
   at System.Text.Json.Serialization.Metadata.JsonTypeInfo`1.DeserializeAsync[TReadBufferState,TStream](TStream utf8Json, TReadBufferState bufferState, CancellationToken cancellationToken)
   at System.Text.Json.Serialization.Metadata.JsonTypeInfo`1.DeserializeAsObjectAsync(Stream utf8Json, CancellationToken cancellationToken)
   at Microsoft.AspNetCore.Mvc.Formatters.SystemTextJsonInputFormatter.ReadRequestBodyAsync(InputFormatterContext context, Encoding encoding)
   at Microsoft.AspNetCore.Mvc.Formatters.SystemTextJsonInputFormatter.ReadRequestBodyAsync(InputFormatterContext context, Encoding encoding)
   at Microsoft.AspNetCore.Mvc.ModelBinding.Binders.BodyModelBinder.BindModelAsync(ModelBindingContext bindingContext)
   at Microsoft.AspNetCore.Mvc.ModelBinding.ParameterBinder.BindModelAsync(ActionContext actionContext, IModelBinder modelBinder, IValueProvider valueProvider, ParameterDescriptor parameter, ModelMetadata metadata, Object value, Object container)
   at Microsoft.AspNetCore.Mvc.Controllers.ControllerBinderDelegateProvider.<>c__DisplayClass0_0.<<CreateBinderDelegate>g__Bind|0>d.MoveNext()
--- End of stack trace from previous location ---
   at Microsoft.AspNetCore.Mvc.Infrastructure.ControllerActionInvoker.<InvokeInnerFilterAsync>g__Awaited|13_0(ControllerActionInvoker invoker, Task lastTask, State next, Scope scope, Object state, Boolean isCompleted)
   at Microsoft.AspNetCore.Mvc.Infrastructure.ResourceInvoker.<InvokeFilterPipelineAsync>g__Awaited|20_0(ResourceInvoker invoker, Task lastTask, State next, Scope scope, Object state, Boolean isCompleted)
   at Microsoft.AspNetCore.Mvc.Infrastructure.ResourceInvoker.<InvokeAsync>g__Logged|17_1(ResourceInvoker invoker)
   at Microsoft.AspNetCore.Mvc.Infrastructure.ResourceInvoker.<InvokeAsync>g__Logged|17_1(ResourceInvoker invoker)
   at Microsoft.AspNetCore.Routing.EndpointMiddleware.<Invoke>g__AwaitRequestTask|7_0(Endpoint endpoint, Task requestTask, ILogger logger)
   at Microsoft.AspNetCore.Authorization.AuthorizationMiddleware.Invoke(HttpContext context)
   at Microsoft.AspNetCore.Authentication.AuthenticationMiddleware.Invoke(HttpContext context)
   at Microsoft.AspNetCore.Diagnostics.DeveloperExceptionPageMiddlewareImpl.Invoke(HttpContext context)
2026-06-13 12:43:51.232 +00:00 [INF] Request finished HTTP/1.1 POST http://192.168.1.6:8080/api/user - 500 null text/plain; charset=utf-8 730.0491ms
2026-06-13 12:47:06.683 +00:00 [INF] Request starting HTTP/1.1 OPTIONS http://192.168.1.6:8080/api/auth/refresh - null null
2026-06-13 12:47:06.684 +00:00 [INF] CORS policy execution successful.
2026-06-13 12:47:06.685 +00:00 [INF] Request finished HTTP/1.1 OPTIONS http://192.168.1.6:8080/api/auth/refresh - 204 null null 1.6482ms
2026-06-13 12:47:06.688 +00:00 [INF] Request starting HTTP/1.1 POST http://192.168.1.6:8080/api/auth/refresh - application/json 18
2026-06-13 12:47:06.689 +00:00 [INF] CORS policy execution successful.
2026-06-13 12:47:06.690 +00:00 [INF] ====== OnMessageReceived START ======
2026-06-13 12:47:06.690 +00:00 [INF] Available cookies: 2
2026-06-13 12:47:06.691 +00:00 [INF] Cookie: adminToken = 844 chars
2026-06-13 12:47:06.691 +00:00 [INF] Cookie: adminRefreshToken = 44 chars
2026-06-13 12:47:06.691 +00:00 [INF] Admin token found in cookies, length: 844
2026-06-13 12:47:06.691 +00:00 [INF] Admin token set in context
2026-06-13 12:47:06.691 +00:00 [INF] ====== OnMessageReceived END - Token set: true ======
2026-06-13 12:47:06.692 +00:00 [INF] Token validated successfully for user: lengyelnorbi
2026-06-13 12:47:06.692 +00:00 [INF] Device fingerprint headers - UA: Mozilla/5.0 (Windows NT 10.0; Win64; x64; rv:151.0) Gecko/20100101 Firefox/151.0, Accept: */*, Encoding: gzip, deflate
2026-06-13 12:47:06.693 +00:00 [INF] Device fingerprint validation: Stored=/a2uf4z8rcBIhIr7KGbd6aahMr80Bhj+9uyLiYNZ66A=, Current=/a2uf4z8rcBIhIr7KGbd6aahMr80Bhj+9uyLiYNZ66A=
2026-06-13 12:47:06.719 +00:00 [INF] Executed DbCommand (3ms) [Parameters=[@__jti_0='?', @__userId_1='?' (DbType = Int32)], CommandType='"Text"', CommandTimeout='30']
SELECT a."ID", a."CreatedAt", a."DeviceFingerprint", a."ExpiresAt", a."IpAddress", a."IsRevoked", a."UserID", a.jti
FROM "AccessTokens" AS a
WHERE a.jti = @__jti_0 AND a."UserID" = @__userId_1 AND NOT (a."IsRevoked") AND a."ExpiresAt" > now()
LIMIT 1
2026-06-13 12:47:06.721 +00:00 [INF] Executing endpoint 'API.Controllers.AuthController.RefreshToken (API)'
2026-06-13 12:47:06.725 +00:00 [INF] Route matched with {action = "RefreshToken", controller = "Auth"}. Executing controller action with signature System.Threading.Tasks.Task`1[Microsoft.AspNetCore.Mvc.IActionResult] RefreshToken(API.Models.RequestModels.RefreshRequest) on controller API.Controllers.AuthController (API).
2026-06-13 12:47:06.737 +00:00 [INF] Token refresh attempt at "2026-06-13T12:47:06.7374537Z"
2026-06-13 12:47:06.738 +00:00 [INF] Refreshing admin token at "2026-06-13T12:47:06.7382374Z"
2026-06-13 12:47:06.748 +00:00 [INF] Executed DbCommand (2ms) [Parameters=[@__tokenHash_0='?'], CommandType='"Text"', CommandTimeout='30']
SELECT r."ID", r."CreatedAt", r."DeviceFingerprint", r."ExpiresAt", r."IpAddress", r."IsRevoked", r."TokenHash", r."UserID"
FROM "RefreshTokens" AS r
WHERE r."TokenHash" = @__tokenHash_0 AND NOT (r."IsRevoked") AND r."ExpiresAt" > now()
ORDER BY r."CreatedAt" DESC
LIMIT 1
2026-06-13 12:47:06.758 +00:00 [INF] Mozilla/5.0 (Windows NT 10.0; Win64; x64; rv:151.0) Gecko/20100101 Firefox/151.0
2026-06-13 12:47:06.762 +00:00 [INF] Fetching user by ID from database...
2026-06-13 12:47:06.770 +00:00 [INF] Executed DbCommand (2ms) [Parameters=[@__id_0='?' (DbType = Int32)], CommandType='"Text"', CommandTimeout='30']
SELECT u."ID", u."Email", u."PasswordHash", u."RegisteredAt", u."Role", u."Username"
FROM "Users" AS u
WHERE u."ID" = @__id_0
LIMIT 1
2026-06-13 12:47:06.845 +00:00 [INF] Executed DbCommand (4ms) [Parameters=[@p0='?' (DbType = DateTime), @p1='?', @p2='?' (DbType = DateTime), @p3='?', @p4='?' (DbType = Int32), @p5='?'], CommandType='"Text"', CommandTimeout='30']
INSERT INTO "AccessTokens" ("CreatedAt", "DeviceFingerprint", "ExpiresAt", "IpAddress", "UserID", jti)
VALUES (@p0, @p1, @p2, @p3, @p4, @p5)
RETURNING "ID", "IsRevoked";
2026-06-13 12:47:06.867 +00:00 [INF] Executed DbCommand (2ms) [Parameters=[@__jti_0='?', @__userID_1='?' (DbType = Int32), @__deviceFingerprint_2='?', @__ipAddress_3='?'], CommandType='"Text"', CommandTimeout='30']
SELECT a."ID", a."CreatedAt", a."DeviceFingerprint", a."ExpiresAt", a."IpAddress", a."IsRevoked", a."UserID", a.jti
FROM "AccessTokens" AS a
WHERE a.jti = @__jti_0 AND a."UserID" = @__userID_1 AND a."DeviceFingerprint" = @__deviceFingerprint_2 AND a."IpAddress" = @__ipAddress_3
LIMIT 1
2026-06-13 12:47:06.867 +00:00 [INF] Attempting to revoke access token with jti a5b1a303-fd4e-42e6-9d7c-51b93f6b2b60 for user 1 from device /a2uf4z8rcBIhIr7KGbd6aahMr80Bhj+9uyLiYNZ66A= and IP ::ffff:172.20.0.1
2026-06-13 12:47:06.868 +00:00 [INF] Access token found: API.Models.AccessToken
2026-06-13 12:47:06.873 +00:00 [INF] Executed DbCommand (2ms) [Parameters=[@p1='?' (DbType = Int32), @p0='?' (DbType = Boolean)], CommandType='"Text"', CommandTimeout='30']
UPDATE "AccessTokens" SET "IsRevoked" = @p0
WHERE "ID" = @p1;
2026-06-13 12:47:06.874 +00:00 [INF] Access token AccessToken for user 1 revoked: true
2026-06-13 12:47:06.879 +00:00 [INF] Executed DbCommand (2ms) [Parameters=[@p0='?' (DbType = DateTime), @p1='?', @p2='?' (DbType = DateTime), @p3='?', @p4='?', @p5='?' (DbType = Int32)], CommandType='"Text"', CommandTimeout='30']
INSERT INTO "RefreshTokens" ("CreatedAt", "DeviceFingerprint", "ExpiresAt", "IpAddress", "TokenHash", "UserID")
VALUES (@p0, @p1, @p2, @p3, @p4, @p5)
RETURNING "ID", "IsRevoked";
2026-06-13 12:47:06.886 +00:00 [INF] Executed DbCommand (1ms) [Parameters=[@__tokenHash_0='?', @__userId_1='?' (DbType = Int32), @__deviceFingerprint_2='?', @__ipAddress_3='?'], CommandType='"Text"', CommandTimeout='30']
SELECT r."ID", r."CreatedAt", r."DeviceFingerprint", r."ExpiresAt", r."IpAddress", r."IsRevoked", r."TokenHash", r."UserID"
FROM "RefreshTokens" AS r
WHERE r."TokenHash" = @__tokenHash_0 AND r."UserID" = @__userId_1 AND r."DeviceFingerprint" = @__deviceFingerprint_2 AND r."IpAddress" = @__ipAddress_3
LIMIT 1
2026-06-13 12:47:06.889 +00:00 [INF] Executed DbCommand (2ms) [Parameters=[@p1='?' (DbType = Int32), @p0='?' (DbType = Boolean)], CommandType='"Text"', CommandTimeout='30']
UPDATE "RefreshTokens" SET "IsRevoked" = @p0
WHERE "ID" = @p1;
2026-06-13 12:47:06.890 +00:00 [INF] Refresh token OycmKAyiOb4RmfP8w2V+mYKYG/vHlKET+ShTujfEaUk= for user 1 revoked: true
2026-06-13 12:47:06.892 +00:00 [INF] Token refreshed successfully for user 1 at "2026-06-13T12:47:06.8925379Z"
2026-06-13 12:47:06.896 +00:00 [INF] Executing OkObjectResult, writing value of type '<>f__AnonymousType3`2[[System.Boolean, System.Private.CoreLib, Version=9.0.0.0, Culture=neutral, PublicKeyToken=7cec85d7bea7798e],[System.Int32, System.Private.CoreLib, Version=9.0.0.0, Culture=neutral, PublicKeyToken=7cec85d7bea7798e]]'.
2026-06-13 12:47:06.903 +00:00 [INF] Executed action API.Controllers.AuthController.RefreshToken (API) in 178.319ms
2026-06-13 12:47:06.904 +00:00 [INF] Executed endpoint 'API.Controllers.AuthController.RefreshToken (API)'
2026-06-13 12:47:06.904 +00:00 [INF] Request finished HTTP/1.1 POST http://192.168.1.6:8080/api/auth/refresh - 200 null application/json; charset=utf-8 216.4009ms
2026-06-13 12:47:21.015 +00:00 [INF] Application is shutting down...
2026-06-13 12:47:21.776 +00:00 [WRN] Storing keys in a directory '/home/app/.aspnet/DataProtection-Keys' that may not be persisted outside of the container. Protected data will be unavailable when container is destroyed. For more information go to https://aka.ms/aspnet/dataprotectionwarning
2026-06-13 12:47:21.798 +00:00 [INF] User profile is available. Using '/home/app/.aspnet/DataProtection-Keys' as key repository; keys will not be encrypted at rest.
2026-06-13 12:47:21.807 +00:00 [INF] Creating key {547fd4dd-7e07-4529-a6ac-c53ac9861e06} with creation date 2026-06-13 12:47:21Z, activation date 2026-06-13 12:47:21Z, and expiration date 2026-09-11 12:47:21Z.
2026-06-13 12:47:21.849 +00:00 [WRN] No XML encryptor configured. Key {547fd4dd-7e07-4529-a6ac-c53ac9861e06} may be persisted to storage in unencrypted form.
2026-06-13 12:47:21.851 +00:00 [INF] Writing data to file '/home/app/.aspnet/DataProtection-Keys/key-547fd4dd-7e07-4529-a6ac-c53ac9861e06.xml'.
2026-06-13 12:47:21.893 +00:00 [INF] Now listening on: http://[::]:8080
2026-06-13 12:47:21.895 +00:00 [INF] Application started. Press Ctrl+C to shut down.
2026-06-13 12:47:21.895 +00:00 [INF] Hosting environment: Development
2026-06-13 12:47:21.895 +00:00 [INF] Content root path: /app
2026-06-13 12:48:17.606 +00:00 [INF] Request starting HTTP/1.1 GET http://192.168.1.6:8080/api/user - null null
2026-06-13 12:48:17.605 +00:00 [INF] Request starting HTTP/1.1 GET http://192.168.1.6:8080/api/user?page=1&limit=10 - null null
2026-06-13 12:48:17.620 +00:00 [WRN] Failed to determine the https port for redirect.
2026-06-13 12:48:17.623 +00:00 [INF] CORS policy execution successful.
2026-06-13 12:48:17.623 +00:00 [INF] CORS policy execution successful.
2026-06-13 12:48:17.638 +00:00 [INF] ====== OnMessageReceived START ======
2026-06-13 12:48:17.638 +00:00 [INF] ====== OnMessageReceived START ======
2026-06-13 12:48:17.639 +00:00 [INF] Available cookies: 2
2026-06-13 12:48:17.639 +00:00 [INF] Available cookies: 2
2026-06-13 12:48:17.640 +00:00 [INF] Cookie: adminToken = 844 chars
2026-06-13 12:48:17.640 +00:00 [INF] Cookie: adminToken = 844 chars
2026-06-13 12:48:17.640 +00:00 [INF] Cookie: adminRefreshToken = 44 chars
2026-06-13 12:48:17.641 +00:00 [INF] Cookie: adminRefreshToken = 44 chars
2026-06-13 12:48:17.641 +00:00 [INF] Admin token found in cookies, length: 844
2026-06-13 12:48:17.641 +00:00 [INF] Admin token found in cookies, length: 844
2026-06-13 12:48:17.641 +00:00 [INF] Admin token set in context
2026-06-13 12:48:17.641 +00:00 [INF] Admin token set in context
2026-06-13 12:48:17.641 +00:00 [INF] ====== OnMessageReceived END - Token set: true ======
2026-06-13 12:48:17.642 +00:00 [INF] ====== OnMessageReceived END - Token set: true ======
2026-06-13 12:48:17.676 +00:00 [INF] Token validated successfully for user: lengyelnorbi
2026-06-13 12:48:17.676 +00:00 [INF] Token validated successfully for user: lengyelnorbi
2026-06-13 12:48:17.676 +00:00 [INF] Device fingerprint headers - UA: Mozilla/5.0 (Windows NT 10.0; Win64; x64; rv:151.0) Gecko/20100101 Firefox/151.0, Accept: application/json, text/plain, */*, Encoding: gzip, deflate
2026-06-13 12:48:17.676 +00:00 [INF] Device fingerprint headers - UA: Mozilla/5.0 (Windows NT 10.0; Win64; x64; rv:151.0) Gecko/20100101 Firefox/151.0, Accept: application/json, text/plain, */*, Encoding: gzip, deflate
2026-06-13 12:48:17.677 +00:00 [INF] Device fingerprint validation: Stored=/a2uf4z8rcBIhIr7KGbd6aahMr80Bhj+9uyLiYNZ66A=, Current=/a2uf4z8rcBIhIr7KGbd6aahMr80Bhj+9uyLiYNZ66A=
2026-06-13 12:48:17.677 +00:00 [INF] Device fingerprint validation: Stored=/a2uf4z8rcBIhIr7KGbd6aahMr80Bhj+9uyLiYNZ66A=, Current=/a2uf4z8rcBIhIr7KGbd6aahMr80Bhj+9uyLiYNZ66A=
2026-06-13 12:48:18.319 +00:00 [INF] Executed DbCommand (30ms) [Parameters=[@__jti_0='?', @__userId_1='?' (DbType = Int32)], CommandType='"Text"', CommandTimeout='30']
SELECT a."ID", a."CreatedAt", a."DeviceFingerprint", a."ExpiresAt", a."IpAddress", a."IsRevoked", a."UserID", a.jti
FROM "AccessTokens" AS a
WHERE a.jti = @__jti_0 AND a."UserID" = @__userId_1 AND NOT (a."IsRevoked") AND a."ExpiresAt" > now()
LIMIT 1
2026-06-13 12:48:18.319 +00:00 [INF] Executed DbCommand (31ms) [Parameters=[@__jti_0='?', @__userId_1='?' (DbType = Int32)], CommandType='"Text"', CommandTimeout='30']
SELECT a."ID", a."CreatedAt", a."DeviceFingerprint", a."ExpiresAt", a."IpAddress", a."IsRevoked", a."UserID", a.jti
FROM "AccessTokens" AS a
WHERE a.jti = @__jti_0 AND a."UserID" = @__userId_1 AND NOT (a."IsRevoked") AND a."ExpiresAt" > now()
LIMIT 1
2026-06-13 12:48:18.371 +00:00 [INF] Executing endpoint 'API.Controllers.UserController.Get (API)'
2026-06-13 12:48:18.371 +00:00 [INF] Executing endpoint 'API.Controllers.UserController.Get (API)'
2026-06-13 12:48:18.379 +00:00 [INF] Route matched with {action = "Get", controller = "User"}. Executing controller action with signature System.Threading.Tasks.Task`1[System.Collections.Generic.IEnumerable`1[API.DTO.UserDTO]] Get() on controller API.Controllers.UserController (API).
2026-06-13 12:48:18.379 +00:00 [INF] Route matched with {action = "Get", controller = "User"}. Executing controller action with signature System.Threading.Tasks.Task`1[System.Collections.Generic.IEnumerable`1[API.DTO.UserDTO]] Get() on controller API.Controllers.UserController (API).
2026-06-13 12:48:18.381 +00:00 [INF] Fetching user data from database...
2026-06-13 12:48:18.381 +00:00 [INF] Fetching user data from database...
2026-06-13 12:48:18.390 +00:00 [INF] Executed DbCommand (2ms) [Parameters=[], CommandType='"Text"', CommandTimeout='30']
SELECT u."ID", u."Email", u."PasswordHash", u."RegisteredAt", u."Role", u."Username"
FROM "Users" AS u
2026-06-13 12:48:18.390 +00:00 [INF] Executed DbCommand (2ms) [Parameters=[], CommandType='"Text"', CommandTimeout='30']
SELECT u."ID", u."Email", u."PasswordHash", u."RegisteredAt", u."Role", u."Username"
FROM "Users" AS u
2026-06-13 12:48:18.422 +00:00 [INF] Executing ObjectResult, writing value of type 'System.Collections.Generic.List`1[[API.DTO.UserDTO, API, Version=1.0.0.0, Culture=neutral, PublicKeyToken=null]]'.
2026-06-13 12:48:18.422 +00:00 [INF] Executing ObjectResult, writing value of type 'System.Collections.Generic.List`1[[API.DTO.UserDTO, API, Version=1.0.0.0, Culture=neutral, PublicKeyToken=null]]'.
2026-06-13 12:48:18.454 +00:00 [INF] Executed action API.Controllers.UserController.Get (API) in 72.6601ms
2026-06-13 12:48:18.454 +00:00 [INF] Executed action API.Controllers.UserController.Get (API) in 72.5685ms
2026-06-13 12:48:18.457 +00:00 [INF] Executed endpoint 'API.Controllers.UserController.Get (API)'
2026-06-13 12:48:18.457 +00:00 [INF] Executed endpoint 'API.Controllers.UserController.Get (API)'
2026-06-13 12:48:18.462 +00:00 [INF] Request finished HTTP/1.1 GET http://192.168.1.6:8080/api/user?page=1&limit=10 - 200 null application/json; charset=utf-8 858.0152ms
2026-06-13 12:48:18.462 +00:00 [INF] Request finished HTTP/1.1 GET http://192.168.1.6:8080/api/user - 200 null application/json; charset=utf-8 858.015ms
2026-06-13 12:48:22.982 +00:00 [INF] Request starting HTTP/1.1 OPTIONS http://192.168.1.6:8080/api/password/generate-password - null null
2026-06-13 12:48:22.983 +00:00 [INF] CORS policy execution successful.
2026-06-13 12:48:22.984 +00:00 [INF] Request finished HTTP/1.1 OPTIONS http://192.168.1.6:8080/api/password/generate-password - 204 null null 2.3311ms
2026-06-13 12:48:22.987 +00:00 [INF] Request starting HTTP/1.1 POST http://192.168.1.6:8080/api/password/generate-password - application/json 67
2026-06-13 12:48:22.987 +00:00 [INF] CORS policy execution successful.
2026-06-13 12:48:22.988 +00:00 [INF] ====== OnMessageReceived START ======
2026-06-13 12:48:22.989 +00:00 [INF] Available cookies: 2
2026-06-13 12:48:22.989 +00:00 [INF] Cookie: adminToken = 844 chars
2026-06-13 12:48:22.989 +00:00 [INF] Cookie: adminRefreshToken = 44 chars
2026-06-13 12:48:22.989 +00:00 [INF] Admin token found in cookies, length: 844
2026-06-13 12:48:22.989 +00:00 [INF] Admin token set in context
2026-06-13 12:48:22.989 +00:00 [INF] ====== OnMessageReceived END - Token set: true ======
2026-06-13 12:48:22.990 +00:00 [INF] Token validated successfully for user: lengyelnorbi
2026-06-13 12:48:22.990 +00:00 [INF] Device fingerprint headers - UA: Mozilla/5.0 (Windows NT 10.0; Win64; x64; rv:151.0) Gecko/20100101 Firefox/151.0, Accept: */*, Encoding: gzip, deflate
2026-06-13 12:48:22.991 +00:00 [INF] Device fingerprint validation: Stored=/a2uf4z8rcBIhIr7KGbd6aahMr80Bhj+9uyLiYNZ66A=, Current=/a2uf4z8rcBIhIr7KGbd6aahMr80Bhj+9uyLiYNZ66A=
2026-06-13 12:48:23.029 +00:00 [INF] Executed DbCommand (2ms) [Parameters=[@__jti_0='?', @__userId_1='?' (DbType = Int32)], CommandType='"Text"', CommandTimeout='30']
SELECT a."ID", a."CreatedAt", a."DeviceFingerprint", a."ExpiresAt", a."IpAddress", a."IsRevoked", a."UserID", a.jti
FROM "AccessTokens" AS a
WHERE a.jti = @__jti_0 AND a."UserID" = @__userId_1 AND NOT (a."IsRevoked") AND a."ExpiresAt" > now()
LIMIT 1
2026-06-13 12:48:23.032 +00:00 [INF] Executing endpoint 'API.Controllers.PasswordController.GeneratePassword (API)'
2026-06-13 12:48:23.037 +00:00 [INF] Route matched with {action = "GeneratePassword", controller = "Password"}. Executing controller action with signature System.Threading.Tasks.Task`1[Microsoft.AspNetCore.Mvc.IActionResult] GeneratePassword(API.Models.RequestModels.GeneratePwdRequest) on controller API.Controllers.PasswordController (API).
2026-06-13 12:48:23.057 +00:00 [INF] Executing OkObjectResult, writing value of type '<>f__AnonymousType4`1[[System.String, System.Private.CoreLib, Version=9.0.0.0, Culture=neutral, PublicKeyToken=7cec85d7bea7798e]]'.
2026-06-13 12:48:23.059 +00:00 [INF] Executed action API.Controllers.PasswordController.GeneratePassword (API) in 21.7908ms
2026-06-13 12:48:23.059 +00:00 [INF] Executed endpoint 'API.Controllers.PasswordController.GeneratePassword (API)'
2026-06-13 12:48:23.059 +00:00 [INF] Request finished HTTP/1.1 POST http://192.168.1.6:8080/api/password/generate-password - 200 null application/json; charset=utf-8 72.6738ms
2026-06-13 12:48:26.715 +00:00 [INF] Request starting HTTP/1.1 OPTIONS http://192.168.1.6:8080/api/user - null null
2026-06-13 12:48:26.716 +00:00 [INF] CORS policy execution successful.
2026-06-13 12:48:26.716 +00:00 [INF] Request finished HTTP/1.1 OPTIONS http://192.168.1.6:8080/api/user - 204 null null 1.0191ms
2026-06-13 12:48:26.718 +00:00 [INF] Request starting HTTP/1.1 POST http://192.168.1.6:8080/api/user - application/json 135
2026-06-13 12:48:26.719 +00:00 [INF] CORS policy execution successful.
2026-06-13 12:48:26.719 +00:00 [INF] ====== OnMessageReceived START ======
2026-06-13 12:48:26.719 +00:00 [INF] Available cookies: 2
2026-06-13 12:48:26.719 +00:00 [INF] Cookie: adminToken = 844 chars
2026-06-13 12:48:26.719 +00:00 [INF] Cookie: adminRefreshToken = 44 chars
2026-06-13 12:48:26.719 +00:00 [INF] Admin token found in cookies, length: 844
2026-06-13 12:48:26.720 +00:00 [INF] Admin token set in context
2026-06-13 12:48:26.720 +00:00 [INF] ====== OnMessageReceived END - Token set: true ======
2026-06-13 12:48:26.720 +00:00 [INF] Token validated successfully for user: lengyelnorbi
2026-06-13 12:48:26.720 +00:00 [INF] Device fingerprint headers - UA: Mozilla/5.0 (Windows NT 10.0; Win64; x64; rv:151.0) Gecko/20100101 Firefox/151.0, Accept: */*, Encoding: gzip, deflate
2026-06-13 12:48:26.720 +00:00 [INF] Device fingerprint validation: Stored=/a2uf4z8rcBIhIr7KGbd6aahMr80Bhj+9uyLiYNZ66A=, Current=/a2uf4z8rcBIhIr7KGbd6aahMr80Bhj+9uyLiYNZ66A=
2026-06-13 12:48:26.723 +00:00 [INF] Executed DbCommand (1ms) [Parameters=[@__jti_0='?', @__userId_1='?' (DbType = Int32)], CommandType='"Text"', CommandTimeout='30']
SELECT a."ID", a."CreatedAt", a."DeviceFingerprint", a."ExpiresAt", a."IpAddress", a."IsRevoked", a."UserID", a.jti
FROM "AccessTokens" AS a
WHERE a.jti = @__jti_0 AND a."UserID" = @__userId_1 AND NOT (a."IsRevoked") AND a."ExpiresAt" > now()
LIMIT 1
2026-06-13 12:48:26.726 +00:00 [INF] Executing endpoint 'API.Controllers.UserController.CreateUserAsync (API)'
2026-06-13 12:48:26.728 +00:00 [INF] Route matched with {action = "CreateUser", controller = "User"}. Executing controller action with signature System.Threading.Tasks.Task`1[Microsoft.AspNetCore.Mvc.IActionResult] CreateUserAsync(API.Models.RequestModels.CreateUserRequest) on controller API.Controllers.UserController (API).
2026-06-13 12:48:26.731 +00:00 [INF] Executed action API.Controllers.UserController.CreateUserAsync (API) in 3.3735ms
2026-06-13 12:48:26.732 +00:00 [INF] Executed endpoint 'API.Controllers.UserController.CreateUserAsync (API)'
2026-06-13 12:48:26.732 +00:00 [ERR] An unhandled exception has occurred while executing the request.
System.InvalidOperationException: Each parameter in the deserialization constructor on type 'API.Models.RequestModels.CreateUserRequest' must bind to an object property or field on deserialization. Each parameter name and type must match with a property or field on the object. Fields are only considered when 'JsonSerializerOptions.IncludeFields' is enabled. The name match can be case-insensitive.
   at System.Text.Json.ThrowHelper.ThrowInvalidOperationException_ConstructorParameterIncompleteBinding(Type parentType)
   at System.Text.Json.Serialization.Converters.ObjectWithParameterizedConstructorConverter`1.OnTryRead(Utf8JsonReader& reader, Type typeToConvert, JsonSerializerOptions options, ReadStack& state, T& value)
   at System.Text.Json.Serialization.JsonConverter`1.TryRead(Utf8JsonReader& reader, Type typeToConvert, JsonSerializerOptions options, ReadStack& state, T& value, Boolean& isPopulatedValue)
   at System.Text.Json.Serialization.JsonConverter`1.ReadCore(Utf8JsonReader& reader, T& value, JsonSerializerOptions options, ReadStack& state)
   at System.Text.Json.Serialization.Metadata.JsonTypeInfo`1.ContinueDeserialize[TReadBufferState,TStream](TReadBufferState& bufferState, JsonReaderState& jsonReaderState, ReadStack& readStack, T& value)
   at System.Text.Json.Serialization.Metadata.JsonTypeInfo`1.DeserializeAsync[TReadBufferState,TStream](TStream utf8Json, TReadBufferState bufferState, CancellationToken cancellationToken)
   at System.Text.Json.Serialization.Metadata.JsonTypeInfo`1.DeserializeAsObjectAsync(Stream utf8Json, CancellationToken cancellationToken)
   at Microsoft.AspNetCore.Mvc.Formatters.SystemTextJsonInputFormatter.ReadRequestBodyAsync(InputFormatterContext context, Encoding encoding)
   at Microsoft.AspNetCore.Mvc.Formatters.SystemTextJsonInputFormatter.ReadRequestBodyAsync(InputFormatterContext context, Encoding encoding)
   at Microsoft.AspNetCore.Mvc.ModelBinding.Binders.BodyModelBinder.BindModelAsync(ModelBindingContext bindingContext)
   at Microsoft.AspNetCore.Mvc.ModelBinding.ParameterBinder.BindModelAsync(ActionContext actionContext, IModelBinder modelBinder, IValueProvider valueProvider, ParameterDescriptor parameter, ModelMetadata metadata, Object value, Object container)
   at Microsoft.AspNetCore.Mvc.Controllers.ControllerBinderDelegateProvider.<>c__DisplayClass0_0.<<CreateBinderDelegate>g__Bind|0>d.MoveNext()
--- End of stack trace from previous location ---
   at Microsoft.AspNetCore.Mvc.Infrastructure.ControllerActionInvoker.<InvokeInnerFilterAsync>g__Awaited|13_0(ControllerActionInvoker invoker, Task lastTask, State next, Scope scope, Object state, Boolean isCompleted)
   at Microsoft.AspNetCore.Mvc.Infrastructure.ResourceInvoker.<InvokeFilterPipelineAsync>g__Awaited|20_0(ResourceInvoker invoker, Task lastTask, State next, Scope scope, Object state, Boolean isCompleted)
   at Microsoft.AspNetCore.Mvc.Infrastructure.ResourceInvoker.<InvokeAsync>g__Logged|17_1(ResourceInvoker invoker)
   at Microsoft.AspNetCore.Mvc.Infrastructure.ResourceInvoker.<InvokeAsync>g__Logged|17_1(ResourceInvoker invoker)
   at Microsoft.AspNetCore.Routing.EndpointMiddleware.<Invoke>g__AwaitRequestTask|7_0(Endpoint endpoint, Task requestTask, ILogger logger)
   at Microsoft.AspNetCore.Authorization.AuthorizationMiddleware.Invoke(HttpContext context)
   at Microsoft.AspNetCore.Authentication.AuthenticationMiddleware.Invoke(HttpContext context)
   at Microsoft.AspNetCore.Diagnostics.DeveloperExceptionPageMiddlewareImpl.Invoke(HttpContext context)
2026-06-13 12:48:26.740 +00:00 [INF] Request finished HTTP/1.1 POST http://192.168.1.6:8080/api/user - 500 null text/plain; charset=utf-8 21.9717ms
2026-06-13 12:51:36.923 +00:00 [INF] Request starting HTTP/1.1 OPTIONS http://192.168.1.6:8080/api/auth/refresh - null null
2026-06-13 12:51:36.923 +00:00 [INF] CORS policy execution successful.
2026-06-13 12:51:36.924 +00:00 [INF] Request finished HTTP/1.1 OPTIONS http://192.168.1.6:8080/api/auth/refresh - 204 null null 1.0027ms
2026-06-13 12:51:36.927 +00:00 [INF] Request starting HTTP/1.1 POST http://192.168.1.6:8080/api/auth/refresh - application/json 18
2026-06-13 12:51:36.927 +00:00 [INF] CORS policy execution successful.
2026-06-13 12:51:36.927 +00:00 [INF] ====== OnMessageReceived START ======
2026-06-13 12:51:36.928 +00:00 [INF] Available cookies: 2
2026-06-13 12:51:36.928 +00:00 [INF] Cookie: adminToken = 844 chars
2026-06-13 12:51:36.928 +00:00 [INF] Cookie: adminRefreshToken = 44 chars
2026-06-13 12:51:36.928 +00:00 [INF] Admin token found in cookies, length: 844
2026-06-13 12:51:36.928 +00:00 [INF] Admin token set in context
2026-06-13 12:51:36.928 +00:00 [INF] ====== OnMessageReceived END - Token set: true ======
2026-06-13 12:51:36.929 +00:00 [INF] Token validated successfully for user: lengyelnorbi
2026-06-13 12:51:36.929 +00:00 [INF] Device fingerprint headers - UA: Mozilla/5.0 (Windows NT 10.0; Win64; x64; rv:151.0) Gecko/20100101 Firefox/151.0, Accept: */*, Encoding: gzip, deflate
2026-06-13 12:51:36.929 +00:00 [INF] Device fingerprint validation: Stored=/a2uf4z8rcBIhIr7KGbd6aahMr80Bhj+9uyLiYNZ66A=, Current=/a2uf4z8rcBIhIr7KGbd6aahMr80Bhj+9uyLiYNZ66A=
2026-06-13 12:51:36.933 +00:00 [INF] Executed DbCommand (2ms) [Parameters=[@__jti_0='?', @__userId_1='?' (DbType = Int32)], CommandType='"Text"', CommandTimeout='30']
SELECT a."ID", a."CreatedAt", a."DeviceFingerprint", a."ExpiresAt", a."IpAddress", a."IsRevoked", a."UserID", a.jti
FROM "AccessTokens" AS a
WHERE a.jti = @__jti_0 AND a."UserID" = @__userId_1 AND NOT (a."IsRevoked") AND a."ExpiresAt" > now()
LIMIT 1
2026-06-13 12:51:36.935 +00:00 [INF] Executing endpoint 'API.Controllers.AuthController.RefreshToken (API)'
2026-06-13 12:51:36.937 +00:00 [INF] Route matched with {action = "RefreshToken", controller = "Auth"}. Executing controller action with signature System.Threading.Tasks.Task`1[Microsoft.AspNetCore.Mvc.IActionResult] RefreshToken(API.Models.RequestModels.RefreshRequest) on controller API.Controllers.AuthController (API).
2026-06-13 12:51:36.940 +00:00 [INF] Token refresh attempt at "2026-06-13T12:51:36.9405344Z"
2026-06-13 12:51:36.941 +00:00 [INF] Refreshing admin token at "2026-06-13T12:51:36.9410696Z"
2026-06-13 12:51:36.950 +00:00 [INF] Executed DbCommand (3ms) [Parameters=[@__tokenHash_0='?'], CommandType='"Text"', CommandTimeout='30']
SELECT r."ID", r."CreatedAt", r."DeviceFingerprint", r."ExpiresAt", r."IpAddress", r."IsRevoked", r."TokenHash", r."UserID"
FROM "RefreshTokens" AS r
WHERE r."TokenHash" = @__tokenHash_0 AND NOT (r."IsRevoked") AND r."ExpiresAt" > now()
ORDER BY r."CreatedAt" DESC
LIMIT 1
2026-06-13 12:51:36.957 +00:00 [INF] Mozilla/5.0 (Windows NT 10.0; Win64; x64; rv:151.0) Gecko/20100101 Firefox/151.0
2026-06-13 12:51:36.960 +00:00 [INF] Fetching user by ID from database...
2026-06-13 12:51:36.965 +00:00 [INF] Executed DbCommand (1ms) [Parameters=[@__id_0='?' (DbType = Int32)], CommandType='"Text"', CommandTimeout='30']
SELECT u."ID", u."Email", u."PasswordHash", u."RegisteredAt", u."Role", u."Username"
FROM "Users" AS u
WHERE u."ID" = @__id_0
LIMIT 1
2026-06-13 12:51:37.026 +00:00 [INF] Executed DbCommand (4ms) [Parameters=[@p0='?' (DbType = DateTime), @p1='?', @p2='?' (DbType = DateTime), @p3='?', @p4='?' (DbType = Int32), @p5='?'], CommandType='"Text"', CommandTimeout='30']
INSERT INTO "AccessTokens" ("CreatedAt", "DeviceFingerprint", "ExpiresAt", "IpAddress", "UserID", jti)
VALUES (@p0, @p1, @p2, @p3, @p4, @p5)
RETURNING "ID", "IsRevoked";
2026-06-13 12:51:37.047 +00:00 [INF] Executed DbCommand (2ms) [Parameters=[@__jti_0='?', @__userID_1='?' (DbType = Int32), @__deviceFingerprint_2='?', @__ipAddress_3='?'], CommandType='"Text"', CommandTimeout='30']
SELECT a."ID", a."CreatedAt", a."DeviceFingerprint", a."ExpiresAt", a."IpAddress", a."IsRevoked", a."UserID", a.jti
FROM "AccessTokens" AS a
WHERE a.jti = @__jti_0 AND a."UserID" = @__userID_1 AND a."DeviceFingerprint" = @__deviceFingerprint_2 AND a."IpAddress" = @__ipAddress_3
LIMIT 1
2026-06-13 12:51:37.048 +00:00 [INF] Attempting to revoke access token with jti bde2956a-5b27-414a-b0c1-a705579c3553 for user 1 from device /a2uf4z8rcBIhIr7KGbd6aahMr80Bhj+9uyLiYNZ66A= and IP ::ffff:172.20.0.1
2026-06-13 12:51:37.048 +00:00 [INF] Access token found: API.Models.AccessToken
2026-06-13 12:51:37.053 +00:00 [INF] Executed DbCommand (2ms) [Parameters=[@p1='?' (DbType = Int32), @p0='?' (DbType = Boolean)], CommandType='"Text"', CommandTimeout='30']
UPDATE "AccessTokens" SET "IsRevoked" = @p0
WHERE "ID" = @p1;
2026-06-13 12:51:37.054 +00:00 [INF] Access token AccessToken for user 1 revoked: true
2026-06-13 12:51:37.059 +00:00 [INF] Executed DbCommand (3ms) [Parameters=[@p0='?' (DbType = DateTime), @p1='?', @p2='?' (DbType = DateTime), @p3='?', @p4='?', @p5='?' (DbType = Int32)], CommandType='"Text"', CommandTimeout='30']
INSERT INTO "RefreshTokens" ("CreatedAt", "DeviceFingerprint", "ExpiresAt", "IpAddress", "TokenHash", "UserID")
VALUES (@p0, @p1, @p2, @p3, @p4, @p5)
RETURNING "ID", "IsRevoked";
2026-06-13 12:51:37.066 +00:00 [INF] Executed DbCommand (2ms) [Parameters=[@__tokenHash_0='?', @__userId_1='?' (DbType = Int32), @__deviceFingerprint_2='?', @__ipAddress_3='?'], CommandType='"Text"', CommandTimeout='30']
SELECT r."ID", r."CreatedAt", r."DeviceFingerprint", r."ExpiresAt", r."IpAddress", r."IsRevoked", r."TokenHash", r."UserID"
FROM "RefreshTokens" AS r
WHERE r."TokenHash" = @__tokenHash_0 AND r."UserID" = @__userId_1 AND r."DeviceFingerprint" = @__deviceFingerprint_2 AND r."IpAddress" = @__ipAddress_3
LIMIT 1
2026-06-13 12:51:37.068 +00:00 [INF] Executed DbCommand (2ms) [Parameters=[@p1='?' (DbType = Int32), @p0='?' (DbType = Boolean)], CommandType='"Text"', CommandTimeout='30']
UPDATE "RefreshTokens" SET "IsRevoked" = @p0
WHERE "ID" = @p1;
2026-06-13 12:51:37.069 +00:00 [INF] Refresh token l3pjO7X5nthBtfA/+pnps38hNmpTY/BjhAd8EZgBMQs= for user 1 revoked: true
2026-06-13 12:51:37.070 +00:00 [INF] Token refreshed successfully for user 1 at "2026-06-13T12:51:37.0706489Z"
2026-06-13 12:51:37.071 +00:00 [INF] Executing OkObjectResult, writing value of type '<>f__AnonymousType3`2[[System.Boolean, System.Private.CoreLib, Version=9.0.0.0, Culture=neutral, PublicKeyToken=7cec85d7bea7798e],[System.Int32, System.Private.CoreLib, Version=9.0.0.0, Culture=neutral, PublicKeyToken=7cec85d7bea7798e]]'.
2026-06-13 12:51:37.074 +00:00 [INF] Executed action API.Controllers.AuthController.RefreshToken (API) in 136.1353ms
2026-06-13 12:51:37.074 +00:00 [INF] Executed endpoint 'API.Controllers.AuthController.RefreshToken (API)'
2026-06-13 12:51:37.074 +00:00 [INF] Request finished HTTP/1.1 POST http://192.168.1.6:8080/api/auth/refresh - 200 null application/json; charset=utf-8 147.771ms
2026-06-13 12:56:08.377 +00:00 [INF] Request starting HTTP/1.1 OPTIONS http://192.168.1.6:8080/api/auth/refresh - null null
2026-06-13 12:56:08.378 +00:00 [INF] CORS policy execution successful.
2026-06-13 12:56:08.378 +00:00 [INF] Request finished HTTP/1.1 OPTIONS http://192.168.1.6:8080/api/auth/refresh - 204 null null 0.7994ms
2026-06-13 12:56:08.380 +00:00 [INF] Request starting HTTP/1.1 POST http://192.168.1.6:8080/api/auth/refresh - application/json 18
2026-06-13 12:56:08.380 +00:00 [INF] CORS policy execution successful.
2026-06-13 12:56:08.381 +00:00 [INF] ====== OnMessageReceived START ======
2026-06-13 12:56:08.381 +00:00 [INF] Available cookies: 2
2026-06-13 12:56:08.381 +00:00 [INF] Cookie: adminToken = 844 chars
2026-06-13 12:56:08.381 +00:00 [INF] Cookie: adminRefreshToken = 44 chars
2026-06-13 12:56:08.381 +00:00 [INF] Admin token found in cookies, length: 844
2026-06-13 12:56:08.381 +00:00 [INF] Admin token set in context
2026-06-13 12:56:08.382 +00:00 [INF] ====== OnMessageReceived END - Token set: true ======
2026-06-13 12:56:08.382 +00:00 [INF] Token validated successfully for user: lengyelnorbi
2026-06-13 12:56:08.382 +00:00 [INF] Device fingerprint headers - UA: Mozilla/5.0 (Windows NT 10.0; Win64; x64; rv:151.0) Gecko/20100101 Firefox/151.0, Accept: */*, Encoding: gzip, deflate
2026-06-13 12:56:08.382 +00:00 [INF] Device fingerprint validation: Stored=/a2uf4z8rcBIhIr7KGbd6aahMr80Bhj+9uyLiYNZ66A=, Current=/a2uf4z8rcBIhIr7KGbd6aahMr80Bhj+9uyLiYNZ66A=
2026-06-13 12:56:08.393 +00:00 [INF] Executed DbCommand (3ms) [Parameters=[@__jti_0='?', @__userId_1='?' (DbType = Int32)], CommandType='"Text"', CommandTimeout='30']
SELECT a."ID", a."CreatedAt", a."DeviceFingerprint", a."ExpiresAt", a."IpAddress", a."IsRevoked", a."UserID", a.jti
FROM "AccessTokens" AS a
WHERE a.jti = @__jti_0 AND a."UserID" = @__userId_1 AND NOT (a."IsRevoked") AND a."ExpiresAt" > now()
LIMIT 1
2026-06-13 12:56:08.394 +00:00 [INF] Executing endpoint 'API.Controllers.AuthController.RefreshToken (API)'
2026-06-13 12:56:08.394 +00:00 [INF] Route matched with {action = "RefreshToken", controller = "Auth"}. Executing controller action with signature System.Threading.Tasks.Task`1[Microsoft.AspNetCore.Mvc.IActionResult] RefreshToken(API.Models.RequestModels.RefreshRequest) on controller API.Controllers.AuthController (API).
2026-06-13 12:56:08.395 +00:00 [INF] Token refresh attempt at "2026-06-13T12:56:08.3955385Z"
2026-06-13 12:56:08.395 +00:00 [INF] Refreshing admin token at "2026-06-13T12:56:08.3957082Z"
2026-06-13 12:56:08.397 +00:00 [INF] Executed DbCommand (1ms) [Parameters=[@__tokenHash_0='?'], CommandType='"Text"', CommandTimeout='30']
SELECT r."ID", r."CreatedAt", r."DeviceFingerprint", r."ExpiresAt", r."IpAddress", r."IsRevoked", r."TokenHash", r."UserID"
FROM "RefreshTokens" AS r
WHERE r."TokenHash" = @__tokenHash_0 AND NOT (r."IsRevoked") AND r."ExpiresAt" > now()
ORDER BY r."CreatedAt" DESC
LIMIT 1
2026-06-13 12:56:08.397 +00:00 [INF] Mozilla/5.0 (Windows NT 10.0; Win64; x64; rv:151.0) Gecko/20100101 Firefox/151.0
2026-06-13 12:56:08.398 +00:00 [INF] Fetching user by ID from database...
2026-06-13 12:56:08.399 +00:00 [INF] Executed DbCommand (1ms) [Parameters=[@__id_0='?' (DbType = Int32)], CommandType='"Text"', CommandTimeout='30']
SELECT u."ID", u."Email", u."PasswordHash", u."RegisteredAt", u."Role", u."Username"
FROM "Users" AS u
WHERE u."ID" = @__id_0
LIMIT 1
2026-06-13 12:56:08.402 +00:00 [INF] Executed DbCommand (2ms) [Parameters=[@p0='?' (DbType = DateTime), @p1='?', @p2='?' (DbType = DateTime), @p3='?', @p4='?' (DbType = Int32), @p5='?'], CommandType='"Text"', CommandTimeout='30']
INSERT INTO "AccessTokens" ("CreatedAt", "DeviceFingerprint", "ExpiresAt", "IpAddress", "UserID", jti)
VALUES (@p0, @p1, @p2, @p3, @p4, @p5)
RETURNING "ID", "IsRevoked";
2026-06-13 12:56:08.404 +00:00 [INF] Executed DbCommand (1ms) [Parameters=[@__jti_0='?', @__userID_1='?' (DbType = Int32), @__deviceFingerprint_2='?', @__ipAddress_3='?'], CommandType='"Text"', CommandTimeout='30']
SELECT a."ID", a."CreatedAt", a."DeviceFingerprint", a."ExpiresAt", a."IpAddress", a."IsRevoked", a."UserID", a.jti
FROM "AccessTokens" AS a
WHERE a.jti = @__jti_0 AND a."UserID" = @__userID_1 AND a."DeviceFingerprint" = @__deviceFingerprint_2 AND a."IpAddress" = @__ipAddress_3
LIMIT 1
2026-06-13 12:56:08.404 +00:00 [INF] Attempting to revoke access token with jti 75d76584-857e-479c-bf29-0c15cd1b5b2a for user 1 from device /a2uf4z8rcBIhIr7KGbd6aahMr80Bhj+9uyLiYNZ66A= and IP ::ffff:172.20.0.1
2026-06-13 12:56:08.404 +00:00 [INF] Access token found: API.Models.AccessToken
2026-06-13 12:56:08.406 +00:00 [INF] Executed DbCommand (1ms) [Parameters=[@p1='?' (DbType = Int32), @p0='?' (DbType = Boolean)], CommandType='"Text"', CommandTimeout='30']
UPDATE "AccessTokens" SET "IsRevoked" = @p0
WHERE "ID" = @p1;
2026-06-13 12:56:08.406 +00:00 [INF] Access token AccessToken for user 1 revoked: true
2026-06-13 12:56:08.409 +00:00 [INF] Executed DbCommand (2ms) [Parameters=[@p0='?' (DbType = DateTime), @p1='?', @p2='?' (DbType = DateTime), @p3='?', @p4='?', @p5='?' (DbType = Int32)], CommandType='"Text"', CommandTimeout='30']
INSERT INTO "RefreshTokens" ("CreatedAt", "DeviceFingerprint", "ExpiresAt", "IpAddress", "TokenHash", "UserID")
VALUES (@p0, @p1, @p2, @p3, @p4, @p5)
RETURNING "ID", "IsRevoked";
2026-06-13 12:56:08.410 +00:00 [INF] Executed DbCommand (1ms) [Parameters=[@__tokenHash_0='?', @__userId_1='?' (DbType = Int32), @__deviceFingerprint_2='?', @__ipAddress_3='?'], CommandType='"Text"', CommandTimeout='30']
SELECT r."ID", r."CreatedAt", r."DeviceFingerprint", r."ExpiresAt", r."IpAddress", r."IsRevoked", r."TokenHash", r."UserID"
FROM "RefreshTokens" AS r
WHERE r."TokenHash" = @__tokenHash_0 AND r."UserID" = @__userId_1 AND r."DeviceFingerprint" = @__deviceFingerprint_2 AND r."IpAddress" = @__ipAddress_3
LIMIT 1
2026-06-13 12:56:08.412 +00:00 [INF] Executed DbCommand (1ms) [Parameters=[@p1='?' (DbType = Int32), @p0='?' (DbType = Boolean)], CommandType='"Text"', CommandTimeout='30']
UPDATE "RefreshTokens" SET "IsRevoked" = @p0
WHERE "ID" = @p1;
2026-06-13 12:56:08.412 +00:00 [INF] Refresh token FkeOtRYdhNezLUd3m0vb2he3mZZm85PLsRyMmv1SB5A= for user 1 revoked: true
2026-06-13 12:56:08.412 +00:00 [INF] Token refreshed successfully for user 1 at "2026-06-13T12:56:08.4126534Z"
2026-06-13 12:56:08.412 +00:00 [INF] Executing OkObjectResult, writing value of type '<>f__AnonymousType3`2[[System.Boolean, System.Private.CoreLib, Version=9.0.0.0, Culture=neutral, PublicKeyToken=7cec85d7bea7798e],[System.Int32, System.Private.CoreLib, Version=9.0.0.0, Culture=neutral, PublicKeyToken=7cec85d7bea7798e]]'.
2026-06-13 12:56:08.413 +00:00 [INF] Executed action API.Controllers.AuthController.RefreshToken (API) in 18.3186ms
2026-06-13 12:56:08.413 +00:00 [INF] Executed endpoint 'API.Controllers.AuthController.RefreshToken (API)'
2026-06-13 12:56:08.413 +00:00 [INF] Request finished HTTP/1.1 POST http://192.168.1.6:8080/api/auth/refresh - 200 null application/json; charset=utf-8 32.7428ms
2026-06-13 12:58:10.163 +00:00 [INF] Application is shutting down...
2026-06-13 12:58:10.936 +00:00 [WRN] Storing keys in a directory '/home/app/.aspnet/DataProtection-Keys' that may not be persisted outside of the container. Protected data will be unavailable when container is destroyed. For more information go to https://aka.ms/aspnet/dataprotectionwarning
2026-06-13 12:58:10.959 +00:00 [INF] User profile is available. Using '/home/app/.aspnet/DataProtection-Keys' as key repository; keys will not be encrypted at rest.
2026-06-13 12:58:10.969 +00:00 [INF] Creating key {96ee9147-e398-4593-9791-b379b16d037f} with creation date 2026-06-13 12:58:10Z, activation date 2026-06-13 12:58:10Z, and expiration date 2026-09-11 12:58:10Z.
2026-06-13 12:58:11.006 +00:00 [WRN] No XML encryptor configured. Key {96ee9147-e398-4593-9791-b379b16d037f} may be persisted to storage in unencrypted form.
2026-06-13 12:58:11.008 +00:00 [INF] Writing data to file '/home/app/.aspnet/DataProtection-Keys/key-96ee9147-e398-4593-9791-b379b16d037f.xml'.
2026-06-13 12:58:11.052 +00:00 [INF] Now listening on: http://[::]:8080
2026-06-13 12:58:11.053 +00:00 [INF] Application started. Press Ctrl+C to shut down.
2026-06-13 12:58:11.053 +00:00 [INF] Hosting environment: Development
2026-06-13 12:58:11.054 +00:00 [INF] Content root path: /app
2026-06-13 13:02:31.218 +00:00 [INF] Request starting HTTP/1.1 OPTIONS http://192.168.1.6:8080/api/auth - null null
2026-06-13 13:02:31.233 +00:00 [WRN] Failed to determine the https port for redirect.
2026-06-13 13:02:31.236 +00:00 [INF] CORS policy execution successful.
2026-06-13 13:02:31.239 +00:00 [INF] Request finished HTTP/1.1 OPTIONS http://192.168.1.6:8080/api/auth - 204 null null 22.1323ms
2026-06-13 13:02:31.245 +00:00 [INF] Request starting HTTP/1.1 POST http://192.168.1.6:8080/api/auth - application/json 74
2026-06-13 13:02:31.248 +00:00 [INF] CORS policy execution successful.
2026-06-13 13:02:31.263 +00:00 [INF] ====== OnMessageReceived START ======
2026-06-13 13:02:31.264 +00:00 [INF] Available cookies: 1
2026-06-13 13:02:31.265 +00:00 [INF] Cookie: adminRefreshToken = 44 chars
2026-06-13 13:02:31.265 +00:00 [WRN] NO TOKEN FOUND IN COOKIES!
2026-06-13 13:02:31.265 +00:00 [INF] ====== OnMessageReceived END - Token set: false ======
2026-06-13 13:02:31.268 +00:00 [INF] Executing endpoint 'API.Controllers.AuthController.Authenticate (API)'
2026-06-13 13:02:31.281 +00:00 [INF] Route matched with {action = "Authenticate", controller = "Auth"}. Executing controller action with signature System.Threading.Tasks.Task`1[Microsoft.AspNetCore.Mvc.IActionResult] Authenticate(API.Models.RequestModels.LoginRequest) on controller API.Controllers.AuthController (API).
2026-06-13 13:02:31.368 +00:00 [INF] Authentication attempt for email: lengyelnorbi5@gmail.com
2026-06-13 13:02:31.368 +00:00 [INF] Fetching user by email from database...
2026-06-13 13:02:31.909 +00:00 [INF] Executed DbCommand (22ms) [Parameters=[@__email_0='?'], CommandType='"Text"', CommandTimeout='30']
SELECT u."ID", u."Email", u."PasswordHash", u."RegisteredAt", u."Role", u."Username"
FROM "Users" AS u
WHERE u."Email" = @__email_0
LIMIT 1
2026-06-13 13:02:31.950 +00:00 [INF] Mozilla/5.0 (Windows NT 10.0; Win64; x64; rv:151.0) Gecko/20100101 Firefox/151.0
2026-06-13 13:02:31.953 +00:00 [INF] Fetching user by email from database...
2026-06-13 13:02:31.958 +00:00 [INF] Executed DbCommand (2ms) [Parameters=[@__email_0='?'], CommandType='"Text"', CommandTimeout='30']
SELECT u."ID", u."Email", u."PasswordHash", u."RegisteredAt", u."Role", u."Username"
FROM "Users" AS u
WHERE u."Email" = @__email_0
LIMIT 1
2026-06-13 13:02:32.493 +00:00 [INF] Password verification completed: Valid
2026-06-13 13:02:32.562 +00:00 [INF] Executed DbCommand (5ms) [Parameters=[@p0='?' (DbType = DateTime), @p1='?', @p2='?' (DbType = DateTime), @p3='?', @p4='?' (DbType = Int32), @p5='?'], CommandType='"Text"', CommandTimeout='30']
INSERT INTO "AccessTokens" ("CreatedAt", "DeviceFingerprint", "ExpiresAt", "IpAddress", "UserID", jti)
VALUES (@p0, @p1, @p2, @p3, @p4, @p5)
RETURNING "ID", "IsRevoked";
2026-06-13 13:02:32.597 +00:00 [INF] Executed DbCommand (3ms) [Parameters=[@p0='?' (DbType = DateTime), @p1='?', @p2='?' (DbType = DateTime), @p3='?', @p4='?', @p5='?' (DbType = Int32)], CommandType='"Text"', CommandTimeout='30']
INSERT INTO "RefreshTokens" ("CreatedAt", "DeviceFingerprint", "ExpiresAt", "IpAddress", "TokenHash", "UserID")
VALUES (@p0, @p1, @p2, @p3, @p4, @p5)
RETURNING "ID", "IsRevoked";
2026-06-13 13:02:32.599 +00:00 [INF] Admin user lengyelnorbi5@gmail.com authenticated successfully from admin panel at "2026-06-13T13:02:32.5995766Z"
2026-06-13 13:02:32.601 +00:00 [INF] --------------------------------------------------------------------
2026-06-13 13:02:32.601 +00:00 [INF] eyJhbGciOiJIUzI1NiIsInR5cCI6IkpXVCJ9.eyJodHRwOi8vc2NoZW1hcy54bWxzb2FwLm9yZy93cy8yMDA1LzA1L2lkZW50aXR5L2NsYWltcy9uYW1laWRlbnRpZmllciI6IjEiLCJodHRwOi8vc2NoZW1hcy54bWxzb2FwLm9yZy93cy8yMDA1LzA1L2lkZW50aXR5L2NsYWltcy9lbWFpbGFkZHJlc3MiOiJsZW5neWVsbm9yYmk1QGdtYWlsLmNvbSIsImh0dHA6Ly9zY2hlbWFzLnhtbHNvYXAub3JnL3dzLzIwMDUvMDUvaWRlbnRpdHkvY2xhaW1zL25hbWUiOiJsZW5neWVsbm9yYmkiLCJqdGkiOiJjNWY3MWUyZi01NTA1LTRjNWQtODcyYS1mNWRlMzNlZjJiZGYiLCJpYXQiOjE3ODEzNTU3NTIsImV4cCI6MTc4MTM1NjA1MiwiaHR0cDovL3NjaGVtYXMubWljcm9zb2Z0LmNvbS93cy8yMDA4LzA2L2lkZW50aXR5L2NsYWltcy9yb2xlIjoiQWRtaW4iLCJTb3VyY2UiOiJhZG1pbiIsIkRldmljZUlkIjoiL2EydWY0ejhyY0JJaElyN0tHYmQ2YWFoTXI4MEJoais5dXlMaVlOWjY2QT0iLCJJUEFkZHJlc3MiOiI6OmZmZmY6MTcyLjIwLjAuMSIsIlRva2VuVmVyc2lvbiI6IjEiLCJpc3MiOiJNdXNpY1BsYXllckFQSSIsImF1ZCI6Ik11c2ljUGxheWVyQ2xpZW50In0.WKg1O4tip-htVud7qfjGfRqsMh5Kb3LKgXF92rgAgck
2026-06-13 13:02:32.601 +00:00 [INF] lO66975fcLOC9+Pg1RMUsi6m+aU0jwbUjecSbH+0aZM=
2026-06-13 13:02:32.601 +00:00 [INF] Source: admin
2026-06-13 13:02:32.602 +00:00 [INF] Access Token expires at: "2026-06-13T13:07:32.4942756Z"
2026-06-13 13:02:32.602 +00:00 [INF] Refresh Token expires at: "2026-06-13T21:02:32.5826134Z"
2026-06-13 13:02:32.602 +00:00 [INF] tokenCookieName: adminToken
2026-06-13 13:02:32.602 +00:00 [INF] refreshTokenCookieName: adminRefreshToken
2026-06-13 13:02:32.602 +00:00 [INF] Refresh token hash stored in cookie: lO66975fcLOC9+Pg1RMUsi6m+aU0jwbUjecSbH+0aZM=
2026-06-13 13:02:32.602 +00:00 [INF] --------------------------------------------------------------------
2026-06-13 13:02:32.612 +00:00 [INF] Executing OkObjectResult, writing value of type '<>f__AnonymousType1`4[[System.Boolean, System.Private.CoreLib, Version=9.0.0.0, Culture=neutral, PublicKeyToken=7cec85d7bea7798e],[System.Int32, System.Private.CoreLib, Version=9.0.0.0, Culture=neutral, PublicKeyToken=7cec85d7bea7798e],[System.Int32, System.Private.CoreLib, Version=9.0.0.0, Culture=neutral, PublicKeyToken=7cec85d7bea7798e],[<>f__AnonymousType2`3[[System.Int32, System.Private.CoreLib, Version=9.0.0.0, Culture=neutral, PublicKeyToken=7cec85d7bea7798e],[System.String, System.Private.CoreLib, Version=9.0.0.0, Culture=neutral, PublicKeyToken=7cec85d7bea7798e],[System.String, System.Private.CoreLib, Version=9.0.0.0, Culture=neutral, PublicKeyToken=7cec85d7bea7798e]], API, Version=1.0.0.0, Culture=neutral, PublicKeyToken=null]]'.
2026-06-13 13:02:32.623 +00:00 [INF] Executed action API.Controllers.AuthController.Authenticate (API) in 1339.7961ms
2026-06-13 13:02:32.624 +00:00 [INF] Executed endpoint 'API.Controllers.AuthController.Authenticate (API)'
2026-06-13 13:02:32.628 +00:00 [INF] Request finished HTTP/1.1 POST http://192.168.1.6:8080/api/auth - 200 null application/json; charset=utf-8 1383.1505ms
2026-06-13 13:02:33.528 +00:00 [INF] Request starting HTTP/1.1 GET http://192.168.1.6:8080/api/user?page=1&limit=10 - null null
2026-06-13 13:02:33.529 +00:00 [INF] CORS policy execution successful.
2026-06-13 13:02:33.530 +00:00 [INF] Request starting HTTP/1.1 GET http://192.168.1.6:8080/api/user - null null
2026-06-13 13:02:33.530 +00:00 [INF] ====== OnMessageReceived START ======
2026-06-13 13:02:33.530 +00:00 [INF] CORS policy execution successful.
2026-06-13 13:02:33.530 +00:00 [INF] Available cookies: 2
2026-06-13 13:02:33.531 +00:00 [INF] Cookie: adminRefreshToken = 44 chars
2026-06-13 13:02:33.531 +00:00 [INF] Cookie: adminToken = 844 chars
2026-06-13 13:02:33.531 +00:00 [INF] Admin token found in cookies, length: 844
2026-06-13 13:02:33.531 +00:00 [INF] Admin token set in context
2026-06-13 13:02:33.531 +00:00 [INF] ====== OnMessageReceived END - Token set: true ======
2026-06-13 13:02:33.531 +00:00 [INF] ====== OnMessageReceived START ======
2026-06-13 13:02:33.532 +00:00 [INF] Available cookies: 2
2026-06-13 13:02:33.532 +00:00 [INF] Cookie: adminRefreshToken = 44 chars
2026-06-13 13:02:33.532 +00:00 [INF] Cookie: adminToken = 844 chars
2026-06-13 13:02:33.532 +00:00 [INF] Admin token found in cookies, length: 844
2026-06-13 13:02:33.532 +00:00 [INF] Admin token set in context
2026-06-13 13:02:33.533 +00:00 [INF] ====== OnMessageReceived END - Token set: true ======
2026-06-13 13:02:33.552 +00:00 [INF] Token validated successfully for user: lengyelnorbi
2026-06-13 13:02:33.552 +00:00 [INF] Token validated successfully for user: lengyelnorbi
2026-06-13 13:02:33.553 +00:00 [INF] Device fingerprint headers - UA: Mozilla/5.0 (Windows NT 10.0; Win64; x64; rv:151.0) Gecko/20100101 Firefox/151.0, Accept: application/json, text/plain, */*, Encoding: gzip, deflate
2026-06-13 13:02:33.553 +00:00 [INF] Device fingerprint headers - UA: Mozilla/5.0 (Windows NT 10.0; Win64; x64; rv:151.0) Gecko/20100101 Firefox/151.0, Accept: application/json, text/plain, */*, Encoding: gzip, deflate
2026-06-13 13:02:33.553 +00:00 [INF] Device fingerprint validation: Stored=/a2uf4z8rcBIhIr7KGbd6aahMr80Bhj+9uyLiYNZ66A=, Current=/a2uf4z8rcBIhIr7KGbd6aahMr80Bhj+9uyLiYNZ66A=
2026-06-13 13:02:33.553 +00:00 [INF] Device fingerprint validation: Stored=/a2uf4z8rcBIhIr7KGbd6aahMr80Bhj+9uyLiYNZ66A=, Current=/a2uf4z8rcBIhIr7KGbd6aahMr80Bhj+9uyLiYNZ66A=
2026-06-13 13:02:33.583 +00:00 [INF] Executed DbCommand (2ms) [Parameters=[@__jti_0='?', @__userId_1='?' (DbType = Int32)], CommandType='"Text"', CommandTimeout='30']
SELECT a."ID", a."CreatedAt", a."DeviceFingerprint", a."ExpiresAt", a."IpAddress", a."IsRevoked", a."UserID", a.jti
FROM "AccessTokens" AS a
WHERE a.jti = @__jti_0 AND a."UserID" = @__userId_1 AND NOT (a."IsRevoked") AND a."ExpiresAt" > now()
LIMIT 1
2026-06-13 13:02:33.586 +00:00 [INF] Executing endpoint 'API.Controllers.UserController.Get (API)'
2026-06-13 13:02:33.589 +00:00 [INF] Route matched with {action = "Get", controller = "User"}. Executing controller action with signature System.Threading.Tasks.Task`1[System.Collections.Generic.IEnumerable`1[API.DTO.UserDTO]] Get() on controller API.Controllers.UserController (API).
2026-06-13 13:02:33.590 +00:00 [INF] Fetching user data from database...
2026-06-13 13:02:33.591 +00:00 [INF] Executed DbCommand (2ms) [Parameters=[@__jti_0='?', @__userId_1='?' (DbType = Int32)], CommandType='"Text"', CommandTimeout='30']
SELECT a."ID", a."CreatedAt", a."DeviceFingerprint", a."ExpiresAt", a."IpAddress", a."IsRevoked", a."UserID", a.jti
FROM "AccessTokens" AS a
WHERE a.jti = @__jti_0 AND a."UserID" = @__userId_1 AND NOT (a."IsRevoked") AND a."ExpiresAt" > now()
LIMIT 1
2026-06-13 13:02:33.592 +00:00 [INF] Executing endpoint 'API.Controllers.UserController.Get (API)'
2026-06-13 13:02:33.592 +00:00 [INF] Route matched with {action = "Get", controller = "User"}. Executing controller action with signature System.Threading.Tasks.Task`1[System.Collections.Generic.IEnumerable`1[API.DTO.UserDTO]] Get() on controller API.Controllers.UserController (API).
2026-06-13 13:02:33.593 +00:00 [INF] Fetching user data from database...
2026-06-13 13:02:33.595 +00:00 [INF] Executed DbCommand (1ms) [Parameters=[], CommandType='"Text"', CommandTimeout='30']
SELECT u."ID", u."Email", u."PasswordHash", u."RegisteredAt", u."Role", u."Username"
FROM "Users" AS u
2026-06-13 13:02:33.595 +00:00 [INF] Executed DbCommand (1ms) [Parameters=[], CommandType='"Text"', CommandTimeout='30']
SELECT u."ID", u."Email", u."PasswordHash", u."RegisteredAt", u."Role", u."Username"
FROM "Users" AS u
2026-06-13 13:02:33.598 +00:00 [INF] Executing ObjectResult, writing value of type 'System.Collections.Generic.List`1[[API.DTO.UserDTO, API, Version=1.0.0.0, Culture=neutral, PublicKeyToken=null]]'.
2026-06-13 13:02:33.598 +00:00 [INF] Executing ObjectResult, writing value of type 'System.Collections.Generic.List`1[[API.DTO.UserDTO, API, Version=1.0.0.0, Culture=neutral, PublicKeyToken=null]]'.
2026-06-13 13:02:33.610 +00:00 [INF] Executed action API.Controllers.UserController.Get (API) in 20.6114ms
2026-06-13 13:02:33.610 +00:00 [INF] Executed endpoint 'API.Controllers.UserController.Get (API)'
2026-06-13 13:02:33.610 +00:00 [INF] Request finished HTTP/1.1 GET http://192.168.1.6:8080/api/user?page=1&limit=10 - 200 null application/json; charset=utf-8 82.2691ms
2026-06-13 13:02:33.611 +00:00 [INF] Executed action API.Controllers.UserController.Get (API) in 18.3262ms
2026-06-13 13:02:33.611 +00:00 [INF] Executed endpoint 'API.Controllers.UserController.Get (API)'
2026-06-13 13:02:33.612 +00:00 [INF] Request finished HTTP/1.1 GET http://192.168.1.6:8080/api/user - 200 null application/json; charset=utf-8 81.858ms
2026-06-13 13:02:37.033 +00:00 [INF] Request starting HTTP/1.1 OPTIONS http://192.168.1.6:8080/api/password/generate-password - null null
2026-06-13 13:02:37.034 +00:00 [INF] CORS policy execution successful.
2026-06-13 13:02:37.034 +00:00 [INF] Request finished HTTP/1.1 OPTIONS http://192.168.1.6:8080/api/password/generate-password - 204 null null 1.1099ms
2026-06-13 13:02:37.036 +00:00 [INF] Request starting HTTP/1.1 POST http://192.168.1.6:8080/api/password/generate-password - application/json 67
2026-06-13 13:02:37.036 +00:00 [INF] CORS policy execution successful.
2026-06-13 13:02:37.036 +00:00 [INF] ====== OnMessageReceived START ======
2026-06-13 13:02:37.036 +00:00 [INF] Available cookies: 2
2026-06-13 13:02:37.037 +00:00 [INF] Cookie: adminRefreshToken = 44 chars
2026-06-13 13:02:37.037 +00:00 [INF] Cookie: adminToken = 844 chars
2026-06-13 13:02:37.037 +00:00 [INF] Admin token found in cookies, length: 844
2026-06-13 13:02:37.037 +00:00 [INF] Admin token set in context
2026-06-13 13:02:37.037 +00:00 [INF] ====== OnMessageReceived END - Token set: true ======
2026-06-13 13:02:37.038 +00:00 [INF] Token validated successfully for user: lengyelnorbi
2026-06-13 13:02:37.038 +00:00 [INF] Device fingerprint headers - UA: Mozilla/5.0 (Windows NT 10.0; Win64; x64; rv:151.0) Gecko/20100101 Firefox/151.0, Accept: */*, Encoding: gzip, deflate
2026-06-13 13:02:37.038 +00:00 [INF] Device fingerprint validation: Stored=/a2uf4z8rcBIhIr7KGbd6aahMr80Bhj+9uyLiYNZ66A=, Current=/a2uf4z8rcBIhIr7KGbd6aahMr80Bhj+9uyLiYNZ66A=
2026-06-13 13:02:37.068 +00:00 [INF] Executed DbCommand (1ms) [Parameters=[@__jti_0='?', @__userId_1='?' (DbType = Int32)], CommandType='"Text"', CommandTimeout='30']
SELECT a."ID", a."CreatedAt", a."DeviceFingerprint", a."ExpiresAt", a."IpAddress", a."IsRevoked", a."UserID", a.jti
FROM "AccessTokens" AS a
WHERE a.jti = @__jti_0 AND a."UserID" = @__userId_1 AND NOT (a."IsRevoked") AND a."ExpiresAt" > now()
LIMIT 1
2026-06-13 13:02:37.070 +00:00 [INF] Executing endpoint 'API.Controllers.PasswordController.GeneratePassword (API)'
2026-06-13 13:02:37.072 +00:00 [INF] Route matched with {action = "GeneratePassword", controller = "Password"}. Executing controller action with signature System.Threading.Tasks.Task`1[Microsoft.AspNetCore.Mvc.IActionResult] GeneratePassword(API.Models.RequestModels.GeneratePwdRequest) on controller API.Controllers.PasswordController (API).
2026-06-13 13:02:37.075 +00:00 [INF] Executing OkObjectResult, writing value of type '<>f__AnonymousType4`1[[System.String, System.Private.CoreLib, Version=9.0.0.0, Culture=neutral, PublicKeyToken=7cec85d7bea7798e]]'.
2026-06-13 13:02:37.075 +00:00 [INF] Executed action API.Controllers.PasswordController.GeneratePassword (API) in 3.0457ms
2026-06-13 13:02:37.075 +00:00 [INF] Executed endpoint 'API.Controllers.PasswordController.GeneratePassword (API)'
2026-06-13 13:02:37.076 +00:00 [INF] Request finished HTTP/1.1 POST http://192.168.1.6:8080/api/password/generate-password - 200 null application/json; charset=utf-8 39.9211ms
2026-06-13 13:02:38.993 +00:00 [INF] Request starting HTTP/1.1 OPTIONS http://192.168.1.6:8080/api/user - null null
2026-06-13 13:02:38.993 +00:00 [INF] CORS policy execution successful.
2026-06-13 13:02:38.994 +00:00 [INF] Request finished HTTP/1.1 OPTIONS http://192.168.1.6:8080/api/user - 204 null null 0.8345ms
2026-06-13 13:02:38.995 +00:00 [INF] Request starting HTTP/1.1 POST http://192.168.1.6:8080/api/user - application/json 148
2026-06-13 13:02:38.996 +00:00 [INF] CORS policy execution successful.
2026-06-13 13:02:38.996 +00:00 [INF] ====== OnMessageReceived START ======
2026-06-13 13:02:38.996 +00:00 [INF] Available cookies: 2
2026-06-13 13:02:38.996 +00:00 [INF] Cookie: adminRefreshToken = 44 chars
2026-06-13 13:02:38.996 +00:00 [INF] Cookie: adminToken = 844 chars
2026-06-13 13:02:38.997 +00:00 [INF] Admin token found in cookies, length: 844
2026-06-13 13:02:38.997 +00:00 [INF] Admin token set in context
2026-06-13 13:02:38.997 +00:00 [INF] ====== OnMessageReceived END - Token set: true ======
2026-06-13 13:02:38.997 +00:00 [INF] Token validated successfully for user: lengyelnorbi
2026-06-13 13:02:38.997 +00:00 [INF] Device fingerprint headers - UA: Mozilla/5.0 (Windows NT 10.0; Win64; x64; rv:151.0) Gecko/20100101 Firefox/151.0, Accept: */*, Encoding: gzip, deflate
2026-06-13 13:02:38.998 +00:00 [INF] Device fingerprint validation: Stored=/a2uf4z8rcBIhIr7KGbd6aahMr80Bhj+9uyLiYNZ66A=, Current=/a2uf4z8rcBIhIr7KGbd6aahMr80Bhj+9uyLiYNZ66A=
2026-06-13 13:02:39.000 +00:00 [INF] Executed DbCommand (1ms) [Parameters=[@__jti_0='?', @__userId_1='?' (DbType = Int32)], CommandType='"Text"', CommandTimeout='30']
SELECT a."ID", a."CreatedAt", a."DeviceFingerprint", a."ExpiresAt", a."IpAddress", a."IsRevoked", a."UserID", a.jti
FROM "AccessTokens" AS a
WHERE a.jti = @__jti_0 AND a."UserID" = @__userId_1 AND NOT (a."IsRevoked") AND a."ExpiresAt" > now()
LIMIT 1
2026-06-13 13:02:39.002 +00:00 [INF] Executing endpoint 'API.Controllers.UserController.CreateUserAsync (API)'
2026-06-13 13:02:39.004 +00:00 [INF] Route matched with {action = "CreateUser", controller = "User"}. Executing controller action with signature System.Threading.Tasks.Task`1[Microsoft.AspNetCore.Mvc.IActionResult] CreateUserAsync(API.Models.RequestModels.CreateUserRequest) on controller API.Controllers.UserController (API).
2026-06-13 13:02:39.008 +00:00 [INF] Executed action API.Controllers.UserController.CreateUserAsync (API) in 3.5271ms
2026-06-13 13:02:39.008 +00:00 [INF] Executed endpoint 'API.Controllers.UserController.CreateUserAsync (API)'
2026-06-13 13:02:39.009 +00:00 [ERR] An unhandled exception has occurred while executing the request.
System.NotSupportedException: Deserialization of types without a parameterless constructor, a singular parameterized constructor, or a parameterized constructor annotated with 'JsonConstructorAttribute' is not supported. Type 'API.DTO.UserDTO'. Path: $.user | LineNumber: 0 | BytePositionInLine: 9.
 ---> System.NotSupportedException: Deserialization of types without a parameterless constructor, a singular parameterized constructor, or a parameterized constructor annotated with 'JsonConstructorAttribute' is not supported. Type 'API.DTO.UserDTO'.
   --- End of inner exception stack trace ---
   at System.Text.Json.ThrowHelper.ThrowNotSupportedException(ReadStack& state, Utf8JsonReader& reader, Exception innerException)
   at System.Text.Json.ThrowHelper.ThrowNotSupportedException_DeserializeNoConstructor(JsonTypeInfo typeInfo, Utf8JsonReader& reader, ReadStack& state)
   at System.Text.Json.Serialization.Converters.ObjectDefaultConverter`1.OnTryRead(Utf8JsonReader& reader, Type typeToConvert, JsonSerializerOptions options, ReadStack& state, T& value)
   at System.Text.Json.Serialization.JsonConverter`1.TryRead(Utf8JsonReader& reader, Type typeToConvert, JsonSerializerOptions options, ReadStack& state, T& value, Boolean& isPopulatedValue)
   at System.Text.Json.Serialization.Converters.SmallObjectWithParameterizedConstructorConverter`5.TryRead[TArg](ReadStack& state, Utf8JsonReader& reader, JsonParameterInfo jsonParameterInfo, TArg& arg)
   at System.Text.Json.Serialization.Converters.SmallObjectWithParameterizedConstructorConverter`5.ReadAndCacheConstructorArgument(ReadStack& state, Utf8JsonReader& reader, JsonParameterInfo jsonParameterInfo)
   at System.Text.Json.Serialization.Converters.ObjectWithParameterizedConstructorConverter`1.ReadConstructorArgumentsWithContinuation(ReadStack& state, Utf8JsonReader& reader, JsonSerializerOptions options)
   at System.Text.Json.Serialization.Converters.ObjectWithParameterizedConstructorConverter`1.OnTryRead(Utf8JsonReader& reader, Type typeToConvert, JsonSerializerOptions options, ReadStack& state, T& value)
   at System.Text.Json.Serialization.JsonConverter`1.TryRead(Utf8JsonReader& reader, Type typeToConvert, JsonSerializerOptions options, ReadStack& state, T& value, Boolean& isPopulatedValue)
   at System.Text.Json.Serialization.JsonConverter`1.ReadCore(Utf8JsonReader& reader, T& value, JsonSerializerOptions options, ReadStack& state)
   at System.Text.Json.Serialization.Metadata.JsonTypeInfo`1.ContinueDeserialize[TReadBufferState,TStream](TReadBufferState& bufferState, JsonReaderState& jsonReaderState, ReadStack& readStack, T& value)
   at System.Text.Json.Serialization.Metadata.JsonTypeInfo`1.DeserializeAsync[TReadBufferState,TStream](TStream utf8Json, TReadBufferState bufferState, CancellationToken cancellationToken)
   at System.Text.Json.Serialization.Metadata.JsonTypeInfo`1.DeserializeAsObjectAsync(Stream utf8Json, CancellationToken cancellationToken)
   at Microsoft.AspNetCore.Mvc.Formatters.SystemTextJsonInputFormatter.ReadRequestBodyAsync(InputFormatterContext context, Encoding encoding)
   at Microsoft.AspNetCore.Mvc.Formatters.SystemTextJsonInputFormatter.ReadRequestBodyAsync(InputFormatterContext context, Encoding encoding)
   at Microsoft.AspNetCore.Mvc.ModelBinding.Binders.BodyModelBinder.BindModelAsync(ModelBindingContext bindingContext)
   at Microsoft.AspNetCore.Mvc.ModelBinding.ParameterBinder.BindModelAsync(ActionContext actionContext, IModelBinder modelBinder, IValueProvider valueProvider, ParameterDescriptor parameter, ModelMetadata metadata, Object value, Object container)
   at Microsoft.AspNetCore.Mvc.Controllers.ControllerBinderDelegateProvider.<>c__DisplayClass0_0.<<CreateBinderDelegate>g__Bind|0>d.MoveNext()
--- End of stack trace from previous location ---
   at Microsoft.AspNetCore.Mvc.Infrastructure.ControllerActionInvoker.<InvokeInnerFilterAsync>g__Awaited|13_0(ControllerActionInvoker invoker, Task lastTask, State next, Scope scope, Object state, Boolean isCompleted)
   at Microsoft.AspNetCore.Mvc.Infrastructure.ResourceInvoker.<InvokeFilterPipelineAsync>g__Awaited|20_0(ResourceInvoker invoker, Task lastTask, State next, Scope scope, Object state, Boolean isCompleted)
   at Microsoft.AspNetCore.Mvc.Infrastructure.ResourceInvoker.<InvokeAsync>g__Logged|17_1(ResourceInvoker invoker)
   at Microsoft.AspNetCore.Mvc.Infrastructure.ResourceInvoker.<InvokeAsync>g__Logged|17_1(ResourceInvoker invoker)
   at Microsoft.AspNetCore.Routing.EndpointMiddleware.<Invoke>g__AwaitRequestTask|7_0(Endpoint endpoint, Task requestTask, ILogger logger)
   at Microsoft.AspNetCore.Authorization.AuthorizationMiddleware.Invoke(HttpContext context)
   at Microsoft.AspNetCore.Authentication.AuthenticationMiddleware.Invoke(HttpContext context)
   at Microsoft.AspNetCore.Diagnostics.DeveloperExceptionPageMiddlewareImpl.Invoke(HttpContext context)
2026-06-13 13:02:39.018 +00:00 [INF] Request finished HTTP/1.1 POST http://192.168.1.6:8080/api/user - 500 null text/plain; charset=utf-8 22.5534ms
2026-06-13 13:07:03.233 +00:00 [INF] Request starting HTTP/1.1 OPTIONS http://192.168.1.6:8080/api/auth/refresh - null null
2026-06-13 13:07:03.234 +00:00 [INF] CORS policy execution successful.
2026-06-13 13:07:03.235 +00:00 [INF] Request finished HTTP/1.1 OPTIONS http://192.168.1.6:8080/api/auth/refresh - 204 null null 1.005ms
2026-06-13 13:07:03.244 +00:00 [INF] Request starting HTTP/1.1 POST http://192.168.1.6:8080/api/auth/refresh - application/json 18
2026-06-13 13:07:03.245 +00:00 [INF] CORS policy execution successful.
2026-06-13 13:07:03.245 +00:00 [INF] ====== OnMessageReceived START ======
2026-06-13 13:07:03.245 +00:00 [INF] Available cookies: 2
2026-06-13 13:07:03.245 +00:00 [INF] Cookie: adminRefreshToken = 44 chars
2026-06-13 13:07:03.246 +00:00 [INF] Cookie: adminToken = 844 chars
2026-06-13 13:07:03.246 +00:00 [INF] Admin token found in cookies, length: 844
2026-06-13 13:07:03.246 +00:00 [INF] Admin token set in context
2026-06-13 13:07:03.246 +00:00 [INF] ====== OnMessageReceived END - Token set: true ======
2026-06-13 13:07:03.246 +00:00 [INF] Token validated successfully for user: lengyelnorbi
2026-06-13 13:07:03.247 +00:00 [INF] Device fingerprint headers - UA: Mozilla/5.0 (Windows NT 10.0; Win64; x64; rv:151.0) Gecko/20100101 Firefox/151.0, Accept: */*, Encoding: gzip, deflate
2026-06-13 13:07:03.247 +00:00 [INF] Device fingerprint validation: Stored=/a2uf4z8rcBIhIr7KGbd6aahMr80Bhj+9uyLiYNZ66A=, Current=/a2uf4z8rcBIhIr7KGbd6aahMr80Bhj+9uyLiYNZ66A=
2026-06-13 13:07:03.251 +00:00 [INF] Executed DbCommand (2ms) [Parameters=[@__jti_0='?', @__userId_1='?' (DbType = Int32)], CommandType='"Text"', CommandTimeout='30']
SELECT a."ID", a."CreatedAt", a."DeviceFingerprint", a."ExpiresAt", a."IpAddress", a."IsRevoked", a."UserID", a.jti
FROM "AccessTokens" AS a
WHERE a.jti = @__jti_0 AND a."UserID" = @__userId_1 AND NOT (a."IsRevoked") AND a."ExpiresAt" > now()
LIMIT 1
2026-06-13 13:07:03.253 +00:00 [INF] Executing endpoint 'API.Controllers.AuthController.RefreshToken (API)'
2026-06-13 13:07:03.255 +00:00 [INF] Route matched with {action = "RefreshToken", controller = "Auth"}. Executing controller action with signature System.Threading.Tasks.Task`1[Microsoft.AspNetCore.Mvc.IActionResult] RefreshToken(API.Models.RequestModels.RefreshRequest) on controller API.Controllers.AuthController (API).
2026-06-13 13:07:03.258 +00:00 [INF] Token refresh attempt at "2026-06-13T13:07:03.2583820Z"
2026-06-13 13:07:03.258 +00:00 [INF] Refreshing admin token at "2026-06-13T13:07:03.2587453Z"
2026-06-13 13:07:03.268 +00:00 [INF] Executed DbCommand (2ms) [Parameters=[@__tokenHash_0='?'], CommandType='"Text"', CommandTimeout='30']
SELECT r."ID", r."CreatedAt", r."DeviceFingerprint", r."ExpiresAt", r."IpAddress", r."IsRevoked", r."TokenHash", r."UserID"
FROM "RefreshTokens" AS r
WHERE r."TokenHash" = @__tokenHash_0 AND NOT (r."IsRevoked") AND r."ExpiresAt" > now()
ORDER BY r."CreatedAt" DESC
LIMIT 1
2026-06-13 13:07:03.269 +00:00 [INF] Mozilla/5.0 (Windows NT 10.0; Win64; x64; rv:151.0) Gecko/20100101 Firefox/151.0
2026-06-13 13:07:03.270 +00:00 [INF] Fetching user by ID from database...
2026-06-13 13:07:03.274 +00:00 [INF] Executed DbCommand (1ms) [Parameters=[@__id_0='?' (DbType = Int32)], CommandType='"Text"', CommandTimeout='30']
SELECT u."ID", u."Email", u."PasswordHash", u."RegisteredAt", u."Role", u."Username"
FROM "Users" AS u
WHERE u."ID" = @__id_0
LIMIT 1
2026-06-13 13:07:03.279 +00:00 [INF] Executed DbCommand (2ms) [Parameters=[@p0='?' (DbType = DateTime), @p1='?', @p2='?' (DbType = DateTime), @p3='?', @p4='?' (DbType = Int32), @p5='?'], CommandType='"Text"', CommandTimeout='30']
INSERT INTO "AccessTokens" ("CreatedAt", "DeviceFingerprint", "ExpiresAt", "IpAddress", "UserID", jti)
VALUES (@p0, @p1, @p2, @p3, @p4, @p5)
RETURNING "ID", "IsRevoked";
2026-06-13 13:07:03.285 +00:00 [INF] Executed DbCommand (1ms) [Parameters=[@__jti_0='?', @__userID_1='?' (DbType = Int32), @__deviceFingerprint_2='?', @__ipAddress_3='?'], CommandType='"Text"', CommandTimeout='30']
SELECT a."ID", a."CreatedAt", a."DeviceFingerprint", a."ExpiresAt", a."IpAddress", a."IsRevoked", a."UserID", a.jti
FROM "AccessTokens" AS a
WHERE a.jti = @__jti_0 AND a."UserID" = @__userID_1 AND a."DeviceFingerprint" = @__deviceFingerprint_2 AND a."IpAddress" = @__ipAddress_3
LIMIT 1
2026-06-13 13:07:03.285 +00:00 [INF] Attempting to revoke access token with jti c5f71e2f-5505-4c5d-872a-f5de33ef2bdf for user 1 from device /a2uf4z8rcBIhIr7KGbd6aahMr80Bhj+9uyLiYNZ66A= and IP ::ffff:172.20.0.1
2026-06-13 13:07:03.285 +00:00 [INF] Access token found: API.Models.AccessToken
2026-06-13 13:07:03.291 +00:00 [INF] Executed DbCommand (2ms) [Parameters=[@p1='?' (DbType = Int32), @p0='?' (DbType = Boolean)], CommandType='"Text"', CommandTimeout='30']
UPDATE "AccessTokens" SET "IsRevoked" = @p0
WHERE "ID" = @p1;
2026-06-13 13:07:03.291 +00:00 [INF] Access token AccessToken for user 1 revoked: true
2026-06-13 13:07:03.294 +00:00 [INF] Executed DbCommand (2ms) [Parameters=[@p0='?' (DbType = DateTime), @p1='?', @p2='?' (DbType = DateTime), @p3='?', @p4='?', @p5='?' (DbType = Int32)], CommandType='"Text"', CommandTimeout='30']
INSERT INTO "RefreshTokens" ("CreatedAt", "DeviceFingerprint", "ExpiresAt", "IpAddress", "TokenHash", "UserID")
VALUES (@p0, @p1, @p2, @p3, @p4, @p5)
RETURNING "ID", "IsRevoked";
2026-06-13 13:07:03.298 +00:00 [INF] Executed DbCommand (1ms) [Parameters=[@__tokenHash_0='?', @__userId_1='?' (DbType = Int32), @__deviceFingerprint_2='?', @__ipAddress_3='?'], CommandType='"Text"', CommandTimeout='30']
SELECT r."ID", r."CreatedAt", r."DeviceFingerprint", r."ExpiresAt", r."IpAddress", r."IsRevoked", r."TokenHash", r."UserID"
FROM "RefreshTokens" AS r
WHERE r."TokenHash" = @__tokenHash_0 AND r."UserID" = @__userId_1 AND r."DeviceFingerprint" = @__deviceFingerprint_2 AND r."IpAddress" = @__ipAddress_3
LIMIT 1
2026-06-13 13:07:03.300 +00:00 [INF] Executed DbCommand (2ms) [Parameters=[@p1='?' (DbType = Int32), @p0='?' (DbType = Boolean)], CommandType='"Text"', CommandTimeout='30']
UPDATE "RefreshTokens" SET "IsRevoked" = @p0
WHERE "ID" = @p1;
2026-06-13 13:07:03.301 +00:00 [INF] Refresh token lO66975fcLOC9+Pg1RMUsi6m+aU0jwbUjecSbH+0aZM= for user 1 revoked: true
2026-06-13 13:07:03.301 +00:00 [INF] Token refreshed successfully for user 1 at "2026-06-13T13:07:03.3017472Z"
2026-06-13 13:07:03.302 +00:00 [INF] Executing OkObjectResult, writing value of type '<>f__AnonymousType3`2[[System.Boolean, System.Private.CoreLib, Version=9.0.0.0, Culture=neutral, PublicKeyToken=7cec85d7bea7798e],[System.Int32, System.Private.CoreLib, Version=9.0.0.0, Culture=neutral, PublicKeyToken=7cec85d7bea7798e]]'.
2026-06-13 13:07:03.303 +00:00 [INF] Executed action API.Controllers.AuthController.RefreshToken (API) in 47.4409ms
2026-06-13 13:07:03.303 +00:00 [INF] Executed endpoint 'API.Controllers.AuthController.RefreshToken (API)'
2026-06-13 13:07:03.303 +00:00 [INF] Request finished HTTP/1.1 POST http://192.168.1.6:8080/api/auth/refresh - 200 null application/json; charset=utf-8 59.4361ms
2026-06-13 13:07:53.439 +00:00 [INF] Request starting HTTP/1.1 GET http://192.168.1.6:8080/api/user?page=1&limit=10 - null null
2026-06-13 13:07:53.439 +00:00 [INF] CORS policy execution successful.
2026-06-13 13:07:53.439 +00:00 [INF] Request starting HTTP/1.1 GET http://192.168.1.6:8080/api/user - null null
2026-06-13 13:07:53.440 +00:00 [INF] ====== OnMessageReceived START ======
2026-06-13 13:07:53.440 +00:00 [INF] CORS policy execution successful.
2026-06-13 13:07:53.440 +00:00 [INF] Available cookies: 2
2026-06-13 13:07:53.440 +00:00 [INF] ====== OnMessageReceived START ======
2026-06-13 13:07:53.440 +00:00 [INF] Cookie: adminRefreshToken = 44 chars
2026-06-13 13:07:53.441 +00:00 [INF] Available cookies: 2
2026-06-13 13:07:53.441 +00:00 [INF] Cookie: adminToken = 844 chars
2026-06-13 13:07:53.441 +00:00 [INF] Cookie: adminRefreshToken = 44 chars
2026-06-13 13:07:53.441 +00:00 [INF] Admin token found in cookies, length: 844
2026-06-13 13:07:53.441 +00:00 [INF] Cookie: adminToken = 844 chars
2026-06-13 13:07:53.441 +00:00 [INF] Admin token set in context
2026-06-13 13:07:53.441 +00:00 [INF] Admin token found in cookies, length: 844
2026-06-13 13:07:53.442 +00:00 [INF] ====== OnMessageReceived END - Token set: true ======
2026-06-13 13:07:53.442 +00:00 [INF] Admin token set in context
2026-06-13 13:07:53.442 +00:00 [INF] ====== OnMessageReceived END - Token set: true ======
2026-06-13 13:07:53.442 +00:00 [INF] Token validated successfully for user: lengyelnorbi
2026-06-13 13:07:53.442 +00:00 [INF] Token validated successfully for user: lengyelnorbi
2026-06-13 13:07:53.442 +00:00 [INF] Device fingerprint headers - UA: Mozilla/5.0 (Windows NT 10.0; Win64; x64; rv:151.0) Gecko/20100101 Firefox/151.0, Accept: application/json, text/plain, */*, Encoding: gzip, deflate
2026-06-13 13:07:53.443 +00:00 [INF] Device fingerprint headers - UA: Mozilla/5.0 (Windows NT 10.0; Win64; x64; rv:151.0) Gecko/20100101 Firefox/151.0, Accept: application/json, text/plain, */*, Encoding: gzip, deflate
2026-06-13 13:07:53.443 +00:00 [INF] Device fingerprint validation: Stored=/a2uf4z8rcBIhIr7KGbd6aahMr80Bhj+9uyLiYNZ66A=, Current=/a2uf4z8rcBIhIr7KGbd6aahMr80Bhj+9uyLiYNZ66A=
2026-06-13 13:07:53.443 +00:00 [INF] Device fingerprint validation: Stored=/a2uf4z8rcBIhIr7KGbd6aahMr80Bhj+9uyLiYNZ66A=, Current=/a2uf4z8rcBIhIr7KGbd6aahMr80Bhj+9uyLiYNZ66A=
2026-06-13 13:07:53.454 +00:00 [INF] Executed DbCommand (2ms) [Parameters=[@__jti_0='?', @__userId_1='?' (DbType = Int32)], CommandType='"Text"', CommandTimeout='30']
SELECT a."ID", a."CreatedAt", a."DeviceFingerprint", a."ExpiresAt", a."IpAddress", a."IsRevoked", a."UserID", a.jti
FROM "AccessTokens" AS a
WHERE a.jti = @__jti_0 AND a."UserID" = @__userId_1 AND NOT (a."IsRevoked") AND a."ExpiresAt" > now()
LIMIT 1
2026-06-13 13:07:53.454 +00:00 [INF] Executed DbCommand (2ms) [Parameters=[@__jti_0='?', @__userId_1='?' (DbType = Int32)], CommandType='"Text"', CommandTimeout='30']
SELECT a."ID", a."CreatedAt", a."DeviceFingerprint", a."ExpiresAt", a."IpAddress", a."IsRevoked", a."UserID", a.jti
FROM "AccessTokens" AS a
WHERE a.jti = @__jti_0 AND a."UserID" = @__userId_1 AND NOT (a."IsRevoked") AND a."ExpiresAt" > now()
LIMIT 1
2026-06-13 13:07:53.454 +00:00 [INF] Executing endpoint 'API.Controllers.UserController.Get (API)'
2026-06-13 13:07:53.454 +00:00 [INF] Executing endpoint 'API.Controllers.UserController.Get (API)'
2026-06-13 13:07:53.455 +00:00 [INF] Route matched with {action = "Get", controller = "User"}. Executing controller action with signature System.Threading.Tasks.Task`1[System.Collections.Generic.IEnumerable`1[API.DTO.UserDTO]] Get() on controller API.Controllers.UserController (API).
2026-06-13 13:07:53.455 +00:00 [INF] Route matched with {action = "Get", controller = "User"}. Executing controller action with signature System.Threading.Tasks.Task`1[System.Collections.Generic.IEnumerable`1[API.DTO.UserDTO]] Get() on controller API.Controllers.UserController (API).
2026-06-13 13:07:53.455 +00:00 [INF] Fetching user data from database...
2026-06-13 13:07:53.455 +00:00 [INF] Fetching user data from database...
2026-06-13 13:07:53.456 +00:00 [INF] Executed DbCommand (1ms) [Parameters=[], CommandType='"Text"', CommandTimeout='30']
SELECT u."ID", u."Email", u."PasswordHash", u."RegisteredAt", u."Role", u."Username"
FROM "Users" AS u
2026-06-13 13:07:53.456 +00:00 [INF] Executed DbCommand (1ms) [Parameters=[], CommandType='"Text"', CommandTimeout='30']
SELECT u."ID", u."Email", u."PasswordHash", u."RegisteredAt", u."Role", u."Username"
FROM "Users" AS u
2026-06-13 13:07:53.457 +00:00 [INF] Executing ObjectResult, writing value of type 'System.Collections.Generic.List`1[[API.DTO.UserDTO, API, Version=1.0.0.0, Culture=neutral, PublicKeyToken=null]]'.
2026-06-13 13:07:53.457 +00:00 [INF] Executing ObjectResult, writing value of type 'System.Collections.Generic.List`1[[API.DTO.UserDTO, API, Version=1.0.0.0, Culture=neutral, PublicKeyToken=null]]'.
2026-06-13 13:07:53.457 +00:00 [INF] Executed action API.Controllers.UserController.Get (API) in 2.2202ms
2026-06-13 13:07:53.457 +00:00 [INF] Executed action API.Controllers.UserController.Get (API) in 2.1075ms
2026-06-13 13:07:53.457 +00:00 [INF] Executed endpoint 'API.Controllers.UserController.Get (API)'
2026-06-13 13:07:53.457 +00:00 [INF] Executed endpoint 'API.Controllers.UserController.Get (API)'
2026-06-13 13:07:53.457 +00:00 [INF] Request finished HTTP/1.1 GET http://192.168.1.6:8080/api/user?page=1&limit=10 - 200 null application/json; charset=utf-8 18.5898ms
2026-06-13 13:07:53.458 +00:00 [INF] Request finished HTTP/1.1 GET http://192.168.1.6:8080/api/user - 200 null application/json; charset=utf-8 18.1023ms
2026-06-13 13:07:57.011 +00:00 [INF] Application is shutting down...
2026-06-13 13:07:57.812 +00:00 [WRN] Storing keys in a directory '/home/app/.aspnet/DataProtection-Keys' that may not be persisted outside of the container. Protected data will be unavailable when container is destroyed. For more information go to https://aka.ms/aspnet/dataprotectionwarning
2026-06-13 13:07:57.834 +00:00 [INF] User profile is available. Using '/home/app/.aspnet/DataProtection-Keys' as key repository; keys will not be encrypted at rest.
2026-06-13 13:07:57.843 +00:00 [INF] Creating key {08aa2087-48aa-460e-a71d-90ff5f235735} with creation date 2026-06-13 13:07:57Z, activation date 2026-06-13 13:07:57Z, and expiration date 2026-09-11 13:07:57Z.
2026-06-13 13:07:57.873 +00:00 [WRN] No XML encryptor configured. Key {08aa2087-48aa-460e-a71d-90ff5f235735} may be persisted to storage in unencrypted form.
2026-06-13 13:07:57.875 +00:00 [INF] Writing data to file '/home/app/.aspnet/DataProtection-Keys/key-08aa2087-48aa-460e-a71d-90ff5f235735.xml'.
2026-06-13 13:07:57.919 +00:00 [INF] Now listening on: http://[::]:8080
2026-06-13 13:07:57.921 +00:00 [INF] Application started. Press Ctrl+C to shut down.
2026-06-13 13:07:57.921 +00:00 [INF] Hosting environment: Development
2026-06-13 13:07:57.921 +00:00 [INF] Content root path: /app
2026-06-13 13:07:58.462 +00:00 [INF] Request starting HTTP/1.1 OPTIONS http://192.168.1.6:8080/api/password/generate-password - null null
2026-06-13 13:07:58.474 +00:00 [WRN] Failed to determine the https port for redirect.
2026-06-13 13:07:58.476 +00:00 [INF] CORS policy execution successful.
2026-06-13 13:07:58.480 +00:00 [INF] Request finished HTTP/1.1 OPTIONS http://192.168.1.6:8080/api/password/generate-password - 204 null null 19.149ms
2026-06-13 13:07:58.494 +00:00 [INF] Request starting HTTP/1.1 POST http://192.168.1.6:8080/api/password/generate-password - application/json 67
2026-06-13 13:07:58.496 +00:00 [INF] CORS policy execution successful.
2026-06-13 13:07:58.509 +00:00 [INF] ====== OnMessageReceived START ======
2026-06-13 13:07:58.511 +00:00 [INF] Available cookies: 2
2026-06-13 13:07:58.511 +00:00 [INF] Cookie: adminRefreshToken = 44 chars
2026-06-13 13:07:58.512 +00:00 [INF] Cookie: adminToken = 844 chars
2026-06-13 13:07:58.512 +00:00 [INF] Admin token found in cookies, length: 844
2026-06-13 13:07:58.512 +00:00 [INF] Admin token set in context
2026-06-13 13:07:58.512 +00:00 [INF] ====== OnMessageReceived END - Token set: true ======
2026-06-13 13:07:58.540 +00:00 [INF] Token validated successfully for user: lengyelnorbi
2026-06-13 13:07:58.540 +00:00 [INF] Device fingerprint headers - UA: Mozilla/5.0 (Windows NT 10.0; Win64; x64; rv:151.0) Gecko/20100101 Firefox/151.0, Accept: */*, Encoding: gzip, deflate
2026-06-13 13:07:58.541 +00:00 [INF] Device fingerprint validation: Stored=/a2uf4z8rcBIhIr7KGbd6aahMr80Bhj+9uyLiYNZ66A=, Current=/a2uf4z8rcBIhIr7KGbd6aahMr80Bhj+9uyLiYNZ66A=
2026-06-13 13:07:59.137 +00:00 [INF] Executed DbCommand (26ms) [Parameters=[@__jti_0='?', @__userId_1='?' (DbType = Int32)], CommandType='"Text"', CommandTimeout='30']
SELECT a."ID", a."CreatedAt", a."DeviceFingerprint", a."ExpiresAt", a."IpAddress", a."IsRevoked", a."UserID", a.jti
FROM "AccessTokens" AS a
WHERE a.jti = @__jti_0 AND a."UserID" = @__userId_1 AND NOT (a."IsRevoked") AND a."ExpiresAt" > now()
LIMIT 1
2026-06-13 13:07:59.188 +00:00 [INF] Executing endpoint 'API.Controllers.PasswordController.GeneratePassword (API)'
2026-06-13 13:07:59.199 +00:00 [INF] Route matched with {action = "GeneratePassword", controller = "Password"}. Executing controller action with signature System.Threading.Tasks.Task`1[Microsoft.AspNetCore.Mvc.IActionResult] GeneratePassword(API.Models.RequestModels.GeneratePwdRequest) on controller API.Controllers.PasswordController (API).
2026-06-13 13:07:59.232 +00:00 [INF] Executing OkObjectResult, writing value of type '<>f__AnonymousType4`1[[System.String, System.Private.CoreLib, Version=9.0.0.0, Culture=neutral, PublicKeyToken=7cec85d7bea7798e]]'.
2026-06-13 13:07:59.239 +00:00 [INF] Executed action API.Controllers.PasswordController.GeneratePassword (API) in 38.6214ms
2026-06-13 13:07:59.240 +00:00 [INF] Executed endpoint 'API.Controllers.PasswordController.GeneratePassword (API)'
2026-06-13 13:07:59.244 +00:00 [INF] Request finished HTTP/1.1 POST http://192.168.1.6:8080/api/password/generate-password - 200 null application/json; charset=utf-8 750.2484ms
2026-06-13 13:08:02.763 +00:00 [INF] Request starting HTTP/1.1 OPTIONS http://192.168.1.6:8080/api/user - null null
2026-06-13 13:08:02.764 +00:00 [INF] CORS policy execution successful.
2026-06-13 13:08:02.764 +00:00 [INF] Request finished HTTP/1.1 OPTIONS http://192.168.1.6:8080/api/user - 204 null null 1.093ms
2026-06-13 13:08:02.766 +00:00 [INF] Request starting HTTP/1.1 POST http://192.168.1.6:8080/api/user - application/json 148
2026-06-13 13:08:02.766 +00:00 [INF] CORS policy execution successful.
2026-06-13 13:08:02.767 +00:00 [INF] ====== OnMessageReceived START ======
2026-06-13 13:08:02.767 +00:00 [INF] Available cookies: 2
2026-06-13 13:08:02.768 +00:00 [INF] Cookie: adminRefreshToken = 44 chars
2026-06-13 13:08:02.768 +00:00 [INF] Cookie: adminToken = 844 chars
2026-06-13 13:08:02.768 +00:00 [INF] Admin token found in cookies, length: 844
2026-06-13 13:08:02.768 +00:00 [INF] Admin token set in context
2026-06-13 13:08:02.768 +00:00 [INF] ====== OnMessageReceived END - Token set: true ======
2026-06-13 13:08:02.769 +00:00 [INF] Token validated successfully for user: lengyelnorbi
2026-06-13 13:08:02.769 +00:00 [INF] Device fingerprint headers - UA: Mozilla/5.0 (Windows NT 10.0; Win64; x64; rv:151.0) Gecko/20100101 Firefox/151.0, Accept: */*, Encoding: gzip, deflate
2026-06-13 13:08:02.769 +00:00 [INF] Device fingerprint validation: Stored=/a2uf4z8rcBIhIr7KGbd6aahMr80Bhj+9uyLiYNZ66A=, Current=/a2uf4z8rcBIhIr7KGbd6aahMr80Bhj+9uyLiYNZ66A=
2026-06-13 13:08:02.787 +00:00 [INF] Executed DbCommand (2ms) [Parameters=[@__jti_0='?', @__userId_1='?' (DbType = Int32)], CommandType='"Text"', CommandTimeout='30']
SELECT a."ID", a."CreatedAt", a."DeviceFingerprint", a."ExpiresAt", a."IpAddress", a."IsRevoked", a."UserID", a.jti
FROM "AccessTokens" AS a
WHERE a.jti = @__jti_0 AND a."UserID" = @__userId_1 AND NOT (a."IsRevoked") AND a."ExpiresAt" > now()
LIMIT 1
2026-06-13 13:08:02.789 +00:00 [INF] Executing endpoint 'API.Controllers.UserController.CreateUserAsync (API)'
2026-06-13 13:08:02.793 +00:00 [INF] Route matched with {action = "CreateUser", controller = "User"}. Executing controller action with signature System.Threading.Tasks.Task`1[Microsoft.AspNetCore.Mvc.IActionResult] CreateUserAsync(API.Models.RequestModels.CreateUserRequest) on controller API.Controllers.UserController (API).
2026-06-13 13:08:02.808 +00:00 [INF] Executed action API.Controllers.UserController.CreateUserAsync (API) in 14.0994ms
2026-06-13 13:08:02.809 +00:00 [INF] Executed endpoint 'API.Controllers.UserController.CreateUserAsync (API)'
2026-06-13 13:08:02.809 +00:00 [ERR] An unhandled exception has occurred while executing the request.
System.NotSupportedException: Deserialization of types without a parameterless constructor, a singular parameterized constructor, or a parameterized constructor annotated with 'JsonConstructorAttribute' is not supported. Type 'API.DTO.UserDTO'. Path: $.user | LineNumber: 0 | BytePositionInLine: 9.
 ---> System.NotSupportedException: Deserialization of types without a parameterless constructor, a singular parameterized constructor, or a parameterized constructor annotated with 'JsonConstructorAttribute' is not supported. Type 'API.DTO.UserDTO'.
   --- End of inner exception stack trace ---
   at System.Text.Json.ThrowHelper.ThrowNotSupportedException(ReadStack& state, Utf8JsonReader& reader, Exception innerException)
   at System.Text.Json.ThrowHelper.ThrowNotSupportedException_DeserializeNoConstructor(JsonTypeInfo typeInfo, Utf8JsonReader& reader, ReadStack& state)
   at System.Text.Json.Serialization.Converters.ObjectDefaultConverter`1.OnTryRead(Utf8JsonReader& reader, Type typeToConvert, JsonSerializerOptions options, ReadStack& state, T& value)
   at System.Text.Json.Serialization.JsonConverter`1.TryRead(Utf8JsonReader& reader, Type typeToConvert, JsonSerializerOptions options, ReadStack& state, T& value, Boolean& isPopulatedValue)
   at System.Text.Json.Serialization.Metadata.JsonPropertyInfo`1.ReadJsonAndSetMember(Object obj, ReadStack& state, Utf8JsonReader& reader)
   at System.Text.Json.Serialization.Converters.ObjectDefaultConverter`1.OnTryRead(Utf8JsonReader& reader, Type typeToConvert, JsonSerializerOptions options, ReadStack& state, T& value)
   at System.Text.Json.Serialization.JsonConverter`1.TryRead(Utf8JsonReader& reader, Type typeToConvert, JsonSerializerOptions options, ReadStack& state, T& value, Boolean& isPopulatedValue)
   at System.Text.Json.Serialization.JsonConverter`1.ReadCore(Utf8JsonReader& reader, T& value, JsonSerializerOptions options, ReadStack& state)
   at System.Text.Json.Serialization.Metadata.JsonTypeInfo`1.ContinueDeserialize[TReadBufferState,TStream](TReadBufferState& bufferState, JsonReaderState& jsonReaderState, ReadStack& readStack, T& value)
   at System.Text.Json.Serialization.Metadata.JsonTypeInfo`1.DeserializeAsync[TReadBufferState,TStream](TStream utf8Json, TReadBufferState bufferState, CancellationToken cancellationToken)
   at System.Text.Json.Serialization.Metadata.JsonTypeInfo`1.DeserializeAsObjectAsync(Stream utf8Json, CancellationToken cancellationToken)
   at Microsoft.AspNetCore.Mvc.Formatters.SystemTextJsonInputFormatter.ReadRequestBodyAsync(InputFormatterContext context, Encoding encoding)
   at Microsoft.AspNetCore.Mvc.Formatters.SystemTextJsonInputFormatter.ReadRequestBodyAsync(InputFormatterContext context, Encoding encoding)
   at Microsoft.AspNetCore.Mvc.ModelBinding.Binders.BodyModelBinder.BindModelAsync(ModelBindingContext bindingContext)
   at Microsoft.AspNetCore.Mvc.ModelBinding.ParameterBinder.BindModelAsync(ActionContext actionContext, IModelBinder modelBinder, IValueProvider valueProvider, ParameterDescriptor parameter, ModelMetadata metadata, Object value, Object container)
   at Microsoft.AspNetCore.Mvc.Controllers.ControllerBinderDelegateProvider.<>c__DisplayClass0_0.<<CreateBinderDelegate>g__Bind|0>d.MoveNext()
--- End of stack trace from previous location ---
   at Microsoft.AspNetCore.Mvc.Infrastructure.ControllerActionInvoker.<InvokeInnerFilterAsync>g__Awaited|13_0(ControllerActionInvoker invoker, Task lastTask, State next, Scope scope, Object state, Boolean isCompleted)
   at Microsoft.AspNetCore.Mvc.Infrastructure.ResourceInvoker.<InvokeFilterPipelineAsync>g__Awaited|20_0(ResourceInvoker invoker, Task lastTask, State next, Scope scope, Object state, Boolean isCompleted)
   at Microsoft.AspNetCore.Mvc.Infrastructure.ResourceInvoker.<InvokeAsync>g__Logged|17_1(ResourceInvoker invoker)
   at Microsoft.AspNetCore.Mvc.Infrastructure.ResourceInvoker.<InvokeAsync>g__Logged|17_1(ResourceInvoker invoker)
   at Microsoft.AspNetCore.Routing.EndpointMiddleware.<Invoke>g__AwaitRequestTask|7_0(Endpoint endpoint, Task requestTask, ILogger logger)
   at Microsoft.AspNetCore.Authorization.AuthorizationMiddleware.Invoke(HttpContext context)
   at Microsoft.AspNetCore.Authentication.AuthenticationMiddleware.Invoke(HttpContext context)
   at Microsoft.AspNetCore.Diagnostics.DeveloperExceptionPageMiddlewareImpl.Invoke(HttpContext context)
2026-06-13 13:08:02.818 +00:00 [INF] Request finished HTTP/1.1 POST http://192.168.1.6:8080/api/user - 500 null text/plain; charset=utf-8 51.9598ms
2026-06-13 13:08:08.188 +00:00 [INF] Request starting HTTP/1.1 GET http://192.168.1.6:8080/api/user?page=1&limit=10 - null null
2026-06-13 13:08:08.189 +00:00 [INF] CORS policy execution successful.
2026-06-13 13:08:08.190 +00:00 [INF] Request starting HTTP/1.1 GET http://192.168.1.6:8080/api/user - null null
2026-06-13 13:08:08.191 +00:00 [INF] CORS policy execution successful.
2026-06-13 13:08:08.191 +00:00 [INF] ====== OnMessageReceived START ======
2026-06-13 13:08:08.191 +00:00 [INF] ====== OnMessageReceived START ======
2026-06-13 13:08:08.191 +00:00 [INF] Available cookies: 2
2026-06-13 13:08:08.191 +00:00 [INF] Available cookies: 2
2026-06-13 13:08:08.191 +00:00 [INF] Cookie: adminRefreshToken = 44 chars
2026-06-13 13:08:08.192 +00:00 [INF] Cookie: adminRefreshToken = 44 chars
2026-06-13 13:08:08.192 +00:00 [INF] Cookie: adminToken = 844 chars
2026-06-13 13:08:08.192 +00:00 [INF] Cookie: adminToken = 844 chars
2026-06-13 13:08:08.192 +00:00 [INF] Admin token found in cookies, length: 844
2026-06-13 13:08:08.192 +00:00 [INF] Admin token found in cookies, length: 844
2026-06-13 13:08:08.192 +00:00 [INF] Admin token set in context
2026-06-13 13:08:08.193 +00:00 [INF] Admin token set in context
2026-06-13 13:08:08.193 +00:00 [INF] ====== OnMessageReceived END - Token set: true ======
2026-06-13 13:08:08.193 +00:00 [INF] ====== OnMessageReceived END - Token set: true ======
2026-06-13 13:08:08.194 +00:00 [INF] Token validated successfully for user: lengyelnorbi
2026-06-13 13:08:08.194 +00:00 [INF] Token validated successfully for user: lengyelnorbi
2026-06-13 13:08:08.194 +00:00 [INF] Device fingerprint headers - UA: Mozilla/5.0 (Windows NT 10.0; Win64; x64; rv:151.0) Gecko/20100101 Firefox/151.0, Accept: application/json, text/plain, */*, Encoding: gzip, deflate
2026-06-13 13:08:08.194 +00:00 [INF] Device fingerprint headers - UA: Mozilla/5.0 (Windows NT 10.0; Win64; x64; rv:151.0) Gecko/20100101 Firefox/151.0, Accept: application/json, text/plain, */*, Encoding: gzip, deflate
2026-06-13 13:08:08.194 +00:00 [INF] Device fingerprint validation: Stored=/a2uf4z8rcBIhIr7KGbd6aahMr80Bhj+9uyLiYNZ66A=, Current=/a2uf4z8rcBIhIr7KGbd6aahMr80Bhj+9uyLiYNZ66A=
2026-06-13 13:08:08.194 +00:00 [INF] Device fingerprint validation: Stored=/a2uf4z8rcBIhIr7KGbd6aahMr80Bhj+9uyLiYNZ66A=, Current=/a2uf4z8rcBIhIr7KGbd6aahMr80Bhj+9uyLiYNZ66A=
2026-06-13 13:08:08.229 +00:00 [INF] Executed DbCommand (2ms) [Parameters=[@__jti_0='?', @__userId_1='?' (DbType = Int32)], CommandType='"Text"', CommandTimeout='30']
SELECT a."ID", a."CreatedAt", a."DeviceFingerprint", a."ExpiresAt", a."IpAddress", a."IsRevoked", a."UserID", a.jti
FROM "AccessTokens" AS a
WHERE a.jti = @__jti_0 AND a."UserID" = @__userId_1 AND NOT (a."IsRevoked") AND a."ExpiresAt" > now()
LIMIT 1
2026-06-13 13:08:08.230 +00:00 [INF] Executing endpoint 'API.Controllers.UserController.Get (API)'
2026-06-13 13:08:08.232 +00:00 [INF] Route matched with {action = "Get", controller = "User"}. Executing controller action with signature System.Threading.Tasks.Task`1[System.Collections.Generic.IEnumerable`1[API.DTO.UserDTO]] Get() on controller API.Controllers.UserController (API).
2026-06-13 13:08:08.233 +00:00 [INF] Fetching user data from database...
2026-06-13 13:08:08.238 +00:00 [INF] Executed DbCommand (2ms) [Parameters=[@__jti_0='?', @__userId_1='?' (DbType = Int32)], CommandType='"Text"', CommandTimeout='30']
SELECT a."ID", a."CreatedAt", a."DeviceFingerprint", a."ExpiresAt", a."IpAddress", a."IsRevoked", a."UserID", a.jti
FROM "AccessTokens" AS a
WHERE a.jti = @__jti_0 AND a."UserID" = @__userId_1 AND NOT (a."IsRevoked") AND a."ExpiresAt" > now()
LIMIT 1
2026-06-13 13:08:08.239 +00:00 [INF] Executing endpoint 'API.Controllers.UserController.Get (API)'
2026-06-13 13:08:08.239 +00:00 [INF] Route matched with {action = "Get", controller = "User"}. Executing controller action with signature System.Threading.Tasks.Task`1[System.Collections.Generic.IEnumerable`1[API.DTO.UserDTO]] Get() on controller API.Controllers.UserController (API).
2026-06-13 13:08:08.240 +00:00 [INF] Fetching user data from database...
2026-06-13 13:08:08.243 +00:00 [INF] Executed DbCommand (2ms) [Parameters=[], CommandType='"Text"', CommandTimeout='30']
SELECT u."ID", u."Email", u."PasswordHash", u."RegisteredAt", u."Role", u."Username"
FROM "Users" AS u
2026-06-13 13:08:08.243 +00:00 [INF] Executed DbCommand (2ms) [Parameters=[], CommandType='"Text"', CommandTimeout='30']
SELECT u."ID", u."Email", u."PasswordHash", u."RegisteredAt", u."Role", u."Username"
FROM "Users" AS u
2026-06-13 13:08:08.265 +00:00 [INF] Executing ObjectResult, writing value of type 'System.Collections.Generic.List`1[[API.DTO.UserDTO, API, Version=1.0.0.0, Culture=neutral, PublicKeyToken=null]]'.
2026-06-13 13:08:08.265 +00:00 [INF] Executing ObjectResult, writing value of type 'System.Collections.Generic.List`1[[API.DTO.UserDTO, API, Version=1.0.0.0, Culture=neutral, PublicKeyToken=null]]'.
2026-06-13 13:08:08.276 +00:00 [INF] Executed action API.Controllers.UserController.Get (API) in 36.0593ms
2026-06-13 13:08:08.276 +00:00 [INF] Executed action API.Controllers.UserController.Get (API) in 43.2889ms
2026-06-13 13:08:08.276 +00:00 [INF] Executed endpoint 'API.Controllers.UserController.Get (API)'
2026-06-13 13:08:08.276 +00:00 [INF] Executed endpoint 'API.Controllers.UserController.Get (API)'
2026-06-13 13:08:08.276 +00:00 [INF] Request finished HTTP/1.1 GET http://192.168.1.6:8080/api/user?page=1&limit=10 - 200 null application/json; charset=utf-8 87.9428ms
2026-06-13 13:08:08.276 +00:00 [INF] Request finished HTTP/1.1 GET http://192.168.1.6:8080/api/user - 200 null application/json; charset=utf-8 86.1822ms
2026-06-13 13:08:11.449 +00:00 [INF] Request starting HTTP/1.1 OPTIONS http://192.168.1.6:8080/api/password/generate-password - null null
2026-06-13 13:08:11.450 +00:00 [INF] CORS policy execution successful.
2026-06-13 13:08:11.450 +00:00 [INF] Request finished HTTP/1.1 OPTIONS http://192.168.1.6:8080/api/password/generate-password - 204 null null 0.6314ms
2026-06-13 13:08:11.452 +00:00 [INF] Request starting HTTP/1.1 POST http://192.168.1.6:8080/api/password/generate-password - application/json 67
2026-06-13 13:08:11.452 +00:00 [INF] CORS policy execution successful.
2026-06-13 13:08:11.452 +00:00 [INF] ====== OnMessageReceived START ======
2026-06-13 13:08:11.453 +00:00 [INF] Available cookies: 2
2026-06-13 13:08:11.453 +00:00 [INF] Cookie: adminRefreshToken = 44 chars
2026-06-13 13:08:11.453 +00:00 [INF] Cookie: adminToken = 844 chars
2026-06-13 13:08:11.453 +00:00 [INF] Admin token found in cookies, length: 844
2026-06-13 13:08:11.453 +00:00 [INF] Admin token set in context
2026-06-13 13:08:11.453 +00:00 [INF] ====== OnMessageReceived END - Token set: true ======
2026-06-13 13:08:11.454 +00:00 [INF] Token validated successfully for user: lengyelnorbi
2026-06-13 13:08:11.454 +00:00 [INF] Device fingerprint headers - UA: Mozilla/5.0 (Windows NT 10.0; Win64; x64; rv:151.0) Gecko/20100101 Firefox/151.0, Accept: */*, Encoding: gzip, deflate
2026-06-13 13:08:11.454 +00:00 [INF] Device fingerprint validation: Stored=/a2uf4z8rcBIhIr7KGbd6aahMr80Bhj+9uyLiYNZ66A=, Current=/a2uf4z8rcBIhIr7KGbd6aahMr80Bhj+9uyLiYNZ66A=
2026-06-13 13:08:11.456 +00:00 [INF] Executed DbCommand (1ms) [Parameters=[@__jti_0='?', @__userId_1='?' (DbType = Int32)], CommandType='"Text"', CommandTimeout='30']
SELECT a."ID", a."CreatedAt", a."DeviceFingerprint", a."ExpiresAt", a."IpAddress", a."IsRevoked", a."UserID", a.jti
FROM "AccessTokens" AS a
WHERE a.jti = @__jti_0 AND a."UserID" = @__userId_1 AND NOT (a."IsRevoked") AND a."ExpiresAt" > now()
LIMIT 1
2026-06-13 13:08:11.457 +00:00 [INF] Executing endpoint 'API.Controllers.PasswordController.GeneratePassword (API)'
2026-06-13 13:08:11.457 +00:00 [INF] Route matched with {action = "GeneratePassword", controller = "Password"}. Executing controller action with signature System.Threading.Tasks.Task`1[Microsoft.AspNetCore.Mvc.IActionResult] GeneratePassword(API.Models.RequestModels.GeneratePwdRequest) on controller API.Controllers.PasswordController (API).
2026-06-13 13:08:11.458 +00:00 [INF] Executing OkObjectResult, writing value of type '<>f__AnonymousType4`1[[System.String, System.Private.CoreLib, Version=9.0.0.0, Culture=neutral, PublicKeyToken=7cec85d7bea7798e]]'.
2026-06-13 13:08:11.458 +00:00 [INF] Executed action API.Controllers.PasswordController.GeneratePassword (API) in 0.7708ms
2026-06-13 13:08:11.459 +00:00 [INF] Executed endpoint 'API.Controllers.PasswordController.GeneratePassword (API)'
2026-06-13 13:08:11.459 +00:00 [INF] Request finished HTTP/1.1 POST http://192.168.1.6:8080/api/password/generate-password - 200 null application/json; charset=utf-8 6.9736ms
2026-06-13 13:08:14.473 +00:00 [INF] Request starting HTTP/1.1 OPTIONS http://192.168.1.6:8080/api/user - null null
2026-06-13 13:08:14.474 +00:00 [INF] CORS policy execution successful.
2026-06-13 13:08:14.474 +00:00 [INF] Request finished HTTP/1.1 OPTIONS http://192.168.1.6:8080/api/user - 204 null null 0.7009ms
2026-06-13 13:08:14.476 +00:00 [INF] Request starting HTTP/1.1 POST http://192.168.1.6:8080/api/user - application/json 148
2026-06-13 13:08:14.476 +00:00 [INF] CORS policy execution successful.
2026-06-13 13:08:14.476 +00:00 [INF] ====== OnMessageReceived START ======
2026-06-13 13:08:14.476 +00:00 [INF] Available cookies: 2
2026-06-13 13:08:14.476 +00:00 [INF] Cookie: adminRefreshToken = 44 chars
2026-06-13 13:08:14.477 +00:00 [INF] Cookie: adminToken = 844 chars
2026-06-13 13:08:14.477 +00:00 [INF] Admin token found in cookies, length: 844
2026-06-13 13:08:14.477 +00:00 [INF] Admin token set in context
2026-06-13 13:08:14.477 +00:00 [INF] ====== OnMessageReceived END - Token set: true ======
2026-06-13 13:08:14.477 +00:00 [INF] Token validated successfully for user: lengyelnorbi
2026-06-13 13:08:14.478 +00:00 [INF] Device fingerprint headers - UA: Mozilla/5.0 (Windows NT 10.0; Win64; x64; rv:151.0) Gecko/20100101 Firefox/151.0, Accept: */*, Encoding: gzip, deflate
2026-06-13 13:08:14.478 +00:00 [INF] Device fingerprint validation: Stored=/a2uf4z8rcBIhIr7KGbd6aahMr80Bhj+9uyLiYNZ66A=, Current=/a2uf4z8rcBIhIr7KGbd6aahMr80Bhj+9uyLiYNZ66A=
2026-06-13 13:08:14.480 +00:00 [INF] Executed DbCommand (1ms) [Parameters=[@__jti_0='?', @__userId_1='?' (DbType = Int32)], CommandType='"Text"', CommandTimeout='30']
SELECT a."ID", a."CreatedAt", a."DeviceFingerprint", a."ExpiresAt", a."IpAddress", a."IsRevoked", a."UserID", a.jti
FROM "AccessTokens" AS a
WHERE a.jti = @__jti_0 AND a."UserID" = @__userId_1 AND NOT (a."IsRevoked") AND a."ExpiresAt" > now()
LIMIT 1
2026-06-13 13:08:14.481 +00:00 [INF] Executing endpoint 'API.Controllers.UserController.CreateUserAsync (API)'
2026-06-13 13:08:14.481 +00:00 [INF] Route matched with {action = "CreateUser", controller = "User"}. Executing controller action with signature System.Threading.Tasks.Task`1[Microsoft.AspNetCore.Mvc.IActionResult] CreateUserAsync(API.Models.RequestModels.CreateUserRequest) on controller API.Controllers.UserController (API).
2026-06-13 13:08:14.482 +00:00 [INF] Executed action API.Controllers.UserController.CreateUserAsync (API) in 0.3995ms
2026-06-13 13:08:14.482 +00:00 [INF] Executed endpoint 'API.Controllers.UserController.CreateUserAsync (API)'
2026-06-13 13:08:14.482 +00:00 [ERR] An unhandled exception has occurred while executing the request.
System.NotSupportedException: Deserialization of types without a parameterless constructor, a singular parameterized constructor, or a parameterized constructor annotated with 'JsonConstructorAttribute' is not supported. Type 'API.DTO.UserDTO'. Path: $.user | LineNumber: 0 | BytePositionInLine: 9.
 ---> System.NotSupportedException: Deserialization of types without a parameterless constructor, a singular parameterized constructor, or a parameterized constructor annotated with 'JsonConstructorAttribute' is not supported. Type 'API.DTO.UserDTO'.
   --- End of inner exception stack trace ---
   at System.Text.Json.ThrowHelper.ThrowNotSupportedException(ReadStack& state, Utf8JsonReader& reader, Exception innerException)
   at System.Text.Json.ThrowHelper.ThrowNotSupportedException_DeserializeNoConstructor(JsonTypeInfo typeInfo, Utf8JsonReader& reader, ReadStack& state)
   at System.Text.Json.Serialization.Converters.ObjectDefaultConverter`1.OnTryRead(Utf8JsonReader& reader, Type typeToConvert, JsonSerializerOptions options, ReadStack& state, T& value)
   at System.Text.Json.Serialization.JsonConverter`1.TryRead(Utf8JsonReader& reader, Type typeToConvert, JsonSerializerOptions options, ReadStack& state, T& value, Boolean& isPopulatedValue)
   at System.Text.Json.Serialization.Metadata.JsonPropertyInfo`1.ReadJsonAndSetMember(Object obj, ReadStack& state, Utf8JsonReader& reader)
   at System.Text.Json.Serialization.Converters.ObjectDefaultConverter`1.OnTryRead(Utf8JsonReader& reader, Type typeToConvert, JsonSerializerOptions options, ReadStack& state, T& value)
   at System.Text.Json.Serialization.JsonConverter`1.TryRead(Utf8JsonReader& reader, Type typeToConvert, JsonSerializerOptions options, ReadStack& state, T& value, Boolean& isPopulatedValue)
   at System.Text.Json.Serialization.JsonConverter`1.ReadCore(Utf8JsonReader& reader, T& value, JsonSerializerOptions options, ReadStack& state)
   at System.Text.Json.Serialization.Metadata.JsonTypeInfo`1.ContinueDeserialize[TReadBufferState,TStream](TReadBufferState& bufferState, JsonReaderState& jsonReaderState, ReadStack& readStack, T& value)
   at System.Text.Json.Serialization.Metadata.JsonTypeInfo`1.DeserializeAsync[TReadBufferState,TStream](TStream utf8Json, TReadBufferState bufferState, CancellationToken cancellationToken)
   at System.Text.Json.Serialization.Metadata.JsonTypeInfo`1.DeserializeAsObjectAsync(Stream utf8Json, CancellationToken cancellationToken)
   at Microsoft.AspNetCore.Mvc.Formatters.SystemTextJsonInputFormatter.ReadRequestBodyAsync(InputFormatterContext context, Encoding encoding)
   at Microsoft.AspNetCore.Mvc.Formatters.SystemTextJsonInputFormatter.ReadRequestBodyAsync(InputFormatterContext context, Encoding encoding)
   at Microsoft.AspNetCore.Mvc.ModelBinding.Binders.BodyModelBinder.BindModelAsync(ModelBindingContext bindingContext)
   at Microsoft.AspNetCore.Mvc.ModelBinding.ParameterBinder.BindModelAsync(ActionContext actionContext, IModelBinder modelBinder, IValueProvider valueProvider, ParameterDescriptor parameter, ModelMetadata metadata, Object value, Object container)
   at Microsoft.AspNetCore.Mvc.Controllers.ControllerBinderDelegateProvider.<>c__DisplayClass0_0.<<CreateBinderDelegate>g__Bind|0>d.MoveNext()
--- End of stack trace from previous location ---
   at Microsoft.AspNetCore.Mvc.Infrastructure.ControllerActionInvoker.<InvokeInnerFilterAsync>g__Awaited|13_0(ControllerActionInvoker invoker, Task lastTask, State next, Scope scope, Object state, Boolean isCompleted)
   at Microsoft.AspNetCore.Mvc.Infrastructure.ResourceInvoker.<InvokeFilterPipelineAsync>g__Awaited|20_0(ResourceInvoker invoker, Task lastTask, State next, Scope scope, Object state, Boolean isCompleted)
   at Microsoft.AspNetCore.Mvc.Infrastructure.ResourceInvoker.<InvokeAsync>g__Logged|17_1(ResourceInvoker invoker)
   at Microsoft.AspNetCore.Mvc.Infrastructure.ResourceInvoker.<InvokeAsync>g__Logged|17_1(ResourceInvoker invoker)
   at Microsoft.AspNetCore.Routing.EndpointMiddleware.<Invoke>g__AwaitRequestTask|7_0(Endpoint endpoint, Task requestTask, ILogger logger)
   at Microsoft.AspNetCore.Authorization.AuthorizationMiddleware.Invoke(HttpContext context)
   at Microsoft.AspNetCore.Authentication.AuthenticationMiddleware.Invoke(HttpContext context)
   at Microsoft.AspNetCore.Diagnostics.DeveloperExceptionPageMiddlewareImpl.Invoke(HttpContext context)
2026-06-13 13:08:14.484 +00:00 [INF] Request finished HTTP/1.1 POST http://192.168.1.6:8080/api/user - 500 null text/plain; charset=utf-8 8.4072ms
2026-06-13 13:11:36.374 +00:00 [INF] Request starting HTTP/1.1 OPTIONS http://192.168.1.6:8080/api/auth/refresh - null null
2026-06-13 13:11:36.375 +00:00 [INF] CORS policy execution successful.
2026-06-13 13:11:36.375 +00:00 [INF] Request finished HTTP/1.1 OPTIONS http://192.168.1.6:8080/api/auth/refresh - 204 null null 0.861ms
2026-06-13 13:11:36.377 +00:00 [INF] Request starting HTTP/1.1 POST http://192.168.1.6:8080/api/auth/refresh - application/json 18
2026-06-13 13:11:36.378 +00:00 [INF] CORS policy execution successful.
2026-06-13 13:11:36.379 +00:00 [INF] ====== OnMessageReceived START ======
2026-06-13 13:11:36.379 +00:00 [INF] Available cookies: 2
2026-06-13 13:11:36.379 +00:00 [INF] Cookie: adminRefreshToken = 44 chars
2026-06-13 13:11:36.379 +00:00 [INF] Cookie: adminToken = 844 chars
2026-06-13 13:11:36.379 +00:00 [INF] Admin token found in cookies, length: 844
2026-06-13 13:11:36.379 +00:00 [INF] Admin token set in context
2026-06-13 13:11:36.379 +00:00 [INF] ====== OnMessageReceived END - Token set: true ======
2026-06-13 13:11:36.380 +00:00 [INF] Token validated successfully for user: lengyelnorbi
2026-06-13 13:11:36.380 +00:00 [INF] Device fingerprint headers - UA: Mozilla/5.0 (Windows NT 10.0; Win64; x64; rv:151.0) Gecko/20100101 Firefox/151.0, Accept: */*, Encoding: gzip, deflate
2026-06-13 13:11:36.380 +00:00 [INF] Device fingerprint validation: Stored=/a2uf4z8rcBIhIr7KGbd6aahMr80Bhj+9uyLiYNZ66A=, Current=/a2uf4z8rcBIhIr7KGbd6aahMr80Bhj+9uyLiYNZ66A=
2026-06-13 13:11:36.383 +00:00 [INF] Executed DbCommand (1ms) [Parameters=[@__jti_0='?', @__userId_1='?' (DbType = Int32)], CommandType='"Text"', CommandTimeout='30']
SELECT a."ID", a."CreatedAt", a."DeviceFingerprint", a."ExpiresAt", a."IpAddress", a."IsRevoked", a."UserID", a.jti
FROM "AccessTokens" AS a
WHERE a.jti = @__jti_0 AND a."UserID" = @__userId_1 AND NOT (a."IsRevoked") AND a."ExpiresAt" > now()
LIMIT 1
2026-06-13 13:11:36.383 +00:00 [INF] Executing endpoint 'API.Controllers.AuthController.RefreshToken (API)'
2026-06-13 13:11:36.386 +00:00 [INF] Route matched with {action = "RefreshToken", controller = "Auth"}. Executing controller action with signature System.Threading.Tasks.Task`1[Microsoft.AspNetCore.Mvc.IActionResult] RefreshToken(API.Models.RequestModels.RefreshRequest) on controller API.Controllers.AuthController (API).
2026-06-13 13:11:36.388 +00:00 [INF] Token refresh attempt at "2026-06-13T13:11:36.3886814Z"
2026-06-13 13:11:36.389 +00:00 [INF] Refreshing admin token at "2026-06-13T13:11:36.3891345Z"
2026-06-13 13:11:36.396 +00:00 [INF] Executed DbCommand (2ms) [Parameters=[@__tokenHash_0='?'], CommandType='"Text"', CommandTimeout='30']
SELECT r."ID", r."CreatedAt", r."DeviceFingerprint", r."ExpiresAt", r."IpAddress", r."IsRevoked", r."TokenHash", r."UserID"
FROM "RefreshTokens" AS r
WHERE r."TokenHash" = @__tokenHash_0 AND NOT (r."IsRevoked") AND r."ExpiresAt" > now()
ORDER BY r."CreatedAt" DESC
LIMIT 1
2026-06-13 13:11:36.404 +00:00 [INF] Mozilla/5.0 (Windows NT 10.0; Win64; x64; rv:151.0) Gecko/20100101 Firefox/151.0
2026-06-13 13:11:36.407 +00:00 [INF] Fetching user by ID from database...
2026-06-13 13:11:36.412 +00:00 [INF] Executed DbCommand (2ms) [Parameters=[@__id_0='?' (DbType = Int32)], CommandType='"Text"', CommandTimeout='30']
SELECT u."ID", u."Email", u."PasswordHash", u."RegisteredAt", u."Role", u."Username"
FROM "Users" AS u
WHERE u."ID" = @__id_0
LIMIT 1
2026-06-13 13:11:36.465 +00:00 [INF] Executed DbCommand (3ms) [Parameters=[@p0='?' (DbType = DateTime), @p1='?', @p2='?' (DbType = DateTime), @p3='?', @p4='?' (DbType = Int32), @p5='?'], CommandType='"Text"', CommandTimeout='30']
INSERT INTO "AccessTokens" ("CreatedAt", "DeviceFingerprint", "ExpiresAt", "IpAddress", "UserID", jti)
VALUES (@p0, @p1, @p2, @p3, @p4, @p5)
RETURNING "ID", "IsRevoked";
2026-06-13 13:11:36.483 +00:00 [INF] Executed DbCommand (1ms) [Parameters=[@__jti_0='?', @__userID_1='?' (DbType = Int32), @__deviceFingerprint_2='?', @__ipAddress_3='?'], CommandType='"Text"', CommandTimeout='30']
SELECT a."ID", a."CreatedAt", a."DeviceFingerprint", a."ExpiresAt", a."IpAddress", a."IsRevoked", a."UserID", a.jti
FROM "AccessTokens" AS a
WHERE a.jti = @__jti_0 AND a."UserID" = @__userID_1 AND a."DeviceFingerprint" = @__deviceFingerprint_2 AND a."IpAddress" = @__ipAddress_3
LIMIT 1
2026-06-13 13:11:36.484 +00:00 [INF] Attempting to revoke access token with jti 130e23ad-3778-40f1-ba4c-949cb976a72c for user 1 from device /a2uf4z8rcBIhIr7KGbd6aahMr80Bhj+9uyLiYNZ66A= and IP ::ffff:172.20.0.1
2026-06-13 13:11:36.484 +00:00 [INF] Access token found: API.Models.AccessToken
2026-06-13 13:11:36.488 +00:00 [INF] Executed DbCommand (2ms) [Parameters=[@p1='?' (DbType = Int32), @p0='?' (DbType = Boolean)], CommandType='"Text"', CommandTimeout='30']
UPDATE "AccessTokens" SET "IsRevoked" = @p0
WHERE "ID" = @p1;
2026-06-13 13:11:36.489 +00:00 [INF] Access token AccessToken for user 1 revoked: true
2026-06-13 13:11:36.493 +00:00 [INF] Executed DbCommand (2ms) [Parameters=[@p0='?' (DbType = DateTime), @p1='?', @p2='?' (DbType = DateTime), @p3='?', @p4='?', @p5='?' (DbType = Int32)], CommandType='"Text"', CommandTimeout='30']
INSERT INTO "RefreshTokens" ("CreatedAt", "DeviceFingerprint", "ExpiresAt", "IpAddress", "TokenHash", "UserID")
VALUES (@p0, @p1, @p2, @p3, @p4, @p5)
RETURNING "ID", "IsRevoked";
2026-06-13 13:11:36.498 +00:00 [INF] Executed DbCommand (1ms) [Parameters=[@__tokenHash_0='?', @__userId_1='?' (DbType = Int32), @__deviceFingerprint_2='?', @__ipAddress_3='?'], CommandType='"Text"', CommandTimeout='30']
SELECT r."ID", r."CreatedAt", r."DeviceFingerprint", r."ExpiresAt", r."IpAddress", r."IsRevoked", r."TokenHash", r."UserID"
FROM "RefreshTokens" AS r
WHERE r."TokenHash" = @__tokenHash_0 AND r."UserID" = @__userId_1 AND r."DeviceFingerprint" = @__deviceFingerprint_2 AND r."IpAddress" = @__ipAddress_3
LIMIT 1
2026-06-13 13:11:36.501 +00:00 [INF] Executed DbCommand (2ms) [Parameters=[@p1='?' (DbType = Int32), @p0='?' (DbType = Boolean)], CommandType='"Text"', CommandTimeout='30']
UPDATE "RefreshTokens" SET "IsRevoked" = @p0
WHERE "ID" = @p1;
2026-06-13 13:11:36.501 +00:00 [INF] Refresh token P7XF8pS1M9qfp666RJDoC8bWi7Tc61yJEUtftWk38vc= for user 1 revoked: true
2026-06-13 13:11:36.502 +00:00 [INF] Token refreshed successfully for user 1 at "2026-06-13T13:11:36.5026663Z"
2026-06-13 13:11:36.503 +00:00 [INF] Executing OkObjectResult, writing value of type '<>f__AnonymousType3`2[[System.Boolean, System.Private.CoreLib, Version=9.0.0.0, Culture=neutral, PublicKeyToken=7cec85d7bea7798e],[System.Int32, System.Private.CoreLib, Version=9.0.0.0, Culture=neutral, PublicKeyToken=7cec85d7bea7798e]]'.
2026-06-13 13:11:36.506 +00:00 [INF] Executed action API.Controllers.AuthController.RefreshToken (API) in 119.8245ms
2026-06-13 13:11:36.506 +00:00 [INF] Executed endpoint 'API.Controllers.AuthController.RefreshToken (API)'
2026-06-13 13:11:36.506 +00:00 [INF] Request finished HTTP/1.1 POST http://192.168.1.6:8080/api/auth/refresh - 200 null application/json; charset=utf-8 128.7674ms
2026-06-13 13:13:23.640 +00:00 [INF] Application is shutting down...
2026-06-13 13:13:24.455 +00:00 [WRN] Storing keys in a directory '/home/app/.aspnet/DataProtection-Keys' that may not be persisted outside of the container. Protected data will be unavailable when container is destroyed. For more information go to https://aka.ms/aspnet/dataprotectionwarning
2026-06-13 13:13:24.478 +00:00 [INF] User profile is available. Using '/home/app/.aspnet/DataProtection-Keys' as key repository; keys will not be encrypted at rest.
2026-06-13 13:13:24.488 +00:00 [INF] Creating key {8d291884-afe1-4e7e-96ce-18c1fe2316fb} with creation date 2026-06-13 13:13:24Z, activation date 2026-06-13 13:13:24Z, and expiration date 2026-09-11 13:13:24Z.
2026-06-13 13:13:24.531 +00:00 [WRN] No XML encryptor configured. Key {8d291884-afe1-4e7e-96ce-18c1fe2316fb} may be persisted to storage in unencrypted form.
2026-06-13 13:13:24.533 +00:00 [INF] Writing data to file '/home/app/.aspnet/DataProtection-Keys/key-8d291884-afe1-4e7e-96ce-18c1fe2316fb.xml'.
2026-06-13 13:13:24.581 +00:00 [INF] Now listening on: http://[::]:8080
2026-06-13 13:13:24.583 +00:00 [INF] Application started. Press Ctrl+C to shut down.
2026-06-13 13:13:24.583 +00:00 [INF] Hosting environment: Development
2026-06-13 13:13:24.583 +00:00 [INF] Content root path: /app
2026-06-13 13:14:20.032 +00:00 [INF] Request starting HTTP/1.1 GET http://192.168.1.6:8080/api/user?page=1&limit=10 - null null
2026-06-13 13:14:20.032 +00:00 [INF] Request starting HTTP/1.1 GET http://192.168.1.6:8080/api/user - null null
2026-06-13 13:14:20.046 +00:00 [WRN] Failed to determine the https port for redirect.
2026-06-13 13:14:20.049 +00:00 [INF] CORS policy execution successful.
2026-06-13 13:14:20.049 +00:00 [INF] CORS policy execution successful.
2026-06-13 13:14:20.065 +00:00 [INF] ====== OnMessageReceived START ======
2026-06-13 13:14:20.065 +00:00 [INF] ====== OnMessageReceived START ======
2026-06-13 13:14:20.066 +00:00 [INF] Available cookies: 2
2026-06-13 13:14:20.066 +00:00 [INF] Available cookies: 2
2026-06-13 13:14:20.067 +00:00 [INF] Cookie: adminRefreshToken = 44 chars
2026-06-13 13:14:20.067 +00:00 [INF] Cookie: adminRefreshToken = 44 chars
2026-06-13 13:14:20.067 +00:00 [INF] Cookie: adminToken = 844 chars
2026-06-13 13:14:20.068 +00:00 [INF] Cookie: adminToken = 844 chars
2026-06-13 13:14:20.068 +00:00 [INF] Admin token found in cookies, length: 844
2026-06-13 13:14:20.068 +00:00 [INF] Admin token found in cookies, length: 844
2026-06-13 13:14:20.068 +00:00 [INF] Admin token set in context
2026-06-13 13:14:20.068 +00:00 [INF] Admin token set in context
2026-06-13 13:14:20.068 +00:00 [INF] ====== OnMessageReceived END - Token set: true ======
2026-06-13 13:14:20.069 +00:00 [INF] ====== OnMessageReceived END - Token set: true ======
2026-06-13 13:14:20.100 +00:00 [INF] Token validated successfully for user: lengyelnorbi
2026-06-13 13:14:20.100 +00:00 [INF] Token validated successfully for user: lengyelnorbi
2026-06-13 13:14:20.100 +00:00 [INF] Device fingerprint headers - UA: Mozilla/5.0 (Windows NT 10.0; Win64; x64; rv:151.0) Gecko/20100101 Firefox/151.0, Accept: application/json, text/plain, */*, Encoding: gzip, deflate
2026-06-13 13:14:20.100 +00:00 [INF] Device fingerprint headers - UA: Mozilla/5.0 (Windows NT 10.0; Win64; x64; rv:151.0) Gecko/20100101 Firefox/151.0, Accept: application/json, text/plain, */*, Encoding: gzip, deflate
2026-06-13 13:14:20.101 +00:00 [INF] Device fingerprint validation: Stored=/a2uf4z8rcBIhIr7KGbd6aahMr80Bhj+9uyLiYNZ66A=, Current=/a2uf4z8rcBIhIr7KGbd6aahMr80Bhj+9uyLiYNZ66A=
2026-06-13 13:14:20.101 +00:00 [INF] Device fingerprint validation: Stored=/a2uf4z8rcBIhIr7KGbd6aahMr80Bhj+9uyLiYNZ66A=, Current=/a2uf4z8rcBIhIr7KGbd6aahMr80Bhj+9uyLiYNZ66A=
2026-06-13 13:14:20.770 +00:00 [INF] Executed DbCommand (32ms) [Parameters=[@__jti_0='?', @__userId_1='?' (DbType = Int32)], CommandType='"Text"', CommandTimeout='30']
SELECT a."ID", a."CreatedAt", a."DeviceFingerprint", a."ExpiresAt", a."IpAddress", a."IsRevoked", a."UserID", a.jti
FROM "AccessTokens" AS a
WHERE a.jti = @__jti_0 AND a."UserID" = @__userId_1 AND NOT (a."IsRevoked") AND a."ExpiresAt" > now()
LIMIT 1
2026-06-13 13:14:20.770 +00:00 [INF] Executed DbCommand (32ms) [Parameters=[@__jti_0='?', @__userId_1='?' (DbType = Int32)], CommandType='"Text"', CommandTimeout='30']
SELECT a."ID", a."CreatedAt", a."DeviceFingerprint", a."ExpiresAt", a."IpAddress", a."IsRevoked", a."UserID", a.jti
FROM "AccessTokens" AS a
WHERE a.jti = @__jti_0 AND a."UserID" = @__userId_1 AND NOT (a."IsRevoked") AND a."ExpiresAt" > now()
LIMIT 1
2026-06-13 13:14:20.827 +00:00 [INF] Executing endpoint 'API.Controllers.UserController.Get (API)'
2026-06-13 13:14:20.828 +00:00 [INF] Executing endpoint 'API.Controllers.UserController.Get (API)'
2026-06-13 13:14:20.837 +00:00 [INF] Route matched with {action = "Get", controller = "User"}. Executing controller action with signature System.Threading.Tasks.Task`1[System.Collections.Generic.IEnumerable`1[API.DTO.UserDTO]] Get() on controller API.Controllers.UserController (API).
2026-06-13 13:14:20.837 +00:00 [INF] Route matched with {action = "Get", controller = "User"}. Executing controller action with signature System.Threading.Tasks.Task`1[System.Collections.Generic.IEnumerable`1[API.DTO.UserDTO]] Get() on controller API.Controllers.UserController (API).
2026-06-13 13:14:20.839 +00:00 [INF] Fetching user data from database...
2026-06-13 13:14:20.839 +00:00 [INF] Fetching user data from database...
2026-06-13 13:14:20.850 +00:00 [INF] Executed DbCommand (3ms) [Parameters=[], CommandType='"Text"', CommandTimeout='30']
SELECT u."ID", u."Email", u."PasswordHash", u."RegisteredAt", u."Role", u."Username"
FROM "Users" AS u
2026-06-13 13:14:20.850 +00:00 [INF] Executed DbCommand (3ms) [Parameters=[], CommandType='"Text"', CommandTimeout='30']
SELECT u."ID", u."Email", u."PasswordHash", u."RegisteredAt", u."Role", u."Username"
FROM "Users" AS u
2026-06-13 13:14:20.883 +00:00 [INF] Executing ObjectResult, writing value of type 'System.Collections.Generic.List`1[[API.DTO.UserDTO, API, Version=1.0.0.0, Culture=neutral, PublicKeyToken=null]]'.
2026-06-13 13:14:20.883 +00:00 [INF] Executing ObjectResult, writing value of type 'System.Collections.Generic.List`1[[API.DTO.UserDTO, API, Version=1.0.0.0, Culture=neutral, PublicKeyToken=null]]'.
2026-06-13 13:14:20.915 +00:00 [INF] Executed action API.Controllers.UserController.Get (API) in 76.4567ms
2026-06-13 13:14:20.915 +00:00 [INF] Executed action API.Controllers.UserController.Get (API) in 75.7143ms
2026-06-13 13:14:20.918 +00:00 [INF] Executed endpoint 'API.Controllers.UserController.Get (API)'
2026-06-13 13:14:20.918 +00:00 [INF] Executed endpoint 'API.Controllers.UserController.Get (API)'
2026-06-13 13:14:20.923 +00:00 [INF] Request finished HTTP/1.1 GET http://192.168.1.6:8080/api/user - 499 null application/json; charset=utf-8 892.5664ms
2026-06-13 13:14:20.923 +00:00 [INF] Request finished HTTP/1.1 GET http://192.168.1.6:8080/api/user?page=1&limit=10 - 200 null application/json; charset=utf-8 892.5907ms
2026-06-13 13:14:21.612 +00:00 [INF] Request starting HTTP/1.1 GET http://192.168.1.6:8080/api/user?page=1&limit=10 - null null
2026-06-13 13:14:21.614 +00:00 [INF] CORS policy execution successful.
2026-06-13 13:14:21.615 +00:00 [INF] ====== OnMessageReceived START ======
2026-06-13 13:14:21.615 +00:00 [INF] Available cookies: 2
2026-06-13 13:14:21.616 +00:00 [INF] Cookie: adminRefreshToken = 44 chars
2026-06-13 13:14:21.616 +00:00 [INF] Cookie: adminToken = 844 chars
2026-06-13 13:14:21.616 +00:00 [INF] Admin token found in cookies, length: 844
2026-06-13 13:14:21.616 +00:00 [INF] Admin token set in context
2026-06-13 13:14:21.617 +00:00 [INF] ====== OnMessageReceived END - Token set: true ======
2026-06-13 13:14:21.617 +00:00 [INF] Request starting HTTP/1.1 GET http://192.168.1.6:8080/api/user - null null
2026-06-13 13:14:21.618 +00:00 [INF] Token validated successfully for user: lengyelnorbi
2026-06-13 13:14:21.618 +00:00 [INF] CORS policy execution successful.
2026-06-13 13:14:21.618 +00:00 [INF] Device fingerprint headers - UA: Mozilla/5.0 (Windows NT 10.0; Win64; x64; rv:151.0) Gecko/20100101 Firefox/151.0, Accept: application/json, text/plain, */*, Encoding: gzip, deflate
2026-06-13 13:14:21.618 +00:00 [INF] ====== OnMessageReceived START ======
2026-06-13 13:14:21.618 +00:00 [INF] Device fingerprint validation: Stored=/a2uf4z8rcBIhIr7KGbd6aahMr80Bhj+9uyLiYNZ66A=, Current=/a2uf4z8rcBIhIr7KGbd6aahMr80Bhj+9uyLiYNZ66A=
2026-06-13 13:14:21.618 +00:00 [INF] Available cookies: 2
2026-06-13 13:14:21.619 +00:00 [INF] Cookie: adminRefreshToken = 44 chars
2026-06-13 13:14:21.619 +00:00 [INF] Cookie: adminToken = 844 chars
2026-06-13 13:14:21.619 +00:00 [INF] Admin token found in cookies, length: 844
2026-06-13 13:14:21.619 +00:00 [INF] Admin token set in context
2026-06-13 13:14:21.619 +00:00 [INF] ====== OnMessageReceived END - Token set: true ======
2026-06-13 13:14:21.620 +00:00 [INF] Token validated successfully for user: lengyelnorbi
2026-06-13 13:14:21.620 +00:00 [INF] Device fingerprint headers - UA: Mozilla/5.0 (Windows NT 10.0; Win64; x64; rv:151.0) Gecko/20100101 Firefox/151.0, Accept: application/json, text/plain, */*, Encoding: gzip, deflate
2026-06-13 13:14:21.620 +00:00 [INF] Device fingerprint validation: Stored=/a2uf4z8rcBIhIr7KGbd6aahMr80Bhj+9uyLiYNZ66A=, Current=/a2uf4z8rcBIhIr7KGbd6aahMr80Bhj+9uyLiYNZ66A=
2026-06-13 13:14:21.660 +00:00 [INF] Executed DbCommand (2ms) [Parameters=[@__jti_0='?', @__userId_1='?' (DbType = Int32)], CommandType='"Text"', CommandTimeout='30']
SELECT a."ID", a."CreatedAt", a."DeviceFingerprint", a."ExpiresAt", a."IpAddress", a."IsRevoked", a."UserID", a.jti
FROM "AccessTokens" AS a
WHERE a.jti = @__jti_0 AND a."UserID" = @__userId_1 AND NOT (a."IsRevoked") AND a."ExpiresAt" > now()
LIMIT 1
2026-06-13 13:14:21.660 +00:00 [INF] Executed DbCommand (2ms) [Parameters=[@__jti_0='?', @__userId_1='?' (DbType = Int32)], CommandType='"Text"', CommandTimeout='30']
SELECT a."ID", a."CreatedAt", a."DeviceFingerprint", a."ExpiresAt", a."IpAddress", a."IsRevoked", a."UserID", a.jti
FROM "AccessTokens" AS a
WHERE a.jti = @__jti_0 AND a."UserID" = @__userId_1 AND NOT (a."IsRevoked") AND a."ExpiresAt" > now()
LIMIT 1
2026-06-13 13:14:21.661 +00:00 [INF] Executing endpoint 'API.Controllers.UserController.Get (API)'
2026-06-13 13:14:21.661 +00:00 [INF] Executing endpoint 'API.Controllers.UserController.Get (API)'
2026-06-13 13:14:21.661 +00:00 [INF] Route matched with {action = "Get", controller = "User"}. Executing controller action with signature System.Threading.Tasks.Task`1[System.Collections.Generic.IEnumerable`1[API.DTO.UserDTO]] Get() on controller API.Controllers.UserController (API).
2026-06-13 13:14:21.661 +00:00 [INF] Route matched with {action = "Get", controller = "User"}. Executing controller action with signature System.Threading.Tasks.Task`1[System.Collections.Generic.IEnumerable`1[API.DTO.UserDTO]] Get() on controller API.Controllers.UserController (API).
2026-06-13 13:14:21.661 +00:00 [INF] Fetching user data from database...
2026-06-13 13:14:21.662 +00:00 [INF] Fetching user data from database...
2026-06-13 13:14:21.663 +00:00 [INF] Executed DbCommand (1ms) [Parameters=[], CommandType='"Text"', CommandTimeout='30']
SELECT u."ID", u."Email", u."PasswordHash", u."RegisteredAt", u."Role", u."Username"
FROM "Users" AS u
2026-06-13 13:14:21.663 +00:00 [INF] Executed DbCommand (1ms) [Parameters=[], CommandType='"Text"', CommandTimeout='30']
SELECT u."ID", u."Email", u."PasswordHash", u."RegisteredAt", u."Role", u."Username"
FROM "Users" AS u
2026-06-13 13:14:21.664 +00:00 [INF] Executing ObjectResult, writing value of type 'System.Collections.Generic.List`1[[API.DTO.UserDTO, API, Version=1.0.0.0, Culture=neutral, PublicKeyToken=null]]'.
2026-06-13 13:14:21.664 +00:00 [INF] Executing ObjectResult, writing value of type 'System.Collections.Generic.List`1[[API.DTO.UserDTO, API, Version=1.0.0.0, Culture=neutral, PublicKeyToken=null]]'.
2026-06-13 13:14:21.664 +00:00 [INF] Executed action API.Controllers.UserController.Get (API) in 2.4864ms
2026-06-13 13:14:21.664 +00:00 [INF] Executed action API.Controllers.UserController.Get (API) in 2.6711ms
2026-06-13 13:14:21.664 +00:00 [INF] Executed endpoint 'API.Controllers.UserController.Get (API)'
2026-06-13 13:14:21.665 +00:00 [INF] Executed endpoint 'API.Controllers.UserController.Get (API)'
2026-06-13 13:14:21.665 +00:00 [INF] Request finished HTTP/1.1 GET http://192.168.1.6:8080/api/user - 200 null application/json; charset=utf-8 47.4655ms
2026-06-13 13:14:21.665 +00:00 [INF] Request finished HTTP/1.1 GET http://192.168.1.6:8080/api/user?page=1&limit=10 - 200 null application/json; charset=utf-8 52.8287ms
2026-06-13 13:14:26.159 +00:00 [INF] Request starting HTTP/1.1 OPTIONS http://192.168.1.6:8080/api/password/generate-password - null null
2026-06-13 13:14:26.159 +00:00 [INF] CORS policy execution successful.
2026-06-13 13:14:26.160 +00:00 [INF] Request finished HTTP/1.1 OPTIONS http://192.168.1.6:8080/api/password/generate-password - 204 null null 1.4972ms
2026-06-13 13:14:26.162 +00:00 [INF] Request starting HTTP/1.1 POST http://192.168.1.6:8080/api/password/generate-password - application/json 67
2026-06-13 13:14:26.162 +00:00 [INF] CORS policy execution successful.
2026-06-13 13:14:26.163 +00:00 [INF] ====== OnMessageReceived START ======
2026-06-13 13:14:26.163 +00:00 [INF] Available cookies: 2
2026-06-13 13:14:26.163 +00:00 [INF] Cookie: adminRefreshToken = 44 chars
2026-06-13 13:14:26.163 +00:00 [INF] Cookie: adminToken = 844 chars
2026-06-13 13:14:26.163 +00:00 [INF] Admin token found in cookies, length: 844
2026-06-13 13:14:26.163 +00:00 [INF] Admin token set in context
2026-06-13 13:14:26.163 +00:00 [INF] ====== OnMessageReceived END - Token set: true ======
2026-06-13 13:14:26.164 +00:00 [INF] Token validated successfully for user: lengyelnorbi
2026-06-13 13:14:26.164 +00:00 [INF] Device fingerprint headers - UA: Mozilla/5.0 (Windows NT 10.0; Win64; x64; rv:151.0) Gecko/20100101 Firefox/151.0, Accept: */*, Encoding: gzip, deflate
2026-06-13 13:14:26.164 +00:00 [INF] Device fingerprint validation: Stored=/a2uf4z8rcBIhIr7KGbd6aahMr80Bhj+9uyLiYNZ66A=, Current=/a2uf4z8rcBIhIr7KGbd6aahMr80Bhj+9uyLiYNZ66A=
2026-06-13 13:14:26.167 +00:00 [INF] Executed DbCommand (1ms) [Parameters=[@__jti_0='?', @__userId_1='?' (DbType = Int32)], CommandType='"Text"', CommandTimeout='30']
SELECT a."ID", a."CreatedAt", a."DeviceFingerprint", a."ExpiresAt", a."IpAddress", a."IsRevoked", a."UserID", a.jti
FROM "AccessTokens" AS a
WHERE a.jti = @__jti_0 AND a."UserID" = @__userId_1 AND NOT (a."IsRevoked") AND a."ExpiresAt" > now()
LIMIT 1
2026-06-13 13:14:26.171 +00:00 [INF] Executing endpoint 'API.Controllers.PasswordController.GeneratePassword (API)'
2026-06-13 13:14:26.175 +00:00 [INF] Route matched with {action = "GeneratePassword", controller = "Password"}. Executing controller action with signature System.Threading.Tasks.Task`1[Microsoft.AspNetCore.Mvc.IActionResult] GeneratePassword(API.Models.RequestModels.GeneratePwdRequest) on controller API.Controllers.PasswordController (API).
2026-06-13 13:14:26.194 +00:00 [INF] Executing OkObjectResult, writing value of type '<>f__AnonymousType4`1[[System.String, System.Private.CoreLib, Version=9.0.0.0, Culture=neutral, PublicKeyToken=7cec85d7bea7798e]]'.
2026-06-13 13:14:26.195 +00:00 [INF] Executed action API.Controllers.PasswordController.GeneratePassword (API) in 19.4762ms
2026-06-13 13:14:26.195 +00:00 [INF] Executed endpoint 'API.Controllers.PasswordController.GeneratePassword (API)'
2026-06-13 13:14:26.195 +00:00 [INF] Request finished HTTP/1.1 POST http://192.168.1.6:8080/api/password/generate-password - 200 null application/json; charset=utf-8 33.0044ms
2026-06-13 13:14:27.234 +00:00 [INF] Request starting HTTP/1.1 OPTIONS http://192.168.1.6:8080/api/user - null null
2026-06-13 13:14:27.235 +00:00 [INF] CORS policy execution successful.
2026-06-13 13:14:27.235 +00:00 [INF] Request finished HTTP/1.1 OPTIONS http://192.168.1.6:8080/api/user - 204 null null 0.7602ms
2026-06-13 13:14:27.236 +00:00 [INF] Request starting HTTP/1.1 POST http://192.168.1.6:8080/api/user - application/json 139
2026-06-13 13:14:27.237 +00:00 [INF] CORS policy execution successful.
2026-06-13 13:14:27.237 +00:00 [INF] ====== OnMessageReceived START ======
2026-06-13 13:14:27.237 +00:00 [INF] Available cookies: 2
2026-06-13 13:14:27.237 +00:00 [INF] Cookie: adminRefreshToken = 44 chars
2026-06-13 13:14:27.238 +00:00 [INF] Cookie: adminToken = 844 chars
2026-06-13 13:14:27.238 +00:00 [INF] Admin token found in cookies, length: 844
2026-06-13 13:14:27.238 +00:00 [INF] Admin token set in context
2026-06-13 13:14:27.238 +00:00 [INF] ====== OnMessageReceived END - Token set: true ======
2026-06-13 13:14:27.238 +00:00 [INF] Token validated successfully for user: lengyelnorbi
2026-06-13 13:14:27.239 +00:00 [INF] Device fingerprint headers - UA: Mozilla/5.0 (Windows NT 10.0; Win64; x64; rv:151.0) Gecko/20100101 Firefox/151.0, Accept: */*, Encoding: gzip, deflate
2026-06-13 13:14:27.239 +00:00 [INF] Device fingerprint validation: Stored=/a2uf4z8rcBIhIr7KGbd6aahMr80Bhj+9uyLiYNZ66A=, Current=/a2uf4z8rcBIhIr7KGbd6aahMr80Bhj+9uyLiYNZ66A=
2026-06-13 13:14:27.241 +00:00 [INF] Executed DbCommand (2ms) [Parameters=[@__jti_0='?', @__userId_1='?' (DbType = Int32)], CommandType='"Text"', CommandTimeout='30']
SELECT a."ID", a."CreatedAt", a."DeviceFingerprint", a."ExpiresAt", a."IpAddress", a."IsRevoked", a."UserID", a.jti
FROM "AccessTokens" AS a
WHERE a.jti = @__jti_0 AND a."UserID" = @__userId_1 AND NOT (a."IsRevoked") AND a."ExpiresAt" > now()
LIMIT 1
2026-06-13 13:14:27.243 +00:00 [INF] Executing endpoint 'API.Controllers.UserController.CreateUserAsync (API)'
2026-06-13 13:14:27.245 +00:00 [INF] Route matched with {action = "CreateUser", controller = "User"}. Executing controller action with signature System.Threading.Tasks.Task`1[Microsoft.AspNetCore.Mvc.IActionResult] CreateUserAsync(API.Models.RequestModels.CreateUserRequest) on controller API.Controllers.UserController (API).
2026-06-13 13:14:27.640 +00:00 [INF] Password hashed successfully
2026-06-13 13:14:27.641 +00:00 [INF] UserDTO [ID=0, Username=lengyelnorbi55_1781356466371, Email=lengyelnorbi55@gmail.com, PasswordHash=$2a$12$fOpYu40/gy.uVsJ7dYKJiO81mHDbQEGoDvtAtAUpa.Kco8jvDNeRu, RegisteredAt=06/13/2026, Role=User, Jti=]
2026-06-13 13:14:27.642 +00:00 [INF] UserDTO [ID=0, Username=lengyelnorbi55_1781356466371, Email=lengyelnorbi55@gmail.com, PasswordHash=$2a$12$fOpYu40/gy.uVsJ7dYKJiO81mHDbQEGoDvtAtAUpa.Kco8jvDNeRu, RegisteredAt=06/13/2026, Role=User, Jti=]
2026-06-13 13:14:27.650 +00:00 [INF] UserDTO [ID=0, Username=lengyelnorbi55_1781356466371, Email=lengyelnorbi55@gmail.com, PasswordHash=$2a$12$fOpYu40/gy.uVsJ7dYKJiO81mHDbQEGoDvtAtAUpa.Kco8jvDNeRu, RegisteredAt=06/13/2026, Role=User, Jti=]
2026-06-13 13:14:27.687 +00:00 [INF] Executed DbCommand (4ms) [Parameters=[@p0='?', @p1='?', @p2='?' (DbType = Date), @p3='?', @p4='?'], CommandType='"Text"', CommandTimeout='30']
INSERT INTO "Users" ("Email", "PasswordHash", "RegisteredAt", "Role", "Username")
VALUES (@p0, @p1, @p2, @p3, @p4)
RETURNING "ID";
2026-06-13 13:14:27.697 +00:00 [INF] User created successfully
2026-06-13 13:14:27.697 +00:00 [INF] UserDTO [ID=2, Username=lengyelnorbi55_1781356466371, Email=lengyelnorbi55@gmail.com, PasswordHash=$2a$12$fOpYu40/gy.uVsJ7dYKJiO81mHDbQEGoDvtAtAUpa.Kco8jvDNeRu, RegisteredAt=06/13/2026, Role=User, Jti=]
2026-06-13 13:14:27.698 +00:00 [INF] Executing CreatedAtRouteResult, writing value of type 'API.Models.RequestModels.CreateUserRequest'.
2026-06-13 13:14:27.704 +00:00 [INF] Executed action API.Controllers.UserController.CreateUserAsync (API) in 459.1471ms
2026-06-13 13:14:27.704 +00:00 [INF] Executed endpoint 'API.Controllers.UserController.CreateUserAsync (API)'
2026-06-13 13:14:27.705 +00:00 [ERR] An unhandled exception has occurred while executing the request.
System.InvalidOperationException: No route matches the supplied values.
   at Microsoft.AspNetCore.Mvc.CreatedAtRouteResult.OnFormatting(ActionContext context)
   at Microsoft.AspNetCore.Mvc.Infrastructure.ObjectResultExecutor.ExecuteAsyncCore(ActionContext context, ObjectResult result, Type objectType, Object value)
   at Microsoft.AspNetCore.Mvc.Infrastructure.ResourceInvoker.ResultNext[TFilter,TFilterAsync](State& next, Scope& scope, Object& state, Boolean& isCompleted)
   at Microsoft.AspNetCore.Mvc.Infrastructure.ResourceInvoker.InvokeNextResultFilterAsync[TFilter,TFilterAsync]()
--- End of stack trace from previous location ---
   at Microsoft.AspNetCore.Mvc.Infrastructure.ResourceInvoker.Rethrow(ResultExecutedContextSealed context)
   at Microsoft.AspNetCore.Mvc.Infrastructure.ResourceInvoker.ResultNext[TFilter,TFilterAsync](State& next, Scope& scope, Object& state, Boolean& isCompleted)
   at Microsoft.AspNetCore.Mvc.Infrastructure.ResourceInvoker.InvokeResultFilters()
--- End of stack trace from previous location ---
   at Microsoft.AspNetCore.Mvc.Infrastructure.ResourceInvoker.<InvokeFilterPipelineAsync>g__Awaited|20_0(ResourceInvoker invoker, Task lastTask, State next, Scope scope, Object state, Boolean isCompleted)
   at Microsoft.AspNetCore.Mvc.Infrastructure.ResourceInvoker.<InvokeAsync>g__Logged|17_1(ResourceInvoker invoker)
   at Microsoft.AspNetCore.Mvc.Infrastructure.ResourceInvoker.<InvokeAsync>g__Logged|17_1(ResourceInvoker invoker)
   at Microsoft.AspNetCore.Routing.EndpointMiddleware.<Invoke>g__AwaitRequestTask|7_0(Endpoint endpoint, Task requestTask, ILogger logger)
   at Microsoft.AspNetCore.Authorization.AuthorizationMiddleware.Invoke(HttpContext context)
   at Microsoft.AspNetCore.Authentication.AuthenticationMiddleware.Invoke(HttpContext context)
   at Microsoft.AspNetCore.Diagnostics.DeveloperExceptionPageMiddlewareImpl.Invoke(HttpContext context)
2026-06-13 13:14:27.712 +00:00 [INF] Request finished HTTP/1.1 POST http://192.168.1.6:8080/api/user - 500 null text/plain; charset=utf-8 475.5726ms
2026-06-13 13:15:53.014 +00:00 [INF] Request starting HTTP/1.1 GET http://192.168.1.6:8080/api/user?page=1&limit=10 - null null
2026-06-13 13:15:53.014 +00:00 [INF] Request starting HTTP/1.1 GET http://192.168.1.6:8080/api/user - null null
2026-06-13 13:15:53.015 +00:00 [INF] CORS policy execution successful.
2026-06-13 13:15:53.015 +00:00 [INF] CORS policy execution successful.
2026-06-13 13:15:53.015 +00:00 [INF] ====== OnMessageReceived START ======
2026-06-13 13:15:53.015 +00:00 [INF] ====== OnMessageReceived START ======
2026-06-13 13:15:53.015 +00:00 [INF] Available cookies: 2
2026-06-13 13:15:53.015 +00:00 [INF] Available cookies: 2
2026-06-13 13:15:53.016 +00:00 [INF] Cookie: adminRefreshToken = 44 chars
2026-06-13 13:15:53.016 +00:00 [INF] Cookie: adminRefreshToken = 44 chars
2026-06-13 13:15:53.016 +00:00 [INF] Cookie: adminToken = 844 chars
2026-06-13 13:15:53.016 +00:00 [INF] Cookie: adminToken = 844 chars
2026-06-13 13:15:53.016 +00:00 [INF] Admin token found in cookies, length: 844
2026-06-13 13:15:53.016 +00:00 [INF] Admin token found in cookies, length: 844
2026-06-13 13:15:53.016 +00:00 [INF] Admin token set in context
2026-06-13 13:15:53.017 +00:00 [INF] Admin token set in context
2026-06-13 13:15:53.017 +00:00 [INF] ====== OnMessageReceived END - Token set: true ======
2026-06-13 13:15:53.017 +00:00 [INF] ====== OnMessageReceived END - Token set: true ======
2026-06-13 13:15:53.017 +00:00 [INF] Token validated successfully for user: lengyelnorbi
2026-06-13 13:15:53.017 +00:00 [INF] Token validated successfully for user: lengyelnorbi
2026-06-13 13:15:53.017 +00:00 [INF] Device fingerprint headers - UA: Mozilla/5.0 (Windows NT 10.0; Win64; x64; rv:151.0) Gecko/20100101 Firefox/151.0, Accept: application/json, text/plain, */*, Encoding: gzip, deflate
2026-06-13 13:15:53.018 +00:00 [INF] Device fingerprint headers - UA: Mozilla/5.0 (Windows NT 10.0; Win64; x64; rv:151.0) Gecko/20100101 Firefox/151.0, Accept: application/json, text/plain, */*, Encoding: gzip, deflate
2026-06-13 13:15:53.018 +00:00 [INF] Device fingerprint validation: Stored=/a2uf4z8rcBIhIr7KGbd6aahMr80Bhj+9uyLiYNZ66A=, Current=/a2uf4z8rcBIhIr7KGbd6aahMr80Bhj+9uyLiYNZ66A=
2026-06-13 13:15:53.018 +00:00 [INF] Device fingerprint validation: Stored=/a2uf4z8rcBIhIr7KGbd6aahMr80Bhj+9uyLiYNZ66A=, Current=/a2uf4z8rcBIhIr7KGbd6aahMr80Bhj+9uyLiYNZ66A=
2026-06-13 13:15:53.020 +00:00 [INF] Executed DbCommand (1ms) [Parameters=[@__jti_0='?', @__userId_1='?' (DbType = Int32)], CommandType='"Text"', CommandTimeout='30']
SELECT a."ID", a."CreatedAt", a."DeviceFingerprint", a."ExpiresAt", a."IpAddress", a."IsRevoked", a."UserID", a.jti
FROM "AccessTokens" AS a
WHERE a.jti = @__jti_0 AND a."UserID" = @__userId_1 AND NOT (a."IsRevoked") AND a."ExpiresAt" > now()
LIMIT 1
2026-06-13 13:15:53.020 +00:00 [INF] Executed DbCommand (1ms) [Parameters=[@__jti_0='?', @__userId_1='?' (DbType = Int32)], CommandType='"Text"', CommandTimeout='30']
SELECT a."ID", a."CreatedAt", a."DeviceFingerprint", a."ExpiresAt", a."IpAddress", a."IsRevoked", a."UserID", a.jti
FROM "AccessTokens" AS a
WHERE a.jti = @__jti_0 AND a."UserID" = @__userId_1 AND NOT (a."IsRevoked") AND a."ExpiresAt" > now()
LIMIT 1
2026-06-13 13:15:53.021 +00:00 [INF] Executing endpoint 'API.Controllers.UserController.Get (API)'
2026-06-13 13:15:53.021 +00:00 [INF] Executing endpoint 'API.Controllers.UserController.Get (API)'
2026-06-13 13:15:53.021 +00:00 [INF] Route matched with {action = "Get", controller = "User"}. Executing controller action with signature System.Threading.Tasks.Task`1[System.Collections.Generic.IEnumerable`1[API.DTO.UserDTO]] Get() on controller API.Controllers.UserController (API).
2026-06-13 13:15:53.021 +00:00 [INF] Route matched with {action = "Get", controller = "User"}. Executing controller action with signature System.Threading.Tasks.Task`1[System.Collections.Generic.IEnumerable`1[API.DTO.UserDTO]] Get() on controller API.Controllers.UserController (API).
2026-06-13 13:15:53.021 +00:00 [INF] Fetching user data from database...
2026-06-13 13:15:53.021 +00:00 [INF] Fetching user data from database...
2026-06-13 13:15:53.022 +00:00 [INF] Executed DbCommand (1ms) [Parameters=[], CommandType='"Text"', CommandTimeout='30']
SELECT u."ID", u."Email", u."PasswordHash", u."RegisteredAt", u."Role", u."Username"
FROM "Users" AS u
2026-06-13 13:15:53.022 +00:00 [INF] Executed DbCommand (1ms) [Parameters=[], CommandType='"Text"', CommandTimeout='30']
SELECT u."ID", u."Email", u."PasswordHash", u."RegisteredAt", u."Role", u."Username"
FROM "Users" AS u
2026-06-13 13:15:53.022 +00:00 [INF] Executing ObjectResult, writing value of type 'System.Collections.Generic.List`1[[API.DTO.UserDTO, API, Version=1.0.0.0, Culture=neutral, PublicKeyToken=null]]'.
2026-06-13 13:15:53.023 +00:00 [INF] Executing ObjectResult, writing value of type 'System.Collections.Generic.List`1[[API.DTO.UserDTO, API, Version=1.0.0.0, Culture=neutral, PublicKeyToken=null]]'.
2026-06-13 13:15:53.023 +00:00 [INF] Executed action API.Controllers.UserController.Get (API) in 1.7058ms
2026-06-13 13:15:53.023 +00:00 [INF] Executed action API.Controllers.UserController.Get (API) in 1.9469ms
2026-06-13 13:15:53.023 +00:00 [INF] Executed endpoint 'API.Controllers.UserController.Get (API)'
2026-06-13 13:15:53.023 +00:00 [INF] Executed endpoint 'API.Controllers.UserController.Get (API)'
2026-06-13 13:15:53.023 +00:00 [INF] Request finished HTTP/1.1 GET http://192.168.1.6:8080/api/user - 200 null application/json; charset=utf-8 9.1181ms
2026-06-13 13:15:53.024 +00:00 [INF] Request finished HTTP/1.1 GET http://192.168.1.6:8080/api/user?page=1&limit=10 - 200 null application/json; charset=utf-8 9.4065ms
2026-06-13 13:15:57.008 +00:00 [INF] Application is shutting down...
2026-06-13 13:15:57.750 +00:00 [WRN] Storing keys in a directory '/home/app/.aspnet/DataProtection-Keys' that may not be persisted outside of the container. Protected data will be unavailable when container is destroyed. For more information go to https://aka.ms/aspnet/dataprotectionwarning
2026-06-13 13:15:57.774 +00:00 [INF] User profile is available. Using '/home/app/.aspnet/DataProtection-Keys' as key repository; keys will not be encrypted at rest.
2026-06-13 13:15:57.783 +00:00 [INF] Creating key {5e2b3248-38af-4f6d-8eee-04d7873b1273} with creation date 2026-06-13 13:15:57Z, activation date 2026-06-13 13:15:57Z, and expiration date 2026-09-11 13:15:57Z.
2026-06-13 13:15:57.808 +00:00 [WRN] No XML encryptor configured. Key {5e2b3248-38af-4f6d-8eee-04d7873b1273} may be persisted to storage in unencrypted form.
2026-06-13 13:15:57.810 +00:00 [INF] Writing data to file '/home/app/.aspnet/DataProtection-Keys/key-5e2b3248-38af-4f6d-8eee-04d7873b1273.xml'.
2026-06-13 13:15:57.854 +00:00 [INF] Now listening on: http://[::]:8080
2026-06-13 13:15:57.856 +00:00 [INF] Application started. Press Ctrl+C to shut down.
2026-06-13 13:15:57.856 +00:00 [INF] Hosting environment: Development
2026-06-13 13:15:57.856 +00:00 [INF] Content root path: /app
2026-06-13 13:16:03.921 +00:00 [INF] Request starting HTTP/1.1 OPTIONS http://192.168.1.6:8080/api/password/generate-password - null null
2026-06-13 13:16:03.932 +00:00 [WRN] Failed to determine the https port for redirect.
2026-06-13 13:16:03.934 +00:00 [INF] CORS policy execution successful.
2026-06-13 13:16:03.941 +00:00 [INF] Request starting HTTP/1.1 POST http://192.168.1.6:8080/api/password/generate-password - application/json 68
2026-06-13 13:16:03.943 +00:00 [INF] CORS policy execution successful.
2026-06-13 13:16:03.937 +00:00 [INF] Request finished HTTP/1.1 OPTIONS http://192.168.1.6:8080/api/password/generate-password - 204 null null 16.7295ms
2026-06-13 13:16:03.955 +00:00 [INF] ====== OnMessageReceived START ======
2026-06-13 13:16:03.957 +00:00 [INF] Available cookies: 2
2026-06-13 13:16:03.957 +00:00 [INF] Cookie: adminRefreshToken = 44 chars
2026-06-13 13:16:03.958 +00:00 [INF] Cookie: adminToken = 844 chars
2026-06-13 13:16:03.958 +00:00 [INF] Admin token found in cookies, length: 844
2026-06-13 13:16:03.958 +00:00 [INF] Admin token set in context
2026-06-13 13:16:03.958 +00:00 [INF] ====== OnMessageReceived END - Token set: true ======
2026-06-13 13:16:03.983 +00:00 [INF] Token validated successfully for user: lengyelnorbi
2026-06-13 13:16:03.983 +00:00 [INF] Device fingerprint headers - UA: Mozilla/5.0 (Windows NT 10.0; Win64; x64; rv:151.0) Gecko/20100101 Firefox/151.0, Accept: */*, Encoding: gzip, deflate
2026-06-13 13:16:03.984 +00:00 [INF] Device fingerprint validation: Stored=/a2uf4z8rcBIhIr7KGbd6aahMr80Bhj+9uyLiYNZ66A=, Current=/a2uf4z8rcBIhIr7KGbd6aahMr80Bhj+9uyLiYNZ66A=
2026-06-13 13:16:04.567 +00:00 [INF] Executed DbCommand (24ms) [Parameters=[@__jti_0='?', @__userId_1='?' (DbType = Int32)], CommandType='"Text"', CommandTimeout='30']
SELECT a."ID", a."CreatedAt", a."DeviceFingerprint", a."ExpiresAt", a."IpAddress", a."IsRevoked", a."UserID", a.jti
FROM "AccessTokens" AS a
WHERE a.jti = @__jti_0 AND a."UserID" = @__userId_1 AND NOT (a."IsRevoked") AND a."ExpiresAt" > now()
LIMIT 1
2026-06-13 13:16:04.617 +00:00 [INF] Executing endpoint 'API.Controllers.PasswordController.GeneratePassword (API)'
2026-06-13 13:16:04.628 +00:00 [INF] Route matched with {action = "GeneratePassword", controller = "Password"}. Executing controller action with signature System.Threading.Tasks.Task`1[Microsoft.AspNetCore.Mvc.IActionResult] GeneratePassword(API.Models.RequestModels.GeneratePwdRequest) on controller API.Controllers.PasswordController (API).
2026-06-13 13:16:04.658 +00:00 [INF] Executing OkObjectResult, writing value of type '<>f__AnonymousType4`1[[System.String, System.Private.CoreLib, Version=9.0.0.0, Culture=neutral, PublicKeyToken=7cec85d7bea7798e]]'.
2026-06-13 13:16:04.666 +00:00 [INF] Executed action API.Controllers.PasswordController.GeneratePassword (API) in 36.3003ms
2026-06-13 13:16:04.667 +00:00 [INF] Executed endpoint 'API.Controllers.PasswordController.GeneratePassword (API)'
2026-06-13 13:16:04.671 +00:00 [INF] Request finished HTTP/1.1 POST http://192.168.1.6:8080/api/password/generate-password - 200 null application/json; charset=utf-8 730.3036ms
2026-06-13 13:16:05.315 +00:00 [INF] Request starting HTTP/1.1 OPTIONS http://192.168.1.6:8080/api/user - null null
2026-06-13 13:16:05.315 +00:00 [INF] CORS policy execution successful.
2026-06-13 13:16:05.316 +00:00 [INF] Request finished HTTP/1.1 OPTIONS http://192.168.1.6:8080/api/user - 204 null null 1.2313ms
2026-06-13 13:16:05.318 +00:00 [INF] Request starting HTTP/1.1 POST http://192.168.1.6:8080/api/user - application/json 141
2026-06-13 13:16:05.318 +00:00 [INF] CORS policy execution successful.
2026-06-13 13:16:05.319 +00:00 [INF] ====== OnMessageReceived START ======
2026-06-13 13:16:05.320 +00:00 [INF] Available cookies: 2
2026-06-13 13:16:05.320 +00:00 [INF] Cookie: adminRefreshToken = 44 chars
2026-06-13 13:16:05.320 +00:00 [INF] Cookie: adminToken = 844 chars
2026-06-13 13:16:05.320 +00:00 [INF] Admin token found in cookies, length: 844
2026-06-13 13:16:05.320 +00:00 [INF] Admin token set in context
2026-06-13 13:16:05.321 +00:00 [INF] ====== OnMessageReceived END - Token set: true ======
2026-06-13 13:16:05.321 +00:00 [INF] Token validated successfully for user: lengyelnorbi
2026-06-13 13:16:05.321 +00:00 [INF] Device fingerprint headers - UA: Mozilla/5.0 (Windows NT 10.0; Win64; x64; rv:151.0) Gecko/20100101 Firefox/151.0, Accept: */*, Encoding: gzip, deflate
2026-06-13 13:16:05.322 +00:00 [INF] Device fingerprint validation: Stored=/a2uf4z8rcBIhIr7KGbd6aahMr80Bhj+9uyLiYNZ66A=, Current=/a2uf4z8rcBIhIr7KGbd6aahMr80Bhj+9uyLiYNZ66A=
2026-06-13 13:16:05.341 +00:00 [INF] Executed DbCommand (2ms) [Parameters=[@__jti_0='?', @__userId_1='?' (DbType = Int32)], CommandType='"Text"', CommandTimeout='30']
SELECT a."ID", a."CreatedAt", a."DeviceFingerprint", a."ExpiresAt", a."IpAddress", a."IsRevoked", a."UserID", a.jti
FROM "AccessTokens" AS a
WHERE a.jti = @__jti_0 AND a."UserID" = @__userId_1 AND NOT (a."IsRevoked") AND a."ExpiresAt" > now()
LIMIT 1
2026-06-13 13:16:05.344 +00:00 [INF] Executing endpoint 'API.Controllers.UserController.CreateUserAsync (API)'
2026-06-13 13:16:05.349 +00:00 [INF] Route matched with {action = "CreateUser", controller = "User"}. Executing controller action with signature System.Threading.Tasks.Task`1[Microsoft.AspNetCore.Mvc.IActionResult] CreateUserAsync(API.Models.RequestModels.CreateUserRequest) on controller API.Controllers.UserController (API).
2026-06-13 13:16:05.795 +00:00 [INF] Password hashed successfully
2026-06-13 13:16:05.796 +00:00 [INF] UserDTO [ID=0, Username=lengyelnorbi556_1781356563468, Email=lengyelnorbi556@gmail.com, PasswordHash=$2a$12$IbPfkTFqMe1VDKby9W7W2uUcs7y2LExhEyK11aChKcv0XWNKgdMoW, RegisteredAt=06/13/2026, Role=User, Jti=]
2026-06-13 13:16:05.796 +00:00 [INF] UserDTO [ID=0, Username=lengyelnorbi556_1781356563468, Email=lengyelnorbi556@gmail.com, PasswordHash=$2a$12$IbPfkTFqMe1VDKby9W7W2uUcs7y2LExhEyK11aChKcv0XWNKgdMoW, RegisteredAt=06/13/2026, Role=User, Jti=]
2026-06-13 13:16:05.818 +00:00 [INF] UserDTO [ID=0, Username=lengyelnorbi556_1781356563468, Email=lengyelnorbi556@gmail.com, PasswordHash=$2a$12$IbPfkTFqMe1VDKby9W7W2uUcs7y2LExhEyK11aChKcv0XWNKgdMoW, RegisteredAt=06/13/2026, Role=User, Jti=]
2026-06-13 13:16:05.863 +00:00 [INF] Executed DbCommand (5ms) [Parameters=[@p0='?', @p1='?', @p2='?' (DbType = Date), @p3='?', @p4='?'], CommandType='"Text"', CommandTimeout='30']
INSERT INTO "Users" ("Email", "PasswordHash", "RegisteredAt", "Role", "Username")
VALUES (@p0, @p1, @p2, @p3, @p4)
RETURNING "ID";
2026-06-13 13:16:05.874 +00:00 [INF] User created successfully
2026-06-13 13:16:05.875 +00:00 [INF] UserDTO [ID=3, Username=lengyelnorbi556_1781356563468, Email=lengyelnorbi556@gmail.com, PasswordHash=$2a$12$IbPfkTFqMe1VDKby9W7W2uUcs7y2LExhEyK11aChKcv0XWNKgdMoW, RegisteredAt=06/13/2026, Role=User, Jti=]
2026-06-13 13:16:05.876 +00:00 [INF] Executing ObjectResult, writing value of type 'System.String'.
2026-06-13 13:16:05.877 +00:00 [INF] Executed action API.Controllers.UserController.CreateUserAsync (API) in 527.6032ms
2026-06-13 13:16:05.877 +00:00 [INF] Executed endpoint 'API.Controllers.UserController.CreateUserAsync (API)'
2026-06-13 13:16:05.877 +00:00 [INF] Request finished HTTP/1.1 POST http://192.168.1.6:8080/api/user - 201 null text/plain; charset=utf-8 559.8291ms
2026-06-13 13:16:06.516 +00:00 [INF] Request starting HTTP/1.1 OPTIONS http://192.168.1.6:8080/api/auth/refresh - null null
2026-06-13 13:16:06.517 +00:00 [INF] CORS policy execution successful.
2026-06-13 13:16:06.517 +00:00 [INF] Request finished HTTP/1.1 OPTIONS http://192.168.1.6:8080/api/auth/refresh - 204 null null 0.8677ms
2026-06-13 13:16:06.519 +00:00 [INF] Request starting HTTP/1.1 POST http://192.168.1.6:8080/api/auth/refresh - application/json 18
2026-06-13 13:16:06.520 +00:00 [INF] CORS policy execution successful.
2026-06-13 13:16:06.521 +00:00 [INF] ====== OnMessageReceived START ======
2026-06-13 13:16:06.521 +00:00 [INF] Available cookies: 2
2026-06-13 13:16:06.522 +00:00 [INF] Cookie: adminRefreshToken = 44 chars
2026-06-13 13:16:06.522 +00:00 [INF] Cookie: adminToken = 844 chars
2026-06-13 13:16:06.522 +00:00 [INF] Admin token found in cookies, length: 844
2026-06-13 13:16:06.522 +00:00 [INF] Admin token set in context
2026-06-13 13:16:06.522 +00:00 [INF] ====== OnMessageReceived END - Token set: true ======
2026-06-13 13:16:06.523 +00:00 [INF] Token validated successfully for user: lengyelnorbi
2026-06-13 13:16:06.523 +00:00 [INF] Device fingerprint headers - UA: Mozilla/5.0 (Windows NT 10.0; Win64; x64; rv:151.0) Gecko/20100101 Firefox/151.0, Accept: */*, Encoding: gzip, deflate
2026-06-13 13:16:06.523 +00:00 [INF] Device fingerprint validation: Stored=/a2uf4z8rcBIhIr7KGbd6aahMr80Bhj+9uyLiYNZ66A=, Current=/a2uf4z8rcBIhIr7KGbd6aahMr80Bhj+9uyLiYNZ66A=
2026-06-13 13:16:06.553 +00:00 [INF] Executed DbCommand (2ms) [Parameters=[@__jti_0='?', @__userId_1='?' (DbType = Int32)], CommandType='"Text"', CommandTimeout='30']
SELECT a."ID", a."CreatedAt", a."DeviceFingerprint", a."ExpiresAt", a."IpAddress", a."IsRevoked", a."UserID", a.jti
FROM "AccessTokens" AS a
WHERE a.jti = @__jti_0 AND a."UserID" = @__userId_1 AND NOT (a."IsRevoked") AND a."ExpiresAt" > now()
LIMIT 1
2026-06-13 13:16:06.554 +00:00 [INF] Executing endpoint 'API.Controllers.AuthController.RefreshToken (API)'
2026-06-13 13:16:06.556 +00:00 [INF] Route matched with {action = "RefreshToken", controller = "Auth"}. Executing controller action with signature System.Threading.Tasks.Task`1[Microsoft.AspNetCore.Mvc.IActionResult] RefreshToken(API.Models.RequestModels.RefreshRequest) on controller API.Controllers.AuthController (API).
2026-06-13 13:16:06.559 +00:00 [INF] Token refresh attempt at "2026-06-13T13:16:06.5590428Z"
2026-06-13 13:16:06.559 +00:00 [INF] Refreshing admin token at "2026-06-13T13:16:06.5596458Z"
2026-06-13 13:16:06.567 +00:00 [INF] Executed DbCommand (2ms) [Parameters=[@__tokenHash_0='?'], CommandType='"Text"', CommandTimeout='30']
SELECT r."ID", r."CreatedAt", r."DeviceFingerprint", r."ExpiresAt", r."IpAddress", r."IsRevoked", r."TokenHash", r."UserID"
FROM "RefreshTokens" AS r
WHERE r."TokenHash" = @__tokenHash_0 AND NOT (r."IsRevoked") AND r."ExpiresAt" > now()
ORDER BY r."CreatedAt" DESC
LIMIT 1
2026-06-13 13:16:06.573 +00:00 [INF] Mozilla/5.0 (Windows NT 10.0; Win64; x64; rv:151.0) Gecko/20100101 Firefox/151.0
2026-06-13 13:16:06.577 +00:00 [INF] Fetching user by ID from database...
2026-06-13 13:16:06.585 +00:00 [INF] Executed DbCommand (2ms) [Parameters=[@__id_0='?' (DbType = Int32)], CommandType='"Text"', CommandTimeout='30']
SELECT u."ID", u."Email", u."PasswordHash", u."RegisteredAt", u."Role", u."Username"
FROM "Users" AS u
WHERE u."ID" = @__id_0
LIMIT 1
2026-06-13 13:16:06.600 +00:00 [INF] Executed DbCommand (3ms) [Parameters=[@p0='?' (DbType = DateTime), @p1='?', @p2='?' (DbType = DateTime), @p3='?', @p4='?' (DbType = Int32), @p5='?'], CommandType='"Text"', CommandTimeout='30']
INSERT INTO "AccessTokens" ("CreatedAt", "DeviceFingerprint", "ExpiresAt", "IpAddress", "UserID", jti)
VALUES (@p0, @p1, @p2, @p3, @p4, @p5)
RETURNING "ID", "IsRevoked";
2026-06-13 13:16:06.610 +00:00 [INF] Executed DbCommand (2ms) [Parameters=[@__jti_0='?', @__userID_1='?' (DbType = Int32), @__deviceFingerprint_2='?', @__ipAddress_3='?'], CommandType='"Text"', CommandTimeout='30']
SELECT a."ID", a."CreatedAt", a."DeviceFingerprint", a."ExpiresAt", a."IpAddress", a."IsRevoked", a."UserID", a.jti
FROM "AccessTokens" AS a
WHERE a.jti = @__jti_0 AND a."UserID" = @__userID_1 AND a."DeviceFingerprint" = @__deviceFingerprint_2 AND a."IpAddress" = @__ipAddress_3
LIMIT 1
2026-06-13 13:16:06.610 +00:00 [INF] Attempting to revoke access token with jti 76aee30c-8848-43e7-a81b-65996f84c486 for user 1 from device /a2uf4z8rcBIhIr7KGbd6aahMr80Bhj+9uyLiYNZ66A= and IP ::ffff:172.20.0.1
2026-06-13 13:16:06.611 +00:00 [INF] Access token found: API.Models.AccessToken
2026-06-13 13:16:06.615 +00:00 [INF] Executed DbCommand (2ms) [Parameters=[@p1='?' (DbType = Int32), @p0='?' (DbType = Boolean)], CommandType='"Text"', CommandTimeout='30']
UPDATE "AccessTokens" SET "IsRevoked" = @p0
WHERE "ID" = @p1;
2026-06-13 13:16:06.616 +00:00 [INF] Access token AccessToken for user 1 revoked: true
2026-06-13 13:16:06.619 +00:00 [INF] Executed DbCommand (2ms) [Parameters=[@p0='?' (DbType = DateTime), @p1='?', @p2='?' (DbType = DateTime), @p3='?', @p4='?', @p5='?' (DbType = Int32)], CommandType='"Text"', CommandTimeout='30']
INSERT INTO "RefreshTokens" ("CreatedAt", "DeviceFingerprint", "ExpiresAt", "IpAddress", "TokenHash", "UserID")
VALUES (@p0, @p1, @p2, @p3, @p4, @p5)
RETURNING "ID", "IsRevoked";
2026-06-13 13:16:06.625 +00:00 [INF] Executed DbCommand (1ms) [Parameters=[@__tokenHash_0='?', @__userId_1='?' (DbType = Int32), @__deviceFingerprint_2='?', @__ipAddress_3='?'], CommandType='"Text"', CommandTimeout='30']
SELECT r."ID", r."CreatedAt", r."DeviceFingerprint", r."ExpiresAt", r."IpAddress", r."IsRevoked", r."TokenHash", r."UserID"
FROM "RefreshTokens" AS r
WHERE r."TokenHash" = @__tokenHash_0 AND r."UserID" = @__userId_1 AND r."DeviceFingerprint" = @__deviceFingerprint_2 AND r."IpAddress" = @__ipAddress_3
LIMIT 1
2026-06-13 13:16:06.628 +00:00 [INF] Executed DbCommand (2ms) [Parameters=[@p1='?' (DbType = Int32), @p0='?' (DbType = Boolean)], CommandType='"Text"', CommandTimeout='30']
UPDATE "RefreshTokens" SET "IsRevoked" = @p0
WHERE "ID" = @p1;
2026-06-13 13:16:06.628 +00:00 [INF] Refresh token xPboZjVe3ODxWqLv1jJTCrGHwx2HruzewJ+vK6x8RYE= for user 1 revoked: true
2026-06-13 13:16:06.630 +00:00 [INF] Token refreshed successfully for user 1 at "2026-06-13T13:16:06.6304222Z"
2026-06-13 13:16:06.630 +00:00 [INF] Executing OkObjectResult, writing value of type '<>f__AnonymousType3`2[[System.Boolean, System.Private.CoreLib, Version=9.0.0.0, Culture=neutral, PublicKeyToken=7cec85d7bea7798e],[System.Int32, System.Private.CoreLib, Version=9.0.0.0, Culture=neutral, PublicKeyToken=7cec85d7bea7798e]]'.
2026-06-13 13:16:06.633 +00:00 [INF] Executed action API.Controllers.AuthController.RefreshToken (API) in 76.812ms
2026-06-13 13:16:06.634 +00:00 [INF] Executed endpoint 'API.Controllers.AuthController.RefreshToken (API)'
2026-06-13 13:16:06.634 +00:00 [INF] Request finished HTTP/1.1 POST http://192.168.1.6:8080/api/auth/refresh - 200 null application/json; charset=utf-8 114.422ms
2026-06-13 13:16:10.793 +00:00 [INF] Request starting HTTP/1.1 GET http://192.168.1.6:8080/api/user?page=1&limit=10 - null null
2026-06-13 13:16:10.794 +00:00 [INF] CORS policy execution successful.
2026-06-13 13:16:10.794 +00:00 [INF] ====== OnMessageReceived START ======
2026-06-13 13:16:10.794 +00:00 [INF] Request starting HTTP/1.1 GET http://192.168.1.6:8080/api/user - null null
2026-06-13 13:16:10.795 +00:00 [INF] Available cookies: 2
2026-06-13 13:16:10.796 +00:00 [INF] CORS policy execution successful.
2026-06-13 13:16:10.796 +00:00 [INF] Cookie: adminRefreshToken = 44 chars
2026-06-13 13:16:10.796 +00:00 [INF] ====== OnMessageReceived START ======
2026-06-13 13:16:10.796 +00:00 [INF] Cookie: adminToken = 844 chars
2026-06-13 13:16:10.797 +00:00 [INF] Available cookies: 2
2026-06-13 13:16:10.797 +00:00 [INF] Admin token found in cookies, length: 844
2026-06-13 13:16:10.797 +00:00 [INF] Cookie: adminRefreshToken = 44 chars
2026-06-13 13:16:10.797 +00:00 [INF] Admin token set in context
2026-06-13 13:16:10.797 +00:00 [INF] Cookie: adminToken = 844 chars
2026-06-13 13:16:10.797 +00:00 [INF] ====== OnMessageReceived END - Token set: true ======
2026-06-13 13:16:10.798 +00:00 [INF] Admin token found in cookies, length: 844
2026-06-13 13:16:10.798 +00:00 [INF] Admin token set in context
2026-06-13 13:16:10.798 +00:00 [INF] Token validated successfully for user: lengyelnorbi
2026-06-13 13:16:10.798 +00:00 [INF] ====== OnMessageReceived END - Token set: true ======
2026-06-13 13:16:10.798 +00:00 [INF] Device fingerprint headers - UA: Mozilla/5.0 (Windows NT 10.0; Win64; x64; rv:151.0) Gecko/20100101 Firefox/151.0, Accept: application/json, text/plain, */*, Encoding: gzip, deflate
2026-06-13 13:16:10.798 +00:00 [INF] Token validated successfully for user: lengyelnorbi
2026-06-13 13:16:10.798 +00:00 [INF] Device fingerprint validation: Stored=/a2uf4z8rcBIhIr7KGbd6aahMr80Bhj+9uyLiYNZ66A=, Current=/a2uf4z8rcBIhIr7KGbd6aahMr80Bhj+9uyLiYNZ66A=
2026-06-13 13:16:10.798 +00:00 [INF] Device fingerprint headers - UA: Mozilla/5.0 (Windows NT 10.0; Win64; x64; rv:151.0) Gecko/20100101 Firefox/151.0, Accept: application/json, text/plain, */*, Encoding: gzip, deflate
2026-06-13 13:16:10.799 +00:00 [INF] Device fingerprint validation: Stored=/a2uf4z8rcBIhIr7KGbd6aahMr80Bhj+9uyLiYNZ66A=, Current=/a2uf4z8rcBIhIr7KGbd6aahMr80Bhj+9uyLiYNZ66A=
2026-06-13 13:16:10.802 +00:00 [INF] Executed DbCommand (2ms) [Parameters=[@__jti_0='?', @__userId_1='?' (DbType = Int32)], CommandType='"Text"', CommandTimeout='30']
SELECT a."ID", a."CreatedAt", a."DeviceFingerprint", a."ExpiresAt", a."IpAddress", a."IsRevoked", a."UserID", a.jti
FROM "AccessTokens" AS a
WHERE a.jti = @__jti_0 AND a."UserID" = @__userId_1 AND NOT (a."IsRevoked") AND a."ExpiresAt" > now()
LIMIT 1
2026-06-13 13:16:10.802 +00:00 [INF] Executing endpoint 'API.Controllers.UserController.Get (API)'
2026-06-13 13:16:10.804 +00:00 [INF] Route matched with {action = "Get", controller = "User"}. Executing controller action with signature System.Threading.Tasks.Task`1[System.Collections.Generic.IEnumerable`1[API.DTO.UserDTO]] Get() on controller API.Controllers.UserController (API).
2026-06-13 13:16:10.805 +00:00 [INF] Fetching user data from database...
2026-06-13 13:16:10.810 +00:00 [INF] Executed DbCommand (1ms) [Parameters=[], CommandType='"Text"', CommandTimeout='30']
SELECT u."ID", u."Email", u."PasswordHash", u."RegisteredAt", u."Role", u."Username"
FROM "Users" AS u
2026-06-13 13:16:10.810 +00:00 [INF] Executed DbCommand (2ms) [Parameters=[@__jti_0='?', @__userId_1='?' (DbType = Int32)], CommandType='"Text"', CommandTimeout='30']
SELECT a."ID", a."CreatedAt", a."DeviceFingerprint", a."ExpiresAt", a."IpAddress", a."IsRevoked", a."UserID", a.jti
FROM "AccessTokens" AS a
WHERE a.jti = @__jti_0 AND a."UserID" = @__userId_1 AND NOT (a."IsRevoked") AND a."ExpiresAt" > now()
LIMIT 1
2026-06-13 13:16:10.811 +00:00 [INF] Executing endpoint 'API.Controllers.UserController.Get (API)'
2026-06-13 13:16:10.811 +00:00 [INF] Route matched with {action = "Get", controller = "User"}. Executing controller action with signature System.Threading.Tasks.Task`1[System.Collections.Generic.IEnumerable`1[API.DTO.UserDTO]] Get() on controller API.Controllers.UserController (API).
2026-06-13 13:16:10.811 +00:00 [INF] Fetching user data from database...
2026-06-13 13:16:10.812 +00:00 [INF] Executing ObjectResult, writing value of type 'System.Collections.Generic.List`1[[API.DTO.UserDTO, API, Version=1.0.0.0, Culture=neutral, PublicKeyToken=null]]'.
2026-06-13 13:16:10.813 +00:00 [INF] Executed DbCommand (1ms) [Parameters=[], CommandType='"Text"', CommandTimeout='30']
SELECT u."ID", u."Email", u."PasswordHash", u."RegisteredAt", u."Role", u."Username"
FROM "Users" AS u
2026-06-13 13:16:10.814 +00:00 [INF] Executing ObjectResult, writing value of type 'System.Collections.Generic.List`1[[API.DTO.UserDTO, API, Version=1.0.0.0, Culture=neutral, PublicKeyToken=null]]'.
2026-06-13 13:16:10.821 +00:00 [INF] Executed action API.Controllers.UserController.Get (API) in 16.8704ms
2026-06-13 13:16:10.821 +00:00 [INF] Executed action API.Controllers.UserController.Get (API) in 9.7847ms
2026-06-13 13:16:10.821 +00:00 [INF] Executed endpoint 'API.Controllers.UserController.Get (API)'
2026-06-13 13:16:10.822 +00:00 [INF] Executed endpoint 'API.Controllers.UserController.Get (API)'
2026-06-13 13:16:10.822 +00:00 [INF] Request finished HTTP/1.1 GET http://192.168.1.6:8080/api/user?page=1&limit=10 - 200 null application/json; charset=utf-8 28.9583ms
2026-06-13 13:16:10.822 +00:00 [INF] Request finished HTTP/1.1 GET http://192.168.1.6:8080/api/user - 200 null application/json; charset=utf-8 27.7701ms
2026-06-13 13:16:16.328 +00:00 [INF] Request starting HTTP/1.1 GET http://192.168.1.6:8080/api/user?page=1&limit=10 - null null
2026-06-13 13:16:16.328 +00:00 [INF] CORS policy execution successful.
2026-06-13 13:16:16.328 +00:00 [INF] ====== OnMessageReceived START ======
2026-06-13 13:16:16.328 +00:00 [INF] Available cookies: 2
2026-06-13 13:16:16.329 +00:00 [INF] Cookie: adminRefreshToken = 44 chars
2026-06-13 13:16:16.329 +00:00 [INF] Cookie: adminToken = 844 chars
2026-06-13 13:16:16.329 +00:00 [INF] Admin token found in cookies, length: 844
2026-06-13 13:16:16.329 +00:00 [INF] Admin token set in context
2026-06-13 13:16:16.329 +00:00 [INF] ====== OnMessageReceived END - Token set: true ======
2026-06-13 13:16:16.329 +00:00 [INF] Token validated successfully for user: lengyelnorbi
2026-06-13 13:16:16.330 +00:00 [INF] Device fingerprint headers - UA: Mozilla/5.0 (Windows NT 10.0; Win64; x64; rv:151.0) Gecko/20100101 Firefox/151.0, Accept: application/json, text/plain, */*, Encoding: gzip, deflate
2026-06-13 13:16:16.330 +00:00 [INF] Device fingerprint validation: Stored=/a2uf4z8rcBIhIr7KGbd6aahMr80Bhj+9uyLiYNZ66A=, Current=/a2uf4z8rcBIhIr7KGbd6aahMr80Bhj+9uyLiYNZ66A=
2026-06-13 13:16:16.331 +00:00 [INF] Request starting HTTP/1.1 GET http://192.168.1.6:8080/api/user - null null
2026-06-13 13:16:16.332 +00:00 [INF] CORS policy execution successful.
2026-06-13 13:16:16.332 +00:00 [INF] ====== OnMessageReceived START ======
2026-06-13 13:16:16.332 +00:00 [INF] Available cookies: 2
2026-06-13 13:16:16.332 +00:00 [INF] Cookie: adminRefreshToken = 44 chars
2026-06-13 13:16:16.332 +00:00 [INF] Executed DbCommand (1ms) [Parameters=[@__jti_0='?', @__userId_1='?' (DbType = Int32)], CommandType='"Text"', CommandTimeout='30']
SELECT a."ID", a."CreatedAt", a."DeviceFingerprint", a."ExpiresAt", a."IpAddress", a."IsRevoked", a."UserID", a.jti
FROM "AccessTokens" AS a
WHERE a.jti = @__jti_0 AND a."UserID" = @__userId_1 AND NOT (a."IsRevoked") AND a."ExpiresAt" > now()
LIMIT 1
2026-06-13 13:16:16.332 +00:00 [INF] Cookie: adminToken = 844 chars
2026-06-13 13:16:16.332 +00:00 [INF] Admin token found in cookies, length: 844
2026-06-13 13:16:16.333 +00:00 [INF] Executing endpoint 'API.Controllers.UserController.Get (API)'
2026-06-13 13:16:16.333 +00:00 [INF] Admin token set in context
2026-06-13 13:16:16.333 +00:00 [INF] Route matched with {action = "Get", controller = "User"}. Executing controller action with signature System.Threading.Tasks.Task`1[System.Collections.Generic.IEnumerable`1[API.DTO.UserDTO]] Get() on controller API.Controllers.UserController (API).
2026-06-13 13:16:16.333 +00:00 [INF] ====== OnMessageReceived END - Token set: true ======
2026-06-13 13:16:16.333 +00:00 [INF] Fetching user data from database...
2026-06-13 13:16:16.333 +00:00 [INF] Token validated successfully for user: lengyelnorbi
2026-06-13 13:16:16.333 +00:00 [INF] Device fingerprint headers - UA: Mozilla/5.0 (Windows NT 10.0; Win64; x64; rv:151.0) Gecko/20100101 Firefox/151.0, Accept: application/json, text/plain, */*, Encoding: gzip, deflate
2026-06-13 13:16:16.334 +00:00 [INF] Device fingerprint validation: Stored=/a2uf4z8rcBIhIr7KGbd6aahMr80Bhj+9uyLiYNZ66A=, Current=/a2uf4z8rcBIhIr7KGbd6aahMr80Bhj+9uyLiYNZ66A=
2026-06-13 13:16:16.334 +00:00 [INF] Executed DbCommand (1ms) [Parameters=[], CommandType='"Text"', CommandTimeout='30']
SELECT u."ID", u."Email", u."PasswordHash", u."RegisteredAt", u."Role", u."Username"
FROM "Users" AS u
2026-06-13 13:16:16.335 +00:00 [INF] Executing ObjectResult, writing value of type 'System.Collections.Generic.List`1[[API.DTO.UserDTO, API, Version=1.0.0.0, Culture=neutral, PublicKeyToken=null]]'.
2026-06-13 13:16:16.335 +00:00 [INF] Executed action API.Controllers.UserController.Get (API) in 2.1283ms
2026-06-13 13:16:16.335 +00:00 [INF] Executed DbCommand (1ms) [Parameters=[@__jti_0='?', @__userId_1='?' (DbType = Int32)], CommandType='"Text"', CommandTimeout='30']
SELECT a."ID", a."CreatedAt", a."DeviceFingerprint", a."ExpiresAt", a."IpAddress", a."IsRevoked", a."UserID", a.jti
FROM "AccessTokens" AS a
WHERE a.jti = @__jti_0 AND a."UserID" = @__userId_1 AND NOT (a."IsRevoked") AND a."ExpiresAt" > now()
LIMIT 1
2026-06-13 13:16:16.335 +00:00 [INF] Executed endpoint 'API.Controllers.UserController.Get (API)'
2026-06-13 13:16:16.336 +00:00 [INF] Executing endpoint 'API.Controllers.UserController.Get (API)'
2026-06-13 13:16:16.336 +00:00 [INF] Request finished HTTP/1.1 GET http://192.168.1.6:8080/api/user?page=1&limit=10 - 200 null application/json; charset=utf-8 8.1642ms
2026-06-13 13:16:16.336 +00:00 [INF] Route matched with {action = "Get", controller = "User"}. Executing controller action with signature System.Threading.Tasks.Task`1[System.Collections.Generic.IEnumerable`1[API.DTO.UserDTO]] Get() on controller API.Controllers.UserController (API).
2026-06-13 13:16:16.336 +00:00 [INF] Fetching user data from database...
2026-06-13 13:16:16.337 +00:00 [INF] Executed DbCommand (1ms) [Parameters=[], CommandType='"Text"', CommandTimeout='30']
SELECT u."ID", u."Email", u."PasswordHash", u."RegisteredAt", u."Role", u."Username"
FROM "Users" AS u
2026-06-13 13:16:16.338 +00:00 [INF] Executing ObjectResult, writing value of type 'System.Collections.Generic.List`1[[API.DTO.UserDTO, API, Version=1.0.0.0, Culture=neutral, PublicKeyToken=null]]'.
2026-06-13 13:16:16.338 +00:00 [INF] Executed action API.Controllers.UserController.Get (API) in 1.8551ms
2026-06-13 13:16:16.338 +00:00 [INF] Executed endpoint 'API.Controllers.UserController.Get (API)'
2026-06-13 13:16:16.338 +00:00 [INF] Request finished HTTP/1.1 GET http://192.168.1.6:8080/api/user - 200 null application/json; charset=utf-8 7.0486ms
2026-06-13 13:16:25.092 +00:00 [INF] Request starting HTTP/1.1 OPTIONS http://192.168.1.6:8080/api/password/generate-password - null null
2026-06-13 13:16:25.094 +00:00 [INF] CORS policy execution successful.
2026-06-13 13:16:25.094 +00:00 [INF] Request finished HTTP/1.1 OPTIONS http://192.168.1.6:8080/api/password/generate-password - 204 null null 2.8455ms
2026-06-13 13:16:25.096 +00:00 [INF] Request starting HTTP/1.1 POST http://192.168.1.6:8080/api/password/generate-password - application/json 69
2026-06-13 13:16:25.096 +00:00 [INF] CORS policy execution successful.
2026-06-13 13:16:25.096 +00:00 [INF] ====== OnMessageReceived START ======
2026-06-13 13:16:25.097 +00:00 [INF] Available cookies: 2
2026-06-13 13:16:25.097 +00:00 [INF] Cookie: adminRefreshToken = 44 chars
2026-06-13 13:16:25.097 +00:00 [INF] Cookie: adminToken = 844 chars
2026-06-13 13:16:25.097 +00:00 [INF] Admin token found in cookies, length: 844
2026-06-13 13:16:25.097 +00:00 [INF] Admin token set in context
2026-06-13 13:16:25.097 +00:00 [INF] ====== OnMessageReceived END - Token set: true ======
2026-06-13 13:16:25.098 +00:00 [INF] Token validated successfully for user: lengyelnorbi
2026-06-13 13:16:25.098 +00:00 [INF] Device fingerprint headers - UA: Mozilla/5.0 (Windows NT 10.0; Win64; x64; rv:151.0) Gecko/20100101 Firefox/151.0, Accept: */*, Encoding: gzip, deflate
2026-06-13 13:16:25.098 +00:00 [INF] Device fingerprint validation: Stored=/a2uf4z8rcBIhIr7KGbd6aahMr80Bhj+9uyLiYNZ66A=, Current=/a2uf4z8rcBIhIr7KGbd6aahMr80Bhj+9uyLiYNZ66A=
2026-06-13 13:16:25.100 +00:00 [INF] Executed DbCommand (1ms) [Parameters=[@__jti_0='?', @__userId_1='?' (DbType = Int32)], CommandType='"Text"', CommandTimeout='30']
SELECT a."ID", a."CreatedAt", a."DeviceFingerprint", a."ExpiresAt", a."IpAddress", a."IsRevoked", a."UserID", a.jti
FROM "AccessTokens" AS a
WHERE a.jti = @__jti_0 AND a."UserID" = @__userId_1 AND NOT (a."IsRevoked") AND a."ExpiresAt" > now()
LIMIT 1
2026-06-13 13:16:25.101 +00:00 [INF] Executing endpoint 'API.Controllers.PasswordController.GeneratePassword (API)'
2026-06-13 13:16:25.101 +00:00 [INF] Route matched with {action = "GeneratePassword", controller = "Password"}. Executing controller action with signature System.Threading.Tasks.Task`1[Microsoft.AspNetCore.Mvc.IActionResult] GeneratePassword(API.Models.RequestModels.GeneratePwdRequest) on controller API.Controllers.PasswordController (API).
2026-06-13 13:16:25.102 +00:00 [INF] Executing OkObjectResult, writing value of type '<>f__AnonymousType4`1[[System.String, System.Private.CoreLib, Version=9.0.0.0, Culture=neutral, PublicKeyToken=7cec85d7bea7798e]]'.
2026-06-13 13:16:25.102 +00:00 [INF] Executed action API.Controllers.PasswordController.GeneratePassword (API) in 0.936ms
2026-06-13 13:16:25.102 +00:00 [INF] Executed endpoint 'API.Controllers.PasswordController.GeneratePassword (API)'
2026-06-13 13:16:25.103 +00:00 [INF] Request finished HTTP/1.1 POST http://192.168.1.6:8080/api/password/generate-password - 200 null application/json; charset=utf-8 6.5579ms
2026-06-13 13:20:39.018 +00:00 [INF] Request starting HTTP/1.1 OPTIONS http://192.168.1.6:8080/api/auth/refresh - null null
2026-06-13 13:20:39.018 +00:00 [INF] CORS policy execution successful.
2026-06-13 13:20:39.018 +00:00 [INF] Request finished HTTP/1.1 OPTIONS http://192.168.1.6:8080/api/auth/refresh - 204 null null 0.704ms
2026-06-13 13:20:39.021 +00:00 [INF] Request starting HTTP/1.1 POST http://192.168.1.6:8080/api/auth/refresh - application/json 18
2026-06-13 13:20:39.021 +00:00 [INF] CORS policy execution successful.
2026-06-13 13:20:39.021 +00:00 [INF] ====== OnMessageReceived START ======
2026-06-13 13:20:39.021 +00:00 [INF] Available cookies: 2
2026-06-13 13:20:39.022 +00:00 [INF] Cookie: adminRefreshToken = 44 chars
2026-06-13 13:20:39.022 +00:00 [INF] Cookie: adminToken = 844 chars
2026-06-13 13:20:39.022 +00:00 [INF] Admin token found in cookies, length: 844
2026-06-13 13:20:39.022 +00:00 [INF] Admin token set in context
2026-06-13 13:20:39.022 +00:00 [INF] ====== OnMessageReceived END - Token set: true ======
2026-06-13 13:20:39.023 +00:00 [INF] Token validated successfully for user: lengyelnorbi
2026-06-13 13:20:39.023 +00:00 [INF] Device fingerprint headers - UA: Mozilla/5.0 (Windows NT 10.0; Win64; x64; rv:151.0) Gecko/20100101 Firefox/151.0, Accept: */*, Encoding: gzip, deflate
2026-06-13 13:20:39.023 +00:00 [INF] Device fingerprint validation: Stored=/a2uf4z8rcBIhIr7KGbd6aahMr80Bhj+9uyLiYNZ66A=, Current=/a2uf4z8rcBIhIr7KGbd6aahMr80Bhj+9uyLiYNZ66A=
2026-06-13 13:20:39.025 +00:00 [INF] Executed DbCommand (1ms) [Parameters=[@__jti_0='?', @__userId_1='?' (DbType = Int32)], CommandType='"Text"', CommandTimeout='30']
SELECT a."ID", a."CreatedAt", a."DeviceFingerprint", a."ExpiresAt", a."IpAddress", a."IsRevoked", a."UserID", a.jti
FROM "AccessTokens" AS a
WHERE a.jti = @__jti_0 AND a."UserID" = @__userId_1 AND NOT (a."IsRevoked") AND a."ExpiresAt" > now()
LIMIT 1
2026-06-13 13:20:39.025 +00:00 [INF] Executing endpoint 'API.Controllers.AuthController.RefreshToken (API)'
2026-06-13 13:20:39.026 +00:00 [INF] Route matched with {action = "RefreshToken", controller = "Auth"}. Executing controller action with signature System.Threading.Tasks.Task`1[Microsoft.AspNetCore.Mvc.IActionResult] RefreshToken(API.Models.RequestModels.RefreshRequest) on controller API.Controllers.AuthController (API).
2026-06-13 13:20:39.026 +00:00 [INF] Token refresh attempt at "2026-06-13T13:20:39.0266418Z"
2026-06-13 13:20:39.026 +00:00 [INF] Refreshing admin token at "2026-06-13T13:20:39.0268434Z"
2026-06-13 13:20:39.028 +00:00 [INF] Executed DbCommand (1ms) [Parameters=[@__tokenHash_0='?'], CommandType='"Text"', CommandTimeout='30']
SELECT r."ID", r."CreatedAt", r."DeviceFingerprint", r."ExpiresAt", r."IpAddress", r."IsRevoked", r."TokenHash", r."UserID"
FROM "RefreshTokens" AS r
WHERE r."TokenHash" = @__tokenHash_0 AND NOT (r."IsRevoked") AND r."ExpiresAt" > now()
ORDER BY r."CreatedAt" DESC
LIMIT 1
2026-06-13 13:20:39.028 +00:00 [INF] Mozilla/5.0 (Windows NT 10.0; Win64; x64; rv:151.0) Gecko/20100101 Firefox/151.0
2026-06-13 13:20:39.029 +00:00 [INF] Fetching user by ID from database...
2026-06-13 13:20:39.030 +00:00 [INF] Executed DbCommand (1ms) [Parameters=[@__id_0='?' (DbType = Int32)], CommandType='"Text"', CommandTimeout='30']
SELECT u."ID", u."Email", u."PasswordHash", u."RegisteredAt", u."Role", u."Username"
FROM "Users" AS u
WHERE u."ID" = @__id_0
LIMIT 1
2026-06-13 13:20:39.033 +00:00 [INF] Executed DbCommand (2ms) [Parameters=[@p0='?' (DbType = DateTime), @p1='?', @p2='?' (DbType = DateTime), @p3='?', @p4='?' (DbType = Int32), @p5='?'], CommandType='"Text"', CommandTimeout='30']
INSERT INTO "AccessTokens" ("CreatedAt", "DeviceFingerprint", "ExpiresAt", "IpAddress", "UserID", jti)
VALUES (@p0, @p1, @p2, @p3, @p4, @p5)
RETURNING "ID", "IsRevoked";
2026-06-13 13:20:39.034 +00:00 [INF] Executed DbCommand (1ms) [Parameters=[@__jti_0='?', @__userID_1='?' (DbType = Int32), @__deviceFingerprint_2='?', @__ipAddress_3='?'], CommandType='"Text"', CommandTimeout='30']
SELECT a."ID", a."CreatedAt", a."DeviceFingerprint", a."ExpiresAt", a."IpAddress", a."IsRevoked", a."UserID", a.jti
FROM "AccessTokens" AS a
WHERE a.jti = @__jti_0 AND a."UserID" = @__userID_1 AND a."DeviceFingerprint" = @__deviceFingerprint_2 AND a."IpAddress" = @__ipAddress_3
LIMIT 1
2026-06-13 13:20:39.034 +00:00 [INF] Attempting to revoke access token with jti 86d50373-f84b-450c-a000-87bcb9adb4f1 for user 1 from device /a2uf4z8rcBIhIr7KGbd6aahMr80Bhj+9uyLiYNZ66A= and IP ::ffff:172.20.0.1
2026-06-13 13:20:39.034 +00:00 [INF] Access token found: API.Models.AccessToken
2026-06-13 13:20:39.036 +00:00 [INF] Executed DbCommand (1ms) [Parameters=[@p1='?' (DbType = Int32), @p0='?' (DbType = Boolean)], CommandType='"Text"', CommandTimeout='30']
UPDATE "AccessTokens" SET "IsRevoked" = @p0
WHERE "ID" = @p1;
2026-06-13 13:20:39.037 +00:00 [INF] Access token AccessToken for user 1 revoked: true
2026-06-13 13:20:39.039 +00:00 [INF] Executed DbCommand (2ms) [Parameters=[@p0='?' (DbType = DateTime), @p1='?', @p2='?' (DbType = DateTime), @p3='?', @p4='?', @p5='?' (DbType = Int32)], CommandType='"Text"', CommandTimeout='30']
INSERT INTO "RefreshTokens" ("CreatedAt", "DeviceFingerprint", "ExpiresAt", "IpAddress", "TokenHash", "UserID")
VALUES (@p0, @p1, @p2, @p3, @p4, @p5)
RETURNING "ID", "IsRevoked";
2026-06-13 13:20:39.040 +00:00 [INF] Executed DbCommand (1ms) [Parameters=[@__tokenHash_0='?', @__userId_1='?' (DbType = Int32), @__deviceFingerprint_2='?', @__ipAddress_3='?'], CommandType='"Text"', CommandTimeout='30']
SELECT r."ID", r."CreatedAt", r."DeviceFingerprint", r."ExpiresAt", r."IpAddress", r."IsRevoked", r."TokenHash", r."UserID"
FROM "RefreshTokens" AS r
WHERE r."TokenHash" = @__tokenHash_0 AND r."UserID" = @__userId_1 AND r."DeviceFingerprint" = @__deviceFingerprint_2 AND r."IpAddress" = @__ipAddress_3
LIMIT 1
2026-06-13 13:20:39.042 +00:00 [INF] Executed DbCommand (1ms) [Parameters=[@p1='?' (DbType = Int32), @p0='?' (DbType = Boolean)], CommandType='"Text"', CommandTimeout='30']
UPDATE "RefreshTokens" SET "IsRevoked" = @p0
WHERE "ID" = @p1;
2026-06-13 13:20:39.042 +00:00 [INF] Refresh token 4uP85rELxXHXbRIpCbnXIWK92BznV7LkENd++Fj6rxk= for user 1 revoked: true
2026-06-13 13:20:39.043 +00:00 [INF] Token refreshed successfully for user 1 at "2026-06-13T13:20:39.0431669Z"
2026-06-13 13:20:39.043 +00:00 [INF] Executing OkObjectResult, writing value of type '<>f__AnonymousType3`2[[System.Boolean, System.Private.CoreLib, Version=9.0.0.0, Culture=neutral, PublicKeyToken=7cec85d7bea7798e],[System.Int32, System.Private.CoreLib, Version=9.0.0.0, Culture=neutral, PublicKeyToken=7cec85d7bea7798e]]'.
2026-06-13 13:20:39.043 +00:00 [INF] Executed action API.Controllers.AuthController.RefreshToken (API) in 17.1935ms
2026-06-13 13:20:39.043 +00:00 [INF] Executed endpoint 'API.Controllers.AuthController.RefreshToken (API)'
2026-06-13 13:20:39.043 +00:00 [INF] Request finished HTTP/1.1 POST http://192.168.1.6:8080/api/auth/refresh - 200 null application/json; charset=utf-8 22.5279ms
2026-06-13 13:25:10.096 +00:00 [INF] Request starting HTTP/1.1 OPTIONS http://192.168.1.6:8080/api/auth/refresh - null null
2026-06-13 13:25:10.097 +00:00 [INF] CORS policy execution successful.
2026-06-13 13:25:10.097 +00:00 [INF] Request finished HTTP/1.1 OPTIONS http://192.168.1.6:8080/api/auth/refresh - 204 null null 0.7032ms
2026-06-13 13:25:10.099 +00:00 [INF] Request starting HTTP/1.1 POST http://192.168.1.6:8080/api/auth/refresh - application/json 18
2026-06-13 13:25:10.100 +00:00 [INF] CORS policy execution successful.
2026-06-13 13:25:10.100 +00:00 [INF] ====== OnMessageReceived START ======
2026-06-13 13:25:10.100 +00:00 [INF] Available cookies: 2
2026-06-13 13:25:10.100 +00:00 [INF] Cookie: adminRefreshToken = 44 chars
2026-06-13 13:25:10.100 +00:00 [INF] Cookie: adminToken = 844 chars
2026-06-13 13:25:10.100 +00:00 [INF] Admin token found in cookies, length: 844
2026-06-13 13:25:10.100 +00:00 [INF] Admin token set in context
2026-06-13 13:25:10.101 +00:00 [INF] ====== OnMessageReceived END - Token set: true ======
2026-06-13 13:25:10.101 +00:00 [INF] Token validated successfully for user: lengyelnorbi
2026-06-13 13:25:10.101 +00:00 [INF] Device fingerprint headers - UA: Mozilla/5.0 (Windows NT 10.0; Win64; x64; rv:151.0) Gecko/20100101 Firefox/151.0, Accept: */*, Encoding: gzip, deflate
2026-06-13 13:25:10.101 +00:00 [INF] Device fingerprint validation: Stored=/a2uf4z8rcBIhIr7KGbd6aahMr80Bhj+9uyLiYNZ66A=, Current=/a2uf4z8rcBIhIr7KGbd6aahMr80Bhj+9uyLiYNZ66A=
2026-06-13 13:25:10.111 +00:00 [INF] Executed DbCommand (2ms) [Parameters=[@__jti_0='?', @__userId_1='?' (DbType = Int32)], CommandType='"Text"', CommandTimeout='30']
SELECT a."ID", a."CreatedAt", a."DeviceFingerprint", a."ExpiresAt", a."IpAddress", a."IsRevoked", a."UserID", a.jti
FROM "AccessTokens" AS a
WHERE a.jti = @__jti_0 AND a."UserID" = @__userId_1 AND NOT (a."IsRevoked") AND a."ExpiresAt" > now()
LIMIT 1
2026-06-13 13:25:10.112 +00:00 [INF] Executing endpoint 'API.Controllers.AuthController.RefreshToken (API)'
2026-06-13 13:25:10.112 +00:00 [INF] Route matched with {action = "RefreshToken", controller = "Auth"}. Executing controller action with signature System.Threading.Tasks.Task`1[Microsoft.AspNetCore.Mvc.IActionResult] RefreshToken(API.Models.RequestModels.RefreshRequest) on controller API.Controllers.AuthController (API).
2026-06-13 13:25:10.113 +00:00 [INF] Token refresh attempt at "2026-06-13T13:25:10.1130229Z"
2026-06-13 13:25:10.113 +00:00 [INF] Refreshing admin token at "2026-06-13T13:25:10.1131756Z"
2026-06-13 13:25:10.115 +00:00 [INF] Executed DbCommand (2ms) [Parameters=[@__tokenHash_0='?'], CommandType='"Text"', CommandTimeout='30']
SELECT r."ID", r."CreatedAt", r."DeviceFingerprint", r."ExpiresAt", r."IpAddress", r."IsRevoked", r."TokenHash", r."UserID"
FROM "RefreshTokens" AS r
WHERE r."TokenHash" = @__tokenHash_0 AND NOT (r."IsRevoked") AND r."ExpiresAt" > now()
ORDER BY r."CreatedAt" DESC
LIMIT 1
2026-06-13 13:25:10.115 +00:00 [INF] Mozilla/5.0 (Windows NT 10.0; Win64; x64; rv:151.0) Gecko/20100101 Firefox/151.0
2026-06-13 13:25:10.115 +00:00 [INF] Fetching user by ID from database...
2026-06-13 13:25:10.116 +00:00 [INF] Executed DbCommand (1ms) [Parameters=[@__id_0='?' (DbType = Int32)], CommandType='"Text"', CommandTimeout='30']
SELECT u."ID", u."Email", u."PasswordHash", u."RegisteredAt", u."Role", u."Username"
FROM "Users" AS u
WHERE u."ID" = @__id_0
LIMIT 1
2026-06-13 13:25:10.119 +00:00 [INF] Executed DbCommand (2ms) [Parameters=[@p0='?' (DbType = DateTime), @p1='?', @p2='?' (DbType = DateTime), @p3='?', @p4='?' (DbType = Int32), @p5='?'], CommandType='"Text"', CommandTimeout='30']
INSERT INTO "AccessTokens" ("CreatedAt", "DeviceFingerprint", "ExpiresAt", "IpAddress", "UserID", jti)
VALUES (@p0, @p1, @p2, @p3, @p4, @p5)
RETURNING "ID", "IsRevoked";
2026-06-13 13:25:10.121 +00:00 [INF] Executed DbCommand (1ms) [Parameters=[@__jti_0='?', @__userID_1='?' (DbType = Int32), @__deviceFingerprint_2='?', @__ipAddress_3='?'], CommandType='"Text"', CommandTimeout='30']
SELECT a."ID", a."CreatedAt", a."DeviceFingerprint", a."ExpiresAt", a."IpAddress", a."IsRevoked", a."UserID", a.jti
FROM "AccessTokens" AS a
WHERE a.jti = @__jti_0 AND a."UserID" = @__userID_1 AND a."DeviceFingerprint" = @__deviceFingerprint_2 AND a."IpAddress" = @__ipAddress_3
LIMIT 1
2026-06-13 13:25:10.121 +00:00 [INF] Attempting to revoke access token with jti 3b83b019-b1e3-4272-9d27-316db9f13926 for user 1 from device /a2uf4z8rcBIhIr7KGbd6aahMr80Bhj+9uyLiYNZ66A= and IP ::ffff:172.20.0.1
2026-06-13 13:25:10.121 +00:00 [INF] Access token found: API.Models.AccessToken
2026-06-13 13:25:10.123 +00:00 [INF] Executed DbCommand (1ms) [Parameters=[@p1='?' (DbType = Int32), @p0='?' (DbType = Boolean)], CommandType='"Text"', CommandTimeout='30']
UPDATE "AccessTokens" SET "IsRevoked" = @p0
WHERE "ID" = @p1;
2026-06-13 13:25:10.123 +00:00 [INF] Access token AccessToken for user 1 revoked: true
2026-06-13 13:25:10.125 +00:00 [INF] Executed DbCommand (2ms) [Parameters=[@p0='?' (DbType = DateTime), @p1='?', @p2='?' (DbType = DateTime), @p3='?', @p4='?', @p5='?' (DbType = Int32)], CommandType='"Text"', CommandTimeout='30']
INSERT INTO "RefreshTokens" ("CreatedAt", "DeviceFingerprint", "ExpiresAt", "IpAddress", "TokenHash", "UserID")
VALUES (@p0, @p1, @p2, @p3, @p4, @p5)
RETURNING "ID", "IsRevoked";
2026-06-13 13:25:10.126 +00:00 [INF] Executed DbCommand (1ms) [Parameters=[@__tokenHash_0='?', @__userId_1='?' (DbType = Int32), @__deviceFingerprint_2='?', @__ipAddress_3='?'], CommandType='"Text"', CommandTimeout='30']
SELECT r."ID", r."CreatedAt", r."DeviceFingerprint", r."ExpiresAt", r."IpAddress", r."IsRevoked", r."TokenHash", r."UserID"
FROM "RefreshTokens" AS r
WHERE r."TokenHash" = @__tokenHash_0 AND r."UserID" = @__userId_1 AND r."DeviceFingerprint" = @__deviceFingerprint_2 AND r."IpAddress" = @__ipAddress_3
LIMIT 1
2026-06-13 13:25:10.128 +00:00 [INF] Executed DbCommand (1ms) [Parameters=[@p1='?' (DbType = Int32), @p0='?' (DbType = Boolean)], CommandType='"Text"', CommandTimeout='30']
UPDATE "RefreshTokens" SET "IsRevoked" = @p0
WHERE "ID" = @p1;
2026-06-13 13:25:10.128 +00:00 [INF] Refresh token YzOATyRF2SzGNGDSEafRuC3CzQLWGGBNCab/Sbbn+hM= for user 1 revoked: true
2026-06-13 13:25:10.128 +00:00 [INF] Token refreshed successfully for user 1 at "2026-06-13T13:25:10.1285578Z"
2026-06-13 13:25:10.128 +00:00 [INF] Executing OkObjectResult, writing value of type '<>f__AnonymousType3`2[[System.Boolean, System.Private.CoreLib, Version=9.0.0.0, Culture=neutral, PublicKeyToken=7cec85d7bea7798e],[System.Int32, System.Private.CoreLib, Version=9.0.0.0, Culture=neutral, PublicKeyToken=7cec85d7bea7798e]]'.
2026-06-13 13:25:10.128 +00:00 [INF] Executed action API.Controllers.AuthController.RefreshToken (API) in 16.2268ms
2026-06-13 13:25:10.129 +00:00 [INF] Executed endpoint 'API.Controllers.AuthController.RefreshToken (API)'
2026-06-13 13:25:10.129 +00:00 [INF] Request finished HTTP/1.1 POST http://192.168.1.6:8080/api/auth/refresh - 200 null application/json; charset=utf-8 29.4511ms
2026-06-13 13:29:42.196 +00:00 [INF] Request starting HTTP/1.1 OPTIONS http://192.168.1.6:8080/api/auth/refresh - null null
2026-06-13 13:29:42.196 +00:00 [INF] CORS policy execution successful.
2026-06-13 13:29:42.197 +00:00 [INF] Request finished HTTP/1.1 OPTIONS http://192.168.1.6:8080/api/auth/refresh - 204 null null 0.6588ms
2026-06-13 13:29:42.199 +00:00 [INF] Request starting HTTP/1.1 POST http://192.168.1.6:8080/api/auth/refresh - application/json 18
2026-06-13 13:29:42.199 +00:00 [INF] CORS policy execution successful.
2026-06-13 13:29:42.199 +00:00 [INF] ====== OnMessageReceived START ======
2026-06-13 13:29:42.199 +00:00 [INF] Available cookies: 2
2026-06-13 13:29:42.199 +00:00 [INF] Cookie: adminRefreshToken = 44 chars
2026-06-13 13:29:42.200 +00:00 [INF] Cookie: adminToken = 844 chars
2026-06-13 13:29:42.200 +00:00 [INF] Admin token found in cookies, length: 844
2026-06-13 13:29:42.200 +00:00 [INF] Admin token set in context
2026-06-13 13:29:42.200 +00:00 [INF] ====== OnMessageReceived END - Token set: true ======
2026-06-13 13:29:42.200 +00:00 [INF] Token validated successfully for user: lengyelnorbi
2026-06-13 13:29:42.200 +00:00 [INF] Device fingerprint headers - UA: Mozilla/5.0 (Windows NT 10.0; Win64; x64; rv:151.0) Gecko/20100101 Firefox/151.0, Accept: */*, Encoding: gzip, deflate
2026-06-13 13:29:42.201 +00:00 [INF] Device fingerprint validation: Stored=/a2uf4z8rcBIhIr7KGbd6aahMr80Bhj+9uyLiYNZ66A=, Current=/a2uf4z8rcBIhIr7KGbd6aahMr80Bhj+9uyLiYNZ66A=
2026-06-13 13:29:42.203 +00:00 [INF] Executed DbCommand (1ms) [Parameters=[@__jti_0='?', @__userId_1='?' (DbType = Int32)], CommandType='"Text"', CommandTimeout='30']
SELECT a."ID", a."CreatedAt", a."DeviceFingerprint", a."ExpiresAt", a."IpAddress", a."IsRevoked", a."UserID", a.jti
FROM "AccessTokens" AS a
WHERE a.jti = @__jti_0 AND a."UserID" = @__userId_1 AND NOT (a."IsRevoked") AND a."ExpiresAt" > now()
LIMIT 1
2026-06-13 13:29:42.203 +00:00 [INF] Executing endpoint 'API.Controllers.AuthController.RefreshToken (API)'
2026-06-13 13:29:42.203 +00:00 [INF] Route matched with {action = "RefreshToken", controller = "Auth"}. Executing controller action with signature System.Threading.Tasks.Task`1[Microsoft.AspNetCore.Mvc.IActionResult] RefreshToken(API.Models.RequestModels.RefreshRequest) on controller API.Controllers.AuthController (API).
2026-06-13 13:29:42.204 +00:00 [INF] Token refresh attempt at "2026-06-13T13:29:42.2041698Z"
2026-06-13 13:29:42.204 +00:00 [INF] Refreshing admin token at "2026-06-13T13:29:42.2043019Z"
2026-06-13 13:29:42.205 +00:00 [INF] Executed DbCommand (1ms) [Parameters=[@__tokenHash_0='?'], CommandType='"Text"', CommandTimeout='30']
SELECT r."ID", r."CreatedAt", r."DeviceFingerprint", r."ExpiresAt", r."IpAddress", r."IsRevoked", r."TokenHash", r."UserID"
FROM "RefreshTokens" AS r
WHERE r."TokenHash" = @__tokenHash_0 AND NOT (r."IsRevoked") AND r."ExpiresAt" > now()
ORDER BY r."CreatedAt" DESC
LIMIT 1
2026-06-13 13:29:42.205 +00:00 [INF] Mozilla/5.0 (Windows NT 10.0; Win64; x64; rv:151.0) Gecko/20100101 Firefox/151.0
2026-06-13 13:29:42.206 +00:00 [INF] Fetching user by ID from database...
2026-06-13 13:29:42.207 +00:00 [INF] Executed DbCommand (1ms) [Parameters=[@__id_0='?' (DbType = Int32)], CommandType='"Text"', CommandTimeout='30']
SELECT u."ID", u."Email", u."PasswordHash", u."RegisteredAt", u."Role", u."Username"
FROM "Users" AS u
WHERE u."ID" = @__id_0
LIMIT 1
2026-06-13 13:29:42.209 +00:00 [INF] Executed DbCommand (2ms) [Parameters=[@p0='?' (DbType = DateTime), @p1='?', @p2='?' (DbType = DateTime), @p3='?', @p4='?' (DbType = Int32), @p5='?'], CommandType='"Text"', CommandTimeout='30']
INSERT INTO "AccessTokens" ("CreatedAt", "DeviceFingerprint", "ExpiresAt", "IpAddress", "UserID", jti)
VALUES (@p0, @p1, @p2, @p3, @p4, @p5)
RETURNING "ID", "IsRevoked";
2026-06-13 13:29:42.210 +00:00 [INF] Executed DbCommand (1ms) [Parameters=[@__jti_0='?', @__userID_1='?' (DbType = Int32), @__deviceFingerprint_2='?', @__ipAddress_3='?'], CommandType='"Text"', CommandTimeout='30']
SELECT a."ID", a."CreatedAt", a."DeviceFingerprint", a."ExpiresAt", a."IpAddress", a."IsRevoked", a."UserID", a.jti
FROM "AccessTokens" AS a
WHERE a.jti = @__jti_0 AND a."UserID" = @__userID_1 AND a."DeviceFingerprint" = @__deviceFingerprint_2 AND a."IpAddress" = @__ipAddress_3
LIMIT 1
2026-06-13 13:29:42.210 +00:00 [INF] Attempting to revoke access token with jti db6fb085-8e24-4945-a50f-fb7299f86628 for user 1 from device /a2uf4z8rcBIhIr7KGbd6aahMr80Bhj+9uyLiYNZ66A= and IP ::ffff:172.20.0.1
2026-06-13 13:29:42.211 +00:00 [INF] Access token found: API.Models.AccessToken
2026-06-13 13:29:42.212 +00:00 [INF] Executed DbCommand (1ms) [Parameters=[@p1='?' (DbType = Int32), @p0='?' (DbType = Boolean)], CommandType='"Text"', CommandTimeout='30']
UPDATE "AccessTokens" SET "IsRevoked" = @p0
WHERE "ID" = @p1;
2026-06-13 13:29:42.213 +00:00 [INF] Access token AccessToken for user 1 revoked: true
2026-06-13 13:29:42.215 +00:00 [INF] Executed DbCommand (1ms) [Parameters=[@p0='?' (DbType = DateTime), @p1='?', @p2='?' (DbType = DateTime), @p3='?', @p4='?', @p5='?' (DbType = Int32)], CommandType='"Text"', CommandTimeout='30']
INSERT INTO "RefreshTokens" ("CreatedAt", "DeviceFingerprint", "ExpiresAt", "IpAddress", "TokenHash", "UserID")
VALUES (@p0, @p1, @p2, @p3, @p4, @p5)
RETURNING "ID", "IsRevoked";
2026-06-13 13:29:42.216 +00:00 [INF] Executed DbCommand (1ms) [Parameters=[@__tokenHash_0='?', @__userId_1='?' (DbType = Int32), @__deviceFingerprint_2='?', @__ipAddress_3='?'], CommandType='"Text"', CommandTimeout='30']
SELECT r."ID", r."CreatedAt", r."DeviceFingerprint", r."ExpiresAt", r."IpAddress", r."IsRevoked", r."TokenHash", r."UserID"
FROM "RefreshTokens" AS r
WHERE r."TokenHash" = @__tokenHash_0 AND r."UserID" = @__userId_1 AND r."DeviceFingerprint" = @__deviceFingerprint_2 AND r."IpAddress" = @__ipAddress_3
LIMIT 1
2026-06-13 13:29:42.218 +00:00 [INF] Executed DbCommand (1ms) [Parameters=[@p1='?' (DbType = Int32), @p0='?' (DbType = Boolean)], CommandType='"Text"', CommandTimeout='30']
UPDATE "RefreshTokens" SET "IsRevoked" = @p0
WHERE "ID" = @p1;
2026-06-13 13:29:42.218 +00:00 [INF] Refresh token lXfZVzJI8ksFru2KhD67byCiXXEEDQ3pKradB4oJcbc= for user 1 revoked: true
2026-06-13 13:29:42.218 +00:00 [INF] Token refreshed successfully for user 1 at "2026-06-13T13:29:42.2183905Z"
2026-06-13 13:29:42.218 +00:00 [INF] Executing OkObjectResult, writing value of type '<>f__AnonymousType3`2[[System.Boolean, System.Private.CoreLib, Version=9.0.0.0, Culture=neutral, PublicKeyToken=7cec85d7bea7798e],[System.Int32, System.Private.CoreLib, Version=9.0.0.0, Culture=neutral, PublicKeyToken=7cec85d7bea7798e]]'.
2026-06-13 13:29:42.218 +00:00 [INF] Executed action API.Controllers.AuthController.RefreshToken (API) in 14.8862ms
2026-06-13 13:29:42.219 +00:00 [INF] Executed endpoint 'API.Controllers.AuthController.RefreshToken (API)'
2026-06-13 13:29:42.219 +00:00 [INF] Request finished HTTP/1.1 POST http://192.168.1.6:8080/api/auth/refresh - 200 null application/json; charset=utf-8 20.0064ms
2026-06-13 13:34:12.240 +00:00 [INF] Request starting HTTP/1.1 OPTIONS http://192.168.1.6:8080/api/auth/refresh - null null
2026-06-13 13:34:12.242 +00:00 [INF] CORS policy execution successful.
2026-06-13 13:34:12.243 +00:00 [INF] Request finished HTTP/1.1 OPTIONS http://192.168.1.6:8080/api/auth/refresh - 204 null null 2.8863ms
2026-06-13 13:34:12.245 +00:00 [INF] Request starting HTTP/1.1 POST http://192.168.1.6:8080/api/auth/refresh - application/json 18
2026-06-13 13:34:12.245 +00:00 [INF] CORS policy execution successful.
2026-06-13 13:34:12.245 +00:00 [INF] ====== OnMessageReceived START ======
2026-06-13 13:34:12.246 +00:00 [INF] Available cookies: 2
2026-06-13 13:34:12.246 +00:00 [INF] Cookie: adminRefreshToken = 44 chars
2026-06-13 13:34:12.246 +00:00 [INF] Cookie: adminToken = 844 chars
2026-06-13 13:34:12.246 +00:00 [INF] Admin token found in cookies, length: 844
2026-06-13 13:34:12.246 +00:00 [INF] Admin token set in context
2026-06-13 13:34:12.246 +00:00 [INF] ====== OnMessageReceived END - Token set: true ======
2026-06-13 13:34:12.247 +00:00 [INF] Token validated successfully for user: lengyelnorbi
2026-06-13 13:34:12.247 +00:00 [INF] Device fingerprint headers - UA: Mozilla/5.0 (Windows NT 10.0; Win64; x64; rv:151.0) Gecko/20100101 Firefox/151.0, Accept: */*, Encoding: gzip, deflate
2026-06-13 13:34:12.247 +00:00 [INF] Device fingerprint validation: Stored=/a2uf4z8rcBIhIr7KGbd6aahMr80Bhj+9uyLiYNZ66A=, Current=/a2uf4z8rcBIhIr7KGbd6aahMr80Bhj+9uyLiYNZ66A=
2026-06-13 13:34:12.257 +00:00 [INF] Executed DbCommand (2ms) [Parameters=[@__jti_0='?', @__userId_1='?' (DbType = Int32)], CommandType='"Text"', CommandTimeout='30']
SELECT a."ID", a."CreatedAt", a."DeviceFingerprint", a."ExpiresAt", a."IpAddress", a."IsRevoked", a."UserID", a.jti
FROM "AccessTokens" AS a
WHERE a.jti = @__jti_0 AND a."UserID" = @__userId_1 AND NOT (a."IsRevoked") AND a."ExpiresAt" > now()
LIMIT 1
2026-06-13 13:34:12.258 +00:00 [INF] Executing endpoint 'API.Controllers.AuthController.RefreshToken (API)'
2026-06-13 13:34:12.258 +00:00 [INF] Route matched with {action = "RefreshToken", controller = "Auth"}. Executing controller action with signature System.Threading.Tasks.Task`1[Microsoft.AspNetCore.Mvc.IActionResult] RefreshToken(API.Models.RequestModels.RefreshRequest) on controller API.Controllers.AuthController (API).
2026-06-13 13:34:12.259 +00:00 [INF] Token refresh attempt at "2026-06-13T13:34:12.2590193Z"
2026-06-13 13:34:12.259 +00:00 [INF] Refreshing admin token at "2026-06-13T13:34:12.2591672Z"
2026-06-13 13:34:12.260 +00:00 [INF] Executed DbCommand (1ms) [Parameters=[@__tokenHash_0='?'], CommandType='"Text"', CommandTimeout='30']
SELECT r."ID", r."CreatedAt", r."DeviceFingerprint", r."ExpiresAt", r."IpAddress", r."IsRevoked", r."TokenHash", r."UserID"
FROM "RefreshTokens" AS r
WHERE r."TokenHash" = @__tokenHash_0 AND NOT (r."IsRevoked") AND r."ExpiresAt" > now()
ORDER BY r."CreatedAt" DESC
LIMIT 1
2026-06-13 13:34:12.261 +00:00 [INF] Mozilla/5.0 (Windows NT 10.0; Win64; x64; rv:151.0) Gecko/20100101 Firefox/151.0
2026-06-13 13:34:12.261 +00:00 [INF] Fetching user by ID from database...
2026-06-13 13:34:12.262 +00:00 [INF] Executed DbCommand (1ms) [Parameters=[@__id_0='?' (DbType = Int32)], CommandType='"Text"', CommandTimeout='30']
SELECT u."ID", u."Email", u."PasswordHash", u."RegisteredAt", u."Role", u."Username"
FROM "Users" AS u
WHERE u."ID" = @__id_0
LIMIT 1
2026-06-13 13:34:12.265 +00:00 [INF] Executed DbCommand (2ms) [Parameters=[@p0='?' (DbType = DateTime), @p1='?', @p2='?' (DbType = DateTime), @p3='?', @p4='?' (DbType = Int32), @p5='?'], CommandType='"Text"', CommandTimeout='30']
INSERT INTO "AccessTokens" ("CreatedAt", "DeviceFingerprint", "ExpiresAt", "IpAddress", "UserID", jti)
VALUES (@p0, @p1, @p2, @p3, @p4, @p5)
RETURNING "ID", "IsRevoked";
2026-06-13 13:34:12.266 +00:00 [INF] Executed DbCommand (1ms) [Parameters=[@__jti_0='?', @__userID_1='?' (DbType = Int32), @__deviceFingerprint_2='?', @__ipAddress_3='?'], CommandType='"Text"', CommandTimeout='30']
SELECT a."ID", a."CreatedAt", a."DeviceFingerprint", a."ExpiresAt", a."IpAddress", a."IsRevoked", a."UserID", a.jti
FROM "AccessTokens" AS a
WHERE a.jti = @__jti_0 AND a."UserID" = @__userID_1 AND a."DeviceFingerprint" = @__deviceFingerprint_2 AND a."IpAddress" = @__ipAddress_3
LIMIT 1
2026-06-13 13:34:12.266 +00:00 [INF] Attempting to revoke access token with jti 450e3f05-5356-4410-8763-e421d6aae655 for user 1 from device /a2uf4z8rcBIhIr7KGbd6aahMr80Bhj+9uyLiYNZ66A= and IP ::ffff:172.20.0.1
2026-06-13 13:34:12.267 +00:00 [INF] Access token found: API.Models.AccessToken
2026-06-13 13:34:12.268 +00:00 [INF] Executed DbCommand (1ms) [Parameters=[@p1='?' (DbType = Int32), @p0='?' (DbType = Boolean)], CommandType='"Text"', CommandTimeout='30']
UPDATE "AccessTokens" SET "IsRevoked" = @p0
WHERE "ID" = @p1;
2026-06-13 13:34:12.269 +00:00 [INF] Access token AccessToken for user 1 revoked: true
2026-06-13 13:34:12.271 +00:00 [INF] Executed DbCommand (2ms) [Parameters=[@p0='?' (DbType = DateTime), @p1='?', @p2='?' (DbType = DateTime), @p3='?', @p4='?', @p5='?' (DbType = Int32)], CommandType='"Text"', CommandTimeout='30']
INSERT INTO "RefreshTokens" ("CreatedAt", "DeviceFingerprint", "ExpiresAt", "IpAddress", "TokenHash", "UserID")
VALUES (@p0, @p1, @p2, @p3, @p4, @p5)
RETURNING "ID", "IsRevoked";
2026-06-13 13:34:12.272 +00:00 [INF] Executed DbCommand (1ms) [Parameters=[@__tokenHash_0='?', @__userId_1='?' (DbType = Int32), @__deviceFingerprint_2='?', @__ipAddress_3='?'], CommandType='"Text"', CommandTimeout='30']
SELECT r."ID", r."CreatedAt", r."DeviceFingerprint", r."ExpiresAt", r."IpAddress", r."IsRevoked", r."TokenHash", r."UserID"
FROM "RefreshTokens" AS r
WHERE r."TokenHash" = @__tokenHash_0 AND r."UserID" = @__userId_1 AND r."DeviceFingerprint" = @__deviceFingerprint_2 AND r."IpAddress" = @__ipAddress_3
LIMIT 1
2026-06-13 13:34:12.274 +00:00 [INF] Executed DbCommand (2ms) [Parameters=[@p1='?' (DbType = Int32), @p0='?' (DbType = Boolean)], CommandType='"Text"', CommandTimeout='30']
UPDATE "RefreshTokens" SET "IsRevoked" = @p0
WHERE "ID" = @p1;
2026-06-13 13:34:12.274 +00:00 [INF] Refresh token 2CDxxifxdhq0N7nTun8epImeNJ+tFZw5JiILbC6ImAs= for user 1 revoked: true
2026-06-13 13:34:12.274 +00:00 [INF] Token refreshed successfully for user 1 at "2026-06-13T13:34:12.2748567Z"
2026-06-13 13:34:12.275 +00:00 [INF] Executing OkObjectResult, writing value of type '<>f__AnonymousType3`2[[System.Boolean, System.Private.CoreLib, Version=9.0.0.0, Culture=neutral, PublicKeyToken=7cec85d7bea7798e],[System.Int32, System.Private.CoreLib, Version=9.0.0.0, Culture=neutral, PublicKeyToken=7cec85d7bea7798e]]'.
2026-06-13 13:34:12.275 +00:00 [INF] Executed action API.Controllers.AuthController.RefreshToken (API) in 16.5036ms
2026-06-13 13:34:12.275 +00:00 [INF] Executed endpoint 'API.Controllers.AuthController.RefreshToken (API)'
2026-06-13 13:34:12.275 +00:00 [INF] Request finished HTTP/1.1 POST http://192.168.1.6:8080/api/auth/refresh - 200 null application/json; charset=utf-8 30.1259ms
2026-06-13 13:36:53.033 +00:00 [INF] Request starting HTTP/1.1 OPTIONS http://192.168.1.6:8080/api/password/generate-password - null null
2026-06-13 13:36:53.033 +00:00 [INF] CORS policy execution successful.
2026-06-13 13:36:53.034 +00:00 [INF] Request finished HTTP/1.1 OPTIONS http://192.168.1.6:8080/api/password/generate-password - 204 null null 0.7992ms
2026-06-13 13:36:53.037 +00:00 [INF] Request starting HTTP/1.1 POST http://192.168.1.6:8080/api/password/generate-password - application/json 67
2026-06-13 13:36:53.037 +00:00 [INF] CORS policy execution successful.
2026-06-13 13:36:53.037 +00:00 [INF] ====== OnMessageReceived START ======
2026-06-13 13:36:53.037 +00:00 [INF] Available cookies: 2
2026-06-13 13:36:53.038 +00:00 [INF] Cookie: adminRefreshToken = 44 chars
2026-06-13 13:36:53.038 +00:00 [INF] Cookie: adminToken = 844 chars
2026-06-13 13:36:53.038 +00:00 [INF] Admin token found in cookies, length: 844
2026-06-13 13:36:53.038 +00:00 [INF] Admin token set in context
2026-06-13 13:36:53.038 +00:00 [INF] ====== OnMessageReceived END - Token set: true ======
2026-06-13 13:36:53.038 +00:00 [INF] Token validated successfully for user: lengyelnorbi
2026-06-13 13:36:53.038 +00:00 [INF] Device fingerprint headers - UA: Mozilla/5.0 (Windows NT 10.0; Win64; x64; rv:151.0) Gecko/20100101 Firefox/151.0, Accept: */*, Encoding: gzip, deflate
2026-06-13 13:36:53.039 +00:00 [INF] Device fingerprint validation: Stored=/a2uf4z8rcBIhIr7KGbd6aahMr80Bhj+9uyLiYNZ66A=, Current=/a2uf4z8rcBIhIr7KGbd6aahMr80Bhj+9uyLiYNZ66A=
2026-06-13 13:36:53.041 +00:00 [INF] Executed DbCommand (1ms) [Parameters=[@__jti_0='?', @__userId_1='?' (DbType = Int32)], CommandType='"Text"', CommandTimeout='30']
SELECT a."ID", a."CreatedAt", a."DeviceFingerprint", a."ExpiresAt", a."IpAddress", a."IsRevoked", a."UserID", a.jti
FROM "AccessTokens" AS a
WHERE a.jti = @__jti_0 AND a."UserID" = @__userId_1 AND NOT (a."IsRevoked") AND a."ExpiresAt" > now()
LIMIT 1
2026-06-13 13:36:53.041 +00:00 [INF] Executing endpoint 'API.Controllers.PasswordController.GeneratePassword (API)'
2026-06-13 13:36:53.042 +00:00 [INF] Route matched with {action = "GeneratePassword", controller = "Password"}. Executing controller action with signature System.Threading.Tasks.Task`1[Microsoft.AspNetCore.Mvc.IActionResult] GeneratePassword(API.Models.RequestModels.GeneratePwdRequest) on controller API.Controllers.PasswordController (API).
2026-06-13 13:36:53.042 +00:00 [INF] Executing OkObjectResult, writing value of type '<>f__AnonymousType4`1[[System.String, System.Private.CoreLib, Version=9.0.0.0, Culture=neutral, PublicKeyToken=7cec85d7bea7798e]]'.
2026-06-13 13:36:53.042 +00:00 [INF] Executed action API.Controllers.PasswordController.GeneratePassword (API) in 0.6461ms
2026-06-13 13:36:53.043 +00:00 [INF] Executed endpoint 'API.Controllers.PasswordController.GeneratePassword (API)'
2026-06-13 13:36:53.043 +00:00 [INF] Request finished HTTP/1.1 POST http://192.168.1.6:8080/api/password/generate-password - 200 null application/json; charset=utf-8 6.0908ms
2026-06-13 13:38:45.236 +00:00 [INF] Request starting HTTP/1.1 OPTIONS http://192.168.1.6:8080/api/auth/refresh - null null
2026-06-13 13:38:45.237 +00:00 [INF] CORS policy execution successful.
2026-06-13 13:38:45.237 +00:00 [INF] Request finished HTTP/1.1 OPTIONS http://192.168.1.6:8080/api/auth/refresh - 204 null null 0.5797ms
2026-06-13 13:38:45.239 +00:00 [INF] Request starting HTTP/1.1 POST http://192.168.1.6:8080/api/auth/refresh - application/json 18
2026-06-13 13:38:45.239 +00:00 [INF] CORS policy execution successful.
2026-06-13 13:38:45.240 +00:00 [INF] ====== OnMessageReceived START ======
2026-06-13 13:38:45.240 +00:00 [INF] Available cookies: 2
2026-06-13 13:38:45.240 +00:00 [INF] Cookie: adminRefreshToken = 44 chars
2026-06-13 13:38:45.240 +00:00 [INF] Cookie: adminToken = 844 chars
2026-06-13 13:38:45.240 +00:00 [INF] Admin token found in cookies, length: 844
2026-06-13 13:38:45.240 +00:00 [INF] Admin token set in context
2026-06-13 13:38:45.240 +00:00 [INF] ====== OnMessageReceived END - Token set: true ======
2026-06-13 13:38:45.241 +00:00 [INF] Token validated successfully for user: lengyelnorbi
2026-06-13 13:38:45.241 +00:00 [INF] Device fingerprint headers - UA: Mozilla/5.0 (Windows NT 10.0; Win64; x64; rv:151.0) Gecko/20100101 Firefox/151.0, Accept: */*, Encoding: gzip, deflate
2026-06-13 13:38:45.241 +00:00 [INF] Device fingerprint validation: Stored=/a2uf4z8rcBIhIr7KGbd6aahMr80Bhj+9uyLiYNZ66A=, Current=/a2uf4z8rcBIhIr7KGbd6aahMr80Bhj+9uyLiYNZ66A=
2026-06-13 13:38:45.243 +00:00 [INF] Executed DbCommand (1ms) [Parameters=[@__jti_0='?', @__userId_1='?' (DbType = Int32)], CommandType='"Text"', CommandTimeout='30']
SELECT a."ID", a."CreatedAt", a."DeviceFingerprint", a."ExpiresAt", a."IpAddress", a."IsRevoked", a."UserID", a.jti
FROM "AccessTokens" AS a
WHERE a.jti = @__jti_0 AND a."UserID" = @__userId_1 AND NOT (a."IsRevoked") AND a."ExpiresAt" > now()
LIMIT 1
2026-06-13 13:38:45.243 +00:00 [INF] Executing endpoint 'API.Controllers.AuthController.RefreshToken (API)'
2026-06-13 13:38:45.244 +00:00 [INF] Route matched with {action = "RefreshToken", controller = "Auth"}. Executing controller action with signature System.Threading.Tasks.Task`1[Microsoft.AspNetCore.Mvc.IActionResult] RefreshToken(API.Models.RequestModels.RefreshRequest) on controller API.Controllers.AuthController (API).
2026-06-13 13:38:45.244 +00:00 [INF] Token refresh attempt at "2026-06-13T13:38:45.2444236Z"
2026-06-13 13:38:45.244 +00:00 [INF] Refreshing admin token at "2026-06-13T13:38:45.2445559Z"
2026-06-13 13:38:45.245 +00:00 [INF] Executed DbCommand (1ms) [Parameters=[@__tokenHash_0='?'], CommandType='"Text"', CommandTimeout='30']
SELECT r."ID", r."CreatedAt", r."DeviceFingerprint", r."ExpiresAt", r."IpAddress", r."IsRevoked", r."TokenHash", r."UserID"
FROM "RefreshTokens" AS r
WHERE r."TokenHash" = @__tokenHash_0 AND NOT (r."IsRevoked") AND r."ExpiresAt" > now()
ORDER BY r."CreatedAt" DESC
LIMIT 1
2026-06-13 13:38:45.246 +00:00 [INF] Mozilla/5.0 (Windows NT 10.0; Win64; x64; rv:151.0) Gecko/20100101 Firefox/151.0
2026-06-13 13:38:45.246 +00:00 [INF] Fetching user by ID from database...
2026-06-13 13:38:45.247 +00:00 [INF] Executed DbCommand (1ms) [Parameters=[@__id_0='?' (DbType = Int32)], CommandType='"Text"', CommandTimeout='30']
SELECT u."ID", u."Email", u."PasswordHash", u."RegisteredAt", u."Role", u."Username"
FROM "Users" AS u
WHERE u."ID" = @__id_0
LIMIT 1
2026-06-13 13:38:45.249 +00:00 [INF] Executed DbCommand (2ms) [Parameters=[@p0='?' (DbType = DateTime), @p1='?', @p2='?' (DbType = DateTime), @p3='?', @p4='?' (DbType = Int32), @p5='?'], CommandType='"Text"', CommandTimeout='30']
INSERT INTO "AccessTokens" ("CreatedAt", "DeviceFingerprint", "ExpiresAt", "IpAddress", "UserID", jti)
VALUES (@p0, @p1, @p2, @p3, @p4, @p5)
RETURNING "ID", "IsRevoked";
2026-06-13 13:38:45.251 +00:00 [INF] Executed DbCommand (1ms) [Parameters=[@__jti_0='?', @__userID_1='?' (DbType = Int32), @__deviceFingerprint_2='?', @__ipAddress_3='?'], CommandType='"Text"', CommandTimeout='30']
SELECT a."ID", a."CreatedAt", a."DeviceFingerprint", a."ExpiresAt", a."IpAddress", a."IsRevoked", a."UserID", a.jti
FROM "AccessTokens" AS a
WHERE a.jti = @__jti_0 AND a."UserID" = @__userID_1 AND a."DeviceFingerprint" = @__deviceFingerprint_2 AND a."IpAddress" = @__ipAddress_3
LIMIT 1
2026-06-13 13:38:45.251 +00:00 [INF] Attempting to revoke access token with jti ac706f07-a169-4af5-9e9f-74c5923a632f for user 1 from device /a2uf4z8rcBIhIr7KGbd6aahMr80Bhj+9uyLiYNZ66A= and IP ::ffff:172.20.0.1
2026-06-13 13:38:45.251 +00:00 [INF] Access token found: API.Models.AccessToken
2026-06-13 13:38:45.253 +00:00 [INF] Executed DbCommand (1ms) [Parameters=[@p1='?' (DbType = Int32), @p0='?' (DbType = Boolean)], CommandType='"Text"', CommandTimeout='30']
UPDATE "AccessTokens" SET "IsRevoked" = @p0
WHERE "ID" = @p1;
2026-06-13 13:38:45.253 +00:00 [INF] Access token AccessToken for user 1 revoked: true
2026-06-13 13:38:45.255 +00:00 [INF] Executed DbCommand (2ms) [Parameters=[@p0='?' (DbType = DateTime), @p1='?', @p2='?' (DbType = DateTime), @p3='?', @p4='?', @p5='?' (DbType = Int32)], CommandType='"Text"', CommandTimeout='30']
INSERT INTO "RefreshTokens" ("CreatedAt", "DeviceFingerprint", "ExpiresAt", "IpAddress", "TokenHash", "UserID")
VALUES (@p0, @p1, @p2, @p3, @p4, @p5)
RETURNING "ID", "IsRevoked";
2026-06-13 13:38:45.256 +00:00 [INF] Executed DbCommand (1ms) [Parameters=[@__tokenHash_0='?', @__userId_1='?' (DbType = Int32), @__deviceFingerprint_2='?', @__ipAddress_3='?'], CommandType='"Text"', CommandTimeout='30']
SELECT r."ID", r."CreatedAt", r."DeviceFingerprint", r."ExpiresAt", r."IpAddress", r."IsRevoked", r."TokenHash", r."UserID"
FROM "RefreshTokens" AS r
WHERE r."TokenHash" = @__tokenHash_0 AND r."UserID" = @__userId_1 AND r."DeviceFingerprint" = @__deviceFingerprint_2 AND r."IpAddress" = @__ipAddress_3
LIMIT 1
2026-06-13 13:38:45.258 +00:00 [INF] Executed DbCommand (1ms) [Parameters=[@p1='?' (DbType = Int32), @p0='?' (DbType = Boolean)], CommandType='"Text"', CommandTimeout='30']
UPDATE "RefreshTokens" SET "IsRevoked" = @p0
WHERE "ID" = @p1;
2026-06-13 13:38:45.258 +00:00 [INF] Refresh token 2PadLqbPE/JWtBDrkSBUo9ansnEInU2d/ZsP0aWKjH8= for user 1 revoked: true
2026-06-13 13:38:45.259 +00:00 [INF] Token refreshed successfully for user 1 at "2026-06-13T13:38:45.2591095Z"
2026-06-13 13:38:45.259 +00:00 [INF] Executing OkObjectResult, writing value of type '<>f__AnonymousType3`2[[System.Boolean, System.Private.CoreLib, Version=9.0.0.0, Culture=neutral, PublicKeyToken=7cec85d7bea7798e],[System.Int32, System.Private.CoreLib, Version=9.0.0.0, Culture=neutral, PublicKeyToken=7cec85d7bea7798e]]'.
2026-06-13 13:38:45.259 +00:00 [INF] Executed action API.Controllers.AuthController.RefreshToken (API) in 15.3386ms
2026-06-13 13:38:45.259 +00:00 [INF] Executed endpoint 'API.Controllers.AuthController.RefreshToken (API)'
2026-06-13 13:38:45.259 +00:00 [INF] Request finished HTTP/1.1 POST http://192.168.1.6:8080/api/auth/refresh - 200 null application/json; charset=utf-8 20.2998ms
2026-06-13 13:39:52.358 +00:00 [INF] Request starting HTTP/1.1 GET http://192.168.1.6:8080/api/user?page=1&limit=10 - null null
2026-06-13 13:39:52.359 +00:00 [INF] CORS policy execution successful.
2026-06-13 13:39:52.360 +00:00 [INF] ====== OnMessageReceived START ======
2026-06-13 13:39:52.360 +00:00 [INF] Available cookies: 2
2026-06-13 13:39:52.360 +00:00 [INF] Cookie: adminRefreshToken = 44 chars
2026-06-13 13:39:52.360 +00:00 [INF] Cookie: adminToken = 844 chars
2026-06-13 13:39:52.360 +00:00 [INF] Admin token found in cookies, length: 844
2026-06-13 13:39:52.361 +00:00 [INF] Admin token set in context
2026-06-13 13:39:52.361 +00:00 [INF] ====== OnMessageReceived END - Token set: true ======
2026-06-13 13:39:52.361 +00:00 [INF] Request starting HTTP/1.1 GET http://192.168.1.6:8080/api/user - null null
2026-06-13 13:39:52.362 +00:00 [INF] Token validated successfully for user: lengyelnorbi
2026-06-13 13:39:52.362 +00:00 [INF] CORS policy execution successful.
2026-06-13 13:39:52.362 +00:00 [INF] Device fingerprint headers - UA: Mozilla/5.0 (Windows NT 10.0; Win64; x64; rv:151.0) Gecko/20100101 Firefox/151.0, Accept: application/json, text/plain, */*, Encoding: gzip, deflate
2026-06-13 13:39:52.362 +00:00 [INF] ====== OnMessageReceived START ======
2026-06-13 13:39:52.362 +00:00 [INF] Device fingerprint validation: Stored=/a2uf4z8rcBIhIr7KGbd6aahMr80Bhj+9uyLiYNZ66A=, Current=/a2uf4z8rcBIhIr7KGbd6aahMr80Bhj+9uyLiYNZ66A=
2026-06-13 13:39:52.362 +00:00 [INF] Available cookies: 2
2026-06-13 13:39:52.363 +00:00 [INF] Cookie: adminRefreshToken = 44 chars
2026-06-13 13:39:52.363 +00:00 [INF] Cookie: adminToken = 844 chars
2026-06-13 13:39:52.363 +00:00 [INF] Admin token found in cookies, length: 844
2026-06-13 13:39:52.363 +00:00 [INF] Admin token set in context
2026-06-13 13:39:52.363 +00:00 [INF] ====== OnMessageReceived END - Token set: true ======
2026-06-13 13:39:52.363 +00:00 [INF] Token validated successfully for user: lengyelnorbi
2026-06-13 13:39:52.364 +00:00 [INF] Device fingerprint headers - UA: Mozilla/5.0 (Windows NT 10.0; Win64; x64; rv:151.0) Gecko/20100101 Firefox/151.0, Accept: application/json, text/plain, */*, Encoding: gzip, deflate
2026-06-13 13:39:52.364 +00:00 [INF] Device fingerprint validation: Stored=/a2uf4z8rcBIhIr7KGbd6aahMr80Bhj+9uyLiYNZ66A=, Current=/a2uf4z8rcBIhIr7KGbd6aahMr80Bhj+9uyLiYNZ66A=
2026-06-13 13:39:52.372 +00:00 [INF] Executed DbCommand (2ms) [Parameters=[@__jti_0='?', @__userId_1='?' (DbType = Int32)], CommandType='"Text"', CommandTimeout='30']
SELECT a."ID", a."CreatedAt", a."DeviceFingerprint", a."ExpiresAt", a."IpAddress", a."IsRevoked", a."UserID", a.jti
FROM "AccessTokens" AS a
WHERE a.jti = @__jti_0 AND a."UserID" = @__userId_1 AND NOT (a."IsRevoked") AND a."ExpiresAt" > now()
LIMIT 1
2026-06-13 13:39:52.372 +00:00 [INF] Executed DbCommand (2ms) [Parameters=[@__jti_0='?', @__userId_1='?' (DbType = Int32)], CommandType='"Text"', CommandTimeout='30']
SELECT a."ID", a."CreatedAt", a."DeviceFingerprint", a."ExpiresAt", a."IpAddress", a."IsRevoked", a."UserID", a.jti
FROM "AccessTokens" AS a
WHERE a.jti = @__jti_0 AND a."UserID" = @__userId_1 AND NOT (a."IsRevoked") AND a."ExpiresAt" > now()
LIMIT 1
2026-06-13 13:39:52.373 +00:00 [INF] Executing endpoint 'API.Controllers.UserController.Get (API)'
2026-06-13 13:39:52.373 +00:00 [INF] Executing endpoint 'API.Controllers.UserController.Get (API)'
2026-06-13 13:39:52.373 +00:00 [INF] Route matched with {action = "Get", controller = "User"}. Executing controller action with signature System.Threading.Tasks.Task`1[System.Collections.Generic.IEnumerable`1[API.DTO.UserDTO]] Get() on controller API.Controllers.UserController (API).
2026-06-13 13:39:52.373 +00:00 [INF] Route matched with {action = "Get", controller = "User"}. Executing controller action with signature System.Threading.Tasks.Task`1[System.Collections.Generic.IEnumerable`1[API.DTO.UserDTO]] Get() on controller API.Controllers.UserController (API).
2026-06-13 13:39:52.373 +00:00 [INF] Fetching user data from database...
2026-06-13 13:39:52.373 +00:00 [INF] Fetching user data from database...
2026-06-13 13:39:52.375 +00:00 [INF] Executed DbCommand (1ms) [Parameters=[], CommandType='"Text"', CommandTimeout='30']
SELECT u."ID", u."Email", u."PasswordHash", u."RegisteredAt", u."Role", u."Username"
FROM "Users" AS u
2026-06-13 13:39:52.375 +00:00 [INF] Executed DbCommand (1ms) [Parameters=[], CommandType='"Text"', CommandTimeout='30']
SELECT u."ID", u."Email", u."PasswordHash", u."RegisteredAt", u."Role", u."Username"
FROM "Users" AS u
2026-06-13 13:39:52.375 +00:00 [INF] Executing ObjectResult, writing value of type 'System.Collections.Generic.List`1[[API.DTO.UserDTO, API, Version=1.0.0.0, Culture=neutral, PublicKeyToken=null]]'.
2026-06-13 13:39:52.375 +00:00 [INF] Executing ObjectResult, writing value of type 'System.Collections.Generic.List`1[[API.DTO.UserDTO, API, Version=1.0.0.0, Culture=neutral, PublicKeyToken=null]]'.
2026-06-13 13:39:52.375 +00:00 [INF] Executed action API.Controllers.UserController.Get (API) in 1.828ms
2026-06-13 13:39:52.375 +00:00 [INF] Executed action API.Controllers.UserController.Get (API) in 2.0058ms
2026-06-13 13:39:52.375 +00:00 [INF] Executed endpoint 'API.Controllers.UserController.Get (API)'
2026-06-13 13:39:52.376 +00:00 [INF] Executed endpoint 'API.Controllers.UserController.Get (API)'
2026-06-13 13:39:52.376 +00:00 [INF] Request finished HTTP/1.1 GET http://192.168.1.6:8080/api/user?page=1&limit=10 - 200 null application/json; charset=utf-8 17.434ms
2026-06-13 13:39:52.376 +00:00 [INF] Request finished HTTP/1.1 GET http://192.168.1.6:8080/api/user - 200 null application/json; charset=utf-8 14.39ms
2026-06-13 13:39:59.772 +00:00 [INF] Request starting HTTP/1.1 GET http://192.168.1.6:8080/api/user?page=1&limit=10 - null null
2026-06-13 13:39:59.773 +00:00 [INF] CORS policy execution successful.
2026-06-13 13:39:59.773 +00:00 [INF] ====== OnMessageReceived START ======
2026-06-13 13:39:59.773 +00:00 [INF] Available cookies: 2
2026-06-13 13:39:59.773 +00:00 [INF] Cookie: adminRefreshToken = 44 chars
2026-06-13 13:39:59.773 +00:00 [INF] Cookie: adminToken = 844 chars
2026-06-13 13:39:59.774 +00:00 [INF] Admin token found in cookies, length: 844
2026-06-13 13:39:59.774 +00:00 [INF] Admin token set in context
2026-06-13 13:39:59.774 +00:00 [INF] ====== OnMessageReceived END - Token set: true ======
2026-06-13 13:39:59.774 +00:00 [INF] Token validated successfully for user: lengyelnorbi
2026-06-13 13:39:59.774 +00:00 [INF] Device fingerprint headers - UA: Mozilla/5.0 (Windows NT 10.0; Win64; x64; rv:151.0) Gecko/20100101 Firefox/151.0, Accept: application/json, text/plain, */*, Encoding: gzip, deflate
2026-06-13 13:39:59.774 +00:00 [INF] Device fingerprint validation: Stored=/a2uf4z8rcBIhIr7KGbd6aahMr80Bhj+9uyLiYNZ66A=, Current=/a2uf4z8rcBIhIr7KGbd6aahMr80Bhj+9uyLiYNZ66A=
2026-06-13 13:39:59.777 +00:00 [INF] Executed DbCommand (1ms) [Parameters=[@__jti_0='?', @__userId_1='?' (DbType = Int32)], CommandType='"Text"', CommandTimeout='30']
SELECT a."ID", a."CreatedAt", a."DeviceFingerprint", a."ExpiresAt", a."IpAddress", a."IsRevoked", a."UserID", a.jti
FROM "AccessTokens" AS a
WHERE a.jti = @__jti_0 AND a."UserID" = @__userId_1 AND NOT (a."IsRevoked") AND a."ExpiresAt" > now()
LIMIT 1
2026-06-13 13:39:59.777 +00:00 [INF] Request starting HTTP/1.1 GET http://192.168.1.6:8080/api/user - null null
2026-06-13 13:39:59.777 +00:00 [INF] CORS policy execution successful.
2026-06-13 13:39:59.777 +00:00 [INF] Executing endpoint 'API.Controllers.UserController.Get (API)'
2026-06-13 13:39:59.777 +00:00 [INF] ====== OnMessageReceived START ======
2026-06-13 13:39:59.778 +00:00 [INF] Route matched with {action = "Get", controller = "User"}. Executing controller action with signature System.Threading.Tasks.Task`1[System.Collections.Generic.IEnumerable`1[API.DTO.UserDTO]] Get() on controller API.Controllers.UserController (API).
2026-06-13 13:39:59.778 +00:00 [INF] Available cookies: 2
2026-06-13 13:39:59.778 +00:00 [INF] Fetching user data from database...
2026-06-13 13:39:59.778 +00:00 [INF] Cookie: adminRefreshToken = 44 chars
2026-06-13 13:39:59.778 +00:00 [INF] Cookie: adminToken = 844 chars
2026-06-13 13:39:59.778 +00:00 [INF] Admin token found in cookies, length: 844
2026-06-13 13:39:59.779 +00:00 [INF] Admin token set in context
2026-06-13 13:39:59.779 +00:00 [INF] ====== OnMessageReceived END - Token set: true ======
2026-06-13 13:39:59.779 +00:00 [INF] Token validated successfully for user: lengyelnorbi
2026-06-13 13:39:59.779 +00:00 [INF] Executed DbCommand (1ms) [Parameters=[], CommandType='"Text"', CommandTimeout='30']
SELECT u."ID", u."Email", u."PasswordHash", u."RegisteredAt", u."Role", u."Username"
FROM "Users" AS u
2026-06-13 13:39:59.779 +00:00 [INF] Device fingerprint headers - UA: Mozilla/5.0 (Windows NT 10.0; Win64; x64; rv:151.0) Gecko/20100101 Firefox/151.0, Accept: application/json, text/plain, */*, Encoding: gzip, deflate
2026-06-13 13:39:59.780 +00:00 [INF] Device fingerprint validation: Stored=/a2uf4z8rcBIhIr7KGbd6aahMr80Bhj+9uyLiYNZ66A=, Current=/a2uf4z8rcBIhIr7KGbd6aahMr80Bhj+9uyLiYNZ66A=
2026-06-13 13:39:59.780 +00:00 [INF] Executing ObjectResult, writing value of type 'System.Collections.Generic.List`1[[API.DTO.UserDTO, API, Version=1.0.0.0, Culture=neutral, PublicKeyToken=null]]'.
2026-06-13 13:39:59.780 +00:00 [INF] Executed action API.Controllers.UserController.Get (API) in 2.2795ms
2026-06-13 13:39:59.780 +00:00 [INF] Executed endpoint 'API.Controllers.UserController.Get (API)'
2026-06-13 13:39:59.781 +00:00 [INF] Request finished HTTP/1.1 GET http://192.168.1.6:8080/api/user?page=1&limit=10 - 200 null application/json; charset=utf-8 8.3256ms
2026-06-13 13:39:59.782 +00:00 [INF] Executed DbCommand (1ms) [Parameters=[@__jti_0='?', @__userId_1='?' (DbType = Int32)], CommandType='"Text"', CommandTimeout='30']
SELECT a."ID", a."CreatedAt", a."DeviceFingerprint", a."ExpiresAt", a."IpAddress", a."IsRevoked", a."UserID", a.jti
FROM "AccessTokens" AS a
WHERE a.jti = @__jti_0 AND a."UserID" = @__userId_1 AND NOT (a."IsRevoked") AND a."ExpiresAt" > now()
LIMIT 1
2026-06-13 13:39:59.782 +00:00 [INF] Executing endpoint 'API.Controllers.UserController.Get (API)'
2026-06-13 13:39:59.782 +00:00 [INF] Route matched with {action = "Get", controller = "User"}. Executing controller action with signature System.Threading.Tasks.Task`1[System.Collections.Generic.IEnumerable`1[API.DTO.UserDTO]] Get() on controller API.Controllers.UserController (API).
2026-06-13 13:39:59.782 +00:00 [INF] Fetching user data from database...
2026-06-13 13:39:59.784 +00:00 [INF] Executed DbCommand (1ms) [Parameters=[], CommandType='"Text"', CommandTimeout='30']
SELECT u."ID", u."Email", u."PasswordHash", u."RegisteredAt", u."Role", u."Username"
FROM "Users" AS u
2026-06-13 13:39:59.784 +00:00 [INF] Executing ObjectResult, writing value of type 'System.Collections.Generic.List`1[[API.DTO.UserDTO, API, Version=1.0.0.0, Culture=neutral, PublicKeyToken=null]]'.
2026-06-13 13:39:59.784 +00:00 [INF] Executed action API.Controllers.UserController.Get (API) in 2.0163ms
2026-06-13 13:39:59.785 +00:00 [INF] Executed endpoint 'API.Controllers.UserController.Get (API)'
2026-06-13 13:39:59.785 +00:00 [INF] Request finished HTTP/1.1 GET http://192.168.1.6:8080/api/user - 200 null application/json; charset=utf-8 7.9301ms
2026-06-13 13:40:01.402 +00:00 [INF] Request starting HTTP/1.1 GET http://192.168.1.6:8080/api/user?page=1&limit=10 - null null
2026-06-13 13:40:01.402 +00:00 [INF] CORS policy execution successful.
2026-06-13 13:40:01.403 +00:00 [INF] ====== OnMessageReceived START ======
2026-06-13 13:40:01.403 +00:00 [INF] Available cookies: 2
2026-06-13 13:40:01.403 +00:00 [INF] Cookie: adminRefreshToken = 44 chars
2026-06-13 13:40:01.403 +00:00 [INF] Cookie: adminToken = 844 chars
2026-06-13 13:40:01.403 +00:00 [INF] Admin token found in cookies, length: 844
2026-06-13 13:40:01.405 +00:00 [INF] Admin token set in context
2026-06-13 13:40:01.405 +00:00 [INF] ====== OnMessageReceived END - Token set: true ======
2026-06-13 13:40:01.405 +00:00 [INF] Token validated successfully for user: lengyelnorbi
2026-06-13 13:40:01.406 +00:00 [INF] Request starting HTTP/1.1 GET http://192.168.1.6:8080/api/user - null null
2026-06-13 13:40:01.406 +00:00 [INF] Device fingerprint headers - UA: Mozilla/5.0 (Windows NT 10.0; Win64; x64; rv:151.0) Gecko/20100101 Firefox/151.0, Accept: application/json, text/plain, */*, Encoding: gzip, deflate
2026-06-13 13:40:01.406 +00:00 [INF] CORS policy execution successful.
2026-06-13 13:40:01.406 +00:00 [INF] Device fingerprint validation: Stored=/a2uf4z8rcBIhIr7KGbd6aahMr80Bhj+9uyLiYNZ66A=, Current=/a2uf4z8rcBIhIr7KGbd6aahMr80Bhj+9uyLiYNZ66A=
2026-06-13 13:40:01.406 +00:00 [INF] ====== OnMessageReceived START ======
2026-06-13 13:40:01.407 +00:00 [INF] Available cookies: 2
2026-06-13 13:40:01.407 +00:00 [INF] Cookie: adminRefreshToken = 44 chars
2026-06-13 13:40:01.407 +00:00 [INF] Cookie: adminToken = 844 chars
2026-06-13 13:40:01.407 +00:00 [INF] Admin token found in cookies, length: 844
2026-06-13 13:40:01.407 +00:00 [INF] Admin token set in context
2026-06-13 13:40:01.407 +00:00 [INF] ====== OnMessageReceived END - Token set: true ======
2026-06-13 13:40:01.408 +00:00 [INF] Token validated successfully for user: lengyelnorbi
2026-06-13 13:40:01.408 +00:00 [INF] Device fingerprint headers - UA: Mozilla/5.0 (Windows NT 10.0; Win64; x64; rv:151.0) Gecko/20100101 Firefox/151.0, Accept: application/json, text/plain, */*, Encoding: gzip, deflate
2026-06-13 13:40:01.408 +00:00 [INF] Device fingerprint validation: Stored=/a2uf4z8rcBIhIr7KGbd6aahMr80Bhj+9uyLiYNZ66A=, Current=/a2uf4z8rcBIhIr7KGbd6aahMr80Bhj+9uyLiYNZ66A=
2026-06-13 13:40:01.409 +00:00 [INF] Executed DbCommand (1ms) [Parameters=[@__jti_0='?', @__userId_1='?' (DbType = Int32)], CommandType='"Text"', CommandTimeout='30']
SELECT a."ID", a."CreatedAt", a."DeviceFingerprint", a."ExpiresAt", a."IpAddress", a."IsRevoked", a."UserID", a.jti
FROM "AccessTokens" AS a
WHERE a.jti = @__jti_0 AND a."UserID" = @__userId_1 AND NOT (a."IsRevoked") AND a."ExpiresAt" > now()
LIMIT 1
2026-06-13 13:40:01.409 +00:00 [INF] Executing endpoint 'API.Controllers.UserController.Get (API)'
2026-06-13 13:40:01.409 +00:00 [INF] Route matched with {action = "Get", controller = "User"}. Executing controller action with signature System.Threading.Tasks.Task`1[System.Collections.Generic.IEnumerable`1[API.DTO.UserDTO]] Get() on controller API.Controllers.UserController (API).
2026-06-13 13:40:01.409 +00:00 [INF] Fetching user data from database...
2026-06-13 13:40:01.410 +00:00 [INF] Executed DbCommand (1ms) [Parameters=[@__jti_0='?', @__userId_1='?' (DbType = Int32)], CommandType='"Text"', CommandTimeout='30']
SELECT a."ID", a."CreatedAt", a."DeviceFingerprint", a."ExpiresAt", a."IpAddress", a."IsRevoked", a."UserID", a.jti
FROM "AccessTokens" AS a
WHERE a.jti = @__jti_0 AND a."UserID" = @__userId_1 AND NOT (a."IsRevoked") AND a."ExpiresAt" > now()
LIMIT 1
2026-06-13 13:40:01.410 +00:00 [INF] Executing endpoint 'API.Controllers.UserController.Get (API)'
2026-06-13 13:40:01.410 +00:00 [INF] Route matched with {action = "Get", controller = "User"}. Executing controller action with signature System.Threading.Tasks.Task`1[System.Collections.Generic.IEnumerable`1[API.DTO.UserDTO]] Get() on controller API.Controllers.UserController (API).
2026-06-13 13:40:01.410 +00:00 [INF] Executed DbCommand (1ms) [Parameters=[], CommandType='"Text"', CommandTimeout='30']
SELECT u."ID", u."Email", u."PasswordHash", u."RegisteredAt", u."Role", u."Username"
FROM "Users" AS u
2026-06-13 13:40:01.411 +00:00 [INF] Fetching user data from database...
2026-06-13 13:40:01.411 +00:00 [INF] Executing ObjectResult, writing value of type 'System.Collections.Generic.List`1[[API.DTO.UserDTO, API, Version=1.0.0.0, Culture=neutral, PublicKeyToken=null]]'.
2026-06-13 13:40:01.411 +00:00 [INF] Executed action API.Controllers.UserController.Get (API) in 1.9645ms
2026-06-13 13:40:01.411 +00:00 [INF] Executed endpoint 'API.Controllers.UserController.Get (API)'
2026-06-13 13:40:01.412 +00:00 [INF] Request finished HTTP/1.1 GET http://192.168.1.6:8080/api/user?page=1&limit=10 - 200 null application/json; charset=utf-8 9.9538ms
2026-06-13 13:40:01.412 +00:00 [INF] Executed DbCommand (1ms) [Parameters=[], CommandType='"Text"', CommandTimeout='30']
SELECT u."ID", u."Email", u."PasswordHash", u."RegisteredAt", u."Role", u."Username"
FROM "Users" AS u
2026-06-13 13:40:01.412 +00:00 [INF] Executing ObjectResult, writing value of type 'System.Collections.Generic.List`1[[API.DTO.UserDTO, API, Version=1.0.0.0, Culture=neutral, PublicKeyToken=null]]'.
2026-06-13 13:40:01.412 +00:00 [INF] Executed action API.Controllers.UserController.Get (API) in 1.8472ms
2026-06-13 13:40:01.413 +00:00 [INF] Executed endpoint 'API.Controllers.UserController.Get (API)'
2026-06-13 13:40:01.413 +00:00 [INF] Request finished HTTP/1.1 GET http://192.168.1.6:8080/api/user - 200 null application/json; charset=utf-8 7.0615ms
2026-06-13 13:42:03.572 +00:00 [INF] Request starting HTTP/1.1 GET http://192.168.1.6:8080/api/user?page=1&limit=10 - null null
2026-06-13 13:42:03.572 +00:00 [INF] CORS policy execution successful.
2026-06-13 13:42:03.573 +00:00 [INF] ====== OnMessageReceived START ======
2026-06-13 13:42:03.573 +00:00 [INF] Request starting HTTP/1.1 GET http://192.168.1.6:8080/api/user - null null
2026-06-13 13:42:03.573 +00:00 [INF] Available cookies: 2
2026-06-13 13:42:03.574 +00:00 [INF] CORS policy execution successful.
2026-06-13 13:42:03.574 +00:00 [INF] Cookie: adminRefreshToken = 44 chars
2026-06-13 13:42:03.574 +00:00 [INF] ====== OnMessageReceived START ======
2026-06-13 13:42:03.574 +00:00 [INF] Cookie: adminToken = 844 chars
2026-06-13 13:42:03.575 +00:00 [INF] Available cookies: 2
2026-06-13 13:42:03.575 +00:00 [INF] Admin token found in cookies, length: 844
2026-06-13 13:42:03.575 +00:00 [INF] Cookie: adminRefreshToken = 44 chars
2026-06-13 13:42:03.575 +00:00 [INF] Admin token set in context
2026-06-13 13:42:03.575 +00:00 [INF] Cookie: adminToken = 844 chars
2026-06-13 13:42:03.575 +00:00 [INF] ====== OnMessageReceived END - Token set: true ======
2026-06-13 13:42:03.576 +00:00 [INF] Admin token found in cookies, length: 844
2026-06-13 13:42:03.576 +00:00 [INF] Admin token set in context
2026-06-13 13:42:03.576 +00:00 [INF] Token validated successfully for user: lengyelnorbi
2026-06-13 13:42:03.576 +00:00 [INF] ====== OnMessageReceived END - Token set: true ======
2026-06-13 13:42:03.576 +00:00 [INF] Device fingerprint headers - UA: Mozilla/5.0 (Windows NT 10.0; Win64; x64; rv:151.0) Gecko/20100101 Firefox/151.0, Accept: application/json, text/plain, */*, Encoding: gzip, deflate
2026-06-13 13:42:03.576 +00:00 [INF] Token validated successfully for user: lengyelnorbi
2026-06-13 13:42:03.576 +00:00 [INF] Device fingerprint validation: Stored=/a2uf4z8rcBIhIr7KGbd6aahMr80Bhj+9uyLiYNZ66A=, Current=/a2uf4z8rcBIhIr7KGbd6aahMr80Bhj+9uyLiYNZ66A=
2026-06-13 13:42:03.577 +00:00 [INF] Device fingerprint headers - UA: Mozilla/5.0 (Windows NT 10.0; Win64; x64; rv:151.0) Gecko/20100101 Firefox/151.0, Accept: application/json, text/plain, */*, Encoding: gzip, deflate
2026-06-13 13:42:03.577 +00:00 [INF] Device fingerprint validation: Stored=/a2uf4z8rcBIhIr7KGbd6aahMr80Bhj+9uyLiYNZ66A=, Current=/a2uf4z8rcBIhIr7KGbd6aahMr80Bhj+9uyLiYNZ66A=
2026-06-13 13:42:03.579 +00:00 [INF] Executed DbCommand (2ms) [Parameters=[@__jti_0='?', @__userId_1='?' (DbType = Int32)], CommandType='"Text"', CommandTimeout='30']
SELECT a."ID", a."CreatedAt", a."DeviceFingerprint", a."ExpiresAt", a."IpAddress", a."IsRevoked", a."UserID", a.jti
FROM "AccessTokens" AS a
WHERE a.jti = @__jti_0 AND a."UserID" = @__userId_1 AND NOT (a."IsRevoked") AND a."ExpiresAt" > now()
LIMIT 1
2026-06-13 13:42:03.579 +00:00 [INF] Executed DbCommand (1ms) [Parameters=[@__jti_0='?', @__userId_1='?' (DbType = Int32)], CommandType='"Text"', CommandTimeout='30']
SELECT a."ID", a."CreatedAt", a."DeviceFingerprint", a."ExpiresAt", a."IpAddress", a."IsRevoked", a."UserID", a.jti
FROM "AccessTokens" AS a
WHERE a.jti = @__jti_0 AND a."UserID" = @__userId_1 AND NOT (a."IsRevoked") AND a."ExpiresAt" > now()
LIMIT 1
2026-06-13 13:42:03.580 +00:00 [INF] Executing endpoint 'API.Controllers.UserController.Get (API)'
2026-06-13 13:42:03.580 +00:00 [INF] Executing endpoint 'API.Controllers.UserController.Get (API)'
2026-06-13 13:42:03.580 +00:00 [INF] Route matched with {action = "Get", controller = "User"}. Executing controller action with signature System.Threading.Tasks.Task`1[System.Collections.Generic.IEnumerable`1[API.DTO.UserDTO]] Get() on controller API.Controllers.UserController (API).
2026-06-13 13:42:03.580 +00:00 [INF] Route matched with {action = "Get", controller = "User"}. Executing controller action with signature System.Threading.Tasks.Task`1[System.Collections.Generic.IEnumerable`1[API.DTO.UserDTO]] Get() on controller API.Controllers.UserController (API).
2026-06-13 13:42:03.580 +00:00 [INF] Fetching user data from database...
2026-06-13 13:42:03.580 +00:00 [INF] Fetching user data from database...
2026-06-13 13:42:03.582 +00:00 [INF] Executed DbCommand (1ms) [Parameters=[], CommandType='"Text"', CommandTimeout='30']
SELECT u."ID", u."Email", u."PasswordHash", u."RegisteredAt", u."Role", u."Username"
FROM "Users" AS u
2026-06-13 13:42:03.582 +00:00 [INF] Executed DbCommand (1ms) [Parameters=[], CommandType='"Text"', CommandTimeout='30']
SELECT u."ID", u."Email", u."PasswordHash", u."RegisteredAt", u."Role", u."Username"
FROM "Users" AS u
2026-06-13 13:42:03.582 +00:00 [INF] Executing ObjectResult, writing value of type 'System.Collections.Generic.List`1[[API.DTO.UserDTO, API, Version=1.0.0.0, Culture=neutral, PublicKeyToken=null]]'.
2026-06-13 13:42:03.582 +00:00 [INF] Executing ObjectResult, writing value of type 'System.Collections.Generic.List`1[[API.DTO.UserDTO, API, Version=1.0.0.0, Culture=neutral, PublicKeyToken=null]]'.
2026-06-13 13:42:03.583 +00:00 [INF] Executed action API.Controllers.UserController.Get (API) in 2.368ms
2026-06-13 13:42:03.583 +00:00 [INF] Executed action API.Controllers.UserController.Get (API) in 2.843ms
2026-06-13 13:42:03.583 +00:00 [INF] Executed endpoint 'API.Controllers.UserController.Get (API)'
2026-06-13 13:42:03.583 +00:00 [INF] Executed endpoint 'API.Controllers.UserController.Get (API)'
2026-06-13 13:42:03.584 +00:00 [INF] Request finished HTTP/1.1 GET http://192.168.1.6:8080/api/user?page=1&limit=10 - 200 null application/json; charset=utf-8 11.6674ms
2026-06-13 13:42:03.584 +00:00 [INF] Request finished HTTP/1.1 GET http://192.168.1.6:8080/api/user - 200 null application/json; charset=utf-8 10.2663ms
2026-06-13 13:42:05.660 +00:00 [INF] Request starting HTTP/1.1 GET http://192.168.1.6:8080/api/user?page=1&limit=10 - null null
2026-06-13 13:42:05.660 +00:00 [INF] CORS policy execution successful.
2026-06-13 13:42:05.660 +00:00 [INF] ====== OnMessageReceived START ======
2026-06-13 13:42:05.661 +00:00 [INF] Available cookies: 2
2026-06-13 13:42:05.661 +00:00 [INF] Cookie: adminRefreshToken = 44 chars
2026-06-13 13:42:05.661 +00:00 [INF] Cookie: adminToken = 844 chars
2026-06-13 13:42:05.661 +00:00 [INF] Admin token found in cookies, length: 844
2026-06-13 13:42:05.661 +00:00 [INF] Admin token set in context
2026-06-13 13:42:05.661 +00:00 [INF] ====== OnMessageReceived END - Token set: true ======
2026-06-13 13:42:05.662 +00:00 [INF] Token validated successfully for user: lengyelnorbi
2026-06-13 13:42:05.662 +00:00 [INF] Device fingerprint headers - UA: Mozilla/5.0 (Windows NT 10.0; Win64; x64; rv:151.0) Gecko/20100101 Firefox/151.0, Accept: application/json, text/plain, */*, Encoding: gzip, deflate
2026-06-13 13:42:05.662 +00:00 [INF] Device fingerprint validation: Stored=/a2uf4z8rcBIhIr7KGbd6aahMr80Bhj+9uyLiYNZ66A=, Current=/a2uf4z8rcBIhIr7KGbd6aahMr80Bhj+9uyLiYNZ66A=
2026-06-13 13:42:05.663 +00:00 [INF] Request starting HTTP/1.1 GET http://192.168.1.6:8080/api/user - null null
2026-06-13 13:42:05.664 +00:00 [INF] CORS policy execution successful.
2026-06-13 13:42:05.664 +00:00 [INF] ====== OnMessageReceived START ======
2026-06-13 13:42:05.664 +00:00 [INF] Available cookies: 2
2026-06-13 13:42:05.664 +00:00 [INF] Executed DbCommand (1ms) [Parameters=[@__jti_0='?', @__userId_1='?' (DbType = Int32)], CommandType='"Text"', CommandTimeout='30']
SELECT a."ID", a."CreatedAt", a."DeviceFingerprint", a."ExpiresAt", a."IpAddress", a."IsRevoked", a."UserID", a.jti
FROM "AccessTokens" AS a
WHERE a.jti = @__jti_0 AND a."UserID" = @__userId_1 AND NOT (a."IsRevoked") AND a."ExpiresAt" > now()
LIMIT 1
2026-06-13 13:42:05.664 +00:00 [INF] Cookie: adminRefreshToken = 44 chars
2026-06-13 13:42:05.664 +00:00 [INF] Cookie: adminToken = 844 chars
2026-06-13 13:42:05.664 +00:00 [INF] Executing endpoint 'API.Controllers.UserController.Get (API)'
2026-06-13 13:42:05.665 +00:00 [INF] Admin token found in cookies, length: 844
2026-06-13 13:42:05.665 +00:00 [INF] Route matched with {action = "Get", controller = "User"}. Executing controller action with signature System.Threading.Tasks.Task`1[System.Collections.Generic.IEnumerable`1[API.DTO.UserDTO]] Get() on controller API.Controllers.UserController (API).
2026-06-13 13:42:05.665 +00:00 [INF] Admin token set in context
2026-06-13 13:42:05.665 +00:00 [INF] Fetching user data from database...
2026-06-13 13:42:05.665 +00:00 [INF] ====== OnMessageReceived END - Token set: true ======
2026-06-13 13:42:05.665 +00:00 [INF] Token validated successfully for user: lengyelnorbi
2026-06-13 13:42:05.666 +00:00 [INF] Device fingerprint headers - UA: Mozilla/5.0 (Windows NT 10.0; Win64; x64; rv:151.0) Gecko/20100101 Firefox/151.0, Accept: application/json, text/plain, */*, Encoding: gzip, deflate
2026-06-13 13:42:05.666 +00:00 [INF] Device fingerprint validation: Stored=/a2uf4z8rcBIhIr7KGbd6aahMr80Bhj+9uyLiYNZ66A=, Current=/a2uf4z8rcBIhIr7KGbd6aahMr80Bhj+9uyLiYNZ66A=
2026-06-13 13:42:05.666 +00:00 [INF] Executed DbCommand (1ms) [Parameters=[], CommandType='"Text"', CommandTimeout='30']
SELECT u."ID", u."Email", u."PasswordHash", u."RegisteredAt", u."Role", u."Username"
FROM "Users" AS u
2026-06-13 13:42:05.666 +00:00 [INF] Executing ObjectResult, writing value of type 'System.Collections.Generic.List`1[[API.DTO.UserDTO, API, Version=1.0.0.0, Culture=neutral, PublicKeyToken=null]]'.
2026-06-13 13:42:05.667 +00:00 [INF] Executed action API.Controllers.UserController.Get (API) in 1.777ms
2026-06-13 13:42:05.667 +00:00 [INF] Executed endpoint 'API.Controllers.UserController.Get (API)'
2026-06-13 13:42:05.667 +00:00 [INF] Request finished HTTP/1.1 GET http://192.168.1.6:8080/api/user?page=1&limit=10 - 200 null application/json; charset=utf-8 7.191ms
2026-06-13 13:42:05.667 +00:00 [INF] Executed DbCommand (1ms) [Parameters=[@__jti_0='?', @__userId_1='?' (DbType = Int32)], CommandType='"Text"', CommandTimeout='30']
SELECT a."ID", a."CreatedAt", a."DeviceFingerprint", a."ExpiresAt", a."IpAddress", a."IsRevoked", a."UserID", a.jti
FROM "AccessTokens" AS a
WHERE a.jti = @__jti_0 AND a."UserID" = @__userId_1 AND NOT (a."IsRevoked") AND a."ExpiresAt" > now()
LIMIT 1
2026-06-13 13:42:05.668 +00:00 [INF] Executing endpoint 'API.Controllers.UserController.Get (API)'
2026-06-13 13:42:05.668 +00:00 [INF] Route matched with {action = "Get", controller = "User"}. Executing controller action with signature System.Threading.Tasks.Task`1[System.Collections.Generic.IEnumerable`1[API.DTO.UserDTO]] Get() on controller API.Controllers.UserController (API).
2026-06-13 13:42:05.668 +00:00 [INF] Fetching user data from database...
2026-06-13 13:42:05.669 +00:00 [INF] Executed DbCommand (1ms) [Parameters=[], CommandType='"Text"', CommandTimeout='30']
SELECT u."ID", u."Email", u."PasswordHash", u."RegisteredAt", u."Role", u."Username"
FROM "Users" AS u
2026-06-13 13:42:05.669 +00:00 [INF] Executing ObjectResult, writing value of type 'System.Collections.Generic.List`1[[API.DTO.UserDTO, API, Version=1.0.0.0, Culture=neutral, PublicKeyToken=null]]'.
2026-06-13 13:42:05.670 +00:00 [INF] Executed action API.Controllers.UserController.Get (API) in 1.6988ms
2026-06-13 13:42:05.670 +00:00 [INF] Executed endpoint 'API.Controllers.UserController.Get (API)'
2026-06-13 13:42:05.670 +00:00 [INF] Request finished HTTP/1.1 GET http://192.168.1.6:8080/api/user - 200 null application/json; charset=utf-8 6.73ms
2026-06-13 13:42:14.789 +00:00 [INF] Request starting HTTP/1.1 GET http://192.168.1.6:8080/api/user?page=1&limit=10 - null null
2026-06-13 13:42:14.790 +00:00 [INF] CORS policy execution successful.
2026-06-13 13:42:14.790 +00:00 [INF] ====== OnMessageReceived START ======
2026-06-13 13:42:14.790 +00:00 [INF] Available cookies: 2
2026-06-13 13:42:14.790 +00:00 [INF] Cookie: adminRefreshToken = 44 chars
2026-06-13 13:42:14.791 +00:00 [INF] Cookie: adminToken = 844 chars
2026-06-13 13:42:14.791 +00:00 [INF] Admin token found in cookies, length: 844
2026-06-13 13:42:14.791 +00:00 [INF] Admin token set in context
2026-06-13 13:42:14.791 +00:00 [INF] ====== OnMessageReceived END - Token set: true ======
2026-06-13 13:42:14.791 +00:00 [INF] Token validated successfully for user: lengyelnorbi
2026-06-13 13:42:14.791 +00:00 [INF] Device fingerprint headers - UA: Mozilla/5.0 (Windows NT 10.0; Win64; x64; rv:151.0) Gecko/20100101 Firefox/151.0, Accept: application/json, text/plain, */*, Encoding: gzip, deflate
2026-06-13 13:42:14.792 +00:00 [INF] Device fingerprint validation: Stored=/a2uf4z8rcBIhIr7KGbd6aahMr80Bhj+9uyLiYNZ66A=, Current=/a2uf4z8rcBIhIr7KGbd6aahMr80Bhj+9uyLiYNZ66A=
2026-06-13 13:42:14.792 +00:00 [INF] Request starting HTTP/1.1 GET http://192.168.1.6:8080/api/user - null null
2026-06-13 13:42:14.793 +00:00 [INF] CORS policy execution successful.
2026-06-13 13:42:14.793 +00:00 [INF] ====== OnMessageReceived START ======
2026-06-13 13:42:14.793 +00:00 [INF] Available cookies: 2
2026-06-13 13:42:14.793 +00:00 [INF] Cookie: adminRefreshToken = 44 chars
2026-06-13 13:42:14.794 +00:00 [INF] Cookie: adminToken = 844 chars
2026-06-13 13:42:14.794 +00:00 [INF] Admin token found in cookies, length: 844
2026-06-13 13:42:14.794 +00:00 [INF] Admin token set in context
2026-06-13 13:42:14.794 +00:00 [INF] Executed DbCommand (2ms) [Parameters=[@__jti_0='?', @__userId_1='?' (DbType = Int32)], CommandType='"Text"', CommandTimeout='30']
SELECT a."ID", a."CreatedAt", a."DeviceFingerprint", a."ExpiresAt", a."IpAddress", a."IsRevoked", a."UserID", a.jti
FROM "AccessTokens" AS a
WHERE a.jti = @__jti_0 AND a."UserID" = @__userId_1 AND NOT (a."IsRevoked") AND a."ExpiresAt" > now()
LIMIT 1
2026-06-13 13:42:14.794 +00:00 [INF] ====== OnMessageReceived END - Token set: true ======
2026-06-13 13:42:14.795 +00:00 [INF] Executing endpoint 'API.Controllers.UserController.Get (API)'
2026-06-13 13:42:14.795 +00:00 [INF] Token validated successfully for user: lengyelnorbi
2026-06-13 13:42:14.795 +00:00 [INF] Route matched with {action = "Get", controller = "User"}. Executing controller action with signature System.Threading.Tasks.Task`1[System.Collections.Generic.IEnumerable`1[API.DTO.UserDTO]] Get() on controller API.Controllers.UserController (API).
2026-06-13 13:42:14.795 +00:00 [INF] Device fingerprint headers - UA: Mozilla/5.0 (Windows NT 10.0; Win64; x64; rv:151.0) Gecko/20100101 Firefox/151.0, Accept: application/json, text/plain, */*, Encoding: gzip, deflate
2026-06-13 13:42:14.795 +00:00 [INF] Fetching user data from database...
2026-06-13 13:42:14.795 +00:00 [INF] Device fingerprint validation: Stored=/a2uf4z8rcBIhIr7KGbd6aahMr80Bhj+9uyLiYNZ66A=, Current=/a2uf4z8rcBIhIr7KGbd6aahMr80Bhj+9uyLiYNZ66A=
2026-06-13 13:42:14.796 +00:00 [INF] Executed DbCommand (1ms) [Parameters=[], CommandType='"Text"', CommandTimeout='30']
SELECT u."ID", u."Email", u."PasswordHash", u."RegisteredAt", u."Role", u."Username"
FROM "Users" AS u
2026-06-13 13:42:14.797 +00:00 [INF] Executing ObjectResult, writing value of type 'System.Collections.Generic.List`1[[API.DTO.UserDTO, API, Version=1.0.0.0, Culture=neutral, PublicKeyToken=null]]'.
2026-06-13 13:42:14.797 +00:00 [INF] Executed DbCommand (1ms) [Parameters=[@__jti_0='?', @__userId_1='?' (DbType = Int32)], CommandType='"Text"', CommandTimeout='30']
SELECT a."ID", a."CreatedAt", a."DeviceFingerprint", a."ExpiresAt", a."IpAddress", a."IsRevoked", a."UserID", a.jti
FROM "AccessTokens" AS a
WHERE a.jti = @__jti_0 AND a."UserID" = @__userId_1 AND NOT (a."IsRevoked") AND a."ExpiresAt" > now()
LIMIT 1
2026-06-13 13:42:14.797 +00:00 [INF] Executed action API.Controllers.UserController.Get (API) in 1.8633ms
2026-06-13 13:42:14.797 +00:00 [INF] Executing endpoint 'API.Controllers.UserController.Get (API)'
2026-06-13 13:42:14.797 +00:00 [INF] Executed endpoint 'API.Controllers.UserController.Get (API)'
2026-06-13 13:42:14.797 +00:00 [INF] Route matched with {action = "Get", controller = "User"}. Executing controller action with signature System.Threading.Tasks.Task`1[System.Collections.Generic.IEnumerable`1[API.DTO.UserDTO]] Get() on controller API.Controllers.UserController (API).
2026-06-13 13:42:14.798 +00:00 [INF] Request finished HTTP/1.1 GET http://192.168.1.6:8080/api/user?page=1&limit=10 - 200 null application/json; charset=utf-8 8.4775ms
2026-06-13 13:42:14.798 +00:00 [INF] Fetching user data from database...
2026-06-13 13:42:14.799 +00:00 [INF] Executed DbCommand (1ms) [Parameters=[], CommandType='"Text"', CommandTimeout='30']
SELECT u."ID", u."Email", u."PasswordHash", u."RegisteredAt", u."Role", u."Username"
FROM "Users" AS u
2026-06-13 13:42:14.799 +00:00 [INF] Executing ObjectResult, writing value of type 'System.Collections.Generic.List`1[[API.DTO.UserDTO, API, Version=1.0.0.0, Culture=neutral, PublicKeyToken=null]]'.
2026-06-13 13:42:14.800 +00:00 [INF] Executed action API.Controllers.UserController.Get (API) in 1.8796ms
2026-06-13 13:42:14.800 +00:00 [INF] Executed endpoint 'API.Controllers.UserController.Get (API)'
2026-06-13 13:42:14.800 +00:00 [INF] Request finished HTTP/1.1 GET http://192.168.1.6:8080/api/user - 200 null application/json; charset=utf-8 7.6795ms
2026-06-13 13:42:16.099 +00:00 [INF] Request starting HTTP/1.1 GET http://192.168.1.6:8080/api/user?page=1&limit=10 - null null
2026-06-13 13:42:16.099 +00:00 [INF] CORS policy execution successful.
2026-06-13 13:42:16.100 +00:00 [INF] ====== OnMessageReceived START ======
2026-06-13 13:42:16.100 +00:00 [INF] Available cookies: 2
2026-06-13 13:42:16.100 +00:00 [INF] Cookie: adminRefreshToken = 44 chars
2026-06-13 13:42:16.100 +00:00 [INF] Cookie: adminToken = 844 chars
2026-06-13 13:42:16.100 +00:00 [INF] Admin token found in cookies, length: 844
2026-06-13 13:42:16.100 +00:00 [INF] Admin token set in context
2026-06-13 13:42:16.101 +00:00 [INF] ====== OnMessageReceived END - Token set: true ======
2026-06-13 13:42:16.101 +00:00 [INF] Token validated successfully for user: lengyelnorbi
2026-06-13 13:42:16.101 +00:00 [INF] Device fingerprint headers - UA: Mozilla/5.0 (Windows NT 10.0; Win64; x64; rv:151.0) Gecko/20100101 Firefox/151.0, Accept: application/json, text/plain, */*, Encoding: gzip, deflate
2026-06-13 13:42:16.101 +00:00 [INF] Device fingerprint validation: Stored=/a2uf4z8rcBIhIr7KGbd6aahMr80Bhj+9uyLiYNZ66A=, Current=/a2uf4z8rcBIhIr7KGbd6aahMr80Bhj+9uyLiYNZ66A=
2026-06-13 13:42:16.102 +00:00 [INF] Request starting HTTP/1.1 GET http://192.168.1.6:8080/api/user - null null
2026-06-13 13:42:16.102 +00:00 [INF] CORS policy execution successful.
2026-06-13 13:42:16.102 +00:00 [INF] ====== OnMessageReceived START ======
2026-06-13 13:42:16.102 +00:00 [INF] Available cookies: 2
2026-06-13 13:42:16.102 +00:00 [INF] Cookie: adminRefreshToken = 44 chars
2026-06-13 13:42:16.103 +00:00 [INF] Cookie: adminToken = 844 chars
2026-06-13 13:42:16.103 +00:00 [INF] Admin token found in cookies, length: 844
2026-06-13 13:42:16.103 +00:00 [INF] Admin token set in context
2026-06-13 13:42:16.103 +00:00 [INF] ====== OnMessageReceived END - Token set: true ======
2026-06-13 13:42:16.103 +00:00 [INF] Token validated successfully for user: lengyelnorbi
2026-06-13 13:42:16.104 +00:00 [INF] Executed DbCommand (1ms) [Parameters=[@__jti_0='?', @__userId_1='?' (DbType = Int32)], CommandType='"Text"', CommandTimeout='30']
SELECT a."ID", a."CreatedAt", a."DeviceFingerprint", a."ExpiresAt", a."IpAddress", a."IsRevoked", a."UserID", a.jti
FROM "AccessTokens" AS a
WHERE a.jti = @__jti_0 AND a."UserID" = @__userId_1 AND NOT (a."IsRevoked") AND a."ExpiresAt" > now()
LIMIT 1
2026-06-13 13:42:16.104 +00:00 [INF] Device fingerprint headers - UA: Mozilla/5.0 (Windows NT 10.0; Win64; x64; rv:151.0) Gecko/20100101 Firefox/151.0, Accept: application/json, text/plain, */*, Encoding: gzip, deflate
2026-06-13 13:42:16.104 +00:00 [INF] Executing endpoint 'API.Controllers.UserController.Get (API)'
2026-06-13 13:42:16.104 +00:00 [INF] Device fingerprint validation: Stored=/a2uf4z8rcBIhIr7KGbd6aahMr80Bhj+9uyLiYNZ66A=, Current=/a2uf4z8rcBIhIr7KGbd6aahMr80Bhj+9uyLiYNZ66A=
2026-06-13 13:42:16.104 +00:00 [INF] Route matched with {action = "Get", controller = "User"}. Executing controller action with signature System.Threading.Tasks.Task`1[System.Collections.Generic.IEnumerable`1[API.DTO.UserDTO]] Get() on controller API.Controllers.UserController (API).
2026-06-13 13:42:16.104 +00:00 [INF] Fetching user data from database...
2026-06-13 13:42:16.105 +00:00 [INF] Executed DbCommand (1ms) [Parameters=[], CommandType='"Text"', CommandTimeout='30']
SELECT u."ID", u."Email", u."PasswordHash", u."RegisteredAt", u."Role", u."Username"
FROM "Users" AS u
2026-06-13 13:42:16.105 +00:00 [INF] Executed DbCommand (1ms) [Parameters=[@__jti_0='?', @__userId_1='?' (DbType = Int32)], CommandType='"Text"', CommandTimeout='30']
SELECT a."ID", a."CreatedAt", a."DeviceFingerprint", a."ExpiresAt", a."IpAddress", a."IsRevoked", a."UserID", a.jti
FROM "AccessTokens" AS a
WHERE a.jti = @__jti_0 AND a."UserID" = @__userId_1 AND NOT (a."IsRevoked") AND a."ExpiresAt" > now()
LIMIT 1
2026-06-13 13:42:16.106 +00:00 [INF] Executing ObjectResult, writing value of type 'System.Collections.Generic.List`1[[API.DTO.UserDTO, API, Version=1.0.0.0, Culture=neutral, PublicKeyToken=null]]'.
2026-06-13 13:42:16.106 +00:00 [INF] Executing endpoint 'API.Controllers.UserController.Get (API)'
2026-06-13 13:42:16.106 +00:00 [INF] Executed action API.Controllers.UserController.Get (API) in 1.6717ms
2026-06-13 13:42:16.106 +00:00 [INF] Route matched with {action = "Get", controller = "User"}. Executing controller action with signature System.Threading.Tasks.Task`1[System.Collections.Generic.IEnumerable`1[API.DTO.UserDTO]] Get() on controller API.Controllers.UserController (API).
2026-06-13 13:42:16.106 +00:00 [INF] Executed endpoint 'API.Controllers.UserController.Get (API)'
2026-06-13 13:42:16.106 +00:00 [INF] Fetching user data from database...
2026-06-13 13:42:16.107 +00:00 [INF] Request finished HTTP/1.1 GET http://192.168.1.6:8080/api/user?page=1&limit=10 - 200 null application/json; charset=utf-8 7.7144ms
2026-06-13 13:42:16.108 +00:00 [INF] Executed DbCommand (1ms) [Parameters=[], CommandType='"Text"', CommandTimeout='30']
SELECT u."ID", u."Email", u."PasswordHash", u."RegisteredAt", u."Role", u."Username"
FROM "Users" AS u
2026-06-13 13:42:16.108 +00:00 [INF] Executing ObjectResult, writing value of type 'System.Collections.Generic.List`1[[API.DTO.UserDTO, API, Version=1.0.0.0, Culture=neutral, PublicKeyToken=null]]'.
2026-06-13 13:42:16.108 +00:00 [INF] Executed action API.Controllers.UserController.Get (API) in 1.975ms
2026-06-13 13:42:16.109 +00:00 [INF] Executed endpoint 'API.Controllers.UserController.Get (API)'
2026-06-13 13:42:16.109 +00:00 [INF] Request finished HTTP/1.1 GET http://192.168.1.6:8080/api/user - 200 null application/json; charset=utf-8 7.2391ms
2026-06-13 13:42:22.465 +00:00 [INF] Request starting HTTP/1.1 GET http://192.168.1.6:8080/api/user?page=1&limit=10 - null null
2026-06-13 13:42:22.465 +00:00 [INF] CORS policy execution successful.
2026-06-13 13:42:22.466 +00:00 [INF] ====== OnMessageReceived START ======
2026-06-13 13:42:22.466 +00:00 [INF] Available cookies: 2
2026-06-13 13:42:22.467 +00:00 [INF] Cookie: adminRefreshToken = 44 chars
2026-06-13 13:42:22.467 +00:00 [INF] Cookie: adminToken = 844 chars
2026-06-13 13:42:22.467 +00:00 [INF] Admin token found in cookies, length: 844
2026-06-13 13:42:22.467 +00:00 [INF] Admin token set in context
2026-06-13 13:42:22.467 +00:00 [INF] ====== OnMessageReceived END - Token set: true ======
2026-06-13 13:42:22.467 +00:00 [INF] Token validated successfully for user: lengyelnorbi
2026-06-13 13:42:22.468 +00:00 [INF] Device fingerprint headers - UA: Mozilla/5.0 (Windows NT 10.0; Win64; x64; rv:151.0) Gecko/20100101 Firefox/151.0, Accept: application/json, text/plain, */*, Encoding: gzip, deflate
2026-06-13 13:42:22.468 +00:00 [INF] Device fingerprint validation: Stored=/a2uf4z8rcBIhIr7KGbd6aahMr80Bhj+9uyLiYNZ66A=, Current=/a2uf4z8rcBIhIr7KGbd6aahMr80Bhj+9uyLiYNZ66A=
2026-06-13 13:42:22.468 +00:00 [INF] Request starting HTTP/1.1 GET http://192.168.1.6:8080/api/user - null null
2026-06-13 13:42:22.468 +00:00 [INF] CORS policy execution successful.
2026-06-13 13:42:22.468 +00:00 [INF] ====== OnMessageReceived START ======
2026-06-13 13:42:22.468 +00:00 [INF] Available cookies: 2
2026-06-13 13:42:22.469 +00:00 [INF] Cookie: adminRefreshToken = 44 chars
2026-06-13 13:42:22.469 +00:00 [INF] Cookie: adminToken = 844 chars
2026-06-13 13:42:22.469 +00:00 [INF] Admin token found in cookies, length: 844
2026-06-13 13:42:22.469 +00:00 [INF] Admin token set in context
2026-06-13 13:42:22.469 +00:00 [INF] ====== OnMessageReceived END - Token set: true ======
2026-06-13 13:42:22.470 +00:00 [INF] Token validated successfully for user: lengyelnorbi
2026-06-13 13:42:22.470 +00:00 [INF] Device fingerprint headers - UA: Mozilla/5.0 (Windows NT 10.0; Win64; x64; rv:151.0) Gecko/20100101 Firefox/151.0, Accept: application/json, text/plain, */*, Encoding: gzip, deflate
2026-06-13 13:42:22.470 +00:00 [INF] Executed DbCommand (1ms) [Parameters=[@__jti_0='?', @__userId_1='?' (DbType = Int32)], CommandType='"Text"', CommandTimeout='30']
SELECT a."ID", a."CreatedAt", a."DeviceFingerprint", a."ExpiresAt", a."IpAddress", a."IsRevoked", a."UserID", a.jti
FROM "AccessTokens" AS a
WHERE a.jti = @__jti_0 AND a."UserID" = @__userId_1 AND NOT (a."IsRevoked") AND a."ExpiresAt" > now()
LIMIT 1
2026-06-13 13:42:22.470 +00:00 [INF] Device fingerprint validation: Stored=/a2uf4z8rcBIhIr7KGbd6aahMr80Bhj+9uyLiYNZ66A=, Current=/a2uf4z8rcBIhIr7KGbd6aahMr80Bhj+9uyLiYNZ66A=
2026-06-13 13:42:22.471 +00:00 [INF] Executing endpoint 'API.Controllers.UserController.Get (API)'
2026-06-13 13:42:22.472 +00:00 [INF] Route matched with {action = "Get", controller = "User"}. Executing controller action with signature System.Threading.Tasks.Task`1[System.Collections.Generic.IEnumerable`1[API.DTO.UserDTO]] Get() on controller API.Controllers.UserController (API).
2026-06-13 13:42:22.472 +00:00 [INF] Fetching user data from database...
2026-06-13 13:42:22.472 +00:00 [INF] Executed DbCommand (1ms) [Parameters=[@__jti_0='?', @__userId_1='?' (DbType = Int32)], CommandType='"Text"', CommandTimeout='30']
SELECT a."ID", a."CreatedAt", a."DeviceFingerprint", a."ExpiresAt", a."IpAddress", a."IsRevoked", a."UserID", a.jti
FROM "AccessTokens" AS a
WHERE a.jti = @__jti_0 AND a."UserID" = @__userId_1 AND NOT (a."IsRevoked") AND a."ExpiresAt" > now()
LIMIT 1
2026-06-13 13:42:22.473 +00:00 [INF] Executing endpoint 'API.Controllers.UserController.Get (API)'
2026-06-13 13:42:22.473 +00:00 [INF] Executed DbCommand (1ms) [Parameters=[], CommandType='"Text"', CommandTimeout='30']
SELECT u."ID", u."Email", u."PasswordHash", u."RegisteredAt", u."Role", u."Username"
FROM "Users" AS u
2026-06-13 13:42:22.475 +00:00 [INF] Route matched with {action = "Get", controller = "User"}. Executing controller action with signature System.Threading.Tasks.Task`1[System.Collections.Generic.IEnumerable`1[API.DTO.UserDTO]] Get() on controller API.Controllers.UserController (API).
2026-06-13 13:42:22.475 +00:00 [INF] Fetching user data from database...
2026-06-13 13:42:22.475 +00:00 [INF] Executing ObjectResult, writing value of type 'System.Collections.Generic.List`1[[API.DTO.UserDTO, API, Version=1.0.0.0, Culture=neutral, PublicKeyToken=null]]'.
2026-06-13 13:42:22.476 +00:00 [INF] Executed action API.Controllers.UserController.Get (API) in 3.8602ms
2026-06-13 13:42:22.476 +00:00 [INF] Executed endpoint 'API.Controllers.UserController.Get (API)'
2026-06-13 13:42:22.476 +00:00 [INF] Request finished HTTP/1.1 GET http://192.168.1.6:8080/api/user?page=1&limit=10 - 200 null application/json; charset=utf-8 11.3241ms
2026-06-13 13:42:22.477 +00:00 [INF] Executed DbCommand (1ms) [Parameters=[], CommandType='"Text"', CommandTimeout='30']
SELECT u."ID", u."Email", u."PasswordHash", u."RegisteredAt", u."Role", u."Username"
FROM "Users" AS u
2026-06-13 13:42:22.477 +00:00 [INF] Executing ObjectResult, writing value of type 'System.Collections.Generic.List`1[[API.DTO.UserDTO, API, Version=1.0.0.0, Culture=neutral, PublicKeyToken=null]]'.
2026-06-13 13:42:22.477 +00:00 [INF] Executed action API.Controllers.UserController.Get (API) in 1.9952ms
2026-06-13 13:42:22.478 +00:00 [INF] Executed endpoint 'API.Controllers.UserController.Get (API)'
2026-06-13 13:42:22.478 +00:00 [INF] Request finished HTTP/1.1 GET http://192.168.1.6:8080/api/user - 200 null application/json; charset=utf-8 9.9841ms
2026-06-13 13:42:24.602 +00:00 [INF] Request starting HTTP/1.1 GET http://192.168.1.6:8080/api/user?page=1&limit=10 - null null
2026-06-13 13:42:24.603 +00:00 [INF] CORS policy execution successful.
2026-06-13 13:42:24.603 +00:00 [INF] ====== OnMessageReceived START ======
2026-06-13 13:42:24.603 +00:00 [INF] Available cookies: 2
2026-06-13 13:42:24.603 +00:00 [INF] Cookie: adminRefreshToken = 44 chars
2026-06-13 13:42:24.604 +00:00 [INF] Cookie: adminToken = 844 chars
2026-06-13 13:42:24.604 +00:00 [INF] Admin token found in cookies, length: 844
2026-06-13 13:42:24.604 +00:00 [INF] Admin token set in context
2026-06-13 13:42:24.604 +00:00 [INF] ====== OnMessageReceived END - Token set: true ======
2026-06-13 13:42:24.605 +00:00 [INF] Token validated successfully for user: lengyelnorbi
2026-06-13 13:42:24.605 +00:00 [INF] Device fingerprint headers - UA: Mozilla/5.0 (Windows NT 10.0; Win64; x64; rv:151.0) Gecko/20100101 Firefox/151.0, Accept: application/json, text/plain, */*, Encoding: gzip, deflate
2026-06-13 13:42:24.605 +00:00 [INF] Device fingerprint validation: Stored=/a2uf4z8rcBIhIr7KGbd6aahMr80Bhj+9uyLiYNZ66A=, Current=/a2uf4z8rcBIhIr7KGbd6aahMr80Bhj+9uyLiYNZ66A=
2026-06-13 13:42:24.607 +00:00 [INF] Executed DbCommand (1ms) [Parameters=[@__jti_0='?', @__userId_1='?' (DbType = Int32)], CommandType='"Text"', CommandTimeout='30']
SELECT a."ID", a."CreatedAt", a."DeviceFingerprint", a."ExpiresAt", a."IpAddress", a."IsRevoked", a."UserID", a.jti
FROM "AccessTokens" AS a
WHERE a.jti = @__jti_0 AND a."UserID" = @__userId_1 AND NOT (a."IsRevoked") AND a."ExpiresAt" > now()
LIMIT 1
2026-06-13 13:42:24.608 +00:00 [INF] Executing endpoint 'API.Controllers.UserController.Get (API)'
2026-06-13 13:42:24.608 +00:00 [INF] Route matched with {action = "Get", controller = "User"}. Executing controller action with signature System.Threading.Tasks.Task`1[System.Collections.Generic.IEnumerable`1[API.DTO.UserDTO]] Get() on controller API.Controllers.UserController (API).
2026-06-13 13:42:24.608 +00:00 [INF] Fetching user data from database...
2026-06-13 13:42:24.610 +00:00 [INF] Executed DbCommand (1ms) [Parameters=[], CommandType='"Text"', CommandTimeout='30']
SELECT u."ID", u."Email", u."PasswordHash", u."RegisteredAt", u."Role", u."Username"
FROM "Users" AS u
2026-06-13 13:42:24.610 +00:00 [INF] Executing ObjectResult, writing value of type 'System.Collections.Generic.List`1[[API.DTO.UserDTO, API, Version=1.0.0.0, Culture=neutral, PublicKeyToken=null]]'.
2026-06-13 13:42:24.610 +00:00 [INF] Executed action API.Controllers.UserController.Get (API) in 2.1347ms
2026-06-13 13:42:24.611 +00:00 [INF] Executed endpoint 'API.Controllers.UserController.Get (API)'
2026-06-13 13:42:24.611 +00:00 [INF] Request finished HTTP/1.1 GET http://192.168.1.6:8080/api/user?page=1&limit=10 - 200 null application/json; charset=utf-8 8.5372ms
2026-06-13 13:42:24.612 +00:00 [INF] Request starting HTTP/1.1 GET http://192.168.1.6:8080/api/user - null null
2026-06-13 13:42:24.612 +00:00 [INF] CORS policy execution successful.
2026-06-13 13:42:24.612 +00:00 [INF] ====== OnMessageReceived START ======
2026-06-13 13:42:24.613 +00:00 [INF] Available cookies: 2
2026-06-13 13:42:24.613 +00:00 [INF] Cookie: adminRefreshToken = 44 chars
2026-06-13 13:42:24.613 +00:00 [INF] Cookie: adminToken = 844 chars
2026-06-13 13:42:24.613 +00:00 [INF] Admin token found in cookies, length: 844
2026-06-13 13:42:24.613 +00:00 [INF] Admin token set in context
2026-06-13 13:42:24.613 +00:00 [INF] ====== OnMessageReceived END - Token set: true ======
2026-06-13 13:42:24.614 +00:00 [INF] Token validated successfully for user: lengyelnorbi
2026-06-13 13:42:24.614 +00:00 [INF] Device fingerprint headers - UA: Mozilla/5.0 (Windows NT 10.0; Win64; x64; rv:151.0) Gecko/20100101 Firefox/151.0, Accept: application/json, text/plain, */*, Encoding: gzip, deflate
2026-06-13 13:42:24.614 +00:00 [INF] Device fingerprint validation: Stored=/a2uf4z8rcBIhIr7KGbd6aahMr80Bhj+9uyLiYNZ66A=, Current=/a2uf4z8rcBIhIr7KGbd6aahMr80Bhj+9uyLiYNZ66A=
2026-06-13 13:42:24.616 +00:00 [INF] Executed DbCommand (1ms) [Parameters=[@__jti_0='?', @__userId_1='?' (DbType = Int32)], CommandType='"Text"', CommandTimeout='30']
SELECT a."ID", a."CreatedAt", a."DeviceFingerprint", a."ExpiresAt", a."IpAddress", a."IsRevoked", a."UserID", a.jti
FROM "AccessTokens" AS a
WHERE a.jti = @__jti_0 AND a."UserID" = @__userId_1 AND NOT (a."IsRevoked") AND a."ExpiresAt" > now()
LIMIT 1
2026-06-13 13:42:24.616 +00:00 [INF] Executing endpoint 'API.Controllers.UserController.Get (API)'
2026-06-13 13:42:24.616 +00:00 [INF] Route matched with {action = "Get", controller = "User"}. Executing controller action with signature System.Threading.Tasks.Task`1[System.Collections.Generic.IEnumerable`1[API.DTO.UserDTO]] Get() on controller API.Controllers.UserController (API).
2026-06-13 13:42:24.617 +00:00 [INF] Fetching user data from database...
2026-06-13 13:42:24.618 +00:00 [INF] Executed DbCommand (1ms) [Parameters=[], CommandType='"Text"', CommandTimeout='30']
SELECT u."ID", u."Email", u."PasswordHash", u."RegisteredAt", u."Role", u."Username"
FROM "Users" AS u
2026-06-13 13:42:24.618 +00:00 [INF] Executing ObjectResult, writing value of type 'System.Collections.Generic.List`1[[API.DTO.UserDTO, API, Version=1.0.0.0, Culture=neutral, PublicKeyToken=null]]'.
2026-06-13 13:42:24.618 +00:00 [INF] Executed action API.Controllers.UserController.Get (API) in 1.6037ms
2026-06-13 13:42:24.618 +00:00 [INF] Executed endpoint 'API.Controllers.UserController.Get (API)'
2026-06-13 13:42:24.618 +00:00 [INF] Request finished HTTP/1.1 GET http://192.168.1.6:8080/api/user - 200 null application/json; charset=utf-8 6.4203ms
2026-06-13 13:42:25.285 +00:00 [INF] Request starting HTTP/1.1 GET http://192.168.1.6:8080/api/user?page=1&limit=10 - null null
2026-06-13 13:42:25.285 +00:00 [INF] CORS policy execution successful.
2026-06-13 13:42:25.286 +00:00 [INF] Request starting HTTP/1.1 GET http://192.168.1.6:8080/api/user - null null
2026-06-13 13:42:25.286 +00:00 [INF] ====== OnMessageReceived START ======
2026-06-13 13:42:25.286 +00:00 [INF] CORS policy execution successful.
2026-06-13 13:42:25.286 +00:00 [INF] Available cookies: 2
2026-06-13 13:42:25.286 +00:00 [INF] ====== OnMessageReceived START ======
2026-06-13 13:42:25.286 +00:00 [INF] Cookie: adminRefreshToken = 44 chars
2026-06-13 13:42:25.287 +00:00 [INF] Available cookies: 2
2026-06-13 13:42:25.287 +00:00 [INF] Cookie: adminToken = 844 chars
2026-06-13 13:42:25.287 +00:00 [INF] Cookie: adminRefreshToken = 44 chars
2026-06-13 13:42:25.287 +00:00 [INF] Admin token found in cookies, length: 844
2026-06-13 13:42:25.287 +00:00 [INF] Cookie: adminToken = 844 chars
2026-06-13 13:42:25.287 +00:00 [INF] Admin token set in context
2026-06-13 13:42:25.287 +00:00 [INF] Admin token found in cookies, length: 844
2026-06-13 13:42:25.287 +00:00 [INF] ====== OnMessageReceived END - Token set: true ======
2026-06-13 13:42:25.288 +00:00 [INF] Admin token set in context
2026-06-13 13:42:25.288 +00:00 [INF] ====== OnMessageReceived END - Token set: true ======
2026-06-13 13:42:25.288 +00:00 [INF] Token validated successfully for user: lengyelnorbi
2026-06-13 13:42:25.288 +00:00 [INF] Token validated successfully for user: lengyelnorbi
2026-06-13 13:42:25.288 +00:00 [INF] Device fingerprint headers - UA: Mozilla/5.0 (Windows NT 10.0; Win64; x64; rv:151.0) Gecko/20100101 Firefox/151.0, Accept: application/json, text/plain, */*, Encoding: gzip, deflate
2026-06-13 13:42:25.288 +00:00 [INF] Device fingerprint headers - UA: Mozilla/5.0 (Windows NT 10.0; Win64; x64; rv:151.0) Gecko/20100101 Firefox/151.0, Accept: application/json, text/plain, */*, Encoding: gzip, deflate
2026-06-13 13:42:25.289 +00:00 [INF] Device fingerprint validation: Stored=/a2uf4z8rcBIhIr7KGbd6aahMr80Bhj+9uyLiYNZ66A=, Current=/a2uf4z8rcBIhIr7KGbd6aahMr80Bhj+9uyLiYNZ66A=
2026-06-13 13:42:25.289 +00:00 [INF] Device fingerprint validation: Stored=/a2uf4z8rcBIhIr7KGbd6aahMr80Bhj+9uyLiYNZ66A=, Current=/a2uf4z8rcBIhIr7KGbd6aahMr80Bhj+9uyLiYNZ66A=
2026-06-13 13:42:25.291 +00:00 [INF] Executed DbCommand (1ms) [Parameters=[@__jti_0='?', @__userId_1='?' (DbType = Int32)], CommandType='"Text"', CommandTimeout='30']
SELECT a."ID", a."CreatedAt", a."DeviceFingerprint", a."ExpiresAt", a."IpAddress", a."IsRevoked", a."UserID", a.jti
FROM "AccessTokens" AS a
WHERE a.jti = @__jti_0 AND a."UserID" = @__userId_1 AND NOT (a."IsRevoked") AND a."ExpiresAt" > now()
LIMIT 1
2026-06-13 13:42:25.291 +00:00 [INF] Executed DbCommand (1ms) [Parameters=[@__jti_0='?', @__userId_1='?' (DbType = Int32)], CommandType='"Text"', CommandTimeout='30']
SELECT a."ID", a."CreatedAt", a."DeviceFingerprint", a."ExpiresAt", a."IpAddress", a."IsRevoked", a."UserID", a.jti
FROM "AccessTokens" AS a
WHERE a.jti = @__jti_0 AND a."UserID" = @__userId_1 AND NOT (a."IsRevoked") AND a."ExpiresAt" > now()
LIMIT 1
2026-06-13 13:42:25.291 +00:00 [INF] Executing endpoint 'API.Controllers.UserController.Get (API)'
2026-06-13 13:42:25.291 +00:00 [INF] Executing endpoint 'API.Controllers.UserController.Get (API)'
2026-06-13 13:42:25.291 +00:00 [INF] Route matched with {action = "Get", controller = "User"}. Executing controller action with signature System.Threading.Tasks.Task`1[System.Collections.Generic.IEnumerable`1[API.DTO.UserDTO]] Get() on controller API.Controllers.UserController (API).
2026-06-13 13:42:25.292 +00:00 [INF] Route matched with {action = "Get", controller = "User"}. Executing controller action with signature System.Threading.Tasks.Task`1[System.Collections.Generic.IEnumerable`1[API.DTO.UserDTO]] Get() on controller API.Controllers.UserController (API).
2026-06-13 13:42:25.292 +00:00 [INF] Fetching user data from database...
2026-06-13 13:42:25.292 +00:00 [INF] Fetching user data from database...
2026-06-13 13:42:25.293 +00:00 [INF] Executed DbCommand (1ms) [Parameters=[], CommandType='"Text"', CommandTimeout='30']
SELECT u."ID", u."Email", u."PasswordHash", u."RegisteredAt", u."Role", u."Username"
FROM "Users" AS u
2026-06-13 13:42:25.293 +00:00 [INF] Executed DbCommand (1ms) [Parameters=[], CommandType='"Text"', CommandTimeout='30']
SELECT u."ID", u."Email", u."PasswordHash", u."RegisteredAt", u."Role", u."Username"
FROM "Users" AS u
2026-06-13 13:42:25.293 +00:00 [INF] Executing ObjectResult, writing value of type 'System.Collections.Generic.List`1[[API.DTO.UserDTO, API, Version=1.0.0.0, Culture=neutral, PublicKeyToken=null]]'.
2026-06-13 13:42:25.293 +00:00 [INF] Executing ObjectResult, writing value of type 'System.Collections.Generic.List`1[[API.DTO.UserDTO, API, Version=1.0.0.0, Culture=neutral, PublicKeyToken=null]]'.
2026-06-13 13:42:25.293 +00:00 [INF] Executed action API.Controllers.UserController.Get (API) in 1.5132ms
2026-06-13 13:42:25.293 +00:00 [INF] Executed action API.Controllers.UserController.Get (API) in 1.6989ms
2026-06-13 13:42:25.293 +00:00 [INF] Executed endpoint 'API.Controllers.UserController.Get (API)'
2026-06-13 13:42:25.294 +00:00 [INF] Executed endpoint 'API.Controllers.UserController.Get (API)'
2026-06-13 13:42:25.294 +00:00 [INF] Request finished HTTP/1.1 GET http://192.168.1.6:8080/api/user - 200 null application/json; charset=utf-8 8.3043ms
2026-06-13 13:42:25.294 +00:00 [INF] Request finished HTTP/1.1 GET http://192.168.1.6:8080/api/user?page=1&limit=10 - 200 null application/json; charset=utf-8 8.9442ms
2026-06-13 13:43:17.098 +00:00 [INF] Request starting HTTP/1.1 OPTIONS http://192.168.1.6:8080/api/auth/refresh - null null
2026-06-13 13:43:17.098 +00:00 [INF] CORS policy execution successful.
2026-06-13 13:43:17.098 +00:00 [INF] Request finished HTTP/1.1 OPTIONS http://192.168.1.6:8080/api/auth/refresh - 204 null null 0.5795ms
2026-06-13 13:43:17.100 +00:00 [INF] Request starting HTTP/1.1 POST http://192.168.1.6:8080/api/auth/refresh - application/json 18
2026-06-13 13:43:17.100 +00:00 [INF] CORS policy execution successful.
2026-06-13 13:43:17.100 +00:00 [INF] ====== OnMessageReceived START ======
2026-06-13 13:43:17.100 +00:00 [INF] Available cookies: 2
2026-06-13 13:43:17.100 +00:00 [INF] Cookie: adminRefreshToken = 44 chars
2026-06-13 13:43:17.101 +00:00 [INF] Cookie: adminToken = 844 chars
2026-06-13 13:43:17.101 +00:00 [INF] Admin token found in cookies, length: 844
2026-06-13 13:43:17.101 +00:00 [INF] Admin token set in context
2026-06-13 13:43:17.101 +00:00 [INF] ====== OnMessageReceived END - Token set: true ======
2026-06-13 13:43:17.101 +00:00 [INF] Token validated successfully for user: lengyelnorbi
2026-06-13 13:43:17.101 +00:00 [INF] Device fingerprint headers - UA: Mozilla/5.0 (Windows NT 10.0; Win64; x64; rv:151.0) Gecko/20100101 Firefox/151.0, Accept: */*, Encoding: gzip, deflate
2026-06-13 13:43:17.102 +00:00 [INF] Device fingerprint validation: Stored=/a2uf4z8rcBIhIr7KGbd6aahMr80Bhj+9uyLiYNZ66A=, Current=/a2uf4z8rcBIhIr7KGbd6aahMr80Bhj+9uyLiYNZ66A=
2026-06-13 13:43:17.103 +00:00 [INF] Executed DbCommand (1ms) [Parameters=[@__jti_0='?', @__userId_1='?' (DbType = Int32)], CommandType='"Text"', CommandTimeout='30']
SELECT a."ID", a."CreatedAt", a."DeviceFingerprint", a."ExpiresAt", a."IpAddress", a."IsRevoked", a."UserID", a.jti
FROM "AccessTokens" AS a
WHERE a.jti = @__jti_0 AND a."UserID" = @__userId_1 AND NOT (a."IsRevoked") AND a."ExpiresAt" > now()
LIMIT 1
2026-06-13 13:43:17.104 +00:00 [INF] Executing endpoint 'API.Controllers.AuthController.RefreshToken (API)'
2026-06-13 13:43:17.104 +00:00 [INF] Route matched with {action = "RefreshToken", controller = "Auth"}. Executing controller action with signature System.Threading.Tasks.Task`1[Microsoft.AspNetCore.Mvc.IActionResult] RefreshToken(API.Models.RequestModels.RefreshRequest) on controller API.Controllers.AuthController (API).
2026-06-13 13:43:17.104 +00:00 [INF] Token refresh attempt at "2026-06-13T13:43:17.1048164Z"
2026-06-13 13:43:17.104 +00:00 [INF] Refreshing admin token at "2026-06-13T13:43:17.1049678Z"
2026-06-13 13:43:17.106 +00:00 [INF] Executed DbCommand (2ms) [Parameters=[@__tokenHash_0='?'], CommandType='"Text"', CommandTimeout='30']
SELECT r."ID", r."CreatedAt", r."DeviceFingerprint", r."ExpiresAt", r."IpAddress", r."IsRevoked", r."TokenHash", r."UserID"
FROM "RefreshTokens" AS r
WHERE r."TokenHash" = @__tokenHash_0 AND NOT (r."IsRevoked") AND r."ExpiresAt" > now()
ORDER BY r."CreatedAt" DESC
LIMIT 1
2026-06-13 13:43:17.107 +00:00 [INF] Mozilla/5.0 (Windows NT 10.0; Win64; x64; rv:151.0) Gecko/20100101 Firefox/151.0
2026-06-13 13:43:17.107 +00:00 [INF] Fetching user by ID from database...
2026-06-13 13:43:17.108 +00:00 [INF] Executed DbCommand (1ms) [Parameters=[@__id_0='?' (DbType = Int32)], CommandType='"Text"', CommandTimeout='30']
SELECT u."ID", u."Email", u."PasswordHash", u."RegisteredAt", u."Role", u."Username"
FROM "Users" AS u
WHERE u."ID" = @__id_0
LIMIT 1
2026-06-13 13:43:17.110 +00:00 [INF] Executed DbCommand (2ms) [Parameters=[@p0='?' (DbType = DateTime), @p1='?', @p2='?' (DbType = DateTime), @p3='?', @p4='?' (DbType = Int32), @p5='?'], CommandType='"Text"', CommandTimeout='30']
INSERT INTO "AccessTokens" ("CreatedAt", "DeviceFingerprint", "ExpiresAt", "IpAddress", "UserID", jti)
VALUES (@p0, @p1, @p2, @p3, @p4, @p5)
RETURNING "ID", "IsRevoked";
2026-06-13 13:43:17.112 +00:00 [INF] Executed DbCommand (1ms) [Parameters=[@__jti_0='?', @__userID_1='?' (DbType = Int32), @__deviceFingerprint_2='?', @__ipAddress_3='?'], CommandType='"Text"', CommandTimeout='30']
SELECT a."ID", a."CreatedAt", a."DeviceFingerprint", a."ExpiresAt", a."IpAddress", a."IsRevoked", a."UserID", a.jti
FROM "AccessTokens" AS a
WHERE a.jti = @__jti_0 AND a."UserID" = @__userID_1 AND a."DeviceFingerprint" = @__deviceFingerprint_2 AND a."IpAddress" = @__ipAddress_3
LIMIT 1
2026-06-13 13:43:17.112 +00:00 [INF] Attempting to revoke access token with jti c8e9893f-8ab4-4402-9b68-9fad0a36f671 for user 1 from device /a2uf4z8rcBIhIr7KGbd6aahMr80Bhj+9uyLiYNZ66A= and IP ::ffff:172.20.0.1
2026-06-13 13:43:17.112 +00:00 [INF] Access token found: API.Models.AccessToken
2026-06-13 13:43:17.114 +00:00 [INF] Executed DbCommand (2ms) [Parameters=[@p1='?' (DbType = Int32), @p0='?' (DbType = Boolean)], CommandType='"Text"', CommandTimeout='30']
UPDATE "AccessTokens" SET "IsRevoked" = @p0
WHERE "ID" = @p1;
2026-06-13 13:43:17.114 +00:00 [INF] Access token AccessToken for user 1 revoked: true
2026-06-13 13:43:17.116 +00:00 [INF] Executed DbCommand (2ms) [Parameters=[@p0='?' (DbType = DateTime), @p1='?', @p2='?' (DbType = DateTime), @p3='?', @p4='?', @p5='?' (DbType = Int32)], CommandType='"Text"', CommandTimeout='30']
INSERT INTO "RefreshTokens" ("CreatedAt", "DeviceFingerprint", "ExpiresAt", "IpAddress", "TokenHash", "UserID")
VALUES (@p0, @p1, @p2, @p3, @p4, @p5)
RETURNING "ID", "IsRevoked";
2026-06-13 13:43:17.118 +00:00 [INF] Executed DbCommand (1ms) [Parameters=[@__tokenHash_0='?', @__userId_1='?' (DbType = Int32), @__deviceFingerprint_2='?', @__ipAddress_3='?'], CommandType='"Text"', CommandTimeout='30']
SELECT r."ID", r."CreatedAt", r."DeviceFingerprint", r."ExpiresAt", r."IpAddress", r."IsRevoked", r."TokenHash", r."UserID"
FROM "RefreshTokens" AS r
WHERE r."TokenHash" = @__tokenHash_0 AND r."UserID" = @__userId_1 AND r."DeviceFingerprint" = @__deviceFingerprint_2 AND r."IpAddress" = @__ipAddress_3
LIMIT 1
2026-06-13 13:43:17.119 +00:00 [INF] Executed DbCommand (1ms) [Parameters=[@p1='?' (DbType = Int32), @p0='?' (DbType = Boolean)], CommandType='"Text"', CommandTimeout='30']
UPDATE "RefreshTokens" SET "IsRevoked" = @p0
WHERE "ID" = @p1;
2026-06-13 13:43:17.119 +00:00 [INF] Refresh token iANc2meM4h71CDmXvgRkUOm80acnSa1Hk7glgd49N7s= for user 1 revoked: true
2026-06-13 13:43:17.120 +00:00 [INF] Token refreshed successfully for user 1 at "2026-06-13T13:43:17.1200516Z"
2026-06-13 13:43:17.120 +00:00 [INF] Executing OkObjectResult, writing value of type '<>f__AnonymousType3`2[[System.Boolean, System.Private.CoreLib, Version=9.0.0.0, Culture=neutral, PublicKeyToken=7cec85d7bea7798e],[System.Int32, System.Private.CoreLib, Version=9.0.0.0, Culture=neutral, PublicKeyToken=7cec85d7bea7798e]]'.
2026-06-13 13:43:17.120 +00:00 [INF] Executed action API.Controllers.AuthController.RefreshToken (API) in 15.857ms
2026-06-13 13:43:17.120 +00:00 [INF] Executed endpoint 'API.Controllers.AuthController.RefreshToken (API)'
2026-06-13 13:43:17.120 +00:00 [INF] Request finished HTTP/1.1 POST http://192.168.1.6:8080/api/auth/refresh - 200 null application/json; charset=utf-8 20.4775ms
2026-06-13 13:44:52.047 +00:00 [INF] Request starting HTTP/1.1 GET http://192.168.1.6:8080/api/user?page=1&limit=10 - null null
2026-06-13 13:44:52.048 +00:00 [INF] CORS policy execution successful.
2026-06-13 13:44:52.048 +00:00 [INF] ====== OnMessageReceived START ======
2026-06-13 13:44:52.048 +00:00 [INF] Request starting HTTP/1.1 GET http://192.168.1.6:8080/api/user - null null
2026-06-13 13:44:52.048 +00:00 [INF] Available cookies: 2
2026-06-13 13:44:52.049 +00:00 [INF] CORS policy execution successful.
2026-06-13 13:44:52.049 +00:00 [INF] Cookie: adminRefreshToken = 44 chars
2026-06-13 13:44:52.049 +00:00 [INF] ====== OnMessageReceived START ======
2026-06-13 13:44:52.049 +00:00 [INF] Cookie: adminToken = 844 chars
2026-06-13 13:44:52.049 +00:00 [INF] Available cookies: 2
2026-06-13 13:44:52.049 +00:00 [INF] Admin token found in cookies, length: 844
2026-06-13 13:44:52.050 +00:00 [INF] Cookie: adminRefreshToken = 44 chars
2026-06-13 13:44:52.050 +00:00 [INF] Admin token set in context
2026-06-13 13:44:52.050 +00:00 [INF] Cookie: adminToken = 844 chars
2026-06-13 13:44:52.050 +00:00 [INF] ====== OnMessageReceived END - Token set: true ======
2026-06-13 13:44:52.050 +00:00 [INF] Admin token found in cookies, length: 844
2026-06-13 13:44:52.050 +00:00 [INF] Admin token set in context
2026-06-13 13:44:52.051 +00:00 [INF] Token validated successfully for user: lengyelnorbi
2026-06-13 13:44:52.051 +00:00 [INF] ====== OnMessageReceived END - Token set: true ======
2026-06-13 13:44:52.051 +00:00 [INF] Device fingerprint headers - UA: Mozilla/5.0 (Windows NT 10.0; Win64; x64; rv:151.0) Gecko/20100101 Firefox/151.0, Accept: application/json, text/plain, */*, Encoding: gzip, deflate
2026-06-13 13:44:52.051 +00:00 [INF] Token validated successfully for user: lengyelnorbi
2026-06-13 13:44:52.051 +00:00 [INF] Device fingerprint validation: Stored=/a2uf4z8rcBIhIr7KGbd6aahMr80Bhj+9uyLiYNZ66A=, Current=/a2uf4z8rcBIhIr7KGbd6aahMr80Bhj+9uyLiYNZ66A=
2026-06-13 13:44:52.051 +00:00 [INF] Device fingerprint headers - UA: Mozilla/5.0 (Windows NT 10.0; Win64; x64; rv:151.0) Gecko/20100101 Firefox/151.0, Accept: application/json, text/plain, */*, Encoding: gzip, deflate
2026-06-13 13:44:52.052 +00:00 [INF] Device fingerprint validation: Stored=/a2uf4z8rcBIhIr7KGbd6aahMr80Bhj+9uyLiYNZ66A=, Current=/a2uf4z8rcBIhIr7KGbd6aahMr80Bhj+9uyLiYNZ66A=
2026-06-13 13:44:52.054 +00:00 [INF] Executed DbCommand (2ms) [Parameters=[@__jti_0='?', @__userId_1='?' (DbType = Int32)], CommandType='"Text"', CommandTimeout='30']
SELECT a."ID", a."CreatedAt", a."DeviceFingerprint", a."ExpiresAt", a."IpAddress", a."IsRevoked", a."UserID", a.jti
FROM "AccessTokens" AS a
WHERE a.jti = @__jti_0 AND a."UserID" = @__userId_1 AND NOT (a."IsRevoked") AND a."ExpiresAt" > now()
LIMIT 1
2026-06-13 13:44:52.054 +00:00 [INF] Executed DbCommand (2ms) [Parameters=[@__jti_0='?', @__userId_1='?' (DbType = Int32)], CommandType='"Text"', CommandTimeout='30']
SELECT a."ID", a."CreatedAt", a."DeviceFingerprint", a."ExpiresAt", a."IpAddress", a."IsRevoked", a."UserID", a.jti
FROM "AccessTokens" AS a
WHERE a.jti = @__jti_0 AND a."UserID" = @__userId_1 AND NOT (a."IsRevoked") AND a."ExpiresAt" > now()
LIMIT 1
2026-06-13 13:44:52.054 +00:00 [INF] Executing endpoint 'API.Controllers.UserController.Get (API)'
2026-06-13 13:44:52.054 +00:00 [INF] Executing endpoint 'API.Controllers.UserController.Get (API)'
2026-06-13 13:44:52.055 +00:00 [INF] Route matched with {action = "Get", controller = "User"}. Executing controller action with signature System.Threading.Tasks.Task`1[System.Collections.Generic.IEnumerable`1[API.DTO.UserDTO]] Get() on controller API.Controllers.UserController (API).
2026-06-13 13:44:52.055 +00:00 [INF] Route matched with {action = "Get", controller = "User"}. Executing controller action with signature System.Threading.Tasks.Task`1[System.Collections.Generic.IEnumerable`1[API.DTO.UserDTO]] Get() on controller API.Controllers.UserController (API).
2026-06-13 13:44:52.055 +00:00 [INF] Fetching user data from database...
2026-06-13 13:44:52.055 +00:00 [INF] Fetching user data from database...
2026-06-13 13:44:52.056 +00:00 [INF] Executed DbCommand (1ms) [Parameters=[], CommandType='"Text"', CommandTimeout='30']
SELECT u."ID", u."Email", u."PasswordHash", u."RegisteredAt", u."Role", u."Username"
FROM "Users" AS u
2026-06-13 13:44:52.056 +00:00 [INF] Executed DbCommand (1ms) [Parameters=[], CommandType='"Text"', CommandTimeout='30']
SELECT u."ID", u."Email", u."PasswordHash", u."RegisteredAt", u."Role", u."Username"
FROM "Users" AS u
2026-06-13 13:44:52.057 +00:00 [INF] Executing ObjectResult, writing value of type 'System.Collections.Generic.List`1[[API.DTO.UserDTO, API, Version=1.0.0.0, Culture=neutral, PublicKeyToken=null]]'.
2026-06-13 13:44:52.057 +00:00 [INF] Executing ObjectResult, writing value of type 'System.Collections.Generic.List`1[[API.DTO.UserDTO, API, Version=1.0.0.0, Culture=neutral, PublicKeyToken=null]]'.
2026-06-13 13:44:52.057 +00:00 [INF] Executed action API.Controllers.UserController.Get (API) in 1.9917ms
2026-06-13 13:44:52.057 +00:00 [INF] Executed action API.Controllers.UserController.Get (API) in 2.3101ms
2026-06-13 13:44:52.058 +00:00 [INF] Executed endpoint 'API.Controllers.UserController.Get (API)'
2026-06-13 13:44:52.057 +00:00 [INF] Executed endpoint 'API.Controllers.UserController.Get (API)'
2026-06-13 13:44:52.058 +00:00 [INF] Request finished HTTP/1.1 GET http://192.168.1.6:8080/api/user - 200 null application/json; charset=utf-8 9.4956ms
2026-06-13 13:44:52.058 +00:00 [INF] Request finished HTTP/1.1 GET http://192.168.1.6:8080/api/user?page=1&limit=10 - 200 null application/json; charset=utf-8 10.6001ms
2026-06-13 13:44:52.714 +00:00 [INF] Request starting HTTP/1.1 GET http://192.168.1.6:8080/api/user?page=1&limit=10 - null null
2026-06-13 13:44:52.714 +00:00 [INF] CORS policy execution successful.
2026-06-13 13:44:52.714 +00:00 [INF] ====== OnMessageReceived START ======
2026-06-13 13:44:52.714 +00:00 [INF] Available cookies: 2
2026-06-13 13:44:52.715 +00:00 [INF] Cookie: adminRefreshToken = 44 chars
2026-06-13 13:44:52.715 +00:00 [INF] Cookie: adminToken = 844 chars
2026-06-13 13:44:52.715 +00:00 [INF] Admin token found in cookies, length: 844
2026-06-13 13:44:52.715 +00:00 [INF] Admin token set in context
2026-06-13 13:44:52.715 +00:00 [INF] ====== OnMessageReceived END - Token set: true ======
2026-06-13 13:44:52.716 +00:00 [INF] Token validated successfully for user: lengyelnorbi
2026-06-13 13:44:52.716 +00:00 [INF] Device fingerprint headers - UA: Mozilla/5.0 (Windows NT 10.0; Win64; x64; rv:151.0) Gecko/20100101 Firefox/151.0, Accept: application/json, text/plain, */*, Encoding: gzip, deflate
2026-06-13 13:44:52.716 +00:00 [INF] Device fingerprint validation: Stored=/a2uf4z8rcBIhIr7KGbd6aahMr80Bhj+9uyLiYNZ66A=, Current=/a2uf4z8rcBIhIr7KGbd6aahMr80Bhj+9uyLiYNZ66A=
2026-06-13 13:44:52.716 +00:00 [INF] Request starting HTTP/1.1 GET http://192.168.1.6:8080/api/user - null null
2026-06-13 13:44:52.717 +00:00 [INF] CORS policy execution successful.
2026-06-13 13:44:52.717 +00:00 [INF] ====== OnMessageReceived START ======
2026-06-13 13:44:52.717 +00:00 [INF] Available cookies: 2
2026-06-13 13:44:52.717 +00:00 [INF] Cookie: adminRefreshToken = 44 chars
2026-06-13 13:44:52.717 +00:00 [INF] Cookie: adminToken = 844 chars
2026-06-13 13:44:52.717 +00:00 [INF] Admin token found in cookies, length: 844
2026-06-13 13:44:52.718 +00:00 [INF] Admin token set in context
2026-06-13 13:44:52.718 +00:00 [INF] ====== OnMessageReceived END - Token set: true ======
2026-06-13 13:44:52.718 +00:00 [INF] Token validated successfully for user: lengyelnorbi
2026-06-13 13:44:52.718 +00:00 [INF] Device fingerprint headers - UA: Mozilla/5.0 (Windows NT 10.0; Win64; x64; rv:151.0) Gecko/20100101 Firefox/151.0, Accept: application/json, text/plain, */*, Encoding: gzip, deflate
2026-06-13 13:44:52.718 +00:00 [INF] Device fingerprint validation: Stored=/a2uf4z8rcBIhIr7KGbd6aahMr80Bhj+9uyLiYNZ66A=, Current=/a2uf4z8rcBIhIr7KGbd6aahMr80Bhj+9uyLiYNZ66A=
2026-06-13 13:44:52.726 +00:00 [INF] Executed DbCommand (2ms) [Parameters=[@__jti_0='?', @__userId_1='?' (DbType = Int32)], CommandType='"Text"', CommandTimeout='30']
SELECT a."ID", a."CreatedAt", a."DeviceFingerprint", a."ExpiresAt", a."IpAddress", a."IsRevoked", a."UserID", a.jti
FROM "AccessTokens" AS a
WHERE a.jti = @__jti_0 AND a."UserID" = @__userId_1 AND NOT (a."IsRevoked") AND a."ExpiresAt" > now()
LIMIT 1
2026-06-13 13:44:52.726 +00:00 [INF] Executing endpoint 'API.Controllers.UserController.Get (API)'
2026-06-13 13:44:52.727 +00:00 [INF] Route matched with {action = "Get", controller = "User"}. Executing controller action with signature System.Threading.Tasks.Task`1[System.Collections.Generic.IEnumerable`1[API.DTO.UserDTO]] Get() on controller API.Controllers.UserController (API).
2026-06-13 13:44:52.727 +00:00 [INF] Fetching user data from database...
2026-06-13 13:44:52.728 +00:00 [INF] Executed DbCommand (2ms) [Parameters=[@__jti_0='?', @__userId_1='?' (DbType = Int32)], CommandType='"Text"', CommandTimeout='30']
SELECT a."ID", a."CreatedAt", a."DeviceFingerprint", a."ExpiresAt", a."IpAddress", a."IsRevoked", a."UserID", a.jti
FROM "AccessTokens" AS a
WHERE a.jti = @__jti_0 AND a."UserID" = @__userId_1 AND NOT (a."IsRevoked") AND a."ExpiresAt" > now()
LIMIT 1
2026-06-13 13:44:52.728 +00:00 [INF] Executing endpoint 'API.Controllers.UserController.Get (API)'
2026-06-13 13:44:52.728 +00:00 [INF] Route matched with {action = "Get", controller = "User"}. Executing controller action with signature System.Threading.Tasks.Task`1[System.Collections.Generic.IEnumerable`1[API.DTO.UserDTO]] Get() on controller API.Controllers.UserController (API).
2026-06-13 13:44:52.728 +00:00 [INF] Fetching user data from database...
2026-06-13 13:44:52.728 +00:00 [INF] Executed DbCommand (1ms) [Parameters=[], CommandType='"Text"', CommandTimeout='30']
SELECT u."ID", u."Email", u."PasswordHash", u."RegisteredAt", u."Role", u."Username"
FROM "Users" AS u
2026-06-13 13:44:52.729 +00:00 [INF] Executing ObjectResult, writing value of type 'System.Collections.Generic.List`1[[API.DTO.UserDTO, API, Version=1.0.0.0, Culture=neutral, PublicKeyToken=null]]'.
2026-06-13 13:44:52.729 +00:00 [INF] Executed action API.Controllers.UserController.Get (API) in 2.0754ms
2026-06-13 13:44:52.729 +00:00 [INF] Executed endpoint 'API.Controllers.UserController.Get (API)'
2026-06-13 13:44:52.730 +00:00 [INF] Executed DbCommand (1ms) [Parameters=[], CommandType='"Text"', CommandTimeout='30']
SELECT u."ID", u."Email", u."PasswordHash", u."RegisteredAt", u."Role", u."Username"
FROM "Users" AS u
2026-06-13 13:44:52.730 +00:00 [INF] Request finished HTTP/1.1 GET http://192.168.1.6:8080/api/user?page=1&limit=10 - 200 null application/json; charset=utf-8 15.9397ms
2026-06-13 13:44:52.730 +00:00 [INF] Executing ObjectResult, writing value of type 'System.Collections.Generic.List`1[[API.DTO.UserDTO, API, Version=1.0.0.0, Culture=neutral, PublicKeyToken=null]]'.
2026-06-13 13:44:52.730 +00:00 [INF] Executed action API.Controllers.UserController.Get (API) in 1.7514ms
2026-06-13 13:44:52.730 +00:00 [INF] Executed endpoint 'API.Controllers.UserController.Get (API)'
2026-06-13 13:44:52.730 +00:00 [INF] Request finished HTTP/1.1 GET http://192.168.1.6:8080/api/user - 200 null application/json; charset=utf-8 14.078ms
2026-06-13 13:44:54.631 +00:00 [INF] Request starting HTTP/1.1 GET http://192.168.1.6:8080/api/user?page=1&limit=10 - null null
2026-06-13 13:44:54.631 +00:00 [INF] CORS policy execution successful.
2026-06-13 13:44:54.631 +00:00 [INF] ====== OnMessageReceived START ======
2026-06-13 13:44:54.632 +00:00 [INF] Available cookies: 2
2026-06-13 13:44:54.632 +00:00 [INF] Cookie: adminRefreshToken = 44 chars
2026-06-13 13:44:54.632 +00:00 [INF] Cookie: adminToken = 844 chars
2026-06-13 13:44:54.632 +00:00 [INF] Admin token found in cookies, length: 844
2026-06-13 13:44:54.632 +00:00 [INF] Admin token set in context
2026-06-13 13:44:54.632 +00:00 [INF] ====== OnMessageReceived END - Token set: true ======
2026-06-13 13:44:54.633 +00:00 [INF] Token validated successfully for user: lengyelnorbi
2026-06-13 13:44:54.633 +00:00 [INF] Device fingerprint headers - UA: Mozilla/5.0 (Windows NT 10.0; Win64; x64; rv:151.0) Gecko/20100101 Firefox/151.0, Accept: application/json, text/plain, */*, Encoding: gzip, deflate
2026-06-13 13:44:54.633 +00:00 [INF] Device fingerprint validation: Stored=/a2uf4z8rcBIhIr7KGbd6aahMr80Bhj+9uyLiYNZ66A=, Current=/a2uf4z8rcBIhIr7KGbd6aahMr80Bhj+9uyLiYNZ66A=
2026-06-13 13:44:54.634 +00:00 [INF] Request starting HTTP/1.1 GET http://192.168.1.6:8080/api/user - null null
2026-06-13 13:44:54.634 +00:00 [INF] CORS policy execution successful.
2026-06-13 13:44:54.634 +00:00 [INF] ====== OnMessageReceived START ======
2026-06-13 13:44:54.634 +00:00 [INF] Available cookies: 2
2026-06-13 13:44:54.634 +00:00 [INF] Cookie: adminRefreshToken = 44 chars
2026-06-13 13:44:54.634 +00:00 [INF] Cookie: adminToken = 844 chars
2026-06-13 13:44:54.635 +00:00 [INF] Admin token found in cookies, length: 844
2026-06-13 13:44:54.635 +00:00 [INF] Admin token set in context
2026-06-13 13:44:54.635 +00:00 [INF] ====== OnMessageReceived END - Token set: true ======
2026-06-13 13:44:54.635 +00:00 [INF] Token validated successfully for user: lengyelnorbi
2026-06-13 13:44:54.635 +00:00 [INF] Device fingerprint headers - UA: Mozilla/5.0 (Windows NT 10.0; Win64; x64; rv:151.0) Gecko/20100101 Firefox/151.0, Accept: application/json, text/plain, */*, Encoding: gzip, deflate
2026-06-13 13:44:54.635 +00:00 [INF] Executed DbCommand (1ms) [Parameters=[@__jti_0='?', @__userId_1='?' (DbType = Int32)], CommandType='"Text"', CommandTimeout='30']
SELECT a."ID", a."CreatedAt", a."DeviceFingerprint", a."ExpiresAt", a."IpAddress", a."IsRevoked", a."UserID", a.jti
FROM "AccessTokens" AS a
WHERE a.jti = @__jti_0 AND a."UserID" = @__userId_1 AND NOT (a."IsRevoked") AND a."ExpiresAt" > now()
LIMIT 1
2026-06-13 13:44:54.636 +00:00 [INF] Device fingerprint validation: Stored=/a2uf4z8rcBIhIr7KGbd6aahMr80Bhj+9uyLiYNZ66A=, Current=/a2uf4z8rcBIhIr7KGbd6aahMr80Bhj+9uyLiYNZ66A=
2026-06-13 13:44:54.636 +00:00 [INF] Executing endpoint 'API.Controllers.UserController.Get (API)'
2026-06-13 13:44:54.636 +00:00 [INF] Route matched with {action = "Get", controller = "User"}. Executing controller action with signature System.Threading.Tasks.Task`1[System.Collections.Generic.IEnumerable`1[API.DTO.UserDTO]] Get() on controller API.Controllers.UserController (API).
2026-06-13 13:44:54.636 +00:00 [INF] Fetching user data from database...
2026-06-13 13:44:54.637 +00:00 [INF] Executed DbCommand (1ms) [Parameters=[@__jti_0='?', @__userId_1='?' (DbType = Int32)], CommandType='"Text"', CommandTimeout='30']
SELECT a."ID", a."CreatedAt", a."DeviceFingerprint", a."ExpiresAt", a."IpAddress", a."IsRevoked", a."UserID", a.jti
FROM "AccessTokens" AS a
WHERE a.jti = @__jti_0 AND a."UserID" = @__userId_1 AND NOT (a."IsRevoked") AND a."ExpiresAt" > now()
LIMIT 1
2026-06-13 13:44:54.637 +00:00 [INF] Executed DbCommand (1ms) [Parameters=[], CommandType='"Text"', CommandTimeout='30']
SELECT u."ID", u."Email", u."PasswordHash", u."RegisteredAt", u."Role", u."Username"
FROM "Users" AS u
2026-06-13 13:44:54.638 +00:00 [INF] Executing endpoint 'API.Controllers.UserController.Get (API)'
2026-06-13 13:44:54.638 +00:00 [INF] Executing ObjectResult, writing value of type 'System.Collections.Generic.List`1[[API.DTO.UserDTO, API, Version=1.0.0.0, Culture=neutral, PublicKeyToken=null]]'.
2026-06-13 13:44:54.638 +00:00 [INF] Route matched with {action = "Get", controller = "User"}. Executing controller action with signature System.Threading.Tasks.Task`1[System.Collections.Generic.IEnumerable`1[API.DTO.UserDTO]] Get() on controller API.Controllers.UserController (API).
2026-06-13 13:44:54.638 +00:00 [INF] Executed action API.Controllers.UserController.Get (API) in 1.6502ms
2026-06-13 13:44:54.638 +00:00 [INF] Fetching user data from database...
2026-06-13 13:44:54.638 +00:00 [INF] Executed endpoint 'API.Controllers.UserController.Get (API)'
2026-06-13 13:44:54.639 +00:00 [INF] Request finished HTTP/1.1 GET http://192.168.1.6:8080/api/user?page=1&limit=10 - 200 null application/json; charset=utf-8 7.7336ms
2026-06-13 13:44:54.640 +00:00 [INF] Executed DbCommand (1ms) [Parameters=[], CommandType='"Text"', CommandTimeout='30']
SELECT u."ID", u."Email", u."PasswordHash", u."RegisteredAt", u."Role", u."Username"
FROM "Users" AS u
2026-06-13 13:44:54.640 +00:00 [INF] Executing ObjectResult, writing value of type 'System.Collections.Generic.List`1[[API.DTO.UserDTO, API, Version=1.0.0.0, Culture=neutral, PublicKeyToken=null]]'.
2026-06-13 13:44:54.640 +00:00 [INF] Executed action API.Controllers.UserController.Get (API) in 1.9604ms
2026-06-13 13:44:54.640 +00:00 [INF] Executed endpoint 'API.Controllers.UserController.Get (API)'
2026-06-13 13:44:54.640 +00:00 [INF] Request finished HTTP/1.1 GET http://192.168.1.6:8080/api/user - 200 null application/json; charset=utf-8 6.7057ms
2026-06-13 13:44:56.110 +00:00 [INF] Request starting HTTP/1.1 GET http://192.168.1.6:8080/api/user?page=1&limit=10 - null null
2026-06-13 13:44:56.110 +00:00 [INF] CORS policy execution successful.
2026-06-13 13:44:56.110 +00:00 [INF] ====== OnMessageReceived START ======
2026-06-13 13:44:56.110 +00:00 [INF] Available cookies: 2
2026-06-13 13:44:56.111 +00:00 [INF] Cookie: adminRefreshToken = 44 chars
2026-06-13 13:44:56.111 +00:00 [INF] Cookie: adminToken = 844 chars
2026-06-13 13:44:56.111 +00:00 [INF] Admin token found in cookies, length: 844
2026-06-13 13:44:56.111 +00:00 [INF] Admin token set in context
2026-06-13 13:44:56.111 +00:00 [INF] ====== OnMessageReceived END - Token set: true ======
2026-06-13 13:44:56.112 +00:00 [INF] Token validated successfully for user: lengyelnorbi
2026-06-13 13:44:56.112 +00:00 [INF] Device fingerprint headers - UA: Mozilla/5.0 (Windows NT 10.0; Win64; x64; rv:151.0) Gecko/20100101 Firefox/151.0, Accept: application/json, text/plain, */*, Encoding: gzip, deflate
2026-06-13 13:44:56.112 +00:00 [INF] Device fingerprint validation: Stored=/a2uf4z8rcBIhIr7KGbd6aahMr80Bhj+9uyLiYNZ66A=, Current=/a2uf4z8rcBIhIr7KGbd6aahMr80Bhj+9uyLiYNZ66A=
2026-06-13 13:44:56.112 +00:00 [INF] Request starting HTTP/1.1 GET http://192.168.1.6:8080/api/user - null null
2026-06-13 13:44:56.113 +00:00 [INF] CORS policy execution successful.
2026-06-13 13:44:56.113 +00:00 [INF] ====== OnMessageReceived START ======
2026-06-13 13:44:56.113 +00:00 [INF] Available cookies: 2
2026-06-13 13:44:56.113 +00:00 [INF] Cookie: adminRefreshToken = 44 chars
2026-06-13 13:44:56.113 +00:00 [INF] Cookie: adminToken = 844 chars
2026-06-13 13:44:56.114 +00:00 [INF] Admin token found in cookies, length: 844
2026-06-13 13:44:56.114 +00:00 [INF] Admin token set in context
2026-06-13 13:44:56.114 +00:00 [INF] ====== OnMessageReceived END - Token set: true ======
2026-06-13 13:44:56.114 +00:00 [INF] Token validated successfully for user: lengyelnorbi
2026-06-13 13:44:56.114 +00:00 [INF] Executed DbCommand (1ms) [Parameters=[@__jti_0='?', @__userId_1='?' (DbType = Int32)], CommandType='"Text"', CommandTimeout='30']
SELECT a."ID", a."CreatedAt", a."DeviceFingerprint", a."ExpiresAt", a."IpAddress", a."IsRevoked", a."UserID", a.jti
FROM "AccessTokens" AS a
WHERE a.jti = @__jti_0 AND a."UserID" = @__userId_1 AND NOT (a."IsRevoked") AND a."ExpiresAt" > now()
LIMIT 1
2026-06-13 13:44:56.114 +00:00 [INF] Device fingerprint headers - UA: Mozilla/5.0 (Windows NT 10.0; Win64; x64; rv:151.0) Gecko/20100101 Firefox/151.0, Accept: application/json, text/plain, */*, Encoding: gzip, deflate
2026-06-13 13:44:56.115 +00:00 [INF] Executing endpoint 'API.Controllers.UserController.Get (API)'
2026-06-13 13:44:56.115 +00:00 [INF] Device fingerprint validation: Stored=/a2uf4z8rcBIhIr7KGbd6aahMr80Bhj+9uyLiYNZ66A=, Current=/a2uf4z8rcBIhIr7KGbd6aahMr80Bhj+9uyLiYNZ66A=
2026-06-13 13:44:56.115 +00:00 [INF] Route matched with {action = "Get", controller = "User"}. Executing controller action with signature System.Threading.Tasks.Task`1[System.Collections.Generic.IEnumerable`1[API.DTO.UserDTO]] Get() on controller API.Controllers.UserController (API).
2026-06-13 13:44:56.115 +00:00 [INF] Fetching user data from database...
2026-06-13 13:44:56.116 +00:00 [INF] Executed DbCommand (1ms) [Parameters=[], CommandType='"Text"', CommandTimeout='30']
SELECT u."ID", u."Email", u."PasswordHash", u."RegisteredAt", u."Role", u."Username"
FROM "Users" AS u
2026-06-13 13:44:56.116 +00:00 [INF] Executed DbCommand (1ms) [Parameters=[@__jti_0='?', @__userId_1='?' (DbType = Int32)], CommandType='"Text"', CommandTimeout='30']
SELECT a."ID", a."CreatedAt", a."DeviceFingerprint", a."ExpiresAt", a."IpAddress", a."IsRevoked", a."UserID", a.jti
FROM "AccessTokens" AS a
WHERE a.jti = @__jti_0 AND a."UserID" = @__userId_1 AND NOT (a."IsRevoked") AND a."ExpiresAt" > now()
LIMIT 1
2026-06-13 13:44:56.117 +00:00 [INF] Executing ObjectResult, writing value of type 'System.Collections.Generic.List`1[[API.DTO.UserDTO, API, Version=1.0.0.0, Culture=neutral, PublicKeyToken=null]]'.
2026-06-13 13:44:56.117 +00:00 [INF] Executing endpoint 'API.Controllers.UserController.Get (API)'
2026-06-13 13:44:56.117 +00:00 [INF] Executed action API.Controllers.UserController.Get (API) in 1.9015ms
2026-06-13 13:44:56.117 +00:00 [INF] Route matched with {action = "Get", controller = "User"}. Executing controller action with signature System.Threading.Tasks.Task`1[System.Collections.Generic.IEnumerable`1[API.DTO.UserDTO]] Get() on controller API.Controllers.UserController (API).
2026-06-13 13:44:56.117 +00:00 [INF] Executed endpoint 'API.Controllers.UserController.Get (API)'
2026-06-13 13:44:56.117 +00:00 [INF] Fetching user data from database...
2026-06-13 13:44:56.118 +00:00 [INF] Request finished HTTP/1.1 GET http://192.168.1.6:8080/api/user?page=1&limit=10 - 200 null application/json; charset=utf-8 7.8893ms
2026-06-13 13:44:56.119 +00:00 [INF] Executed DbCommand (1ms) [Parameters=[], CommandType='"Text"', CommandTimeout='30']
SELECT u."ID", u."Email", u."PasswordHash", u."RegisteredAt", u."Role", u."Username"
FROM "Users" AS u
2026-06-13 13:44:56.119 +00:00 [INF] Executing ObjectResult, writing value of type 'System.Collections.Generic.List`1[[API.DTO.UserDTO, API, Version=1.0.0.0, Culture=neutral, PublicKeyToken=null]]'.
2026-06-13 13:44:56.120 +00:00 [INF] Executed action API.Controllers.UserController.Get (API) in 2.1714ms
2026-06-13 13:44:56.120 +00:00 [INF] Executed endpoint 'API.Controllers.UserController.Get (API)'
2026-06-13 13:44:56.120 +00:00 [INF] Request finished HTTP/1.1 GET http://192.168.1.6:8080/api/user - 200 null application/json; charset=utf-8 7.6424ms
2026-06-13 13:45:05.048 +00:00 [INF] Request starting HTTP/1.1 OPTIONS http://192.168.1.6:8080/api/password/generate-password - null null
2026-06-13 13:45:05.048 +00:00 [INF] CORS policy execution successful.
2026-06-13 13:45:05.049 +00:00 [INF] Request finished HTTP/1.1 OPTIONS http://192.168.1.6:8080/api/password/generate-password - 204 null null 0.5402ms
2026-06-13 13:45:05.050 +00:00 [INF] Request starting HTTP/1.1 POST http://192.168.1.6:8080/api/password/generate-password - application/json 68
2026-06-13 13:45:05.051 +00:00 [INF] CORS policy execution successful.
2026-06-13 13:45:05.051 +00:00 [INF] ====== OnMessageReceived START ======
2026-06-13 13:45:05.051 +00:00 [INF] Available cookies: 2
2026-06-13 13:45:05.051 +00:00 [INF] Cookie: adminRefreshToken = 44 chars
2026-06-13 13:45:05.051 +00:00 [INF] Cookie: adminToken = 844 chars
2026-06-13 13:45:05.052 +00:00 [INF] Admin token found in cookies, length: 844
2026-06-13 13:45:05.052 +00:00 [INF] Admin token set in context
2026-06-13 13:45:05.052 +00:00 [INF] ====== OnMessageReceived END - Token set: true ======
2026-06-13 13:45:05.052 +00:00 [INF] Token validated successfully for user: lengyelnorbi
2026-06-13 13:45:05.052 +00:00 [INF] Device fingerprint headers - UA: Mozilla/5.0 (Windows NT 10.0; Win64; x64; rv:151.0) Gecko/20100101 Firefox/151.0, Accept: */*, Encoding: gzip, deflate
2026-06-13 13:45:05.052 +00:00 [INF] Device fingerprint validation: Stored=/a2uf4z8rcBIhIr7KGbd6aahMr80Bhj+9uyLiYNZ66A=, Current=/a2uf4z8rcBIhIr7KGbd6aahMr80Bhj+9uyLiYNZ66A=
2026-06-13 13:45:05.054 +00:00 [INF] Executed DbCommand (1ms) [Parameters=[@__jti_0='?', @__userId_1='?' (DbType = Int32)], CommandType='"Text"', CommandTimeout='30']
SELECT a."ID", a."CreatedAt", a."DeviceFingerprint", a."ExpiresAt", a."IpAddress", a."IsRevoked", a."UserID", a.jti
FROM "AccessTokens" AS a
WHERE a.jti = @__jti_0 AND a."UserID" = @__userId_1 AND NOT (a."IsRevoked") AND a."ExpiresAt" > now()
LIMIT 1
2026-06-13 13:45:05.055 +00:00 [INF] Executing endpoint 'API.Controllers.PasswordController.GeneratePassword (API)'
2026-06-13 13:45:05.055 +00:00 [INF] Route matched with {action = "GeneratePassword", controller = "Password"}. Executing controller action with signature System.Threading.Tasks.Task`1[Microsoft.AspNetCore.Mvc.IActionResult] GeneratePassword(API.Models.RequestModels.GeneratePwdRequest) on controller API.Controllers.PasswordController (API).
2026-06-13 13:45:05.055 +00:00 [INF] Executing OkObjectResult, writing value of type '<>f__AnonymousType4`1[[System.String, System.Private.CoreLib, Version=9.0.0.0, Culture=neutral, PublicKeyToken=7cec85d7bea7798e]]'.
2026-06-13 13:45:05.056 +00:00 [INF] Executed action API.Controllers.PasswordController.GeneratePassword (API) in 0.4802ms
2026-06-13 13:45:05.056 +00:00 [INF] Executed endpoint 'API.Controllers.PasswordController.GeneratePassword (API)'
2026-06-13 13:45:05.056 +00:00 [INF] Request finished HTTP/1.1 POST http://192.168.1.6:8080/api/password/generate-password - 200 null application/json; charset=utf-8 5.4183ms
2026-06-13 13:47:48.529 +00:00 [INF] Request starting HTTP/1.1 OPTIONS http://192.168.1.6:8080/api/auth/refresh - null null
2026-06-13 13:47:48.529 +00:00 [INF] CORS policy execution successful.
2026-06-13 13:47:48.529 +00:00 [INF] Request finished HTTP/1.1 OPTIONS http://192.168.1.6:8080/api/auth/refresh - 204 null null 0.797ms
2026-06-13 13:47:48.533 +00:00 [INF] Request starting HTTP/1.1 POST http://192.168.1.6:8080/api/auth/refresh - application/json 18
2026-06-13 13:47:48.533 +00:00 [INF] CORS policy execution successful.
2026-06-13 13:47:48.533 +00:00 [INF] ====== OnMessageReceived START ======
2026-06-13 13:47:48.534 +00:00 [INF] Available cookies: 2
2026-06-13 13:47:48.534 +00:00 [INF] Cookie: adminRefreshToken = 44 chars
2026-06-13 13:47:48.534 +00:00 [INF] Cookie: adminToken = 844 chars
2026-06-13 13:47:48.534 +00:00 [INF] Admin token found in cookies, length: 844
2026-06-13 13:47:48.534 +00:00 [INF] Admin token set in context
2026-06-13 13:47:48.534 +00:00 [INF] ====== OnMessageReceived END - Token set: true ======
2026-06-13 13:47:48.535 +00:00 [INF] Token validated successfully for user: lengyelnorbi
2026-06-13 13:47:48.535 +00:00 [INF] Device fingerprint headers - UA: Mozilla/5.0 (Windows NT 10.0; Win64; x64; rv:151.0) Gecko/20100101 Firefox/151.0, Accept: */*, Encoding: gzip, deflate
2026-06-13 13:47:48.535 +00:00 [INF] Device fingerprint validation: Stored=/a2uf4z8rcBIhIr7KGbd6aahMr80Bhj+9uyLiYNZ66A=, Current=/a2uf4z8rcBIhIr7KGbd6aahMr80Bhj+9uyLiYNZ66A=
2026-06-13 13:47:48.537 +00:00 [INF] Executed DbCommand (1ms) [Parameters=[@__jti_0='?', @__userId_1='?' (DbType = Int32)], CommandType='"Text"', CommandTimeout='30']
SELECT a."ID", a."CreatedAt", a."DeviceFingerprint", a."ExpiresAt", a."IpAddress", a."IsRevoked", a."UserID", a.jti
FROM "AccessTokens" AS a
WHERE a.jti = @__jti_0 AND a."UserID" = @__userId_1 AND NOT (a."IsRevoked") AND a."ExpiresAt" > now()
LIMIT 1
2026-06-13 13:47:48.538 +00:00 [INF] Executing endpoint 'API.Controllers.AuthController.RefreshToken (API)'
2026-06-13 13:47:48.538 +00:00 [INF] Route matched with {action = "RefreshToken", controller = "Auth"}. Executing controller action with signature System.Threading.Tasks.Task`1[Microsoft.AspNetCore.Mvc.IActionResult] RefreshToken(API.Models.RequestModels.RefreshRequest) on controller API.Controllers.AuthController (API).
2026-06-13 13:47:48.538 +00:00 [INF] Token refresh attempt at "2026-06-13T13:47:48.5387816Z"
2026-06-13 13:47:48.538 +00:00 [INF] Refreshing admin token at "2026-06-13T13:47:48.5389523Z"
2026-06-13 13:47:48.541 +00:00 [INF] Executed DbCommand (2ms) [Parameters=[@__tokenHash_0='?'], CommandType='"Text"', CommandTimeout='30']
SELECT r."ID", r."CreatedAt", r."DeviceFingerprint", r."ExpiresAt", r."IpAddress", r."IsRevoked", r."TokenHash", r."UserID"
FROM "RefreshTokens" AS r
WHERE r."TokenHash" = @__tokenHash_0 AND NOT (r."IsRevoked") AND r."ExpiresAt" > now()
ORDER BY r."CreatedAt" DESC
LIMIT 1
2026-06-13 13:47:48.541 +00:00 [INF] Mozilla/5.0 (Windows NT 10.0; Win64; x64; rv:151.0) Gecko/20100101 Firefox/151.0
2026-06-13 13:47:48.541 +00:00 [INF] Fetching user by ID from database...
2026-06-13 13:47:48.543 +00:00 [INF] Executed DbCommand (1ms) [Parameters=[@__id_0='?' (DbType = Int32)], CommandType='"Text"', CommandTimeout='30']
SELECT u."ID", u."Email", u."PasswordHash", u."RegisteredAt", u."Role", u."Username"
FROM "Users" AS u
WHERE u."ID" = @__id_0
LIMIT 1
2026-06-13 13:47:48.546 +00:00 [INF] Executed DbCommand (2ms) [Parameters=[@p0='?' (DbType = DateTime), @p1='?', @p2='?' (DbType = DateTime), @p3='?', @p4='?' (DbType = Int32), @p5='?'], CommandType='"Text"', CommandTimeout='30']
INSERT INTO "AccessTokens" ("CreatedAt", "DeviceFingerprint", "ExpiresAt", "IpAddress", "UserID", jti)
VALUES (@p0, @p1, @p2, @p3, @p4, @p5)
RETURNING "ID", "IsRevoked";
2026-06-13 13:47:48.547 +00:00 [INF] Executed DbCommand (1ms) [Parameters=[@__jti_0='?', @__userID_1='?' (DbType = Int32), @__deviceFingerprint_2='?', @__ipAddress_3='?'], CommandType='"Text"', CommandTimeout='30']
SELECT a."ID", a."CreatedAt", a."DeviceFingerprint", a."ExpiresAt", a."IpAddress", a."IsRevoked", a."UserID", a.jti
FROM "AccessTokens" AS a
WHERE a.jti = @__jti_0 AND a."UserID" = @__userID_1 AND a."DeviceFingerprint" = @__deviceFingerprint_2 AND a."IpAddress" = @__ipAddress_3
LIMIT 1
2026-06-13 13:47:48.548 +00:00 [INF] Attempting to revoke access token with jti 68b5a95a-a277-4869-adc2-7d5f6b185ef9 for user 1 from device /a2uf4z8rcBIhIr7KGbd6aahMr80Bhj+9uyLiYNZ66A= and IP ::ffff:172.20.0.1
2026-06-13 13:47:48.548 +00:00 [INF] Access token found: API.Models.AccessToken
2026-06-13 13:47:48.550 +00:00 [INF] Executed DbCommand (2ms) [Parameters=[@p1='?' (DbType = Int32), @p0='?' (DbType = Boolean)], CommandType='"Text"', CommandTimeout='30']
UPDATE "AccessTokens" SET "IsRevoked" = @p0
WHERE "ID" = @p1;
2026-06-13 13:47:48.551 +00:00 [INF] Access token AccessToken for user 1 revoked: true
2026-06-13 13:47:48.554 +00:00 [INF] Executed DbCommand (2ms) [Parameters=[@p0='?' (DbType = DateTime), @p1='?', @p2='?' (DbType = DateTime), @p3='?', @p4='?', @p5='?' (DbType = Int32)], CommandType='"Text"', CommandTimeout='30']
INSERT INTO "RefreshTokens" ("CreatedAt", "DeviceFingerprint", "ExpiresAt", "IpAddress", "TokenHash", "UserID")
VALUES (@p0, @p1, @p2, @p3, @p4, @p5)
RETURNING "ID", "IsRevoked";
2026-06-13 13:47:48.555 +00:00 [INF] Executed DbCommand (1ms) [Parameters=[@__tokenHash_0='?', @__userId_1='?' (DbType = Int32), @__deviceFingerprint_2='?', @__ipAddress_3='?'], CommandType='"Text"', CommandTimeout='30']
SELECT r."ID", r."CreatedAt", r."DeviceFingerprint", r."ExpiresAt", r."IpAddress", r."IsRevoked", r."TokenHash", r."UserID"
FROM "RefreshTokens" AS r
WHERE r."TokenHash" = @__tokenHash_0 AND r."UserID" = @__userId_1 AND r."DeviceFingerprint" = @__deviceFingerprint_2 AND r."IpAddress" = @__ipAddress_3
LIMIT 1
2026-06-13 13:47:48.557 +00:00 [INF] Executed DbCommand (2ms) [Parameters=[@p1='?' (DbType = Int32), @p0='?' (DbType = Boolean)], CommandType='"Text"', CommandTimeout='30']
UPDATE "RefreshTokens" SET "IsRevoked" = @p0
WHERE "ID" = @p1;
2026-06-13 13:47:48.558 +00:00 [INF] Refresh token j/Gj8XFhafCm/rO/D0yYW0wfSoAyOhclEsxi1vsTSVY= for user 1 revoked: true
2026-06-13 13:47:48.558 +00:00 [INF] Token refreshed successfully for user 1 at "2026-06-13T13:47:48.5582600Z"
2026-06-13 13:47:48.558 +00:00 [INF] Executing OkObjectResult, writing value of type '<>f__AnonymousType3`2[[System.Boolean, System.Private.CoreLib, Version=9.0.0.0, Culture=neutral, PublicKeyToken=7cec85d7bea7798e],[System.Int32, System.Private.CoreLib, Version=9.0.0.0, Culture=neutral, PublicKeyToken=7cec85d7bea7798e]]'.
2026-06-13 13:47:48.558 +00:00 [INF] Executed action API.Controllers.AuthController.RefreshToken (API) in 20.2313ms
2026-06-13 13:47:48.558 +00:00 [INF] Executed endpoint 'API.Controllers.AuthController.RefreshToken (API)'
2026-06-13 13:47:48.559 +00:00 [INF] Request finished HTTP/1.1 POST http://192.168.1.6:8080/api/auth/refresh - 200 null application/json; charset=utf-8 25.673ms
2026-06-13 13:51:35.027 +00:00 [INF] Request starting HTTP/1.1 GET http://192.168.1.6:8080/api/token/access-token?page=1&limit=10 - null null
2026-06-13 13:51:35.027 +00:00 [INF] CORS policy execution successful.
2026-06-13 13:51:35.028 +00:00 [INF] ====== OnMessageReceived START ======
2026-06-13 13:51:35.028 +00:00 [INF] Available cookies: 2
2026-06-13 13:51:35.028 +00:00 [INF] Cookie: adminRefreshToken = 44 chars
2026-06-13 13:51:35.028 +00:00 [INF] Cookie: adminToken = 844 chars
2026-06-13 13:51:35.028 +00:00 [INF] Admin token found in cookies, length: 844
2026-06-13 13:51:35.028 +00:00 [INF] Admin token set in context
2026-06-13 13:51:35.029 +00:00 [INF] ====== OnMessageReceived END - Token set: true ======
2026-06-13 13:51:35.029 +00:00 [INF] Token validated successfully for user: lengyelnorbi
2026-06-13 13:51:35.029 +00:00 [INF] Device fingerprint headers - UA: Mozilla/5.0 (Windows NT 10.0; Win64; x64; rv:151.0) Gecko/20100101 Firefox/151.0, Accept: application/json, text/plain, */*, Encoding: gzip, deflate
2026-06-13 13:51:35.029 +00:00 [INF] Device fingerprint validation: Stored=/a2uf4z8rcBIhIr7KGbd6aahMr80Bhj+9uyLiYNZ66A=, Current=/a2uf4z8rcBIhIr7KGbd6aahMr80Bhj+9uyLiYNZ66A=
2026-06-13 13:51:35.041 +00:00 [INF] Executed DbCommand (2ms) [Parameters=[@__jti_0='?', @__userId_1='?' (DbType = Int32)], CommandType='"Text"', CommandTimeout='30']
SELECT a."ID", a."CreatedAt", a."DeviceFingerprint", a."ExpiresAt", a."IpAddress", a."IsRevoked", a."UserID", a.jti
FROM "AccessTokens" AS a
WHERE a.jti = @__jti_0 AND a."UserID" = @__userId_1 AND NOT (a."IsRevoked") AND a."ExpiresAt" > now()
LIMIT 1
2026-06-13 13:51:35.041 +00:00 [INF] Executing endpoint 'API.Controllers.TokenController.GetAccessTokens (API)'
2026-06-13 13:51:35.044 +00:00 [INF] Route matched with {action = "GetAccessTokens", controller = "Token"}. Executing controller action with signature System.Threading.Tasks.Task`1[API.Utils.PagedResult`1[API.DTO.AccessTokenUserDTO]] GetAccessTokens(Int32, Int32) on controller API.Controllers.TokenController (API).
2026-06-13 13:51:35.048 +00:00 [INF] Received request to fetch access tokens with pagination: page=1, limit=10
2026-06-13 13:51:35.065 +00:00 [INF] Executed DbCommand (2ms) [Parameters=[], CommandType='"Text"', CommandTimeout='30']
SELECT count(*)::int
FROM "AccessTokens" AS a
WHERE a."IsRevoked"
2026-06-13 13:51:35.071 +00:00 [WRN] The query uses a row limiting operator ('Skip'/'Take') without an 'OrderBy' operator. This may lead to unpredictable results. If the 'Distinct' operator is used after 'OrderBy', then make sure to use the 'OrderBy' operator after 'Distinct' as the ordering would otherwise get erased.
2026-06-13 13:51:35.072 +00:00 [WRN] The query uses a row limiting operator ('Skip'/'Take') without an 'OrderBy' operator. This may lead to unpredictable results. If the 'Distinct' operator is used after 'OrderBy', then make sure to use the 'OrderBy' operator after 'Distinct' as the ordering would otherwise get erased.
2026-06-13 13:51:35.098 +00:00 [INF] Executed DbCommand (2ms) [Parameters=[@__p_1='?' (DbType = Int32), @__p_0='?' (DbType = Int32)], CommandType='"Text"', CommandTimeout='30']
SELECT a0."ID", a0.jti, a0."DeviceFingerprint", a0."IpAddress", a0."CreatedAt", a0."IsRevoked", a0."ExpiresAt", u."ID" AS "UserID", u."Username", u."Email", u."Role"
FROM (
    SELECT a."ID", a."CreatedAt", a."DeviceFingerprint", a."ExpiresAt", a."IpAddress", a."IsRevoked", a."UserID", a.jti
    FROM "AccessTokens" AS a
    WHERE a."IsRevoked"
    LIMIT @__p_1 OFFSET @__p_0
) AS a0
INNER JOIN "Users" AS u ON a0."UserID" = u."ID"
2026-06-13 13:51:35.098 +00:00 [INF] Executing ObjectResult, writing value of type 'API.Utils.PagedResult`1[[API.DTO.AccessTokenUserDTO, API, Version=1.0.0.0, Culture=neutral, PublicKeyToken=null]]'.
2026-06-13 13:51:35.103 +00:00 [INF] Executed action API.Controllers.TokenController.GetAccessTokens (API) in 58.4378ms
2026-06-13 13:51:35.103 +00:00 [INF] Executed endpoint 'API.Controllers.TokenController.GetAccessTokens (API)'
2026-06-13 13:51:35.103 +00:00 [INF] Request finished HTTP/1.1 GET http://192.168.1.6:8080/api/token/access-token?page=1&limit=10 - 200 null application/json; charset=utf-8 76.5364ms
2026-06-13 13:51:35.638 +00:00 [INF] Request starting HTTP/1.1 GET http://192.168.1.6:8080/api/token/refresh-token?page=1&limit=10 - null null
2026-06-13 13:51:35.639 +00:00 [INF] CORS policy execution successful.
2026-06-13 13:51:35.639 +00:00 [INF] ====== OnMessageReceived START ======
2026-06-13 13:51:35.640 +00:00 [INF] Available cookies: 2
2026-06-13 13:51:35.640 +00:00 [INF] Cookie: adminRefreshToken = 44 chars
2026-06-13 13:51:35.640 +00:00 [INF] Cookie: adminToken = 844 chars
2026-06-13 13:51:35.640 +00:00 [INF] Admin token found in cookies, length: 844
2026-06-13 13:51:35.640 +00:00 [INF] Admin token set in context
2026-06-13 13:51:35.640 +00:00 [INF] ====== OnMessageReceived END - Token set: true ======
2026-06-13 13:51:35.641 +00:00 [INF] Token validated successfully for user: lengyelnorbi
2026-06-13 13:51:35.641 +00:00 [INF] Device fingerprint headers - UA: Mozilla/5.0 (Windows NT 10.0; Win64; x64; rv:151.0) Gecko/20100101 Firefox/151.0, Accept: application/json, text/plain, */*, Encoding: gzip, deflate
2026-06-13 13:51:35.641 +00:00 [INF] Device fingerprint validation: Stored=/a2uf4z8rcBIhIr7KGbd6aahMr80Bhj+9uyLiYNZ66A=, Current=/a2uf4z8rcBIhIr7KGbd6aahMr80Bhj+9uyLiYNZ66A=
2026-06-13 13:51:35.643 +00:00 [INF] Executed DbCommand (1ms) [Parameters=[@__jti_0='?', @__userId_1='?' (DbType = Int32)], CommandType='"Text"', CommandTimeout='30']
SELECT a."ID", a."CreatedAt", a."DeviceFingerprint", a."ExpiresAt", a."IpAddress", a."IsRevoked", a."UserID", a.jti
FROM "AccessTokens" AS a
WHERE a.jti = @__jti_0 AND a."UserID" = @__userId_1 AND NOT (a."IsRevoked") AND a."ExpiresAt" > now()
LIMIT 1
2026-06-13 13:51:35.643 +00:00 [INF] Executing endpoint 'API.Controllers.TokenController.GetRefreshTokens (API)'
2026-06-13 13:51:35.645 +00:00 [INF] Route matched with {action = "GetRefreshTokens", controller = "Token"}. Executing controller action with signature System.Threading.Tasks.Task`1[API.Utils.PagedResult`1[API.DTO.RefreshTokenUserDTO]] GetRefreshTokens(Int32, Int32) on controller API.Controllers.TokenController (API).
2026-06-13 13:51:35.646 +00:00 [INF] Received request to fetch refresh tokens with pagination: page=1, limit=10
2026-06-13 13:51:35.651 +00:00 [INF] Executed DbCommand (2ms) [Parameters=[], CommandType='"Text"', CommandTimeout='30']
SELECT count(*)::int
FROM "RefreshTokens" AS r
WHERE NOT (r."IsRevoked")
2026-06-13 13:51:35.652 +00:00 [WRN] The query uses a row limiting operator ('Skip'/'Take') without an 'OrderBy' operator. This may lead to unpredictable results. If the 'Distinct' operator is used after 'OrderBy', then make sure to use the 'OrderBy' operator after 'Distinct' as the ordering would otherwise get erased.
2026-06-13 13:51:35.653 +00:00 [WRN] The query uses a row limiting operator ('Skip'/'Take') without an 'OrderBy' operator. This may lead to unpredictable results. If the 'Distinct' operator is used after 'OrderBy', then make sure to use the 'OrderBy' operator after 'Distinct' as the ordering would otherwise get erased.
2026-06-13 13:51:35.657 +00:00 [INF] Executed DbCommand (2ms) [Parameters=[@__p_1='?' (DbType = Int32), @__p_0='?' (DbType = Int32)], CommandType='"Text"', CommandTimeout='30']
SELECT r0."ID", r0."TokenHash", r0."DeviceFingerprint", r0."IpAddress", r0."CreatedAt", r0."IsRevoked", r0."ExpiresAt", u."ID" AS "UserID", u."Username", u."Email", u."Role"
FROM (
    SELECT r."ID", r."CreatedAt", r."DeviceFingerprint", r."ExpiresAt", r."IpAddress", r."IsRevoked", r."TokenHash", r."UserID"
    FROM "RefreshTokens" AS r
    WHERE NOT (r."IsRevoked")
    LIMIT @__p_1 OFFSET @__p_0
) AS r0
INNER JOIN "Users" AS u ON r0."UserID" = u."ID"
2026-06-13 13:51:35.657 +00:00 [INF] Executing ObjectResult, writing value of type 'API.Utils.PagedResult`1[[API.DTO.RefreshTokenUserDTO, API, Version=1.0.0.0, Culture=neutral, PublicKeyToken=null]]'.
2026-06-13 13:51:35.659 +00:00 [INF] Executed action API.Controllers.TokenController.GetRefreshTokens (API) in 13.468ms
2026-06-13 13:51:35.659 +00:00 [INF] Executed endpoint 'API.Controllers.TokenController.GetRefreshTokens (API)'
2026-06-13 13:51:35.659 +00:00 [INF] Request finished HTTP/1.1 GET http://192.168.1.6:8080/api/token/refresh-token?page=1&limit=10 - 200 null application/json; charset=utf-8 20.8625ms
2026-06-13 13:51:37.939 +00:00 [INF] Request starting HTTP/1.1 GET http://192.168.1.6:8080/api/token/refresh-token?page=1&limit=10 - null null
2026-06-13 13:51:37.939 +00:00 [INF] CORS policy execution successful.
2026-06-13 13:51:37.940 +00:00 [INF] ====== OnMessageReceived START ======
2026-06-13 13:51:37.940 +00:00 [INF] Available cookies: 2
2026-06-13 13:51:37.940 +00:00 [INF] Cookie: adminRefreshToken = 44 chars
2026-06-13 13:51:37.940 +00:00 [INF] Cookie: adminToken = 844 chars
2026-06-13 13:51:37.940 +00:00 [INF] Admin token found in cookies, length: 844
2026-06-13 13:51:37.940 +00:00 [INF] Admin token set in context
2026-06-13 13:51:37.940 +00:00 [INF] ====== OnMessageReceived END - Token set: true ======
2026-06-13 13:51:37.941 +00:00 [INF] Token validated successfully for user: lengyelnorbi
2026-06-13 13:51:37.941 +00:00 [INF] Device fingerprint headers - UA: Mozilla/5.0 (Windows NT 10.0; Win64; x64; rv:151.0) Gecko/20100101 Firefox/151.0, Accept: application/json, text/plain, */*, Encoding: gzip, deflate
2026-06-13 13:51:37.941 +00:00 [INF] Device fingerprint validation: Stored=/a2uf4z8rcBIhIr7KGbd6aahMr80Bhj+9uyLiYNZ66A=, Current=/a2uf4z8rcBIhIr7KGbd6aahMr80Bhj+9uyLiYNZ66A=
2026-06-13 13:51:37.943 +00:00 [INF] Executed DbCommand (1ms) [Parameters=[@__jti_0='?', @__userId_1='?' (DbType = Int32)], CommandType='"Text"', CommandTimeout='30']
SELECT a."ID", a."CreatedAt", a."DeviceFingerprint", a."ExpiresAt", a."IpAddress", a."IsRevoked", a."UserID", a.jti
FROM "AccessTokens" AS a
WHERE a.jti = @__jti_0 AND a."UserID" = @__userId_1 AND NOT (a."IsRevoked") AND a."ExpiresAt" > now()
LIMIT 1
2026-06-13 13:51:37.943 +00:00 [INF] Executing endpoint 'API.Controllers.TokenController.GetRefreshTokens (API)'
2026-06-13 13:51:37.944 +00:00 [INF] Route matched with {action = "GetRefreshTokens", controller = "Token"}. Executing controller action with signature System.Threading.Tasks.Task`1[API.Utils.PagedResult`1[API.DTO.RefreshTokenUserDTO]] GetRefreshTokens(Int32, Int32) on controller API.Controllers.TokenController (API).
2026-06-13 13:51:37.944 +00:00 [INF] Received request to fetch refresh tokens with pagination: page=1, limit=10
2026-06-13 13:51:37.946 +00:00 [INF] Executed DbCommand (1ms) [Parameters=[], CommandType='"Text"', CommandTimeout='30']
SELECT count(*)::int
FROM "RefreshTokens" AS r
WHERE NOT (r."IsRevoked")
2026-06-13 13:51:37.948 +00:00 [INF] Executed DbCommand (1ms) [Parameters=[@__p_1='?' (DbType = Int32), @__p_0='?' (DbType = Int32)], CommandType='"Text"', CommandTimeout='30']
SELECT r0."ID", r0."TokenHash", r0."DeviceFingerprint", r0."IpAddress", r0."CreatedAt", r0."IsRevoked", r0."ExpiresAt", u."ID" AS "UserID", u."Username", u."Email", u."Role"
FROM (
    SELECT r."ID", r."CreatedAt", r."DeviceFingerprint", r."ExpiresAt", r."IpAddress", r."IsRevoked", r."TokenHash", r."UserID"
    FROM "RefreshTokens" AS r
    WHERE NOT (r."IsRevoked")
    LIMIT @__p_1 OFFSET @__p_0
) AS r0
INNER JOIN "Users" AS u ON r0."UserID" = u."ID"
2026-06-13 13:51:37.948 +00:00 [INF] Executing ObjectResult, writing value of type 'API.Utils.PagedResult`1[[API.DTO.RefreshTokenUserDTO, API, Version=1.0.0.0, Culture=neutral, PublicKeyToken=null]]'.
2026-06-13 13:51:37.948 +00:00 [INF] Executed action API.Controllers.TokenController.GetRefreshTokens (API) in 4.409ms
2026-06-13 13:51:37.948 +00:00 [INF] Executed endpoint 'API.Controllers.TokenController.GetRefreshTokens (API)'
2026-06-13 13:51:37.949 +00:00 [INF] Request finished HTTP/1.1 GET http://192.168.1.6:8080/api/token/refresh-token?page=1&limit=10 - 200 null application/json; charset=utf-8 9.4563ms
2026-06-13 13:51:38.539 +00:00 [INF] Request starting HTTP/1.1 GET http://192.168.1.6:8080/api/token/refresh-token?page=1&limit=10 - null null
2026-06-13 13:51:38.539 +00:00 [INF] CORS policy execution successful.
2026-06-13 13:51:38.540 +00:00 [INF] ====== OnMessageReceived START ======
2026-06-13 13:51:38.540 +00:00 [INF] Available cookies: 2
2026-06-13 13:51:38.540 +00:00 [INF] Cookie: adminRefreshToken = 44 chars
2026-06-13 13:51:38.540 +00:00 [INF] Cookie: adminToken = 844 chars
2026-06-13 13:51:38.540 +00:00 [INF] Admin token found in cookies, length: 844
2026-06-13 13:51:38.540 +00:00 [INF] Admin token set in context
2026-06-13 13:51:38.540 +00:00 [INF] ====== OnMessageReceived END - Token set: true ======
2026-06-13 13:51:38.541 +00:00 [INF] Token validated successfully for user: lengyelnorbi
2026-06-13 13:51:38.541 +00:00 [INF] Device fingerprint headers - UA: Mozilla/5.0 (Windows NT 10.0; Win64; x64; rv:151.0) Gecko/20100101 Firefox/151.0, Accept: application/json, text/plain, */*, Encoding: gzip, deflate
2026-06-13 13:51:38.541 +00:00 [INF] Device fingerprint validation: Stored=/a2uf4z8rcBIhIr7KGbd6aahMr80Bhj+9uyLiYNZ66A=, Current=/a2uf4z8rcBIhIr7KGbd6aahMr80Bhj+9uyLiYNZ66A=
2026-06-13 13:51:38.543 +00:00 [INF] Executed DbCommand (1ms) [Parameters=[@__jti_0='?', @__userId_1='?' (DbType = Int32)], CommandType='"Text"', CommandTimeout='30']
SELECT a."ID", a."CreatedAt", a."DeviceFingerprint", a."ExpiresAt", a."IpAddress", a."IsRevoked", a."UserID", a.jti
FROM "AccessTokens" AS a
WHERE a.jti = @__jti_0 AND a."UserID" = @__userId_1 AND NOT (a."IsRevoked") AND a."ExpiresAt" > now()
LIMIT 1
2026-06-13 13:51:38.543 +00:00 [INF] Executing endpoint 'API.Controllers.TokenController.GetRefreshTokens (API)'
2026-06-13 13:51:38.544 +00:00 [INF] Route matched with {action = "GetRefreshTokens", controller = "Token"}. Executing controller action with signature System.Threading.Tasks.Task`1[API.Utils.PagedResult`1[API.DTO.RefreshTokenUserDTO]] GetRefreshTokens(Int32, Int32) on controller API.Controllers.TokenController (API).
2026-06-13 13:51:38.544 +00:00 [INF] Received request to fetch refresh tokens with pagination: page=1, limit=10
2026-06-13 13:51:38.545 +00:00 [INF] Executed DbCommand (1ms) [Parameters=[], CommandType='"Text"', CommandTimeout='30']
SELECT count(*)::int
FROM "RefreshTokens" AS r
WHERE NOT (r."IsRevoked")
2026-06-13 13:51:38.547 +00:00 [INF] Executed DbCommand (1ms) [Parameters=[@__p_1='?' (DbType = Int32), @__p_0='?' (DbType = Int32)], CommandType='"Text"', CommandTimeout='30']
SELECT r0."ID", r0."TokenHash", r0."DeviceFingerprint", r0."IpAddress", r0."CreatedAt", r0."IsRevoked", r0."ExpiresAt", u."ID" AS "UserID", u."Username", u."Email", u."Role"
FROM (
    SELECT r."ID", r."CreatedAt", r."DeviceFingerprint", r."ExpiresAt", r."IpAddress", r."IsRevoked", r."TokenHash", r."UserID"
    FROM "RefreshTokens" AS r
    WHERE NOT (r."IsRevoked")
    LIMIT @__p_1 OFFSET @__p_0
) AS r0
INNER JOIN "Users" AS u ON r0."UserID" = u."ID"
2026-06-13 13:51:38.547 +00:00 [INF] Executing ObjectResult, writing value of type 'API.Utils.PagedResult`1[[API.DTO.RefreshTokenUserDTO, API, Version=1.0.0.0, Culture=neutral, PublicKeyToken=null]]'.
2026-06-13 13:51:38.547 +00:00 [INF] Executed action API.Controllers.TokenController.GetRefreshTokens (API) in 3.4457ms
2026-06-13 13:51:38.547 +00:00 [INF] Executed endpoint 'API.Controllers.TokenController.GetRefreshTokens (API)'
2026-06-13 13:51:38.548 +00:00 [INF] Request finished HTTP/1.1 GET http://192.168.1.6:8080/api/token/refresh-token?page=1&limit=10 - 200 null application/json; charset=utf-8 8.5413ms
2026-06-13 13:51:42.523 +00:00 [INF] Request starting HTTP/1.1 GET http://192.168.1.6:8080/api/token/access-token?page=1&limit=10 - null null
2026-06-13 13:51:42.523 +00:00 [INF] CORS policy execution successful.
2026-06-13 13:51:42.524 +00:00 [INF] ====== OnMessageReceived START ======
2026-06-13 13:51:42.524 +00:00 [INF] Available cookies: 2
2026-06-13 13:51:42.524 +00:00 [INF] Cookie: adminRefreshToken = 44 chars
2026-06-13 13:51:42.524 +00:00 [INF] Cookie: adminToken = 844 chars
2026-06-13 13:51:42.524 +00:00 [INF] Admin token found in cookies, length: 844
2026-06-13 13:51:42.524 +00:00 [INF] Admin token set in context
2026-06-13 13:51:42.524 +00:00 [INF] ====== OnMessageReceived END - Token set: true ======
2026-06-13 13:51:42.525 +00:00 [INF] Token validated successfully for user: lengyelnorbi
2026-06-13 13:51:42.525 +00:00 [INF] Device fingerprint headers - UA: Mozilla/5.0 (Windows NT 10.0; Win64; x64; rv:151.0) Gecko/20100101 Firefox/151.0, Accept: application/json, text/plain, */*, Encoding: gzip, deflate
2026-06-13 13:51:42.525 +00:00 [INF] Device fingerprint validation: Stored=/a2uf4z8rcBIhIr7KGbd6aahMr80Bhj+9uyLiYNZ66A=, Current=/a2uf4z8rcBIhIr7KGbd6aahMr80Bhj+9uyLiYNZ66A=
2026-06-13 13:51:42.527 +00:00 [INF] Executed DbCommand (1ms) [Parameters=[@__jti_0='?', @__userId_1='?' (DbType = Int32)], CommandType='"Text"', CommandTimeout='30']
SELECT a."ID", a."CreatedAt", a."DeviceFingerprint", a."ExpiresAt", a."IpAddress", a."IsRevoked", a."UserID", a.jti
FROM "AccessTokens" AS a
WHERE a.jti = @__jti_0 AND a."UserID" = @__userId_1 AND NOT (a."IsRevoked") AND a."ExpiresAt" > now()
LIMIT 1
2026-06-13 13:51:42.527 +00:00 [INF] Executing endpoint 'API.Controllers.TokenController.GetAccessTokens (API)'
2026-06-13 13:51:42.527 +00:00 [INF] Route matched with {action = "GetAccessTokens", controller = "Token"}. Executing controller action with signature System.Threading.Tasks.Task`1[API.Utils.PagedResult`1[API.DTO.AccessTokenUserDTO]] GetAccessTokens(Int32, Int32) on controller API.Controllers.TokenController (API).
2026-06-13 13:51:42.528 +00:00 [INF] Received request to fetch access tokens with pagination: page=1, limit=10
2026-06-13 13:51:42.529 +00:00 [INF] Executed DbCommand (1ms) [Parameters=[], CommandType='"Text"', CommandTimeout='30']
SELECT count(*)::int
FROM "AccessTokens" AS a
WHERE a."IsRevoked"
2026-06-13 13:51:42.530 +00:00 [INF] Executed DbCommand (1ms) [Parameters=[@__p_1='?' (DbType = Int32), @__p_0='?' (DbType = Int32)], CommandType='"Text"', CommandTimeout='30']
SELECT a0."ID", a0.jti, a0."DeviceFingerprint", a0."IpAddress", a0."CreatedAt", a0."IsRevoked", a0."ExpiresAt", u."ID" AS "UserID", u."Username", u."Email", u."Role"
FROM (
    SELECT a."ID", a."CreatedAt", a."DeviceFingerprint", a."ExpiresAt", a."IpAddress", a."IsRevoked", a."UserID", a.jti
    FROM "AccessTokens" AS a
    WHERE a."IsRevoked"
    LIMIT @__p_1 OFFSET @__p_0
) AS a0
INNER JOIN "Users" AS u ON a0."UserID" = u."ID"
2026-06-13 13:51:42.531 +00:00 [INF] Executing ObjectResult, writing value of type 'API.Utils.PagedResult`1[[API.DTO.AccessTokenUserDTO, API, Version=1.0.0.0, Culture=neutral, PublicKeyToken=null]]'.
2026-06-13 13:51:42.531 +00:00 [INF] Executed action API.Controllers.TokenController.GetAccessTokens (API) in 3.3609ms
2026-06-13 13:51:42.531 +00:00 [INF] Executed endpoint 'API.Controllers.TokenController.GetAccessTokens (API)'
2026-06-13 13:51:42.531 +00:00 [INF] Request finished HTTP/1.1 GET http://192.168.1.6:8080/api/token/access-token?page=1&limit=10 - 200 null application/json; charset=utf-8 8.0182ms
2026-06-13 13:51:43.492 +00:00 [INF] Request starting HTTP/1.1 GET http://192.168.1.6:8080/api/token/access-token?page=23&limit=10 - null null
2026-06-13 13:51:43.492 +00:00 [INF] CORS policy execution successful.
2026-06-13 13:51:43.492 +00:00 [INF] ====== OnMessageReceived START ======
2026-06-13 13:51:43.492 +00:00 [INF] Available cookies: 2
2026-06-13 13:51:43.492 +00:00 [INF] Cookie: adminRefreshToken = 44 chars
2026-06-13 13:51:43.493 +00:00 [INF] Cookie: adminToken = 844 chars
2026-06-13 13:51:43.493 +00:00 [INF] Admin token found in cookies, length: 844
2026-06-13 13:51:43.493 +00:00 [INF] Admin token set in context
2026-06-13 13:51:43.493 +00:00 [INF] ====== OnMessageReceived END - Token set: true ======
2026-06-13 13:51:43.493 +00:00 [INF] Token validated successfully for user: lengyelnorbi
2026-06-13 13:51:43.493 +00:00 [INF] Device fingerprint headers - UA: Mozilla/5.0 (Windows NT 10.0; Win64; x64; rv:151.0) Gecko/20100101 Firefox/151.0, Accept: application/json, text/plain, */*, Encoding: gzip, deflate
2026-06-13 13:51:43.494 +00:00 [INF] Device fingerprint validation: Stored=/a2uf4z8rcBIhIr7KGbd6aahMr80Bhj+9uyLiYNZ66A=, Current=/a2uf4z8rcBIhIr7KGbd6aahMr80Bhj+9uyLiYNZ66A=
2026-06-13 13:51:43.496 +00:00 [INF] Executed DbCommand (1ms) [Parameters=[@__jti_0='?', @__userId_1='?' (DbType = Int32)], CommandType='"Text"', CommandTimeout='30']
SELECT a."ID", a."CreatedAt", a."DeviceFingerprint", a."ExpiresAt", a."IpAddress", a."IsRevoked", a."UserID", a.jti
FROM "AccessTokens" AS a
WHERE a.jti = @__jti_0 AND a."UserID" = @__userId_1 AND NOT (a."IsRevoked") AND a."ExpiresAt" > now()
LIMIT 1
2026-06-13 13:51:43.496 +00:00 [INF] Executing endpoint 'API.Controllers.TokenController.GetAccessTokens (API)'
2026-06-13 13:51:43.496 +00:00 [INF] Route matched with {action = "GetAccessTokens", controller = "Token"}. Executing controller action with signature System.Threading.Tasks.Task`1[API.Utils.PagedResult`1[API.DTO.AccessTokenUserDTO]] GetAccessTokens(Int32, Int32) on controller API.Controllers.TokenController (API).
2026-06-13 13:51:43.496 +00:00 [INF] Received request to fetch access tokens with pagination: page=23, limit=10
2026-06-13 13:51:43.498 +00:00 [INF] Executed DbCommand (1ms) [Parameters=[], CommandType='"Text"', CommandTimeout='30']
SELECT count(*)::int
FROM "AccessTokens" AS a
WHERE a."IsRevoked"
2026-06-13 13:51:43.499 +00:00 [INF] Executed DbCommand (1ms) [Parameters=[@__p_1='?' (DbType = Int32), @__p_0='?' (DbType = Int32)], CommandType='"Text"', CommandTimeout='30']
SELECT a0."ID", a0.jti, a0."DeviceFingerprint", a0."IpAddress", a0."CreatedAt", a0."IsRevoked", a0."ExpiresAt", u."ID" AS "UserID", u."Username", u."Email", u."Role"
FROM (
    SELECT a."ID", a."CreatedAt", a."DeviceFingerprint", a."ExpiresAt", a."IpAddress", a."IsRevoked", a."UserID", a.jti
    FROM "AccessTokens" AS a
    WHERE a."IsRevoked"
    LIMIT @__p_1 OFFSET @__p_0
) AS a0
INNER JOIN "Users" AS u ON a0."UserID" = u."ID"
2026-06-13 13:51:43.499 +00:00 [INF] Executing ObjectResult, writing value of type 'API.Utils.PagedResult`1[[API.DTO.AccessTokenUserDTO, API, Version=1.0.0.0, Culture=neutral, PublicKeyToken=null]]'.
2026-06-13 13:51:43.500 +00:00 [INF] Executed action API.Controllers.TokenController.GetAccessTokens (API) in 3.3031ms
2026-06-13 13:51:43.500 +00:00 [INF] Executed endpoint 'API.Controllers.TokenController.GetAccessTokens (API)'
2026-06-13 13:51:43.500 +00:00 [INF] Request finished HTTP/1.1 GET http://192.168.1.6:8080/api/token/access-token?page=23&limit=10 - 200 null application/json; charset=utf-8 8.3335ms
2026-06-13 13:51:46.139 +00:00 [INF] Request starting HTTP/1.1 GET http://192.168.1.6:8080/api/token/access-token?page=22&limit=10 - null null
2026-06-13 13:51:46.139 +00:00 [INF] CORS policy execution successful.
2026-06-13 13:51:46.140 +00:00 [INF] ====== OnMessageReceived START ======
2026-06-13 13:51:46.140 +00:00 [INF] Available cookies: 2
2026-06-13 13:51:46.140 +00:00 [INF] Cookie: adminRefreshToken = 44 chars
2026-06-13 13:51:46.140 +00:00 [INF] Cookie: adminToken = 844 chars
2026-06-13 13:51:46.140 +00:00 [INF] Admin token found in cookies, length: 844
2026-06-13 13:51:46.140 +00:00 [INF] Admin token set in context
2026-06-13 13:51:46.141 +00:00 [INF] ====== OnMessageReceived END - Token set: true ======
2026-06-13 13:51:46.141 +00:00 [INF] Token validated successfully for user: lengyelnorbi
2026-06-13 13:51:46.141 +00:00 [INF] Device fingerprint headers - UA: Mozilla/5.0 (Windows NT 10.0; Win64; x64; rv:151.0) Gecko/20100101 Firefox/151.0, Accept: application/json, text/plain, */*, Encoding: gzip, deflate
2026-06-13 13:51:46.141 +00:00 [INF] Device fingerprint validation: Stored=/a2uf4z8rcBIhIr7KGbd6aahMr80Bhj+9uyLiYNZ66A=, Current=/a2uf4z8rcBIhIr7KGbd6aahMr80Bhj+9uyLiYNZ66A=
2026-06-13 13:51:46.143 +00:00 [INF] Executed DbCommand (1ms) [Parameters=[@__jti_0='?', @__userId_1='?' (DbType = Int32)], CommandType='"Text"', CommandTimeout='30']
SELECT a."ID", a."CreatedAt", a."DeviceFingerprint", a."ExpiresAt", a."IpAddress", a."IsRevoked", a."UserID", a.jti
FROM "AccessTokens" AS a
WHERE a.jti = @__jti_0 AND a."UserID" = @__userId_1 AND NOT (a."IsRevoked") AND a."ExpiresAt" > now()
LIMIT 1
2026-06-13 13:51:46.143 +00:00 [INF] Executing endpoint 'API.Controllers.TokenController.GetAccessTokens (API)'
2026-06-13 13:51:46.144 +00:00 [INF] Route matched with {action = "GetAccessTokens", controller = "Token"}. Executing controller action with signature System.Threading.Tasks.Task`1[API.Utils.PagedResult`1[API.DTO.AccessTokenUserDTO]] GetAccessTokens(Int32, Int32) on controller API.Controllers.TokenController (API).
2026-06-13 13:51:46.144 +00:00 [INF] Received request to fetch access tokens with pagination: page=22, limit=10
2026-06-13 13:51:46.146 +00:00 [INF] Executed DbCommand (1ms) [Parameters=[], CommandType='"Text"', CommandTimeout='30']
SELECT count(*)::int
FROM "AccessTokens" AS a
WHERE a."IsRevoked"
2026-06-13 13:51:46.147 +00:00 [INF] Executed DbCommand (1ms) [Parameters=[@__p_1='?' (DbType = Int32), @__p_0='?' (DbType = Int32)], CommandType='"Text"', CommandTimeout='30']
SELECT a0."ID", a0.jti, a0."DeviceFingerprint", a0."IpAddress", a0."CreatedAt", a0."IsRevoked", a0."ExpiresAt", u."ID" AS "UserID", u."Username", u."Email", u."Role"
FROM (
    SELECT a."ID", a."CreatedAt", a."DeviceFingerprint", a."ExpiresAt", a."IpAddress", a."IsRevoked", a."UserID", a.jti
    FROM "AccessTokens" AS a
    WHERE a."IsRevoked"
    LIMIT @__p_1 OFFSET @__p_0
) AS a0
INNER JOIN "Users" AS u ON a0."UserID" = u."ID"
2026-06-13 13:51:46.147 +00:00 [INF] Executing ObjectResult, writing value of type 'API.Utils.PagedResult`1[[API.DTO.AccessTokenUserDTO, API, Version=1.0.0.0, Culture=neutral, PublicKeyToken=null]]'.
2026-06-13 13:51:46.148 +00:00 [INF] Executed action API.Controllers.TokenController.GetAccessTokens (API) in 3.9508ms
2026-06-13 13:51:46.148 +00:00 [INF] Executed endpoint 'API.Controllers.TokenController.GetAccessTokens (API)'
2026-06-13 13:51:46.148 +00:00 [INF] Request finished HTTP/1.1 GET http://192.168.1.6:8080/api/token/access-token?page=22&limit=10 - 200 null application/json; charset=utf-8 9.0659ms
2026-06-13 13:51:46.689 +00:00 [INF] Request starting HTTP/1.1 GET http://192.168.1.6:8080/api/token/access-token?page=18&limit=10 - null null
2026-06-13 13:51:46.689 +00:00 [INF] CORS policy execution successful.
2026-06-13 13:51:46.690 +00:00 [INF] ====== OnMessageReceived START ======
2026-06-13 13:51:46.690 +00:00 [INF] Available cookies: 2
2026-06-13 13:51:46.690 +00:00 [INF] Cookie: adminRefreshToken = 44 chars
2026-06-13 13:51:46.690 +00:00 [INF] Cookie: adminToken = 844 chars
2026-06-13 13:51:46.690 +00:00 [INF] Admin token found in cookies, length: 844
2026-06-13 13:51:46.690 +00:00 [INF] Admin token set in context
2026-06-13 13:51:46.691 +00:00 [INF] ====== OnMessageReceived END - Token set: true ======
2026-06-13 13:51:46.691 +00:00 [INF] Token validated successfully for user: lengyelnorbi
2026-06-13 13:51:46.691 +00:00 [INF] Device fingerprint headers - UA: Mozilla/5.0 (Windows NT 10.0; Win64; x64; rv:151.0) Gecko/20100101 Firefox/151.0, Accept: application/json, text/plain, */*, Encoding: gzip, deflate
2026-06-13 13:51:46.691 +00:00 [INF] Device fingerprint validation: Stored=/a2uf4z8rcBIhIr7KGbd6aahMr80Bhj+9uyLiYNZ66A=, Current=/a2uf4z8rcBIhIr7KGbd6aahMr80Bhj+9uyLiYNZ66A=
2026-06-13 13:51:46.693 +00:00 [INF] Executed DbCommand (1ms) [Parameters=[@__jti_0='?', @__userId_1='?' (DbType = Int32)], CommandType='"Text"', CommandTimeout='30']
SELECT a."ID", a."CreatedAt", a."DeviceFingerprint", a."ExpiresAt", a."IpAddress", a."IsRevoked", a."UserID", a.jti
FROM "AccessTokens" AS a
WHERE a.jti = @__jti_0 AND a."UserID" = @__userId_1 AND NOT (a."IsRevoked") AND a."ExpiresAt" > now()
LIMIT 1
2026-06-13 13:51:46.693 +00:00 [INF] Executing endpoint 'API.Controllers.TokenController.GetAccessTokens (API)'
2026-06-13 13:51:46.694 +00:00 [INF] Route matched with {action = "GetAccessTokens", controller = "Token"}. Executing controller action with signature System.Threading.Tasks.Task`1[API.Utils.PagedResult`1[API.DTO.AccessTokenUserDTO]] GetAccessTokens(Int32, Int32) on controller API.Controllers.TokenController (API).
2026-06-13 13:51:46.694 +00:00 [INF] Received request to fetch access tokens with pagination: page=18, limit=10
2026-06-13 13:51:46.696 +00:00 [INF] Executed DbCommand (1ms) [Parameters=[], CommandType='"Text"', CommandTimeout='30']
SELECT count(*)::int
FROM "AccessTokens" AS a
WHERE a."IsRevoked"
2026-06-13 13:51:46.697 +00:00 [INF] Executed DbCommand (1ms) [Parameters=[@__p_1='?' (DbType = Int32), @__p_0='?' (DbType = Int32)], CommandType='"Text"', CommandTimeout='30']
SELECT a0."ID", a0.jti, a0."DeviceFingerprint", a0."IpAddress", a0."CreatedAt", a0."IsRevoked", a0."ExpiresAt", u."ID" AS "UserID", u."Username", u."Email", u."Role"
FROM (
    SELECT a."ID", a."CreatedAt", a."DeviceFingerprint", a."ExpiresAt", a."IpAddress", a."IsRevoked", a."UserID", a.jti
    FROM "AccessTokens" AS a
    WHERE a."IsRevoked"
    LIMIT @__p_1 OFFSET @__p_0
) AS a0
INNER JOIN "Users" AS u ON a0."UserID" = u."ID"
2026-06-13 13:51:46.697 +00:00 [INF] Executing ObjectResult, writing value of type 'API.Utils.PagedResult`1[[API.DTO.AccessTokenUserDTO, API, Version=1.0.0.0, Culture=neutral, PublicKeyToken=null]]'.
2026-06-13 13:51:46.697 +00:00 [INF] Executed action API.Controllers.TokenController.GetAccessTokens (API) in 3.6503ms
2026-06-13 13:51:46.698 +00:00 [INF] Executed endpoint 'API.Controllers.TokenController.GetAccessTokens (API)'
2026-06-13 13:51:46.698 +00:00 [INF] Request finished HTTP/1.1 GET http://192.168.1.6:8080/api/token/access-token?page=18&limit=10 - 200 null application/json; charset=utf-8 8.7356ms
2026-06-13 13:51:51.071 +00:00 [INF] Request starting HTTP/1.1 GET http://192.168.1.6:8080/api/token/access-token?page=22&limit=10 - null null
2026-06-13 13:51:51.072 +00:00 [INF] CORS policy execution successful.
2026-06-13 13:51:51.072 +00:00 [INF] ====== OnMessageReceived START ======
2026-06-13 13:51:51.072 +00:00 [INF] Available cookies: 2
2026-06-13 13:51:51.072 +00:00 [INF] Cookie: adminRefreshToken = 44 chars
2026-06-13 13:51:51.072 +00:00 [INF] Cookie: adminToken = 844 chars
2026-06-13 13:51:51.072 +00:00 [INF] Admin token found in cookies, length: 844
2026-06-13 13:51:51.072 +00:00 [INF] Admin token set in context
2026-06-13 13:51:51.073 +00:00 [INF] ====== OnMessageReceived END - Token set: true ======
2026-06-13 13:51:51.073 +00:00 [INF] Token validated successfully for user: lengyelnorbi
2026-06-13 13:51:51.073 +00:00 [INF] Device fingerprint headers - UA: Mozilla/5.0 (Windows NT 10.0; Win64; x64; rv:151.0) Gecko/20100101 Firefox/151.0, Accept: application/json, text/plain, */*, Encoding: gzip, deflate
2026-06-13 13:51:51.073 +00:00 [INF] Device fingerprint validation: Stored=/a2uf4z8rcBIhIr7KGbd6aahMr80Bhj+9uyLiYNZ66A=, Current=/a2uf4z8rcBIhIr7KGbd6aahMr80Bhj+9uyLiYNZ66A=
2026-06-13 13:51:51.075 +00:00 [INF] Executed DbCommand (1ms) [Parameters=[@__jti_0='?', @__userId_1='?' (DbType = Int32)], CommandType='"Text"', CommandTimeout='30']
SELECT a."ID", a."CreatedAt", a."DeviceFingerprint", a."ExpiresAt", a."IpAddress", a."IsRevoked", a."UserID", a.jti
FROM "AccessTokens" AS a
WHERE a.jti = @__jti_0 AND a."UserID" = @__userId_1 AND NOT (a."IsRevoked") AND a."ExpiresAt" > now()
LIMIT 1
2026-06-13 13:51:51.076 +00:00 [INF] Executing endpoint 'API.Controllers.TokenController.GetAccessTokens (API)'
2026-06-13 13:51:51.076 +00:00 [INF] Route matched with {action = "GetAccessTokens", controller = "Token"}. Executing controller action with signature System.Threading.Tasks.Task`1[API.Utils.PagedResult`1[API.DTO.AccessTokenUserDTO]] GetAccessTokens(Int32, Int32) on controller API.Controllers.TokenController (API).
2026-06-13 13:51:51.076 +00:00 [INF] Received request to fetch access tokens with pagination: page=22, limit=10
2026-06-13 13:51:51.077 +00:00 [INF] Executed DbCommand (1ms) [Parameters=[], CommandType='"Text"', CommandTimeout='30']
SELECT count(*)::int
FROM "AccessTokens" AS a
WHERE a."IsRevoked"
2026-06-13 13:51:51.079 +00:00 [INF] Executed DbCommand (1ms) [Parameters=[@__p_1='?' (DbType = Int32), @__p_0='?' (DbType = Int32)], CommandType='"Text"', CommandTimeout='30']
SELECT a0."ID", a0.jti, a0."DeviceFingerprint", a0."IpAddress", a0."CreatedAt", a0."IsRevoked", a0."ExpiresAt", u."ID" AS "UserID", u."Username", u."Email", u."Role"
FROM (
    SELECT a."ID", a."CreatedAt", a."DeviceFingerprint", a."ExpiresAt", a."IpAddress", a."IsRevoked", a."UserID", a.jti
    FROM "AccessTokens" AS a
    WHERE a."IsRevoked"
    LIMIT @__p_1 OFFSET @__p_0
) AS a0
INNER JOIN "Users" AS u ON a0."UserID" = u."ID"
2026-06-13 13:51:51.079 +00:00 [INF] Executing ObjectResult, writing value of type 'API.Utils.PagedResult`1[[API.DTO.AccessTokenUserDTO, API, Version=1.0.0.0, Culture=neutral, PublicKeyToken=null]]'.
2026-06-13 13:51:51.079 +00:00 [INF] Executed action API.Controllers.TokenController.GetAccessTokens (API) in 3.2297ms
2026-06-13 13:51:51.079 +00:00 [INF] Executed endpoint 'API.Controllers.TokenController.GetAccessTokens (API)'
2026-06-13 13:51:51.080 +00:00 [INF] Request finished HTTP/1.1 GET http://192.168.1.6:8080/api/token/access-token?page=22&limit=10 - 200 null application/json; charset=utf-8 8.3275ms
2026-06-13 13:51:51.462 +00:00 [INF] Request starting HTTP/1.1 GET http://192.168.1.6:8080/api/token/access-token?page=23&limit=10 - null null
2026-06-13 13:51:51.463 +00:00 [INF] CORS policy execution successful.
2026-06-13 13:51:51.463 +00:00 [INF] ====== OnMessageReceived START ======
2026-06-13 13:51:51.463 +00:00 [INF] Available cookies: 2
2026-06-13 13:51:51.463 +00:00 [INF] Cookie: adminRefreshToken = 44 chars
2026-06-13 13:51:51.463 +00:00 [INF] Cookie: adminToken = 844 chars
2026-06-13 13:51:51.463 +00:00 [INF] Admin token found in cookies, length: 844
2026-06-13 13:51:51.464 +00:00 [INF] Admin token set in context
2026-06-13 13:51:51.464 +00:00 [INF] ====== OnMessageReceived END - Token set: true ======
2026-06-13 13:51:51.464 +00:00 [INF] Token validated successfully for user: lengyelnorbi
2026-06-13 13:51:51.464 +00:00 [INF] Device fingerprint headers - UA: Mozilla/5.0 (Windows NT 10.0; Win64; x64; rv:151.0) Gecko/20100101 Firefox/151.0, Accept: application/json, text/plain, */*, Encoding: gzip, deflate
2026-06-13 13:51:51.464 +00:00 [INF] Device fingerprint validation: Stored=/a2uf4z8rcBIhIr7KGbd6aahMr80Bhj+9uyLiYNZ66A=, Current=/a2uf4z8rcBIhIr7KGbd6aahMr80Bhj+9uyLiYNZ66A=
2026-06-13 13:51:51.466 +00:00 [INF] Executed DbCommand (1ms) [Parameters=[@__jti_0='?', @__userId_1='?' (DbType = Int32)], CommandType='"Text"', CommandTimeout='30']
SELECT a."ID", a."CreatedAt", a."DeviceFingerprint", a."ExpiresAt", a."IpAddress", a."IsRevoked", a."UserID", a.jti
FROM "AccessTokens" AS a
WHERE a.jti = @__jti_0 AND a."UserID" = @__userId_1 AND NOT (a."IsRevoked") AND a."ExpiresAt" > now()
LIMIT 1
2026-06-13 13:51:51.466 +00:00 [INF] Executing endpoint 'API.Controllers.TokenController.GetAccessTokens (API)'
2026-06-13 13:51:51.467 +00:00 [INF] Route matched with {action = "GetAccessTokens", controller = "Token"}. Executing controller action with signature System.Threading.Tasks.Task`1[API.Utils.PagedResult`1[API.DTO.AccessTokenUserDTO]] GetAccessTokens(Int32, Int32) on controller API.Controllers.TokenController (API).
2026-06-13 13:51:51.467 +00:00 [INF] Received request to fetch access tokens with pagination: page=23, limit=10
2026-06-13 13:51:51.468 +00:00 [INF] Executed DbCommand (1ms) [Parameters=[], CommandType='"Text"', CommandTimeout='30']
SELECT count(*)::int
FROM "AccessTokens" AS a
WHERE a."IsRevoked"
2026-06-13 13:51:51.470 +00:00 [INF] Executed DbCommand (1ms) [Parameters=[@__p_1='?' (DbType = Int32), @__p_0='?' (DbType = Int32)], CommandType='"Text"', CommandTimeout='30']
SELECT a0."ID", a0.jti, a0."DeviceFingerprint", a0."IpAddress", a0."CreatedAt", a0."IsRevoked", a0."ExpiresAt", u."ID" AS "UserID", u."Username", u."Email", u."Role"
FROM (
    SELECT a."ID", a."CreatedAt", a."DeviceFingerprint", a."ExpiresAt", a."IpAddress", a."IsRevoked", a."UserID", a.jti
    FROM "AccessTokens" AS a
    WHERE a."IsRevoked"
    LIMIT @__p_1 OFFSET @__p_0
) AS a0
INNER JOIN "Users" AS u ON a0."UserID" = u."ID"
2026-06-13 13:51:51.470 +00:00 [INF] Executing ObjectResult, writing value of type 'API.Utils.PagedResult`1[[API.DTO.AccessTokenUserDTO, API, Version=1.0.0.0, Culture=neutral, PublicKeyToken=null]]'.
2026-06-13 13:51:51.470 +00:00 [INF] Executed action API.Controllers.TokenController.GetAccessTokens (API) in 3.2948ms
2026-06-13 13:51:51.470 +00:00 [INF] Executed endpoint 'API.Controllers.TokenController.GetAccessTokens (API)'
2026-06-13 13:51:51.471 +00:00 [INF] Request finished HTTP/1.1 GET http://192.168.1.6:8080/api/token/access-token?page=23&limit=10 - 200 null application/json; charset=utf-8 8.2388ms
2026-06-13 13:51:58.983 +00:00 [INF] Request starting HTTP/1.1 GET http://192.168.1.6:8080/api/token/refresh-token?page=1&limit=10 - null null
2026-06-13 13:51:58.983 +00:00 [INF] CORS policy execution successful.
2026-06-13 13:51:58.983 +00:00 [INF] ====== OnMessageReceived START ======
2026-06-13 13:51:58.984 +00:00 [INF] Available cookies: 2
2026-06-13 13:51:58.984 +00:00 [INF] Cookie: adminRefreshToken = 44 chars
2026-06-13 13:51:58.984 +00:00 [INF] Cookie: adminToken = 844 chars
2026-06-13 13:51:58.984 +00:00 [INF] Admin token found in cookies, length: 844
2026-06-13 13:51:58.984 +00:00 [INF] Admin token set in context
2026-06-13 13:51:58.984 +00:00 [INF] ====== OnMessageReceived END - Token set: true ======
2026-06-13 13:51:58.984 +00:00 [INF] Token validated successfully for user: lengyelnorbi
2026-06-13 13:51:58.985 +00:00 [INF] Device fingerprint headers - UA: Mozilla/5.0 (Windows NT 10.0; Win64; x64; rv:151.0) Gecko/20100101 Firefox/151.0, Accept: application/json, text/plain, */*, Encoding: gzip, deflate
2026-06-13 13:51:58.985 +00:00 [INF] Device fingerprint validation: Stored=/a2uf4z8rcBIhIr7KGbd6aahMr80Bhj+9uyLiYNZ66A=, Current=/a2uf4z8rcBIhIr7KGbd6aahMr80Bhj+9uyLiYNZ66A=
2026-06-13 13:51:58.987 +00:00 [INF] Executed DbCommand (1ms) [Parameters=[@__jti_0='?', @__userId_1='?' (DbType = Int32)], CommandType='"Text"', CommandTimeout='30']
SELECT a."ID", a."CreatedAt", a."DeviceFingerprint", a."ExpiresAt", a."IpAddress", a."IsRevoked", a."UserID", a.jti
FROM "AccessTokens" AS a
WHERE a.jti = @__jti_0 AND a."UserID" = @__userId_1 AND NOT (a."IsRevoked") AND a."ExpiresAt" > now()
LIMIT 1
2026-06-13 13:51:58.987 +00:00 [INF] Executing endpoint 'API.Controllers.TokenController.GetRefreshTokens (API)'
2026-06-13 13:51:58.987 +00:00 [INF] Route matched with {action = "GetRefreshTokens", controller = "Token"}. Executing controller action with signature System.Threading.Tasks.Task`1[API.Utils.PagedResult`1[API.DTO.RefreshTokenUserDTO]] GetRefreshTokens(Int32, Int32) on controller API.Controllers.TokenController (API).
2026-06-13 13:51:58.988 +00:00 [INF] Received request to fetch refresh tokens with pagination: page=1, limit=10
2026-06-13 13:51:58.989 +00:00 [INF] Executed DbCommand (1ms) [Parameters=[], CommandType='"Text"', CommandTimeout='30']
SELECT count(*)::int
FROM "RefreshTokens" AS r
WHERE NOT (r."IsRevoked")
2026-06-13 13:51:58.990 +00:00 [INF] Executed DbCommand (1ms) [Parameters=[@__p_1='?' (DbType = Int32), @__p_0='?' (DbType = Int32)], CommandType='"Text"', CommandTimeout='30']
SELECT r0."ID", r0."TokenHash", r0."DeviceFingerprint", r0."IpAddress", r0."CreatedAt", r0."IsRevoked", r0."ExpiresAt", u."ID" AS "UserID", u."Username", u."Email", u."Role"
FROM (
    SELECT r."ID", r."CreatedAt", r."DeviceFingerprint", r."ExpiresAt", r."IpAddress", r."IsRevoked", r."TokenHash", r."UserID"
    FROM "RefreshTokens" AS r
    WHERE NOT (r."IsRevoked")
    LIMIT @__p_1 OFFSET @__p_0
) AS r0
INNER JOIN "Users" AS u ON r0."UserID" = u."ID"
2026-06-13 13:51:58.991 +00:00 [INF] Executing ObjectResult, writing value of type 'API.Utils.PagedResult`1[[API.DTO.RefreshTokenUserDTO, API, Version=1.0.0.0, Culture=neutral, PublicKeyToken=null]]'.
2026-06-13 13:51:58.991 +00:00 [INF] Executed action API.Controllers.TokenController.GetRefreshTokens (API) in 3.201ms
2026-06-13 13:51:58.991 +00:00 [INF] Executed endpoint 'API.Controllers.TokenController.GetRefreshTokens (API)'
2026-06-13 13:51:58.991 +00:00 [INF] Request finished HTTP/1.1 GET http://192.168.1.6:8080/api/token/refresh-token?page=1&limit=10 - 200 null application/json; charset=utf-8 8.1131ms
2026-06-13 13:52:00.340 +00:00 [INF] Request starting HTTP/1.1 GET http://192.168.1.6:8080/api/token/refresh-token?page=1&limit=10 - null null
2026-06-13 13:52:00.340 +00:00 [INF] CORS policy execution successful.
2026-06-13 13:52:00.341 +00:00 [INF] ====== OnMessageReceived START ======
2026-06-13 13:52:00.341 +00:00 [INF] Available cookies: 2
2026-06-13 13:52:00.341 +00:00 [INF] Cookie: adminRefreshToken = 44 chars
2026-06-13 13:52:00.341 +00:00 [INF] Cookie: adminToken = 844 chars
2026-06-13 13:52:00.341 +00:00 [INF] Admin token found in cookies, length: 844
2026-06-13 13:52:00.341 +00:00 [INF] Admin token set in context
2026-06-13 13:52:00.342 +00:00 [INF] ====== OnMessageReceived END - Token set: true ======
2026-06-13 13:52:00.342 +00:00 [INF] Token validated successfully for user: lengyelnorbi
2026-06-13 13:52:00.342 +00:00 [INF] Device fingerprint headers - UA: Mozilla/5.0 (Windows NT 10.0; Win64; x64; rv:151.0) Gecko/20100101 Firefox/151.0, Accept: application/json, text/plain, */*, Encoding: gzip, deflate
2026-06-13 13:52:00.342 +00:00 [INF] Device fingerprint validation: Stored=/a2uf4z8rcBIhIr7KGbd6aahMr80Bhj+9uyLiYNZ66A=, Current=/a2uf4z8rcBIhIr7KGbd6aahMr80Bhj+9uyLiYNZ66A=
2026-06-13 13:52:00.344 +00:00 [INF] Executed DbCommand (1ms) [Parameters=[@__jti_0='?', @__userId_1='?' (DbType = Int32)], CommandType='"Text"', CommandTimeout='30']
SELECT a."ID", a."CreatedAt", a."DeviceFingerprint", a."ExpiresAt", a."IpAddress", a."IsRevoked", a."UserID", a.jti
FROM "AccessTokens" AS a
WHERE a.jti = @__jti_0 AND a."UserID" = @__userId_1 AND NOT (a."IsRevoked") AND a."ExpiresAt" > now()
LIMIT 1
2026-06-13 13:52:00.344 +00:00 [INF] Executing endpoint 'API.Controllers.TokenController.GetRefreshTokens (API)'
2026-06-13 13:52:00.345 +00:00 [INF] Route matched with {action = "GetRefreshTokens", controller = "Token"}. Executing controller action with signature System.Threading.Tasks.Task`1[API.Utils.PagedResult`1[API.DTO.RefreshTokenUserDTO]] GetRefreshTokens(Int32, Int32) on controller API.Controllers.TokenController (API).
2026-06-13 13:52:00.345 +00:00 [INF] Received request to fetch refresh tokens with pagination: page=1, limit=10
2026-06-13 13:52:00.346 +00:00 [INF] Executed DbCommand (1ms) [Parameters=[], CommandType='"Text"', CommandTimeout='30']
SELECT count(*)::int
FROM "RefreshTokens" AS r
WHERE NOT (r."IsRevoked")
2026-06-13 13:52:00.347 +00:00 [INF] Executed DbCommand (1ms) [Parameters=[@__p_1='?' (DbType = Int32), @__p_0='?' (DbType = Int32)], CommandType='"Text"', CommandTimeout='30']
SELECT r0."ID", r0."TokenHash", r0."DeviceFingerprint", r0."IpAddress", r0."CreatedAt", r0."IsRevoked", r0."ExpiresAt", u."ID" AS "UserID", u."Username", u."Email", u."Role"
FROM (
    SELECT r."ID", r."CreatedAt", r."DeviceFingerprint", r."ExpiresAt", r."IpAddress", r."IsRevoked", r."TokenHash", r."UserID"
    FROM "RefreshTokens" AS r
    WHERE NOT (r."IsRevoked")
    LIMIT @__p_1 OFFSET @__p_0
) AS r0
INNER JOIN "Users" AS u ON r0."UserID" = u."ID"
2026-06-13 13:52:00.348 +00:00 [INF] Executing ObjectResult, writing value of type 'API.Utils.PagedResult`1[[API.DTO.RefreshTokenUserDTO, API, Version=1.0.0.0, Culture=neutral, PublicKeyToken=null]]'.
2026-06-13 13:52:00.348 +00:00 [INF] Executed action API.Controllers.TokenController.GetRefreshTokens (API) in 2.9068ms
2026-06-13 13:52:00.348 +00:00 [INF] Executed endpoint 'API.Controllers.TokenController.GetRefreshTokens (API)'
2026-06-13 13:52:00.348 +00:00 [INF] Request finished HTTP/1.1 GET http://192.168.1.6:8080/api/token/refresh-token?page=1&limit=10 - 200 null application/json; charset=utf-8 7.9856ms
2026-06-13 13:52:06.281 +00:00 [INF] Request starting HTTP/1.1 GET http://192.168.1.6:8080/api/token/refresh-token?page=1&limit=10 - null null
2026-06-13 13:52:06.281 +00:00 [INF] CORS policy execution successful.
2026-06-13 13:52:06.281 +00:00 [INF] ====== OnMessageReceived START ======
2026-06-13 13:52:06.282 +00:00 [INF] Available cookies: 2
2026-06-13 13:52:06.282 +00:00 [INF] Cookie: adminRefreshToken = 44 chars
2026-06-13 13:52:06.282 +00:00 [INF] Cookie: adminToken = 844 chars
2026-06-13 13:52:06.282 +00:00 [INF] Admin token found in cookies, length: 844
2026-06-13 13:52:06.282 +00:00 [INF] Admin token set in context
2026-06-13 13:52:06.282 +00:00 [INF] ====== OnMessageReceived END - Token set: true ======
2026-06-13 13:52:06.282 +00:00 [INF] Token validated successfully for user: lengyelnorbi
2026-06-13 13:52:06.283 +00:00 [INF] Device fingerprint headers - UA: Mozilla/5.0 (Windows NT 10.0; Win64; x64; rv:151.0) Gecko/20100101 Firefox/151.0, Accept: application/json, text/plain, */*, Encoding: gzip, deflate
2026-06-13 13:52:06.283 +00:00 [INF] Device fingerprint validation: Stored=/a2uf4z8rcBIhIr7KGbd6aahMr80Bhj+9uyLiYNZ66A=, Current=/a2uf4z8rcBIhIr7KGbd6aahMr80Bhj+9uyLiYNZ66A=
2026-06-13 13:52:06.285 +00:00 [INF] Executed DbCommand (1ms) [Parameters=[@__jti_0='?', @__userId_1='?' (DbType = Int32)], CommandType='"Text"', CommandTimeout='30']
SELECT a."ID", a."CreatedAt", a."DeviceFingerprint", a."ExpiresAt", a."IpAddress", a."IsRevoked", a."UserID", a.jti
FROM "AccessTokens" AS a
WHERE a.jti = @__jti_0 AND a."UserID" = @__userId_1 AND NOT (a."IsRevoked") AND a."ExpiresAt" > now()
LIMIT 1
2026-06-13 13:52:06.285 +00:00 [INF] Executing endpoint 'API.Controllers.TokenController.GetRefreshTokens (API)'
2026-06-13 13:52:06.285 +00:00 [INF] Route matched with {action = "GetRefreshTokens", controller = "Token"}. Executing controller action with signature System.Threading.Tasks.Task`1[API.Utils.PagedResult`1[API.DTO.RefreshTokenUserDTO]] GetRefreshTokens(Int32, Int32) on controller API.Controllers.TokenController (API).
2026-06-13 13:52:06.286 +00:00 [INF] Received request to fetch refresh tokens with pagination: page=1, limit=10
2026-06-13 13:52:06.287 +00:00 [INF] Executed DbCommand (1ms) [Parameters=[], CommandType='"Text"', CommandTimeout='30']
SELECT count(*)::int
FROM "RefreshTokens" AS r
WHERE NOT (r."IsRevoked")
2026-06-13 13:52:06.288 +00:00 [INF] Executed DbCommand (1ms) [Parameters=[@__p_1='?' (DbType = Int32), @__p_0='?' (DbType = Int32)], CommandType='"Text"', CommandTimeout='30']
SELECT r0."ID", r0."TokenHash", r0."DeviceFingerprint", r0."IpAddress", r0."CreatedAt", r0."IsRevoked", r0."ExpiresAt", u."ID" AS "UserID", u."Username", u."Email", u."Role"
FROM (
    SELECT r."ID", r."CreatedAt", r."DeviceFingerprint", r."ExpiresAt", r."IpAddress", r."IsRevoked", r."TokenHash", r."UserID"
    FROM "RefreshTokens" AS r
    WHERE NOT (r."IsRevoked")
    LIMIT @__p_1 OFFSET @__p_0
) AS r0
INNER JOIN "Users" AS u ON r0."UserID" = u."ID"
2026-06-13 13:52:06.289 +00:00 [INF] Executing ObjectResult, writing value of type 'API.Utils.PagedResult`1[[API.DTO.RefreshTokenUserDTO, API, Version=1.0.0.0, Culture=neutral, PublicKeyToken=null]]'.
2026-06-13 13:52:06.289 +00:00 [INF] Executed action API.Controllers.TokenController.GetRefreshTokens (API) in 3.2607ms
2026-06-13 13:52:06.289 +00:00 [INF] Executed endpoint 'API.Controllers.TokenController.GetRefreshTokens (API)'
2026-06-13 13:52:06.289 +00:00 [INF] Request finished HTTP/1.1 GET http://192.168.1.6:8080/api/token/refresh-token?page=1&limit=10 - 200 null application/json; charset=utf-8 8.3396ms
2026-06-13 13:52:07.279 +00:00 [INF] Request starting HTTP/1.1 GET http://192.168.1.6:8080/api/token/refresh-token?page=1&limit=10 - null null
2026-06-13 13:52:07.280 +00:00 [INF] CORS policy execution successful.
2026-06-13 13:52:07.280 +00:00 [INF] ====== OnMessageReceived START ======
2026-06-13 13:52:07.280 +00:00 [INF] Available cookies: 2
2026-06-13 13:52:07.280 +00:00 [INF] Cookie: adminRefreshToken = 44 chars
2026-06-13 13:52:07.280 +00:00 [INF] Cookie: adminToken = 844 chars
2026-06-13 13:52:07.280 +00:00 [INF] Admin token found in cookies, length: 844
2026-06-13 13:52:07.280 +00:00 [INF] Admin token set in context
2026-06-13 13:52:07.281 +00:00 [INF] ====== OnMessageReceived END - Token set: true ======
2026-06-13 13:52:07.281 +00:00 [INF] Token validated successfully for user: lengyelnorbi
2026-06-13 13:52:07.281 +00:00 [INF] Device fingerprint headers - UA: Mozilla/5.0 (Windows NT 10.0; Win64; x64; rv:151.0) Gecko/20100101 Firefox/151.0, Accept: application/json, text/plain, */*, Encoding: gzip, deflate
2026-06-13 13:52:07.281 +00:00 [INF] Device fingerprint validation: Stored=/a2uf4z8rcBIhIr7KGbd6aahMr80Bhj+9uyLiYNZ66A=, Current=/a2uf4z8rcBIhIr7KGbd6aahMr80Bhj+9uyLiYNZ66A=
2026-06-13 13:52:07.283 +00:00 [INF] Executed DbCommand (1ms) [Parameters=[@__jti_0='?', @__userId_1='?' (DbType = Int32)], CommandType='"Text"', CommandTimeout='30']
SELECT a."ID", a."CreatedAt", a."DeviceFingerprint", a."ExpiresAt", a."IpAddress", a."IsRevoked", a."UserID", a.jti
FROM "AccessTokens" AS a
WHERE a.jti = @__jti_0 AND a."UserID" = @__userId_1 AND NOT (a."IsRevoked") AND a."ExpiresAt" > now()
LIMIT 1
2026-06-13 13:52:07.283 +00:00 [INF] Executing endpoint 'API.Controllers.TokenController.GetRefreshTokens (API)'
2026-06-13 13:52:07.284 +00:00 [INF] Route matched with {action = "GetRefreshTokens", controller = "Token"}. Executing controller action with signature System.Threading.Tasks.Task`1[API.Utils.PagedResult`1[API.DTO.RefreshTokenUserDTO]] GetRefreshTokens(Int32, Int32) on controller API.Controllers.TokenController (API).
2026-06-13 13:52:07.284 +00:00 [INF] Received request to fetch refresh tokens with pagination: page=1, limit=10
2026-06-13 13:52:07.285 +00:00 [INF] Executed DbCommand (1ms) [Parameters=[], CommandType='"Text"', CommandTimeout='30']
SELECT count(*)::int
FROM "RefreshTokens" AS r
WHERE NOT (r."IsRevoked")
2026-06-13 13:52:07.286 +00:00 [INF] Executed DbCommand (1ms) [Parameters=[@__p_1='?' (DbType = Int32), @__p_0='?' (DbType = Int32)], CommandType='"Text"', CommandTimeout='30']
SELECT r0."ID", r0."TokenHash", r0."DeviceFingerprint", r0."IpAddress", r0."CreatedAt", r0."IsRevoked", r0."ExpiresAt", u."ID" AS "UserID", u."Username", u."Email", u."Role"
FROM (
    SELECT r."ID", r."CreatedAt", r."DeviceFingerprint", r."ExpiresAt", r."IpAddress", r."IsRevoked", r."TokenHash", r."UserID"
    FROM "RefreshTokens" AS r
    WHERE NOT (r."IsRevoked")
    LIMIT @__p_1 OFFSET @__p_0
) AS r0
INNER JOIN "Users" AS u ON r0."UserID" = u."ID"
2026-06-13 13:52:07.287 +00:00 [INF] Executing ObjectResult, writing value of type 'API.Utils.PagedResult`1[[API.DTO.RefreshTokenUserDTO, API, Version=1.0.0.0, Culture=neutral, PublicKeyToken=null]]'.
2026-06-13 13:52:07.287 +00:00 [INF] Executed action API.Controllers.TokenController.GetRefreshTokens (API) in 3.0083ms
2026-06-13 13:52:07.287 +00:00 [INF] Executed endpoint 'API.Controllers.TokenController.GetRefreshTokens (API)'
2026-06-13 13:52:07.287 +00:00 [INF] Request finished HTTP/1.1 GET http://192.168.1.6:8080/api/token/refresh-token?page=1&limit=10 - 200 null application/json; charset=utf-8 7.7634ms
2026-06-13 13:52:13.653 +00:00 [INF] Request starting HTTP/1.1 GET http://192.168.1.6:8080/api/token/refresh-token?page=1&limit=10 - null null
2026-06-13 13:52:13.653 +00:00 [INF] CORS policy execution successful.
2026-06-13 13:52:13.653 +00:00 [INF] ====== OnMessageReceived START ======
2026-06-13 13:52:13.654 +00:00 [INF] Available cookies: 2
2026-06-13 13:52:13.654 +00:00 [INF] Cookie: adminRefreshToken = 44 chars
2026-06-13 13:52:13.654 +00:00 [INF] Cookie: adminToken = 844 chars
2026-06-13 13:52:13.654 +00:00 [INF] Admin token found in cookies, length: 844
2026-06-13 13:52:13.654 +00:00 [INF] Admin token set in context
2026-06-13 13:52:13.654 +00:00 [INF] ====== OnMessageReceived END - Token set: true ======
2026-06-13 13:52:13.655 +00:00 [INF] Token validated successfully for user: lengyelnorbi
2026-06-13 13:52:13.655 +00:00 [INF] Device fingerprint headers - UA: Mozilla/5.0 (Windows NT 10.0; Win64; x64; rv:151.0) Gecko/20100101 Firefox/151.0, Accept: application/json, text/plain, */*, Encoding: gzip, deflate
2026-06-13 13:52:13.655 +00:00 [INF] Device fingerprint validation: Stored=/a2uf4z8rcBIhIr7KGbd6aahMr80Bhj+9uyLiYNZ66A=, Current=/a2uf4z8rcBIhIr7KGbd6aahMr80Bhj+9uyLiYNZ66A=
2026-06-13 13:52:13.657 +00:00 [INF] Executed DbCommand (1ms) [Parameters=[@__jti_0='?', @__userId_1='?' (DbType = Int32)], CommandType='"Text"', CommandTimeout='30']
SELECT a."ID", a."CreatedAt", a."DeviceFingerprint", a."ExpiresAt", a."IpAddress", a."IsRevoked", a."UserID", a.jti
FROM "AccessTokens" AS a
WHERE a.jti = @__jti_0 AND a."UserID" = @__userId_1 AND NOT (a."IsRevoked") AND a."ExpiresAt" > now()
LIMIT 1
2026-06-13 13:52:13.657 +00:00 [INF] Executing endpoint 'API.Controllers.TokenController.GetRefreshTokens (API)'
2026-06-13 13:52:13.657 +00:00 [INF] Route matched with {action = "GetRefreshTokens", controller = "Token"}. Executing controller action with signature System.Threading.Tasks.Task`1[API.Utils.PagedResult`1[API.DTO.RefreshTokenUserDTO]] GetRefreshTokens(Int32, Int32) on controller API.Controllers.TokenController (API).
2026-06-13 13:52:13.658 +00:00 [INF] Received request to fetch refresh tokens with pagination: page=1, limit=10
2026-06-13 13:52:13.659 +00:00 [INF] Executed DbCommand (1ms) [Parameters=[], CommandType='"Text"', CommandTimeout='30']
SELECT count(*)::int
FROM "RefreshTokens" AS r
WHERE NOT (r."IsRevoked")
2026-06-13 13:52:13.660 +00:00 [INF] Executed DbCommand (1ms) [Parameters=[@__p_1='?' (DbType = Int32), @__p_0='?' (DbType = Int32)], CommandType='"Text"', CommandTimeout='30']
SELECT r0."ID", r0."TokenHash", r0."DeviceFingerprint", r0."IpAddress", r0."CreatedAt", r0."IsRevoked", r0."ExpiresAt", u."ID" AS "UserID", u."Username", u."Email", u."Role"
FROM (
    SELECT r."ID", r."CreatedAt", r."DeviceFingerprint", r."ExpiresAt", r."IpAddress", r."IsRevoked", r."TokenHash", r."UserID"
    FROM "RefreshTokens" AS r
    WHERE NOT (r."IsRevoked")
    LIMIT @__p_1 OFFSET @__p_0
) AS r0
INNER JOIN "Users" AS u ON r0."UserID" = u."ID"
2026-06-13 13:52:13.661 +00:00 [INF] Executing ObjectResult, writing value of type 'API.Utils.PagedResult`1[[API.DTO.RefreshTokenUserDTO, API, Version=1.0.0.0, Culture=neutral, PublicKeyToken=null]]'.
2026-06-13 13:52:13.661 +00:00 [INF] Executed action API.Controllers.TokenController.GetRefreshTokens (API) in 3.3708ms
2026-06-13 13:52:13.661 +00:00 [INF] Executed endpoint 'API.Controllers.TokenController.GetRefreshTokens (API)'
2026-06-13 13:52:13.661 +00:00 [INF] Request finished HTTP/1.1 GET http://192.168.1.6:8080/api/token/refresh-token?page=1&limit=10 - 200 null application/json; charset=utf-8 8.7244ms
2026-06-13 13:52:16.519 +00:00 [INF] Request starting HTTP/1.1 GET http://192.168.1.6:8080/api/token/refresh-token?page=1&limit=10 - null null
2026-06-13 13:52:16.519 +00:00 [INF] CORS policy execution successful.
2026-06-13 13:52:16.519 +00:00 [INF] ====== OnMessageReceived START ======
2026-06-13 13:52:16.519 +00:00 [INF] Available cookies: 2
2026-06-13 13:52:16.520 +00:00 [INF] Cookie: adminRefreshToken = 44 chars
2026-06-13 13:52:16.520 +00:00 [INF] Cookie: adminToken = 844 chars
2026-06-13 13:52:16.520 +00:00 [INF] Admin token found in cookies, length: 844
2026-06-13 13:52:16.520 +00:00 [INF] Admin token set in context
2026-06-13 13:52:16.520 +00:00 [INF] ====== OnMessageReceived END - Token set: true ======
2026-06-13 13:52:16.520 +00:00 [INF] Token validated successfully for user: lengyelnorbi
2026-06-13 13:52:16.520 +00:00 [INF] Device fingerprint headers - UA: Mozilla/5.0 (Windows NT 10.0; Win64; x64; rv:151.0) Gecko/20100101 Firefox/151.0, Accept: application/json, text/plain, */*, Encoding: gzip, deflate
2026-06-13 13:52:16.521 +00:00 [INF] Device fingerprint validation: Stored=/a2uf4z8rcBIhIr7KGbd6aahMr80Bhj+9uyLiYNZ66A=, Current=/a2uf4z8rcBIhIr7KGbd6aahMr80Bhj+9uyLiYNZ66A=
2026-06-13 13:52:16.522 +00:00 [INF] Executed DbCommand (1ms) [Parameters=[@__jti_0='?', @__userId_1='?' (DbType = Int32)], CommandType='"Text"', CommandTimeout='30']
SELECT a."ID", a."CreatedAt", a."DeviceFingerprint", a."ExpiresAt", a."IpAddress", a."IsRevoked", a."UserID", a.jti
FROM "AccessTokens" AS a
WHERE a.jti = @__jti_0 AND a."UserID" = @__userId_1 AND NOT (a."IsRevoked") AND a."ExpiresAt" > now()
LIMIT 1
2026-06-13 13:52:16.523 +00:00 [INF] Executing endpoint 'API.Controllers.TokenController.GetRefreshTokens (API)'
2026-06-13 13:52:16.523 +00:00 [INF] Route matched with {action = "GetRefreshTokens", controller = "Token"}. Executing controller action with signature System.Threading.Tasks.Task`1[API.Utils.PagedResult`1[API.DTO.RefreshTokenUserDTO]] GetRefreshTokens(Int32, Int32) on controller API.Controllers.TokenController (API).
2026-06-13 13:52:16.523 +00:00 [INF] Received request to fetch refresh tokens with pagination: page=1, limit=10
2026-06-13 13:52:16.525 +00:00 [INF] Executed DbCommand (1ms) [Parameters=[], CommandType='"Text"', CommandTimeout='30']
SELECT count(*)::int
FROM "RefreshTokens" AS r
WHERE NOT (r."IsRevoked")
2026-06-13 13:52:16.526 +00:00 [INF] Executed DbCommand (1ms) [Parameters=[@__p_1='?' (DbType = Int32), @__p_0='?' (DbType = Int32)], CommandType='"Text"', CommandTimeout='30']
SELECT r0."ID", r0."TokenHash", r0."DeviceFingerprint", r0."IpAddress", r0."CreatedAt", r0."IsRevoked", r0."ExpiresAt", u."ID" AS "UserID", u."Username", u."Email", u."Role"
FROM (
    SELECT r."ID", r."CreatedAt", r."DeviceFingerprint", r."ExpiresAt", r."IpAddress", r."IsRevoked", r."TokenHash", r."UserID"
    FROM "RefreshTokens" AS r
    WHERE NOT (r."IsRevoked")
    LIMIT @__p_1 OFFSET @__p_0
) AS r0
INNER JOIN "Users" AS u ON r0."UserID" = u."ID"
2026-06-13 13:52:16.526 +00:00 [INF] Executing ObjectResult, writing value of type 'API.Utils.PagedResult`1[[API.DTO.RefreshTokenUserDTO, API, Version=1.0.0.0, Culture=neutral, PublicKeyToken=null]]'.
2026-06-13 13:52:16.526 +00:00 [INF] Executed action API.Controllers.TokenController.GetRefreshTokens (API) in 3.3637ms
2026-06-13 13:52:16.527 +00:00 [INF] Executed endpoint 'API.Controllers.TokenController.GetRefreshTokens (API)'
2026-06-13 13:52:16.527 +00:00 [INF] Request finished HTTP/1.1 GET http://192.168.1.6:8080/api/token/refresh-token?page=1&limit=10 - 200 null application/json; charset=utf-8 8.0877ms
2026-06-13 13:52:18.635 +00:00 [INF] Request starting HTTP/1.1 OPTIONS http://192.168.1.6:8080/api/auth/refresh - null null
2026-06-13 13:52:18.635 +00:00 [INF] CORS policy execution successful.
2026-06-13 13:52:18.635 +00:00 [INF] Request finished HTTP/1.1 OPTIONS http://192.168.1.6:8080/api/auth/refresh - 204 null null 0.4651ms
2026-06-13 13:52:18.637 +00:00 [INF] Request starting HTTP/1.1 POST http://192.168.1.6:8080/api/auth/refresh - application/json 18
2026-06-13 13:52:18.637 +00:00 [INF] CORS policy execution successful.
2026-06-13 13:52:18.637 +00:00 [INF] ====== OnMessageReceived START ======
2026-06-13 13:52:18.637 +00:00 [INF] Available cookies: 2
2026-06-13 13:52:18.638 +00:00 [INF] Cookie: adminRefreshToken = 44 chars
2026-06-13 13:52:18.638 +00:00 [INF] Cookie: adminToken = 844 chars
2026-06-13 13:52:18.638 +00:00 [INF] Admin token found in cookies, length: 844
2026-06-13 13:52:18.638 +00:00 [INF] Admin token set in context
2026-06-13 13:52:18.638 +00:00 [INF] ====== OnMessageReceived END - Token set: true ======
2026-06-13 13:52:18.639 +00:00 [INF] Token validated successfully for user: lengyelnorbi
2026-06-13 13:52:18.639 +00:00 [INF] Device fingerprint headers - UA: Mozilla/5.0 (Windows NT 10.0; Win64; x64; rv:151.0) Gecko/20100101 Firefox/151.0, Accept: */*, Encoding: gzip, deflate
2026-06-13 13:52:18.639 +00:00 [INF] Device fingerprint validation: Stored=/a2uf4z8rcBIhIr7KGbd6aahMr80Bhj+9uyLiYNZ66A=, Current=/a2uf4z8rcBIhIr7KGbd6aahMr80Bhj+9uyLiYNZ66A=
2026-06-13 13:52:18.641 +00:00 [INF] Executed DbCommand (1ms) [Parameters=[@__jti_0='?', @__userId_1='?' (DbType = Int32)], CommandType='"Text"', CommandTimeout='30']
SELECT a."ID", a."CreatedAt", a."DeviceFingerprint", a."ExpiresAt", a."IpAddress", a."IsRevoked", a."UserID", a.jti
FROM "AccessTokens" AS a
WHERE a.jti = @__jti_0 AND a."UserID" = @__userId_1 AND NOT (a."IsRevoked") AND a."ExpiresAt" > now()
LIMIT 1
2026-06-13 13:52:18.641 +00:00 [INF] Executing endpoint 'API.Controllers.AuthController.RefreshToken (API)'
2026-06-13 13:52:18.641 +00:00 [INF] Route matched with {action = "RefreshToken", controller = "Auth"}. Executing controller action with signature System.Threading.Tasks.Task`1[Microsoft.AspNetCore.Mvc.IActionResult] RefreshToken(API.Models.RequestModels.RefreshRequest) on controller API.Controllers.AuthController (API).
2026-06-13 13:52:18.642 +00:00 [INF] Token refresh attempt at "2026-06-13T13:52:18.6420283Z"
2026-06-13 13:52:18.642 +00:00 [INF] Refreshing admin token at "2026-06-13T13:52:18.6421652Z"
2026-06-13 13:52:18.643 +00:00 [INF] Executed DbCommand (1ms) [Parameters=[@__tokenHash_0='?'], CommandType='"Text"', CommandTimeout='30']
SELECT r."ID", r."CreatedAt", r."DeviceFingerprint", r."ExpiresAt", r."IpAddress", r."IsRevoked", r."TokenHash", r."UserID"
FROM "RefreshTokens" AS r
WHERE r."TokenHash" = @__tokenHash_0 AND NOT (r."IsRevoked") AND r."ExpiresAt" > now()
ORDER BY r."CreatedAt" DESC
LIMIT 1
2026-06-13 13:52:18.643 +00:00 [INF] Mozilla/5.0 (Windows NT 10.0; Win64; x64; rv:151.0) Gecko/20100101 Firefox/151.0
2026-06-13 13:52:18.643 +00:00 [INF] Fetching user by ID from database...
2026-06-13 13:52:18.644 +00:00 [INF] Executed DbCommand (1ms) [Parameters=[@__id_0='?' (DbType = Int32)], CommandType='"Text"', CommandTimeout='30']
SELECT u."ID", u."Email", u."PasswordHash", u."RegisteredAt", u."Role", u."Username"
FROM "Users" AS u
WHERE u."ID" = @__id_0
LIMIT 1
2026-06-13 13:52:18.649 +00:00 [INF] Executed DbCommand (3ms) [Parameters=[@p0='?' (DbType = DateTime), @p1='?', @p2='?' (DbType = DateTime), @p3='?', @p4='?' (DbType = Int32), @p5='?'], CommandType='"Text"', CommandTimeout='30']
INSERT INTO "AccessTokens" ("CreatedAt", "DeviceFingerprint", "ExpiresAt", "IpAddress", "UserID", jti)
VALUES (@p0, @p1, @p2, @p3, @p4, @p5)
RETURNING "ID", "IsRevoked";
2026-06-13 13:52:18.650 +00:00 [INF] Executed DbCommand (1ms) [Parameters=[@__jti_0='?', @__userID_1='?' (DbType = Int32), @__deviceFingerprint_2='?', @__ipAddress_3='?'], CommandType='"Text"', CommandTimeout='30']
SELECT a."ID", a."CreatedAt", a."DeviceFingerprint", a."ExpiresAt", a."IpAddress", a."IsRevoked", a."UserID", a.jti
FROM "AccessTokens" AS a
WHERE a.jti = @__jti_0 AND a."UserID" = @__userID_1 AND a."DeviceFingerprint" = @__deviceFingerprint_2 AND a."IpAddress" = @__ipAddress_3
LIMIT 1
2026-06-13 13:52:18.650 +00:00 [INF] Attempting to revoke access token with jti 8b08d4f5-e62e-4c80-86e9-c720ca8e9a7c for user 1 from device /a2uf4z8rcBIhIr7KGbd6aahMr80Bhj+9uyLiYNZ66A= and IP ::ffff:172.20.0.1
2026-06-13 13:52:18.650 +00:00 [INF] Access token found: API.Models.AccessToken
2026-06-13 13:52:18.652 +00:00 [INF] Executed DbCommand (2ms) [Parameters=[@p1='?' (DbType = Int32), @p0='?' (DbType = Boolean)], CommandType='"Text"', CommandTimeout='30']
UPDATE "AccessTokens" SET "IsRevoked" = @p0
WHERE "ID" = @p1;
2026-06-13 13:52:18.652 +00:00 [INF] Access token AccessToken for user 1 revoked: true
2026-06-13 13:52:18.654 +00:00 [INF] Executed DbCommand (2ms) [Parameters=[@p0='?' (DbType = DateTime), @p1='?', @p2='?' (DbType = DateTime), @p3='?', @p4='?', @p5='?' (DbType = Int32)], CommandType='"Text"', CommandTimeout='30']
INSERT INTO "RefreshTokens" ("CreatedAt", "DeviceFingerprint", "ExpiresAt", "IpAddress", "TokenHash", "UserID")
VALUES (@p0, @p1, @p2, @p3, @p4, @p5)
RETURNING "ID", "IsRevoked";
2026-06-13 13:52:18.656 +00:00 [INF] Executed DbCommand (1ms) [Parameters=[@__tokenHash_0='?', @__userId_1='?' (DbType = Int32), @__deviceFingerprint_2='?', @__ipAddress_3='?'], CommandType='"Text"', CommandTimeout='30']
SELECT r."ID", r."CreatedAt", r."DeviceFingerprint", r."ExpiresAt", r."IpAddress", r."IsRevoked", r."TokenHash", r."UserID"
FROM "RefreshTokens" AS r
WHERE r."TokenHash" = @__tokenHash_0 AND r."UserID" = @__userId_1 AND r."DeviceFingerprint" = @__deviceFingerprint_2 AND r."IpAddress" = @__ipAddress_3
LIMIT 1
2026-06-13 13:52:18.657 +00:00 [INF] Executed DbCommand (1ms) [Parameters=[@p1='?' (DbType = Int32), @p0='?' (DbType = Boolean)], CommandType='"Text"', CommandTimeout='30']
UPDATE "RefreshTokens" SET "IsRevoked" = @p0
WHERE "ID" = @p1;
2026-06-13 13:52:18.657 +00:00 [INF] Refresh token qGuf/RvruJgaRff0JsF2zJTc+MIaPyyCoHUu76sm8qY= for user 1 revoked: true
2026-06-13 13:52:18.657 +00:00 [INF] Token refreshed successfully for user 1 at "2026-06-13T13:52:18.6578591Z"
2026-06-13 13:52:18.658 +00:00 [INF] Executing OkObjectResult, writing value of type '<>f__AnonymousType3`2[[System.Boolean, System.Private.CoreLib, Version=9.0.0.0, Culture=neutral, PublicKeyToken=7cec85d7bea7798e],[System.Int32, System.Private.CoreLib, Version=9.0.0.0, Culture=neutral, PublicKeyToken=7cec85d7bea7798e]]'.
2026-06-13 13:52:18.658 +00:00 [INF] Executed action API.Controllers.AuthController.RefreshToken (API) in 16.4709ms
2026-06-13 13:52:18.658 +00:00 [INF] Executed endpoint 'API.Controllers.AuthController.RefreshToken (API)'
2026-06-13 13:52:18.658 +00:00 [INF] Request finished HTTP/1.1 POST http://192.168.1.6:8080/api/auth/refresh - 200 null application/json; charset=utf-8 21.2507ms
2026-06-13 13:52:20.362 +00:00 [INF] Request starting HTTP/1.1 GET http://192.168.1.6:8080/api/token/refresh-token?page=1&limit=10 - null null
2026-06-13 13:52:20.362 +00:00 [INF] CORS policy execution successful.
2026-06-13 13:52:20.362 +00:00 [INF] ====== OnMessageReceived START ======
2026-06-13 13:52:20.362 +00:00 [INF] Available cookies: 2
2026-06-13 13:52:20.362 +00:00 [INF] Cookie: adminRefreshToken = 44 chars
2026-06-13 13:52:20.362 +00:00 [INF] Cookie: adminToken = 844 chars
2026-06-13 13:52:20.363 +00:00 [INF] Admin token found in cookies, length: 844
2026-06-13 13:52:20.363 +00:00 [INF] Admin token set in context
2026-06-13 13:52:20.363 +00:00 [INF] ====== OnMessageReceived END - Token set: true ======
2026-06-13 13:52:20.363 +00:00 [INF] Token validated successfully for user: lengyelnorbi
2026-06-13 13:52:20.363 +00:00 [INF] Device fingerprint headers - UA: Mozilla/5.0 (Windows NT 10.0; Win64; x64; rv:151.0) Gecko/20100101 Firefox/151.0, Accept: application/json, text/plain, */*, Encoding: gzip, deflate
2026-06-13 13:52:20.363 +00:00 [INF] Device fingerprint validation: Stored=/a2uf4z8rcBIhIr7KGbd6aahMr80Bhj+9uyLiYNZ66A=, Current=/a2uf4z8rcBIhIr7KGbd6aahMr80Bhj+9uyLiYNZ66A=
2026-06-13 13:52:20.365 +00:00 [INF] Executed DbCommand (1ms) [Parameters=[@__jti_0='?', @__userId_1='?' (DbType = Int32)], CommandType='"Text"', CommandTimeout='30']
SELECT a."ID", a."CreatedAt", a."DeviceFingerprint", a."ExpiresAt", a."IpAddress", a."IsRevoked", a."UserID", a.jti
FROM "AccessTokens" AS a
WHERE a.jti = @__jti_0 AND a."UserID" = @__userId_1 AND NOT (a."IsRevoked") AND a."ExpiresAt" > now()
LIMIT 1
2026-06-13 13:52:20.366 +00:00 [INF] Executing endpoint 'API.Controllers.TokenController.GetRefreshTokens (API)'
2026-06-13 13:52:20.366 +00:00 [INF] Route matched with {action = "GetRefreshTokens", controller = "Token"}. Executing controller action with signature System.Threading.Tasks.Task`1[API.Utils.PagedResult`1[API.DTO.RefreshTokenUserDTO]] GetRefreshTokens(Int32, Int32) on controller API.Controllers.TokenController (API).
2026-06-13 13:52:20.366 +00:00 [INF] Received request to fetch refresh tokens with pagination: page=1, limit=10
2026-06-13 13:52:20.367 +00:00 [INF] Executed DbCommand (1ms) [Parameters=[], CommandType='"Text"', CommandTimeout='30']
SELECT count(*)::int
FROM "RefreshTokens" AS r
WHERE NOT (r."IsRevoked")
2026-06-13 13:52:20.369 +00:00 [INF] Executed DbCommand (1ms) [Parameters=[@__p_1='?' (DbType = Int32), @__p_0='?' (DbType = Int32)], CommandType='"Text"', CommandTimeout='30']
SELECT r0."ID", r0."TokenHash", r0."DeviceFingerprint", r0."IpAddress", r0."CreatedAt", r0."IsRevoked", r0."ExpiresAt", u."ID" AS "UserID", u."Username", u."Email", u."Role"
FROM (
    SELECT r."ID", r."CreatedAt", r."DeviceFingerprint", r."ExpiresAt", r."IpAddress", r."IsRevoked", r."TokenHash", r."UserID"
    FROM "RefreshTokens" AS r
    WHERE NOT (r."IsRevoked")
    LIMIT @__p_1 OFFSET @__p_0
) AS r0
INNER JOIN "Users" AS u ON r0."UserID" = u."ID"
2026-06-13 13:52:20.369 +00:00 [INF] Executing ObjectResult, writing value of type 'API.Utils.PagedResult`1[[API.DTO.RefreshTokenUserDTO, API, Version=1.0.0.0, Culture=neutral, PublicKeyToken=null]]'.
2026-06-13 13:52:20.369 +00:00 [INF] Executed action API.Controllers.TokenController.GetRefreshTokens (API) in 3.2043ms
2026-06-13 13:52:20.369 +00:00 [INF] Executed endpoint 'API.Controllers.TokenController.GetRefreshTokens (API)'
2026-06-13 13:52:20.369 +00:00 [INF] Request finished HTTP/1.1 GET http://192.168.1.6:8080/api/token/refresh-token?page=1&limit=10 - 200 null application/json; charset=utf-8 7.9102ms
2026-06-13 13:52:22.160 +00:00 [INF] Request starting HTTP/1.1 GET http://192.168.1.6:8080/api/token/refresh-token?page=1&limit=10 - null null
2026-06-13 13:52:22.160 +00:00 [INF] CORS policy execution successful.
2026-06-13 13:52:22.160 +00:00 [INF] ====== OnMessageReceived START ======
2026-06-13 13:52:22.160 +00:00 [INF] Available cookies: 2
2026-06-13 13:52:22.160 +00:00 [INF] Cookie: adminRefreshToken = 44 chars
2026-06-13 13:52:22.161 +00:00 [INF] Cookie: adminToken = 844 chars
2026-06-13 13:52:22.161 +00:00 [INF] Admin token found in cookies, length: 844
2026-06-13 13:52:22.161 +00:00 [INF] Admin token set in context
2026-06-13 13:52:22.161 +00:00 [INF] ====== OnMessageReceived END - Token set: true ======
2026-06-13 13:52:22.161 +00:00 [INF] Token validated successfully for user: lengyelnorbi
2026-06-13 13:52:22.161 +00:00 [INF] Device fingerprint headers - UA: Mozilla/5.0 (Windows NT 10.0; Win64; x64; rv:151.0) Gecko/20100101 Firefox/151.0, Accept: application/json, text/plain, */*, Encoding: gzip, deflate
2026-06-13 13:52:22.162 +00:00 [INF] Device fingerprint validation: Stored=/a2uf4z8rcBIhIr7KGbd6aahMr80Bhj+9uyLiYNZ66A=, Current=/a2uf4z8rcBIhIr7KGbd6aahMr80Bhj+9uyLiYNZ66A=
2026-06-13 13:52:22.163 +00:00 [INF] Executed DbCommand (1ms) [Parameters=[@__jti_0='?', @__userId_1='?' (DbType = Int32)], CommandType='"Text"', CommandTimeout='30']
SELECT a."ID", a."CreatedAt", a."DeviceFingerprint", a."ExpiresAt", a."IpAddress", a."IsRevoked", a."UserID", a.jti
FROM "AccessTokens" AS a
WHERE a.jti = @__jti_0 AND a."UserID" = @__userId_1 AND NOT (a."IsRevoked") AND a."ExpiresAt" > now()
LIMIT 1
2026-06-13 13:52:22.164 +00:00 [INF] Executing endpoint 'API.Controllers.TokenController.GetRefreshTokens (API)'
2026-06-13 13:52:22.164 +00:00 [INF] Route matched with {action = "GetRefreshTokens", controller = "Token"}. Executing controller action with signature System.Threading.Tasks.Task`1[API.Utils.PagedResult`1[API.DTO.RefreshTokenUserDTO]] GetRefreshTokens(Int32, Int32) on controller API.Controllers.TokenController (API).
2026-06-13 13:52:22.164 +00:00 [INF] Received request to fetch refresh tokens with pagination: page=1, limit=10
2026-06-13 13:52:22.166 +00:00 [INF] Executed DbCommand (1ms) [Parameters=[], CommandType='"Text"', CommandTimeout='30']
SELECT count(*)::int
FROM "RefreshTokens" AS r
WHERE NOT (r."IsRevoked")
2026-06-13 13:52:22.167 +00:00 [INF] Executed DbCommand (1ms) [Parameters=[@__p_1='?' (DbType = Int32), @__p_0='?' (DbType = Int32)], CommandType='"Text"', CommandTimeout='30']
SELECT r0."ID", r0."TokenHash", r0."DeviceFingerprint", r0."IpAddress", r0."CreatedAt", r0."IsRevoked", r0."ExpiresAt", u."ID" AS "UserID", u."Username", u."Email", u."Role"
FROM (
    SELECT r."ID", r."CreatedAt", r."DeviceFingerprint", r."ExpiresAt", r."IpAddress", r."IsRevoked", r."TokenHash", r."UserID"
    FROM "RefreshTokens" AS r
    WHERE NOT (r."IsRevoked")
    LIMIT @__p_1 OFFSET @__p_0
) AS r0
INNER JOIN "Users" AS u ON r0."UserID" = u."ID"
2026-06-13 13:52:22.167 +00:00 [INF] Executing ObjectResult, writing value of type 'API.Utils.PagedResult`1[[API.DTO.RefreshTokenUserDTO, API, Version=1.0.0.0, Culture=neutral, PublicKeyToken=null]]'.
2026-06-13 13:52:22.167 +00:00 [INF] Executed action API.Controllers.TokenController.GetRefreshTokens (API) in 3.2781ms
2026-06-13 13:52:22.168 +00:00 [INF] Executed endpoint 'API.Controllers.TokenController.GetRefreshTokens (API)'
2026-06-13 13:52:22.168 +00:00 [INF] Request finished HTTP/1.1 GET http://192.168.1.6:8080/api/token/refresh-token?page=1&limit=10 - 200 null application/json; charset=utf-8 8.2486ms
2026-06-13 13:52:25.564 +00:00 [INF] Request starting HTTP/1.1 GET http://192.168.1.6:8080/api/token/refresh-token?page=1&limit=10 - null null
2026-06-13 13:52:25.564 +00:00 [INF] CORS policy execution successful.
2026-06-13 13:52:25.565 +00:00 [INF] ====== OnMessageReceived START ======
2026-06-13 13:52:25.565 +00:00 [INF] Available cookies: 2
2026-06-13 13:52:25.565 +00:00 [INF] Cookie: adminRefreshToken = 44 chars
2026-06-13 13:52:25.565 +00:00 [INF] Cookie: adminToken = 844 chars
2026-06-13 13:52:25.565 +00:00 [INF] Admin token found in cookies, length: 844
2026-06-13 13:52:25.565 +00:00 [INF] Admin token set in context
2026-06-13 13:52:25.565 +00:00 [INF] ====== OnMessageReceived END - Token set: true ======
2026-06-13 13:52:25.566 +00:00 [INF] Token validated successfully for user: lengyelnorbi
2026-06-13 13:52:25.566 +00:00 [INF] Device fingerprint headers - UA: Mozilla/5.0 (Windows NT 10.0; Win64; x64; rv:151.0) Gecko/20100101 Firefox/151.0, Accept: application/json, text/plain, */*, Encoding: gzip, deflate
2026-06-13 13:52:25.566 +00:00 [INF] Device fingerprint validation: Stored=/a2uf4z8rcBIhIr7KGbd6aahMr80Bhj+9uyLiYNZ66A=, Current=/a2uf4z8rcBIhIr7KGbd6aahMr80Bhj+9uyLiYNZ66A=
2026-06-13 13:52:25.568 +00:00 [INF] Executed DbCommand (1ms) [Parameters=[@__jti_0='?', @__userId_1='?' (DbType = Int32)], CommandType='"Text"', CommandTimeout='30']
SELECT a."ID", a."CreatedAt", a."DeviceFingerprint", a."ExpiresAt", a."IpAddress", a."IsRevoked", a."UserID", a.jti
FROM "AccessTokens" AS a
WHERE a.jti = @__jti_0 AND a."UserID" = @__userId_1 AND NOT (a."IsRevoked") AND a."ExpiresAt" > now()
LIMIT 1
2026-06-13 13:52:25.568 +00:00 [INF] Executing endpoint 'API.Controllers.TokenController.GetRefreshTokens (API)'
2026-06-13 13:52:25.568 +00:00 [INF] Route matched with {action = "GetRefreshTokens", controller = "Token"}. Executing controller action with signature System.Threading.Tasks.Task`1[API.Utils.PagedResult`1[API.DTO.RefreshTokenUserDTO]] GetRefreshTokens(Int32, Int32) on controller API.Controllers.TokenController (API).
2026-06-13 13:52:25.568 +00:00 [INF] Received request to fetch refresh tokens with pagination: page=1, limit=10
2026-06-13 13:52:25.570 +00:00 [INF] Executed DbCommand (1ms) [Parameters=[], CommandType='"Text"', CommandTimeout='30']
SELECT count(*)::int
FROM "RefreshTokens" AS r
WHERE NOT (r."IsRevoked")
2026-06-13 13:52:25.571 +00:00 [INF] Executed DbCommand (1ms) [Parameters=[@__p_1='?' (DbType = Int32), @__p_0='?' (DbType = Int32)], CommandType='"Text"', CommandTimeout='30']
SELECT r0."ID", r0."TokenHash", r0."DeviceFingerprint", r0."IpAddress", r0."CreatedAt", r0."IsRevoked", r0."ExpiresAt", u."ID" AS "UserID", u."Username", u."Email", u."Role"
FROM (
    SELECT r."ID", r."CreatedAt", r."DeviceFingerprint", r."ExpiresAt", r."IpAddress", r."IsRevoked", r."TokenHash", r."UserID"
    FROM "RefreshTokens" AS r
    WHERE NOT (r."IsRevoked")
    LIMIT @__p_1 OFFSET @__p_0
) AS r0
INNER JOIN "Users" AS u ON r0."UserID" = u."ID"
2026-06-13 13:52:25.571 +00:00 [INF] Executing ObjectResult, writing value of type 'API.Utils.PagedResult`1[[API.DTO.RefreshTokenUserDTO, API, Version=1.0.0.0, Culture=neutral, PublicKeyToken=null]]'.
2026-06-13 13:52:25.571 +00:00 [INF] Executed action API.Controllers.TokenController.GetRefreshTokens (API) in 3.131ms
2026-06-13 13:52:25.572 +00:00 [INF] Executed endpoint 'API.Controllers.TokenController.GetRefreshTokens (API)'
2026-06-13 13:52:25.572 +00:00 [INF] Request finished HTTP/1.1 GET http://192.168.1.6:8080/api/token/refresh-token?page=1&limit=10 - 200 null application/json; charset=utf-8 7.8329ms
2026-06-13 13:56:49.257 +00:00 [INF] Request starting HTTP/1.1 OPTIONS http://192.168.1.6:8080/api/auth/refresh - null null
2026-06-13 13:56:49.260 +00:00 [INF] CORS policy execution successful.
2026-06-13 13:56:49.260 +00:00 [INF] Request finished HTTP/1.1 OPTIONS http://192.168.1.6:8080/api/auth/refresh - 204 null null 2.7878ms
2026-06-13 13:56:49.263 +00:00 [INF] Request starting HTTP/1.1 POST http://192.168.1.6:8080/api/auth/refresh - application/json 18
2026-06-13 13:56:49.264 +00:00 [INF] CORS policy execution successful.
2026-06-13 13:56:49.264 +00:00 [INF] ====== OnMessageReceived START ======
2026-06-13 13:56:49.264 +00:00 [INF] Available cookies: 2
2026-06-13 13:56:49.264 +00:00 [INF] Cookie: adminRefreshToken = 44 chars
2026-06-13 13:56:49.264 +00:00 [INF] Cookie: adminToken = 844 chars
2026-06-13 13:56:49.264 +00:00 [INF] Admin token found in cookies, length: 844
2026-06-13 13:56:49.264 +00:00 [INF] Admin token set in context
2026-06-13 13:56:49.265 +00:00 [INF] ====== OnMessageReceived END - Token set: true ======
2026-06-13 13:56:49.265 +00:00 [INF] Token validated successfully for user: lengyelnorbi
2026-06-13 13:56:49.265 +00:00 [INF] Device fingerprint headers - UA: Mozilla/5.0 (Windows NT 10.0; Win64; x64; rv:151.0) Gecko/20100101 Firefox/151.0, Accept: */*, Encoding: gzip, deflate
2026-06-13 13:56:49.265 +00:00 [INF] Device fingerprint validation: Stored=/a2uf4z8rcBIhIr7KGbd6aahMr80Bhj+9uyLiYNZ66A=, Current=/a2uf4z8rcBIhIr7KGbd6aahMr80Bhj+9uyLiYNZ66A=
2026-06-13 13:56:49.275 +00:00 [INF] Executed DbCommand (2ms) [Parameters=[@__jti_0='?', @__userId_1='?' (DbType = Int32)], CommandType='"Text"', CommandTimeout='30']
SELECT a."ID", a."CreatedAt", a."DeviceFingerprint", a."ExpiresAt", a."IpAddress", a."IsRevoked", a."UserID", a.jti
FROM "AccessTokens" AS a
WHERE a.jti = @__jti_0 AND a."UserID" = @__userId_1 AND NOT (a."IsRevoked") AND a."ExpiresAt" > now()
LIMIT 1
2026-06-13 13:56:49.276 +00:00 [INF] Executing endpoint 'API.Controllers.AuthController.RefreshToken (API)'
2026-06-13 13:56:49.276 +00:00 [INF] Route matched with {action = "RefreshToken", controller = "Auth"}. Executing controller action with signature System.Threading.Tasks.Task`1[Microsoft.AspNetCore.Mvc.IActionResult] RefreshToken(API.Models.RequestModels.RefreshRequest) on controller API.Controllers.AuthController (API).
2026-06-13 13:56:49.276 +00:00 [INF] Token refresh attempt at "2026-06-13T13:56:49.2766873Z"
2026-06-13 13:56:49.276 +00:00 [INF] Refreshing admin token at "2026-06-13T13:56:49.2768410Z"
2026-06-13 13:56:49.278 +00:00 [INF] Executed DbCommand (2ms) [Parameters=[@__tokenHash_0='?'], CommandType='"Text"', CommandTimeout='30']
SELECT r."ID", r."CreatedAt", r."DeviceFingerprint", r."ExpiresAt", r."IpAddress", r."IsRevoked", r."TokenHash", r."UserID"
FROM "RefreshTokens" AS r
WHERE r."TokenHash" = @__tokenHash_0 AND NOT (r."IsRevoked") AND r."ExpiresAt" > now()
ORDER BY r."CreatedAt" DESC
LIMIT 1
2026-06-13 13:56:49.279 +00:00 [INF] Mozilla/5.0 (Windows NT 10.0; Win64; x64; rv:151.0) Gecko/20100101 Firefox/151.0
2026-06-13 13:56:49.279 +00:00 [INF] Fetching user by ID from database...
2026-06-13 13:56:49.280 +00:00 [INF] Executed DbCommand (1ms) [Parameters=[@__id_0='?' (DbType = Int32)], CommandType='"Text"', CommandTimeout='30']
SELECT u."ID", u."Email", u."PasswordHash", u."RegisteredAt", u."Role", u."Username"
FROM "Users" AS u
WHERE u."ID" = @__id_0
LIMIT 1
2026-06-13 13:56:49.283 +00:00 [INF] Executed DbCommand (2ms) [Parameters=[@p0='?' (DbType = DateTime), @p1='?', @p2='?' (DbType = DateTime), @p3='?', @p4='?' (DbType = Int32), @p5='?'], CommandType='"Text"', CommandTimeout='30']
INSERT INTO "AccessTokens" ("CreatedAt", "DeviceFingerprint", "ExpiresAt", "IpAddress", "UserID", jti)
VALUES (@p0, @p1, @p2, @p3, @p4, @p5)
RETURNING "ID", "IsRevoked";
2026-06-13 13:56:49.285 +00:00 [INF] Executed DbCommand (1ms) [Parameters=[@__jti_0='?', @__userID_1='?' (DbType = Int32), @__deviceFingerprint_2='?', @__ipAddress_3='?'], CommandType='"Text"', CommandTimeout='30']
SELECT a."ID", a."CreatedAt", a."DeviceFingerprint", a."ExpiresAt", a."IpAddress", a."IsRevoked", a."UserID", a.jti
FROM "AccessTokens" AS a
WHERE a.jti = @__jti_0 AND a."UserID" = @__userID_1 AND a."DeviceFingerprint" = @__deviceFingerprint_2 AND a."IpAddress" = @__ipAddress_3
LIMIT 1
2026-06-13 13:56:49.285 +00:00 [INF] Attempting to revoke access token with jti dd381208-4eb3-4e37-87f0-26fde022c951 for user 1 from device /a2uf4z8rcBIhIr7KGbd6aahMr80Bhj+9uyLiYNZ66A= and IP ::ffff:172.20.0.1
2026-06-13 13:56:49.285 +00:00 [INF] Access token found: API.Models.AccessToken
2026-06-13 13:56:49.287 +00:00 [INF] Executed DbCommand (2ms) [Parameters=[@p1='?' (DbType = Int32), @p0='?' (DbType = Boolean)], CommandType='"Text"', CommandTimeout='30']
UPDATE "AccessTokens" SET "IsRevoked" = @p0
WHERE "ID" = @p1;
2026-06-13 13:56:49.287 +00:00 [INF] Access token AccessToken for user 1 revoked: true
2026-06-13 13:56:49.289 +00:00 [INF] Executed DbCommand (2ms) [Parameters=[@p0='?' (DbType = DateTime), @p1='?', @p2='?' (DbType = DateTime), @p3='?', @p4='?', @p5='?' (DbType = Int32)], CommandType='"Text"', CommandTimeout='30']
INSERT INTO "RefreshTokens" ("CreatedAt", "DeviceFingerprint", "ExpiresAt", "IpAddress", "TokenHash", "UserID")
VALUES (@p0, @p1, @p2, @p3, @p4, @p5)
RETURNING "ID", "IsRevoked";
2026-06-13 13:56:49.291 +00:00 [INF] Executed DbCommand (1ms) [Parameters=[@__tokenHash_0='?', @__userId_1='?' (DbType = Int32), @__deviceFingerprint_2='?', @__ipAddress_3='?'], CommandType='"Text"', CommandTimeout='30']
SELECT r."ID", r."CreatedAt", r."DeviceFingerprint", r."ExpiresAt", r."IpAddress", r."IsRevoked", r."TokenHash", r."UserID"
FROM "RefreshTokens" AS r
WHERE r."TokenHash" = @__tokenHash_0 AND r."UserID" = @__userId_1 AND r."DeviceFingerprint" = @__deviceFingerprint_2 AND r."IpAddress" = @__ipAddress_3
LIMIT 1
2026-06-13 13:56:49.293 +00:00 [INF] Executed DbCommand (2ms) [Parameters=[@p1='?' (DbType = Int32), @p0='?' (DbType = Boolean)], CommandType='"Text"', CommandTimeout='30']
UPDATE "RefreshTokens" SET "IsRevoked" = @p0
WHERE "ID" = @p1;
2026-06-13 13:56:49.293 +00:00 [INF] Refresh token pgcxA8LfxF0VMUaoNF3WO7WqlVscc2IwBoq58uKqiTU= for user 1 revoked: true
2026-06-13 13:56:49.293 +00:00 [INF] Token refreshed successfully for user 1 at "2026-06-13T13:56:49.2934720Z"
2026-06-13 13:56:49.293 +00:00 [INF] Executing OkObjectResult, writing value of type '<>f__AnonymousType3`2[[System.Boolean, System.Private.CoreLib, Version=9.0.0.0, Culture=neutral, PublicKeyToken=7cec85d7bea7798e],[System.Int32, System.Private.CoreLib, Version=9.0.0.0, Culture=neutral, PublicKeyToken=7cec85d7bea7798e]]'.
2026-06-13 13:56:49.293 +00:00 [INF] Executed action API.Controllers.AuthController.RefreshToken (API) in 17.4016ms
2026-06-13 13:56:49.294 +00:00 [INF] Executed endpoint 'API.Controllers.AuthController.RefreshToken (API)'
2026-06-13 13:56:49.294 +00:00 [INF] Request finished HTTP/1.1 POST http://192.168.1.6:8080/api/auth/refresh - 200 null application/json; charset=utf-8 30.4127ms
2026-06-13 13:59:47.891 +00:00 [INF] Request starting HTTP/1.1 GET http://192.168.1.6:8080/api/user?page=1&limit=10 - null null
2026-06-13 13:59:47.891 +00:00 [INF] Request starting HTTP/1.1 GET http://192.168.1.6:8080/api/user - null null
2026-06-13 13:59:47.892 +00:00 [INF] CORS policy execution successful.
2026-06-13 13:59:47.892 +00:00 [INF] CORS policy execution successful.
2026-06-13 13:59:47.892 +00:00 [INF] ====== OnMessageReceived START ======
2026-06-13 13:59:47.892 +00:00 [INF] ====== OnMessageReceived START ======
2026-06-13 13:59:47.892 +00:00 [INF] Available cookies: 2
2026-06-13 13:59:47.892 +00:00 [INF] Available cookies: 2
2026-06-13 13:59:47.893 +00:00 [INF] Cookie: adminRefreshToken = 44 chars
2026-06-13 13:59:47.893 +00:00 [INF] Cookie: adminRefreshToken = 44 chars
2026-06-13 13:59:47.893 +00:00 [INF] Cookie: adminToken = 844 chars
2026-06-13 13:59:47.893 +00:00 [INF] Cookie: adminToken = 844 chars
2026-06-13 13:59:47.893 +00:00 [INF] Admin token found in cookies, length: 844
2026-06-13 13:59:47.893 +00:00 [INF] Admin token found in cookies, length: 844
2026-06-13 13:59:47.893 +00:00 [INF] Admin token set in context
2026-06-13 13:59:47.894 +00:00 [INF] Admin token set in context
2026-06-13 13:59:47.894 +00:00 [INF] ====== OnMessageReceived END - Token set: true ======
2026-06-13 13:59:47.894 +00:00 [INF] ====== OnMessageReceived END - Token set: true ======
2026-06-13 13:59:47.894 +00:00 [INF] Token validated successfully for user: lengyelnorbi
2026-06-13 13:59:47.894 +00:00 [INF] Token validated successfully for user: lengyelnorbi
2026-06-13 13:59:47.894 +00:00 [INF] Device fingerprint headers - UA: Mozilla/5.0 (Windows NT 10.0; Win64; x64; rv:151.0) Gecko/20100101 Firefox/151.0, Accept: application/json, text/plain, */*, Encoding: gzip, deflate
2026-06-13 13:59:47.894 +00:00 [INF] Device fingerprint headers - UA: Mozilla/5.0 (Windows NT 10.0; Win64; x64; rv:151.0) Gecko/20100101 Firefox/151.0, Accept: application/json, text/plain, */*, Encoding: gzip, deflate
2026-06-13 13:59:47.895 +00:00 [INF] Device fingerprint validation: Stored=/a2uf4z8rcBIhIr7KGbd6aahMr80Bhj+9uyLiYNZ66A=, Current=/a2uf4z8rcBIhIr7KGbd6aahMr80Bhj+9uyLiYNZ66A=
2026-06-13 13:59:47.895 +00:00 [INF] Device fingerprint validation: Stored=/a2uf4z8rcBIhIr7KGbd6aahMr80Bhj+9uyLiYNZ66A=, Current=/a2uf4z8rcBIhIr7KGbd6aahMr80Bhj+9uyLiYNZ66A=
2026-06-13 13:59:47.900 +00:00 [INF] Executed DbCommand (4ms) [Parameters=[@__jti_0='?', @__userId_1='?' (DbType = Int32)], CommandType='"Text"', CommandTimeout='30']
SELECT a."ID", a."CreatedAt", a."DeviceFingerprint", a."ExpiresAt", a."IpAddress", a."IsRevoked", a."UserID", a.jti
FROM "AccessTokens" AS a
WHERE a.jti = @__jti_0 AND a."UserID" = @__userId_1 AND NOT (a."IsRevoked") AND a."ExpiresAt" > now()
LIMIT 1
2026-06-13 13:59:47.900 +00:00 [INF] Executing endpoint 'API.Controllers.UserController.Get (API)'
2026-06-13 13:59:47.901 +00:00 [INF] Route matched with {action = "Get", controller = "User"}. Executing controller action with signature System.Threading.Tasks.Task`1[System.Collections.Generic.IEnumerable`1[API.DTO.UserDTO]] Get() on controller API.Controllers.UserController (API).
2026-06-13 13:59:47.901 +00:00 [INF] Fetching user data from database...
2026-06-13 13:59:47.902 +00:00 [INF] Executed DbCommand (1ms) [Parameters=[], CommandType='"Text"', CommandTimeout='30']
SELECT u."ID", u."Email", u."PasswordHash", u."RegisteredAt", u."Role", u."Username"
FROM "Users" AS u
2026-06-13 13:59:47.903 +00:00 [INF] Executing ObjectResult, writing value of type 'System.Collections.Generic.List`1[[API.DTO.UserDTO, API, Version=1.0.0.0, Culture=neutral, PublicKeyToken=null]]'.
2026-06-13 13:59:47.903 +00:00 [INF] Executed action API.Controllers.UserController.Get (API) in 2.071ms
2026-06-13 13:59:47.903 +00:00 [INF] Executed endpoint 'API.Controllers.UserController.Get (API)'
2026-06-13 13:59:47.903 +00:00 [INF] Request finished HTTP/1.1 GET http://192.168.1.6:8080/api/user?page=1&limit=10 - 200 null application/json; charset=utf-8 12.6085ms
2026-06-13 13:59:47.909 +00:00 [INF] Executed DbCommand (2ms) [Parameters=[@__jti_0='?', @__userId_1='?' (DbType = Int32)], CommandType='"Text"', CommandTimeout='30']
SELECT a."ID", a."CreatedAt", a."DeviceFingerprint", a."ExpiresAt", a."IpAddress", a."IsRevoked", a."UserID", a.jti
FROM "AccessTokens" AS a
WHERE a.jti = @__jti_0 AND a."UserID" = @__userId_1 AND NOT (a."IsRevoked") AND a."ExpiresAt" > now()
LIMIT 1
2026-06-13 13:59:47.910 +00:00 [INF] Executing endpoint 'API.Controllers.UserController.Get (API)'
2026-06-13 13:59:47.910 +00:00 [INF] Route matched with {action = "Get", controller = "User"}. Executing controller action with signature System.Threading.Tasks.Task`1[System.Collections.Generic.IEnumerable`1[API.DTO.UserDTO]] Get() on controller API.Controllers.UserController (API).
2026-06-13 13:59:47.910 +00:00 [INF] Fetching user data from database...
2026-06-13 13:59:47.911 +00:00 [INF] Executed DbCommand (1ms) [Parameters=[], CommandType='"Text"', CommandTimeout='30']
SELECT u."ID", u."Email", u."PasswordHash", u."RegisteredAt", u."Role", u."Username"
FROM "Users" AS u
2026-06-13 13:59:47.912 +00:00 [INF] Executing ObjectResult, writing value of type 'System.Collections.Generic.List`1[[API.DTO.UserDTO, API, Version=1.0.0.0, Culture=neutral, PublicKeyToken=null]]'.
2026-06-13 13:59:47.912 +00:00 [INF] Executed action API.Controllers.UserController.Get (API) in 1.78ms
2026-06-13 13:59:47.912 +00:00 [INF] Executed endpoint 'API.Controllers.UserController.Get (API)'
2026-06-13 13:59:47.912 +00:00 [INF] Request finished HTTP/1.1 GET http://192.168.1.6:8080/api/user - 200 null application/json; charset=utf-8 21.4599ms
2026-06-13 13:59:48.180 +00:00 [INF] Request starting HTTP/1.1 GET http://192.168.1.6:8080/api/token/access-token?page=1&limit=10 - null null
2026-06-13 13:59:48.180 +00:00 [INF] CORS policy execution successful.
2026-06-13 13:59:48.180 +00:00 [INF] ====== OnMessageReceived START ======
2026-06-13 13:59:48.180 +00:00 [INF] Available cookies: 2
2026-06-13 13:59:48.180 +00:00 [INF] Cookie: adminRefreshToken = 44 chars
2026-06-13 13:59:48.181 +00:00 [INF] Cookie: adminToken = 844 chars
2026-06-13 13:59:48.181 +00:00 [INF] Admin token found in cookies, length: 844
2026-06-13 13:59:48.181 +00:00 [INF] Admin token set in context
2026-06-13 13:59:48.181 +00:00 [INF] ====== OnMessageReceived END - Token set: true ======
2026-06-13 13:59:48.181 +00:00 [INF] Token validated successfully for user: lengyelnorbi
2026-06-13 13:59:48.181 +00:00 [INF] Device fingerprint headers - UA: Mozilla/5.0 (Windows NT 10.0; Win64; x64; rv:151.0) Gecko/20100101 Firefox/151.0, Accept: application/json, text/plain, */*, Encoding: gzip, deflate
2026-06-13 13:59:48.182 +00:00 [INF] Device fingerprint validation: Stored=/a2uf4z8rcBIhIr7KGbd6aahMr80Bhj+9uyLiYNZ66A=, Current=/a2uf4z8rcBIhIr7KGbd6aahMr80Bhj+9uyLiYNZ66A=
2026-06-13 13:59:48.184 +00:00 [INF] Executed DbCommand (1ms) [Parameters=[@__jti_0='?', @__userId_1='?' (DbType = Int32)], CommandType='"Text"', CommandTimeout='30']
SELECT a."ID", a."CreatedAt", a."DeviceFingerprint", a."ExpiresAt", a."IpAddress", a."IsRevoked", a."UserID", a.jti
FROM "AccessTokens" AS a
WHERE a.jti = @__jti_0 AND a."UserID" = @__userId_1 AND NOT (a."IsRevoked") AND a."ExpiresAt" > now()
LIMIT 1
2026-06-13 13:59:48.184 +00:00 [INF] Executing endpoint 'API.Controllers.TokenController.GetAccessTokens (API)'
2026-06-13 13:59:48.184 +00:00 [INF] Route matched with {action = "GetAccessTokens", controller = "Token"}. Executing controller action with signature System.Threading.Tasks.Task`1[API.Utils.PagedResult`1[API.DTO.AccessTokenUserDTO]] GetAccessTokens(Int32, Int32) on controller API.Controllers.TokenController (API).
2026-06-13 13:59:48.184 +00:00 [INF] Received request to fetch access tokens with pagination: page=1, limit=10
2026-06-13 13:59:48.186 +00:00 [INF] Executed DbCommand (1ms) [Parameters=[], CommandType='"Text"', CommandTimeout='30']
SELECT count(*)::int
FROM "AccessTokens" AS a
WHERE a."IsRevoked"
2026-06-13 13:59:48.188 +00:00 [INF] Executed DbCommand (1ms) [Parameters=[@__p_1='?' (DbType = Int32), @__p_0='?' (DbType = Int32)], CommandType='"Text"', CommandTimeout='30']
SELECT a0."ID", a0.jti, a0."DeviceFingerprint", a0."IpAddress", a0."CreatedAt", a0."IsRevoked", a0."ExpiresAt", u."ID" AS "UserID", u."Username", u."Email", u."Role"
FROM (
    SELECT a."ID", a."CreatedAt", a."DeviceFingerprint", a."ExpiresAt", a."IpAddress", a."IsRevoked", a."UserID", a.jti
    FROM "AccessTokens" AS a
    WHERE a."IsRevoked"
    LIMIT @__p_1 OFFSET @__p_0
) AS a0
INNER JOIN "Users" AS u ON a0."UserID" = u."ID"
2026-06-13 13:59:48.188 +00:00 [INF] Executing ObjectResult, writing value of type 'API.Utils.PagedResult`1[[API.DTO.AccessTokenUserDTO, API, Version=1.0.0.0, Culture=neutral, PublicKeyToken=null]]'.
2026-06-13 13:59:48.188 +00:00 [INF] Executed action API.Controllers.TokenController.GetAccessTokens (API) in 4.0405ms
2026-06-13 13:59:48.188 +00:00 [INF] Executed endpoint 'API.Controllers.TokenController.GetAccessTokens (API)'
2026-06-13 13:59:48.189 +00:00 [INF] Request finished HTTP/1.1 GET http://192.168.1.6:8080/api/token/access-token?page=1&limit=10 - 200 null application/json; charset=utf-8 9.0529ms
2026-06-13 13:59:49.241 +00:00 [INF] Request starting HTTP/1.1 GET http://192.168.1.6:8080/api/token/access-token?page=23&limit=10 - null null
2026-06-13 13:59:49.242 +00:00 [INF] CORS policy execution successful.
2026-06-13 13:59:49.242 +00:00 [INF] ====== OnMessageReceived START ======
2026-06-13 13:59:49.242 +00:00 [INF] Available cookies: 2
2026-06-13 13:59:49.242 +00:00 [INF] Cookie: adminRefreshToken = 44 chars
2026-06-13 13:59:49.242 +00:00 [INF] Cookie: adminToken = 844 chars
2026-06-13 13:59:49.242 +00:00 [INF] Admin token found in cookies, length: 844
2026-06-13 13:59:49.243 +00:00 [INF] Admin token set in context
2026-06-13 13:59:49.243 +00:00 [INF] ====== OnMessageReceived END - Token set: true ======
2026-06-13 13:59:49.243 +00:00 [INF] Token validated successfully for user: lengyelnorbi
2026-06-13 13:59:49.243 +00:00 [INF] Device fingerprint headers - UA: Mozilla/5.0 (Windows NT 10.0; Win64; x64; rv:151.0) Gecko/20100101 Firefox/151.0, Accept: application/json, text/plain, */*, Encoding: gzip, deflate
2026-06-13 13:59:49.243 +00:00 [INF] Device fingerprint validation: Stored=/a2uf4z8rcBIhIr7KGbd6aahMr80Bhj+9uyLiYNZ66A=, Current=/a2uf4z8rcBIhIr7KGbd6aahMr80Bhj+9uyLiYNZ66A=
2026-06-13 13:59:49.245 +00:00 [INF] Executed DbCommand (1ms) [Parameters=[@__jti_0='?', @__userId_1='?' (DbType = Int32)], CommandType='"Text"', CommandTimeout='30']
SELECT a."ID", a."CreatedAt", a."DeviceFingerprint", a."ExpiresAt", a."IpAddress", a."IsRevoked", a."UserID", a.jti
FROM "AccessTokens" AS a
WHERE a.jti = @__jti_0 AND a."UserID" = @__userId_1 AND NOT (a."IsRevoked") AND a."ExpiresAt" > now()
LIMIT 1
2026-06-13 13:59:49.246 +00:00 [INF] Executing endpoint 'API.Controllers.TokenController.GetAccessTokens (API)'
2026-06-13 13:59:49.246 +00:00 [INF] Route matched with {action = "GetAccessTokens", controller = "Token"}. Executing controller action with signature System.Threading.Tasks.Task`1[API.Utils.PagedResult`1[API.DTO.AccessTokenUserDTO]] GetAccessTokens(Int32, Int32) on controller API.Controllers.TokenController (API).
2026-06-13 13:59:49.246 +00:00 [INF] Received request to fetch access tokens with pagination: page=23, limit=10
2026-06-13 13:59:49.248 +00:00 [INF] Executed DbCommand (1ms) [Parameters=[], CommandType='"Text"', CommandTimeout='30']
SELECT count(*)::int
FROM "AccessTokens" AS a
WHERE a."IsRevoked"
2026-06-13 13:59:49.250 +00:00 [INF] Executed DbCommand (1ms) [Parameters=[@__p_1='?' (DbType = Int32), @__p_0='?' (DbType = Int32)], CommandType='"Text"', CommandTimeout='30']
SELECT a0."ID", a0.jti, a0."DeviceFingerprint", a0."IpAddress", a0."CreatedAt", a0."IsRevoked", a0."ExpiresAt", u."ID" AS "UserID", u."Username", u."Email", u."Role"
FROM (
    SELECT a."ID", a."CreatedAt", a."DeviceFingerprint", a."ExpiresAt", a."IpAddress", a."IsRevoked", a."UserID", a.jti
    FROM "AccessTokens" AS a
    WHERE a."IsRevoked"
    LIMIT @__p_1 OFFSET @__p_0
) AS a0
INNER JOIN "Users" AS u ON a0."UserID" = u."ID"
2026-06-13 13:59:49.250 +00:00 [INF] Executing ObjectResult, writing value of type 'API.Utils.PagedResult`1[[API.DTO.AccessTokenUserDTO, API, Version=1.0.0.0, Culture=neutral, PublicKeyToken=null]]'.
2026-06-13 13:59:49.250 +00:00 [INF] Executed action API.Controllers.TokenController.GetAccessTokens (API) in 4.2508ms
2026-06-13 13:59:49.250 +00:00 [INF] Executed endpoint 'API.Controllers.TokenController.GetAccessTokens (API)'
2026-06-13 13:59:49.251 +00:00 [INF] Request finished HTTP/1.1 GET http://192.168.1.6:8080/api/token/access-token?page=23&limit=10 - 200 null application/json; charset=utf-8 9.2949ms
2026-06-13 13:59:50.470 +00:00 [INF] Request starting HTTP/1.1 GET http://192.168.1.6:8080/api/token/refresh-token?page=1&limit=10 - null null
2026-06-13 13:59:50.470 +00:00 [INF] CORS policy execution successful.
2026-06-13 13:59:50.470 +00:00 [INF] ====== OnMessageReceived START ======
2026-06-13 13:59:50.470 +00:00 [INF] Available cookies: 2
2026-06-13 13:59:50.470 +00:00 [INF] Cookie: adminRefreshToken = 44 chars
2026-06-13 13:59:50.471 +00:00 [INF] Cookie: adminToken = 844 chars
2026-06-13 13:59:50.471 +00:00 [INF] Admin token found in cookies, length: 844
2026-06-13 13:59:50.471 +00:00 [INF] Admin token set in context
2026-06-13 13:59:50.471 +00:00 [INF] ====== OnMessageReceived END - Token set: true ======
2026-06-13 13:59:50.471 +00:00 [INF] Token validated successfully for user: lengyelnorbi
2026-06-13 13:59:50.471 +00:00 [INF] Device fingerprint headers - UA: Mozilla/5.0 (Windows NT 10.0; Win64; x64; rv:151.0) Gecko/20100101 Firefox/151.0, Accept: application/json, text/plain, */*, Encoding: gzip, deflate
2026-06-13 13:59:50.472 +00:00 [INF] Device fingerprint validation: Stored=/a2uf4z8rcBIhIr7KGbd6aahMr80Bhj+9uyLiYNZ66A=, Current=/a2uf4z8rcBIhIr7KGbd6aahMr80Bhj+9uyLiYNZ66A=
2026-06-13 13:59:50.474 +00:00 [INF] Executed DbCommand (1ms) [Parameters=[@__jti_0='?', @__userId_1='?' (DbType = Int32)], CommandType='"Text"', CommandTimeout='30']
SELECT a."ID", a."CreatedAt", a."DeviceFingerprint", a."ExpiresAt", a."IpAddress", a."IsRevoked", a."UserID", a.jti
FROM "AccessTokens" AS a
WHERE a.jti = @__jti_0 AND a."UserID" = @__userId_1 AND NOT (a."IsRevoked") AND a."ExpiresAt" > now()
LIMIT 1
2026-06-13 13:59:50.474 +00:00 [INF] Executing endpoint 'API.Controllers.TokenController.GetRefreshTokens (API)'
2026-06-13 13:59:50.474 +00:00 [INF] Route matched with {action = "GetRefreshTokens", controller = "Token"}. Executing controller action with signature System.Threading.Tasks.Task`1[API.Utils.PagedResult`1[API.DTO.RefreshTokenUserDTO]] GetRefreshTokens(Int32, Int32) on controller API.Controllers.TokenController (API).
2026-06-13 13:59:50.474 +00:00 [INF] Received request to fetch refresh tokens with pagination: page=1, limit=10
2026-06-13 13:59:50.476 +00:00 [INF] Executed DbCommand (1ms) [Parameters=[], CommandType='"Text"', CommandTimeout='30']
SELECT count(*)::int
FROM "RefreshTokens" AS r
WHERE NOT (r."IsRevoked")
2026-06-13 13:59:50.477 +00:00 [INF] Executed DbCommand (1ms) [Parameters=[@__p_1='?' (DbType = Int32), @__p_0='?' (DbType = Int32)], CommandType='"Text"', CommandTimeout='30']
SELECT r0."ID", r0."TokenHash", r0."DeviceFingerprint", r0."IpAddress", r0."CreatedAt", r0."IsRevoked", r0."ExpiresAt", u."ID" AS "UserID", u."Username", u."Email", u."Role"
FROM (
    SELECT r."ID", r."CreatedAt", r."DeviceFingerprint", r."ExpiresAt", r."IpAddress", r."IsRevoked", r."TokenHash", r."UserID"
    FROM "RefreshTokens" AS r
    WHERE NOT (r."IsRevoked")
    LIMIT @__p_1 OFFSET @__p_0
) AS r0
INNER JOIN "Users" AS u ON r0."UserID" = u."ID"
2026-06-13 13:59:50.478 +00:00 [INF] Executing ObjectResult, writing value of type 'API.Utils.PagedResult`1[[API.DTO.RefreshTokenUserDTO, API, Version=1.0.0.0, Culture=neutral, PublicKeyToken=null]]'.
2026-06-13 13:59:50.478 +00:00 [INF] Executed action API.Controllers.TokenController.GetRefreshTokens (API) in 3.5469ms
2026-06-13 13:59:50.478 +00:00 [INF] Executed endpoint 'API.Controllers.TokenController.GetRefreshTokens (API)'
2026-06-13 13:59:50.478 +00:00 [INF] Request finished HTTP/1.1 GET http://192.168.1.6:8080/api/token/refresh-token?page=1&limit=10 - 200 null application/json; charset=utf-8 8.5631ms
2026-06-13 13:59:52.437 +00:00 [INF] Request starting HTTP/1.1 GET http://192.168.1.6:8080/api/token/refresh-token?page=1&limit=10 - null null
2026-06-13 13:59:52.438 +00:00 [INF] CORS policy execution successful.
2026-06-13 13:59:52.438 +00:00 [INF] ====== OnMessageReceived START ======
2026-06-13 13:59:52.438 +00:00 [INF] Available cookies: 2
2026-06-13 13:59:52.438 +00:00 [INF] Cookie: adminRefreshToken = 44 chars
2026-06-13 13:59:52.438 +00:00 [INF] Cookie: adminToken = 844 chars
2026-06-13 13:59:52.438 +00:00 [INF] Admin token found in cookies, length: 844
2026-06-13 13:59:52.439 +00:00 [INF] Admin token set in context
2026-06-13 13:59:52.439 +00:00 [INF] ====== OnMessageReceived END - Token set: true ======
2026-06-13 13:59:52.439 +00:00 [INF] Token validated successfully for user: lengyelnorbi
2026-06-13 13:59:52.439 +00:00 [INF] Device fingerprint headers - UA: Mozilla/5.0 (Windows NT 10.0; Win64; x64; rv:151.0) Gecko/20100101 Firefox/151.0, Accept: application/json, text/plain, */*, Encoding: gzip, deflate
2026-06-13 13:59:52.439 +00:00 [INF] Device fingerprint validation: Stored=/a2uf4z8rcBIhIr7KGbd6aahMr80Bhj+9uyLiYNZ66A=, Current=/a2uf4z8rcBIhIr7KGbd6aahMr80Bhj+9uyLiYNZ66A=
2026-06-13 13:59:52.441 +00:00 [INF] Executed DbCommand (1ms) [Parameters=[@__jti_0='?', @__userId_1='?' (DbType = Int32)], CommandType='"Text"', CommandTimeout='30']
SELECT a."ID", a."CreatedAt", a."DeviceFingerprint", a."ExpiresAt", a."IpAddress", a."IsRevoked", a."UserID", a.jti
FROM "AccessTokens" AS a
WHERE a.jti = @__jti_0 AND a."UserID" = @__userId_1 AND NOT (a."IsRevoked") AND a."ExpiresAt" > now()
LIMIT 1
2026-06-13 13:59:52.442 +00:00 [INF] Executing endpoint 'API.Controllers.TokenController.GetRefreshTokens (API)'
2026-06-13 13:59:52.442 +00:00 [INF] Route matched with {action = "GetRefreshTokens", controller = "Token"}. Executing controller action with signature System.Threading.Tasks.Task`1[API.Utils.PagedResult`1[API.DTO.RefreshTokenUserDTO]] GetRefreshTokens(Int32, Int32) on controller API.Controllers.TokenController (API).
2026-06-13 13:59:52.442 +00:00 [INF] Received request to fetch refresh tokens with pagination: page=1, limit=10
2026-06-13 13:59:52.443 +00:00 [INF] Executed DbCommand (1ms) [Parameters=[], CommandType='"Text"', CommandTimeout='30']
SELECT count(*)::int
FROM "RefreshTokens" AS r
WHERE NOT (r."IsRevoked")
2026-06-13 13:59:52.445 +00:00 [INF] Executed DbCommand (1ms) [Parameters=[@__p_1='?' (DbType = Int32), @__p_0='?' (DbType = Int32)], CommandType='"Text"', CommandTimeout='30']
SELECT r0."ID", r0."TokenHash", r0."DeviceFingerprint", r0."IpAddress", r0."CreatedAt", r0."IsRevoked", r0."ExpiresAt", u."ID" AS "UserID", u."Username", u."Email", u."Role"
FROM (
    SELECT r."ID", r."CreatedAt", r."DeviceFingerprint", r."ExpiresAt", r."IpAddress", r."IsRevoked", r."TokenHash", r."UserID"
    FROM "RefreshTokens" AS r
    WHERE NOT (r."IsRevoked")
    LIMIT @__p_1 OFFSET @__p_0
) AS r0
INNER JOIN "Users" AS u ON r0."UserID" = u."ID"
2026-06-13 13:59:52.445 +00:00 [INF] Executing ObjectResult, writing value of type 'API.Utils.PagedResult`1[[API.DTO.RefreshTokenUserDTO, API, Version=1.0.0.0, Culture=neutral, PublicKeyToken=null]]'.
2026-06-13 13:59:52.445 +00:00 [INF] Executed action API.Controllers.TokenController.GetRefreshTokens (API) in 3.4582ms
2026-06-13 13:59:52.445 +00:00 [INF] Executed endpoint 'API.Controllers.TokenController.GetRefreshTokens (API)'
2026-06-13 13:59:52.446 +00:00 [INF] Request finished HTTP/1.1 GET http://192.168.1.6:8080/api/token/refresh-token?page=1&limit=10 - 200 null application/json; charset=utf-8 8.2563ms
2026-06-13 13:59:55.843 +00:00 [INF] Request starting HTTP/1.1 GET http://192.168.1.6:8080/api/token/refresh-token?page=1&limit=10 - null null
2026-06-13 13:59:55.843 +00:00 [INF] CORS policy execution successful.
2026-06-13 13:59:55.843 +00:00 [INF] ====== OnMessageReceived START ======
2026-06-13 13:59:55.844 +00:00 [INF] Available cookies: 2
2026-06-13 13:59:55.844 +00:00 [INF] Cookie: adminRefreshToken = 44 chars
2026-06-13 13:59:55.844 +00:00 [INF] Cookie: adminToken = 844 chars
2026-06-13 13:59:55.844 +00:00 [INF] Admin token found in cookies, length: 844
2026-06-13 13:59:55.844 +00:00 [INF] Admin token set in context
2026-06-13 13:59:55.844 +00:00 [INF] ====== OnMessageReceived END - Token set: true ======
2026-06-13 13:59:55.844 +00:00 [INF] Token validated successfully for user: lengyelnorbi
2026-06-13 13:59:55.845 +00:00 [INF] Device fingerprint headers - UA: Mozilla/5.0 (Windows NT 10.0; Win64; x64; rv:151.0) Gecko/20100101 Firefox/151.0, Accept: application/json, text/plain, */*, Encoding: gzip, deflate
2026-06-13 13:59:55.845 +00:00 [INF] Device fingerprint validation: Stored=/a2uf4z8rcBIhIr7KGbd6aahMr80Bhj+9uyLiYNZ66A=, Current=/a2uf4z8rcBIhIr7KGbd6aahMr80Bhj+9uyLiYNZ66A=
2026-06-13 13:59:55.846 +00:00 [INF] Executed DbCommand (1ms) [Parameters=[@__jti_0='?', @__userId_1='?' (DbType = Int32)], CommandType='"Text"', CommandTimeout='30']
SELECT a."ID", a."CreatedAt", a."DeviceFingerprint", a."ExpiresAt", a."IpAddress", a."IsRevoked", a."UserID", a.jti
FROM "AccessTokens" AS a
WHERE a.jti = @__jti_0 AND a."UserID" = @__userId_1 AND NOT (a."IsRevoked") AND a."ExpiresAt" > now()
LIMIT 1
2026-06-13 13:59:55.847 +00:00 [INF] Executing endpoint 'API.Controllers.TokenController.GetRefreshTokens (API)'
2026-06-13 13:59:55.847 +00:00 [INF] Route matched with {action = "GetRefreshTokens", controller = "Token"}. Executing controller action with signature System.Threading.Tasks.Task`1[API.Utils.PagedResult`1[API.DTO.RefreshTokenUserDTO]] GetRefreshTokens(Int32, Int32) on controller API.Controllers.TokenController (API).
2026-06-13 13:59:55.847 +00:00 [INF] Received request to fetch refresh tokens with pagination: page=1, limit=10
2026-06-13 13:59:55.849 +00:00 [INF] Executed DbCommand (1ms) [Parameters=[], CommandType='"Text"', CommandTimeout='30']
SELECT count(*)::int
FROM "RefreshTokens" AS r
WHERE NOT (r."IsRevoked")
2026-06-13 13:59:55.850 +00:00 [INF] Executed DbCommand (1ms) [Parameters=[@__p_1='?' (DbType = Int32), @__p_0='?' (DbType = Int32)], CommandType='"Text"', CommandTimeout='30']
SELECT r0."ID", r0."TokenHash", r0."DeviceFingerprint", r0."IpAddress", r0."CreatedAt", r0."IsRevoked", r0."ExpiresAt", u."ID" AS "UserID", u."Username", u."Email", u."Role"
FROM (
    SELECT r."ID", r."CreatedAt", r."DeviceFingerprint", r."ExpiresAt", r."IpAddress", r."IsRevoked", r."TokenHash", r."UserID"
    FROM "RefreshTokens" AS r
    WHERE NOT (r."IsRevoked")
    LIMIT @__p_1 OFFSET @__p_0
) AS r0
INNER JOIN "Users" AS u ON r0."UserID" = u."ID"
2026-06-13 13:59:55.850 +00:00 [INF] Executing ObjectResult, writing value of type 'API.Utils.PagedResult`1[[API.DTO.RefreshTokenUserDTO, API, Version=1.0.0.0, Culture=neutral, PublicKeyToken=null]]'.
2026-06-13 13:59:55.850 +00:00 [INF] Executed action API.Controllers.TokenController.GetRefreshTokens (API) in 3.3172ms
2026-06-13 13:59:55.851 +00:00 [INF] Executed endpoint 'API.Controllers.TokenController.GetRefreshTokens (API)'
2026-06-13 13:59:55.851 +00:00 [INF] Request finished HTTP/1.1 GET http://192.168.1.6:8080/api/token/refresh-token?page=1&limit=10 - 200 null application/json; charset=utf-8 7.9573ms
2026-06-13 13:59:57.756 +00:00 [INF] Request starting HTTP/1.1 GET http://192.168.1.6:8080/api/token/refresh-token?page=1&limit=10 - null null
2026-06-13 13:59:57.756 +00:00 [INF] CORS policy execution successful.
2026-06-13 13:59:57.756 +00:00 [INF] ====== OnMessageReceived START ======
2026-06-13 13:59:57.756 +00:00 [INF] Available cookies: 2
2026-06-13 13:59:57.757 +00:00 [INF] Cookie: adminRefreshToken = 44 chars
2026-06-13 13:59:57.757 +00:00 [INF] Cookie: adminToken = 844 chars
2026-06-13 13:59:57.757 +00:00 [INF] Admin token found in cookies, length: 844
2026-06-13 13:59:57.757 +00:00 [INF] Admin token set in context
2026-06-13 13:59:57.757 +00:00 [INF] ====== OnMessageReceived END - Token set: true ======
2026-06-13 13:59:57.757 +00:00 [INF] Token validated successfully for user: lengyelnorbi
2026-06-13 13:59:57.758 +00:00 [INF] Device fingerprint headers - UA: Mozilla/5.0 (Windows NT 10.0; Win64; x64; rv:151.0) Gecko/20100101 Firefox/151.0, Accept: application/json, text/plain, */*, Encoding: gzip, deflate
2026-06-13 13:59:57.758 +00:00 [INF] Device fingerprint validation: Stored=/a2uf4z8rcBIhIr7KGbd6aahMr80Bhj+9uyLiYNZ66A=, Current=/a2uf4z8rcBIhIr7KGbd6aahMr80Bhj+9uyLiYNZ66A=
2026-06-13 13:59:57.760 +00:00 [INF] Executed DbCommand (1ms) [Parameters=[@__jti_0='?', @__userId_1='?' (DbType = Int32)], CommandType='"Text"', CommandTimeout='30']
SELECT a."ID", a."CreatedAt", a."DeviceFingerprint", a."ExpiresAt", a."IpAddress", a."IsRevoked", a."UserID", a.jti
FROM "AccessTokens" AS a
WHERE a.jti = @__jti_0 AND a."UserID" = @__userId_1 AND NOT (a."IsRevoked") AND a."ExpiresAt" > now()
LIMIT 1
2026-06-13 13:59:57.760 +00:00 [INF] Executing endpoint 'API.Controllers.TokenController.GetRefreshTokens (API)'
2026-06-13 13:59:57.760 +00:00 [INF] Route matched with {action = "GetRefreshTokens", controller = "Token"}. Executing controller action with signature System.Threading.Tasks.Task`1[API.Utils.PagedResult`1[API.DTO.RefreshTokenUserDTO]] GetRefreshTokens(Int32, Int32) on controller API.Controllers.TokenController (API).
2026-06-13 13:59:57.760 +00:00 [INF] Received request to fetch refresh tokens with pagination: page=1, limit=10
2026-06-13 13:59:57.762 +00:00 [INF] Executed DbCommand (1ms) [Parameters=[], CommandType='"Text"', CommandTimeout='30']
SELECT count(*)::int
FROM "RefreshTokens" AS r
WHERE NOT (r."IsRevoked")
2026-06-13 13:59:57.763 +00:00 [INF] Executed DbCommand (1ms) [Parameters=[@__p_1='?' (DbType = Int32), @__p_0='?' (DbType = Int32)], CommandType='"Text"', CommandTimeout='30']
SELECT r0."ID", r0."TokenHash", r0."DeviceFingerprint", r0."IpAddress", r0."CreatedAt", r0."IsRevoked", r0."ExpiresAt", u."ID" AS "UserID", u."Username", u."Email", u."Role"
FROM (
    SELECT r."ID", r."CreatedAt", r."DeviceFingerprint", r."ExpiresAt", r."IpAddress", r."IsRevoked", r."TokenHash", r."UserID"
    FROM "RefreshTokens" AS r
    WHERE NOT (r."IsRevoked")
    LIMIT @__p_1 OFFSET @__p_0
) AS r0
INNER JOIN "Users" AS u ON r0."UserID" = u."ID"
2026-06-13 13:59:57.763 +00:00 [INF] Executing ObjectResult, writing value of type 'API.Utils.PagedResult`1[[API.DTO.RefreshTokenUserDTO, API, Version=1.0.0.0, Culture=neutral, PublicKeyToken=null]]'.
2026-06-13 13:59:57.763 +00:00 [INF] Executed action API.Controllers.TokenController.GetRefreshTokens (API) in 3.0624ms
2026-06-13 13:59:57.763 +00:00 [INF] Executed endpoint 'API.Controllers.TokenController.GetRefreshTokens (API)'
2026-06-13 13:59:57.764 +00:00 [INF] Request finished HTTP/1.1 GET http://192.168.1.6:8080/api/token/refresh-token?page=1&limit=10 - 200 null application/json; charset=utf-8 7.739ms
2026-06-13 14:03:01.447 +00:00 [INF] Request starting HTTP/1.1 OPTIONS http://192.168.1.6:8080/api/auth - null null
2026-06-13 14:03:01.447 +00:00 [INF] CORS policy execution successful.
2026-06-13 14:03:01.448 +00:00 [INF] Request finished HTTP/1.1 OPTIONS http://192.168.1.6:8080/api/auth - 204 null null 0.6993ms
2026-06-13 14:03:01.463 +00:00 [INF] Request starting HTTP/1.1 POST http://192.168.1.6:8080/api/auth - application/json 74
2026-06-13 14:03:01.464 +00:00 [INF] CORS policy execution successful.
2026-06-13 14:03:01.464 +00:00 [INF] ====== OnMessageReceived START ======
2026-06-13 14:03:01.464 +00:00 [INF] Available cookies: 1
2026-06-13 14:03:01.464 +00:00 [INF] Cookie: adminRefreshToken = 44 chars
2026-06-13 14:03:01.464 +00:00 [WRN] NO TOKEN FOUND IN COOKIES!
2026-06-13 14:03:01.465 +00:00 [INF] ====== OnMessageReceived END - Token set: false ======
2026-06-13 14:03:01.465 +00:00 [INF] Executing endpoint 'API.Controllers.AuthController.Authenticate (API)'
2026-06-13 14:03:01.468 +00:00 [INF] Route matched with {action = "Authenticate", controller = "Auth"}. Executing controller action with signature System.Threading.Tasks.Task`1[Microsoft.AspNetCore.Mvc.IActionResult] Authenticate(API.Models.RequestModels.LoginRequest) on controller API.Controllers.AuthController (API).
2026-06-13 14:03:01.471 +00:00 [INF] Authentication attempt for email: lengyelnorbi5@gmail.com
2026-06-13 14:03:01.471 +00:00 [INF] Fetching user by email from database...
2026-06-13 14:03:01.477 +00:00 [INF] Executed DbCommand (1ms) [Parameters=[@__email_0='?'], CommandType='"Text"', CommandTimeout='30']
SELECT u."ID", u."Email", u."PasswordHash", u."RegisteredAt", u."Role", u."Username"
FROM "Users" AS u
WHERE u."Email" = @__email_0
LIMIT 1
2026-06-13 14:03:01.478 +00:00 [INF] Mozilla/5.0 (Windows NT 10.0; Win64; x64; rv:151.0) Gecko/20100101 Firefox/151.0
2026-06-13 14:03:01.478 +00:00 [INF] Fetching user by email from database...
2026-06-13 14:03:01.480 +00:00 [INF] Executed DbCommand (1ms) [Parameters=[@__email_0='?'], CommandType='"Text"', CommandTimeout='30']
SELECT u."ID", u."Email", u."PasswordHash", u."RegisteredAt", u."Role", u."Username"
FROM "Users" AS u
WHERE u."Email" = @__email_0
LIMIT 1
2026-06-13 14:03:01.673 +00:00 [INF] Password verification completed: Valid
2026-06-13 14:03:01.676 +00:00 [INF] Executed DbCommand (2ms) [Parameters=[@p0='?' (DbType = DateTime), @p1='?', @p2='?' (DbType = DateTime), @p3='?', @p4='?' (DbType = Int32), @p5='?'], CommandType='"Text"', CommandTimeout='30']
INSERT INTO "AccessTokens" ("CreatedAt", "DeviceFingerprint", "ExpiresAt", "IpAddress", "UserID", jti)
VALUES (@p0, @p1, @p2, @p3, @p4, @p5)
RETURNING "ID", "IsRevoked";
2026-06-13 14:03:01.681 +00:00 [INF] Executed DbCommand (4ms) [Parameters=[@p0='?' (DbType = DateTime), @p1='?', @p2='?' (DbType = DateTime), @p3='?', @p4='?', @p5='?' (DbType = Int32)], CommandType='"Text"', CommandTimeout='30']
INSERT INTO "RefreshTokens" ("CreatedAt", "DeviceFingerprint", "ExpiresAt", "IpAddress", "TokenHash", "UserID")
VALUES (@p0, @p1, @p2, @p3, @p4, @p5)
RETURNING "ID", "IsRevoked";
2026-06-13 14:03:01.681 +00:00 [INF] Admin user lengyelnorbi5@gmail.com authenticated successfully from admin panel at "2026-06-13T14:03:01.6816277Z"
2026-06-13 14:03:01.681 +00:00 [INF] --------------------------------------------------------------------
2026-06-13 14:03:01.681 +00:00 [INF] eyJhbGciOiJIUzI1NiIsInR5cCI6IkpXVCJ9.eyJodHRwOi8vc2NoZW1hcy54bWxzb2FwLm9yZy93cy8yMDA1LzA1L2lkZW50aXR5L2NsYWltcy9uYW1laWRlbnRpZmllciI6IjEiLCJodHRwOi8vc2NoZW1hcy54bWxzb2FwLm9yZy93cy8yMDA1LzA1L2lkZW50aXR5L2NsYWltcy9lbWFpbGFkZHJlc3MiOiJsZW5neWVsbm9yYmk1QGdtYWlsLmNvbSIsImh0dHA6Ly9zY2hlbWFzLnhtbHNvYXAub3JnL3dzLzIwMDUvMDUvaWRlbnRpdHkvY2xhaW1zL25hbWUiOiJsZW5neWVsbm9yYmkiLCJqdGkiOiJiODBiMjVkNi0xODdiLTRhMGQtYTlmNC1kNmJhN2Q3NGI2NGIiLCJpYXQiOjE3ODEzNTkzODEsImV4cCI6MTc4MTM1OTY4MSwiaHR0cDovL3NjaGVtYXMubWljcm9zb2Z0LmNvbS93cy8yMDA4LzA2L2lkZW50aXR5L2NsYWltcy9yb2xlIjoiQWRtaW4iLCJTb3VyY2UiOiJhZG1pbiIsIkRldmljZUlkIjoiL2EydWY0ejhyY0JJaElyN0tHYmQ2YWFoTXI4MEJoais5dXlMaVlOWjY2QT0iLCJJUEFkZHJlc3MiOiI6OmZmZmY6MTcyLjIwLjAuMSIsIlRva2VuVmVyc2lvbiI6IjEiLCJpc3MiOiJNdXNpY1BsYXllckFQSSIsImF1ZCI6Ik11c2ljUGxheWVyQ2xpZW50In0.EZlkVFArKSmsmDC7GOMM9SvBRQMqyIDoTHmU5FmFRNk
2026-06-13 14:03:01.682 +00:00 [INF] gfHrnO2/z01v11T23GEurAxDzkjAX6w6p7zpEgaBdtM=
2026-06-13 14:03:01.682 +00:00 [INF] Source: admin
2026-06-13 14:03:01.682 +00:00 [INF] Access Token expires at: "2026-06-13T14:08:01.6736277Z"
2026-06-13 14:03:01.682 +00:00 [INF] Refresh Token expires at: "2026-06-13T22:03:01.6772203Z"
2026-06-13 14:03:01.682 +00:00 [INF] tokenCookieName: adminToken
2026-06-13 14:03:01.682 +00:00 [INF] refreshTokenCookieName: adminRefreshToken
2026-06-13 14:03:01.682 +00:00 [INF] Refresh token hash stored in cookie: gfHrnO2/z01v11T23GEurAxDzkjAX6w6p7zpEgaBdtM=
2026-06-13 14:03:01.683 +00:00 [INF] --------------------------------------------------------------------
2026-06-13 14:03:01.683 +00:00 [INF] Executing OkObjectResult, writing value of type '<>f__AnonymousType1`4[[System.Boolean, System.Private.CoreLib, Version=9.0.0.0, Culture=neutral, PublicKeyToken=7cec85d7bea7798e],[System.Int32, System.Private.CoreLib, Version=9.0.0.0, Culture=neutral, PublicKeyToken=7cec85d7bea7798e],[System.Int32, System.Private.CoreLib, Version=9.0.0.0, Culture=neutral, PublicKeyToken=7cec85d7bea7798e],[<>f__AnonymousType2`3[[System.Int32, System.Private.CoreLib, Version=9.0.0.0, Culture=neutral, PublicKeyToken=7cec85d7bea7798e],[System.String, System.Private.CoreLib, Version=9.0.0.0, Culture=neutral, PublicKeyToken=7cec85d7bea7798e],[System.String, System.Private.CoreLib, Version=9.0.0.0, Culture=neutral, PublicKeyToken=7cec85d7bea7798e]], API, Version=1.0.0.0, Culture=neutral, PublicKeyToken=null]]'.
2026-06-13 14:03:01.685 +00:00 [INF] Executed action API.Controllers.AuthController.Authenticate (API) in 216.9272ms
2026-06-13 14:03:01.685 +00:00 [INF] Executed endpoint 'API.Controllers.AuthController.Authenticate (API)'
2026-06-13 14:03:01.685 +00:00 [INF] Request finished HTTP/1.1 POST http://192.168.1.6:8080/api/auth - 200 null application/json; charset=utf-8 221.5494ms
2026-06-13 14:03:02.826 +00:00 [INF] Request starting HTTP/1.1 GET http://192.168.1.6:8080/api/user?page=1&limit=10 - null null
2026-06-13 14:03:02.827 +00:00 [INF] CORS policy execution successful.
2026-06-13 14:03:02.827 +00:00 [INF] ====== OnMessageReceived START ======
2026-06-13 14:03:02.827 +00:00 [INF] Available cookies: 2
2026-06-13 14:03:02.827 +00:00 [INF] Cookie: adminRefreshToken = 44 chars
2026-06-13 14:03:02.827 +00:00 [INF] Cookie: adminToken = 844 chars
2026-06-13 14:03:02.827 +00:00 [INF] Admin token found in cookies, length: 844
2026-06-13 14:03:02.828 +00:00 [INF] Admin token set in context
2026-06-13 14:03:02.828 +00:00 [INF] ====== OnMessageReceived END - Token set: true ======
2026-06-13 14:03:02.828 +00:00 [INF] Token validated successfully for user: lengyelnorbi
2026-06-13 14:03:02.828 +00:00 [INF] Device fingerprint headers - UA: Mozilla/5.0 (Windows NT 10.0; Win64; x64; rv:151.0) Gecko/20100101 Firefox/151.0, Accept: application/json, text/plain, */*, Encoding: gzip, deflate
2026-06-13 14:03:02.828 +00:00 [INF] Device fingerprint validation: Stored=/a2uf4z8rcBIhIr7KGbd6aahMr80Bhj+9uyLiYNZ66A=, Current=/a2uf4z8rcBIhIr7KGbd6aahMr80Bhj+9uyLiYNZ66A=
2026-06-13 14:03:02.830 +00:00 [INF] Executed DbCommand (1ms) [Parameters=[@__jti_0='?', @__userId_1='?' (DbType = Int32)], CommandType='"Text"', CommandTimeout='30']
SELECT a."ID", a."CreatedAt", a."DeviceFingerprint", a."ExpiresAt", a."IpAddress", a."IsRevoked", a."UserID", a.jti
FROM "AccessTokens" AS a
WHERE a.jti = @__jti_0 AND a."UserID" = @__userId_1 AND NOT (a."IsRevoked") AND a."ExpiresAt" > now()
LIMIT 1
2026-06-13 14:03:02.831 +00:00 [INF] Executing endpoint 'API.Controllers.UserController.Get (API)'
2026-06-13 14:03:02.831 +00:00 [INF] Route matched with {action = "Get", controller = "User"}. Executing controller action with signature System.Threading.Tasks.Task`1[System.Collections.Generic.IEnumerable`1[API.DTO.UserDTO]] Get() on controller API.Controllers.UserController (API).
2026-06-13 14:03:02.831 +00:00 [INF] Fetching user data from database...
2026-06-13 14:03:02.832 +00:00 [INF] Executed DbCommand (1ms) [Parameters=[], CommandType='"Text"', CommandTimeout='30']
SELECT u."ID", u."Email", u."PasswordHash", u."RegisteredAt", u."Role", u."Username"
FROM "Users" AS u
2026-06-13 14:03:02.832 +00:00 [INF] Executing ObjectResult, writing value of type 'System.Collections.Generic.List`1[[API.DTO.UserDTO, API, Version=1.0.0.0, Culture=neutral, PublicKeyToken=null]]'.
2026-06-13 14:03:02.832 +00:00 [INF] Executed action API.Controllers.UserController.Get (API) in 1.4429ms
2026-06-13 14:03:02.833 +00:00 [INF] Executed endpoint 'API.Controllers.UserController.Get (API)'
2026-06-13 14:03:02.833 +00:00 [INF] Request finished HTTP/1.1 GET http://192.168.1.6:8080/api/user?page=1&limit=10 - 200 null application/json; charset=utf-8 6.2067ms
2026-06-13 14:03:02.840 +00:00 [INF] Request starting HTTP/1.1 GET http://192.168.1.6:8080/api/user - null null
2026-06-13 14:03:02.841 +00:00 [INF] CORS policy execution successful.
2026-06-13 14:03:02.841 +00:00 [INF] ====== OnMessageReceived START ======
2026-06-13 14:03:02.841 +00:00 [INF] Available cookies: 2
2026-06-13 14:03:02.841 +00:00 [INF] Cookie: adminRefreshToken = 44 chars
2026-06-13 14:03:02.841 +00:00 [INF] Cookie: adminToken = 844 chars
2026-06-13 14:03:02.841 +00:00 [INF] Admin token found in cookies, length: 844
2026-06-13 14:03:02.842 +00:00 [INF] Admin token set in context
2026-06-13 14:03:02.842 +00:00 [INF] ====== OnMessageReceived END - Token set: true ======
2026-06-13 14:03:02.842 +00:00 [INF] Token validated successfully for user: lengyelnorbi
2026-06-13 14:03:02.842 +00:00 [INF] Device fingerprint headers - UA: Mozilla/5.0 (Windows NT 10.0; Win64; x64; rv:151.0) Gecko/20100101 Firefox/151.0, Accept: application/json, text/plain, */*, Encoding: gzip, deflate
2026-06-13 14:03:02.842 +00:00 [INF] Device fingerprint validation: Stored=/a2uf4z8rcBIhIr7KGbd6aahMr80Bhj+9uyLiYNZ66A=, Current=/a2uf4z8rcBIhIr7KGbd6aahMr80Bhj+9uyLiYNZ66A=
2026-06-13 14:03:02.844 +00:00 [INF] Executed DbCommand (1ms) [Parameters=[@__jti_0='?', @__userId_1='?' (DbType = Int32)], CommandType='"Text"', CommandTimeout='30']
SELECT a."ID", a."CreatedAt", a."DeviceFingerprint", a."ExpiresAt", a."IpAddress", a."IsRevoked", a."UserID", a.jti
FROM "AccessTokens" AS a
WHERE a.jti = @__jti_0 AND a."UserID" = @__userId_1 AND NOT (a."IsRevoked") AND a."ExpiresAt" > now()
LIMIT 1
2026-06-13 14:03:02.844 +00:00 [INF] Executing endpoint 'API.Controllers.UserController.Get (API)'
2026-06-13 14:03:02.844 +00:00 [INF] Route matched with {action = "Get", controller = "User"}. Executing controller action with signature System.Threading.Tasks.Task`1[System.Collections.Generic.IEnumerable`1[API.DTO.UserDTO]] Get() on controller API.Controllers.UserController (API).
2026-06-13 14:03:02.844 +00:00 [INF] Fetching user data from database...
2026-06-13 14:03:02.845 +00:00 [INF] Executed DbCommand (1ms) [Parameters=[], CommandType='"Text"', CommandTimeout='30']
SELECT u."ID", u."Email", u."PasswordHash", u."RegisteredAt", u."Role", u."Username"
FROM "Users" AS u
2026-06-13 14:03:02.845 +00:00 [INF] Executing ObjectResult, writing value of type 'System.Collections.Generic.List`1[[API.DTO.UserDTO, API, Version=1.0.0.0, Culture=neutral, PublicKeyToken=null]]'.
2026-06-13 14:03:02.846 +00:00 [INF] Executed action API.Controllers.UserController.Get (API) in 1.2655ms
2026-06-13 14:03:02.846 +00:00 [INF] Executed endpoint 'API.Controllers.UserController.Get (API)'
2026-06-13 14:03:02.846 +00:00 [INF] Request finished HTTP/1.1 GET http://192.168.1.6:8080/api/user - 200 null application/json; charset=utf-8 5.7234ms
2026-06-13 14:03:04.911 +00:00 [INF] Request starting HTTP/1.1 GET http://192.168.1.6:8080/api/user?page=1&limit=10 - null null
2026-06-13 14:03:04.911 +00:00 [INF] CORS policy execution successful.
2026-06-13 14:03:04.912 +00:00 [INF] ====== OnMessageReceived START ======
2026-06-13 14:03:04.912 +00:00 [INF] Available cookies: 2
2026-06-13 14:03:04.912 +00:00 [INF] Cookie: adminRefreshToken = 44 chars
2026-06-13 14:03:04.912 +00:00 [INF] Cookie: adminToken = 844 chars
2026-06-13 14:03:04.912 +00:00 [INF] Admin token found in cookies, length: 844
2026-06-13 14:03:04.912 +00:00 [INF] Admin token set in context
2026-06-13 14:03:04.913 +00:00 [INF] ====== OnMessageReceived END - Token set: true ======
2026-06-13 14:03:04.913 +00:00 [INF] Token validated successfully for user: lengyelnorbi
2026-06-13 14:03:04.913 +00:00 [INF] Device fingerprint headers - UA: Mozilla/5.0 (Windows NT 10.0; Win64; x64; rv:151.0) Gecko/20100101 Firefox/151.0, Accept: application/json, text/plain, */*, Encoding: gzip, deflate
2026-06-13 14:03:04.913 +00:00 [INF] Device fingerprint validation: Stored=/a2uf4z8rcBIhIr7KGbd6aahMr80Bhj+9uyLiYNZ66A=, Current=/a2uf4z8rcBIhIr7KGbd6aahMr80Bhj+9uyLiYNZ66A=
2026-06-13 14:03:04.915 +00:00 [INF] Executed DbCommand (1ms) [Parameters=[@__jti_0='?', @__userId_1='?' (DbType = Int32)], CommandType='"Text"', CommandTimeout='30']
SELECT a."ID", a."CreatedAt", a."DeviceFingerprint", a."ExpiresAt", a."IpAddress", a."IsRevoked", a."UserID", a.jti
FROM "AccessTokens" AS a
WHERE a.jti = @__jti_0 AND a."UserID" = @__userId_1 AND NOT (a."IsRevoked") AND a."ExpiresAt" > now()
LIMIT 1
2026-06-13 14:03:04.915 +00:00 [INF] Request starting HTTP/1.1 GET http://192.168.1.6:8080/api/user - null null
2026-06-13 14:03:04.915 +00:00 [INF] Executing endpoint 'API.Controllers.UserController.Get (API)'
2026-06-13 14:03:04.916 +00:00 [INF] CORS policy execution successful.
2026-06-13 14:03:04.916 +00:00 [INF] Route matched with {action = "Get", controller = "User"}. Executing controller action with signature System.Threading.Tasks.Task`1[System.Collections.Generic.IEnumerable`1[API.DTO.UserDTO]] Get() on controller API.Controllers.UserController (API).
2026-06-13 14:03:04.916 +00:00 [INF] ====== OnMessageReceived START ======
2026-06-13 14:03:04.916 +00:00 [INF] Fetching user data from database...
2026-06-13 14:03:04.916 +00:00 [INF] Available cookies: 2
2026-06-13 14:03:04.917 +00:00 [INF] Cookie: adminRefreshToken = 44 chars
2026-06-13 14:03:04.917 +00:00 [INF] Cookie: adminToken = 844 chars
2026-06-13 14:03:04.917 +00:00 [INF] Admin token found in cookies, length: 844
2026-06-13 14:03:04.917 +00:00 [INF] Admin token set in context
2026-06-13 14:03:04.917 +00:00 [INF] ====== OnMessageReceived END - Token set: true ======
2026-06-13 14:03:04.917 +00:00 [INF] Token validated successfully for user: lengyelnorbi
2026-06-13 14:03:04.918 +00:00 [INF] Device fingerprint headers - UA: Mozilla/5.0 (Windows NT 10.0; Win64; x64; rv:151.0) Gecko/20100101 Firefox/151.0, Accept: application/json, text/plain, */*, Encoding: gzip, deflate
2026-06-13 14:03:04.918 +00:00 [INF] Executed DbCommand (1ms) [Parameters=[], CommandType='"Text"', CommandTimeout='30']
SELECT u."ID", u."Email", u."PasswordHash", u."RegisteredAt", u."Role", u."Username"
FROM "Users" AS u
2026-06-13 14:03:04.918 +00:00 [INF] Device fingerprint validation: Stored=/a2uf4z8rcBIhIr7KGbd6aahMr80Bhj+9uyLiYNZ66A=, Current=/a2uf4z8rcBIhIr7KGbd6aahMr80Bhj+9uyLiYNZ66A=
2026-06-13 14:03:04.918 +00:00 [INF] Executing ObjectResult, writing value of type 'System.Collections.Generic.List`1[[API.DTO.UserDTO, API, Version=1.0.0.0, Culture=neutral, PublicKeyToken=null]]'.
2026-06-13 14:03:04.918 +00:00 [INF] Executed action API.Controllers.UserController.Get (API) in 2.2002ms
2026-06-13 14:03:04.918 +00:00 [INF] Executed endpoint 'API.Controllers.UserController.Get (API)'
2026-06-13 14:03:04.919 +00:00 [INF] Request finished HTTP/1.1 GET http://192.168.1.6:8080/api/user?page=1&limit=10 - 200 null application/json; charset=utf-8 7.4795ms
2026-06-13 14:03:04.920 +00:00 [INF] Executed DbCommand (1ms) [Parameters=[@__jti_0='?', @__userId_1='?' (DbType = Int32)], CommandType='"Text"', CommandTimeout='30']
SELECT a."ID", a."CreatedAt", a."DeviceFingerprint", a."ExpiresAt", a."IpAddress", a."IsRevoked", a."UserID", a.jti
FROM "AccessTokens" AS a
WHERE a.jti = @__jti_0 AND a."UserID" = @__userId_1 AND NOT (a."IsRevoked") AND a."ExpiresAt" > now()
LIMIT 1
2026-06-13 14:03:04.920 +00:00 [INF] Executing endpoint 'API.Controllers.UserController.Get (API)'
2026-06-13 14:03:04.920 +00:00 [INF] Route matched with {action = "Get", controller = "User"}. Executing controller action with signature System.Threading.Tasks.Task`1[System.Collections.Generic.IEnumerable`1[API.DTO.UserDTO]] Get() on controller API.Controllers.UserController (API).
2026-06-13 14:03:04.920 +00:00 [INF] Fetching user data from database...
2026-06-13 14:03:04.921 +00:00 [INF] Executed DbCommand (1ms) [Parameters=[], CommandType='"Text"', CommandTimeout='30']
SELECT u."ID", u."Email", u."PasswordHash", u."RegisteredAt", u."Role", u."Username"
FROM "Users" AS u
2026-06-13 14:03:04.922 +00:00 [INF] Executing ObjectResult, writing value of type 'System.Collections.Generic.List`1[[API.DTO.UserDTO, API, Version=1.0.0.0, Culture=neutral, PublicKeyToken=null]]'.
2026-06-13 14:03:04.922 +00:00 [INF] Executed action API.Controllers.UserController.Get (API) in 1.6264ms
2026-06-13 14:03:04.922 +00:00 [INF] Executed endpoint 'API.Controllers.UserController.Get (API)'
2026-06-13 14:03:04.922 +00:00 [INF] Request finished HTTP/1.1 GET http://192.168.1.6:8080/api/user - 200 null application/json; charset=utf-8 6.8776ms
2026-06-13 14:03:06.973 +00:00 [INF] Request starting HTTP/1.1 GET http://192.168.1.6:8080/api/token/access-token?page=1&limit=10 - null null
2026-06-13 14:03:06.973 +00:00 [INF] CORS policy execution successful.
2026-06-13 14:03:06.973 +00:00 [INF] ====== OnMessageReceived START ======
2026-06-13 14:03:06.973 +00:00 [INF] Available cookies: 2
2026-06-13 14:03:06.973 +00:00 [INF] Cookie: adminRefreshToken = 44 chars
2026-06-13 14:03:06.974 +00:00 [INF] Cookie: adminToken = 844 chars
2026-06-13 14:03:06.974 +00:00 [INF] Admin token found in cookies, length: 844
2026-06-13 14:03:06.974 +00:00 [INF] Admin token set in context
2026-06-13 14:03:06.974 +00:00 [INF] ====== OnMessageReceived END - Token set: true ======
2026-06-13 14:03:06.974 +00:00 [INF] Token validated successfully for user: lengyelnorbi
2026-06-13 14:03:06.974 +00:00 [INF] Device fingerprint headers - UA: Mozilla/5.0 (Windows NT 10.0; Win64; x64; rv:151.0) Gecko/20100101 Firefox/151.0, Accept: application/json, text/plain, */*, Encoding: gzip, deflate
2026-06-13 14:03:06.975 +00:00 [INF] Device fingerprint validation: Stored=/a2uf4z8rcBIhIr7KGbd6aahMr80Bhj+9uyLiYNZ66A=, Current=/a2uf4z8rcBIhIr7KGbd6aahMr80Bhj+9uyLiYNZ66A=
2026-06-13 14:03:06.977 +00:00 [INF] Executed DbCommand (1ms) [Parameters=[@__jti_0='?', @__userId_1='?' (DbType = Int32)], CommandType='"Text"', CommandTimeout='30']
SELECT a."ID", a."CreatedAt", a."DeviceFingerprint", a."ExpiresAt", a."IpAddress", a."IsRevoked", a."UserID", a.jti
FROM "AccessTokens" AS a
WHERE a.jti = @__jti_0 AND a."UserID" = @__userId_1 AND NOT (a."IsRevoked") AND a."ExpiresAt" > now()
LIMIT 1
2026-06-13 14:03:06.977 +00:00 [INF] Executing endpoint 'API.Controllers.TokenController.GetAccessTokens (API)'
2026-06-13 14:03:06.977 +00:00 [INF] Route matched with {action = "GetAccessTokens", controller = "Token"}. Executing controller action with signature System.Threading.Tasks.Task`1[API.Utils.PagedResult`1[API.DTO.AccessTokenUserDTO]] GetAccessTokens(Int32, Int32) on controller API.Controllers.TokenController (API).
2026-06-13 14:03:06.978 +00:00 [INF] Received request to fetch access tokens with pagination: page=1, limit=10
2026-06-13 14:03:06.979 +00:00 [INF] Executed DbCommand (1ms) [Parameters=[], CommandType='"Text"', CommandTimeout='30']
SELECT count(*)::int
FROM "AccessTokens" AS a
WHERE a."IsRevoked"
2026-06-13 14:03:06.981 +00:00 [INF] Executed DbCommand (1ms) [Parameters=[@__p_1='?' (DbType = Int32), @__p_0='?' (DbType = Int32)], CommandType='"Text"', CommandTimeout='30']
SELECT a0."ID", a0.jti, a0."DeviceFingerprint", a0."IpAddress", a0."CreatedAt", a0."IsRevoked", a0."ExpiresAt", u."ID" AS "UserID", u."Username", u."Email", u."Role"
FROM (
    SELECT a."ID", a."CreatedAt", a."DeviceFingerprint", a."ExpiresAt", a."IpAddress", a."IsRevoked", a."UserID", a.jti
    FROM "AccessTokens" AS a
    WHERE a."IsRevoked"
    LIMIT @__p_1 OFFSET @__p_0
) AS a0
INNER JOIN "Users" AS u ON a0."UserID" = u."ID"
2026-06-13 14:03:06.982 +00:00 [INF] Executing ObjectResult, writing value of type 'API.Utils.PagedResult`1[[API.DTO.AccessTokenUserDTO, API, Version=1.0.0.0, Culture=neutral, PublicKeyToken=null]]'.
2026-06-13 14:03:06.982 +00:00 [INF] Executed action API.Controllers.TokenController.GetAccessTokens (API) in 4.3935ms
2026-06-13 14:03:06.982 +00:00 [INF] Executed endpoint 'API.Controllers.TokenController.GetAccessTokens (API)'
2026-06-13 14:03:06.982 +00:00 [INF] Request finished HTTP/1.1 GET http://192.168.1.6:8080/api/token/access-token?page=1&limit=10 - 200 null application/json; charset=utf-8 9.7226ms
2026-06-13 14:03:08.120 +00:00 [INF] Request starting HTTP/1.1 GET http://192.168.1.6:8080/api/token/refresh-token?page=1&limit=10 - null null
2026-06-13 14:03:08.120 +00:00 [INF] CORS policy execution successful.
2026-06-13 14:03:08.120 +00:00 [INF] ====== OnMessageReceived START ======
2026-06-13 14:03:08.120 +00:00 [INF] Available cookies: 2
2026-06-13 14:03:08.121 +00:00 [INF] Cookie: adminRefreshToken = 44 chars
2026-06-13 14:03:08.121 +00:00 [INF] Cookie: adminToken = 844 chars
2026-06-13 14:03:08.121 +00:00 [INF] Admin token found in cookies, length: 844
2026-06-13 14:03:08.121 +00:00 [INF] Admin token set in context
2026-06-13 14:03:08.121 +00:00 [INF] ====== OnMessageReceived END - Token set: true ======
2026-06-13 14:03:08.121 +00:00 [INF] Token validated successfully for user: lengyelnorbi
2026-06-13 14:03:08.121 +00:00 [INF] Device fingerprint headers - UA: Mozilla/5.0 (Windows NT 10.0; Win64; x64; rv:151.0) Gecko/20100101 Firefox/151.0, Accept: application/json, text/plain, */*, Encoding: gzip, deflate
2026-06-13 14:03:08.122 +00:00 [INF] Device fingerprint validation: Stored=/a2uf4z8rcBIhIr7KGbd6aahMr80Bhj+9uyLiYNZ66A=, Current=/a2uf4z8rcBIhIr7KGbd6aahMr80Bhj+9uyLiYNZ66A=
2026-06-13 14:03:08.124 +00:00 [INF] Executed DbCommand (2ms) [Parameters=[@__jti_0='?', @__userId_1='?' (DbType = Int32)], CommandType='"Text"', CommandTimeout='30']
SELECT a."ID", a."CreatedAt", a."DeviceFingerprint", a."ExpiresAt", a."IpAddress", a."IsRevoked", a."UserID", a.jti
FROM "AccessTokens" AS a
WHERE a.jti = @__jti_0 AND a."UserID" = @__userId_1 AND NOT (a."IsRevoked") AND a."ExpiresAt" > now()
LIMIT 1
2026-06-13 14:03:08.124 +00:00 [INF] Executing endpoint 'API.Controllers.TokenController.GetRefreshTokens (API)'
2026-06-13 14:03:08.124 +00:00 [INF] Route matched with {action = "GetRefreshTokens", controller = "Token"}. Executing controller action with signature System.Threading.Tasks.Task`1[API.Utils.PagedResult`1[API.DTO.RefreshTokenUserDTO]] GetRefreshTokens(Int32, Int32) on controller API.Controllers.TokenController (API).
2026-06-13 14:03:08.124 +00:00 [INF] Received request to fetch refresh tokens with pagination: page=1, limit=10
2026-06-13 14:03:08.126 +00:00 [INF] Executed DbCommand (1ms) [Parameters=[], CommandType='"Text"', CommandTimeout='30']
SELECT count(*)::int
FROM "RefreshTokens" AS r
WHERE NOT (r."IsRevoked")
2026-06-13 14:03:08.127 +00:00 [INF] Executed DbCommand (1ms) [Parameters=[@__p_1='?' (DbType = Int32), @__p_0='?' (DbType = Int32)], CommandType='"Text"', CommandTimeout='30']
SELECT r0."ID", r0."TokenHash", r0."DeviceFingerprint", r0."IpAddress", r0."CreatedAt", r0."IsRevoked", r0."ExpiresAt", u."ID" AS "UserID", u."Username", u."Email", u."Role"
FROM (
    SELECT r."ID", r."CreatedAt", r."DeviceFingerprint", r."ExpiresAt", r."IpAddress", r."IsRevoked", r."TokenHash", r."UserID"
    FROM "RefreshTokens" AS r
    WHERE NOT (r."IsRevoked")
    LIMIT @__p_1 OFFSET @__p_0
) AS r0
INNER JOIN "Users" AS u ON r0."UserID" = u."ID"
2026-06-13 14:03:08.127 +00:00 [INF] Executing ObjectResult, writing value of type 'API.Utils.PagedResult`1[[API.DTO.RefreshTokenUserDTO, API, Version=1.0.0.0, Culture=neutral, PublicKeyToken=null]]'.
2026-06-13 14:03:08.128 +00:00 [INF] Executed action API.Controllers.TokenController.GetRefreshTokens (API) in 3.1798ms
2026-06-13 14:03:08.128 +00:00 [INF] Executed endpoint 'API.Controllers.TokenController.GetRefreshTokens (API)'
2026-06-13 14:03:08.128 +00:00 [INF] Request finished HTTP/1.1 GET http://192.168.1.6:8080/api/token/refresh-token?page=1&limit=10 - 200 null application/json; charset=utf-8 8.2092ms
2026-06-13 14:03:09.197 +00:00 [INF] Request starting HTTP/1.1 GET http://192.168.1.6:8080/api/token/refresh-token?page=19&limit=10 - null null
2026-06-13 14:03:09.198 +00:00 [INF] CORS policy execution successful.
2026-06-13 14:03:09.198 +00:00 [INF] ====== OnMessageReceived START ======
2026-06-13 14:03:09.198 +00:00 [INF] Available cookies: 2
2026-06-13 14:03:09.198 +00:00 [INF] Cookie: adminRefreshToken = 44 chars
2026-06-13 14:03:09.198 +00:00 [INF] Cookie: adminToken = 844 chars
2026-06-13 14:03:09.198 +00:00 [INF] Admin token found in cookies, length: 844
2026-06-13 14:03:09.199 +00:00 [INF] Admin token set in context
2026-06-13 14:03:09.199 +00:00 [INF] ====== OnMessageReceived END - Token set: true ======
2026-06-13 14:03:09.199 +00:00 [INF] Token validated successfully for user: lengyelnorbi
2026-06-13 14:03:09.199 +00:00 [INF] Device fingerprint headers - UA: Mozilla/5.0 (Windows NT 10.0; Win64; x64; rv:151.0) Gecko/20100101 Firefox/151.0, Accept: application/json, text/plain, */*, Encoding: gzip, deflate
2026-06-13 14:03:09.199 +00:00 [INF] Device fingerprint validation: Stored=/a2uf4z8rcBIhIr7KGbd6aahMr80Bhj+9uyLiYNZ66A=, Current=/a2uf4z8rcBIhIr7KGbd6aahMr80Bhj+9uyLiYNZ66A=
2026-06-13 14:03:09.201 +00:00 [INF] Executed DbCommand (1ms) [Parameters=[@__jti_0='?', @__userId_1='?' (DbType = Int32)], CommandType='"Text"', CommandTimeout='30']
SELECT a."ID", a."CreatedAt", a."DeviceFingerprint", a."ExpiresAt", a."IpAddress", a."IsRevoked", a."UserID", a.jti
FROM "AccessTokens" AS a
WHERE a.jti = @__jti_0 AND a."UserID" = @__userId_1 AND NOT (a."IsRevoked") AND a."ExpiresAt" > now()
LIMIT 1
2026-06-13 14:03:09.201 +00:00 [INF] Executing endpoint 'API.Controllers.TokenController.GetRefreshTokens (API)'
2026-06-13 14:03:09.201 +00:00 [INF] Route matched with {action = "GetRefreshTokens", controller = "Token"}. Executing controller action with signature System.Threading.Tasks.Task`1[API.Utils.PagedResult`1[API.DTO.RefreshTokenUserDTO]] GetRefreshTokens(Int32, Int32) on controller API.Controllers.TokenController (API).
2026-06-13 14:03:09.202 +00:00 [INF] Received request to fetch refresh tokens with pagination: page=19, limit=10
2026-06-13 14:03:09.203 +00:00 [INF] Executed DbCommand (1ms) [Parameters=[], CommandType='"Text"', CommandTimeout='30']
SELECT count(*)::int
FROM "RefreshTokens" AS r
WHERE NOT (r."IsRevoked")
2026-06-13 14:03:09.205 +00:00 [INF] Executed DbCommand (1ms) [Parameters=[@__p_1='?' (DbType = Int32), @__p_0='?' (DbType = Int32)], CommandType='"Text"', CommandTimeout='30']
SELECT r0."ID", r0."TokenHash", r0."DeviceFingerprint", r0."IpAddress", r0."CreatedAt", r0."IsRevoked", r0."ExpiresAt", u."ID" AS "UserID", u."Username", u."Email", u."Role"
FROM (
    SELECT r."ID", r."CreatedAt", r."DeviceFingerprint", r."ExpiresAt", r."IpAddress", r."IsRevoked", r."TokenHash", r."UserID"
    FROM "RefreshTokens" AS r
    WHERE NOT (r."IsRevoked")
    LIMIT @__p_1 OFFSET @__p_0
) AS r0
INNER JOIN "Users" AS u ON r0."UserID" = u."ID"
2026-06-13 14:03:09.205 +00:00 [INF] Executing ObjectResult, writing value of type 'API.Utils.PagedResult`1[[API.DTO.RefreshTokenUserDTO, API, Version=1.0.0.0, Culture=neutral, PublicKeyToken=null]]'.
2026-06-13 14:03:09.205 +00:00 [INF] Executed action API.Controllers.TokenController.GetRefreshTokens (API) in 3.3784ms
2026-06-13 14:03:09.205 +00:00 [INF] Executed endpoint 'API.Controllers.TokenController.GetRefreshTokens (API)'
2026-06-13 14:03:09.205 +00:00 [INF] Request finished HTTP/1.1 GET http://192.168.1.6:8080/api/token/refresh-token?page=19&limit=10 - 200 null application/json; charset=utf-8 8.0891ms
2026-06-13 14:03:12.500 +00:00 [INF] Request starting HTTP/1.1 GET http://192.168.1.6:8080/api/token/refresh-token?page=9&limit=10 - null null
2026-06-13 14:03:12.500 +00:00 [INF] CORS policy execution successful.
2026-06-13 14:03:12.500 +00:00 [INF] ====== OnMessageReceived START ======
2026-06-13 14:03:12.500 +00:00 [INF] Available cookies: 2
2026-06-13 14:03:12.500 +00:00 [INF] Cookie: adminRefreshToken = 44 chars
2026-06-13 14:03:12.501 +00:00 [INF] Cookie: adminToken = 844 chars
2026-06-13 14:03:12.501 +00:00 [INF] Admin token found in cookies, length: 844
2026-06-13 14:03:12.501 +00:00 [INF] Admin token set in context
2026-06-13 14:03:12.501 +00:00 [INF] ====== OnMessageReceived END - Token set: true ======
2026-06-13 14:03:12.501 +00:00 [INF] Token validated successfully for user: lengyelnorbi
2026-06-13 14:03:12.501 +00:00 [INF] Device fingerprint headers - UA: Mozilla/5.0 (Windows NT 10.0; Win64; x64; rv:151.0) Gecko/20100101 Firefox/151.0, Accept: application/json, text/plain, */*, Encoding: gzip, deflate
2026-06-13 14:03:12.501 +00:00 [INF] Device fingerprint validation: Stored=/a2uf4z8rcBIhIr7KGbd6aahMr80Bhj+9uyLiYNZ66A=, Current=/a2uf4z8rcBIhIr7KGbd6aahMr80Bhj+9uyLiYNZ66A=
2026-06-13 14:03:12.503 +00:00 [INF] Executed DbCommand (1ms) [Parameters=[@__jti_0='?', @__userId_1='?' (DbType = Int32)], CommandType='"Text"', CommandTimeout='30']
SELECT a."ID", a."CreatedAt", a."DeviceFingerprint", a."ExpiresAt", a."IpAddress", a."IsRevoked", a."UserID", a.jti
FROM "AccessTokens" AS a
WHERE a.jti = @__jti_0 AND a."UserID" = @__userId_1 AND NOT (a."IsRevoked") AND a."ExpiresAt" > now()
LIMIT 1
2026-06-13 14:03:12.503 +00:00 [INF] Executing endpoint 'API.Controllers.TokenController.GetRefreshTokens (API)'
2026-06-13 14:03:12.504 +00:00 [INF] Route matched with {action = "GetRefreshTokens", controller = "Token"}. Executing controller action with signature System.Threading.Tasks.Task`1[API.Utils.PagedResult`1[API.DTO.RefreshTokenUserDTO]] GetRefreshTokens(Int32, Int32) on controller API.Controllers.TokenController (API).
2026-06-13 14:03:12.504 +00:00 [INF] Received request to fetch refresh tokens with pagination: page=9, limit=10
2026-06-13 14:03:12.505 +00:00 [INF] Executed DbCommand (1ms) [Parameters=[], CommandType='"Text"', CommandTimeout='30']
SELECT count(*)::int
FROM "RefreshTokens" AS r
WHERE NOT (r."IsRevoked")
2026-06-13 14:03:12.507 +00:00 [INF] Executed DbCommand (1ms) [Parameters=[@__p_1='?' (DbType = Int32), @__p_0='?' (DbType = Int32)], CommandType='"Text"', CommandTimeout='30']
SELECT r0."ID", r0."TokenHash", r0."DeviceFingerprint", r0."IpAddress", r0."CreatedAt", r0."IsRevoked", r0."ExpiresAt", u."ID" AS "UserID", u."Username", u."Email", u."Role"
FROM (
    SELECT r."ID", r."CreatedAt", r."DeviceFingerprint", r."ExpiresAt", r."IpAddress", r."IsRevoked", r."TokenHash", r."UserID"
    FROM "RefreshTokens" AS r
    WHERE NOT (r."IsRevoked")
    LIMIT @__p_1 OFFSET @__p_0
) AS r0
INNER JOIN "Users" AS u ON r0."UserID" = u."ID"
2026-06-13 14:03:12.507 +00:00 [INF] Executing ObjectResult, writing value of type 'API.Utils.PagedResult`1[[API.DTO.RefreshTokenUserDTO, API, Version=1.0.0.0, Culture=neutral, PublicKeyToken=null]]'.
2026-06-13 14:03:12.507 +00:00 [INF] Executed action API.Controllers.TokenController.GetRefreshTokens (API) in 3.3074ms
2026-06-13 14:03:12.507 +00:00 [INF] Executed endpoint 'API.Controllers.TokenController.GetRefreshTokens (API)'
2026-06-13 14:03:12.507 +00:00 [INF] Request finished HTTP/1.1 GET http://192.168.1.6:8080/api/token/refresh-token?page=9&limit=10 - 200 null application/json; charset=utf-8 7.8932ms
2026-06-13 14:03:13.540 +00:00 [INF] Request starting HTTP/1.1 GET http://192.168.1.6:8080/api/token/refresh-token?page=7&limit=10 - null null
2026-06-13 14:03:13.541 +00:00 [INF] CORS policy execution successful.
2026-06-13 14:03:13.541 +00:00 [INF] ====== OnMessageReceived START ======
2026-06-13 14:03:13.541 +00:00 [INF] Available cookies: 2
2026-06-13 14:03:13.541 +00:00 [INF] Cookie: adminRefreshToken = 44 chars
2026-06-13 14:03:13.541 +00:00 [INF] Cookie: adminToken = 844 chars
2026-06-13 14:03:13.541 +00:00 [INF] Admin token found in cookies, length: 844
2026-06-13 14:03:13.541 +00:00 [INF] Admin token set in context
2026-06-13 14:03:13.542 +00:00 [INF] ====== OnMessageReceived END - Token set: true ======
2026-06-13 14:03:13.542 +00:00 [INF] Token validated successfully for user: lengyelnorbi
2026-06-13 14:03:13.542 +00:00 [INF] Device fingerprint headers - UA: Mozilla/5.0 (Windows NT 10.0; Win64; x64; rv:151.0) Gecko/20100101 Firefox/151.0, Accept: application/json, text/plain, */*, Encoding: gzip, deflate
2026-06-13 14:03:13.542 +00:00 [INF] Device fingerprint validation: Stored=/a2uf4z8rcBIhIr7KGbd6aahMr80Bhj+9uyLiYNZ66A=, Current=/a2uf4z8rcBIhIr7KGbd6aahMr80Bhj+9uyLiYNZ66A=
2026-06-13 14:03:13.544 +00:00 [INF] Executed DbCommand (1ms) [Parameters=[@__jti_0='?', @__userId_1='?' (DbType = Int32)], CommandType='"Text"', CommandTimeout='30']
SELECT a."ID", a."CreatedAt", a."DeviceFingerprint", a."ExpiresAt", a."IpAddress", a."IsRevoked", a."UserID", a.jti
FROM "AccessTokens" AS a
WHERE a.jti = @__jti_0 AND a."UserID" = @__userId_1 AND NOT (a."IsRevoked") AND a."ExpiresAt" > now()
LIMIT 1
2026-06-13 14:03:13.544 +00:00 [INF] Executing endpoint 'API.Controllers.TokenController.GetRefreshTokens (API)'
2026-06-13 14:03:13.545 +00:00 [INF] Route matched with {action = "GetRefreshTokens", controller = "Token"}. Executing controller action with signature System.Threading.Tasks.Task`1[API.Utils.PagedResult`1[API.DTO.RefreshTokenUserDTO]] GetRefreshTokens(Int32, Int32) on controller API.Controllers.TokenController (API).
2026-06-13 14:03:13.545 +00:00 [INF] Received request to fetch refresh tokens with pagination: page=7, limit=10
2026-06-13 14:03:13.546 +00:00 [INF] Executed DbCommand (1ms) [Parameters=[], CommandType='"Text"', CommandTimeout='30']
SELECT count(*)::int
FROM "RefreshTokens" AS r
WHERE NOT (r."IsRevoked")
2026-06-13 14:03:13.548 +00:00 [INF] Executed DbCommand (1ms) [Parameters=[@__p_1='?' (DbType = Int32), @__p_0='?' (DbType = Int32)], CommandType='"Text"', CommandTimeout='30']
SELECT r0."ID", r0."TokenHash", r0."DeviceFingerprint", r0."IpAddress", r0."CreatedAt", r0."IsRevoked", r0."ExpiresAt", u."ID" AS "UserID", u."Username", u."Email", u."Role"
FROM (
    SELECT r."ID", r."CreatedAt", r."DeviceFingerprint", r."ExpiresAt", r."IpAddress", r."IsRevoked", r."TokenHash", r."UserID"
    FROM "RefreshTokens" AS r
    WHERE NOT (r."IsRevoked")
    LIMIT @__p_1 OFFSET @__p_0
) AS r0
INNER JOIN "Users" AS u ON r0."UserID" = u."ID"
2026-06-13 14:03:13.548 +00:00 [INF] Executing ObjectResult, writing value of type 'API.Utils.PagedResult`1[[API.DTO.RefreshTokenUserDTO, API, Version=1.0.0.0, Culture=neutral, PublicKeyToken=null]]'.
2026-06-13 14:03:13.548 +00:00 [INF] Executed action API.Controllers.TokenController.GetRefreshTokens (API) in 3.5793ms
2026-06-13 14:03:13.548 +00:00 [INF] Executed endpoint 'API.Controllers.TokenController.GetRefreshTokens (API)'
2026-06-13 14:03:13.549 +00:00 [INF] Request finished HTTP/1.1 GET http://192.168.1.6:8080/api/token/refresh-token?page=7&limit=10 - 200 null application/json; charset=utf-8 8.3798ms
2026-06-13 14:03:13.949 +00:00 [INF] Request starting HTTP/1.1 GET http://192.168.1.6:8080/api/token/refresh-token?page=6&limit=10 - null null
2026-06-13 14:03:13.949 +00:00 [INF] CORS policy execution successful.
2026-06-13 14:03:13.950 +00:00 [INF] ====== OnMessageReceived START ======
2026-06-13 14:03:13.950 +00:00 [INF] Available cookies: 2
2026-06-13 14:03:13.950 +00:00 [INF] Cookie: adminRefreshToken = 44 chars
2026-06-13 14:03:13.950 +00:00 [INF] Cookie: adminToken = 844 chars
2026-06-13 14:03:13.950 +00:00 [INF] Admin token found in cookies, length: 844
2026-06-13 14:03:13.951 +00:00 [INF] Admin token set in context
2026-06-13 14:03:13.951 +00:00 [INF] ====== OnMessageReceived END - Token set: true ======
2026-06-13 14:03:13.951 +00:00 [INF] Token validated successfully for user: lengyelnorbi
2026-06-13 14:03:13.951 +00:00 [INF] Device fingerprint headers - UA: Mozilla/5.0 (Windows NT 10.0; Win64; x64; rv:151.0) Gecko/20100101 Firefox/151.0, Accept: application/json, text/plain, */*, Encoding: gzip, deflate
2026-06-13 14:03:13.951 +00:00 [INF] Device fingerprint validation: Stored=/a2uf4z8rcBIhIr7KGbd6aahMr80Bhj+9uyLiYNZ66A=, Current=/a2uf4z8rcBIhIr7KGbd6aahMr80Bhj+9uyLiYNZ66A=
2026-06-13 14:03:13.953 +00:00 [INF] Executed DbCommand (1ms) [Parameters=[@__jti_0='?', @__userId_1='?' (DbType = Int32)], CommandType='"Text"', CommandTimeout='30']
SELECT a."ID", a."CreatedAt", a."DeviceFingerprint", a."ExpiresAt", a."IpAddress", a."IsRevoked", a."UserID", a.jti
FROM "AccessTokens" AS a
WHERE a.jti = @__jti_0 AND a."UserID" = @__userId_1 AND NOT (a."IsRevoked") AND a."ExpiresAt" > now()
LIMIT 1
2026-06-13 14:03:13.954 +00:00 [INF] Executing endpoint 'API.Controllers.TokenController.GetRefreshTokens (API)'
2026-06-13 14:03:13.954 +00:00 [INF] Route matched with {action = "GetRefreshTokens", controller = "Token"}. Executing controller action with signature System.Threading.Tasks.Task`1[API.Utils.PagedResult`1[API.DTO.RefreshTokenUserDTO]] GetRefreshTokens(Int32, Int32) on controller API.Controllers.TokenController (API).
2026-06-13 14:03:13.954 +00:00 [INF] Received request to fetch refresh tokens with pagination: page=6, limit=10
2026-06-13 14:03:13.956 +00:00 [INF] Executed DbCommand (1ms) [Parameters=[], CommandType='"Text"', CommandTimeout='30']
SELECT count(*)::int
FROM "RefreshTokens" AS r
WHERE NOT (r."IsRevoked")
2026-06-13 14:03:13.957 +00:00 [INF] Executed DbCommand (1ms) [Parameters=[@__p_1='?' (DbType = Int32), @__p_0='?' (DbType = Int32)], CommandType='"Text"', CommandTimeout='30']
SELECT r0."ID", r0."TokenHash", r0."DeviceFingerprint", r0."IpAddress", r0."CreatedAt", r0."IsRevoked", r0."ExpiresAt", u."ID" AS "UserID", u."Username", u."Email", u."Role"
FROM (
    SELECT r."ID", r."CreatedAt", r."DeviceFingerprint", r."ExpiresAt", r."IpAddress", r."IsRevoked", r."TokenHash", r."UserID"
    FROM "RefreshTokens" AS r
    WHERE NOT (r."IsRevoked")
    LIMIT @__p_1 OFFSET @__p_0
) AS r0
INNER JOIN "Users" AS u ON r0."UserID" = u."ID"
2026-06-13 14:03:13.957 +00:00 [INF] Executing ObjectResult, writing value of type 'API.Utils.PagedResult`1[[API.DTO.RefreshTokenUserDTO, API, Version=1.0.0.0, Culture=neutral, PublicKeyToken=null]]'.
2026-06-13 14:03:13.958 +00:00 [INF] Executed action API.Controllers.TokenController.GetRefreshTokens (API) in 3.5209ms
2026-06-13 14:03:13.958 +00:00 [INF] Executed endpoint 'API.Controllers.TokenController.GetRefreshTokens (API)'
2026-06-13 14:03:13.958 +00:00 [INF] Request finished HTTP/1.1 GET http://192.168.1.6:8080/api/token/refresh-token?page=6&limit=10 - 200 null application/json; charset=utf-8 8.6225ms
2026-06-13 14:03:14.263 +00:00 [INF] Request starting HTTP/1.1 GET http://192.168.1.6:8080/api/token/refresh-token?page=5&limit=10 - null null
2026-06-13 14:03:14.263 +00:00 [INF] CORS policy execution successful.
2026-06-13 14:03:14.263 +00:00 [INF] ====== OnMessageReceived START ======
2026-06-13 14:03:14.264 +00:00 [INF] Available cookies: 2
2026-06-13 14:03:14.264 +00:00 [INF] Cookie: adminRefreshToken = 44 chars
2026-06-13 14:03:14.264 +00:00 [INF] Cookie: adminToken = 844 chars
2026-06-13 14:03:14.264 +00:00 [INF] Admin token found in cookies, length: 844
2026-06-13 14:03:14.264 +00:00 [INF] Admin token set in context
2026-06-13 14:03:14.264 +00:00 [INF] ====== OnMessageReceived END - Token set: true ======
2026-06-13 14:03:14.265 +00:00 [INF] Token validated successfully for user: lengyelnorbi
2026-06-13 14:03:14.265 +00:00 [INF] Device fingerprint headers - UA: Mozilla/5.0 (Windows NT 10.0; Win64; x64; rv:151.0) Gecko/20100101 Firefox/151.0, Accept: application/json, text/plain, */*, Encoding: gzip, deflate
2026-06-13 14:03:14.265 +00:00 [INF] Device fingerprint validation: Stored=/a2uf4z8rcBIhIr7KGbd6aahMr80Bhj+9uyLiYNZ66A=, Current=/a2uf4z8rcBIhIr7KGbd6aahMr80Bhj+9uyLiYNZ66A=
2026-06-13 14:03:14.267 +00:00 [INF] Executed DbCommand (1ms) [Parameters=[@__jti_0='?', @__userId_1='?' (DbType = Int32)], CommandType='"Text"', CommandTimeout='30']
SELECT a."ID", a."CreatedAt", a."DeviceFingerprint", a."ExpiresAt", a."IpAddress", a."IsRevoked", a."UserID", a.jti
FROM "AccessTokens" AS a
WHERE a.jti = @__jti_0 AND a."UserID" = @__userId_1 AND NOT (a."IsRevoked") AND a."ExpiresAt" > now()
LIMIT 1
2026-06-13 14:03:14.267 +00:00 [INF] Executing endpoint 'API.Controllers.TokenController.GetRefreshTokens (API)'
2026-06-13 14:03:14.267 +00:00 [INF] Route matched with {action = "GetRefreshTokens", controller = "Token"}. Executing controller action with signature System.Threading.Tasks.Task`1[API.Utils.PagedResult`1[API.DTO.RefreshTokenUserDTO]] GetRefreshTokens(Int32, Int32) on controller API.Controllers.TokenController (API).
2026-06-13 14:03:14.268 +00:00 [INF] Received request to fetch refresh tokens with pagination: page=5, limit=10
2026-06-13 14:03:14.269 +00:00 [INF] Executed DbCommand (1ms) [Parameters=[], CommandType='"Text"', CommandTimeout='30']
SELECT count(*)::int
FROM "RefreshTokens" AS r
WHERE NOT (r."IsRevoked")
2026-06-13 14:03:14.270 +00:00 [INF] Executed DbCommand (1ms) [Parameters=[@__p_1='?' (DbType = Int32), @__p_0='?' (DbType = Int32)], CommandType='"Text"', CommandTimeout='30']
SELECT r0."ID", r0."TokenHash", r0."DeviceFingerprint", r0."IpAddress", r0."CreatedAt", r0."IsRevoked", r0."ExpiresAt", u."ID" AS "UserID", u."Username", u."Email", u."Role"
FROM (
    SELECT r."ID", r."CreatedAt", r."DeviceFingerprint", r."ExpiresAt", r."IpAddress", r."IsRevoked", r."TokenHash", r."UserID"
    FROM "RefreshTokens" AS r
    WHERE NOT (r."IsRevoked")
    LIMIT @__p_1 OFFSET @__p_0
) AS r0
INNER JOIN "Users" AS u ON r0."UserID" = u."ID"
2026-06-13 14:03:14.270 +00:00 [INF] Executing ObjectResult, writing value of type 'API.Utils.PagedResult`1[[API.DTO.RefreshTokenUserDTO, API, Version=1.0.0.0, Culture=neutral, PublicKeyToken=null]]'.
2026-06-13 14:03:14.271 +00:00 [INF] Executed action API.Controllers.TokenController.GetRefreshTokens (API) in 3.2444ms
2026-06-13 14:03:14.271 +00:00 [INF] Executed endpoint 'API.Controllers.TokenController.GetRefreshTokens (API)'
2026-06-13 14:03:14.271 +00:00 [INF] Request finished HTTP/1.1 GET http://192.168.1.6:8080/api/token/refresh-token?page=5&limit=10 - 200 null application/json; charset=utf-8 8.0595ms
2026-06-13 14:03:14.593 +00:00 [INF] Request starting HTTP/1.1 GET http://192.168.1.6:8080/api/token/refresh-token?page=3&limit=10 - null null
2026-06-13 14:03:14.593 +00:00 [INF] CORS policy execution successful.
2026-06-13 14:03:14.594 +00:00 [INF] ====== OnMessageReceived START ======
2026-06-13 14:03:14.594 +00:00 [INF] Available cookies: 2
2026-06-13 14:03:14.594 +00:00 [INF] Cookie: adminRefreshToken = 44 chars
2026-06-13 14:03:14.594 +00:00 [INF] Cookie: adminToken = 844 chars
2026-06-13 14:03:14.594 +00:00 [INF] Admin token found in cookies, length: 844
2026-06-13 14:03:14.594 +00:00 [INF] Admin token set in context
2026-06-13 14:03:14.594 +00:00 [INF] ====== OnMessageReceived END - Token set: true ======
2026-06-13 14:03:14.595 +00:00 [INF] Token validated successfully for user: lengyelnorbi
2026-06-13 14:03:14.595 +00:00 [INF] Device fingerprint headers - UA: Mozilla/5.0 (Windows NT 10.0; Win64; x64; rv:151.0) Gecko/20100101 Firefox/151.0, Accept: application/json, text/plain, */*, Encoding: gzip, deflate
2026-06-13 14:03:14.595 +00:00 [INF] Device fingerprint validation: Stored=/a2uf4z8rcBIhIr7KGbd6aahMr80Bhj+9uyLiYNZ66A=, Current=/a2uf4z8rcBIhIr7KGbd6aahMr80Bhj+9uyLiYNZ66A=
2026-06-13 14:03:14.597 +00:00 [INF] Executed DbCommand (1ms) [Parameters=[@__jti_0='?', @__userId_1='?' (DbType = Int32)], CommandType='"Text"', CommandTimeout='30']
SELECT a."ID", a."CreatedAt", a."DeviceFingerprint", a."ExpiresAt", a."IpAddress", a."IsRevoked", a."UserID", a.jti
FROM "AccessTokens" AS a
WHERE a.jti = @__jti_0 AND a."UserID" = @__userId_1 AND NOT (a."IsRevoked") AND a."ExpiresAt" > now()
LIMIT 1
2026-06-13 14:03:14.597 +00:00 [INF] Executing endpoint 'API.Controllers.TokenController.GetRefreshTokens (API)'
2026-06-13 14:03:14.597 +00:00 [INF] Route matched with {action = "GetRefreshTokens", controller = "Token"}. Executing controller action with signature System.Threading.Tasks.Task`1[API.Utils.PagedResult`1[API.DTO.RefreshTokenUserDTO]] GetRefreshTokens(Int32, Int32) on controller API.Controllers.TokenController (API).
2026-06-13 14:03:14.597 +00:00 [INF] Received request to fetch refresh tokens with pagination: page=3, limit=10
2026-06-13 14:03:14.599 +00:00 [INF] Executed DbCommand (1ms) [Parameters=[], CommandType='"Text"', CommandTimeout='30']
SELECT count(*)::int
FROM "RefreshTokens" AS r
WHERE NOT (r."IsRevoked")
2026-06-13 14:03:14.600 +00:00 [INF] Executed DbCommand (1ms) [Parameters=[@__p_1='?' (DbType = Int32), @__p_0='?' (DbType = Int32)], CommandType='"Text"', CommandTimeout='30']
SELECT r0."ID", r0."TokenHash", r0."DeviceFingerprint", r0."IpAddress", r0."CreatedAt", r0."IsRevoked", r0."ExpiresAt", u."ID" AS "UserID", u."Username", u."Email", u."Role"
FROM (
    SELECT r."ID", r."CreatedAt", r."DeviceFingerprint", r."ExpiresAt", r."IpAddress", r."IsRevoked", r."TokenHash", r."UserID"
    FROM "RefreshTokens" AS r
    WHERE NOT (r."IsRevoked")
    LIMIT @__p_1 OFFSET @__p_0
) AS r0
INNER JOIN "Users" AS u ON r0."UserID" = u."ID"
2026-06-13 14:03:14.600 +00:00 [INF] Executing ObjectResult, writing value of type 'API.Utils.PagedResult`1[[API.DTO.RefreshTokenUserDTO, API, Version=1.0.0.0, Culture=neutral, PublicKeyToken=null]]'.
2026-06-13 14:03:14.601 +00:00 [INF] Executed action API.Controllers.TokenController.GetRefreshTokens (API) in 3.3336ms
2026-06-13 14:03:14.601 +00:00 [INF] Executed endpoint 'API.Controllers.TokenController.GetRefreshTokens (API)'
2026-06-13 14:03:14.601 +00:00 [INF] Request finished HTTP/1.1 GET http://192.168.1.6:8080/api/token/refresh-token?page=3&limit=10 - 200 null application/json; charset=utf-8 7.866ms
2026-06-13 14:03:14.874 +00:00 [INF] Request starting HTTP/1.1 GET http://192.168.1.6:8080/api/token/refresh-token?page=2&limit=10 - null null
2026-06-13 14:03:14.875 +00:00 [INF] CORS policy execution successful.
2026-06-13 14:03:14.875 +00:00 [INF] ====== OnMessageReceived START ======
2026-06-13 14:03:14.875 +00:00 [INF] Available cookies: 2
2026-06-13 14:03:14.875 +00:00 [INF] Cookie: adminRefreshToken = 44 chars
2026-06-13 14:03:14.876 +00:00 [INF] Cookie: adminToken = 844 chars
2026-06-13 14:03:14.876 +00:00 [INF] Admin token found in cookies, length: 844
2026-06-13 14:03:14.876 +00:00 [INF] Admin token set in context
2026-06-13 14:03:14.876 +00:00 [INF] ====== OnMessageReceived END - Token set: true ======
2026-06-13 14:03:14.876 +00:00 [INF] Token validated successfully for user: lengyelnorbi
2026-06-13 14:03:14.876 +00:00 [INF] Device fingerprint headers - UA: Mozilla/5.0 (Windows NT 10.0; Win64; x64; rv:151.0) Gecko/20100101 Firefox/151.0, Accept: application/json, text/plain, */*, Encoding: gzip, deflate
2026-06-13 14:03:14.877 +00:00 [INF] Device fingerprint validation: Stored=/a2uf4z8rcBIhIr7KGbd6aahMr80Bhj+9uyLiYNZ66A=, Current=/a2uf4z8rcBIhIr7KGbd6aahMr80Bhj+9uyLiYNZ66A=
2026-06-13 14:03:14.879 +00:00 [INF] Executed DbCommand (1ms) [Parameters=[@__jti_0='?', @__userId_1='?' (DbType = Int32)], CommandType='"Text"', CommandTimeout='30']
SELECT a."ID", a."CreatedAt", a."DeviceFingerprint", a."ExpiresAt", a."IpAddress", a."IsRevoked", a."UserID", a.jti
FROM "AccessTokens" AS a
WHERE a.jti = @__jti_0 AND a."UserID" = @__userId_1 AND NOT (a."IsRevoked") AND a."ExpiresAt" > now()
LIMIT 1
2026-06-13 14:03:14.879 +00:00 [INF] Executing endpoint 'API.Controllers.TokenController.GetRefreshTokens (API)'
2026-06-13 14:03:14.879 +00:00 [INF] Route matched with {action = "GetRefreshTokens", controller = "Token"}. Executing controller action with signature System.Threading.Tasks.Task`1[API.Utils.PagedResult`1[API.DTO.RefreshTokenUserDTO]] GetRefreshTokens(Int32, Int32) on controller API.Controllers.TokenController (API).
2026-06-13 14:03:14.879 +00:00 [INF] Received request to fetch refresh tokens with pagination: page=2, limit=10
2026-06-13 14:03:14.881 +00:00 [INF] Executed DbCommand (1ms) [Parameters=[], CommandType='"Text"', CommandTimeout='30']
SELECT count(*)::int
FROM "RefreshTokens" AS r
WHERE NOT (r."IsRevoked")
2026-06-13 14:03:14.882 +00:00 [WRN] The query uses a row limiting operator ('Skip'/'Take') without an 'OrderBy' operator. This may lead to unpredictable results. If the 'Distinct' operator is used after 'OrderBy', then make sure to use the 'OrderBy' operator after 'Distinct' as the ordering would otherwise get erased.
2026-06-13 14:03:14.882 +00:00 [WRN] The query uses a row limiting operator ('Skip'/'Take') without an 'OrderBy' operator. This may lead to unpredictable results. If the 'Distinct' operator is used after 'OrderBy', then make sure to use the 'OrderBy' operator after 'Distinct' as the ordering would otherwise get erased.
2026-06-13 14:03:14.885 +00:00 [INF] Executed DbCommand (1ms) [Parameters=[@__p_0='?' (DbType = Int32)], CommandType='"Text"', CommandTimeout='30']
SELECT r0."ID", r0."TokenHash", r0."DeviceFingerprint", r0."IpAddress", r0."CreatedAt", r0."IsRevoked", r0."ExpiresAt", u."ID" AS "UserID", u."Username", u."Email", u."Role"
FROM (
    SELECT r."ID", r."CreatedAt", r."DeviceFingerprint", r."ExpiresAt", r."IpAddress", r."IsRevoked", r."TokenHash", r."UserID"
    FROM "RefreshTokens" AS r
    WHERE NOT (r."IsRevoked")
    LIMIT @__p_0 OFFSET @__p_0
) AS r0
INNER JOIN "Users" AS u ON r0."UserID" = u."ID"
2026-06-13 14:03:14.885 +00:00 [INF] Executing ObjectResult, writing value of type 'API.Utils.PagedResult`1[[API.DTO.RefreshTokenUserDTO, API, Version=1.0.0.0, Culture=neutral, PublicKeyToken=null]]'.
2026-06-13 14:03:14.885 +00:00 [INF] Executed action API.Controllers.TokenController.GetRefreshTokens (API) in 6.2281ms
2026-06-13 14:03:14.886 +00:00 [INF] Executed endpoint 'API.Controllers.TokenController.GetRefreshTokens (API)'
2026-06-13 14:03:14.886 +00:00 [INF] Request finished HTTP/1.1 GET http://192.168.1.6:8080/api/token/refresh-token?page=2&limit=10 - 200 null application/json; charset=utf-8 11.4918ms
2026-06-13 14:03:15.362 +00:00 [INF] Request starting HTTP/1.1 GET http://192.168.1.6:8080/api/token/refresh-token?page=1&limit=10 - null null
2026-06-13 14:03:15.362 +00:00 [INF] CORS policy execution successful.
2026-06-13 14:03:15.363 +00:00 [INF] ====== OnMessageReceived START ======
2026-06-13 14:03:15.363 +00:00 [INF] Available cookies: 2
2026-06-13 14:03:15.363 +00:00 [INF] Cookie: adminRefreshToken = 44 chars
2026-06-13 14:03:15.363 +00:00 [INF] Cookie: adminToken = 844 chars
2026-06-13 14:03:15.363 +00:00 [INF] Admin token found in cookies, length: 844
2026-06-13 14:03:15.363 +00:00 [INF] Admin token set in context
2026-06-13 14:03:15.363 +00:00 [INF] ====== OnMessageReceived END - Token set: true ======
2026-06-13 14:03:15.364 +00:00 [INF] Token validated successfully for user: lengyelnorbi
2026-06-13 14:03:15.364 +00:00 [INF] Device fingerprint headers - UA: Mozilla/5.0 (Windows NT 10.0; Win64; x64; rv:151.0) Gecko/20100101 Firefox/151.0, Accept: application/json, text/plain, */*, Encoding: gzip, deflate
2026-06-13 14:03:15.364 +00:00 [INF] Device fingerprint validation: Stored=/a2uf4z8rcBIhIr7KGbd6aahMr80Bhj+9uyLiYNZ66A=, Current=/a2uf4z8rcBIhIr7KGbd6aahMr80Bhj+9uyLiYNZ66A=
2026-06-13 14:03:15.366 +00:00 [INF] Executed DbCommand (1ms) [Parameters=[@__jti_0='?', @__userId_1='?' (DbType = Int32)], CommandType='"Text"', CommandTimeout='30']
SELECT a."ID", a."CreatedAt", a."DeviceFingerprint", a."ExpiresAt", a."IpAddress", a."IsRevoked", a."UserID", a.jti
FROM "AccessTokens" AS a
WHERE a.jti = @__jti_0 AND a."UserID" = @__userId_1 AND NOT (a."IsRevoked") AND a."ExpiresAt" > now()
LIMIT 1
2026-06-13 14:03:15.366 +00:00 [INF] Executing endpoint 'API.Controllers.TokenController.GetRefreshTokens (API)'
2026-06-13 14:03:15.366 +00:00 [INF] Route matched with {action = "GetRefreshTokens", controller = "Token"}. Executing controller action with signature System.Threading.Tasks.Task`1[API.Utils.PagedResult`1[API.DTO.RefreshTokenUserDTO]] GetRefreshTokens(Int32, Int32) on controller API.Controllers.TokenController (API).
2026-06-13 14:03:15.366 +00:00 [INF] Received request to fetch refresh tokens with pagination: page=1, limit=10
2026-06-13 14:03:15.368 +00:00 [INF] Executed DbCommand (1ms) [Parameters=[], CommandType='"Text"', CommandTimeout='30']
SELECT count(*)::int
FROM "RefreshTokens" AS r
WHERE NOT (r."IsRevoked")
2026-06-13 14:03:15.369 +00:00 [INF] Executed DbCommand (1ms) [Parameters=[@__p_1='?' (DbType = Int32), @__p_0='?' (DbType = Int32)], CommandType='"Text"', CommandTimeout='30']
SELECT r0."ID", r0."TokenHash", r0."DeviceFingerprint", r0."IpAddress", r0."CreatedAt", r0."IsRevoked", r0."ExpiresAt", u."ID" AS "UserID", u."Username", u."Email", u."Role"
FROM (
    SELECT r."ID", r."CreatedAt", r."DeviceFingerprint", r."ExpiresAt", r."IpAddress", r."IsRevoked", r."TokenHash", r."UserID"
    FROM "RefreshTokens" AS r
    WHERE NOT (r."IsRevoked")
    LIMIT @__p_1 OFFSET @__p_0
) AS r0
INNER JOIN "Users" AS u ON r0."UserID" = u."ID"
2026-06-13 14:03:15.369 +00:00 [INF] Executing ObjectResult, writing value of type 'API.Utils.PagedResult`1[[API.DTO.RefreshTokenUserDTO, API, Version=1.0.0.0, Culture=neutral, PublicKeyToken=null]]'.
2026-06-13 14:03:15.369 +00:00 [INF] Executed action API.Controllers.TokenController.GetRefreshTokens (API) in 3.0673ms
2026-06-13 14:03:15.370 +00:00 [INF] Executed endpoint 'API.Controllers.TokenController.GetRefreshTokens (API)'
2026-06-13 14:03:15.370 +00:00 [INF] Request finished HTTP/1.1 GET http://192.168.1.6:8080/api/token/refresh-token?page=1&limit=10 - 200 null application/json; charset=utf-8 7.7368ms
2026-06-13 14:03:16.289 +00:00 [INF] Request starting HTTP/1.1 GET http://192.168.1.6:8080/api/token/refresh-token?page=19&limit=10 - null null
2026-06-13 14:03:16.289 +00:00 [INF] CORS policy execution successful.
2026-06-13 14:03:16.289 +00:00 [INF] ====== OnMessageReceived START ======
2026-06-13 14:03:16.290 +00:00 [INF] Available cookies: 2
2026-06-13 14:03:16.290 +00:00 [INF] Cookie: adminRefreshToken = 44 chars
2026-06-13 14:03:16.290 +00:00 [INF] Cookie: adminToken = 844 chars
2026-06-13 14:03:16.290 +00:00 [INF] Admin token found in cookies, length: 844
2026-06-13 14:03:16.290 +00:00 [INF] Admin token set in context
2026-06-13 14:03:16.290 +00:00 [INF] ====== OnMessageReceived END - Token set: true ======
2026-06-13 14:03:16.290 +00:00 [INF] Token validated successfully for user: lengyelnorbi
2026-06-13 14:03:16.291 +00:00 [INF] Device fingerprint headers - UA: Mozilla/5.0 (Windows NT 10.0; Win64; x64; rv:151.0) Gecko/20100101 Firefox/151.0, Accept: application/json, text/plain, */*, Encoding: gzip, deflate
2026-06-13 14:03:16.291 +00:00 [INF] Device fingerprint validation: Stored=/a2uf4z8rcBIhIr7KGbd6aahMr80Bhj+9uyLiYNZ66A=, Current=/a2uf4z8rcBIhIr7KGbd6aahMr80Bhj+9uyLiYNZ66A=
2026-06-13 14:03:16.293 +00:00 [INF] Executed DbCommand (1ms) [Parameters=[@__jti_0='?', @__userId_1='?' (DbType = Int32)], CommandType='"Text"', CommandTimeout='30']
SELECT a."ID", a."CreatedAt", a."DeviceFingerprint", a."ExpiresAt", a."IpAddress", a."IsRevoked", a."UserID", a.jti
FROM "AccessTokens" AS a
WHERE a.jti = @__jti_0 AND a."UserID" = @__userId_1 AND NOT (a."IsRevoked") AND a."ExpiresAt" > now()
LIMIT 1
2026-06-13 14:03:16.293 +00:00 [INF] Executing endpoint 'API.Controllers.TokenController.GetRefreshTokens (API)'
2026-06-13 14:03:16.293 +00:00 [INF] Route matched with {action = "GetRefreshTokens", controller = "Token"}. Executing controller action with signature System.Threading.Tasks.Task`1[API.Utils.PagedResult`1[API.DTO.RefreshTokenUserDTO]] GetRefreshTokens(Int32, Int32) on controller API.Controllers.TokenController (API).
2026-06-13 14:03:16.293 +00:00 [INF] Received request to fetch refresh tokens with pagination: page=19, limit=10
2026-06-13 14:03:16.295 +00:00 [INF] Executed DbCommand (1ms) [Parameters=[], CommandType='"Text"', CommandTimeout='30']
SELECT count(*)::int
FROM "RefreshTokens" AS r
WHERE NOT (r."IsRevoked")
2026-06-13 14:03:16.296 +00:00 [INF] Executed DbCommand (1ms) [Parameters=[@__p_1='?' (DbType = Int32), @__p_0='?' (DbType = Int32)], CommandType='"Text"', CommandTimeout='30']
SELECT r0."ID", r0."TokenHash", r0."DeviceFingerprint", r0."IpAddress", r0."CreatedAt", r0."IsRevoked", r0."ExpiresAt", u."ID" AS "UserID", u."Username", u."Email", u."Role"
FROM (
    SELECT r."ID", r."CreatedAt", r."DeviceFingerprint", r."ExpiresAt", r."IpAddress", r."IsRevoked", r."TokenHash", r."UserID"
    FROM "RefreshTokens" AS r
    WHERE NOT (r."IsRevoked")
    LIMIT @__p_1 OFFSET @__p_0
) AS r0
INNER JOIN "Users" AS u ON r0."UserID" = u."ID"
2026-06-13 14:03:16.296 +00:00 [INF] Executing ObjectResult, writing value of type 'API.Utils.PagedResult`1[[API.DTO.RefreshTokenUserDTO, API, Version=1.0.0.0, Culture=neutral, PublicKeyToken=null]]'.
2026-06-13 14:03:16.296 +00:00 [INF] Executed action API.Controllers.TokenController.GetRefreshTokens (API) in 2.9818ms
2026-06-13 14:03:16.296 +00:00 [INF] Executed endpoint 'API.Controllers.TokenController.GetRefreshTokens (API)'
2026-06-13 14:03:16.297 +00:00 [INF] Request finished HTTP/1.1 GET http://192.168.1.6:8080/api/token/refresh-token?page=19&limit=10 - 200 null application/json; charset=utf-8 7.5969ms
2026-06-13 14:03:23.163 +00:00 [INF] Request starting HTTP/1.1 GET http://192.168.1.6:8080/api/token/refresh-token?page=18&limit=10 - null null
2026-06-13 14:03:23.163 +00:00 [INF] CORS policy execution successful.
2026-06-13 14:03:23.164 +00:00 [INF] ====== OnMessageReceived START ======
2026-06-13 14:03:23.164 +00:00 [INF] Available cookies: 2
2026-06-13 14:03:23.164 +00:00 [INF] Cookie: adminRefreshToken = 44 chars
2026-06-13 14:03:23.164 +00:00 [INF] Cookie: adminToken = 844 chars
2026-06-13 14:03:23.164 +00:00 [INF] Admin token found in cookies, length: 844
2026-06-13 14:03:23.164 +00:00 [INF] Admin token set in context
2026-06-13 14:03:23.165 +00:00 [INF] ====== OnMessageReceived END - Token set: true ======
2026-06-13 14:03:23.165 +00:00 [INF] Token validated successfully for user: lengyelnorbi
2026-06-13 14:03:23.165 +00:00 [INF] Device fingerprint headers - UA: Mozilla/5.0 (Windows NT 10.0; Win64; x64; rv:151.0) Gecko/20100101 Firefox/151.0, Accept: application/json, text/plain, */*, Encoding: gzip, deflate
2026-06-13 14:03:23.165 +00:00 [INF] Device fingerprint validation: Stored=/a2uf4z8rcBIhIr7KGbd6aahMr80Bhj+9uyLiYNZ66A=, Current=/a2uf4z8rcBIhIr7KGbd6aahMr80Bhj+9uyLiYNZ66A=
2026-06-13 14:03:23.169 +00:00 [INF] Executed DbCommand (2ms) [Parameters=[@__jti_0='?', @__userId_1='?' (DbType = Int32)], CommandType='"Text"', CommandTimeout='30']
SELECT a."ID", a."CreatedAt", a."DeviceFingerprint", a."ExpiresAt", a."IpAddress", a."IsRevoked", a."UserID", a.jti
FROM "AccessTokens" AS a
WHERE a.jti = @__jti_0 AND a."UserID" = @__userId_1 AND NOT (a."IsRevoked") AND a."ExpiresAt" > now()
LIMIT 1
2026-06-13 14:03:23.169 +00:00 [INF] Executing endpoint 'API.Controllers.TokenController.GetRefreshTokens (API)'
2026-06-13 14:03:23.169 +00:00 [INF] Route matched with {action = "GetRefreshTokens", controller = "Token"}. Executing controller action with signature System.Threading.Tasks.Task`1[API.Utils.PagedResult`1[API.DTO.RefreshTokenUserDTO]] GetRefreshTokens(Int32, Int32) on controller API.Controllers.TokenController (API).
2026-06-13 14:03:23.170 +00:00 [INF] Received request to fetch refresh tokens with pagination: page=18, limit=10
2026-06-13 14:03:23.172 +00:00 [INF] Executed DbCommand (1ms) [Parameters=[], CommandType='"Text"', CommandTimeout='30']
SELECT count(*)::int
FROM "RefreshTokens" AS r
WHERE NOT (r."IsRevoked")
2026-06-13 14:03:23.173 +00:00 [INF] Executed DbCommand (1ms) [Parameters=[@__p_1='?' (DbType = Int32), @__p_0='?' (DbType = Int32)], CommandType='"Text"', CommandTimeout='30']
SELECT r0."ID", r0."TokenHash", r0."DeviceFingerprint", r0."IpAddress", r0."CreatedAt", r0."IsRevoked", r0."ExpiresAt", u."ID" AS "UserID", u."Username", u."Email", u."Role"
FROM (
    SELECT r."ID", r."CreatedAt", r."DeviceFingerprint", r."ExpiresAt", r."IpAddress", r."IsRevoked", r."TokenHash", r."UserID"
    FROM "RefreshTokens" AS r
    WHERE NOT (r."IsRevoked")
    LIMIT @__p_1 OFFSET @__p_0
) AS r0
INNER JOIN "Users" AS u ON r0."UserID" = u."ID"
2026-06-13 14:03:23.173 +00:00 [INF] Executing ObjectResult, writing value of type 'API.Utils.PagedResult`1[[API.DTO.RefreshTokenUserDTO, API, Version=1.0.0.0, Culture=neutral, PublicKeyToken=null]]'.
2026-06-13 14:03:23.174 +00:00 [INF] Executed action API.Controllers.TokenController.GetRefreshTokens (API) in 4.0465ms
2026-06-13 14:03:23.174 +00:00 [INF] Executed endpoint 'API.Controllers.TokenController.GetRefreshTokens (API)'
2026-06-13 14:03:23.174 +00:00 [INF] Request finished HTTP/1.1 GET http://192.168.1.6:8080/api/token/refresh-token?page=18&limit=10 - 200 null application/json; charset=utf-8 11.1081ms
2026-06-13 14:03:23.676 +00:00 [INF] Request starting HTTP/1.1 GET http://192.168.1.6:8080/api/token/refresh-token?page=9&limit=10 - null null
2026-06-13 14:03:23.676 +00:00 [INF] CORS policy execution successful.
2026-06-13 14:03:23.676 +00:00 [INF] ====== OnMessageReceived START ======
2026-06-13 14:03:23.676 +00:00 [INF] Available cookies: 2
2026-06-13 14:03:23.677 +00:00 [INF] Cookie: adminRefreshToken = 44 chars
2026-06-13 14:03:23.677 +00:00 [INF] Cookie: adminToken = 844 chars
2026-06-13 14:03:23.677 +00:00 [INF] Admin token found in cookies, length: 844
2026-06-13 14:03:23.677 +00:00 [INF] Admin token set in context
2026-06-13 14:03:23.677 +00:00 [INF] ====== OnMessageReceived END - Token set: true ======
2026-06-13 14:03:23.677 +00:00 [INF] Token validated successfully for user: lengyelnorbi
2026-06-13 14:03:23.678 +00:00 [INF] Device fingerprint headers - UA: Mozilla/5.0 (Windows NT 10.0; Win64; x64; rv:151.0) Gecko/20100101 Firefox/151.0, Accept: application/json, text/plain, */*, Encoding: gzip, deflate
2026-06-13 14:03:23.678 +00:00 [INF] Device fingerprint validation: Stored=/a2uf4z8rcBIhIr7KGbd6aahMr80Bhj+9uyLiYNZ66A=, Current=/a2uf4z8rcBIhIr7KGbd6aahMr80Bhj+9uyLiYNZ66A=
2026-06-13 14:03:23.679 +00:00 [INF] Executed DbCommand (1ms) [Parameters=[@__jti_0='?', @__userId_1='?' (DbType = Int32)], CommandType='"Text"', CommandTimeout='30']
SELECT a."ID", a."CreatedAt", a."DeviceFingerprint", a."ExpiresAt", a."IpAddress", a."IsRevoked", a."UserID", a.jti
FROM "AccessTokens" AS a
WHERE a.jti = @__jti_0 AND a."UserID" = @__userId_1 AND NOT (a."IsRevoked") AND a."ExpiresAt" > now()
LIMIT 1
2026-06-13 14:03:23.680 +00:00 [INF] Executing endpoint 'API.Controllers.TokenController.GetRefreshTokens (API)'
2026-06-13 14:03:23.680 +00:00 [INF] Route matched with {action = "GetRefreshTokens", controller = "Token"}. Executing controller action with signature System.Threading.Tasks.Task`1[API.Utils.PagedResult`1[API.DTO.RefreshTokenUserDTO]] GetRefreshTokens(Int32, Int32) on controller API.Controllers.TokenController (API).
2026-06-13 14:03:23.680 +00:00 [INF] Received request to fetch refresh tokens with pagination: page=9, limit=10
2026-06-13 14:03:23.682 +00:00 [INF] Executed DbCommand (1ms) [Parameters=[], CommandType='"Text"', CommandTimeout='30']
SELECT count(*)::int
FROM "RefreshTokens" AS r
WHERE NOT (r."IsRevoked")
2026-06-13 14:03:23.683 +00:00 [INF] Executed DbCommand (1ms) [Parameters=[@__p_1='?' (DbType = Int32), @__p_0='?' (DbType = Int32)], CommandType='"Text"', CommandTimeout='30']
SELECT r0."ID", r0."TokenHash", r0."DeviceFingerprint", r0."IpAddress", r0."CreatedAt", r0."IsRevoked", r0."ExpiresAt", u."ID" AS "UserID", u."Username", u."Email", u."Role"
FROM (
    SELECT r."ID", r."CreatedAt", r."DeviceFingerprint", r."ExpiresAt", r."IpAddress", r."IsRevoked", r."TokenHash", r."UserID"
    FROM "RefreshTokens" AS r
    WHERE NOT (r."IsRevoked")
    LIMIT @__p_1 OFFSET @__p_0
) AS r0
INNER JOIN "Users" AS u ON r0."UserID" = u."ID"
2026-06-13 14:03:23.683 +00:00 [INF] Executing ObjectResult, writing value of type 'API.Utils.PagedResult`1[[API.DTO.RefreshTokenUserDTO, API, Version=1.0.0.0, Culture=neutral, PublicKeyToken=null]]'.
2026-06-13 14:03:23.684 +00:00 [INF] Executed action API.Controllers.TokenController.GetRefreshTokens (API) in 3.5042ms
2026-06-13 14:03:23.684 +00:00 [INF] Executed endpoint 'API.Controllers.TokenController.GetRefreshTokens (API)'
2026-06-13 14:03:23.684 +00:00 [INF] Request finished HTTP/1.1 GET http://192.168.1.6:8080/api/token/refresh-token?page=9&limit=10 - 200 null application/json; charset=utf-8 8.0603ms
2026-06-13 14:07:31.921 +00:00 [INF] Request starting HTTP/1.1 OPTIONS http://192.168.1.6:8080/api/auth/refresh - null null
2026-06-13 14:07:31.922 +00:00 [INF] CORS policy execution successful.
2026-06-13 14:07:31.922 +00:00 [INF] Request finished HTTP/1.1 OPTIONS http://192.168.1.6:8080/api/auth/refresh - 204 null null 0.6374ms
2026-06-13 14:07:31.924 +00:00 [INF] Request starting HTTP/1.1 POST http://192.168.1.6:8080/api/auth/refresh - application/json 18
2026-06-13 14:07:31.924 +00:00 [INF] CORS policy execution successful.
2026-06-13 14:07:31.925 +00:00 [INF] ====== OnMessageReceived START ======
2026-06-13 14:07:31.925 +00:00 [INF] Available cookies: 2
2026-06-13 14:07:31.925 +00:00 [INF] Cookie: adminRefreshToken = 44 chars
2026-06-13 14:07:31.925 +00:00 [INF] Cookie: adminToken = 844 chars
2026-06-13 14:07:31.925 +00:00 [INF] Admin token found in cookies, length: 844
2026-06-13 14:07:31.925 +00:00 [INF] Admin token set in context
2026-06-13 14:07:31.925 +00:00 [INF] ====== OnMessageReceived END - Token set: true ======
2026-06-13 14:07:31.926 +00:00 [INF] Token validated successfully for user: lengyelnorbi
2026-06-13 14:07:31.926 +00:00 [INF] Device fingerprint headers - UA: Mozilla/5.0 (Windows NT 10.0; Win64; x64; rv:151.0) Gecko/20100101 Firefox/151.0, Accept: */*, Encoding: gzip, deflate
2026-06-13 14:07:31.926 +00:00 [INF] Device fingerprint validation: Stored=/a2uf4z8rcBIhIr7KGbd6aahMr80Bhj+9uyLiYNZ66A=, Current=/a2uf4z8rcBIhIr7KGbd6aahMr80Bhj+9uyLiYNZ66A=
2026-06-13 14:07:31.936 +00:00 [INF] Executed DbCommand (2ms) [Parameters=[@__jti_0='?', @__userId_1='?' (DbType = Int32)], CommandType='"Text"', CommandTimeout='30']
SELECT a."ID", a."CreatedAt", a."DeviceFingerprint", a."ExpiresAt", a."IpAddress", a."IsRevoked", a."UserID", a.jti
FROM "AccessTokens" AS a
WHERE a.jti = @__jti_0 AND a."UserID" = @__userId_1 AND NOT (a."IsRevoked") AND a."ExpiresAt" > now()
LIMIT 1
2026-06-13 14:07:31.937 +00:00 [INF] Executing endpoint 'API.Controllers.AuthController.RefreshToken (API)'
2026-06-13 14:07:31.937 +00:00 [INF] Route matched with {action = "RefreshToken", controller = "Auth"}. Executing controller action with signature System.Threading.Tasks.Task`1[Microsoft.AspNetCore.Mvc.IActionResult] RefreshToken(API.Models.RequestModels.RefreshRequest) on controller API.Controllers.AuthController (API).
2026-06-13 14:07:31.937 +00:00 [INF] Token refresh attempt at "2026-06-13T14:07:31.9379286Z"
2026-06-13 14:07:31.938 +00:00 [INF] Refreshing admin token at "2026-06-13T14:07:31.9380786Z"
2026-06-13 14:07:31.939 +00:00 [INF] Executed DbCommand (1ms) [Parameters=[@__tokenHash_0='?'], CommandType='"Text"', CommandTimeout='30']
SELECT r."ID", r."CreatedAt", r."DeviceFingerprint", r."ExpiresAt", r."IpAddress", r."IsRevoked", r."TokenHash", r."UserID"
FROM "RefreshTokens" AS r
WHERE r."TokenHash" = @__tokenHash_0 AND NOT (r."IsRevoked") AND r."ExpiresAt" > now()
ORDER BY r."CreatedAt" DESC
LIMIT 1
2026-06-13 14:07:31.939 +00:00 [INF] Mozilla/5.0 (Windows NT 10.0; Win64; x64; rv:151.0) Gecko/20100101 Firefox/151.0
2026-06-13 14:07:31.939 +00:00 [INF] Fetching user by ID from database...
2026-06-13 14:07:31.941 +00:00 [INF] Executed DbCommand (1ms) [Parameters=[@__id_0='?' (DbType = Int32)], CommandType='"Text"', CommandTimeout='30']
SELECT u."ID", u."Email", u."PasswordHash", u."RegisteredAt", u."Role", u."Username"
FROM "Users" AS u
WHERE u."ID" = @__id_0
LIMIT 1
2026-06-13 14:07:31.945 +00:00 [INF] Executed DbCommand (4ms) [Parameters=[@p0='?' (DbType = DateTime), @p1='?', @p2='?' (DbType = DateTime), @p3='?', @p4='?' (DbType = Int32), @p5='?'], CommandType='"Text"', CommandTimeout='30']
INSERT INTO "AccessTokens" ("CreatedAt", "DeviceFingerprint", "ExpiresAt", "IpAddress", "UserID", jti)
VALUES (@p0, @p1, @p2, @p3, @p4, @p5)
RETURNING "ID", "IsRevoked";
2026-06-13 14:07:31.946 +00:00 [INF] Executed DbCommand (1ms) [Parameters=[@__jti_0='?', @__userID_1='?' (DbType = Int32), @__deviceFingerprint_2='?', @__ipAddress_3='?'], CommandType='"Text"', CommandTimeout='30']
SELECT a."ID", a."CreatedAt", a."DeviceFingerprint", a."ExpiresAt", a."IpAddress", a."IsRevoked", a."UserID", a.jti
FROM "AccessTokens" AS a
WHERE a.jti = @__jti_0 AND a."UserID" = @__userID_1 AND a."DeviceFingerprint" = @__deviceFingerprint_2 AND a."IpAddress" = @__ipAddress_3
LIMIT 1
2026-06-13 14:07:31.946 +00:00 [INF] Attempting to revoke access token with jti b80b25d6-187b-4a0d-a9f4-d6ba7d74b64b for user 1 from device /a2uf4z8rcBIhIr7KGbd6aahMr80Bhj+9uyLiYNZ66A= and IP ::ffff:172.20.0.1
2026-06-13 14:07:31.946 +00:00 [INF] Access token found: API.Models.AccessToken
2026-06-13 14:07:31.948 +00:00 [INF] Executed DbCommand (1ms) [Parameters=[@p1='?' (DbType = Int32), @p0='?' (DbType = Boolean)], CommandType='"Text"', CommandTimeout='30']
UPDATE "AccessTokens" SET "IsRevoked" = @p0
WHERE "ID" = @p1;
2026-06-13 14:07:31.948 +00:00 [INF] Access token AccessToken for user 1 revoked: true
2026-06-13 14:07:31.950 +00:00 [INF] Executed DbCommand (1ms) [Parameters=[@p0='?' (DbType = DateTime), @p1='?', @p2='?' (DbType = DateTime), @p3='?', @p4='?', @p5='?' (DbType = Int32)], CommandType='"Text"', CommandTimeout='30']
INSERT INTO "RefreshTokens" ("CreatedAt", "DeviceFingerprint", "ExpiresAt", "IpAddress", "TokenHash", "UserID")
VALUES (@p0, @p1, @p2, @p3, @p4, @p5)
RETURNING "ID", "IsRevoked";
2026-06-13 14:07:31.951 +00:00 [INF] Executed DbCommand (1ms) [Parameters=[@__tokenHash_0='?', @__userId_1='?' (DbType = Int32), @__deviceFingerprint_2='?', @__ipAddress_3='?'], CommandType='"Text"', CommandTimeout='30']
SELECT r."ID", r."CreatedAt", r."DeviceFingerprint", r."ExpiresAt", r."IpAddress", r."IsRevoked", r."TokenHash", r."UserID"
FROM "RefreshTokens" AS r
WHERE r."TokenHash" = @__tokenHash_0 AND r."UserID" = @__userId_1 AND r."DeviceFingerprint" = @__deviceFingerprint_2 AND r."IpAddress" = @__ipAddress_3
LIMIT 1
2026-06-13 14:07:31.952 +00:00 [INF] Executed DbCommand (1ms) [Parameters=[@p1='?' (DbType = Int32), @p0='?' (DbType = Boolean)], CommandType='"Text"', CommandTimeout='30']
UPDATE "RefreshTokens" SET "IsRevoked" = @p0
WHERE "ID" = @p1;
2026-06-13 14:07:31.952 +00:00 [INF] Refresh token gfHrnO2/z01v11T23GEurAxDzkjAX6w6p7zpEgaBdtM= for user 1 revoked: true
2026-06-13 14:07:31.953 +00:00 [INF] Token refreshed successfully for user 1 at "2026-06-13T14:07:31.9531554Z"
2026-06-13 14:07:31.953 +00:00 [INF] Executing OkObjectResult, writing value of type '<>f__AnonymousType3`2[[System.Boolean, System.Private.CoreLib, Version=9.0.0.0, Culture=neutral, PublicKeyToken=7cec85d7bea7798e],[System.Int32, System.Private.CoreLib, Version=9.0.0.0, Culture=neutral, PublicKeyToken=7cec85d7bea7798e]]'.
2026-06-13 14:07:31.953 +00:00 [INF] Executed action API.Controllers.AuthController.RefreshToken (API) in 15.8991ms
2026-06-13 14:07:31.953 +00:00 [INF] Executed endpoint 'API.Controllers.AuthController.RefreshToken (API)'
2026-06-13 14:07:31.953 +00:00 [INF] Request finished HTTP/1.1 POST http://192.168.1.6:8080/api/auth/refresh - 200 null application/json; charset=utf-8 29.0871ms
2026-06-13 14:12:02.867 +00:00 [INF] Request starting HTTP/1.1 OPTIONS http://192.168.1.6:8080/api/auth/refresh - null null
2026-06-13 14:12:02.867 +00:00 [INF] CORS policy execution successful.
2026-06-13 14:12:02.867 +00:00 [INF] Request finished HTTP/1.1 OPTIONS http://192.168.1.6:8080/api/auth/refresh - 204 null null 0.6005ms
2026-06-13 14:12:02.870 +00:00 [INF] Request starting HTTP/1.1 POST http://192.168.1.6:8080/api/auth/refresh - application/json 18
2026-06-13 14:12:02.870 +00:00 [INF] CORS policy execution successful.
2026-06-13 14:12:02.870 +00:00 [INF] ====== OnMessageReceived START ======
2026-06-13 14:12:02.870 +00:00 [INF] Available cookies: 2
2026-06-13 14:12:02.870 +00:00 [INF] Cookie: adminRefreshToken = 44 chars
2026-06-13 14:12:02.871 +00:00 [INF] Cookie: adminToken = 844 chars
2026-06-13 14:12:02.871 +00:00 [INF] Admin token found in cookies, length: 844
2026-06-13 14:12:02.871 +00:00 [INF] Admin token set in context
2026-06-13 14:12:02.871 +00:00 [INF] ====== OnMessageReceived END - Token set: true ======
2026-06-13 14:12:02.871 +00:00 [INF] Token validated successfully for user: lengyelnorbi
2026-06-13 14:12:02.871 +00:00 [INF] Device fingerprint headers - UA: Mozilla/5.0 (Windows NT 10.0; Win64; x64; rv:151.0) Gecko/20100101 Firefox/151.0, Accept: */*, Encoding: gzip, deflate
2026-06-13 14:12:02.872 +00:00 [INF] Device fingerprint validation: Stored=/a2uf4z8rcBIhIr7KGbd6aahMr80Bhj+9uyLiYNZ66A=, Current=/a2uf4z8rcBIhIr7KGbd6aahMr80Bhj+9uyLiYNZ66A=
2026-06-13 14:12:02.874 +00:00 [INF] Executed DbCommand (1ms) [Parameters=[@__jti_0='?', @__userId_1='?' (DbType = Int32)], CommandType='"Text"', CommandTimeout='30']
SELECT a."ID", a."CreatedAt", a."DeviceFingerprint", a."ExpiresAt", a."IpAddress", a."IsRevoked", a."UserID", a.jti
FROM "AccessTokens" AS a
WHERE a.jti = @__jti_0 AND a."UserID" = @__userId_1 AND NOT (a."IsRevoked") AND a."ExpiresAt" > now()
LIMIT 1
2026-06-13 14:12:02.874 +00:00 [INF] Executing endpoint 'API.Controllers.AuthController.RefreshToken (API)'
2026-06-13 14:12:02.874 +00:00 [INF] Route matched with {action = "RefreshToken", controller = "Auth"}. Executing controller action with signature System.Threading.Tasks.Task`1[Microsoft.AspNetCore.Mvc.IActionResult] RefreshToken(API.Models.RequestModels.RefreshRequest) on controller API.Controllers.AuthController (API).
2026-06-13 14:12:02.875 +00:00 [INF] Token refresh attempt at "2026-06-13T14:12:02.8750024Z"
2026-06-13 14:12:02.875 +00:00 [INF] Refreshing admin token at "2026-06-13T14:12:02.8751420Z"
2026-06-13 14:12:02.876 +00:00 [INF] Executed DbCommand (1ms) [Parameters=[@__tokenHash_0='?'], CommandType='"Text"', CommandTimeout='30']
SELECT r."ID", r."CreatedAt", r."DeviceFingerprint", r."ExpiresAt", r."IpAddress", r."IsRevoked", r."TokenHash", r."UserID"
FROM "RefreshTokens" AS r
WHERE r."TokenHash" = @__tokenHash_0 AND NOT (r."IsRevoked") AND r."ExpiresAt" > now()
ORDER BY r."CreatedAt" DESC
LIMIT 1
2026-06-13 14:12:02.876 +00:00 [INF] Mozilla/5.0 (Windows NT 10.0; Win64; x64; rv:151.0) Gecko/20100101 Firefox/151.0
2026-06-13 14:12:02.876 +00:00 [INF] Fetching user by ID from database...
2026-06-13 14:12:02.877 +00:00 [INF] Executed DbCommand (1ms) [Parameters=[@__id_0='?' (DbType = Int32)], CommandType='"Text"', CommandTimeout='30']
SELECT u."ID", u."Email", u."PasswordHash", u."RegisteredAt", u."Role", u."Username"
FROM "Users" AS u
WHERE u."ID" = @__id_0
LIMIT 1
2026-06-13 14:12:02.881 +00:00 [INF] Executed DbCommand (3ms) [Parameters=[@p0='?' (DbType = DateTime), @p1='?', @p2='?' (DbType = DateTime), @p3='?', @p4='?' (DbType = Int32), @p5='?'], CommandType='"Text"', CommandTimeout='30']
INSERT INTO "AccessTokens" ("CreatedAt", "DeviceFingerprint", "ExpiresAt", "IpAddress", "UserID", jti)
VALUES (@p0, @p1, @p2, @p3, @p4, @p5)
RETURNING "ID", "IsRevoked";
2026-06-13 14:12:02.882 +00:00 [INF] Executed DbCommand (1ms) [Parameters=[@__jti_0='?', @__userID_1='?' (DbType = Int32), @__deviceFingerprint_2='?', @__ipAddress_3='?'], CommandType='"Text"', CommandTimeout='30']
SELECT a."ID", a."CreatedAt", a."DeviceFingerprint", a."ExpiresAt", a."IpAddress", a."IsRevoked", a."UserID", a.jti
FROM "AccessTokens" AS a
WHERE a.jti = @__jti_0 AND a."UserID" = @__userID_1 AND a."DeviceFingerprint" = @__deviceFingerprint_2 AND a."IpAddress" = @__ipAddress_3
LIMIT 1
2026-06-13 14:12:02.882 +00:00 [INF] Attempting to revoke access token with jti 632004a8-ec4c-4e40-b01f-319f16d85fc9 for user 1 from device /a2uf4z8rcBIhIr7KGbd6aahMr80Bhj+9uyLiYNZ66A= and IP ::ffff:172.20.0.1
2026-06-13 14:12:02.882 +00:00 [INF] Access token found: API.Models.AccessToken
2026-06-13 14:12:02.884 +00:00 [INF] Executed DbCommand (1ms) [Parameters=[@p1='?' (DbType = Int32), @p0='?' (DbType = Boolean)], CommandType='"Text"', CommandTimeout='30']
UPDATE "AccessTokens" SET "IsRevoked" = @p0
WHERE "ID" = @p1;
2026-06-13 14:12:02.884 +00:00 [INF] Access token AccessToken for user 1 revoked: true
2026-06-13 14:12:02.886 +00:00 [INF] Executed DbCommand (2ms) [Parameters=[@p0='?' (DbType = DateTime), @p1='?', @p2='?' (DbType = DateTime), @p3='?', @p4='?', @p5='?' (DbType = Int32)], CommandType='"Text"', CommandTimeout='30']
INSERT INTO "RefreshTokens" ("CreatedAt", "DeviceFingerprint", "ExpiresAt", "IpAddress", "TokenHash", "UserID")
VALUES (@p0, @p1, @p2, @p3, @p4, @p5)
RETURNING "ID", "IsRevoked";
2026-06-13 14:12:02.887 +00:00 [INF] Executed DbCommand (1ms) [Parameters=[@__tokenHash_0='?', @__userId_1='?' (DbType = Int32), @__deviceFingerprint_2='?', @__ipAddress_3='?'], CommandType='"Text"', CommandTimeout='30']
SELECT r."ID", r."CreatedAt", r."DeviceFingerprint", r."ExpiresAt", r."IpAddress", r."IsRevoked", r."TokenHash", r."UserID"
FROM "RefreshTokens" AS r
WHERE r."TokenHash" = @__tokenHash_0 AND r."UserID" = @__userId_1 AND r."DeviceFingerprint" = @__deviceFingerprint_2 AND r."IpAddress" = @__ipAddress_3
LIMIT 1
2026-06-13 14:12:02.889 +00:00 [INF] Executed DbCommand (1ms) [Parameters=[@p1='?' (DbType = Int32), @p0='?' (DbType = Boolean)], CommandType='"Text"', CommandTimeout='30']
UPDATE "RefreshTokens" SET "IsRevoked" = @p0
WHERE "ID" = @p1;
2026-06-13 14:12:02.889 +00:00 [INF] Refresh token wawMNasAwhbBWZUM5ZeIdpQR2FovEcDl+uZ8OpPWfg8= for user 1 revoked: true
2026-06-13 14:12:02.889 +00:00 [INF] Token refreshed successfully for user 1 at "2026-06-13T14:12:02.8898379Z"
2026-06-13 14:12:02.890 +00:00 [INF] Executing OkObjectResult, writing value of type '<>f__AnonymousType3`2[[System.Boolean, System.Private.CoreLib, Version=9.0.0.0, Culture=neutral, PublicKeyToken=7cec85d7bea7798e],[System.Int32, System.Private.CoreLib, Version=9.0.0.0, Culture=neutral, PublicKeyToken=7cec85d7bea7798e]]'.
2026-06-13 14:12:02.890 +00:00 [INF] Executed action API.Controllers.AuthController.RefreshToken (API) in 15.5896ms
2026-06-13 14:12:02.890 +00:00 [INF] Executed endpoint 'API.Controllers.AuthController.RefreshToken (API)'
2026-06-13 14:12:02.890 +00:00 [INF] Request finished HTTP/1.1 POST http://192.168.1.6:8080/api/auth/refresh - 200 null application/json; charset=utf-8 20.2793ms
2026-06-13 14:16:33.665 +00:00 [INF] Request starting HTTP/1.1 OPTIONS http://192.168.1.6:8080/api/auth/refresh - null null
2026-06-13 14:16:33.666 +00:00 [INF] CORS policy execution successful.
2026-06-13 14:16:33.666 +00:00 [INF] Request finished HTTP/1.1 OPTIONS http://192.168.1.6:8080/api/auth/refresh - 204 null null 1.0245ms
2026-06-13 14:16:33.669 +00:00 [INF] Request starting HTTP/1.1 POST http://192.168.1.6:8080/api/auth/refresh - application/json 18
2026-06-13 14:16:33.669 +00:00 [INF] CORS policy execution successful.
2026-06-13 14:16:33.670 +00:00 [INF] ====== OnMessageReceived START ======
2026-06-13 14:16:33.670 +00:00 [INF] Available cookies: 2
2026-06-13 14:16:33.670 +00:00 [INF] Cookie: adminRefreshToken = 44 chars
2026-06-13 14:16:33.670 +00:00 [INF] Cookie: adminToken = 844 chars
2026-06-13 14:16:33.670 +00:00 [INF] Admin token found in cookies, length: 844
2026-06-13 14:16:33.670 +00:00 [INF] Admin token set in context
2026-06-13 14:16:33.671 +00:00 [INF] ====== OnMessageReceived END - Token set: true ======
2026-06-13 14:16:33.671 +00:00 [INF] Token validated successfully for user: lengyelnorbi
2026-06-13 14:16:33.671 +00:00 [INF] Device fingerprint headers - UA: Mozilla/5.0 (Windows NT 10.0; Win64; x64; rv:151.0) Gecko/20100101 Firefox/151.0, Accept: */*, Encoding: gzip, deflate
2026-06-13 14:16:33.671 +00:00 [INF] Device fingerprint validation: Stored=/a2uf4z8rcBIhIr7KGbd6aahMr80Bhj+9uyLiYNZ66A=, Current=/a2uf4z8rcBIhIr7KGbd6aahMr80Bhj+9uyLiYNZ66A=
2026-06-13 14:16:33.685 +00:00 [INF] Executed DbCommand (2ms) [Parameters=[@__jti_0='?', @__userId_1='?' (DbType = Int32)], CommandType='"Text"', CommandTimeout='30']
SELECT a."ID", a."CreatedAt", a."DeviceFingerprint", a."ExpiresAt", a."IpAddress", a."IsRevoked", a."UserID", a.jti
FROM "AccessTokens" AS a
WHERE a.jti = @__jti_0 AND a."UserID" = @__userId_1 AND NOT (a."IsRevoked") AND a."ExpiresAt" > now()
LIMIT 1
2026-06-13 14:16:33.686 +00:00 [INF] Executing endpoint 'API.Controllers.AuthController.RefreshToken (API)'
2026-06-13 14:16:33.686 +00:00 [INF] Route matched with {action = "RefreshToken", controller = "Auth"}. Executing controller action with signature System.Threading.Tasks.Task`1[Microsoft.AspNetCore.Mvc.IActionResult] RefreshToken(API.Models.RequestModels.RefreshRequest) on controller API.Controllers.AuthController (API).
2026-06-13 14:16:33.687 +00:00 [INF] Token refresh attempt at "2026-06-13T14:16:33.6873263Z"
2026-06-13 14:16:33.687 +00:00 [INF] Refreshing admin token at "2026-06-13T14:16:33.6875243Z"
2026-06-13 14:16:33.689 +00:00 [INF] Executed DbCommand (2ms) [Parameters=[@__tokenHash_0='?'], CommandType='"Text"', CommandTimeout='30']
SELECT r."ID", r."CreatedAt", r."DeviceFingerprint", r."ExpiresAt", r."IpAddress", r."IsRevoked", r."TokenHash", r."UserID"
FROM "RefreshTokens" AS r
WHERE r."TokenHash" = @__tokenHash_0 AND NOT (r."IsRevoked") AND r."ExpiresAt" > now()
ORDER BY r."CreatedAt" DESC
LIMIT 1
2026-06-13 14:16:33.690 +00:00 [INF] Mozilla/5.0 (Windows NT 10.0; Win64; x64; rv:151.0) Gecko/20100101 Firefox/151.0
2026-06-13 14:16:33.690 +00:00 [INF] Fetching user by ID from database...
2026-06-13 14:16:33.691 +00:00 [INF] Executed DbCommand (1ms) [Parameters=[@__id_0='?' (DbType = Int32)], CommandType='"Text"', CommandTimeout='30']
SELECT u."ID", u."Email", u."PasswordHash", u."RegisteredAt", u."Role", u."Username"
FROM "Users" AS u
WHERE u."ID" = @__id_0
LIMIT 1
2026-06-13 14:16:33.695 +00:00 [INF] Executed DbCommand (2ms) [Parameters=[@p0='?' (DbType = DateTime), @p1='?', @p2='?' (DbType = DateTime), @p3='?', @p4='?' (DbType = Int32), @p5='?'], CommandType='"Text"', CommandTimeout='30']
INSERT INTO "AccessTokens" ("CreatedAt", "DeviceFingerprint", "ExpiresAt", "IpAddress", "UserID", jti)
VALUES (@p0, @p1, @p2, @p3, @p4, @p5)
RETURNING "ID", "IsRevoked";
2026-06-13 14:16:33.696 +00:00 [INF] Executed DbCommand (1ms) [Parameters=[@__jti_0='?', @__userID_1='?' (DbType = Int32), @__deviceFingerprint_2='?', @__ipAddress_3='?'], CommandType='"Text"', CommandTimeout='30']
SELECT a."ID", a."CreatedAt", a."DeviceFingerprint", a."ExpiresAt", a."IpAddress", a."IsRevoked", a."UserID", a.jti
FROM "AccessTokens" AS a
WHERE a.jti = @__jti_0 AND a."UserID" = @__userID_1 AND a."DeviceFingerprint" = @__deviceFingerprint_2 AND a."IpAddress" = @__ipAddress_3
LIMIT 1
2026-06-13 14:16:33.697 +00:00 [INF] Attempting to revoke access token with jti a7db3b8a-759c-49ea-b144-ff4844342012 for user 1 from device /a2uf4z8rcBIhIr7KGbd6aahMr80Bhj+9uyLiYNZ66A= and IP ::ffff:172.20.0.1
2026-06-13 14:16:33.697 +00:00 [INF] Access token found: API.Models.AccessToken
2026-06-13 14:16:33.699 +00:00 [INF] Executed DbCommand (2ms) [Parameters=[@p1='?' (DbType = Int32), @p0='?' (DbType = Boolean)], CommandType='"Text"', CommandTimeout='30']
UPDATE "AccessTokens" SET "IsRevoked" = @p0
WHERE "ID" = @p1;
2026-06-13 14:16:33.700 +00:00 [INF] Access token AccessToken for user 1 revoked: true
2026-06-13 14:16:33.702 +00:00 [INF] Executed DbCommand (2ms) [Parameters=[@p0='?' (DbType = DateTime), @p1='?', @p2='?' (DbType = DateTime), @p3='?', @p4='?', @p5='?' (DbType = Int32)], CommandType='"Text"', CommandTimeout='30']
INSERT INTO "RefreshTokens" ("CreatedAt", "DeviceFingerprint", "ExpiresAt", "IpAddress", "TokenHash", "UserID")
VALUES (@p0, @p1, @p2, @p3, @p4, @p5)
RETURNING "ID", "IsRevoked";
2026-06-13 14:16:33.704 +00:00 [INF] Executed DbCommand (1ms) [Parameters=[@__tokenHash_0='?', @__userId_1='?' (DbType = Int32), @__deviceFingerprint_2='?', @__ipAddress_3='?'], CommandType='"Text"', CommandTimeout='30']
SELECT r."ID", r."CreatedAt", r."DeviceFingerprint", r."ExpiresAt", r."IpAddress", r."IsRevoked", r."TokenHash", r."UserID"
FROM "RefreshTokens" AS r
WHERE r."TokenHash" = @__tokenHash_0 AND r."UserID" = @__userId_1 AND r."DeviceFingerprint" = @__deviceFingerprint_2 AND r."IpAddress" = @__ipAddress_3
LIMIT 1
2026-06-13 14:16:33.706 +00:00 [INF] Executed DbCommand (2ms) [Parameters=[@p1='?' (DbType = Int32), @p0='?' (DbType = Boolean)], CommandType='"Text"', CommandTimeout='30']
UPDATE "RefreshTokens" SET "IsRevoked" = @p0
WHERE "ID" = @p1;
2026-06-13 14:16:33.706 +00:00 [INF] Refresh token SNXrfEfiFfCqxOFf8Wzv4JBtnVRR6W4TowpxLTUYx1s= for user 1 revoked: true
2026-06-13 14:16:33.706 +00:00 [INF] Token refreshed successfully for user 1 at "2026-06-13T14:16:33.7068252Z"
2026-06-13 14:16:33.707 +00:00 [INF] Executing OkObjectResult, writing value of type '<>f__AnonymousType3`2[[System.Boolean, System.Private.CoreLib, Version=9.0.0.0, Culture=neutral, PublicKeyToken=7cec85d7bea7798e],[System.Int32, System.Private.CoreLib, Version=9.0.0.0, Culture=neutral, PublicKeyToken=7cec85d7bea7798e]]'.
2026-06-13 14:16:33.707 +00:00 [INF] Executed action API.Controllers.AuthController.RefreshToken (API) in 20.6312ms
2026-06-13 14:16:33.707 +00:00 [INF] Executed endpoint 'API.Controllers.AuthController.RefreshToken (API)'
2026-06-13 14:16:33.707 +00:00 [INF] Request finished HTTP/1.1 POST http://192.168.1.6:8080/api/auth/refresh - 200 null application/json; charset=utf-8 38.0938ms
2026-06-13 14:21:05.792 +00:00 [INF] Request starting HTTP/1.1 OPTIONS http://192.168.1.6:8080/api/auth/refresh - null null
2026-06-13 14:21:05.792 +00:00 [INF] CORS policy execution successful.
2026-06-13 14:21:05.792 +00:00 [INF] Request finished HTTP/1.1 OPTIONS http://192.168.1.6:8080/api/auth/refresh - 204 null null 0.6892ms
2026-06-13 14:21:05.795 +00:00 [INF] Request starting HTTP/1.1 POST http://192.168.1.6:8080/api/auth/refresh - application/json 18
2026-06-13 14:21:05.796 +00:00 [INF] CORS policy execution successful.
2026-06-13 14:21:05.796 +00:00 [INF] ====== OnMessageReceived START ======
2026-06-13 14:21:05.796 +00:00 [INF] Available cookies: 2
2026-06-13 14:21:05.796 +00:00 [INF] Cookie: adminRefreshToken = 44 chars
2026-06-13 14:21:05.796 +00:00 [INF] Cookie: adminToken = 844 chars
2026-06-13 14:21:05.797 +00:00 [INF] Admin token found in cookies, length: 844
2026-06-13 14:21:05.797 +00:00 [INF] Admin token set in context
2026-06-13 14:21:05.797 +00:00 [INF] ====== OnMessageReceived END - Token set: true ======
2026-06-13 14:21:05.797 +00:00 [INF] Token validated successfully for user: lengyelnorbi
2026-06-13 14:21:05.797 +00:00 [INF] Device fingerprint headers - UA: Mozilla/5.0 (Windows NT 10.0; Win64; x64; rv:151.0) Gecko/20100101 Firefox/151.0, Accept: */*, Encoding: gzip, deflate
2026-06-13 14:21:05.797 +00:00 [INF] Device fingerprint validation: Stored=/a2uf4z8rcBIhIr7KGbd6aahMr80Bhj+9uyLiYNZ66A=, Current=/a2uf4z8rcBIhIr7KGbd6aahMr80Bhj+9uyLiYNZ66A=
2026-06-13 14:21:05.799 +00:00 [INF] Executed DbCommand (1ms) [Parameters=[@__jti_0='?', @__userId_1='?' (DbType = Int32)], CommandType='"Text"', CommandTimeout='30']
SELECT a."ID", a."CreatedAt", a."DeviceFingerprint", a."ExpiresAt", a."IpAddress", a."IsRevoked", a."UserID", a.jti
FROM "AccessTokens" AS a
WHERE a.jti = @__jti_0 AND a."UserID" = @__userId_1 AND NOT (a."IsRevoked") AND a."ExpiresAt" > now()
LIMIT 1
2026-06-13 14:21:05.800 +00:00 [INF] Executing endpoint 'API.Controllers.AuthController.RefreshToken (API)'
2026-06-13 14:21:05.800 +00:00 [INF] Route matched with {action = "RefreshToken", controller = "Auth"}. Executing controller action with signature System.Threading.Tasks.Task`1[Microsoft.AspNetCore.Mvc.IActionResult] RefreshToken(API.Models.RequestModels.RefreshRequest) on controller API.Controllers.AuthController (API).
2026-06-13 14:21:05.800 +00:00 [INF] Token refresh attempt at "2026-06-13T14:21:05.8008442Z"
2026-06-13 14:21:05.801 +00:00 [INF] Refreshing admin token at "2026-06-13T14:21:05.8010398Z"
2026-06-13 14:21:05.802 +00:00 [INF] Executed DbCommand (1ms) [Parameters=[@__tokenHash_0='?'], CommandType='"Text"', CommandTimeout='30']
SELECT r."ID", r."CreatedAt", r."DeviceFingerprint", r."ExpiresAt", r."IpAddress", r."IsRevoked", r."TokenHash", r."UserID"
FROM "RefreshTokens" AS r
WHERE r."TokenHash" = @__tokenHash_0 AND NOT (r."IsRevoked") AND r."ExpiresAt" > now()
ORDER BY r."CreatedAt" DESC
LIMIT 1
2026-06-13 14:21:05.802 +00:00 [INF] Mozilla/5.0 (Windows NT 10.0; Win64; x64; rv:151.0) Gecko/20100101 Firefox/151.0
2026-06-13 14:21:05.803 +00:00 [INF] Fetching user by ID from database...
2026-06-13 14:21:05.804 +00:00 [INF] Executed DbCommand (1ms) [Parameters=[@__id_0='?' (DbType = Int32)], CommandType='"Text"', CommandTimeout='30']
SELECT u."ID", u."Email", u."PasswordHash", u."RegisteredAt", u."Role", u."Username"
FROM "Users" AS u
WHERE u."ID" = @__id_0
LIMIT 1
2026-06-13 14:21:05.806 +00:00 [INF] Executed DbCommand (2ms) [Parameters=[@p0='?' (DbType = DateTime), @p1='?', @p2='?' (DbType = DateTime), @p3='?', @p4='?' (DbType = Int32), @p5='?'], CommandType='"Text"', CommandTimeout='30']
INSERT INTO "AccessTokens" ("CreatedAt", "DeviceFingerprint", "ExpiresAt", "IpAddress", "UserID", jti)
VALUES (@p0, @p1, @p2, @p3, @p4, @p5)
RETURNING "ID", "IsRevoked";
2026-06-13 14:21:05.808 +00:00 [INF] Executed DbCommand (1ms) [Parameters=[@__jti_0='?', @__userID_1='?' (DbType = Int32), @__deviceFingerprint_2='?', @__ipAddress_3='?'], CommandType='"Text"', CommandTimeout='30']
SELECT a."ID", a."CreatedAt", a."DeviceFingerprint", a."ExpiresAt", a."IpAddress", a."IsRevoked", a."UserID", a.jti
FROM "AccessTokens" AS a
WHERE a.jti = @__jti_0 AND a."UserID" = @__userID_1 AND a."DeviceFingerprint" = @__deviceFingerprint_2 AND a."IpAddress" = @__ipAddress_3
LIMIT 1
2026-06-13 14:21:05.808 +00:00 [INF] Attempting to revoke access token with jti 7575ee23-273d-4188-9cb3-f375be613096 for user 1 from device /a2uf4z8rcBIhIr7KGbd6aahMr80Bhj+9uyLiYNZ66A= and IP ::ffff:172.20.0.1
2026-06-13 14:21:05.809 +00:00 [INF] Access token found: API.Models.AccessToken
2026-06-13 14:21:05.810 +00:00 [INF] Executed DbCommand (1ms) [Parameters=[@p1='?' (DbType = Int32), @p0='?' (DbType = Boolean)], CommandType='"Text"', CommandTimeout='30']
UPDATE "AccessTokens" SET "IsRevoked" = @p0
WHERE "ID" = @p1;
2026-06-13 14:21:05.810 +00:00 [INF] Access token AccessToken for user 1 revoked: true
2026-06-13 14:21:05.813 +00:00 [INF] Executed DbCommand (2ms) [Parameters=[@p0='?' (DbType = DateTime), @p1='?', @p2='?' (DbType = DateTime), @p3='?', @p4='?', @p5='?' (DbType = Int32)], CommandType='"Text"', CommandTimeout='30']
INSERT INTO "RefreshTokens" ("CreatedAt", "DeviceFingerprint", "ExpiresAt", "IpAddress", "TokenHash", "UserID")
VALUES (@p0, @p1, @p2, @p3, @p4, @p5)
RETURNING "ID", "IsRevoked";
2026-06-13 14:21:05.815 +00:00 [INF] Executed DbCommand (1ms) [Parameters=[@__tokenHash_0='?', @__userId_1='?' (DbType = Int32), @__deviceFingerprint_2='?', @__ipAddress_3='?'], CommandType='"Text"', CommandTimeout='30']
SELECT r."ID", r."CreatedAt", r."DeviceFingerprint", r."ExpiresAt", r."IpAddress", r."IsRevoked", r."TokenHash", r."UserID"
FROM "RefreshTokens" AS r
WHERE r."TokenHash" = @__tokenHash_0 AND r."UserID" = @__userId_1 AND r."DeviceFingerprint" = @__deviceFingerprint_2 AND r."IpAddress" = @__ipAddress_3
LIMIT 1
2026-06-13 14:21:05.817 +00:00 [INF] Executed DbCommand (2ms) [Parameters=[@p1='?' (DbType = Int32), @p0='?' (DbType = Boolean)], CommandType='"Text"', CommandTimeout='30']
UPDATE "RefreshTokens" SET "IsRevoked" = @p0
WHERE "ID" = @p1;
2026-06-13 14:21:05.817 +00:00 [INF] Refresh token vr/VoKzoxjJ/keKIt8bkKWf9BuFxTyRaDcQHCObZQs4= for user 1 revoked: true
2026-06-13 14:21:05.817 +00:00 [INF] Token refreshed successfully for user 1 at "2026-06-13T14:21:05.8175233Z"
2026-06-13 14:21:05.817 +00:00 [INF] Executing OkObjectResult, writing value of type '<>f__AnonymousType3`2[[System.Boolean, System.Private.CoreLib, Version=9.0.0.0, Culture=neutral, PublicKeyToken=7cec85d7bea7798e],[System.Int32, System.Private.CoreLib, Version=9.0.0.0, Culture=neutral, PublicKeyToken=7cec85d7bea7798e]]'.
2026-06-13 14:21:05.818 +00:00 [INF] Executed action API.Controllers.AuthController.RefreshToken (API) in 17.4872ms
2026-06-13 14:21:05.818 +00:00 [INF] Executed endpoint 'API.Controllers.AuthController.RefreshToken (API)'
2026-06-13 14:21:05.818 +00:00 [INF] Request finished HTTP/1.1 POST http://192.168.1.6:8080/api/auth/refresh - 200 null application/json; charset=utf-8 22.4629ms
2026-06-13 14:25:35.830 +00:00 [INF] Request starting HTTP/1.1 OPTIONS http://192.168.1.6:8080/api/auth/refresh - null null
2026-06-13 14:25:35.830 +00:00 [INF] CORS policy execution successful.
2026-06-13 14:25:35.830 +00:00 [INF] Request finished HTTP/1.1 OPTIONS http://192.168.1.6:8080/api/auth/refresh - 204 null null 0.7773ms
2026-06-13 14:25:35.833 +00:00 [INF] Request starting HTTP/1.1 POST http://192.168.1.6:8080/api/auth/refresh - application/json 18
2026-06-13 14:25:35.833 +00:00 [INF] CORS policy execution successful.
2026-06-13 14:25:35.833 +00:00 [INF] ====== OnMessageReceived START ======
2026-06-13 14:25:35.833 +00:00 [INF] Available cookies: 2
2026-06-13 14:25:35.834 +00:00 [INF] Cookie: adminRefreshToken = 44 chars
2026-06-13 14:25:35.834 +00:00 [INF] Cookie: adminToken = 844 chars
2026-06-13 14:25:35.834 +00:00 [INF] Admin token found in cookies, length: 844
2026-06-13 14:25:35.834 +00:00 [INF] Admin token set in context
2026-06-13 14:25:35.834 +00:00 [INF] ====== OnMessageReceived END - Token set: true ======
2026-06-13 14:25:35.834 +00:00 [INF] Token validated successfully for user: lengyelnorbi
2026-06-13 14:25:35.835 +00:00 [INF] Device fingerprint headers - UA: Mozilla/5.0 (Windows NT 10.0; Win64; x64; rv:151.0) Gecko/20100101 Firefox/151.0, Accept: */*, Encoding: gzip, deflate
2026-06-13 14:25:35.835 +00:00 [INF] Device fingerprint validation: Stored=/a2uf4z8rcBIhIr7KGbd6aahMr80Bhj+9uyLiYNZ66A=, Current=/a2uf4z8rcBIhIr7KGbd6aahMr80Bhj+9uyLiYNZ66A=
2026-06-13 14:25:35.844 +00:00 [INF] Executed DbCommand (2ms) [Parameters=[@__jti_0='?', @__userId_1='?' (DbType = Int32)], CommandType='"Text"', CommandTimeout='30']
SELECT a."ID", a."CreatedAt", a."DeviceFingerprint", a."ExpiresAt", a."IpAddress", a."IsRevoked", a."UserID", a.jti
FROM "AccessTokens" AS a
WHERE a.jti = @__jti_0 AND a."UserID" = @__userId_1 AND NOT (a."IsRevoked") AND a."ExpiresAt" > now()
LIMIT 1
2026-06-13 14:25:35.845 +00:00 [INF] Executing endpoint 'API.Controllers.AuthController.RefreshToken (API)'
2026-06-13 14:25:35.845 +00:00 [INF] Route matched with {action = "RefreshToken", controller = "Auth"}. Executing controller action with signature System.Threading.Tasks.Task`1[Microsoft.AspNetCore.Mvc.IActionResult] RefreshToken(API.Models.RequestModels.RefreshRequest) on controller API.Controllers.AuthController (API).
2026-06-13 14:25:35.845 +00:00 [INF] Token refresh attempt at "2026-06-13T14:25:35.8457145Z"
2026-06-13 14:25:35.845 +00:00 [INF] Refreshing admin token at "2026-06-13T14:25:35.8459082Z"
2026-06-13 14:25:35.847 +00:00 [INF] Executed DbCommand (1ms) [Parameters=[@__tokenHash_0='?'], CommandType='"Text"', CommandTimeout='30']
SELECT r."ID", r."CreatedAt", r."DeviceFingerprint", r."ExpiresAt", r."IpAddress", r."IsRevoked", r."TokenHash", r."UserID"
FROM "RefreshTokens" AS r
WHERE r."TokenHash" = @__tokenHash_0 AND NOT (r."IsRevoked") AND r."ExpiresAt" > now()
ORDER BY r."CreatedAt" DESC
LIMIT 1
2026-06-13 14:25:35.847 +00:00 [INF] Mozilla/5.0 (Windows NT 10.0; Win64; x64; rv:151.0) Gecko/20100101 Firefox/151.0
2026-06-13 14:25:35.848 +00:00 [INF] Fetching user by ID from database...
2026-06-13 14:25:35.849 +00:00 [INF] Executed DbCommand (1ms) [Parameters=[@__id_0='?' (DbType = Int32)], CommandType='"Text"', CommandTimeout='30']
SELECT u."ID", u."Email", u."PasswordHash", u."RegisteredAt", u."Role", u."Username"
FROM "Users" AS u
WHERE u."ID" = @__id_0
LIMIT 1
2026-06-13 14:25:35.851 +00:00 [INF] Executed DbCommand (2ms) [Parameters=[@p0='?' (DbType = DateTime), @p1='?', @p2='?' (DbType = DateTime), @p3='?', @p4='?' (DbType = Int32), @p5='?'], CommandType='"Text"', CommandTimeout='30']
INSERT INTO "AccessTokens" ("CreatedAt", "DeviceFingerprint", "ExpiresAt", "IpAddress", "UserID", jti)
VALUES (@p0, @p1, @p2, @p3, @p4, @p5)
RETURNING "ID", "IsRevoked";
2026-06-13 14:25:35.853 +00:00 [INF] Executed DbCommand (1ms) [Parameters=[@__jti_0='?', @__userID_1='?' (DbType = Int32), @__deviceFingerprint_2='?', @__ipAddress_3='?'], CommandType='"Text"', CommandTimeout='30']
SELECT a."ID", a."CreatedAt", a."DeviceFingerprint", a."ExpiresAt", a."IpAddress", a."IsRevoked", a."UserID", a.jti
FROM "AccessTokens" AS a
WHERE a.jti = @__jti_0 AND a."UserID" = @__userID_1 AND a."DeviceFingerprint" = @__deviceFingerprint_2 AND a."IpAddress" = @__ipAddress_3
LIMIT 1
2026-06-13 14:25:35.853 +00:00 [INF] Attempting to revoke access token with jti 12be2ca1-c139-4c7f-a971-6f818028187c for user 1 from device /a2uf4z8rcBIhIr7KGbd6aahMr80Bhj+9uyLiYNZ66A= and IP ::ffff:172.20.0.1
2026-06-13 14:25:35.853 +00:00 [INF] Access token found: API.Models.AccessToken
2026-06-13 14:25:35.855 +00:00 [INF] Executed DbCommand (2ms) [Parameters=[@p1='?' (DbType = Int32), @p0='?' (DbType = Boolean)], CommandType='"Text"', CommandTimeout='30']
UPDATE "AccessTokens" SET "IsRevoked" = @p0
WHERE "ID" = @p1;
2026-06-13 14:25:35.855 +00:00 [INF] Access token AccessToken for user 1 revoked: true
2026-06-13 14:25:35.857 +00:00 [INF] Executed DbCommand (2ms) [Parameters=[@p0='?' (DbType = DateTime), @p1='?', @p2='?' (DbType = DateTime), @p3='?', @p4='?', @p5='?' (DbType = Int32)], CommandType='"Text"', CommandTimeout='30']
INSERT INTO "RefreshTokens" ("CreatedAt", "DeviceFingerprint", "ExpiresAt", "IpAddress", "TokenHash", "UserID")
VALUES (@p0, @p1, @p2, @p3, @p4, @p5)
RETURNING "ID", "IsRevoked";
2026-06-13 14:25:35.859 +00:00 [INF] Executed DbCommand (1ms) [Parameters=[@__tokenHash_0='?', @__userId_1='?' (DbType = Int32), @__deviceFingerprint_2='?', @__ipAddress_3='?'], CommandType='"Text"', CommandTimeout='30']
SELECT r."ID", r."CreatedAt", r."DeviceFingerprint", r."ExpiresAt", r."IpAddress", r."IsRevoked", r."TokenHash", r."UserID"
FROM "RefreshTokens" AS r
WHERE r."TokenHash" = @__tokenHash_0 AND r."UserID" = @__userId_1 AND r."DeviceFingerprint" = @__deviceFingerprint_2 AND r."IpAddress" = @__ipAddress_3
LIMIT 1
2026-06-13 14:25:35.860 +00:00 [INF] Executed DbCommand (1ms) [Parameters=[@p1='?' (DbType = Int32), @p0='?' (DbType = Boolean)], CommandType='"Text"', CommandTimeout='30']
UPDATE "RefreshTokens" SET "IsRevoked" = @p0
WHERE "ID" = @p1;
2026-06-13 14:25:35.861 +00:00 [INF] Refresh token YXYGokv+nLfhL+gG9zrgORyKD9JSuxfPlEtowbSfjRE= for user 1 revoked: true
2026-06-13 14:25:35.861 +00:00 [INF] Token refreshed successfully for user 1 at "2026-06-13T14:25:35.8614102Z"
2026-06-13 14:25:35.861 +00:00 [INF] Executing OkObjectResult, writing value of type '<>f__AnonymousType3`2[[System.Boolean, System.Private.CoreLib, Version=9.0.0.0, Culture=neutral, PublicKeyToken=7cec85d7bea7798e],[System.Int32, System.Private.CoreLib, Version=9.0.0.0, Culture=neutral, PublicKeyToken=7cec85d7bea7798e]]'.
2026-06-13 14:25:35.861 +00:00 [INF] Executed action API.Controllers.AuthController.RefreshToken (API) in 16.3416ms
2026-06-13 14:25:35.861 +00:00 [INF] Executed endpoint 'API.Controllers.AuthController.RefreshToken (API)'
2026-06-13 14:25:35.862 +00:00 [INF] Request finished HTTP/1.1 POST http://192.168.1.6:8080/api/auth/refresh - 200 null application/json; charset=utf-8 28.9141ms
2026-06-13 14:30:07.365 +00:00 [INF] Request starting HTTP/1.1 OPTIONS http://192.168.1.6:8080/api/auth/refresh - null null
2026-06-13 14:30:07.366 +00:00 [INF] CORS policy execution successful.
2026-06-13 14:30:07.366 +00:00 [INF] Request finished HTTP/1.1 OPTIONS http://192.168.1.6:8080/api/auth/refresh - 204 null null 0.6642ms
2026-06-13 14:30:07.368 +00:00 [INF] Request starting HTTP/1.1 POST http://192.168.1.6:8080/api/auth/refresh - application/json 18
2026-06-13 14:30:07.368 +00:00 [INF] CORS policy execution successful.
2026-06-13 14:30:07.369 +00:00 [INF] ====== OnMessageReceived START ======
2026-06-13 14:30:07.369 +00:00 [INF] Available cookies: 2
2026-06-13 14:30:07.369 +00:00 [INF] Cookie: adminRefreshToken = 44 chars
2026-06-13 14:30:07.369 +00:00 [INF] Cookie: adminToken = 844 chars
2026-06-13 14:30:07.370 +00:00 [INF] Admin token found in cookies, length: 844
2026-06-13 14:30:07.370 +00:00 [INF] Admin token set in context
2026-06-13 14:30:07.370 +00:00 [INF] ====== OnMessageReceived END - Token set: true ======
2026-06-13 14:30:07.370 +00:00 [INF] Token validated successfully for user: lengyelnorbi
2026-06-13 14:30:07.370 +00:00 [INF] Device fingerprint headers - UA: Mozilla/5.0 (Windows NT 10.0; Win64; x64; rv:151.0) Gecko/20100101 Firefox/151.0, Accept: */*, Encoding: gzip, deflate
2026-06-13 14:30:07.370 +00:00 [INF] Device fingerprint validation: Stored=/a2uf4z8rcBIhIr7KGbd6aahMr80Bhj+9uyLiYNZ66A=, Current=/a2uf4z8rcBIhIr7KGbd6aahMr80Bhj+9uyLiYNZ66A=
2026-06-13 14:30:07.372 +00:00 [INF] Executed DbCommand (1ms) [Parameters=[@__jti_0='?', @__userId_1='?' (DbType = Int32)], CommandType='"Text"', CommandTimeout='30']
SELECT a."ID", a."CreatedAt", a."DeviceFingerprint", a."ExpiresAt", a."IpAddress", a."IsRevoked", a."UserID", a.jti
FROM "AccessTokens" AS a
WHERE a.jti = @__jti_0 AND a."UserID" = @__userId_1 AND NOT (a."IsRevoked") AND a."ExpiresAt" > now()
LIMIT 1
2026-06-13 14:30:07.373 +00:00 [INF] Executing endpoint 'API.Controllers.AuthController.RefreshToken (API)'
2026-06-13 14:30:07.373 +00:00 [INF] Route matched with {action = "RefreshToken", controller = "Auth"}. Executing controller action with signature System.Threading.Tasks.Task`1[Microsoft.AspNetCore.Mvc.IActionResult] RefreshToken(API.Models.RequestModels.RefreshRequest) on controller API.Controllers.AuthController (API).
2026-06-13 14:30:07.373 +00:00 [INF] Token refresh attempt at "2026-06-13T14:30:07.3735988Z"
2026-06-13 14:30:07.373 +00:00 [INF] Refreshing admin token at "2026-06-13T14:30:07.3737285Z"
2026-06-13 14:30:07.375 +00:00 [INF] Executed DbCommand (1ms) [Parameters=[@__tokenHash_0='?'], CommandType='"Text"', CommandTimeout='30']
SELECT r."ID", r."CreatedAt", r."DeviceFingerprint", r."ExpiresAt", r."IpAddress", r."IsRevoked", r."TokenHash", r."UserID"
FROM "RefreshTokens" AS r
WHERE r."TokenHash" = @__tokenHash_0 AND NOT (r."IsRevoked") AND r."ExpiresAt" > now()
ORDER BY r."CreatedAt" DESC
LIMIT 1
2026-06-13 14:30:07.375 +00:00 [INF] Mozilla/5.0 (Windows NT 10.0; Win64; x64; rv:151.0) Gecko/20100101 Firefox/151.0
2026-06-13 14:30:07.375 +00:00 [INF] Fetching user by ID from database...
2026-06-13 14:30:07.376 +00:00 [INF] Executed DbCommand (1ms) [Parameters=[@__id_0='?' (DbType = Int32)], CommandType='"Text"', CommandTimeout='30']
SELECT u."ID", u."Email", u."PasswordHash", u."RegisteredAt", u."Role", u."Username"
FROM "Users" AS u
WHERE u."ID" = @__id_0
LIMIT 1
2026-06-13 14:30:07.378 +00:00 [INF] Executed DbCommand (2ms) [Parameters=[@p0='?' (DbType = DateTime), @p1='?', @p2='?' (DbType = DateTime), @p3='?', @p4='?' (DbType = Int32), @p5='?'], CommandType='"Text"', CommandTimeout='30']
INSERT INTO "AccessTokens" ("CreatedAt", "DeviceFingerprint", "ExpiresAt", "IpAddress", "UserID", jti)
VALUES (@p0, @p1, @p2, @p3, @p4, @p5)
RETURNING "ID", "IsRevoked";
2026-06-13 14:30:07.380 +00:00 [INF] Executed DbCommand (1ms) [Parameters=[@__jti_0='?', @__userID_1='?' (DbType = Int32), @__deviceFingerprint_2='?', @__ipAddress_3='?'], CommandType='"Text"', CommandTimeout='30']
SELECT a."ID", a."CreatedAt", a."DeviceFingerprint", a."ExpiresAt", a."IpAddress", a."IsRevoked", a."UserID", a.jti
FROM "AccessTokens" AS a
WHERE a.jti = @__jti_0 AND a."UserID" = @__userID_1 AND a."DeviceFingerprint" = @__deviceFingerprint_2 AND a."IpAddress" = @__ipAddress_3
LIMIT 1
2026-06-13 14:30:07.380 +00:00 [INF] Attempting to revoke access token with jti de2bb2b2-fede-4e9d-a45a-111c2f6756e6 for user 1 from device /a2uf4z8rcBIhIr7KGbd6aahMr80Bhj+9uyLiYNZ66A= and IP ::ffff:172.20.0.1
2026-06-13 14:30:07.380 +00:00 [INF] Access token found: API.Models.AccessToken
2026-06-13 14:30:07.382 +00:00 [INF] Executed DbCommand (1ms) [Parameters=[@p1='?' (DbType = Int32), @p0='?' (DbType = Boolean)], CommandType='"Text"', CommandTimeout='30']
UPDATE "AccessTokens" SET "IsRevoked" = @p0
WHERE "ID" = @p1;
2026-06-13 14:30:07.382 +00:00 [INF] Access token AccessToken for user 1 revoked: true
2026-06-13 14:30:07.384 +00:00 [INF] Executed DbCommand (2ms) [Parameters=[@p0='?' (DbType = DateTime), @p1='?', @p2='?' (DbType = DateTime), @p3='?', @p4='?', @p5='?' (DbType = Int32)], CommandType='"Text"', CommandTimeout='30']
INSERT INTO "RefreshTokens" ("CreatedAt", "DeviceFingerprint", "ExpiresAt", "IpAddress", "TokenHash", "UserID")
VALUES (@p0, @p1, @p2, @p3, @p4, @p5)
RETURNING "ID", "IsRevoked";
2026-06-13 14:30:07.385 +00:00 [INF] Executed DbCommand (1ms) [Parameters=[@__tokenHash_0='?', @__userId_1='?' (DbType = Int32), @__deviceFingerprint_2='?', @__ipAddress_3='?'], CommandType='"Text"', CommandTimeout='30']
SELECT r."ID", r."CreatedAt", r."DeviceFingerprint", r."ExpiresAt", r."IpAddress", r."IsRevoked", r."TokenHash", r."UserID"
FROM "RefreshTokens" AS r
WHERE r."TokenHash" = @__tokenHash_0 AND r."UserID" = @__userId_1 AND r."DeviceFingerprint" = @__deviceFingerprint_2 AND r."IpAddress" = @__ipAddress_3
LIMIT 1
2026-06-13 14:30:07.387 +00:00 [INF] Executed DbCommand (1ms) [Parameters=[@p1='?' (DbType = Int32), @p0='?' (DbType = Boolean)], CommandType='"Text"', CommandTimeout='30']
UPDATE "RefreshTokens" SET "IsRevoked" = @p0
WHERE "ID" = @p1;
2026-06-13 14:30:07.387 +00:00 [INF] Refresh token jP1e7rVGLSSsDB8K8oieXwIkPNGdlwguSE719o1B8hE= for user 1 revoked: true
2026-06-13 14:30:07.387 +00:00 [INF] Token refreshed successfully for user 1 at "2026-06-13T14:30:07.3875445Z"
2026-06-13 14:30:07.387 +00:00 [INF] Executing OkObjectResult, writing value of type '<>f__AnonymousType3`2[[System.Boolean, System.Private.CoreLib, Version=9.0.0.0, Culture=neutral, PublicKeyToken=7cec85d7bea7798e],[System.Int32, System.Private.CoreLib, Version=9.0.0.0, Culture=neutral, PublicKeyToken=7cec85d7bea7798e]]'.
2026-06-13 14:30:07.387 +00:00 [INF] Executed action API.Controllers.AuthController.RefreshToken (API) in 14.5441ms
2026-06-13 14:30:07.388 +00:00 [INF] Executed endpoint 'API.Controllers.AuthController.RefreshToken (API)'
2026-06-13 14:30:07.388 +00:00 [INF] Request finished HTTP/1.1 POST http://192.168.1.6:8080/api/auth/refresh - 200 null application/json; charset=utf-8 19.6094ms
2026-06-13 14:34:37.601 +00:00 [INF] Request starting HTTP/1.1 OPTIONS http://192.168.1.6:8080/api/auth/refresh - null null
2026-06-13 14:34:37.602 +00:00 [INF] CORS policy execution successful.
2026-06-13 14:34:37.602 +00:00 [INF] Request finished HTTP/1.1 OPTIONS http://192.168.1.6:8080/api/auth/refresh - 204 null null 1.0378ms
2026-06-13 14:34:37.606 +00:00 [INF] Request starting HTTP/1.1 POST http://192.168.1.6:8080/api/auth/refresh - application/json 18
2026-06-13 14:34:37.606 +00:00 [INF] CORS policy execution successful.
2026-06-13 14:34:37.606 +00:00 [INF] ====== OnMessageReceived START ======
2026-06-13 14:34:37.607 +00:00 [INF] Available cookies: 2
2026-06-13 14:34:37.607 +00:00 [INF] Cookie: adminRefreshToken = 44 chars
2026-06-13 14:34:37.607 +00:00 [INF] Cookie: adminToken = 844 chars
2026-06-13 14:34:37.607 +00:00 [INF] Admin token found in cookies, length: 844
2026-06-13 14:34:37.607 +00:00 [INF] Admin token set in context
2026-06-13 14:34:37.607 +00:00 [INF] ====== OnMessageReceived END - Token set: true ======
2026-06-13 14:34:37.608 +00:00 [INF] Token validated successfully for user: lengyelnorbi
2026-06-13 14:34:37.608 +00:00 [INF] Device fingerprint headers - UA: Mozilla/5.0 (Windows NT 10.0; Win64; x64; rv:151.0) Gecko/20100101 Firefox/151.0, Accept: */*, Encoding: gzip, deflate
2026-06-13 14:34:37.608 +00:00 [INF] Device fingerprint validation: Stored=/a2uf4z8rcBIhIr7KGbd6aahMr80Bhj+9uyLiYNZ66A=, Current=/a2uf4z8rcBIhIr7KGbd6aahMr80Bhj+9uyLiYNZ66A=
2026-06-13 14:34:37.620 +00:00 [INF] Executed DbCommand (2ms) [Parameters=[@__jti_0='?', @__userId_1='?' (DbType = Int32)], CommandType='"Text"', CommandTimeout='30']
SELECT a."ID", a."CreatedAt", a."DeviceFingerprint", a."ExpiresAt", a."IpAddress", a."IsRevoked", a."UserID", a.jti
FROM "AccessTokens" AS a
WHERE a.jti = @__jti_0 AND a."UserID" = @__userId_1 AND NOT (a."IsRevoked") AND a."ExpiresAt" > now()
LIMIT 1
2026-06-13 14:34:37.621 +00:00 [INF] Executing endpoint 'API.Controllers.AuthController.RefreshToken (API)'
2026-06-13 14:34:37.621 +00:00 [INF] Route matched with {action = "RefreshToken", controller = "Auth"}. Executing controller action with signature System.Threading.Tasks.Task`1[Microsoft.AspNetCore.Mvc.IActionResult] RefreshToken(API.Models.RequestModels.RefreshRequest) on controller API.Controllers.AuthController (API).
2026-06-13 14:34:37.622 +00:00 [INF] Token refresh attempt at "2026-06-13T14:34:37.6224010Z"
2026-06-13 14:34:37.622 +00:00 [INF] Refreshing admin token at "2026-06-13T14:34:37.6225793Z"
2026-06-13 14:34:37.625 +00:00 [INF] Executed DbCommand (2ms) [Parameters=[@__tokenHash_0='?'], CommandType='"Text"', CommandTimeout='30']
SELECT r."ID", r."CreatedAt", r."DeviceFingerprint", r."ExpiresAt", r."IpAddress", r."IsRevoked", r."TokenHash", r."UserID"
FROM "RefreshTokens" AS r
WHERE r."TokenHash" = @__tokenHash_0 AND NOT (r."IsRevoked") AND r."ExpiresAt" > now()
ORDER BY r."CreatedAt" DESC
LIMIT 1
2026-06-13 14:34:37.625 +00:00 [INF] Mozilla/5.0 (Windows NT 10.0; Win64; x64; rv:151.0) Gecko/20100101 Firefox/151.0
2026-06-13 14:34:37.625 +00:00 [INF] Fetching user by ID from database...
2026-06-13 14:34:37.627 +00:00 [INF] Executed DbCommand (1ms) [Parameters=[@__id_0='?' (DbType = Int32)], CommandType='"Text"', CommandTimeout='30']
SELECT u."ID", u."Email", u."PasswordHash", u."RegisteredAt", u."Role", u."Username"
FROM "Users" AS u
WHERE u."ID" = @__id_0
LIMIT 1
2026-06-13 14:34:37.630 +00:00 [INF] Executed DbCommand (2ms) [Parameters=[@p0='?' (DbType = DateTime), @p1='?', @p2='?' (DbType = DateTime), @p3='?', @p4='?' (DbType = Int32), @p5='?'], CommandType='"Text"', CommandTimeout='30']
INSERT INTO "AccessTokens" ("CreatedAt", "DeviceFingerprint", "ExpiresAt", "IpAddress", "UserID", jti)
VALUES (@p0, @p1, @p2, @p3, @p4, @p5)
RETURNING "ID", "IsRevoked";
2026-06-13 14:34:37.632 +00:00 [INF] Executed DbCommand (1ms) [Parameters=[@__jti_0='?', @__userID_1='?' (DbType = Int32), @__deviceFingerprint_2='?', @__ipAddress_3='?'], CommandType='"Text"', CommandTimeout='30']
SELECT a."ID", a."CreatedAt", a."DeviceFingerprint", a."ExpiresAt", a."IpAddress", a."IsRevoked", a."UserID", a.jti
FROM "AccessTokens" AS a
WHERE a.jti = @__jti_0 AND a."UserID" = @__userID_1 AND a."DeviceFingerprint" = @__deviceFingerprint_2 AND a."IpAddress" = @__ipAddress_3
LIMIT 1
2026-06-13 14:34:37.632 +00:00 [INF] Attempting to revoke access token with jti 8b027abc-7de1-4bb9-867f-fe96c314b233 for user 1 from device /a2uf4z8rcBIhIr7KGbd6aahMr80Bhj+9uyLiYNZ66A= and IP ::ffff:172.20.0.1
2026-06-13 14:34:37.632 +00:00 [INF] Access token found: API.Models.AccessToken
2026-06-13 14:34:37.634 +00:00 [INF] Executed DbCommand (2ms) [Parameters=[@p1='?' (DbType = Int32), @p0='?' (DbType = Boolean)], CommandType='"Text"', CommandTimeout='30']
UPDATE "AccessTokens" SET "IsRevoked" = @p0
WHERE "ID" = @p1;
2026-06-13 14:34:37.635 +00:00 [INF] Access token AccessToken for user 1 revoked: true
2026-06-13 14:34:37.637 +00:00 [INF] Executed DbCommand (2ms) [Parameters=[@p0='?' (DbType = DateTime), @p1='?', @p2='?' (DbType = DateTime), @p3='?', @p4='?', @p5='?' (DbType = Int32)], CommandType='"Text"', CommandTimeout='30']
INSERT INTO "RefreshTokens" ("CreatedAt", "DeviceFingerprint", "ExpiresAt", "IpAddress", "TokenHash", "UserID")
VALUES (@p0, @p1, @p2, @p3, @p4, @p5)
RETURNING "ID", "IsRevoked";
2026-06-13 14:34:37.639 +00:00 [INF] Executed DbCommand (1ms) [Parameters=[@__tokenHash_0='?', @__userId_1='?' (DbType = Int32), @__deviceFingerprint_2='?', @__ipAddress_3='?'], CommandType='"Text"', CommandTimeout='30']
SELECT r."ID", r."CreatedAt", r."DeviceFingerprint", r."ExpiresAt", r."IpAddress", r."IsRevoked", r."TokenHash", r."UserID"
FROM "RefreshTokens" AS r
WHERE r."TokenHash" = @__tokenHash_0 AND r."UserID" = @__userId_1 AND r."DeviceFingerprint" = @__deviceFingerprint_2 AND r."IpAddress" = @__ipAddress_3
LIMIT 1
2026-06-13 14:34:37.641 +00:00 [INF] Executed DbCommand (2ms) [Parameters=[@p1='?' (DbType = Int32), @p0='?' (DbType = Boolean)], CommandType='"Text"', CommandTimeout='30']
UPDATE "RefreshTokens" SET "IsRevoked" = @p0
WHERE "ID" = @p1;
2026-06-13 14:34:37.641 +00:00 [INF] Refresh token O5C/rmmZY7q8eN9ezx6ZcDw7y3FDkM1XOvHYWZLyRec= for user 1 revoked: true
2026-06-13 14:34:37.641 +00:00 [INF] Token refreshed successfully for user 1 at "2026-06-13T14:34:37.6417523Z"
2026-06-13 14:34:37.641 +00:00 [INF] Executing OkObjectResult, writing value of type '<>f__AnonymousType3`2[[System.Boolean, System.Private.CoreLib, Version=9.0.0.0, Culture=neutral, PublicKeyToken=7cec85d7bea7798e],[System.Int32, System.Private.CoreLib, Version=9.0.0.0, Culture=neutral, PublicKeyToken=7cec85d7bea7798e]]'.
2026-06-13 14:34:37.642 +00:00 [INF] Executed action API.Controllers.AuthController.RefreshToken (API) in 20.1991ms
2026-06-13 14:34:37.642 +00:00 [INF] Executed endpoint 'API.Controllers.AuthController.RefreshToken (API)'
2026-06-13 14:34:37.642 +00:00 [INF] Request finished HTTP/1.1 POST http://192.168.1.6:8080/api/auth/refresh - 200 null application/json; charset=utf-8 36.3969ms
2026-06-13 14:39:08.996 +00:00 [INF] Request starting HTTP/1.1 OPTIONS http://192.168.1.6:8080/api/auth/refresh - null null
2026-06-13 14:39:08.997 +00:00 [INF] CORS policy execution successful.
2026-06-13 14:39:08.997 +00:00 [INF] Request finished HTTP/1.1 OPTIONS http://192.168.1.6:8080/api/auth/refresh - 204 null null 0.8158ms
2026-06-13 14:39:09.000 +00:00 [INF] Request starting HTTP/1.1 POST http://192.168.1.6:8080/api/auth/refresh - application/json 18
2026-06-13 14:39:09.000 +00:00 [INF] CORS policy execution successful.
2026-06-13 14:39:09.001 +00:00 [INF] ====== OnMessageReceived START ======
2026-06-13 14:39:09.001 +00:00 [INF] Available cookies: 2
2026-06-13 14:39:09.001 +00:00 [INF] Cookie: adminRefreshToken = 44 chars
2026-06-13 14:39:09.001 +00:00 [INF] Cookie: adminToken = 844 chars
2026-06-13 14:39:09.001 +00:00 [INF] Admin token found in cookies, length: 844
2026-06-13 14:39:09.001 +00:00 [INF] Admin token set in context
2026-06-13 14:39:09.002 +00:00 [INF] ====== OnMessageReceived END - Token set: true ======
2026-06-13 14:39:09.002 +00:00 [INF] Token validated successfully for user: lengyelnorbi
2026-06-13 14:39:09.002 +00:00 [INF] Device fingerprint headers - UA: Mozilla/5.0 (Windows NT 10.0; Win64; x64; rv:151.0) Gecko/20100101 Firefox/151.0, Accept: */*, Encoding: gzip, deflate
2026-06-13 14:39:09.002 +00:00 [INF] Device fingerprint validation: Stored=/a2uf4z8rcBIhIr7KGbd6aahMr80Bhj+9uyLiYNZ66A=, Current=/a2uf4z8rcBIhIr7KGbd6aahMr80Bhj+9uyLiYNZ66A=
2026-06-13 14:39:09.005 +00:00 [INF] Executed DbCommand (1ms) [Parameters=[@__jti_0='?', @__userId_1='?' (DbType = Int32)], CommandType='"Text"', CommandTimeout='30']
SELECT a."ID", a."CreatedAt", a."DeviceFingerprint", a."ExpiresAt", a."IpAddress", a."IsRevoked", a."UserID", a.jti
FROM "AccessTokens" AS a
WHERE a.jti = @__jti_0 AND a."UserID" = @__userId_1 AND NOT (a."IsRevoked") AND a."ExpiresAt" > now()
LIMIT 1
2026-06-13 14:39:09.005 +00:00 [INF] Executing endpoint 'API.Controllers.AuthController.RefreshToken (API)'
2026-06-13 14:39:09.005 +00:00 [INF] Route matched with {action = "RefreshToken", controller = "Auth"}. Executing controller action with signature System.Threading.Tasks.Task`1[Microsoft.AspNetCore.Mvc.IActionResult] RefreshToken(API.Models.RequestModels.RefreshRequest) on controller API.Controllers.AuthController (API).
2026-06-13 14:39:09.006 +00:00 [INF] Token refresh attempt at "2026-06-13T14:39:09.0061867Z"
2026-06-13 14:39:09.006 +00:00 [INF] Refreshing admin token at "2026-06-13T14:39:09.0064312Z"
2026-06-13 14:39:09.008 +00:00 [INF] Executed DbCommand (1ms) [Parameters=[@__tokenHash_0='?'], CommandType='"Text"', CommandTimeout='30']
SELECT r."ID", r."CreatedAt", r."DeviceFingerprint", r."ExpiresAt", r."IpAddress", r."IsRevoked", r."TokenHash", r."UserID"
FROM "RefreshTokens" AS r
WHERE r."TokenHash" = @__tokenHash_0 AND NOT (r."IsRevoked") AND r."ExpiresAt" > now()
ORDER BY r."CreatedAt" DESC
LIMIT 1
2026-06-13 14:39:09.008 +00:00 [INF] Mozilla/5.0 (Windows NT 10.0; Win64; x64; rv:151.0) Gecko/20100101 Firefox/151.0
2026-06-13 14:39:09.008 +00:00 [INF] Fetching user by ID from database...
2026-06-13 14:39:09.010 +00:00 [INF] Executed DbCommand (1ms) [Parameters=[@__id_0='?' (DbType = Int32)], CommandType='"Text"', CommandTimeout='30']
SELECT u."ID", u."Email", u."PasswordHash", u."RegisteredAt", u."Role", u."Username"
FROM "Users" AS u
WHERE u."ID" = @__id_0
LIMIT 1
2026-06-13 14:39:09.012 +00:00 [INF] Executed DbCommand (2ms) [Parameters=[@p0='?' (DbType = DateTime), @p1='?', @p2='?' (DbType = DateTime), @p3='?', @p4='?' (DbType = Int32), @p5='?'], CommandType='"Text"', CommandTimeout='30']
INSERT INTO "AccessTokens" ("CreatedAt", "DeviceFingerprint", "ExpiresAt", "IpAddress", "UserID", jti)
VALUES (@p0, @p1, @p2, @p3, @p4, @p5)
RETURNING "ID", "IsRevoked";
2026-06-13 14:39:09.013 +00:00 [INF] Executed DbCommand (1ms) [Parameters=[@__jti_0='?', @__userID_1='?' (DbType = Int32), @__deviceFingerprint_2='?', @__ipAddress_3='?'], CommandType='"Text"', CommandTimeout='30']
SELECT a."ID", a."CreatedAt", a."DeviceFingerprint", a."ExpiresAt", a."IpAddress", a."IsRevoked", a."UserID", a.jti
FROM "AccessTokens" AS a
WHERE a.jti = @__jti_0 AND a."UserID" = @__userID_1 AND a."DeviceFingerprint" = @__deviceFingerprint_2 AND a."IpAddress" = @__ipAddress_3
LIMIT 1
2026-06-13 14:39:09.014 +00:00 [INF] Attempting to revoke access token with jti 870479cd-74b0-47ef-87f6-e2ecfd1daee0 for user 1 from device /a2uf4z8rcBIhIr7KGbd6aahMr80Bhj+9uyLiYNZ66A= and IP ::ffff:172.20.0.1
2026-06-13 14:39:09.014 +00:00 [INF] Access token found: API.Models.AccessToken
2026-06-13 14:39:09.016 +00:00 [INF] Executed DbCommand (2ms) [Parameters=[@p1='?' (DbType = Int32), @p0='?' (DbType = Boolean)], CommandType='"Text"', CommandTimeout='30']
UPDATE "AccessTokens" SET "IsRevoked" = @p0
WHERE "ID" = @p1;
2026-06-13 14:39:09.016 +00:00 [INF] Access token AccessToken for user 1 revoked: true
2026-06-13 14:39:09.018 +00:00 [INF] Executed DbCommand (2ms) [Parameters=[@p0='?' (DbType = DateTime), @p1='?', @p2='?' (DbType = DateTime), @p3='?', @p4='?', @p5='?' (DbType = Int32)], CommandType='"Text"', CommandTimeout='30']
INSERT INTO "RefreshTokens" ("CreatedAt", "DeviceFingerprint", "ExpiresAt", "IpAddress", "TokenHash", "UserID")
VALUES (@p0, @p1, @p2, @p3, @p4, @p5)
RETURNING "ID", "IsRevoked";
2026-06-13 14:39:09.020 +00:00 [INF] Executed DbCommand (1ms) [Parameters=[@__tokenHash_0='?', @__userId_1='?' (DbType = Int32), @__deviceFingerprint_2='?', @__ipAddress_3='?'], CommandType='"Text"', CommandTimeout='30']
SELECT r."ID", r."CreatedAt", r."DeviceFingerprint", r."ExpiresAt", r."IpAddress", r."IsRevoked", r."TokenHash", r."UserID"
FROM "RefreshTokens" AS r
WHERE r."TokenHash" = @__tokenHash_0 AND r."UserID" = @__userId_1 AND r."DeviceFingerprint" = @__deviceFingerprint_2 AND r."IpAddress" = @__ipAddress_3
LIMIT 1
2026-06-13 14:39:09.022 +00:00 [INF] Executed DbCommand (2ms) [Parameters=[@p1='?' (DbType = Int32), @p0='?' (DbType = Boolean)], CommandType='"Text"', CommandTimeout='30']
UPDATE "RefreshTokens" SET "IsRevoked" = @p0
WHERE "ID" = @p1;
2026-06-13 14:39:09.022 +00:00 [INF] Refresh token rlus7PRMnUwwKQw8WaxbS3OmxXJDQLJxPcIOeIuFOWQ= for user 1 revoked: true
2026-06-13 14:39:09.022 +00:00 [INF] Token refreshed successfully for user 1 at "2026-06-13T14:39:09.0227821Z"
2026-06-13 14:39:09.022 +00:00 [INF] Executing OkObjectResult, writing value of type '<>f__AnonymousType3`2[[System.Boolean, System.Private.CoreLib, Version=9.0.0.0, Culture=neutral, PublicKeyToken=7cec85d7bea7798e],[System.Int32, System.Private.CoreLib, Version=9.0.0.0, Culture=neutral, PublicKeyToken=7cec85d7bea7798e]]'.
2026-06-13 14:39:09.023 +00:00 [INF] Executed action API.Controllers.AuthController.RefreshToken (API) in 17.3687ms
2026-06-13 14:39:09.023 +00:00 [INF] Executed endpoint 'API.Controllers.AuthController.RefreshToken (API)'
2026-06-13 14:39:09.023 +00:00 [INF] Request finished HTTP/1.1 POST http://192.168.1.6:8080/api/auth/refresh - 200 null application/json; charset=utf-8 22.8277ms
2026-06-13 14:43:41.452 +00:00 [INF] Request starting HTTP/1.1 OPTIONS http://192.168.1.6:8080/api/auth/refresh - null null
2026-06-13 14:43:41.453 +00:00 [INF] CORS policy execution successful.
2026-06-13 14:43:41.453 +00:00 [INF] Request finished HTTP/1.1 OPTIONS http://192.168.1.6:8080/api/auth/refresh - 204 null null 0.7405ms
2026-06-13 14:43:41.456 +00:00 [INF] Request starting HTTP/1.1 POST http://192.168.1.6:8080/api/auth/refresh - application/json 18
2026-06-13 14:43:41.456 +00:00 [INF] CORS policy execution successful.
2026-06-13 14:43:41.456 +00:00 [INF] ====== OnMessageReceived START ======
2026-06-13 14:43:41.456 +00:00 [INF] Available cookies: 2
2026-06-13 14:43:41.456 +00:00 [INF] Cookie: adminRefreshToken = 44 chars
2026-06-13 14:43:41.457 +00:00 [INF] Cookie: adminToken = 844 chars
2026-06-13 14:43:41.457 +00:00 [INF] Admin token found in cookies, length: 844
2026-06-13 14:43:41.457 +00:00 [INF] Admin token set in context
2026-06-13 14:43:41.457 +00:00 [INF] ====== OnMessageReceived END - Token set: true ======
2026-06-13 14:43:41.457 +00:00 [INF] Token validated successfully for user: lengyelnorbi
2026-06-13 14:43:41.457 +00:00 [INF] Device fingerprint headers - UA: Mozilla/5.0 (Windows NT 10.0; Win64; x64; rv:151.0) Gecko/20100101 Firefox/151.0, Accept: */*, Encoding: gzip, deflate
2026-06-13 14:43:41.458 +00:00 [INF] Device fingerprint validation: Stored=/a2uf4z8rcBIhIr7KGbd6aahMr80Bhj+9uyLiYNZ66A=, Current=/a2uf4z8rcBIhIr7KGbd6aahMr80Bhj+9uyLiYNZ66A=
2026-06-13 14:43:41.469 +00:00 [INF] Executed DbCommand (2ms) [Parameters=[@__jti_0='?', @__userId_1='?' (DbType = Int32)], CommandType='"Text"', CommandTimeout='30']
SELECT a."ID", a."CreatedAt", a."DeviceFingerprint", a."ExpiresAt", a."IpAddress", a."IsRevoked", a."UserID", a.jti
FROM "AccessTokens" AS a
WHERE a.jti = @__jti_0 AND a."UserID" = @__userId_1 AND NOT (a."IsRevoked") AND a."ExpiresAt" > now()
LIMIT 1
2026-06-13 14:43:41.470 +00:00 [INF] Executing endpoint 'API.Controllers.AuthController.RefreshToken (API)'
2026-06-13 14:43:41.470 +00:00 [INF] Route matched with {action = "RefreshToken", controller = "Auth"}. Executing controller action with signature System.Threading.Tasks.Task`1[Microsoft.AspNetCore.Mvc.IActionResult] RefreshToken(API.Models.RequestModels.RefreshRequest) on controller API.Controllers.AuthController (API).
2026-06-13 14:43:41.470 +00:00 [INF] Token refresh attempt at "2026-06-13T14:43:41.4708852Z"
2026-06-13 14:43:41.471 +00:00 [INF] Refreshing admin token at "2026-06-13T14:43:41.4710473Z"
2026-06-13 14:43:41.473 +00:00 [INF] Executed DbCommand (2ms) [Parameters=[@__tokenHash_0='?'], CommandType='"Text"', CommandTimeout='30']
SELECT r."ID", r."CreatedAt", r."DeviceFingerprint", r."ExpiresAt", r."IpAddress", r."IsRevoked", r."TokenHash", r."UserID"
FROM "RefreshTokens" AS r
WHERE r."TokenHash" = @__tokenHash_0 AND NOT (r."IsRevoked") AND r."ExpiresAt" > now()
ORDER BY r."CreatedAt" DESC
LIMIT 1
2026-06-13 14:43:41.473 +00:00 [INF] Mozilla/5.0 (Windows NT 10.0; Win64; x64; rv:151.0) Gecko/20100101 Firefox/151.0
2026-06-13 14:43:41.473 +00:00 [INF] Fetching user by ID from database...
2026-06-13 14:43:41.474 +00:00 [INF] Executed DbCommand (1ms) [Parameters=[@__id_0='?' (DbType = Int32)], CommandType='"Text"', CommandTimeout='30']
SELECT u."ID", u."Email", u."PasswordHash", u."RegisteredAt", u."Role", u."Username"
FROM "Users" AS u
WHERE u."ID" = @__id_0
LIMIT 1
2026-06-13 14:43:41.477 +00:00 [INF] Executed DbCommand (2ms) [Parameters=[@p0='?' (DbType = DateTime), @p1='?', @p2='?' (DbType = DateTime), @p3='?', @p4='?' (DbType = Int32), @p5='?'], CommandType='"Text"', CommandTimeout='30']
INSERT INTO "AccessTokens" ("CreatedAt", "DeviceFingerprint", "ExpiresAt", "IpAddress", "UserID", jti)
VALUES (@p0, @p1, @p2, @p3, @p4, @p5)
RETURNING "ID", "IsRevoked";
2026-06-13 14:43:41.478 +00:00 [INF] Executed DbCommand (1ms) [Parameters=[@__jti_0='?', @__userID_1='?' (DbType = Int32), @__deviceFingerprint_2='?', @__ipAddress_3='?'], CommandType='"Text"', CommandTimeout='30']
SELECT a."ID", a."CreatedAt", a."DeviceFingerprint", a."ExpiresAt", a."IpAddress", a."IsRevoked", a."UserID", a.jti
FROM "AccessTokens" AS a
WHERE a.jti = @__jti_0 AND a."UserID" = @__userID_1 AND a."DeviceFingerprint" = @__deviceFingerprint_2 AND a."IpAddress" = @__ipAddress_3
LIMIT 1
2026-06-13 14:43:41.478 +00:00 [INF] Attempting to revoke access token with jti 53f5cbbc-452d-4c09-b69e-3f55c6554c00 for user 1 from device /a2uf4z8rcBIhIr7KGbd6aahMr80Bhj+9uyLiYNZ66A= and IP ::ffff:172.20.0.1
2026-06-13 14:43:41.479 +00:00 [INF] Access token found: API.Models.AccessToken
2026-06-13 14:43:41.480 +00:00 [INF] Executed DbCommand (2ms) [Parameters=[@p1='?' (DbType = Int32), @p0='?' (DbType = Boolean)], CommandType='"Text"', CommandTimeout='30']
UPDATE "AccessTokens" SET "IsRevoked" = @p0
WHERE "ID" = @p1;
2026-06-13 14:43:41.481 +00:00 [INF] Access token AccessToken for user 1 revoked: true
2026-06-13 14:43:41.483 +00:00 [INF] Executed DbCommand (2ms) [Parameters=[@p0='?' (DbType = DateTime), @p1='?', @p2='?' (DbType = DateTime), @p3='?', @p4='?', @p5='?' (DbType = Int32)], CommandType='"Text"', CommandTimeout='30']
INSERT INTO "RefreshTokens" ("CreatedAt", "DeviceFingerprint", "ExpiresAt", "IpAddress", "TokenHash", "UserID")
VALUES (@p0, @p1, @p2, @p3, @p4, @p5)
RETURNING "ID", "IsRevoked";
2026-06-13 14:43:41.484 +00:00 [INF] Executed DbCommand (1ms) [Parameters=[@__tokenHash_0='?', @__userId_1='?' (DbType = Int32), @__deviceFingerprint_2='?', @__ipAddress_3='?'], CommandType='"Text"', CommandTimeout='30']
SELECT r."ID", r."CreatedAt", r."DeviceFingerprint", r."ExpiresAt", r."IpAddress", r."IsRevoked", r."TokenHash", r."UserID"
FROM "RefreshTokens" AS r
WHERE r."TokenHash" = @__tokenHash_0 AND r."UserID" = @__userId_1 AND r."DeviceFingerprint" = @__deviceFingerprint_2 AND r."IpAddress" = @__ipAddress_3
LIMIT 1
2026-06-13 14:43:41.486 +00:00 [INF] Executed DbCommand (1ms) [Parameters=[@p1='?' (DbType = Int32), @p0='?' (DbType = Boolean)], CommandType='"Text"', CommandTimeout='30']
UPDATE "RefreshTokens" SET "IsRevoked" = @p0
WHERE "ID" = @p1;
2026-06-13 14:43:41.486 +00:00 [INF] Refresh token G8K9fxNJsMIGE/a/41SK8te1My+zToyJgyditL+NxHM= for user 1 revoked: true
2026-06-13 14:43:41.486 +00:00 [INF] Token refreshed successfully for user 1 at "2026-06-13T14:43:41.4867242Z"
2026-06-13 14:43:41.487 +00:00 [INF] Executing OkObjectResult, writing value of type '<>f__AnonymousType3`2[[System.Boolean, System.Private.CoreLib, Version=9.0.0.0, Culture=neutral, PublicKeyToken=7cec85d7bea7798e],[System.Int32, System.Private.CoreLib, Version=9.0.0.0, Culture=neutral, PublicKeyToken=7cec85d7bea7798e]]'.
2026-06-13 14:43:41.487 +00:00 [INF] Executed action API.Controllers.AuthController.RefreshToken (API) in 16.6289ms
2026-06-13 14:43:41.487 +00:00 [INF] Executed endpoint 'API.Controllers.AuthController.RefreshToken (API)'
2026-06-13 14:43:41.487 +00:00 [INF] Request finished HTTP/1.1 POST http://192.168.1.6:8080/api/auth/refresh - 200 null application/json; charset=utf-8 31.5929ms
2026-06-13 14:48:12.153 +00:00 [INF] Request starting HTTP/1.1 OPTIONS http://192.168.1.6:8080/api/auth/refresh - null null
2026-06-13 14:48:12.154 +00:00 [INF] CORS policy execution successful.
2026-06-13 14:48:12.154 +00:00 [INF] Request finished HTTP/1.1 OPTIONS http://192.168.1.6:8080/api/auth/refresh - 204 null null 0.9236ms
2026-06-13 14:48:12.157 +00:00 [INF] Request starting HTTP/1.1 POST http://192.168.1.6:8080/api/auth/refresh - application/json 18
2026-06-13 14:48:12.158 +00:00 [INF] CORS policy execution successful.
2026-06-13 14:48:12.158 +00:00 [INF] ====== OnMessageReceived START ======
2026-06-13 14:48:12.158 +00:00 [INF] Available cookies: 2
2026-06-13 14:48:12.158 +00:00 [INF] Cookie: adminRefreshToken = 44 chars
2026-06-13 14:48:12.158 +00:00 [INF] Cookie: adminToken = 844 chars
2026-06-13 14:48:12.158 +00:00 [INF] Admin token found in cookies, length: 844
2026-06-13 14:48:12.159 +00:00 [INF] Admin token set in context
2026-06-13 14:48:12.159 +00:00 [INF] ====== OnMessageReceived END - Token set: true ======
2026-06-13 14:48:12.159 +00:00 [INF] Token validated successfully for user: lengyelnorbi
2026-06-13 14:48:12.159 +00:00 [INF] Device fingerprint headers - UA: Mozilla/5.0 (Windows NT 10.0; Win64; x64; rv:151.0) Gecko/20100101 Firefox/151.0, Accept: */*, Encoding: gzip, deflate
2026-06-13 14:48:12.159 +00:00 [INF] Device fingerprint validation: Stored=/a2uf4z8rcBIhIr7KGbd6aahMr80Bhj+9uyLiYNZ66A=, Current=/a2uf4z8rcBIhIr7KGbd6aahMr80Bhj+9uyLiYNZ66A=
2026-06-13 14:48:12.161 +00:00 [INF] Executed DbCommand (1ms) [Parameters=[@__jti_0='?', @__userId_1='?' (DbType = Int32)], CommandType='"Text"', CommandTimeout='30']
SELECT a."ID", a."CreatedAt", a."DeviceFingerprint", a."ExpiresAt", a."IpAddress", a."IsRevoked", a."UserID", a.jti
FROM "AccessTokens" AS a
WHERE a.jti = @__jti_0 AND a."UserID" = @__userId_1 AND NOT (a."IsRevoked") AND a."ExpiresAt" > now()
LIMIT 1
2026-06-13 14:48:12.162 +00:00 [INF] Executing endpoint 'API.Controllers.AuthController.RefreshToken (API)'
2026-06-13 14:48:12.162 +00:00 [INF] Route matched with {action = "RefreshToken", controller = "Auth"}. Executing controller action with signature System.Threading.Tasks.Task`1[Microsoft.AspNetCore.Mvc.IActionResult] RefreshToken(API.Models.RequestModels.RefreshRequest) on controller API.Controllers.AuthController (API).
2026-06-13 14:48:12.162 +00:00 [INF] Token refresh attempt at "2026-06-13T14:48:12.1626573Z"
2026-06-13 14:48:12.162 +00:00 [INF] Refreshing admin token at "2026-06-13T14:48:12.1628251Z"
2026-06-13 14:48:12.164 +00:00 [INF] Executed DbCommand (1ms) [Parameters=[@__tokenHash_0='?'], CommandType='"Text"', CommandTimeout='30']
SELECT r."ID", r."CreatedAt", r."DeviceFingerprint", r."ExpiresAt", r."IpAddress", r."IsRevoked", r."TokenHash", r."UserID"
FROM "RefreshTokens" AS r
WHERE r."TokenHash" = @__tokenHash_0 AND NOT (r."IsRevoked") AND r."ExpiresAt" > now()
ORDER BY r."CreatedAt" DESC
LIMIT 1
2026-06-13 14:48:12.164 +00:00 [INF] Mozilla/5.0 (Windows NT 10.0; Win64; x64; rv:151.0) Gecko/20100101 Firefox/151.0
2026-06-13 14:48:12.164 +00:00 [INF] Fetching user by ID from database...
2026-06-13 14:48:12.165 +00:00 [INF] Executed DbCommand (1ms) [Parameters=[@__id_0='?' (DbType = Int32)], CommandType='"Text"', CommandTimeout='30']
SELECT u."ID", u."Email", u."PasswordHash", u."RegisteredAt", u."Role", u."Username"
FROM "Users" AS u
WHERE u."ID" = @__id_0
LIMIT 1
2026-06-13 14:48:12.169 +00:00 [INF] Executed DbCommand (3ms) [Parameters=[@p0='?' (DbType = DateTime), @p1='?', @p2='?' (DbType = DateTime), @p3='?', @p4='?' (DbType = Int32), @p5='?'], CommandType='"Text"', CommandTimeout='30']
INSERT INTO "AccessTokens" ("CreatedAt", "DeviceFingerprint", "ExpiresAt", "IpAddress", "UserID", jti)
VALUES (@p0, @p1, @p2, @p3, @p4, @p5)
RETURNING "ID", "IsRevoked";
2026-06-13 14:48:12.171 +00:00 [INF] Executed DbCommand (1ms) [Parameters=[@__jti_0='?', @__userID_1='?' (DbType = Int32), @__deviceFingerprint_2='?', @__ipAddress_3='?'], CommandType='"Text"', CommandTimeout='30']
SELECT a."ID", a."CreatedAt", a."DeviceFingerprint", a."ExpiresAt", a."IpAddress", a."IsRevoked", a."UserID", a.jti
FROM "AccessTokens" AS a
WHERE a.jti = @__jti_0 AND a."UserID" = @__userID_1 AND a."DeviceFingerprint" = @__deviceFingerprint_2 AND a."IpAddress" = @__ipAddress_3
LIMIT 1
2026-06-13 14:48:12.171 +00:00 [INF] Attempting to revoke access token with jti 96849235-8ce5-4f49-a82e-44dbd0f7d3b5 for user 1 from device /a2uf4z8rcBIhIr7KGbd6aahMr80Bhj+9uyLiYNZ66A= and IP ::ffff:172.20.0.1
2026-06-13 14:48:12.171 +00:00 [INF] Access token found: API.Models.AccessToken
2026-06-13 14:48:12.173 +00:00 [INF] Executed DbCommand (1ms) [Parameters=[@p1='?' (DbType = Int32), @p0='?' (DbType = Boolean)], CommandType='"Text"', CommandTimeout='30']
UPDATE "AccessTokens" SET "IsRevoked" = @p0
WHERE "ID" = @p1;
2026-06-13 14:48:12.173 +00:00 [INF] Access token AccessToken for user 1 revoked: true
2026-06-13 14:48:12.175 +00:00 [INF] Executed DbCommand (2ms) [Parameters=[@p0='?' (DbType = DateTime), @p1='?', @p2='?' (DbType = DateTime), @p3='?', @p4='?', @p5='?' (DbType = Int32)], CommandType='"Text"', CommandTimeout='30']
INSERT INTO "RefreshTokens" ("CreatedAt", "DeviceFingerprint", "ExpiresAt", "IpAddress", "TokenHash", "UserID")
VALUES (@p0, @p1, @p2, @p3, @p4, @p5)
RETURNING "ID", "IsRevoked";
2026-06-13 14:48:12.176 +00:00 [INF] Executed DbCommand (1ms) [Parameters=[@__tokenHash_0='?', @__userId_1='?' (DbType = Int32), @__deviceFingerprint_2='?', @__ipAddress_3='?'], CommandType='"Text"', CommandTimeout='30']
SELECT r."ID", r."CreatedAt", r."DeviceFingerprint", r."ExpiresAt", r."IpAddress", r."IsRevoked", r."TokenHash", r."UserID"
FROM "RefreshTokens" AS r
WHERE r."TokenHash" = @__tokenHash_0 AND r."UserID" = @__userId_1 AND r."DeviceFingerprint" = @__deviceFingerprint_2 AND r."IpAddress" = @__ipAddress_3
LIMIT 1
2026-06-13 14:48:12.178 +00:00 [INF] Executed DbCommand (2ms) [Parameters=[@p1='?' (DbType = Int32), @p0='?' (DbType = Boolean)], CommandType='"Text"', CommandTimeout='30']
UPDATE "RefreshTokens" SET "IsRevoked" = @p0
WHERE "ID" = @p1;
2026-06-13 14:48:12.178 +00:00 [INF] Refresh token +Ft25AOkaAQOBOsTGY2FE3LXLZRm2RVNu3SC4wF5h9M= for user 1 revoked: true
2026-06-13 14:48:12.179 +00:00 [INF] Token refreshed successfully for user 1 at "2026-06-13T14:48:12.1790440Z"
2026-06-13 14:48:12.179 +00:00 [INF] Executing OkObjectResult, writing value of type '<>f__AnonymousType3`2[[System.Boolean, System.Private.CoreLib, Version=9.0.0.0, Culture=neutral, PublicKeyToken=7cec85d7bea7798e],[System.Int32, System.Private.CoreLib, Version=9.0.0.0, Culture=neutral, PublicKeyToken=7cec85d7bea7798e]]'.
2026-06-13 14:48:12.179 +00:00 [INF] Executed action API.Controllers.AuthController.RefreshToken (API) in 17.136ms
2026-06-13 14:48:12.179 +00:00 [INF] Executed endpoint 'API.Controllers.AuthController.RefreshToken (API)'
2026-06-13 14:48:12.179 +00:00 [INF] Request finished HTTP/1.1 POST http://192.168.1.6:8080/api/auth/refresh - 200 null application/json; charset=utf-8 22.0569ms
2026-06-13 14:52:44.462 +00:00 [INF] Request starting HTTP/1.1 OPTIONS http://192.168.1.6:8080/api/auth/refresh - null null
2026-06-13 14:52:44.463 +00:00 [INF] CORS policy execution successful.
2026-06-13 14:52:44.463 +00:00 [INF] Request finished HTTP/1.1 OPTIONS http://192.168.1.6:8080/api/auth/refresh - 204 null null 0.7419ms
2026-06-13 14:52:44.466 +00:00 [INF] Request starting HTTP/1.1 POST http://192.168.1.6:8080/api/auth/refresh - application/json 18
2026-06-13 14:52:44.466 +00:00 [INF] CORS policy execution successful.
2026-06-13 14:52:44.466 +00:00 [INF] ====== OnMessageReceived START ======
2026-06-13 14:52:44.466 +00:00 [INF] Available cookies: 2
2026-06-13 14:52:44.466 +00:00 [INF] Cookie: adminRefreshToken = 44 chars
2026-06-13 14:52:44.467 +00:00 [INF] Cookie: adminToken = 844 chars
2026-06-13 14:52:44.467 +00:00 [INF] Admin token found in cookies, length: 844
2026-06-13 14:52:44.467 +00:00 [INF] Admin token set in context
2026-06-13 14:52:44.467 +00:00 [INF] ====== OnMessageReceived END - Token set: true ======
2026-06-13 14:52:44.467 +00:00 [INF] Token validated successfully for user: lengyelnorbi
2026-06-13 14:52:44.467 +00:00 [INF] Device fingerprint headers - UA: Mozilla/5.0 (Windows NT 10.0; Win64; x64; rv:151.0) Gecko/20100101 Firefox/151.0, Accept: */*, Encoding: gzip, deflate
2026-06-13 14:52:44.467 +00:00 [INF] Device fingerprint validation: Stored=/a2uf4z8rcBIhIr7KGbd6aahMr80Bhj+9uyLiYNZ66A=, Current=/a2uf4z8rcBIhIr7KGbd6aahMr80Bhj+9uyLiYNZ66A=
2026-06-13 14:52:44.478 +00:00 [INF] Executed DbCommand (2ms) [Parameters=[@__jti_0='?', @__userId_1='?' (DbType = Int32)], CommandType='"Text"', CommandTimeout='30']
SELECT a."ID", a."CreatedAt", a."DeviceFingerprint", a."ExpiresAt", a."IpAddress", a."IsRevoked", a."UserID", a.jti
FROM "AccessTokens" AS a
WHERE a.jti = @__jti_0 AND a."UserID" = @__userId_1 AND NOT (a."IsRevoked") AND a."ExpiresAt" > now()
LIMIT 1
2026-06-13 14:52:44.478 +00:00 [INF] Executing endpoint 'API.Controllers.AuthController.RefreshToken (API)'
2026-06-13 14:52:44.478 +00:00 [INF] Route matched with {action = "RefreshToken", controller = "Auth"}. Executing controller action with signature System.Threading.Tasks.Task`1[Microsoft.AspNetCore.Mvc.IActionResult] RefreshToken(API.Models.RequestModels.RefreshRequest) on controller API.Controllers.AuthController (API).
2026-06-13 14:52:44.479 +00:00 [INF] Token refresh attempt at "2026-06-13T14:52:44.4791634Z"
2026-06-13 14:52:44.479 +00:00 [INF] Refreshing admin token at "2026-06-13T14:52:44.4793198Z"
2026-06-13 14:52:44.480 +00:00 [INF] Executed DbCommand (1ms) [Parameters=[@__tokenHash_0='?'], CommandType='"Text"', CommandTimeout='30']
SELECT r."ID", r."CreatedAt", r."DeviceFingerprint", r."ExpiresAt", r."IpAddress", r."IsRevoked", r."TokenHash", r."UserID"
FROM "RefreshTokens" AS r
WHERE r."TokenHash" = @__tokenHash_0 AND NOT (r."IsRevoked") AND r."ExpiresAt" > now()
ORDER BY r."CreatedAt" DESC
LIMIT 1
2026-06-13 14:52:44.480 +00:00 [INF] Mozilla/5.0 (Windows NT 10.0; Win64; x64; rv:151.0) Gecko/20100101 Firefox/151.0
2026-06-13 14:52:44.481 +00:00 [INF] Fetching user by ID from database...
2026-06-13 14:52:44.482 +00:00 [INF] Executed DbCommand (1ms) [Parameters=[@__id_0='?' (DbType = Int32)], CommandType='"Text"', CommandTimeout='30']
SELECT u."ID", u."Email", u."PasswordHash", u."RegisteredAt", u."Role", u."Username"
FROM "Users" AS u
WHERE u."ID" = @__id_0
LIMIT 1
2026-06-13 14:52:44.484 +00:00 [INF] Executed DbCommand (2ms) [Parameters=[@p0='?' (DbType = DateTime), @p1='?', @p2='?' (DbType = DateTime), @p3='?', @p4='?' (DbType = Int32), @p5='?'], CommandType='"Text"', CommandTimeout='30']
INSERT INTO "AccessTokens" ("CreatedAt", "DeviceFingerprint", "ExpiresAt", "IpAddress", "UserID", jti)
VALUES (@p0, @p1, @p2, @p3, @p4, @p5)
RETURNING "ID", "IsRevoked";
2026-06-13 14:52:44.486 +00:00 [INF] Executed DbCommand (1ms) [Parameters=[@__jti_0='?', @__userID_1='?' (DbType = Int32), @__deviceFingerprint_2='?', @__ipAddress_3='?'], CommandType='"Text"', CommandTimeout='30']
SELECT a."ID", a."CreatedAt", a."DeviceFingerprint", a."ExpiresAt", a."IpAddress", a."IsRevoked", a."UserID", a.jti
FROM "AccessTokens" AS a
WHERE a.jti = @__jti_0 AND a."UserID" = @__userID_1 AND a."DeviceFingerprint" = @__deviceFingerprint_2 AND a."IpAddress" = @__ipAddress_3
LIMIT 1
2026-06-13 14:52:44.486 +00:00 [INF] Attempting to revoke access token with jti bf2f196b-726a-46e8-9be5-f78b61343faa for user 1 from device /a2uf4z8rcBIhIr7KGbd6aahMr80Bhj+9uyLiYNZ66A= and IP ::ffff:172.20.0.1
2026-06-13 14:52:44.486 +00:00 [INF] Access token found: API.Models.AccessToken
2026-06-13 14:52:44.488 +00:00 [INF] Executed DbCommand (1ms) [Parameters=[@p1='?' (DbType = Int32), @p0='?' (DbType = Boolean)], CommandType='"Text"', CommandTimeout='30']
UPDATE "AccessTokens" SET "IsRevoked" = @p0
WHERE "ID" = @p1;
2026-06-13 14:52:44.488 +00:00 [INF] Access token AccessToken for user 1 revoked: true
2026-06-13 14:52:44.494 +00:00 [INF] Executed DbCommand (2ms) [Parameters=[@p0='?' (DbType = DateTime), @p1='?', @p2='?' (DbType = DateTime), @p3='?', @p4='?', @p5='?' (DbType = Int32)], CommandType='"Text"', CommandTimeout='30']
INSERT INTO "RefreshTokens" ("CreatedAt", "DeviceFingerprint", "ExpiresAt", "IpAddress", "TokenHash", "UserID")
VALUES (@p0, @p1, @p2, @p3, @p4, @p5)
RETURNING "ID", "IsRevoked";
2026-06-13 14:52:44.495 +00:00 [INF] Executed DbCommand (1ms) [Parameters=[@__tokenHash_0='?', @__userId_1='?' (DbType = Int32), @__deviceFingerprint_2='?', @__ipAddress_3='?'], CommandType='"Text"', CommandTimeout='30']
SELECT r."ID", r."CreatedAt", r."DeviceFingerprint", r."ExpiresAt", r."IpAddress", r."IsRevoked", r."TokenHash", r."UserID"
FROM "RefreshTokens" AS r
WHERE r."TokenHash" = @__tokenHash_0 AND r."UserID" = @__userId_1 AND r."DeviceFingerprint" = @__deviceFingerprint_2 AND r."IpAddress" = @__ipAddress_3
LIMIT 1
2026-06-13 14:52:44.503 +00:00 [INF] Executed DbCommand (2ms) [Parameters=[@p1='?' (DbType = Int32), @p0='?' (DbType = Boolean)], CommandType='"Text"', CommandTimeout='30']
UPDATE "RefreshTokens" SET "IsRevoked" = @p0
WHERE "ID" = @p1;
2026-06-13 14:52:44.503 +00:00 [INF] Refresh token 3L/RxAHpOqx9BIrNHRgohGiwOCxw0stdzAl+BFhOPxc= for user 1 revoked: true
2026-06-13 14:52:44.503 +00:00 [INF] Token refreshed successfully for user 1 at "2026-06-13T14:52:44.5034333Z"
2026-06-13 14:52:44.503 +00:00 [INF] Executing OkObjectResult, writing value of type '<>f__AnonymousType3`2[[System.Boolean, System.Private.CoreLib, Version=9.0.0.0, Culture=neutral, PublicKeyToken=7cec85d7bea7798e],[System.Int32, System.Private.CoreLib, Version=9.0.0.0, Culture=neutral, PublicKeyToken=7cec85d7bea7798e]]'.
2026-06-13 14:52:44.503 +00:00 [INF] Executed action API.Controllers.AuthController.RefreshToken (API) in 24.8599ms
2026-06-13 14:52:44.503 +00:00 [INF] Executed endpoint 'API.Controllers.AuthController.RefreshToken (API)'
2026-06-13 14:52:44.504 +00:00 [INF] Request finished HTTP/1.1 POST http://192.168.1.6:8080/api/auth/refresh - 200 null application/json; charset=utf-8 37.9382ms
2026-06-13 14:57:14.523 +00:00 [INF] Request starting HTTP/1.1 OPTIONS http://192.168.1.6:8080/api/auth/refresh - null null
2026-06-13 14:57:14.524 +00:00 [INF] CORS policy execution successful.
2026-06-13 14:57:14.524 +00:00 [INF] Request finished HTTP/1.1 OPTIONS http://192.168.1.6:8080/api/auth/refresh - 204 null null 0.7454ms
2026-06-13 14:57:14.527 +00:00 [INF] Request starting HTTP/1.1 POST http://192.168.1.6:8080/api/auth/refresh - application/json 18
2026-06-13 14:57:14.527 +00:00 [INF] CORS policy execution successful.
2026-06-13 14:57:14.528 +00:00 [INF] ====== OnMessageReceived START ======
2026-06-13 14:57:14.528 +00:00 [INF] Available cookies: 2
2026-06-13 14:57:14.528 +00:00 [INF] Cookie: adminRefreshToken = 44 chars
2026-06-13 14:57:14.528 +00:00 [INF] Cookie: adminToken = 844 chars
2026-06-13 14:57:14.528 +00:00 [INF] Admin token found in cookies, length: 844
2026-06-13 14:57:14.528 +00:00 [INF] Admin token set in context
2026-06-13 14:57:14.529 +00:00 [INF] ====== OnMessageReceived END - Token set: true ======
2026-06-13 14:57:14.529 +00:00 [INF] Token validated successfully for user: lengyelnorbi
2026-06-13 14:57:14.529 +00:00 [INF] Device fingerprint headers - UA: Mozilla/5.0 (Windows NT 10.0; Win64; x64; rv:151.0) Gecko/20100101 Firefox/151.0, Accept: */*, Encoding: gzip, deflate
2026-06-13 14:57:14.529 +00:00 [INF] Device fingerprint validation: Stored=/a2uf4z8rcBIhIr7KGbd6aahMr80Bhj+9uyLiYNZ66A=, Current=/a2uf4z8rcBIhIr7KGbd6aahMr80Bhj+9uyLiYNZ66A=
2026-06-13 14:57:14.532 +00:00 [INF] Executed DbCommand (2ms) [Parameters=[@__jti_0='?', @__userId_1='?' (DbType = Int32)], CommandType='"Text"', CommandTimeout='30']
SELECT a."ID", a."CreatedAt", a."DeviceFingerprint", a."ExpiresAt", a."IpAddress", a."IsRevoked", a."UserID", a.jti
FROM "AccessTokens" AS a
WHERE a.jti = @__jti_0 AND a."UserID" = @__userId_1 AND NOT (a."IsRevoked") AND a."ExpiresAt" > now()
LIMIT 1
2026-06-13 14:57:14.532 +00:00 [INF] Executing endpoint 'API.Controllers.AuthController.RefreshToken (API)'
2026-06-13 14:57:14.532 +00:00 [INF] Route matched with {action = "RefreshToken", controller = "Auth"}. Executing controller action with signature System.Threading.Tasks.Task`1[Microsoft.AspNetCore.Mvc.IActionResult] RefreshToken(API.Models.RequestModels.RefreshRequest) on controller API.Controllers.AuthController (API).
2026-06-13 14:57:14.533 +00:00 [INF] Token refresh attempt at "2026-06-13T14:57:14.5333623Z"
2026-06-13 14:57:14.533 +00:00 [INF] Refreshing admin token at "2026-06-13T14:57:14.5335203Z"
2026-06-13 14:57:14.535 +00:00 [INF] Executed DbCommand (1ms) [Parameters=[@__tokenHash_0='?'], CommandType='"Text"', CommandTimeout='30']
SELECT r."ID", r."CreatedAt", r."DeviceFingerprint", r."ExpiresAt", r."IpAddress", r."IsRevoked", r."TokenHash", r."UserID"
FROM "RefreshTokens" AS r
WHERE r."TokenHash" = @__tokenHash_0 AND NOT (r."IsRevoked") AND r."ExpiresAt" > now()
ORDER BY r."CreatedAt" DESC
LIMIT 1
2026-06-13 14:57:14.535 +00:00 [INF] Mozilla/5.0 (Windows NT 10.0; Win64; x64; rv:151.0) Gecko/20100101 Firefox/151.0
2026-06-13 14:57:14.535 +00:00 [INF] Fetching user by ID from database...
2026-06-13 14:57:14.536 +00:00 [INF] Executed DbCommand (1ms) [Parameters=[@__id_0='?' (DbType = Int32)], CommandType='"Text"', CommandTimeout='30']
SELECT u."ID", u."Email", u."PasswordHash", u."RegisteredAt", u."Role", u."Username"
FROM "Users" AS u
WHERE u."ID" = @__id_0
LIMIT 1
2026-06-13 14:57:14.539 +00:00 [INF] Executed DbCommand (2ms) [Parameters=[@p0='?' (DbType = DateTime), @p1='?', @p2='?' (DbType = DateTime), @p3='?', @p4='?' (DbType = Int32), @p5='?'], CommandType='"Text"', CommandTimeout='30']
INSERT INTO "AccessTokens" ("CreatedAt", "DeviceFingerprint", "ExpiresAt", "IpAddress", "UserID", jti)
VALUES (@p0, @p1, @p2, @p3, @p4, @p5)
RETURNING "ID", "IsRevoked";
2026-06-13 14:57:14.541 +00:00 [INF] Executed DbCommand (1ms) [Parameters=[@__jti_0='?', @__userID_1='?' (DbType = Int32), @__deviceFingerprint_2='?', @__ipAddress_3='?'], CommandType='"Text"', CommandTimeout='30']
SELECT a."ID", a."CreatedAt", a."DeviceFingerprint", a."ExpiresAt", a."IpAddress", a."IsRevoked", a."UserID", a.jti
FROM "AccessTokens" AS a
WHERE a.jti = @__jti_0 AND a."UserID" = @__userID_1 AND a."DeviceFingerprint" = @__deviceFingerprint_2 AND a."IpAddress" = @__ipAddress_3
LIMIT 1
2026-06-13 14:57:14.541 +00:00 [INF] Attempting to revoke access token with jti 3047bf7c-59c8-4942-9f74-b574c2ae9b02 for user 1 from device /a2uf4z8rcBIhIr7KGbd6aahMr80Bhj+9uyLiYNZ66A= and IP ::ffff:172.20.0.1
2026-06-13 14:57:14.541 +00:00 [INF] Access token found: API.Models.AccessToken
2026-06-13 14:57:14.543 +00:00 [INF] Executed DbCommand (2ms) [Parameters=[@p1='?' (DbType = Int32), @p0='?' (DbType = Boolean)], CommandType='"Text"', CommandTimeout='30']
UPDATE "AccessTokens" SET "IsRevoked" = @p0
WHERE "ID" = @p1;
2026-06-13 14:57:14.543 +00:00 [INF] Access token AccessToken for user 1 revoked: true
2026-06-13 14:57:14.545 +00:00 [INF] Executed DbCommand (2ms) [Parameters=[@p0='?' (DbType = DateTime), @p1='?', @p2='?' (DbType = DateTime), @p3='?', @p4='?', @p5='?' (DbType = Int32)], CommandType='"Text"', CommandTimeout='30']
INSERT INTO "RefreshTokens" ("CreatedAt", "DeviceFingerprint", "ExpiresAt", "IpAddress", "TokenHash", "UserID")
VALUES (@p0, @p1, @p2, @p3, @p4, @p5)
RETURNING "ID", "IsRevoked";
2026-06-13 14:57:14.547 +00:00 [INF] Executed DbCommand (1ms) [Parameters=[@__tokenHash_0='?', @__userId_1='?' (DbType = Int32), @__deviceFingerprint_2='?', @__ipAddress_3='?'], CommandType='"Text"', CommandTimeout='30']
SELECT r."ID", r."CreatedAt", r."DeviceFingerprint", r."ExpiresAt", r."IpAddress", r."IsRevoked", r."TokenHash", r."UserID"
FROM "RefreshTokens" AS r
WHERE r."TokenHash" = @__tokenHash_0 AND r."UserID" = @__userId_1 AND r."DeviceFingerprint" = @__deviceFingerprint_2 AND r."IpAddress" = @__ipAddress_3
LIMIT 1
2026-06-13 14:57:14.549 +00:00 [INF] Executed DbCommand (2ms) [Parameters=[@p1='?' (DbType = Int32), @p0='?' (DbType = Boolean)], CommandType='"Text"', CommandTimeout='30']
UPDATE "RefreshTokens" SET "IsRevoked" = @p0
WHERE "ID" = @p1;
2026-06-13 14:57:14.549 +00:00 [INF] Refresh token sP3IEUyVgVdHW3RRQLDHrm0LPFuLcuMV9cHqu81GBvc= for user 1 revoked: true
2026-06-13 14:57:14.549 +00:00 [INF] Token refreshed successfully for user 1 at "2026-06-13T14:57:14.5497460Z"
2026-06-13 14:57:14.549 +00:00 [INF] Executing OkObjectResult, writing value of type '<>f__AnonymousType3`2[[System.Boolean, System.Private.CoreLib, Version=9.0.0.0, Culture=neutral, PublicKeyToken=7cec85d7bea7798e],[System.Int32, System.Private.CoreLib, Version=9.0.0.0, Culture=neutral, PublicKeyToken=7cec85d7bea7798e]]'.
2026-06-13 14:57:14.550 +00:00 [INF] Executed action API.Controllers.AuthController.RefreshToken (API) in 17.0778ms
2026-06-13 14:57:14.550 +00:00 [INF] Executed endpoint 'API.Controllers.AuthController.RefreshToken (API)'
2026-06-13 14:57:14.550 +00:00 [INF] Request finished HTTP/1.1 POST http://192.168.1.6:8080/api/auth/refresh - 200 null application/json; charset=utf-8 22.9346ms
2026-06-13 15:01:46.021 +00:00 [INF] Request starting HTTP/1.1 OPTIONS http://192.168.1.6:8080/api/auth/refresh - null null
2026-06-13 15:01:46.021 +00:00 [INF] CORS policy execution successful.
2026-06-13 15:01:46.021 +00:00 [INF] Request finished HTTP/1.1 OPTIONS http://192.168.1.6:8080/api/auth/refresh - 204 null null 0.6909ms
2026-06-13 15:01:46.024 +00:00 [INF] Request starting HTTP/1.1 POST http://192.168.1.6:8080/api/auth/refresh - application/json 18
2026-06-13 15:01:46.024 +00:00 [INF] CORS policy execution successful.
2026-06-13 15:01:46.024 +00:00 [INF] ====== OnMessageReceived START ======
2026-06-13 15:01:46.024 +00:00 [INF] Available cookies: 2
2026-06-13 15:01:46.024 +00:00 [INF] Cookie: adminRefreshToken = 44 chars
2026-06-13 15:01:46.025 +00:00 [INF] Cookie: adminToken = 844 chars
2026-06-13 15:01:46.025 +00:00 [INF] Admin token found in cookies, length: 844
2026-06-13 15:01:46.025 +00:00 [INF] Admin token set in context
2026-06-13 15:01:46.025 +00:00 [INF] ====== OnMessageReceived END - Token set: true ======
2026-06-13 15:01:46.025 +00:00 [INF] Token validated successfully for user: lengyelnorbi
2026-06-13 15:01:46.025 +00:00 [INF] Device fingerprint headers - UA: Mozilla/5.0 (Windows NT 10.0; Win64; x64; rv:151.0) Gecko/20100101 Firefox/151.0, Accept: */*, Encoding: gzip, deflate
2026-06-13 15:01:46.026 +00:00 [INF] Device fingerprint validation: Stored=/a2uf4z8rcBIhIr7KGbd6aahMr80Bhj+9uyLiYNZ66A=, Current=/a2uf4z8rcBIhIr7KGbd6aahMr80Bhj+9uyLiYNZ66A=
2026-06-13 15:01:46.037 +00:00 [INF] Executed DbCommand (2ms) [Parameters=[@__jti_0='?', @__userId_1='?' (DbType = Int32)], CommandType='"Text"', CommandTimeout='30']
SELECT a."ID", a."CreatedAt", a."DeviceFingerprint", a."ExpiresAt", a."IpAddress", a."IsRevoked", a."UserID", a.jti
FROM "AccessTokens" AS a
WHERE a.jti = @__jti_0 AND a."UserID" = @__userId_1 AND NOT (a."IsRevoked") AND a."ExpiresAt" > now()
LIMIT 1
2026-06-13 15:01:46.038 +00:00 [INF] Executing endpoint 'API.Controllers.AuthController.RefreshToken (API)'
2026-06-13 15:01:46.038 +00:00 [INF] Route matched with {action = "RefreshToken", controller = "Auth"}. Executing controller action with signature System.Threading.Tasks.Task`1[Microsoft.AspNetCore.Mvc.IActionResult] RefreshToken(API.Models.RequestModels.RefreshRequest) on controller API.Controllers.AuthController (API).
2026-06-13 15:01:46.038 +00:00 [INF] Token refresh attempt at "2026-06-13T15:01:46.0387177Z"
2026-06-13 15:01:46.038 +00:00 [INF] Refreshing admin token at "2026-06-13T15:01:46.0388815Z"
2026-06-13 15:01:46.040 +00:00 [INF] Executed DbCommand (2ms) [Parameters=[@__tokenHash_0='?'], CommandType='"Text"', CommandTimeout='30']
SELECT r."ID", r."CreatedAt", r."DeviceFingerprint", r."ExpiresAt", r."IpAddress", r."IsRevoked", r."TokenHash", r."UserID"
FROM "RefreshTokens" AS r
WHERE r."TokenHash" = @__tokenHash_0 AND NOT (r."IsRevoked") AND r."ExpiresAt" > now()
ORDER BY r."CreatedAt" DESC
LIMIT 1
2026-06-13 15:01:46.041 +00:00 [INF] Mozilla/5.0 (Windows NT 10.0; Win64; x64; rv:151.0) Gecko/20100101 Firefox/151.0
2026-06-13 15:01:46.041 +00:00 [INF] Fetching user by ID from database...
2026-06-13 15:01:46.042 +00:00 [INF] Executed DbCommand (1ms) [Parameters=[@__id_0='?' (DbType = Int32)], CommandType='"Text"', CommandTimeout='30']
SELECT u."ID", u."Email", u."PasswordHash", u."RegisteredAt", u."Role", u."Username"
FROM "Users" AS u
WHERE u."ID" = @__id_0
LIMIT 1
2026-06-13 15:01:46.045 +00:00 [INF] Executed DbCommand (2ms) [Parameters=[@p0='?' (DbType = DateTime), @p1='?', @p2='?' (DbType = DateTime), @p3='?', @p4='?' (DbType = Int32), @p5='?'], CommandType='"Text"', CommandTimeout='30']
INSERT INTO "AccessTokens" ("CreatedAt", "DeviceFingerprint", "ExpiresAt", "IpAddress", "UserID", jti)
VALUES (@p0, @p1, @p2, @p3, @p4, @p5)
RETURNING "ID", "IsRevoked";
2026-06-13 15:01:46.046 +00:00 [INF] Executed DbCommand (1ms) [Parameters=[@__jti_0='?', @__userID_1='?' (DbType = Int32), @__deviceFingerprint_2='?', @__ipAddress_3='?'], CommandType='"Text"', CommandTimeout='30']
SELECT a."ID", a."CreatedAt", a."DeviceFingerprint", a."ExpiresAt", a."IpAddress", a."IsRevoked", a."UserID", a.jti
FROM "AccessTokens" AS a
WHERE a.jti = @__jti_0 AND a."UserID" = @__userID_1 AND a."DeviceFingerprint" = @__deviceFingerprint_2 AND a."IpAddress" = @__ipAddress_3
LIMIT 1
2026-06-13 15:01:46.047 +00:00 [INF] Attempting to revoke access token with jti 2679633c-fa9a-4984-a491-87d65aeb83e3 for user 1 from device /a2uf4z8rcBIhIr7KGbd6aahMr80Bhj+9uyLiYNZ66A= and IP ::ffff:172.20.0.1
2026-06-13 15:01:46.047 +00:00 [INF] Access token found: API.Models.AccessToken
2026-06-13 15:01:46.049 +00:00 [INF] Executed DbCommand (2ms) [Parameters=[@p1='?' (DbType = Int32), @p0='?' (DbType = Boolean)], CommandType='"Text"', CommandTimeout='30']
UPDATE "AccessTokens" SET "IsRevoked" = @p0
WHERE "ID" = @p1;
2026-06-13 15:01:46.049 +00:00 [INF] Access token AccessToken for user 1 revoked: true
2026-06-13 15:01:46.051 +00:00 [INF] Executed DbCommand (2ms) [Parameters=[@p0='?' (DbType = DateTime), @p1='?', @p2='?' (DbType = DateTime), @p3='?', @p4='?', @p5='?' (DbType = Int32)], CommandType='"Text"', CommandTimeout='30']
INSERT INTO "RefreshTokens" ("CreatedAt", "DeviceFingerprint", "ExpiresAt", "IpAddress", "TokenHash", "UserID")
VALUES (@p0, @p1, @p2, @p3, @p4, @p5)
RETURNING "ID", "IsRevoked";
2026-06-13 15:01:46.052 +00:00 [INF] Executed DbCommand (1ms) [Parameters=[@__tokenHash_0='?', @__userId_1='?' (DbType = Int32), @__deviceFingerprint_2='?', @__ipAddress_3='?'], CommandType='"Text"', CommandTimeout='30']
SELECT r."ID", r."CreatedAt", r."DeviceFingerprint", r."ExpiresAt", r."IpAddress", r."IsRevoked", r."TokenHash", r."UserID"
FROM "RefreshTokens" AS r
WHERE r."TokenHash" = @__tokenHash_0 AND r."UserID" = @__userId_1 AND r."DeviceFingerprint" = @__deviceFingerprint_2 AND r."IpAddress" = @__ipAddress_3
LIMIT 1
2026-06-13 15:01:46.054 +00:00 [INF] Executed DbCommand (2ms) [Parameters=[@p1='?' (DbType = Int32), @p0='?' (DbType = Boolean)], CommandType='"Text"', CommandTimeout='30']
UPDATE "RefreshTokens" SET "IsRevoked" = @p0
WHERE "ID" = @p1;
2026-06-13 15:01:46.054 +00:00 [INF] Refresh token d+UZGnWFNFG4g9BdyMWZvuuKmnZ/gm8rlXXzPvchrHo= for user 1 revoked: true
2026-06-13 15:01:46.055 +00:00 [INF] Token refreshed successfully for user 1 at "2026-06-13T15:01:46.0551141Z"
2026-06-13 15:01:46.055 +00:00 [INF] Executing OkObjectResult, writing value of type '<>f__AnonymousType3`2[[System.Boolean, System.Private.CoreLib, Version=9.0.0.0, Culture=neutral, PublicKeyToken=7cec85d7bea7798e],[System.Int32, System.Private.CoreLib, Version=9.0.0.0, Culture=neutral, PublicKeyToken=7cec85d7bea7798e]]'.
2026-06-13 15:01:46.055 +00:00 [INF] Executed action API.Controllers.AuthController.RefreshToken (API) in 16.9639ms
2026-06-13 15:01:46.055 +00:00 [INF] Executed endpoint 'API.Controllers.AuthController.RefreshToken (API)'
2026-06-13 15:01:46.055 +00:00 [INF] Request finished HTTP/1.1 POST http://192.168.1.6:8080/api/auth/refresh - 200 null application/json; charset=utf-8 31.6247ms
2026-06-13 15:03:03.681 +00:00 [INF] Request starting HTTP/1.1 POST http://192.168.1.6:8080/api/auth/logout - null 0
2026-06-13 15:03:03.681 +00:00 [INF] CORS policy execution successful.
2026-06-13 15:03:03.682 +00:00 [INF] ====== OnMessageReceived START ======
2026-06-13 15:03:03.682 +00:00 [INF] Available cookies: 2
2026-06-13 15:03:03.682 +00:00 [INF] Cookie: adminRefreshToken = 44 chars
2026-06-13 15:03:03.682 +00:00 [INF] Cookie: adminToken = 844 chars
2026-06-13 15:03:03.682 +00:00 [INF] Admin token found in cookies, length: 844
2026-06-13 15:03:03.682 +00:00 [INF] Admin token set in context
2026-06-13 15:03:03.683 +00:00 [INF] ====== OnMessageReceived END - Token set: true ======
2026-06-13 15:03:03.683 +00:00 [INF] Token validated successfully for user: lengyelnorbi
2026-06-13 15:03:03.683 +00:00 [INF] Device fingerprint headers - UA: Mozilla/5.0 (Windows NT 10.0; Win64; x64; rv:151.0) Gecko/20100101 Firefox/151.0, Accept: */*, Encoding: gzip, deflate
2026-06-13 15:03:03.683 +00:00 [INF] Device fingerprint validation: Stored=/a2uf4z8rcBIhIr7KGbd6aahMr80Bhj+9uyLiYNZ66A=, Current=/a2uf4z8rcBIhIr7KGbd6aahMr80Bhj+9uyLiYNZ66A=
2026-06-13 15:03:03.685 +00:00 [INF] Executed DbCommand (1ms) [Parameters=[@__jti_0='?', @__userId_1='?' (DbType = Int32)], CommandType='"Text"', CommandTimeout='30']
SELECT a."ID", a."CreatedAt", a."DeviceFingerprint", a."ExpiresAt", a."IpAddress", a."IsRevoked", a."UserID", a.jti
FROM "AccessTokens" AS a
WHERE a.jti = @__jti_0 AND a."UserID" = @__userId_1 AND NOT (a."IsRevoked") AND a."ExpiresAt" > now()
LIMIT 1
2026-06-13 15:03:03.686 +00:00 [INF] Executing endpoint 'API.Controllers.AuthController.Logout (API)'
2026-06-13 15:03:03.690 +00:00 [INF] Route matched with {action = "Logout", controller = "Auth"}. Executing controller action with signature System.Threading.Tasks.Task`1[Microsoft.AspNetCore.Mvc.IActionResult] Logout() on controller API.Controllers.AuthController (API).
2026-06-13 15:03:03.691 +00:00 [INF] Logged out at "2026-06-13T15:03:03.6916525Z"
2026-06-13 15:03:03.691 +00:00 [INF] Admin logout at "2026-06-13T15:03:03.6919264Z"
2026-06-13 15:03:03.694 +00:00 [INF] Executed DbCommand (1ms) [Parameters=[@__jti_0='?', @__userID_1='?' (DbType = Int32), @__deviceFingerprint_2='?', @__ipAddress_3='?'], CommandType='"Text"', CommandTimeout='30']
SELECT a."ID", a."CreatedAt", a."DeviceFingerprint", a."ExpiresAt", a."IpAddress", a."IsRevoked", a."UserID", a.jti
FROM "AccessTokens" AS a
WHERE a.jti = @__jti_0 AND a."UserID" = @__userID_1 AND a."DeviceFingerprint" = @__deviceFingerprint_2 AND a."IpAddress" = @__ipAddress_3
LIMIT 1
2026-06-13 15:03:03.695 +00:00 [INF] Attempting to revoke access token with jti d225b418-5425-4a52-a319-724f3bed40b2 for user 1 from device /a2uf4z8rcBIhIr7KGbd6aahMr80Bhj+9uyLiYNZ66A= and IP ::ffff:172.20.0.1
2026-06-13 15:03:03.695 +00:00 [INF] Access token found: API.Models.AccessToken
2026-06-13 15:03:03.697 +00:00 [INF] Executed DbCommand (2ms) [Parameters=[@p1='?' (DbType = Int32), @p0='?' (DbType = Boolean)], CommandType='"Text"', CommandTimeout='30']
UPDATE "AccessTokens" SET "IsRevoked" = @p0
WHERE "ID" = @p1;
2026-06-13 15:03:03.698 +00:00 [INF] Executed DbCommand (1ms) [Parameters=[@__tokenHash_0='?', @__userId_1='?' (DbType = Int32), @__deviceFingerprint_2='?', @__ipAddress_3='?'], CommandType='"Text"', CommandTimeout='30']
SELECT r."ID", r."CreatedAt", r."DeviceFingerprint", r."ExpiresAt", r."IpAddress", r."IsRevoked", r."TokenHash", r."UserID"
FROM "RefreshTokens" AS r
WHERE r."TokenHash" = @__tokenHash_0 AND r."UserID" = @__userId_1 AND r."DeviceFingerprint" = @__deviceFingerprint_2 AND r."IpAddress" = @__ipAddress_3
LIMIT 1
2026-06-13 15:03:03.700 +00:00 [INF] Executed DbCommand (2ms) [Parameters=[@p1='?' (DbType = Int32), @p0='?' (DbType = Boolean)], CommandType='"Text"', CommandTimeout='30']
UPDATE "RefreshTokens" SET "IsRevoked" = @p0
WHERE "ID" = @p1;
2026-06-13 15:03:03.701 +00:00 [INF] User 1 logged out successfully at "2026-06-13T15:03:03.7015794Z"
2026-06-13 15:03:03.702 +00:00 [INF] Executing OkObjectResult, writing value of type 'System.Int32'.
2026-06-13 15:03:03.704 +00:00 [INF] Executed action API.Controllers.AuthController.Logout (API) in 13.4837ms
2026-06-13 15:03:03.704 +00:00 [INF] Executed endpoint 'API.Controllers.AuthController.Logout (API)'
2026-06-13 15:03:03.704 +00:00 [INF] Request finished HTTP/1.1 POST http://192.168.1.6:8080/api/auth/logout - 200 null application/json; charset=utf-8 23.2147ms
