2026-06-29 20:07:41.272 +00:00 [WRN] Storing keys in a directory '/home/app/.aspnet/DataProtection-Keys' that may not be persisted outside of the container. Protected data will be unavailable when container is destroyed. For more information go to https://aka.ms/aspnet/dataprotectionwarning
2026-06-29 20:07:41.303 +00:00 [INF] User profile is available. Using '/home/app/.aspnet/DataProtection-Keys' as key repository; keys will not be encrypted at rest.
2026-06-29 20:07:41.445 +00:00 [INF] Now listening on: http://[::]:8080
2026-06-29 20:07:41.447 +00:00 [INF] Application started. Press Ctrl+C to shut down.
2026-06-29 20:07:41.447 +00:00 [INF] Hosting environment: Development
2026-06-29 20:07:41.448 +00:00 [INF] Content root path: /app
2026-06-29 20:07:48.902 +00:00 [INF] Request starting HTTP/1.1 GET http://192.168.1.4:8080/api/music?page=1&limit=10 - null null
2026-06-29 20:07:48.902 +00:00 [INF] Request starting HTTP/1.1 GET http://192.168.1.4:8080/api/music - null null
2026-06-29 20:07:48.915 +00:00 [WRN] Failed to determine the https port for redirect.
2026-06-29 20:07:48.946 +00:00 [INF] ====== OnMessageReceived START ======
2026-06-29 20:07:48.946 +00:00 [INF] ====== OnMessageReceived START ======
2026-06-29 20:07:48.947 +00:00 [INF] Available cookies: 0
2026-06-29 20:07:48.947 +00:00 [INF] Available cookies: 0
2026-06-29 20:07:48.948 +00:00 [WRN] NO TOKEN FOUND IN COOKIES!
2026-06-29 20:07:48.948 +00:00 [WRN] NO TOKEN FOUND IN COOKIES!
2026-06-29 20:07:48.948 +00:00 [INF] ====== OnMessageReceived END - Token set: false ======
2026-06-29 20:07:48.948 +00:00 [INF] ====== OnMessageReceived END - Token set: false ======
2026-06-29 20:07:48.950 +00:00 [INF] Executing endpoint 'API.Controllers.MusicController.Get (API)'
2026-06-29 20:07:48.950 +00:00 [INF] Executing endpoint 'API.Controllers.MusicController.Get (API)'
2026-06-29 20:07:48.963 +00:00 [INF] Route matched with {action = "Get", controller = "Music"}. Executing controller action with signature System.Threading.Tasks.Task`1[System.Collections.Generic.IEnumerable`1[API.Models.Music]] Get(Int32, Int32) on controller API.Controllers.MusicController (API).
2026-06-29 20:07:48.963 +00:00 [INF] Route matched with {action = "Get", controller = "Music"}. Executing controller action with signature System.Threading.Tasks.Task`1[System.Collections.Generic.IEnumerable`1[API.Models.Music]] Get(Int32, Int32) on controller API.Controllers.MusicController (API).
2026-06-29 20:07:49.109 +00:00 [WRN] Invalid pagination parameters: page=0, limit=0
2026-06-29 20:07:49.110 +00:00 [INF] Fetching music data from database...
2026-06-29 20:07:49.110 +00:00 [INF] Fetching music data from database...
2026-06-29 20:07:49.513 +00:00 [WRN] The query uses a row limiting operator ('Skip'/'Take') without an 'OrderBy' operator. This may lead to unpredictable results. If the 'Distinct' operator is used after 'OrderBy', then make sure to use the 'OrderBy' operator after 'Distinct' as the ordering would otherwise get erased.
2026-06-29 20:07:49.514 +00:00 [WRN] The query uses a row limiting operator ('Skip'/'Take') without an 'OrderBy' operator. This may lead to unpredictable results. If the 'Distinct' operator is used after 'OrderBy', then make sure to use the 'OrderBy' operator after 'Distinct' as the ordering would otherwise get erased.
2026-06-29 20:07:49.733 +00:00 [INF] Executed DbCommand (33ms) [Parameters=[@__p_1='?' (DbType = Int32), @__p_0='?' (DbType = Int32)], CommandType='"Text"', CommandTimeout='30']
SELECT m."ID", m."AddedAt", m."File_id", m."Title"
FROM "Musics" AS m
LIMIT @__p_1 OFFSET @__p_0
2026-06-29 20:07:49.733 +00:00 [INF] Executed DbCommand (33ms) [Parameters=[@__p_1='?' (DbType = Int32), @__p_0='?' (DbType = Int32)], CommandType='"Text"', CommandTimeout='30']
SELECT m."ID", m."AddedAt", m."File_id", m."Title"
FROM "Musics" AS m
LIMIT @__p_1 OFFSET @__p_0
2026-06-29 20:07:49.781 +00:00 [INF] Fetched 3 music records.
2026-06-29 20:07:49.781 +00:00 [INF] Fetched 3 music records.
2026-06-29 20:07:49.786 +00:00 [INF] Executing ObjectResult, writing value of type 'System.Collections.Generic.List`1[[API.Models.Music, API, Version=1.0.0.0, Culture=neutral, PublicKeyToken=null]]'.
2026-06-29 20:07:49.786 +00:00 [INF] Executing ObjectResult, writing value of type 'System.Collections.Generic.List`1[[API.Models.Music, API, Version=1.0.0.0, Culture=neutral, PublicKeyToken=null]]'.
2026-06-29 20:07:49.823 +00:00 [INF] Executed action API.Controllers.MusicController.Get (API) in 857.473ms
2026-06-29 20:07:49.823 +00:00 [INF] Executed action API.Controllers.MusicController.Get (API) in 857.6134ms
2026-06-29 20:07:49.825 +00:00 [INF] Executed endpoint 'API.Controllers.MusicController.Get (API)'
2026-06-29 20:07:49.825 +00:00 [INF] Executed endpoint 'API.Controllers.MusicController.Get (API)'
2026-06-29 20:07:49.831 +00:00 [INF] Request finished HTTP/1.1 GET http://192.168.1.4:8080/api/music?page=1&limit=10 - 200 null application/json; charset=utf-8 930.0777ms
2026-06-29 20:07:49.831 +00:00 [INF] Request finished HTTP/1.1 GET http://192.168.1.4:8080/api/music - 200 null application/json; charset=utf-8 930.0866ms
2026-06-29 20:07:49.856 +00:00 [INF] Request starting HTTP/1.1 GET http://192.168.1.4:8080/api/music?page=1&limit=10 - null null
2026-06-29 20:07:49.857 +00:00 [INF] Request starting HTTP/1.1 GET http://192.168.1.4:8080/api/music - null null
2026-06-29 20:07:49.860 +00:00 [INF] ====== OnMessageReceived START ======
2026-06-29 20:07:49.860 +00:00 [INF] ====== OnMessageReceived START ======
2026-06-29 20:07:49.860 +00:00 [INF] Available cookies: 0
2026-06-29 20:07:49.860 +00:00 [INF] Available cookies: 0
2026-06-29 20:07:49.860 +00:00 [WRN] NO TOKEN FOUND IN COOKIES!
2026-06-29 20:07:49.861 +00:00 [WRN] NO TOKEN FOUND IN COOKIES!
2026-06-29 20:07:49.861 +00:00 [INF] ====== OnMessageReceived END - Token set: false ======
2026-06-29 20:07:49.861 +00:00 [INF] ====== OnMessageReceived END - Token set: false ======
2026-06-29 20:07:49.861 +00:00 [INF] Executing endpoint 'API.Controllers.MusicController.Get (API)'
2026-06-29 20:07:49.862 +00:00 [INF] Executing endpoint 'API.Controllers.MusicController.Get (API)'
2026-06-29 20:07:49.862 +00:00 [INF] Route matched with {action = "Get", controller = "Music"}. Executing controller action with signature System.Threading.Tasks.Task`1[System.Collections.Generic.IEnumerable`1[API.Models.Music]] Get(Int32, Int32) on controller API.Controllers.MusicController (API).
2026-06-29 20:07:49.862 +00:00 [INF] Route matched with {action = "Get", controller = "Music"}. Executing controller action with signature System.Threading.Tasks.Task`1[System.Collections.Generic.IEnumerable`1[API.Models.Music]] Get(Int32, Int32) on controller API.Controllers.MusicController (API).
2026-06-29 20:07:49.864 +00:00 [WRN] Invalid pagination parameters: page=0, limit=0
2026-06-29 20:07:49.864 +00:00 [INF] Fetching music data from database...
2026-06-29 20:07:49.864 +00:00 [INF] Fetching music data from database...
2026-06-29 20:07:49.900 +00:00 [INF] Executed DbCommand (2ms) [Parameters=[@__p_1='?' (DbType = Int32), @__p_0='?' (DbType = Int32)], CommandType='"Text"', CommandTimeout='30']
SELECT m."ID", m."AddedAt", m."File_id", m."Title"
FROM "Musics" AS m
LIMIT @__p_1 OFFSET @__p_0
2026-06-29 20:07:49.900 +00:00 [INF] Executed DbCommand (2ms) [Parameters=[@__p_1='?' (DbType = Int32), @__p_0='?' (DbType = Int32)], CommandType='"Text"', CommandTimeout='30']
SELECT m."ID", m."AddedAt", m."File_id", m."Title"
FROM "Musics" AS m
LIMIT @__p_1 OFFSET @__p_0
2026-06-29 20:07:49.901 +00:00 [INF] Fetched 3 music records.
2026-06-29 20:07:49.901 +00:00 [INF] Fetched 3 music records.
2026-06-29 20:07:49.901 +00:00 [INF] Executing ObjectResult, writing value of type 'System.Collections.Generic.List`1[[API.Models.Music, API, Version=1.0.0.0, Culture=neutral, PublicKeyToken=null]]'.
2026-06-29 20:07:49.901 +00:00 [INF] Executing ObjectResult, writing value of type 'System.Collections.Generic.List`1[[API.Models.Music, API, Version=1.0.0.0, Culture=neutral, PublicKeyToken=null]]'.
2026-06-29 20:07:49.901 +00:00 [INF] Executed action API.Controllers.MusicController.Get (API) in 39.3025ms
2026-06-29 20:07:49.901 +00:00 [INF] Executed action API.Controllers.MusicController.Get (API) in 39.0955ms
2026-06-29 20:07:49.902 +00:00 [INF] Executed endpoint 'API.Controllers.MusicController.Get (API)'
2026-06-29 20:07:49.902 +00:00 [INF] Executed endpoint 'API.Controllers.MusicController.Get (API)'
2026-06-29 20:07:49.902 +00:00 [INF] Request finished HTTP/1.1 GET http://192.168.1.4:8080/api/music - 200 null application/json; charset=utf-8 45.8407ms
2026-06-29 20:07:49.903 +00:00 [INF] Request finished HTTP/1.1 GET http://192.168.1.4:8080/api/music?page=1&limit=10 - 200 null application/json; charset=utf-8 46.3946ms
2026-06-29 20:07:50.154 +00:00 [INF] Request starting HTTP/1.1 GET http://192.168.1.4:8080/api/music?page=1&limit=10 - null null
2026-06-29 20:07:50.155 +00:00 [INF] CORS policy execution successful.
2026-06-29 20:07:50.155 +00:00 [INF] ====== OnMessageReceived START ======
2026-06-29 20:07:50.156 +00:00 [INF] Available cookies: 0
2026-06-29 20:07:50.156 +00:00 [WRN] NO TOKEN FOUND IN COOKIES!
2026-06-29 20:07:50.156 +00:00 [INF] ====== OnMessageReceived END - Token set: false ======
2026-06-29 20:07:50.157 +00:00 [INF] Executing endpoint 'API.Controllers.MusicController.Get (API)'
2026-06-29 20:07:50.157 +00:00 [INF] Route matched with {action = "Get", controller = "Music"}. Executing controller action with signature System.Threading.Tasks.Task`1[System.Collections.Generic.IEnumerable`1[API.Models.Music]] Get(Int32, Int32) on controller API.Controllers.MusicController (API).
2026-06-29 20:07:50.157 +00:00 [INF] Request starting HTTP/1.1 GET http://192.168.1.4:8080/api/music - null null
2026-06-29 20:07:50.158 +00:00 [INF] CORS policy execution successful.
2026-06-29 20:07:50.158 +00:00 [INF] ====== OnMessageReceived START ======
2026-06-29 20:07:50.158 +00:00 [INF] Available cookies: 0
2026-06-29 20:07:50.158 +00:00 [WRN] NO TOKEN FOUND IN COOKIES!
2026-06-29 20:07:50.159 +00:00 [INF] ====== OnMessageReceived END - Token set: false ======
2026-06-29 20:07:50.159 +00:00 [INF] Executing endpoint 'API.Controllers.MusicController.Get (API)'
2026-06-29 20:07:50.159 +00:00 [INF] Route matched with {action = "Get", controller = "Music"}. Executing controller action with signature System.Threading.Tasks.Task`1[System.Collections.Generic.IEnumerable`1[API.Models.Music]] Get(Int32, Int32) on controller API.Controllers.MusicController (API).
2026-06-29 20:07:50.172 +00:00 [INF] Fetching music data from database...
2026-06-29 20:07:50.172 +00:00 [WRN] Invalid pagination parameters: page=0, limit=0
2026-06-29 20:07:50.172 +00:00 [INF] Fetching music data from database...
2026-06-29 20:07:50.174 +00:00 [INF] Executed DbCommand (1ms) [Parameters=[@__p_1='?' (DbType = Int32), @__p_0='?' (DbType = Int32)], CommandType='"Text"', CommandTimeout='30']
SELECT m."ID", m."AddedAt", m."File_id", m."Title"
FROM "Musics" AS m
LIMIT @__p_1 OFFSET @__p_0
2026-06-29 20:07:50.174 +00:00 [INF] Executed DbCommand (2ms) [Parameters=[@__p_1='?' (DbType = Int32), @__p_0='?' (DbType = Int32)], CommandType='"Text"', CommandTimeout='30']
SELECT m."ID", m."AddedAt", m."File_id", m."Title"
FROM "Musics" AS m
LIMIT @__p_1 OFFSET @__p_0
2026-06-29 20:07:50.175 +00:00 [INF] Fetched 3 music records.
2026-06-29 20:07:50.175 +00:00 [INF] Fetched 3 music records.
2026-06-29 20:07:50.175 +00:00 [INF] Executing ObjectResult, writing value of type 'System.Collections.Generic.List`1[[API.Models.Music, API, Version=1.0.0.0, Culture=neutral, PublicKeyToken=null]]'.
2026-06-29 20:07:50.175 +00:00 [INF] Executing ObjectResult, writing value of type 'System.Collections.Generic.List`1[[API.Models.Music, API, Version=1.0.0.0, Culture=neutral, PublicKeyToken=null]]'.
2026-06-29 20:07:50.176 +00:00 [INF] Executed action API.Controllers.MusicController.Get (API) in 19.1436ms
2026-06-29 20:07:50.176 +00:00 [INF] Executed action API.Controllers.MusicController.Get (API) in 16.9923ms
2026-06-29 20:07:50.176 +00:00 [INF] Executed endpoint 'API.Controllers.MusicController.Get (API)'
2026-06-29 20:07:50.177 +00:00 [INF] Executed endpoint 'API.Controllers.MusicController.Get (API)'
2026-06-29 20:07:50.177 +00:00 [INF] Request finished HTTP/1.1 GET http://192.168.1.4:8080/api/music?page=1&limit=10 - 200 null application/json; charset=utf-8 22.991ms
2026-06-29 20:07:50.177 +00:00 [INF] Request finished HTTP/1.1 GET http://192.168.1.4:8080/api/music - 200 null application/json; charset=utf-8 19.6587ms
2026-06-29 20:08:00.099 +00:00 [INF] Request starting HTTP/1.1 GET http://192.168.1.4:8080/api/music - null null
2026-06-29 20:08:00.099 +00:00 [INF] CORS policy execution successful.
2026-06-29 20:08:00.100 +00:00 [INF] ====== OnMessageReceived START ======
2026-06-29 20:08:00.100 +00:00 [INF] Available cookies: 0
2026-06-29 20:08:00.100 +00:00 [WRN] NO TOKEN FOUND IN COOKIES!
2026-06-29 20:08:00.100 +00:00 [INF] ====== OnMessageReceived END - Token set: false ======
2026-06-29 20:08:00.101 +00:00 [INF] Executing endpoint 'API.Controllers.MusicController.Get (API)'
2026-06-29 20:08:00.101 +00:00 [INF] Route matched with {action = "Get", controller = "Music"}. Executing controller action with signature System.Threading.Tasks.Task`1[System.Collections.Generic.IEnumerable`1[API.Models.Music]] Get(Int32, Int32) on controller API.Controllers.MusicController (API).
2026-06-29 20:08:00.102 +00:00 [WRN] Invalid pagination parameters: page=0, limit=0
2026-06-29 20:08:00.102 +00:00 [INF] Fetching music data from database...
2026-06-29 20:08:00.105 +00:00 [INF] Executed DbCommand (1ms) [Parameters=[@__p_1='?' (DbType = Int32), @__p_0='?' (DbType = Int32)], CommandType='"Text"', CommandTimeout='30']
SELECT m."ID", m."AddedAt", m."File_id", m."Title"
FROM "Musics" AS m
LIMIT @__p_1 OFFSET @__p_0
2026-06-29 20:08:00.105 +00:00 [INF] Fetched 3 music records.
2026-06-29 20:08:00.106 +00:00 [INF] Executing ObjectResult, writing value of type 'System.Collections.Generic.List`1[[API.Models.Music, API, Version=1.0.0.0, Culture=neutral, PublicKeyToken=null]]'.
2026-06-29 20:08:00.106 +00:00 [INF] Executed action API.Controllers.MusicController.Get (API) in 4.9387ms
2026-06-29 20:08:00.106 +00:00 [INF] Executed endpoint 'API.Controllers.MusicController.Get (API)'
2026-06-29 20:08:00.107 +00:00 [INF] Request finished HTTP/1.1 GET http://192.168.1.4:8080/api/music - 200 null application/json; charset=utf-8 8.0616ms
2026-06-29 20:08:02.874 +00:00 [INF] Request starting HTTP/1.1 GET http://192.168.1.4:8080/api/music - null null
2026-06-29 20:08:02.874 +00:00 [INF] CORS policy execution successful.
2026-06-29 20:08:02.875 +00:00 [INF] ====== OnMessageReceived START ======
2026-06-29 20:08:02.875 +00:00 [INF] Available cookies: 0
2026-06-29 20:08:02.875 +00:00 [WRN] NO TOKEN FOUND IN COOKIES!
2026-06-29 20:08:02.875 +00:00 [INF] ====== OnMessageReceived END - Token set: false ======
2026-06-29 20:08:02.875 +00:00 [INF] Executing endpoint 'API.Controllers.MusicController.Get (API)'
2026-06-29 20:08:02.876 +00:00 [INF] Route matched with {action = "Get", controller = "Music"}. Executing controller action with signature System.Threading.Tasks.Task`1[System.Collections.Generic.IEnumerable`1[API.Models.Music]] Get(Int32, Int32) on controller API.Controllers.MusicController (API).
2026-06-29 20:08:02.876 +00:00 [WRN] Invalid pagination parameters: page=0, limit=0
2026-06-29 20:08:02.876 +00:00 [INF] Fetching music data from database...
2026-06-29 20:08:02.879 +00:00 [INF] Executed DbCommand (1ms) [Parameters=[@__p_1='?' (DbType = Int32), @__p_0='?' (DbType = Int32)], CommandType='"Text"', CommandTimeout='30']
SELECT m."ID", m."AddedAt", m."File_id", m."Title"
FROM "Musics" AS m
LIMIT @__p_1 OFFSET @__p_0
2026-06-29 20:08:02.879 +00:00 [INF] Fetched 3 music records.
2026-06-29 20:08:02.880 +00:00 [INF] Executing ObjectResult, writing value of type 'System.Collections.Generic.List`1[[API.Models.Music, API, Version=1.0.0.0, Culture=neutral, PublicKeyToken=null]]'.
2026-06-29 20:08:02.880 +00:00 [INF] Executed action API.Controllers.MusicController.Get (API) in 4.0972ms
2026-06-29 20:08:02.880 +00:00 [INF] Executed endpoint 'API.Controllers.MusicController.Get (API)'
2026-06-29 20:08:02.880 +00:00 [INF] Request finished HTTP/1.1 GET http://192.168.1.4:8080/api/music - 200 null application/json; charset=utf-8 6.5858ms
2026-06-29 20:08:08.653 +00:00 [INF] Request starting HTTP/1.1 GET http://192.168.1.4:8080/api/music - null null
2026-06-29 20:08:08.654 +00:00 [INF] CORS policy execution successful.
2026-06-29 20:08:08.656 +00:00 [INF] ====== OnMessageReceived START ======
2026-06-29 20:08:08.656 +00:00 [INF] Available cookies: 0
2026-06-29 20:08:08.656 +00:00 [WRN] NO TOKEN FOUND IN COOKIES!
2026-06-29 20:08:08.657 +00:00 [INF] ====== OnMessageReceived END - Token set: false ======
2026-06-29 20:08:08.657 +00:00 [INF] Executing endpoint 'API.Controllers.MusicController.Get (API)'
2026-06-29 20:08:08.658 +00:00 [INF] Route matched with {action = "Get", controller = "Music"}. Executing controller action with signature System.Threading.Tasks.Task`1[System.Collections.Generic.IEnumerable`1[API.Models.Music]] Get(Int32, Int32) on controller API.Controllers.MusicController (API).
2026-06-29 20:08:08.658 +00:00 [WRN] Invalid pagination parameters: page=0, limit=0
2026-06-29 20:08:08.661 +00:00 [INF] Fetching music data from database...
2026-06-29 20:08:08.665 +00:00 [INF] Executed DbCommand (3ms) [Parameters=[@__p_1='?' (DbType = Int32), @__p_0='?' (DbType = Int32)], CommandType='"Text"', CommandTimeout='30']
SELECT m."ID", m."AddedAt", m."File_id", m."Title"
FROM "Musics" AS m
LIMIT @__p_1 OFFSET @__p_0
2026-06-29 20:08:08.667 +00:00 [INF] Fetched 3 music records.
2026-06-29 20:08:08.667 +00:00 [INF] Executing ObjectResult, writing value of type 'System.Collections.Generic.List`1[[API.Models.Music, API, Version=1.0.0.0, Culture=neutral, PublicKeyToken=null]]'.
2026-06-29 20:08:08.668 +00:00 [INF] Executed action API.Controllers.MusicController.Get (API) in 9.7496ms
2026-06-29 20:08:08.668 +00:00 [INF] Executed endpoint 'API.Controllers.MusicController.Get (API)'
2026-06-29 20:08:08.668 +00:00 [INF] Request finished HTTP/1.1 GET http://192.168.1.4:8080/api/music - 200 null application/json; charset=utf-8 15.2324ms
2026-06-29 20:08:16.975 +00:00 [INF] Request starting HTTP/1.1 OPTIONS http://192.168.1.4:8080/api/auth - null null
2026-06-29 20:08:16.975 +00:00 [INF] CORS policy execution successful.
2026-06-29 20:08:16.977 +00:00 [INF] Request finished HTTP/1.1 OPTIONS http://192.168.1.4:8080/api/auth - 204 null null 1.7012ms
2026-06-29 20:08:16.978 +00:00 [INF] Request starting HTTP/1.1 POST http://192.168.1.4:8080/api/auth - application/json 74
2026-06-29 20:08:16.979 +00:00 [INF] CORS policy execution successful.
2026-06-29 20:08:16.979 +00:00 [INF] ====== OnMessageReceived START ======
2026-06-29 20:08:16.979 +00:00 [INF] Available cookies: 0
2026-06-29 20:08:16.979 +00:00 [WRN] NO TOKEN FOUND IN COOKIES!
2026-06-29 20:08:16.979 +00:00 [INF] ====== OnMessageReceived END - Token set: false ======
2026-06-29 20:08:16.980 +00:00 [INF] Executing endpoint 'API.Controllers.AuthController.Authenticate (API)'
2026-06-29 20:08:16.983 +00:00 [INF] Route matched with {action = "Authenticate", controller = "Auth"}. Executing controller action with signature System.Threading.Tasks.Task`1[Microsoft.AspNetCore.Mvc.IActionResult] Authenticate(API.Models.RequestModels.LoginRequest) on controller API.Controllers.AuthController (API).
2026-06-29 20:08:17.000 +00:00 [INF] Authentication attempt for email: lengyelnorbi5@gmail.com
2026-06-29 20:08:17.000 +00:00 [INF] Fetching user by email from database...
2026-06-29 20:08:17.024 +00:00 [INF] Executed DbCommand (5ms) [Parameters=[@__email_0='?'], CommandType='"Text"', CommandTimeout='30']
SELECT u."ID", u."Email", u."PasswordHash", u."RegisteredAt", u."Role", u."Username"
FROM "Users" AS u
WHERE u."Email" = @__email_0
LIMIT 1
2026-06-29 20:08:17.034 +00:00 [INF] Mozilla/5.0 (Windows NT 10.0; Win64; x64) AppleWebKit/537.36 (KHTML, like Gecko) Chrome/149.0.0.0 Safari/537.36
2026-06-29 20:08:17.038 +00:00 [INF] Fetching user by email from database...
2026-06-29 20:08:17.041 +00:00 [INF] Executed DbCommand (2ms) [Parameters=[@__email_0='?'], CommandType='"Text"', CommandTimeout='30']
SELECT u."ID", u."Email", u."PasswordHash", u."RegisteredAt", u."Role", u."Username"
FROM "Users" AS u
WHERE u."Email" = @__email_0
LIMIT 1
2026-06-29 20:08:17.468 +00:00 [INF] Password verification completed: Valid
2026-06-29 20:08:17.569 +00:00 [INF] Executed DbCommand (13ms) [Parameters=[@p0='?' (DbType = DateTime), @p1='?', @p2='?' (DbType = DateTime), @p3='?', @p4='?' (DbType = Int32), @p5='?'], CommandType='"Text"', CommandTimeout='30']
INSERT INTO "AccessTokens" ("CreatedAt", "DeviceFingerprint", "ExpiresAt", "IpAddress", "UserID", jti)
VALUES (@p0, @p1, @p2, @p3, @p4, @p5)
RETURNING "ID", "IsRevoked";
2026-06-29 20:08:17.611 +00:00 [INF] Executed DbCommand (6ms) [Parameters=[@p0='?' (DbType = DateTime), @p1='?', @p2='?' (DbType = DateTime), @p3='?', @p4='?', @p5='?' (DbType = Int32)], CommandType='"Text"', CommandTimeout='30']
INSERT INTO "RefreshTokens" ("CreatedAt", "DeviceFingerprint", "ExpiresAt", "IpAddress", "TokenHash", "UserID")
VALUES (@p0, @p1, @p2, @p3, @p4, @p5)
RETURNING "ID", "IsRevoked";
2026-06-29 20:08:17.613 +00:00 [INF] Admin user lengyelnorbi5@gmail.com authenticated successfully from admin panel at "2026-06-29T20:08:17.6137629Z"
2026-06-29 20:08:17.615 +00:00 [INF] --------------------------------------------------------------------
2026-06-29 20:08:17.615 +00:00 [INF] eyJhbGciOiJIUzI1NiIsInR5cCI6IkpXVCJ9.eyJodHRwOi8vc2NoZW1hcy54bWxzb2FwLm9yZy93cy8yMDA1LzA1L2lkZW50aXR5L2NsYWltcy9uYW1laWRlbnRpZmllciI6IjEiLCJodHRwOi8vc2NoZW1hcy54bWxzb2FwLm9yZy93cy8yMDA1LzA1L2lkZW50aXR5L2NsYWltcy9lbWFpbGFkZHJlc3MiOiJsZW5neWVsbm9yYmk1QGdtYWlsLmNvbSIsImh0dHA6Ly9zY2hlbWFzLnhtbHNvYXAub3JnL3dzLzIwMDUvMDUvaWRlbnRpdHkvY2xhaW1zL25hbWUiOiJsZW5neWVsbm9yYmkiLCJqdGkiOiI0NWUyZWE3Ny00N2FmLTQ1ZDUtOTE4ZC03MjRjZjBiNmU4NzQiLCJpYXQiOjE3ODI3NjM2OTcsImV4cCI6MTc4Mjc2Mzk5NywiaHR0cDovL3NjaGVtYXMubWljcm9zb2Z0LmNvbS93cy8yMDA4LzA2L2lkZW50aXR5L2NsYWltcy9yb2xlIjoiQWRtaW4iLCJTb3VyY2UiOiJhZG1pbiIsIkRldmljZUlkIjoiK2RubC9IcWVVV1pvYTkwUlR4S1hBMzdzeXNPajB1ZUplZVgzSjc5THVKVT0iLCJJUEFkZHJlc3MiOiI6OmZmZmY6MTcyLjIwLjAuMSIsIlRva2VuVmVyc2lvbiI6IjEiLCJpc3MiOiJNdXNpY1BsYXllckFQSSIsImF1ZCI6Ik11c2ljUGxheWVyQ2xpZW50In0.gXGFRH4lyHrKUr8hVQ3VvlNSyj0gQA0GtoeT9_4zm0A
2026-06-29 20:08:17.615 +00:00 [INF] keS8II0hb4SQH1V1ETyhzX29C3neQYRPg7lFERm60Gw=
2026-06-29 20:08:17.616 +00:00 [INF] Source: admin
2026-06-29 20:08:17.616 +00:00 [INF] Access Token expires at: "2026-06-29T20:13:17.4694940Z"
2026-06-29 20:08:17.616 +00:00 [INF] Refresh Token expires at: "2026-06-30T04:08:17.5948986Z"
2026-06-29 20:08:17.616 +00:00 [INF] tokenCookieName: adminToken
2026-06-29 20:08:17.617 +00:00 [INF] refreshTokenCookieName: adminRefreshToken
2026-06-29 20:08:17.617 +00:00 [INF] Refresh token hash stored in cookie: keS8II0hb4SQH1V1ETyhzX29C3neQYRPg7lFERm60Gw=
2026-06-29 20:08:17.617 +00:00 [INF] --------------------------------------------------------------------
2026-06-29 20:08:17.617 +00:00 [INF] Executing OkObjectResult, writing value of type '<>f__AnonymousType1`4[[System.Boolean, System.Private.CoreLib, Version=9.0.0.0, Culture=neutral, PublicKeyToken=7cec85d7bea7798e],[System.Int32, System.Private.CoreLib, Version=9.0.0.0, Culture=neutral, PublicKeyToken=7cec85d7bea7798e],[System.Int32, System.Private.CoreLib, Version=9.0.0.0, Culture=neutral, PublicKeyToken=7cec85d7bea7798e],[<>f__AnonymousType2`3[[System.Int32, System.Private.CoreLib, Version=9.0.0.0, Culture=neutral, PublicKeyToken=7cec85d7bea7798e],[System.String, System.Private.CoreLib, Version=9.0.0.0, Culture=neutral, PublicKeyToken=7cec85d7bea7798e],[System.String, System.Private.CoreLib, Version=9.0.0.0, Culture=neutral, PublicKeyToken=7cec85d7bea7798e]], API, Version=1.0.0.0, Culture=neutral, PublicKeyToken=null]]'.
2026-06-29 20:08:17.621 +00:00 [INF] Executed action API.Controllers.AuthController.Authenticate (API) in 637.9987ms
2026-06-29 20:08:17.622 +00:00 [INF] Executed endpoint 'API.Controllers.AuthController.Authenticate (API)'
2026-06-29 20:08:17.622 +00:00 [INF] Request finished HTTP/1.1 POST http://192.168.1.4:8080/api/auth - 200 null application/json; charset=utf-8 644.0526ms
2026-06-29 20:08:20.126 +00:00 [INF] Request starting HTTP/1.1 GET http://192.168.1.4:8080/api/user?page=1&limit=10 - null null
2026-06-29 20:08:20.127 +00:00 [INF] CORS policy execution successful.
2026-06-29 20:08:20.127 +00:00 [INF] ====== OnMessageReceived START ======
2026-06-29 20:08:20.128 +00:00 [INF] Available cookies: 2
2026-06-29 20:08:20.128 +00:00 [INF] Cookie: adminToken = 844 chars
2026-06-29 20:08:20.129 +00:00 [INF] Cookie: adminRefreshToken = 44 chars
2026-06-29 20:08:20.129 +00:00 [INF] Admin token found in cookies, length: 844
2026-06-29 20:08:20.129 +00:00 [INF] Admin token set in context
2026-06-29 20:08:20.129 +00:00 [INF] ====== OnMessageReceived END - Token set: true ======
2026-06-29 20:08:20.161 +00:00 [INF] Token validated successfully for user: lengyelnorbi
2026-06-29 20:08:20.162 +00:00 [INF] Device fingerprint headers - UA: Mozilla/5.0 (Windows NT 10.0; Win64; x64) AppleWebKit/537.36 (KHTML, like Gecko) Chrome/149.0.0.0 Safari/537.36, Accept: application/json, text/plain, */*, Encoding: gzip, deflate
2026-06-29 20:08:20.162 +00:00 [INF] Device fingerprint validation: Stored=+dnl/HqeUWZoa90RTxKXA37sysOj0ueJeeX3J79LuJU=, Current=+dnl/HqeUWZoa90RTxKXA37sysOj0ueJeeX3J79LuJU=
2026-06-29 20:08:20.182 +00:00 [INF] Executed DbCommand (5ms) [Parameters=[@__jti_0='?', @__userId_1='?' (DbType = Int32)], CommandType='"Text"', CommandTimeout='30']
SELECT a."ID", a."CreatedAt", a."DeviceFingerprint", a."ExpiresAt", a."IpAddress", a."IsRevoked", a."UserID", a.jti
FROM "AccessTokens" AS a
WHERE a.jti = @__jti_0 AND a."UserID" = @__userId_1 AND NOT (a."IsRevoked") AND a."ExpiresAt" > now()
LIMIT 1
2026-06-29 20:08:20.186 +00:00 [INF] Executing endpoint 'API.Controllers.UserController.Get (API)'
2026-06-29 20:08:20.188 +00:00 [INF] Route matched with {action = "Get", controller = "User"}. Executing controller action with signature System.Threading.Tasks.Task`1[API.Utils.PagedResult`1[API.DTO.UserDTO]] Get(Int32, Int32) on controller API.Controllers.UserController (API).
2026-06-29 20:08:20.214 +00:00 [INF] Executed DbCommand (5ms) [Parameters=[], CommandType='"Text"', CommandTimeout='30']
SELECT count(*)::int
FROM "Users" AS u
2026-06-29 20:08:20.226 +00:00 [INF] Executed DbCommand (2ms) [Parameters=[@__p_1='?' (DbType = Int32), @__p_0='?' (DbType = Int32)], CommandType='"Text"', CommandTimeout='30']
SELECT u."ID", u."Username", u."Email", u."RegisteredAt", u."Role"
FROM "Users" AS u
ORDER BY u."ID"
LIMIT @__p_1 OFFSET @__p_0
2026-06-29 20:08:20.227 +00:00 [INF] Executing ObjectResult, writing value of type 'API.Utils.PagedResult`1[[API.DTO.UserDTO, API, Version=1.0.0.0, Culture=neutral, PublicKeyToken=null]]'.
2026-06-29 20:08:20.231 +00:00 [INF] Executed action API.Controllers.UserController.Get (API) in 41.9676ms
2026-06-29 20:08:20.231 +00:00 [INF] Executed endpoint 'API.Controllers.UserController.Get (API)'
2026-06-29 20:08:20.231 +00:00 [INF] Request finished HTTP/1.1 GET http://192.168.1.4:8080/api/user?page=1&limit=10 - 200 null application/json; charset=utf-8 105.0737ms
2026-06-29 20:08:20.232 +00:00 [INF] Request starting HTTP/1.1 GET http://192.168.1.4:8080/api/user?page=1&limit=10 - null null
2026-06-29 20:08:20.232 +00:00 [INF] CORS policy execution successful.
2026-06-29 20:08:20.233 +00:00 [INF] ====== OnMessageReceived START ======
2026-06-29 20:08:20.233 +00:00 [INF] Available cookies: 2
2026-06-29 20:08:20.233 +00:00 [INF] Cookie: adminToken = 844 chars
2026-06-29 20:08:20.233 +00:00 [INF] Cookie: adminRefreshToken = 44 chars
2026-06-29 20:08:20.233 +00:00 [INF] Admin token found in cookies, length: 844
2026-06-29 20:08:20.234 +00:00 [INF] Admin token set in context
2026-06-29 20:08:20.235 +00:00 [INF] ====== OnMessageReceived END - Token set: true ======
2026-06-29 20:08:20.236 +00:00 [INF] Token validated successfully for user: lengyelnorbi
2026-06-29 20:08:20.237 +00:00 [INF] Device fingerprint headers - UA: Mozilla/5.0 (Windows NT 10.0; Win64; x64) AppleWebKit/537.36 (KHTML, like Gecko) Chrome/149.0.0.0 Safari/537.36, Accept: application/json, text/plain, */*, Encoding: gzip, deflate
2026-06-29 20:08:20.237 +00:00 [INF] Device fingerprint validation: Stored=+dnl/HqeUWZoa90RTxKXA37sysOj0ueJeeX3J79LuJU=, Current=+dnl/HqeUWZoa90RTxKXA37sysOj0ueJeeX3J79LuJU=
2026-06-29 20:08:20.241 +00:00 [INF] Executed DbCommand (2ms) [Parameters=[@__jti_0='?', @__userId_1='?' (DbType = Int32)], CommandType='"Text"', CommandTimeout='30']
SELECT a."ID", a."CreatedAt", a."DeviceFingerprint", a."ExpiresAt", a."IpAddress", a."IsRevoked", a."UserID", a.jti
FROM "AccessTokens" AS a
WHERE a.jti = @__jti_0 AND a."UserID" = @__userId_1 AND NOT (a."IsRevoked") AND a."ExpiresAt" > now()
LIMIT 1
2026-06-29 20:08:20.242 +00:00 [INF] Executing endpoint 'API.Controllers.UserController.Get (API)'
2026-06-29 20:08:20.243 +00:00 [INF] Route matched with {action = "Get", controller = "User"}. Executing controller action with signature System.Threading.Tasks.Task`1[API.Utils.PagedResult`1[API.DTO.UserDTO]] Get(Int32, Int32) on controller API.Controllers.UserController (API).
2026-06-29 20:08:20.245 +00:00 [INF] Executed DbCommand (1ms) [Parameters=[], CommandType='"Text"', CommandTimeout='30']
SELECT count(*)::int
FROM "Users" AS u
2026-06-29 20:08:20.248 +00:00 [INF] Executed DbCommand (2ms) [Parameters=[@__p_1='?' (DbType = Int32), @__p_0='?' (DbType = Int32)], CommandType='"Text"', CommandTimeout='30']
SELECT u."ID", u."Username", u."Email", u."RegisteredAt", u."Role"
FROM "Users" AS u
ORDER BY u."ID"
LIMIT @__p_1 OFFSET @__p_0
2026-06-29 20:08:20.248 +00:00 [INF] Executing ObjectResult, writing value of type 'API.Utils.PagedResult`1[[API.DTO.UserDTO, API, Version=1.0.0.0, Culture=neutral, PublicKeyToken=null]]'.
2026-06-29 20:08:20.248 +00:00 [INF] Executed action API.Controllers.UserController.Get (API) in 5.5694ms
2026-06-29 20:08:20.249 +00:00 [INF] Executed endpoint 'API.Controllers.UserController.Get (API)'
2026-06-29 20:08:20.249 +00:00 [INF] Request finished HTTP/1.1 GET http://192.168.1.4:8080/api/user?page=1&limit=10 - 200 null application/json; charset=utf-8 16.574ms
2026-06-29 20:08:32.261 +00:00 [INF] Request starting HTTP/1.1 GET http://192.168.1.4:8080/api/user?page=1&limit=10 - null null
2026-06-29 20:08:32.261 +00:00 [INF] CORS policy execution successful.
2026-06-29 20:08:32.261 +00:00 [INF] ====== OnMessageReceived START ======
2026-06-29 20:08:32.261 +00:00 [INF] Available cookies: 2
2026-06-29 20:08:32.261 +00:00 [INF] Cookie: adminToken = 844 chars
2026-06-29 20:08:32.262 +00:00 [INF] Cookie: adminRefreshToken = 44 chars
2026-06-29 20:08:32.262 +00:00 [INF] Admin token found in cookies, length: 844
2026-06-29 20:08:32.262 +00:00 [INF] Admin token set in context
2026-06-29 20:08:32.262 +00:00 [INF] ====== OnMessageReceived END - Token set: true ======
2026-06-29 20:08:32.262 +00:00 [INF] Token validated successfully for user: lengyelnorbi
2026-06-29 20:08:32.262 +00:00 [INF] Device fingerprint headers - UA: Mozilla/5.0 (Windows NT 10.0; Win64; x64) AppleWebKit/537.36 (KHTML, like Gecko) Chrome/149.0.0.0 Safari/537.36, Accept: application/json, text/plain, */*, Encoding: gzip, deflate
2026-06-29 20:08:32.263 +00:00 [INF] Device fingerprint validation: Stored=+dnl/HqeUWZoa90RTxKXA37sysOj0ueJeeX3J79LuJU=, Current=+dnl/HqeUWZoa90RTxKXA37sysOj0ueJeeX3J79LuJU=
2026-06-29 20:08:32.265 +00:00 [INF] Executed DbCommand (1ms) [Parameters=[@__jti_0='?', @__userId_1='?' (DbType = Int32)], CommandType='"Text"', CommandTimeout='30']
SELECT a."ID", a."CreatedAt", a."DeviceFingerprint", a."ExpiresAt", a."IpAddress", a."IsRevoked", a."UserID", a.jti
FROM "AccessTokens" AS a
WHERE a.jti = @__jti_0 AND a."UserID" = @__userId_1 AND NOT (a."IsRevoked") AND a."ExpiresAt" > now()
LIMIT 1
2026-06-29 20:08:32.266 +00:00 [INF] Executing endpoint 'API.Controllers.UserController.Get (API)'
2026-06-29 20:08:32.266 +00:00 [INF] Route matched with {action = "Get", controller = "User"}. Executing controller action with signature System.Threading.Tasks.Task`1[API.Utils.PagedResult`1[API.DTO.UserDTO]] Get(Int32, Int32) on controller API.Controllers.UserController (API).
2026-06-29 20:08:32.268 +00:00 [INF] Executed DbCommand (1ms) [Parameters=[], CommandType='"Text"', CommandTimeout='30']
SELECT count(*)::int
FROM "Users" AS u
2026-06-29 20:08:32.269 +00:00 [INF] Executed DbCommand (1ms) [Parameters=[@__p_1='?' (DbType = Int32), @__p_0='?' (DbType = Int32)], CommandType='"Text"', CommandTimeout='30']
SELECT u."ID", u."Username", u."Email", u."RegisteredAt", u."Role"
FROM "Users" AS u
ORDER BY u."ID"
LIMIT @__p_1 OFFSET @__p_0
2026-06-29 20:08:32.269 +00:00 [INF] Executing ObjectResult, writing value of type 'API.Utils.PagedResult`1[[API.DTO.UserDTO, API, Version=1.0.0.0, Culture=neutral, PublicKeyToken=null]]'.
2026-06-29 20:08:32.269 +00:00 [INF] Executed action API.Controllers.UserController.Get (API) in 3.4156ms
2026-06-29 20:08:32.270 +00:00 [INF] Executed endpoint 'API.Controllers.UserController.Get (API)'
2026-06-29 20:08:32.270 +00:00 [INF] Request finished HTTP/1.1 GET http://192.168.1.4:8080/api/user?page=1&limit=10 - 200 null application/json; charset=utf-8 9.3962ms
2026-06-29 20:08:32.271 +00:00 [INF] Request starting HTTP/1.1 GET http://192.168.1.4:8080/api/user?page=1&limit=10 - null null
2026-06-29 20:08:32.271 +00:00 [INF] CORS policy execution successful.
2026-06-29 20:08:32.271 +00:00 [INF] ====== OnMessageReceived START ======
2026-06-29 20:08:32.272 +00:00 [INF] Available cookies: 2
2026-06-29 20:08:32.272 +00:00 [INF] Cookie: adminToken = 844 chars
2026-06-29 20:08:32.272 +00:00 [INF] Cookie: adminRefreshToken = 44 chars
2026-06-29 20:08:32.272 +00:00 [INF] Admin token found in cookies, length: 844
2026-06-29 20:08:32.272 +00:00 [INF] Admin token set in context
2026-06-29 20:08:32.272 +00:00 [INF] ====== OnMessageReceived END - Token set: true ======
2026-06-29 20:08:32.273 +00:00 [INF] Token validated successfully for user: lengyelnorbi
2026-06-29 20:08:32.273 +00:00 [INF] Device fingerprint headers - UA: Mozilla/5.0 (Windows NT 10.0; Win64; x64) AppleWebKit/537.36 (KHTML, like Gecko) Chrome/149.0.0.0 Safari/537.36, Accept: application/json, text/plain, */*, Encoding: gzip, deflate
2026-06-29 20:08:32.273 +00:00 [INF] Device fingerprint validation: Stored=+dnl/HqeUWZoa90RTxKXA37sysOj0ueJeeX3J79LuJU=, Current=+dnl/HqeUWZoa90RTxKXA37sysOj0ueJeeX3J79LuJU=
2026-06-29 20:08:32.275 +00:00 [INF] Executed DbCommand (1ms) [Parameters=[@__jti_0='?', @__userId_1='?' (DbType = Int32)], CommandType='"Text"', CommandTimeout='30']
SELECT a."ID", a."CreatedAt", a."DeviceFingerprint", a."ExpiresAt", a."IpAddress", a."IsRevoked", a."UserID", a.jti
FROM "AccessTokens" AS a
WHERE a.jti = @__jti_0 AND a."UserID" = @__userId_1 AND NOT (a."IsRevoked") AND a."ExpiresAt" > now()
LIMIT 1
2026-06-29 20:08:32.275 +00:00 [INF] Executing endpoint 'API.Controllers.UserController.Get (API)'
2026-06-29 20:08:32.276 +00:00 [INF] Route matched with {action = "Get", controller = "User"}. Executing controller action with signature System.Threading.Tasks.Task`1[API.Utils.PagedResult`1[API.DTO.UserDTO]] Get(Int32, Int32) on controller API.Controllers.UserController (API).
2026-06-29 20:08:32.277 +00:00 [INF] Executed DbCommand (1ms) [Parameters=[], CommandType='"Text"', CommandTimeout='30']
SELECT count(*)::int
FROM "Users" AS u
2026-06-29 20:08:32.279 +00:00 [INF] Executed DbCommand (1ms) [Parameters=[@__p_1='?' (DbType = Int32), @__p_0='?' (DbType = Int32)], CommandType='"Text"', CommandTimeout='30']
SELECT u."ID", u."Username", u."Email", u."RegisteredAt", u."Role"
FROM "Users" AS u
ORDER BY u."ID"
LIMIT @__p_1 OFFSET @__p_0
2026-06-29 20:08:32.279 +00:00 [INF] Executing ObjectResult, writing value of type 'API.Utils.PagedResult`1[[API.DTO.UserDTO, API, Version=1.0.0.0, Culture=neutral, PublicKeyToken=null]]'.
2026-06-29 20:08:32.279 +00:00 [INF] Executed action API.Controllers.UserController.Get (API) in 3.6392ms
2026-06-29 20:08:32.280 +00:00 [INF] Executed endpoint 'API.Controllers.UserController.Get (API)'
2026-06-29 20:08:32.280 +00:00 [INF] Request finished HTTP/1.1 GET http://192.168.1.4:8080/api/user?page=1&limit=10 - 200 null application/json; charset=utf-8 8.903ms
2026-06-29 20:08:34.196 +00:00 [INF] Request starting HTTP/1.1 GET http://192.168.1.4:8080/api/user?page=1&limit=10 - null null
2026-06-29 20:08:34.196 +00:00 [INF] CORS policy execution successful.
2026-06-29 20:08:34.196 +00:00 [INF] ====== OnMessageReceived START ======
2026-06-29 20:08:34.196 +00:00 [INF] Available cookies: 2
2026-06-29 20:08:34.197 +00:00 [INF] Cookie: adminToken = 844 chars
2026-06-29 20:08:34.197 +00:00 [INF] Cookie: adminRefreshToken = 44 chars
2026-06-29 20:08:34.197 +00:00 [INF] Admin token found in cookies, length: 844
2026-06-29 20:08:34.197 +00:00 [INF] Admin token set in context
2026-06-29 20:08:34.197 +00:00 [INF] ====== OnMessageReceived END - Token set: true ======
2026-06-29 20:08:34.198 +00:00 [INF] Token validated successfully for user: lengyelnorbi
2026-06-29 20:08:34.198 +00:00 [INF] Device fingerprint headers - UA: Mozilla/5.0 (Windows NT 10.0; Win64; x64) AppleWebKit/537.36 (KHTML, like Gecko) Chrome/149.0.0.0 Safari/537.36, Accept: application/json, text/plain, */*, Encoding: gzip, deflate
2026-06-29 20:08:34.198 +00:00 [INF] Device fingerprint validation: Stored=+dnl/HqeUWZoa90RTxKXA37sysOj0ueJeeX3J79LuJU=, Current=+dnl/HqeUWZoa90RTxKXA37sysOj0ueJeeX3J79LuJU=
2026-06-29 20:08:34.200 +00:00 [INF] Executed DbCommand (1ms) [Parameters=[@__jti_0='?', @__userId_1='?' (DbType = Int32)], CommandType='"Text"', CommandTimeout='30']
SELECT a."ID", a."CreatedAt", a."DeviceFingerprint", a."ExpiresAt", a."IpAddress", a."IsRevoked", a."UserID", a.jti
FROM "AccessTokens" AS a
WHERE a.jti = @__jti_0 AND a."UserID" = @__userId_1 AND NOT (a."IsRevoked") AND a."ExpiresAt" > now()
LIMIT 1
2026-06-29 20:08:34.201 +00:00 [INF] Executing endpoint 'API.Controllers.UserController.Get (API)'
2026-06-29 20:08:34.201 +00:00 [INF] Route matched with {action = "Get", controller = "User"}. Executing controller action with signature System.Threading.Tasks.Task`1[API.Utils.PagedResult`1[API.DTO.UserDTO]] Get(Int32, Int32) on controller API.Controllers.UserController (API).
2026-06-29 20:08:34.203 +00:00 [INF] Executed DbCommand (1ms) [Parameters=[], CommandType='"Text"', CommandTimeout='30']
SELECT count(*)::int
FROM "Users" AS u
2026-06-29 20:08:34.205 +00:00 [INF] Executed DbCommand (1ms) [Parameters=[@__p_1='?' (DbType = Int32), @__p_0='?' (DbType = Int32)], CommandType='"Text"', CommandTimeout='30']
SELECT u."ID", u."Username", u."Email", u."RegisteredAt", u."Role"
FROM "Users" AS u
ORDER BY u."ID"
LIMIT @__p_1 OFFSET @__p_0
2026-06-29 20:08:34.205 +00:00 [INF] Executing ObjectResult, writing value of type 'API.Utils.PagedResult`1[[API.DTO.UserDTO, API, Version=1.0.0.0, Culture=neutral, PublicKeyToken=null]]'.
2026-06-29 20:08:34.205 +00:00 [INF] Executed action API.Controllers.UserController.Get (API) in 3.9878ms
2026-06-29 20:08:34.206 +00:00 [INF] Executed endpoint 'API.Controllers.UserController.Get (API)'
2026-06-29 20:08:34.206 +00:00 [INF] Request finished HTTP/1.1 GET http://192.168.1.4:8080/api/user?page=1&limit=10 - 200 null application/json; charset=utf-8 10.1504ms
2026-06-29 20:08:40.633 +00:00 [INF] Request starting HTTP/1.1 GET http://192.168.1.4:8080/api/user?page=1&limit=10 - null null
2026-06-29 20:08:40.634 +00:00 [INF] CORS policy execution successful.
2026-06-29 20:08:40.634 +00:00 [INF] ====== OnMessageReceived START ======
2026-06-29 20:08:40.634 +00:00 [INF] Available cookies: 2
2026-06-29 20:08:40.634 +00:00 [INF] Cookie: adminToken = 844 chars
2026-06-29 20:08:40.635 +00:00 [INF] Cookie: adminRefreshToken = 44 chars
2026-06-29 20:08:40.635 +00:00 [INF] Admin token found in cookies, length: 844
2026-06-29 20:08:40.635 +00:00 [INF] Admin token set in context
2026-06-29 20:08:40.635 +00:00 [INF] ====== OnMessageReceived END - Token set: true ======
2026-06-29 20:08:40.635 +00:00 [INF] Token validated successfully for user: lengyelnorbi
2026-06-29 20:08:40.636 +00:00 [INF] Device fingerprint headers - UA: Mozilla/5.0 (Windows NT 10.0; Win64; x64) AppleWebKit/537.36 (KHTML, like Gecko) Chrome/149.0.0.0 Safari/537.36, Accept: application/json, text/plain, */*, Encoding: gzip, deflate
2026-06-29 20:08:40.636 +00:00 [INF] Device fingerprint validation: Stored=+dnl/HqeUWZoa90RTxKXA37sysOj0ueJeeX3J79LuJU=, Current=+dnl/HqeUWZoa90RTxKXA37sysOj0ueJeeX3J79LuJU=
2026-06-29 20:08:40.639 +00:00 [INF] Executed DbCommand (2ms) [Parameters=[@__jti_0='?', @__userId_1='?' (DbType = Int32)], CommandType='"Text"', CommandTimeout='30']
SELECT a."ID", a."CreatedAt", a."DeviceFingerprint", a."ExpiresAt", a."IpAddress", a."IsRevoked", a."UserID", a.jti
FROM "AccessTokens" AS a
WHERE a.jti = @__jti_0 AND a."UserID" = @__userId_1 AND NOT (a."IsRevoked") AND a."ExpiresAt" > now()
LIMIT 1
2026-06-29 20:08:40.640 +00:00 [INF] Executing endpoint 'API.Controllers.UserController.Get (API)'
2026-06-29 20:08:40.640 +00:00 [INF] Route matched with {action = "Get", controller = "User"}. Executing controller action with signature System.Threading.Tasks.Task`1[API.Utils.PagedResult`1[API.DTO.UserDTO]] Get(Int32, Int32) on controller API.Controllers.UserController (API).
2026-06-29 20:08:40.641 +00:00 [INF] Executed DbCommand (1ms) [Parameters=[], CommandType='"Text"', CommandTimeout='30']
SELECT count(*)::int
FROM "Users" AS u
2026-06-29 20:08:40.643 +00:00 [INF] Executed DbCommand (1ms) [Parameters=[@__p_1='?' (DbType = Int32), @__p_0='?' (DbType = Int32)], CommandType='"Text"', CommandTimeout='30']
SELECT u."ID", u."Username", u."Email", u."RegisteredAt", u."Role"
FROM "Users" AS u
ORDER BY u."ID"
LIMIT @__p_1 OFFSET @__p_0
2026-06-29 20:08:40.643 +00:00 [INF] Executing ObjectResult, writing value of type 'API.Utils.PagedResult`1[[API.DTO.UserDTO, API, Version=1.0.0.0, Culture=neutral, PublicKeyToken=null]]'.
2026-06-29 20:08:40.643 +00:00 [INF] Executed action API.Controllers.UserController.Get (API) in 3.4055ms
2026-06-29 20:08:40.644 +00:00 [INF] Executed endpoint 'API.Controllers.UserController.Get (API)'
2026-06-29 20:08:40.644 +00:00 [INF] Request finished HTTP/1.1 GET http://192.168.1.4:8080/api/user?page=1&limit=10 - 200 null application/json; charset=utf-8 10.7361ms
2026-06-29 20:08:40.645 +00:00 [INF] Request starting HTTP/1.1 GET http://192.168.1.4:8080/api/user?page=1&limit=10 - null null
2026-06-29 20:08:40.646 +00:00 [INF] CORS policy execution successful.
2026-06-29 20:08:40.646 +00:00 [INF] ====== OnMessageReceived START ======
2026-06-29 20:08:40.646 +00:00 [INF] Available cookies: 2
2026-06-29 20:08:40.646 +00:00 [INF] Cookie: adminToken = 844 chars
2026-06-29 20:08:40.646 +00:00 [INF] Cookie: adminRefreshToken = 44 chars
2026-06-29 20:08:40.646 +00:00 [INF] Admin token found in cookies, length: 844
2026-06-29 20:08:40.646 +00:00 [INF] Admin token set in context
2026-06-29 20:08:40.647 +00:00 [INF] ====== OnMessageReceived END - Token set: true ======
2026-06-29 20:08:40.647 +00:00 [INF] Token validated successfully for user: lengyelnorbi
2026-06-29 20:08:40.647 +00:00 [INF] Device fingerprint headers - UA: Mozilla/5.0 (Windows NT 10.0; Win64; x64) AppleWebKit/537.36 (KHTML, like Gecko) Chrome/149.0.0.0 Safari/537.36, Accept: application/json, text/plain, */*, Encoding: gzip, deflate
2026-06-29 20:08:40.647 +00:00 [INF] Device fingerprint validation: Stored=+dnl/HqeUWZoa90RTxKXA37sysOj0ueJeeX3J79LuJU=, Current=+dnl/HqeUWZoa90RTxKXA37sysOj0ueJeeX3J79LuJU=
2026-06-29 20:08:40.649 +00:00 [INF] Executed DbCommand (1ms) [Parameters=[@__jti_0='?', @__userId_1='?' (DbType = Int32)], CommandType='"Text"', CommandTimeout='30']
SELECT a."ID", a."CreatedAt", a."DeviceFingerprint", a."ExpiresAt", a."IpAddress", a."IsRevoked", a."UserID", a.jti
FROM "AccessTokens" AS a
WHERE a.jti = @__jti_0 AND a."UserID" = @__userId_1 AND NOT (a."IsRevoked") AND a."ExpiresAt" > now()
LIMIT 1
2026-06-29 20:08:40.649 +00:00 [INF] Executing endpoint 'API.Controllers.UserController.Get (API)'
2026-06-29 20:08:40.650 +00:00 [INF] Route matched with {action = "Get", controller = "User"}. Executing controller action with signature System.Threading.Tasks.Task`1[API.Utils.PagedResult`1[API.DTO.UserDTO]] Get(Int32, Int32) on controller API.Controllers.UserController (API).
2026-06-29 20:08:40.652 +00:00 [INF] Executed DbCommand (1ms) [Parameters=[], CommandType='"Text"', CommandTimeout='30']
SELECT count(*)::int
FROM "Users" AS u
2026-06-29 20:08:40.653 +00:00 [INF] Executed DbCommand (1ms) [Parameters=[@__p_1='?' (DbType = Int32), @__p_0='?' (DbType = Int32)], CommandType='"Text"', CommandTimeout='30']
SELECT u."ID", u."Username", u."Email", u."RegisteredAt", u."Role"
FROM "Users" AS u
ORDER BY u."ID"
LIMIT @__p_1 OFFSET @__p_0
2026-06-29 20:08:40.654 +00:00 [INF] Executing ObjectResult, writing value of type 'API.Utils.PagedResult`1[[API.DTO.UserDTO, API, Version=1.0.0.0, Culture=neutral, PublicKeyToken=null]]'.
2026-06-29 20:08:40.654 +00:00 [INF] Executed action API.Controllers.UserController.Get (API) in 4.1108ms
2026-06-29 20:08:40.654 +00:00 [INF] Executed endpoint 'API.Controllers.UserController.Get (API)'
2026-06-29 20:08:40.654 +00:00 [INF] Request finished HTTP/1.1 GET http://192.168.1.4:8080/api/user?page=1&limit=10 - 200 null application/json; charset=utf-8 9.0996ms
2026-06-29 20:08:57.143 +00:00 [INF] Request starting HTTP/1.1 GET http://192.168.1.4:8080/api/user?page=1&limit=10 - null null
2026-06-29 20:08:57.144 +00:00 [INF] CORS policy execution successful.
2026-06-29 20:08:57.144 +00:00 [INF] ====== OnMessageReceived START ======
2026-06-29 20:08:57.144 +00:00 [INF] Available cookies: 2
2026-06-29 20:08:57.144 +00:00 [INF] Cookie: adminToken = 844 chars
2026-06-29 20:08:57.145 +00:00 [INF] Cookie: adminRefreshToken = 44 chars
2026-06-29 20:08:57.145 +00:00 [INF] Admin token found in cookies, length: 844
2026-06-29 20:08:57.145 +00:00 [INF] Admin token set in context
2026-06-29 20:08:57.145 +00:00 [INF] ====== OnMessageReceived END - Token set: true ======
2026-06-29 20:08:57.146 +00:00 [INF] Token validated successfully for user: lengyelnorbi
2026-06-29 20:08:57.146 +00:00 [INF] Device fingerprint headers - UA: Mozilla/5.0 (Windows NT 10.0; Win64; x64) AppleWebKit/537.36 (KHTML, like Gecko) Chrome/149.0.0.0 Safari/537.36, Accept: application/json, text/plain, */*, Encoding: gzip, deflate
2026-06-29 20:08:57.146 +00:00 [INF] Device fingerprint validation: Stored=+dnl/HqeUWZoa90RTxKXA37sysOj0ueJeeX3J79LuJU=, Current=+dnl/HqeUWZoa90RTxKXA37sysOj0ueJeeX3J79LuJU=
2026-06-29 20:08:57.151 +00:00 [INF] Executed DbCommand (3ms) [Parameters=[@__jti_0='?', @__userId_1='?' (DbType = Int32)], CommandType='"Text"', CommandTimeout='30']
SELECT a."ID", a."CreatedAt", a."DeviceFingerprint", a."ExpiresAt", a."IpAddress", a."IsRevoked", a."UserID", a.jti
FROM "AccessTokens" AS a
WHERE a.jti = @__jti_0 AND a."UserID" = @__userId_1 AND NOT (a."IsRevoked") AND a."ExpiresAt" > now()
LIMIT 1
2026-06-29 20:08:57.152 +00:00 [INF] Executing endpoint 'API.Controllers.UserController.Get (API)'
2026-06-29 20:08:57.152 +00:00 [INF] Route matched with {action = "Get", controller = "User"}. Executing controller action with signature System.Threading.Tasks.Task`1[API.Utils.PagedResult`1[API.DTO.UserDTO]] Get(Int32, Int32) on controller API.Controllers.UserController (API).
2026-06-29 20:08:57.154 +00:00 [INF] Executed DbCommand (1ms) [Parameters=[], CommandType='"Text"', CommandTimeout='30']
SELECT count(*)::int
FROM "Users" AS u
2026-06-29 20:08:57.156 +00:00 [INF] Executed DbCommand (1ms) [Parameters=[@__p_1='?' (DbType = Int32), @__p_0='?' (DbType = Int32)], CommandType='"Text"', CommandTimeout='30']
SELECT u."ID", u."Username", u."Email", u."RegisteredAt", u."Role"
FROM "Users" AS u
ORDER BY u."ID"
LIMIT @__p_1 OFFSET @__p_0
2026-06-29 20:08:57.156 +00:00 [INF] Executing ObjectResult, writing value of type 'API.Utils.PagedResult`1[[API.DTO.UserDTO, API, Version=1.0.0.0, Culture=neutral, PublicKeyToken=null]]'.
2026-06-29 20:08:57.157 +00:00 [INF] Executed action API.Controllers.UserController.Get (API) in 4.4399ms
2026-06-29 20:08:57.157 +00:00 [INF] Executed endpoint 'API.Controllers.UserController.Get (API)'
2026-06-29 20:08:57.157 +00:00 [INF] Request finished HTTP/1.1 GET http://192.168.1.4:8080/api/user?page=1&limit=10 - 200 null application/json; charset=utf-8 13.813ms
2026-06-29 20:12:48.580 +00:00 [INF] Request starting HTTP/1.1 OPTIONS http://192.168.1.4:8080/api/auth/refresh - null null
2026-06-29 20:12:48.581 +00:00 [INF] CORS policy execution successful.
2026-06-29 20:12:48.581 +00:00 [INF] Request finished HTTP/1.1 OPTIONS http://192.168.1.4:8080/api/auth/refresh - 204 null null 1.0274ms
2026-06-29 20:12:48.583 +00:00 [INF] Request starting HTTP/1.1 POST http://192.168.1.4:8080/api/auth/refresh - application/json 18
2026-06-29 20:12:48.585 +00:00 [INF] CORS policy execution successful.
2026-06-29 20:12:48.585 +00:00 [INF] ====== OnMessageReceived START ======
2026-06-29 20:12:48.585 +00:00 [INF] Available cookies: 2
2026-06-29 20:12:48.585 +00:00 [INF] Cookie: adminToken = 844 chars
2026-06-29 20:12:48.585 +00:00 [INF] Cookie: adminRefreshToken = 44 chars
2026-06-29 20:12:48.586 +00:00 [INF] Admin token found in cookies, length: 844
2026-06-29 20:12:48.586 +00:00 [INF] Admin token set in context
2026-06-29 20:12:48.586 +00:00 [INF] ====== OnMessageReceived END - Token set: true ======
2026-06-29 20:12:48.586 +00:00 [INF] Token validated successfully for user: lengyelnorbi
2026-06-29 20:12:48.586 +00:00 [INF] Device fingerprint headers - UA: Mozilla/5.0 (Windows NT 10.0; Win64; x64) AppleWebKit/537.36 (KHTML, like Gecko) Chrome/149.0.0.0 Safari/537.36, Accept: */*, Encoding: gzip, deflate
2026-06-29 20:12:48.587 +00:00 [INF] Device fingerprint validation: Stored=+dnl/HqeUWZoa90RTxKXA37sysOj0ueJeeX3J79LuJU=, Current=+dnl/HqeUWZoa90RTxKXA37sysOj0ueJeeX3J79LuJU=
2026-06-29 20:12:48.590 +00:00 [INF] Executed DbCommand (3ms) [Parameters=[@__jti_0='?', @__userId_1='?' (DbType = Int32)], CommandType='"Text"', CommandTimeout='30']
SELECT a."ID", a."CreatedAt", a."DeviceFingerprint", a."ExpiresAt", a."IpAddress", a."IsRevoked", a."UserID", a.jti
FROM "AccessTokens" AS a
WHERE a.jti = @__jti_0 AND a."UserID" = @__userId_1 AND NOT (a."IsRevoked") AND a."ExpiresAt" > now()
LIMIT 1
2026-06-29 20:12:48.594 +00:00 [INF] Executing endpoint 'API.Controllers.AuthController.RefreshToken (API)'
2026-06-29 20:12:48.597 +00:00 [INF] Route matched with {action = "RefreshToken", controller = "Auth"}. Executing controller action with signature System.Threading.Tasks.Task`1[Microsoft.AspNetCore.Mvc.IActionResult] RefreshToken(API.Models.RequestModels.RefreshRequest) on controller API.Controllers.AuthController (API).
2026-06-29 20:12:48.600 +00:00 [INF] Token refresh attempt at "2026-06-29T20:12:48.6009651Z"
2026-06-29 20:12:48.601 +00:00 [INF] Refreshing admin token at "2026-06-29T20:12:48.6013065Z"
2026-06-29 20:12:48.612 +00:00 [INF] Executed DbCommand (5ms) [Parameters=[@__tokenHash_0='?'], CommandType='"Text"', CommandTimeout='30']
SELECT r."ID", r."CreatedAt", r."DeviceFingerprint", r."ExpiresAt", r."IpAddress", r."IsRevoked", r."TokenHash", r."UserID"
FROM "RefreshTokens" AS r
WHERE r."TokenHash" = @__tokenHash_0 AND NOT (r."IsRevoked") AND r."ExpiresAt" > now()
ORDER BY r."CreatedAt" DESC
LIMIT 1
2026-06-29 20:12:48.614 +00:00 [INF] Mozilla/5.0 (Windows NT 10.0; Win64; x64) AppleWebKit/537.36 (KHTML, like Gecko) Chrome/149.0.0.0 Safari/537.36
2026-06-29 20:12:48.615 +00:00 [INF] Fetching user by ID from database...
2026-06-29 20:12:48.619 +00:00 [INF] Executed DbCommand (1ms) [Parameters=[@__id_0='?' (DbType = Int32)], CommandType='"Text"', CommandTimeout='30']
SELECT u."ID", u."Email", u."PasswordHash", u."RegisteredAt", u."Role", u."Username"
FROM "Users" AS u
WHERE u."ID" = @__id_0
LIMIT 1
2026-06-29 20:12:48.627 +00:00 [INF] Executed DbCommand (3ms) [Parameters=[@p0='?' (DbType = DateTime), @p1='?', @p2='?' (DbType = DateTime), @p3='?', @p4='?' (DbType = Int32), @p5='?'], CommandType='"Text"', CommandTimeout='30']
INSERT INTO "AccessTokens" ("CreatedAt", "DeviceFingerprint", "ExpiresAt", "IpAddress", "UserID", jti)
VALUES (@p0, @p1, @p2, @p3, @p4, @p5)
RETURNING "ID", "IsRevoked";
2026-06-29 20:12:48.632 +00:00 [INF] Executed DbCommand (1ms) [Parameters=[@__jti_0='?', @__userID_1='?' (DbType = Int32), @__deviceFingerprint_2='?', @__ipAddress_3='?'], CommandType='"Text"', CommandTimeout='30']
SELECT a."ID", a."CreatedAt", a."DeviceFingerprint", a."ExpiresAt", a."IpAddress", a."IsRevoked", a."UserID", a.jti
FROM "AccessTokens" AS a
WHERE a.jti = @__jti_0 AND a."UserID" = @__userID_1 AND a."DeviceFingerprint" = @__deviceFingerprint_2 AND a."IpAddress" = @__ipAddress_3
LIMIT 1
2026-06-29 20:12:48.633 +00:00 [INF] Attempting to revoke access token with jti 45e2ea77-47af-45d5-918d-724cf0b6e874 for user 1 from device +dnl/HqeUWZoa90RTxKXA37sysOj0ueJeeX3J79LuJU= and IP ::ffff:172.20.0.1
2026-06-29 20:12:48.633 +00:00 [INF] Access token found: API.Models.AccessToken
2026-06-29 20:12:48.640 +00:00 [INF] Executed DbCommand (3ms) [Parameters=[@p1='?' (DbType = Int32), @p0='?' (DbType = Boolean)], CommandType='"Text"', CommandTimeout='30']
UPDATE "AccessTokens" SET "IsRevoked" = @p0
WHERE "ID" = @p1;
2026-06-29 20:12:48.640 +00:00 [INF] Access token AccessToken for user 1 revoked: true
2026-06-29 20:12:48.644 +00:00 [INF] Executed DbCommand (3ms) [Parameters=[@p0='?' (DbType = DateTime), @p1='?', @p2='?' (DbType = DateTime), @p3='?', @p4='?', @p5='?' (DbType = Int32)], CommandType='"Text"', CommandTimeout='30']
INSERT INTO "RefreshTokens" ("CreatedAt", "DeviceFingerprint", "ExpiresAt", "IpAddress", "TokenHash", "UserID")
VALUES (@p0, @p1, @p2, @p3, @p4, @p5)
RETURNING "ID", "IsRevoked";
2026-06-29 20:12:48.650 +00:00 [INF] Executed DbCommand (2ms) [Parameters=[@__tokenHash_0='?', @__userId_1='?' (DbType = Int32), @__deviceFingerprint_2='?', @__ipAddress_3='?'], CommandType='"Text"', CommandTimeout='30']
SELECT r."ID", r."CreatedAt", r."DeviceFingerprint", r."ExpiresAt", r."IpAddress", r."IsRevoked", r."TokenHash", r."UserID"
FROM "RefreshTokens" AS r
WHERE r."TokenHash" = @__tokenHash_0 AND r."UserID" = @__userId_1 AND r."DeviceFingerprint" = @__deviceFingerprint_2 AND r."IpAddress" = @__ipAddress_3
LIMIT 1
2026-06-29 20:12:48.654 +00:00 [INF] Executed DbCommand (2ms) [Parameters=[@p1='?' (DbType = Int32), @p0='?' (DbType = Boolean)], CommandType='"Text"', CommandTimeout='30']
UPDATE "RefreshTokens" SET "IsRevoked" = @p0
WHERE "ID" = @p1;
2026-06-29 20:12:48.654 +00:00 [INF] Refresh token keS8II0hb4SQH1V1ETyhzX29C3neQYRPg7lFERm60Gw= for user 1 revoked: true
2026-06-29 20:12:48.654 +00:00 [INF] Token refreshed successfully for user 1 at "2026-06-29T20:12:48.6549417Z"
2026-06-29 20:12:48.655 +00:00 [INF] Executing OkObjectResult, writing value of type '<>f__AnonymousType3`2[[System.Boolean, System.Private.CoreLib, Version=9.0.0.0, Culture=neutral, PublicKeyToken=7cec85d7bea7798e],[System.Int32, System.Private.CoreLib, Version=9.0.0.0, Culture=neutral, PublicKeyToken=7cec85d7bea7798e]]'.
2026-06-29 20:12:48.656 +00:00 [INF] Executed action API.Controllers.AuthController.RefreshToken (API) in 58.7234ms
2026-06-29 20:12:48.656 +00:00 [INF] Executed endpoint 'API.Controllers.AuthController.RefreshToken (API)'
2026-06-29 20:12:48.657 +00:00 [INF] Request finished HTTP/1.1 POST http://192.168.1.4:8080/api/auth/refresh - 200 null application/json; charset=utf-8 73.5027ms
2026-06-29 20:15:27.610 +00:00 [INF] Request starting HTTP/1.1 GET http://192.168.1.4:8080/api/user?page=1&limit=10 - null null
2026-06-29 20:15:27.610 +00:00 [INF] CORS policy execution successful.
2026-06-29 20:15:27.611 +00:00 [INF] ====== OnMessageReceived START ======
2026-06-29 20:15:27.611 +00:00 [INF] Available cookies: 2
2026-06-29 20:15:27.611 +00:00 [INF] Cookie: adminToken = 844 chars
2026-06-29 20:15:27.611 +00:00 [INF] Cookie: adminRefreshToken = 44 chars
2026-06-29 20:15:27.611 +00:00 [INF] Admin token found in cookies, length: 844
2026-06-29 20:15:27.611 +00:00 [INF] Admin token set in context
2026-06-29 20:15:27.612 +00:00 [INF] ====== OnMessageReceived END - Token set: true ======
2026-06-29 20:15:27.612 +00:00 [INF] Token validated successfully for user: lengyelnorbi
2026-06-29 20:15:27.612 +00:00 [INF] Request starting HTTP/1.1 GET http://192.168.1.4:8080/api/user?page=1&limit=10 - null null
2026-06-29 20:15:27.612 +00:00 [INF] Device fingerprint headers - UA: Mozilla/5.0 (Windows NT 10.0; Win64; x64) AppleWebKit/537.36 (KHTML, like Gecko) Chrome/149.0.0.0 Safari/537.36, Accept: application/json, text/plain, */*, Encoding: gzip, deflate
2026-06-29 20:15:27.613 +00:00 [INF] CORS policy execution successful.
2026-06-29 20:15:27.613 +00:00 [INF] Device fingerprint validation: Stored=+dnl/HqeUWZoa90RTxKXA37sysOj0ueJeeX3J79LuJU=, Current=+dnl/HqeUWZoa90RTxKXA37sysOj0ueJeeX3J79LuJU=
2026-06-29 20:15:27.613 +00:00 [INF] ====== OnMessageReceived START ======
2026-06-29 20:15:27.614 +00:00 [INF] Available cookies: 2
2026-06-29 20:15:27.614 +00:00 [INF] Cookie: adminToken = 844 chars
2026-06-29 20:15:27.614 +00:00 [INF] Cookie: adminRefreshToken = 44 chars
2026-06-29 20:15:27.615 +00:00 [INF] Admin token found in cookies, length: 844
2026-06-29 20:15:27.615 +00:00 [INF] Admin token set in context
2026-06-29 20:15:27.615 +00:00 [INF] ====== OnMessageReceived END - Token set: true ======
2026-06-29 20:15:27.615 +00:00 [INF] Token validated successfully for user: lengyelnorbi
2026-06-29 20:15:27.616 +00:00 [INF] Device fingerprint headers - UA: Mozilla/5.0 (Windows NT 10.0; Win64; x64) AppleWebKit/537.36 (KHTML, like Gecko) Chrome/149.0.0.0 Safari/537.36, Accept: application/json, text/plain, */*, Encoding: gzip, deflate
2026-06-29 20:15:27.616 +00:00 [INF] Device fingerprint validation: Stored=+dnl/HqeUWZoa90RTxKXA37sysOj0ueJeeX3J79LuJU=, Current=+dnl/HqeUWZoa90RTxKXA37sysOj0ueJeeX3J79LuJU=
2026-06-29 20:15:27.626 +00:00 [INF] Executed DbCommand (2ms) [Parameters=[@__jti_0='?', @__userId_1='?' (DbType = Int32)], CommandType='"Text"', CommandTimeout='30']
SELECT a."ID", a."CreatedAt", a."DeviceFingerprint", a."ExpiresAt", a."IpAddress", a."IsRevoked", a."UserID", a.jti
FROM "AccessTokens" AS a
WHERE a.jti = @__jti_0 AND a."UserID" = @__userId_1 AND NOT (a."IsRevoked") AND a."ExpiresAt" > now()
LIMIT 1
2026-06-29 20:15:27.626 +00:00 [INF] Executing endpoint 'API.Controllers.UserController.Get (API)'
2026-06-29 20:15:27.627 +00:00 [INF] Route matched with {action = "Get", controller = "User"}. Executing controller action with signature System.Threading.Tasks.Task`1[API.Utils.PagedResult`1[API.DTO.UserDTO]] Get(Int32, Int32) on controller API.Controllers.UserController (API).
2026-06-29 20:15:27.627 +00:00 [INF] Executed DbCommand (2ms) [Parameters=[@__jti_0='?', @__userId_1='?' (DbType = Int32)], CommandType='"Text"', CommandTimeout='30']
SELECT a."ID", a."CreatedAt", a."DeviceFingerprint", a."ExpiresAt", a."IpAddress", a."IsRevoked", a."UserID", a.jti
FROM "AccessTokens" AS a
WHERE a.jti = @__jti_0 AND a."UserID" = @__userId_1 AND NOT (a."IsRevoked") AND a."ExpiresAt" > now()
LIMIT 1
2026-06-29 20:15:27.628 +00:00 [INF] Executing endpoint 'API.Controllers.UserController.Get (API)'
2026-06-29 20:15:27.628 +00:00 [INF] Route matched with {action = "Get", controller = "User"}. Executing controller action with signature System.Threading.Tasks.Task`1[API.Utils.PagedResult`1[API.DTO.UserDTO]] Get(Int32, Int32) on controller API.Controllers.UserController (API).
2026-06-29 20:15:27.628 +00:00 [INF] Executed DbCommand (1ms) [Parameters=[], CommandType='"Text"', CommandTimeout='30']
SELECT count(*)::int
FROM "Users" AS u
2026-06-29 20:15:27.629 +00:00 [INF] Executed DbCommand (1ms) [Parameters=[], CommandType='"Text"', CommandTimeout='30']
SELECT count(*)::int
FROM "Users" AS u
2026-06-29 20:15:27.630 +00:00 [INF] Executed DbCommand (1ms) [Parameters=[@__p_1='?' (DbType = Int32), @__p_0='?' (DbType = Int32)], CommandType='"Text"', CommandTimeout='30']
SELECT u."ID", u."Username", u."Email", u."RegisteredAt", u."Role"
FROM "Users" AS u
ORDER BY u."ID"
LIMIT @__p_1 OFFSET @__p_0
2026-06-29 20:15:27.630 +00:00 [INF] Executing ObjectResult, writing value of type 'API.Utils.PagedResult`1[[API.DTO.UserDTO, API, Version=1.0.0.0, Culture=neutral, PublicKeyToken=null]]'.
2026-06-29 20:15:27.631 +00:00 [INF] Executed action API.Controllers.UserController.Get (API) in 3.8563ms
2026-06-29 20:15:27.631 +00:00 [INF] Executed endpoint 'API.Controllers.UserController.Get (API)'
2026-06-29 20:15:27.631 +00:00 [INF] Executed DbCommand (1ms) [Parameters=[@__p_1='?' (DbType = Int32), @__p_0='?' (DbType = Int32)], CommandType='"Text"', CommandTimeout='30']
SELECT u."ID", u."Username", u."Email", u."RegisteredAt", u."Role"
FROM "Users" AS u
ORDER BY u."ID"
LIMIT @__p_1 OFFSET @__p_0
2026-06-29 20:15:27.631 +00:00 [INF] Request finished HTTP/1.1 GET http://192.168.1.4:8080/api/user?page=1&limit=10 - 200 null application/json; charset=utf-8 21.4816ms
2026-06-29 20:15:27.632 +00:00 [INF] Executing ObjectResult, writing value of type 'API.Utils.PagedResult`1[[API.DTO.UserDTO, API, Version=1.0.0.0, Culture=neutral, PublicKeyToken=null]]'.
2026-06-29 20:15:27.632 +00:00 [INF] Executed action API.Controllers.UserController.Get (API) in 4.1001ms
2026-06-29 20:15:27.632 +00:00 [INF] Executed endpoint 'API.Controllers.UserController.Get (API)'
2026-06-29 20:15:27.633 +00:00 [INF] Request finished HTTP/1.1 GET http://192.168.1.4:8080/api/user?page=1&limit=10 - 200 null application/json; charset=utf-8 20.1709ms
2026-06-29 20:17:19.571 +00:00 [INF] Request starting HTTP/1.1 OPTIONS http://192.168.1.4:8080/api/auth/refresh - null null
2026-06-29 20:17:19.572 +00:00 [INF] CORS policy execution successful.
2026-06-29 20:17:19.572 +00:00 [INF] Request finished HTTP/1.1 OPTIONS http://192.168.1.4:8080/api/auth/refresh - 204 null null 0.7589ms
2026-06-29 20:17:19.573 +00:00 [INF] Request starting HTTP/1.1 POST http://192.168.1.4:8080/api/auth/refresh - application/json 18
2026-06-29 20:17:19.574 +00:00 [INF] CORS policy execution successful.
2026-06-29 20:17:19.574 +00:00 [INF] ====== OnMessageReceived START ======
2026-06-29 20:17:19.574 +00:00 [INF] Available cookies: 2
2026-06-29 20:17:19.574 +00:00 [INF] Cookie: adminToken = 844 chars
2026-06-29 20:17:19.575 +00:00 [INF] Cookie: adminRefreshToken = 44 chars
2026-06-29 20:17:19.575 +00:00 [INF] Admin token found in cookies, length: 844
2026-06-29 20:17:19.575 +00:00 [INF] Admin token set in context
2026-06-29 20:17:19.575 +00:00 [INF] ====== OnMessageReceived END - Token set: true ======
2026-06-29 20:17:19.576 +00:00 [INF] Token validated successfully for user: lengyelnorbi
2026-06-29 20:17:19.576 +00:00 [INF] Device fingerprint headers - UA: Mozilla/5.0 (Windows NT 10.0; Win64; x64) AppleWebKit/537.36 (KHTML, like Gecko) Chrome/149.0.0.0 Safari/537.36, Accept: */*, Encoding: gzip, deflate
2026-06-29 20:17:19.576 +00:00 [INF] Device fingerprint validation: Stored=+dnl/HqeUWZoa90RTxKXA37sysOj0ueJeeX3J79LuJU=, Current=+dnl/HqeUWZoa90RTxKXA37sysOj0ueJeeX3J79LuJU=
2026-06-29 20:17:19.579 +00:00 [INF] Executed DbCommand (1ms) [Parameters=[@__jti_0='?', @__userId_1='?' (DbType = Int32)], CommandType='"Text"', CommandTimeout='30']
SELECT a."ID", a."CreatedAt", a."DeviceFingerprint", a."ExpiresAt", a."IpAddress", a."IsRevoked", a."UserID", a.jti
FROM "AccessTokens" AS a
WHERE a.jti = @__jti_0 AND a."UserID" = @__userId_1 AND NOT (a."IsRevoked") AND a."ExpiresAt" > now()
LIMIT 1
2026-06-29 20:17:19.580 +00:00 [INF] Executing endpoint 'API.Controllers.AuthController.RefreshToken (API)'
2026-06-29 20:17:19.580 +00:00 [INF] Route matched with {action = "RefreshToken", controller = "Auth"}. Executing controller action with signature System.Threading.Tasks.Task`1[Microsoft.AspNetCore.Mvc.IActionResult] RefreshToken(API.Models.RequestModels.RefreshRequest) on controller API.Controllers.AuthController (API).
2026-06-29 20:17:19.581 +00:00 [INF] Token refresh attempt at "2026-06-29T20:17:19.5816485Z"
2026-06-29 20:17:19.581 +00:00 [INF] Refreshing admin token at "2026-06-29T20:17:19.5818438Z"
2026-06-29 20:17:19.583 +00:00 [INF] Executed DbCommand (2ms) [Parameters=[@__tokenHash_0='?'], CommandType='"Text"', CommandTimeout='30']
SELECT r."ID", r."CreatedAt", r."DeviceFingerprint", r."ExpiresAt", r."IpAddress", r."IsRevoked", r."TokenHash", r."UserID"
FROM "RefreshTokens" AS r
WHERE r."TokenHash" = @__tokenHash_0 AND NOT (r."IsRevoked") AND r."ExpiresAt" > now()
ORDER BY r."CreatedAt" DESC
LIMIT 1
2026-06-29 20:17:19.584 +00:00 [INF] Mozilla/5.0 (Windows NT 10.0; Win64; x64) AppleWebKit/537.36 (KHTML, like Gecko) Chrome/149.0.0.0 Safari/537.36
2026-06-29 20:17:19.584 +00:00 [INF] Fetching user by ID from database...
2026-06-29 20:17:19.585 +00:00 [INF] Executed DbCommand (1ms) [Parameters=[@__id_0='?' (DbType = Int32)], CommandType='"Text"', CommandTimeout='30']
SELECT u."ID", u."Email", u."PasswordHash", u."RegisteredAt", u."Role", u."Username"
FROM "Users" AS u
WHERE u."ID" = @__id_0
LIMIT 1
2026-06-29 20:17:19.590 +00:00 [INF] Executed DbCommand (4ms) [Parameters=[@p0='?' (DbType = DateTime), @p1='?', @p2='?' (DbType = DateTime), @p3='?', @p4='?' (DbType = Int32), @p5='?'], CommandType='"Text"', CommandTimeout='30']
INSERT INTO "AccessTokens" ("CreatedAt", "DeviceFingerprint", "ExpiresAt", "IpAddress", "UserID", jti)
VALUES (@p0, @p1, @p2, @p3, @p4, @p5)
RETURNING "ID", "IsRevoked";
2026-06-29 20:17:19.592 +00:00 [INF] Executed DbCommand (1ms) [Parameters=[@__jti_0='?', @__userID_1='?' (DbType = Int32), @__deviceFingerprint_2='?', @__ipAddress_3='?'], CommandType='"Text"', CommandTimeout='30']
SELECT a."ID", a."CreatedAt", a."DeviceFingerprint", a."ExpiresAt", a."IpAddress", a."IsRevoked", a."UserID", a.jti
FROM "AccessTokens" AS a
WHERE a.jti = @__jti_0 AND a."UserID" = @__userID_1 AND a."DeviceFingerprint" = @__deviceFingerprint_2 AND a."IpAddress" = @__ipAddress_3
LIMIT 1
2026-06-29 20:17:19.592 +00:00 [INF] Attempting to revoke access token with jti c5a064bb-9cd2-4210-809c-fd71dc2634e7 for user 1 from device +dnl/HqeUWZoa90RTxKXA37sysOj0ueJeeX3J79LuJU= and IP ::ffff:172.20.0.1
2026-06-29 20:17:19.593 +00:00 [INF] Access token found: API.Models.AccessToken
2026-06-29 20:17:19.595 +00:00 [INF] Executed DbCommand (2ms) [Parameters=[@p1='?' (DbType = Int32), @p0='?' (DbType = Boolean)], CommandType='"Text"', CommandTimeout='30']
UPDATE "AccessTokens" SET "IsRevoked" = @p0
WHERE "ID" = @p1;
2026-06-29 20:17:19.595 +00:00 [INF] Access token AccessToken for user 1 revoked: true
2026-06-29 20:17:19.598 +00:00 [INF] Executed DbCommand (2ms) [Parameters=[@p0='?' (DbType = DateTime), @p1='?', @p2='?' (DbType = DateTime), @p3='?', @p4='?', @p5='?' (DbType = Int32)], CommandType='"Text"', CommandTimeout='30']
INSERT INTO "RefreshTokens" ("CreatedAt", "DeviceFingerprint", "ExpiresAt", "IpAddress", "TokenHash", "UserID")
VALUES (@p0, @p1, @p2, @p3, @p4, @p5)
RETURNING "ID", "IsRevoked";
2026-06-29 20:17:19.600 +00:00 [INF] Executed DbCommand (1ms) [Parameters=[@__tokenHash_0='?', @__userId_1='?' (DbType = Int32), @__deviceFingerprint_2='?', @__ipAddress_3='?'], CommandType='"Text"', CommandTimeout='30']
SELECT r."ID", r."CreatedAt", r."DeviceFingerprint", r."ExpiresAt", r."IpAddress", r."IsRevoked", r."TokenHash", r."UserID"
FROM "RefreshTokens" AS r
WHERE r."TokenHash" = @__tokenHash_0 AND r."UserID" = @__userId_1 AND r."DeviceFingerprint" = @__deviceFingerprint_2 AND r."IpAddress" = @__ipAddress_3
LIMIT 1
2026-06-29 20:17:19.602 +00:00 [INF] Executed DbCommand (2ms) [Parameters=[@p1='?' (DbType = Int32), @p0='?' (DbType = Boolean)], CommandType='"Text"', CommandTimeout='30']
UPDATE "RefreshTokens" SET "IsRevoked" = @p0
WHERE "ID" = @p1;
2026-06-29 20:17:19.602 +00:00 [INF] Refresh token kIDYa9uJwKoVV9PjilFN9h1DkpLDRoJZ8g16/tfqB4k= for user 1 revoked: true
2026-06-29 20:17:19.602 +00:00 [INF] Token refreshed successfully for user 1 at "2026-06-29T20:17:19.6029268Z"
2026-06-29 20:17:19.603 +00:00 [INF] Executing OkObjectResult, writing value of type '<>f__AnonymousType3`2[[System.Boolean, System.Private.CoreLib, Version=9.0.0.0, Culture=neutral, PublicKeyToken=7cec85d7bea7798e],[System.Int32, System.Private.CoreLib, Version=9.0.0.0, Culture=neutral, PublicKeyToken=7cec85d7bea7798e]]'.
2026-06-29 20:17:19.603 +00:00 [INF] Executed action API.Controllers.AuthController.RefreshToken (API) in 22.3789ms
2026-06-29 20:17:19.603 +00:00 [INF] Executed endpoint 'API.Controllers.AuthController.RefreshToken (API)'
2026-06-29 20:17:19.603 +00:00 [INF] Request finished HTTP/1.1 POST http://192.168.1.4:8080/api/auth/refresh - 200 null application/json; charset=utf-8 29.8998ms
2026-06-29 20:21:50.548 +00:00 [INF] Request starting HTTP/1.1 OPTIONS http://192.168.1.4:8080/api/auth/refresh - null null
2026-06-29 20:21:50.548 +00:00 [INF] CORS policy execution successful.
2026-06-29 20:21:50.549 +00:00 [INF] Request finished HTTP/1.1 OPTIONS http://192.168.1.4:8080/api/auth/refresh - 204 null null 1.07ms
2026-06-29 20:21:50.552 +00:00 [INF] Request starting HTTP/1.1 POST http://192.168.1.4:8080/api/auth/refresh - application/json 18
2026-06-29 20:21:50.552 +00:00 [INF] CORS policy execution successful.
2026-06-29 20:21:50.553 +00:00 [INF] ====== OnMessageReceived START ======
2026-06-29 20:21:50.553 +00:00 [INF] Available cookies: 2
2026-06-29 20:21:50.553 +00:00 [INF] Cookie: adminToken = 844 chars
2026-06-29 20:21:50.553 +00:00 [INF] Cookie: adminRefreshToken = 44 chars
2026-06-29 20:21:50.553 +00:00 [INF] Admin token found in cookies, length: 844
2026-06-29 20:21:50.554 +00:00 [INF] Admin token set in context
2026-06-29 20:21:50.554 +00:00 [INF] ====== OnMessageReceived END - Token set: true ======
2026-06-29 20:21:50.554 +00:00 [INF] Token validated successfully for user: lengyelnorbi
2026-06-29 20:21:50.554 +00:00 [INF] Device fingerprint headers - UA: Mozilla/5.0 (Windows NT 10.0; Win64; x64) AppleWebKit/537.36 (KHTML, like Gecko) Chrome/149.0.0.0 Safari/537.36, Accept: */*, Encoding: gzip, deflate
2026-06-29 20:21:50.555 +00:00 [INF] Device fingerprint validation: Stored=+dnl/HqeUWZoa90RTxKXA37sysOj0ueJeeX3J79LuJU=, Current=+dnl/HqeUWZoa90RTxKXA37sysOj0ueJeeX3J79LuJU=
2026-06-29 20:21:50.566 +00:00 [INF] Executed DbCommand (2ms) [Parameters=[@__jti_0='?', @__userId_1='?' (DbType = Int32)], CommandType='"Text"', CommandTimeout='30']
SELECT a."ID", a."CreatedAt", a."DeviceFingerprint", a."ExpiresAt", a."IpAddress", a."IsRevoked", a."UserID", a.jti
FROM "AccessTokens" AS a
WHERE a.jti = @__jti_0 AND a."UserID" = @__userId_1 AND NOT (a."IsRevoked") AND a."ExpiresAt" > now()
LIMIT 1
2026-06-29 20:21:50.568 +00:00 [INF] Executing endpoint 'API.Controllers.AuthController.RefreshToken (API)'
2026-06-29 20:21:50.568 +00:00 [INF] Route matched with {action = "RefreshToken", controller = "Auth"}. Executing controller action with signature System.Threading.Tasks.Task`1[Microsoft.AspNetCore.Mvc.IActionResult] RefreshToken(API.Models.RequestModels.RefreshRequest) on controller API.Controllers.AuthController (API).
2026-06-29 20:21:50.569 +00:00 [INF] Token refresh attempt at "2026-06-29T20:21:50.5692443Z"
2026-06-29 20:21:50.569 +00:00 [INF] Refreshing admin token at "2026-06-29T20:21:50.5694044Z"
2026-06-29 20:21:50.571 +00:00 [INF] Executed DbCommand (2ms) [Parameters=[@__tokenHash_0='?'], CommandType='"Text"', CommandTimeout='30']
SELECT r."ID", r."CreatedAt", r."DeviceFingerprint", r."ExpiresAt", r."IpAddress", r."IsRevoked", r."TokenHash", r."UserID"
FROM "RefreshTokens" AS r
WHERE r."TokenHash" = @__tokenHash_0 AND NOT (r."IsRevoked") AND r."ExpiresAt" > now()
ORDER BY r."CreatedAt" DESC
LIMIT 1
2026-06-29 20:21:50.571 +00:00 [INF] Mozilla/5.0 (Windows NT 10.0; Win64; x64) AppleWebKit/537.36 (KHTML, like Gecko) Chrome/149.0.0.0 Safari/537.36
2026-06-29 20:21:50.572 +00:00 [INF] Fetching user by ID from database...
2026-06-29 20:21:50.573 +00:00 [INF] Executed DbCommand (1ms) [Parameters=[@__id_0='?' (DbType = Int32)], CommandType='"Text"', CommandTimeout='30']
SELECT u."ID", u."Email", u."PasswordHash", u."RegisteredAt", u."Role", u."Username"
FROM "Users" AS u
WHERE u."ID" = @__id_0
LIMIT 1
2026-06-29 20:21:50.578 +00:00 [INF] Executed DbCommand (3ms) [Parameters=[@p0='?' (DbType = DateTime), @p1='?', @p2='?' (DbType = DateTime), @p3='?', @p4='?' (DbType = Int32), @p5='?'], CommandType='"Text"', CommandTimeout='30']
INSERT INTO "AccessTokens" ("CreatedAt", "DeviceFingerprint", "ExpiresAt", "IpAddress", "UserID", jti)
VALUES (@p0, @p1, @p2, @p3, @p4, @p5)
RETURNING "ID", "IsRevoked";
2026-06-29 20:21:50.579 +00:00 [INF] Executed DbCommand (1ms) [Parameters=[@__jti_0='?', @__userID_1='?' (DbType = Int32), @__deviceFingerprint_2='?', @__ipAddress_3='?'], CommandType='"Text"', CommandTimeout='30']
SELECT a."ID", a."CreatedAt", a."DeviceFingerprint", a."ExpiresAt", a."IpAddress", a."IsRevoked", a."UserID", a.jti
FROM "AccessTokens" AS a
WHERE a.jti = @__jti_0 AND a."UserID" = @__userID_1 AND a."DeviceFingerprint" = @__deviceFingerprint_2 AND a."IpAddress" = @__ipAddress_3
LIMIT 1
2026-06-29 20:21:50.579 +00:00 [INF] Attempting to revoke access token with jti b78d84a0-3366-4da1-b92b-474276d12889 for user 1 from device +dnl/HqeUWZoa90RTxKXA37sysOj0ueJeeX3J79LuJU= and IP ::ffff:172.20.0.1
2026-06-29 20:21:50.580 +00:00 [INF] Access token found: API.Models.AccessToken
2026-06-29 20:21:50.582 +00:00 [INF] Executed DbCommand (1ms) [Parameters=[@p1='?' (DbType = Int32), @p0='?' (DbType = Boolean)], CommandType='"Text"', CommandTimeout='30']
UPDATE "AccessTokens" SET "IsRevoked" = @p0
WHERE "ID" = @p1;
2026-06-29 20:21:50.582 +00:00 [INF] Access token AccessToken for user 1 revoked: true
2026-06-29 20:21:50.584 +00:00 [INF] Executed DbCommand (2ms) [Parameters=[@p0='?' (DbType = DateTime), @p1='?', @p2='?' (DbType = DateTime), @p3='?', @p4='?', @p5='?' (DbType = Int32)], CommandType='"Text"', CommandTimeout='30']
INSERT INTO "RefreshTokens" ("CreatedAt", "DeviceFingerprint", "ExpiresAt", "IpAddress", "TokenHash", "UserID")
VALUES (@p0, @p1, @p2, @p3, @p4, @p5)
RETURNING "ID", "IsRevoked";
2026-06-29 20:21:50.585 +00:00 [INF] Executed DbCommand (1ms) [Parameters=[@__tokenHash_0='?', @__userId_1='?' (DbType = Int32), @__deviceFingerprint_2='?', @__ipAddress_3='?'], CommandType='"Text"', CommandTimeout='30']
SELECT r."ID", r."CreatedAt", r."DeviceFingerprint", r."ExpiresAt", r."IpAddress", r."IsRevoked", r."TokenHash", r."UserID"
FROM "RefreshTokens" AS r
WHERE r."TokenHash" = @__tokenHash_0 AND r."UserID" = @__userId_1 AND r."DeviceFingerprint" = @__deviceFingerprint_2 AND r."IpAddress" = @__ipAddress_3
LIMIT 1
2026-06-29 20:21:50.587 +00:00 [INF] Executed DbCommand (1ms) [Parameters=[@p1='?' (DbType = Int32), @p0='?' (DbType = Boolean)], CommandType='"Text"', CommandTimeout='30']
UPDATE "RefreshTokens" SET "IsRevoked" = @p0
WHERE "ID" = @p1;
2026-06-29 20:21:50.587 +00:00 [INF] Refresh token oc7jm7tmT6wVEbZMH458d+wW7jMxNzOlKfGvl4UGiKU= for user 1 revoked: true
2026-06-29 20:21:50.588 +00:00 [INF] Token refreshed successfully for user 1 at "2026-06-29T20:21:50.5881805Z"
2026-06-29 20:21:50.588 +00:00 [INF] Executing OkObjectResult, writing value of type '<>f__AnonymousType3`2[[System.Boolean, System.Private.CoreLib, Version=9.0.0.0, Culture=neutral, PublicKeyToken=7cec85d7bea7798e],[System.Int32, System.Private.CoreLib, Version=9.0.0.0, Culture=neutral, PublicKeyToken=7cec85d7bea7798e]]'.
2026-06-29 20:21:50.588 +00:00 [INF] Executed action API.Controllers.AuthController.RefreshToken (API) in 19.8837ms
2026-06-29 20:21:50.588 +00:00 [INF] Executed endpoint 'API.Controllers.AuthController.RefreshToken (API)'
2026-06-29 20:21:50.589 +00:00 [INF] Request finished HTTP/1.1 POST http://192.168.1.4:8080/api/auth/refresh - 200 null application/json; charset=utf-8 36.5396ms
2026-06-29 20:26:21.541 +00:00 [INF] Request starting HTTP/1.1 OPTIONS http://192.168.1.4:8080/api/auth/refresh - null null
2026-06-29 20:26:21.542 +00:00 [INF] CORS policy execution successful.
2026-06-29 20:26:21.542 +00:00 [INF] Request finished HTTP/1.1 OPTIONS http://192.168.1.4:8080/api/auth/refresh - 204 null null 0.7391ms
2026-06-29 20:26:21.544 +00:00 [INF] Request starting HTTP/1.1 POST http://192.168.1.4:8080/api/auth/refresh - application/json 18
2026-06-29 20:26:21.544 +00:00 [INF] CORS policy execution successful.
2026-06-29 20:26:21.544 +00:00 [INF] ====== OnMessageReceived START ======
2026-06-29 20:26:21.544 +00:00 [INF] Available cookies: 2
2026-06-29 20:26:21.545 +00:00 [INF] Cookie: adminToken = 844 chars
2026-06-29 20:26:21.545 +00:00 [INF] Cookie: adminRefreshToken = 44 chars
2026-06-29 20:26:21.545 +00:00 [INF] Admin token found in cookies, length: 844
2026-06-29 20:26:21.545 +00:00 [INF] Admin token set in context
2026-06-29 20:26:21.545 +00:00 [INF] ====== OnMessageReceived END - Token set: true ======
2026-06-29 20:26:21.546 +00:00 [INF] Token validated successfully for user: lengyelnorbi
2026-06-29 20:26:21.546 +00:00 [INF] Device fingerprint headers - UA: Mozilla/5.0 (Windows NT 10.0; Win64; x64) AppleWebKit/537.36 (KHTML, like Gecko) Chrome/149.0.0.0 Safari/537.36, Accept: */*, Encoding: gzip, deflate
2026-06-29 20:26:21.546 +00:00 [INF] Device fingerprint validation: Stored=+dnl/HqeUWZoa90RTxKXA37sysOj0ueJeeX3J79LuJU=, Current=+dnl/HqeUWZoa90RTxKXA37sysOj0ueJeeX3J79LuJU=
2026-06-29 20:26:21.548 +00:00 [INF] Executed DbCommand (1ms) [Parameters=[@__jti_0='?', @__userId_1='?' (DbType = Int32)], CommandType='"Text"', CommandTimeout='30']
SELECT a."ID", a."CreatedAt", a."DeviceFingerprint", a."ExpiresAt", a."IpAddress", a."IsRevoked", a."UserID", a.jti
FROM "AccessTokens" AS a
WHERE a.jti = @__jti_0 AND a."UserID" = @__userId_1 AND NOT (a."IsRevoked") AND a."ExpiresAt" > now()
LIMIT 1
2026-06-29 20:26:21.548 +00:00 [INF] Executing endpoint 'API.Controllers.AuthController.RefreshToken (API)'
2026-06-29 20:26:21.549 +00:00 [INF] Route matched with {action = "RefreshToken", controller = "Auth"}. Executing controller action with signature System.Threading.Tasks.Task`1[Microsoft.AspNetCore.Mvc.IActionResult] RefreshToken(API.Models.RequestModels.RefreshRequest) on controller API.Controllers.AuthController (API).
2026-06-29 20:26:21.549 +00:00 [INF] Token refresh attempt at "2026-06-29T20:26:21.5494157Z"
2026-06-29 20:26:21.549 +00:00 [INF] Refreshing admin token at "2026-06-29T20:26:21.5496729Z"
2026-06-29 20:26:21.551 +00:00 [INF] Executed DbCommand (1ms) [Parameters=[@__tokenHash_0='?'], CommandType='"Text"', CommandTimeout='30']
SELECT r."ID", r."CreatedAt", r."DeviceFingerprint", r."ExpiresAt", r."IpAddress", r."IsRevoked", r."TokenHash", r."UserID"
FROM "RefreshTokens" AS r
WHERE r."TokenHash" = @__tokenHash_0 AND NOT (r."IsRevoked") AND r."ExpiresAt" > now()
ORDER BY r."CreatedAt" DESC
LIMIT 1
2026-06-29 20:26:21.551 +00:00 [INF] Mozilla/5.0 (Windows NT 10.0; Win64; x64) AppleWebKit/537.36 (KHTML, like Gecko) Chrome/149.0.0.0 Safari/537.36
2026-06-29 20:26:21.551 +00:00 [INF] Fetching user by ID from database...
2026-06-29 20:26:21.552 +00:00 [INF] Executed DbCommand (1ms) [Parameters=[@__id_0='?' (DbType = Int32)], CommandType='"Text"', CommandTimeout='30']
SELECT u."ID", u."Email", u."PasswordHash", u."RegisteredAt", u."Role", u."Username"
FROM "Users" AS u
WHERE u."ID" = @__id_0
LIMIT 1
2026-06-29 20:26:21.555 +00:00 [INF] Executed DbCommand (2ms) [Parameters=[@p0='?' (DbType = DateTime), @p1='?', @p2='?' (DbType = DateTime), @p3='?', @p4='?' (DbType = Int32), @p5='?'], CommandType='"Text"', CommandTimeout='30']
INSERT INTO "AccessTokens" ("CreatedAt", "DeviceFingerprint", "ExpiresAt", "IpAddress", "UserID", jti)
VALUES (@p0, @p1, @p2, @p3, @p4, @p5)
RETURNING "ID", "IsRevoked";
2026-06-29 20:26:21.556 +00:00 [INF] Executed DbCommand (1ms) [Parameters=[@__jti_0='?', @__userID_1='?' (DbType = Int32), @__deviceFingerprint_2='?', @__ipAddress_3='?'], CommandType='"Text"', CommandTimeout='30']
SELECT a."ID", a."CreatedAt", a."DeviceFingerprint", a."ExpiresAt", a."IpAddress", a."IsRevoked", a."UserID", a.jti
FROM "AccessTokens" AS a
WHERE a.jti = @__jti_0 AND a."UserID" = @__userID_1 AND a."DeviceFingerprint" = @__deviceFingerprint_2 AND a."IpAddress" = @__ipAddress_3
LIMIT 1
2026-06-29 20:26:21.557 +00:00 [INF] Attempting to revoke access token with jti b19e6b9c-9286-475d-8b59-0b60a59337b3 for user 1 from device +dnl/HqeUWZoa90RTxKXA37sysOj0ueJeeX3J79LuJU= and IP ::ffff:172.20.0.1
2026-06-29 20:26:21.557 +00:00 [INF] Access token found: API.Models.AccessToken
2026-06-29 20:26:21.559 +00:00 [INF] Executed DbCommand (1ms) [Parameters=[@p1='?' (DbType = Int32), @p0='?' (DbType = Boolean)], CommandType='"Text"', CommandTimeout='30']
UPDATE "AccessTokens" SET "IsRevoked" = @p0
WHERE "ID" = @p1;
2026-06-29 20:26:21.559 +00:00 [INF] Access token AccessToken for user 1 revoked: true
2026-06-29 20:26:21.561 +00:00 [INF] Executed DbCommand (2ms) [Parameters=[@p0='?' (DbType = DateTime), @p1='?', @p2='?' (DbType = DateTime), @p3='?', @p4='?', @p5='?' (DbType = Int32)], CommandType='"Text"', CommandTimeout='30']
INSERT INTO "RefreshTokens" ("CreatedAt", "DeviceFingerprint", "ExpiresAt", "IpAddress", "TokenHash", "UserID")
VALUES (@p0, @p1, @p2, @p3, @p4, @p5)
RETURNING "ID", "IsRevoked";
2026-06-29 20:26:21.562 +00:00 [INF] Executed DbCommand (1ms) [Parameters=[@__tokenHash_0='?', @__userId_1='?' (DbType = Int32), @__deviceFingerprint_2='?', @__ipAddress_3='?'], CommandType='"Text"', CommandTimeout='30']
SELECT r."ID", r."CreatedAt", r."DeviceFingerprint", r."ExpiresAt", r."IpAddress", r."IsRevoked", r."TokenHash", r."UserID"
FROM "RefreshTokens" AS r
WHERE r."TokenHash" = @__tokenHash_0 AND r."UserID" = @__userId_1 AND r."DeviceFingerprint" = @__deviceFingerprint_2 AND r."IpAddress" = @__ipAddress_3
LIMIT 1
2026-06-29 20:26:21.564 +00:00 [INF] Executed DbCommand (1ms) [Parameters=[@p1='?' (DbType = Int32), @p0='?' (DbType = Boolean)], CommandType='"Text"', CommandTimeout='30']
UPDATE "RefreshTokens" SET "IsRevoked" = @p0
WHERE "ID" = @p1;
2026-06-29 20:26:21.564 +00:00 [INF] Refresh token w4O0KPdG8VlQQ2lYK4AaQ23PzTQrgjDrX3VdaaMekb4= for user 1 revoked: true
2026-06-29 20:26:21.564 +00:00 [INF] Token refreshed successfully for user 1 at "2026-06-29T20:26:21.5649500Z"
2026-06-29 20:26:21.565 +00:00 [INF] Executing OkObjectResult, writing value of type '<>f__AnonymousType3`2[[System.Boolean, System.Private.CoreLib, Version=9.0.0.0, Culture=neutral, PublicKeyToken=7cec85d7bea7798e],[System.Int32, System.Private.CoreLib, Version=9.0.0.0, Culture=neutral, PublicKeyToken=7cec85d7bea7798e]]'.
2026-06-29 20:26:21.565 +00:00 [INF] Executed action API.Controllers.AuthController.RefreshToken (API) in 16.2253ms
2026-06-29 20:26:21.565 +00:00 [INF] Executed endpoint 'API.Controllers.AuthController.RefreshToken (API)'
2026-06-29 20:26:21.565 +00:00 [INF] Request finished HTTP/1.1 POST http://192.168.1.4:8080/api/auth/refresh - 200 null application/json; charset=utf-8 21.3436ms
2026-06-29 20:30:52.528 +00:00 [INF] Request starting HTTP/1.1 OPTIONS http://192.168.1.4:8080/api/auth/refresh - null null
2026-06-29 20:30:52.529 +00:00 [INF] CORS policy execution successful.
2026-06-29 20:30:52.529 +00:00 [INF] Request finished HTTP/1.1 OPTIONS http://192.168.1.4:8080/api/auth/refresh - 204 null null 1.3809ms
2026-06-29 20:30:52.532 +00:00 [INF] Request starting HTTP/1.1 POST http://192.168.1.4:8080/api/auth/refresh - application/json 18
2026-06-29 20:30:52.532 +00:00 [INF] CORS policy execution successful.
2026-06-29 20:30:52.532 +00:00 [INF] ====== OnMessageReceived START ======
2026-06-29 20:30:52.532 +00:00 [INF] Available cookies: 2
2026-06-29 20:30:52.532 +00:00 [INF] Cookie: adminToken = 844 chars
2026-06-29 20:30:52.533 +00:00 [INF] Cookie: adminRefreshToken = 44 chars
2026-06-29 20:30:52.533 +00:00 [INF] Admin token found in cookies, length: 844
2026-06-29 20:30:52.533 +00:00 [INF] Admin token set in context
2026-06-29 20:30:52.533 +00:00 [INF] ====== OnMessageReceived END - Token set: true ======
2026-06-29 20:30:52.534 +00:00 [INF] Token validated successfully for user: lengyelnorbi
2026-06-29 20:30:52.534 +00:00 [INF] Device fingerprint headers - UA: Mozilla/5.0 (Windows NT 10.0; Win64; x64) AppleWebKit/537.36 (KHTML, like Gecko) Chrome/149.0.0.0 Safari/537.36, Accept: */*, Encoding: gzip, deflate
2026-06-29 20:30:52.534 +00:00 [INF] Device fingerprint validation: Stored=+dnl/HqeUWZoa90RTxKXA37sysOj0ueJeeX3J79LuJU=, Current=+dnl/HqeUWZoa90RTxKXA37sysOj0ueJeeX3J79LuJU=
2026-06-29 20:30:52.547 +00:00 [INF] Executed DbCommand (3ms) [Parameters=[@__jti_0='?', @__userId_1='?' (DbType = Int32)], CommandType='"Text"', CommandTimeout='30']
SELECT a."ID", a."CreatedAt", a."DeviceFingerprint", a."ExpiresAt", a."IpAddress", a."IsRevoked", a."UserID", a.jti
FROM "AccessTokens" AS a
WHERE a.jti = @__jti_0 AND a."UserID" = @__userId_1 AND NOT (a."IsRevoked") AND a."ExpiresAt" > now()
LIMIT 1
2026-06-29 20:30:52.548 +00:00 [INF] Executing endpoint 'API.Controllers.AuthController.RefreshToken (API)'
2026-06-29 20:30:52.548 +00:00 [INF] Route matched with {action = "RefreshToken", controller = "Auth"}. Executing controller action with signature System.Threading.Tasks.Task`1[Microsoft.AspNetCore.Mvc.IActionResult] RefreshToken(API.Models.RequestModels.RefreshRequest) on controller API.Controllers.AuthController (API).
2026-06-29 20:30:52.549 +00:00 [INF] Token refresh attempt at "2026-06-29T20:30:52.5492109Z"
2026-06-29 20:30:52.549 +00:00 [INF] Refreshing admin token at "2026-06-29T20:30:52.5493743Z"
2026-06-29 20:30:52.551 +00:00 [INF] Executed DbCommand (1ms) [Parameters=[@__tokenHash_0='?'], CommandType='"Text"', CommandTimeout='30']
SELECT r."ID", r."CreatedAt", r."DeviceFingerprint", r."ExpiresAt", r."IpAddress", r."IsRevoked", r."TokenHash", r."UserID"
FROM "RefreshTokens" AS r
WHERE r."TokenHash" = @__tokenHash_0 AND NOT (r."IsRevoked") AND r."ExpiresAt" > now()
ORDER BY r."CreatedAt" DESC
LIMIT 1
2026-06-29 20:30:52.551 +00:00 [INF] Mozilla/5.0 (Windows NT 10.0; Win64; x64) AppleWebKit/537.36 (KHTML, like Gecko) Chrome/149.0.0.0 Safari/537.36
2026-06-29 20:30:52.551 +00:00 [INF] Fetching user by ID from database...
2026-06-29 20:30:52.553 +00:00 [INF] Executed DbCommand (1ms) [Parameters=[@__id_0='?' (DbType = Int32)], CommandType='"Text"', CommandTimeout='30']
SELECT u."ID", u."Email", u."PasswordHash", u."RegisteredAt", u."Role", u."Username"
FROM "Users" AS u
WHERE u."ID" = @__id_0
LIMIT 1
2026-06-29 20:30:52.557 +00:00 [INF] Executed DbCommand (3ms) [Parameters=[@p0='?' (DbType = DateTime), @p1='?', @p2='?' (DbType = DateTime), @p3='?', @p4='?' (DbType = Int32), @p5='?'], CommandType='"Text"', CommandTimeout='30']
INSERT INTO "AccessTokens" ("CreatedAt", "DeviceFingerprint", "ExpiresAt", "IpAddress", "UserID", jti)
VALUES (@p0, @p1, @p2, @p3, @p4, @p5)
RETURNING "ID", "IsRevoked";
2026-06-29 20:30:52.559 +00:00 [INF] Executed DbCommand (1ms) [Parameters=[@__jti_0='?', @__userID_1='?' (DbType = Int32), @__deviceFingerprint_2='?', @__ipAddress_3='?'], CommandType='"Text"', CommandTimeout='30']
SELECT a."ID", a."CreatedAt", a."DeviceFingerprint", a."ExpiresAt", a."IpAddress", a."IsRevoked", a."UserID", a.jti
FROM "AccessTokens" AS a
WHERE a.jti = @__jti_0 AND a."UserID" = @__userID_1 AND a."DeviceFingerprint" = @__deviceFingerprint_2 AND a."IpAddress" = @__ipAddress_3
LIMIT 1
2026-06-29 20:30:52.559 +00:00 [INF] Attempting to revoke access token with jti 392a0e3e-df90-4e12-b599-114df1a8fbbb for user 1 from device +dnl/HqeUWZoa90RTxKXA37sysOj0ueJeeX3J79LuJU= and IP ::ffff:172.20.0.1
2026-06-29 20:30:52.559 +00:00 [INF] Access token found: API.Models.AccessToken
2026-06-29 20:30:52.561 +00:00 [INF] Executed DbCommand (2ms) [Parameters=[@p1='?' (DbType = Int32), @p0='?' (DbType = Boolean)], CommandType='"Text"', CommandTimeout='30']
UPDATE "AccessTokens" SET "IsRevoked" = @p0
WHERE "ID" = @p1;
2026-06-29 20:30:52.561 +00:00 [INF] Access token AccessToken for user 1 revoked: true
2026-06-29 20:30:52.563 +00:00 [INF] Executed DbCommand (2ms) [Parameters=[@p0='?' (DbType = DateTime), @p1='?', @p2='?' (DbType = DateTime), @p3='?', @p4='?', @p5='?' (DbType = Int32)], CommandType='"Text"', CommandTimeout='30']
INSERT INTO "RefreshTokens" ("CreatedAt", "DeviceFingerprint", "ExpiresAt", "IpAddress", "TokenHash", "UserID")
VALUES (@p0, @p1, @p2, @p3, @p4, @p5)
RETURNING "ID", "IsRevoked";
2026-06-29 20:30:52.565 +00:00 [INF] Executed DbCommand (1ms) [Parameters=[@__tokenHash_0='?', @__userId_1='?' (DbType = Int32), @__deviceFingerprint_2='?', @__ipAddress_3='?'], CommandType='"Text"', CommandTimeout='30']
SELECT r."ID", r."CreatedAt", r."DeviceFingerprint", r."ExpiresAt", r."IpAddress", r."IsRevoked", r."TokenHash", r."UserID"
FROM "RefreshTokens" AS r
WHERE r."TokenHash" = @__tokenHash_0 AND r."UserID" = @__userId_1 AND r."DeviceFingerprint" = @__deviceFingerprint_2 AND r."IpAddress" = @__ipAddress_3
LIMIT 1
2026-06-29 20:30:52.567 +00:00 [INF] Executed DbCommand (2ms) [Parameters=[@p1='?' (DbType = Int32), @p0='?' (DbType = Boolean)], CommandType='"Text"', CommandTimeout='30']
UPDATE "RefreshTokens" SET "IsRevoked" = @p0
WHERE "ID" = @p1;
2026-06-29 20:30:52.567 +00:00 [INF] Refresh token ieoXqPtQcyE7Gqsck3fKpbBmcaTfROQniTMhTIEd3/I= for user 1 revoked: true
2026-06-29 20:30:52.567 +00:00 [INF] Token refreshed successfully for user 1 at "2026-06-29T20:30:52.5678814Z"
2026-06-29 20:30:52.568 +00:00 [INF] Executing OkObjectResult, writing value of type '<>f__AnonymousType3`2[[System.Boolean, System.Private.CoreLib, Version=9.0.0.0, Culture=neutral, PublicKeyToken=7cec85d7bea7798e],[System.Int32, System.Private.CoreLib, Version=9.0.0.0, Culture=neutral, PublicKeyToken=7cec85d7bea7798e]]'.
2026-06-29 20:30:52.568 +00:00 [INF] Executed action API.Controllers.AuthController.RefreshToken (API) in 19.558ms
2026-06-29 20:30:52.568 +00:00 [INF] Executed endpoint 'API.Controllers.AuthController.RefreshToken (API)'
2026-06-29 20:30:52.568 +00:00 [INF] Request finished HTTP/1.1 POST http://192.168.1.4:8080/api/auth/refresh - 200 null application/json; charset=utf-8 36.5382ms
2026-06-29 20:35:23.514 +00:00 [INF] Request starting HTTP/1.1 OPTIONS http://192.168.1.4:8080/api/auth/refresh - null null
2026-06-29 20:35:23.514 +00:00 [INF] CORS policy execution successful.
2026-06-29 20:35:23.515 +00:00 [INF] Request finished HTTP/1.1 OPTIONS http://192.168.1.4:8080/api/auth/refresh - 204 null null 1.0149ms
2026-06-29 20:35:23.518 +00:00 [INF] Request starting HTTP/1.1 POST http://192.168.1.4:8080/api/auth/refresh - application/json 18
2026-06-29 20:35:23.518 +00:00 [INF] CORS policy execution successful.
2026-06-29 20:35:23.518 +00:00 [INF] ====== OnMessageReceived START ======
2026-06-29 20:35:23.519 +00:00 [INF] Available cookies: 2
2026-06-29 20:35:23.519 +00:00 [INF] Cookie: adminToken = 844 chars
2026-06-29 20:35:23.519 +00:00 [INF] Cookie: adminRefreshToken = 44 chars
2026-06-29 20:35:23.519 +00:00 [INF] Admin token found in cookies, length: 844
2026-06-29 20:35:23.519 +00:00 [INF] Admin token set in context
2026-06-29 20:35:23.519 +00:00 [INF] ====== OnMessageReceived END - Token set: true ======
2026-06-29 20:35:23.520 +00:00 [INF] Token validated successfully for user: lengyelnorbi
2026-06-29 20:35:23.520 +00:00 [INF] Device fingerprint headers - UA: Mozilla/5.0 (Windows NT 10.0; Win64; x64) AppleWebKit/537.36 (KHTML, like Gecko) Chrome/149.0.0.0 Safari/537.36, Accept: */*, Encoding: gzip, deflate
2026-06-29 20:35:23.520 +00:00 [INF] Device fingerprint validation: Stored=+dnl/HqeUWZoa90RTxKXA37sysOj0ueJeeX3J79LuJU=, Current=+dnl/HqeUWZoa90RTxKXA37sysOj0ueJeeX3J79LuJU=
2026-06-29 20:35:23.522 +00:00 [INF] Executed DbCommand (2ms) [Parameters=[@__jti_0='?', @__userId_1='?' (DbType = Int32)], CommandType='"Text"', CommandTimeout='30']
SELECT a."ID", a."CreatedAt", a."DeviceFingerprint", a."ExpiresAt", a."IpAddress", a."IsRevoked", a."UserID", a.jti
FROM "AccessTokens" AS a
WHERE a.jti = @__jti_0 AND a."UserID" = @__userId_1 AND NOT (a."IsRevoked") AND a."ExpiresAt" > now()
LIMIT 1
2026-06-29 20:35:23.523 +00:00 [INF] Executing endpoint 'API.Controllers.AuthController.RefreshToken (API)'
2026-06-29 20:35:23.523 +00:00 [INF] Route matched with {action = "RefreshToken", controller = "Auth"}. Executing controller action with signature System.Threading.Tasks.Task`1[Microsoft.AspNetCore.Mvc.IActionResult] RefreshToken(API.Models.RequestModels.RefreshRequest) on controller API.Controllers.AuthController (API).
2026-06-29 20:35:23.523 +00:00 [INF] Token refresh attempt at "2026-06-29T20:35:23.5236347Z"
2026-06-29 20:35:23.523 +00:00 [INF] Refreshing admin token at "2026-06-29T20:35:23.5237726Z"
2026-06-29 20:35:23.525 +00:00 [INF] Executed DbCommand (1ms) [Parameters=[@__tokenHash_0='?'], CommandType='"Text"', CommandTimeout='30']
SELECT r."ID", r."CreatedAt", r."DeviceFingerprint", r."ExpiresAt", r."IpAddress", r."IsRevoked", r."TokenHash", r."UserID"
FROM "RefreshTokens" AS r
WHERE r."TokenHash" = @__tokenHash_0 AND NOT (r."IsRevoked") AND r."ExpiresAt" > now()
ORDER BY r."CreatedAt" DESC
LIMIT 1
2026-06-29 20:35:23.525 +00:00 [INF] Mozilla/5.0 (Windows NT 10.0; Win64; x64) AppleWebKit/537.36 (KHTML, like Gecko) Chrome/149.0.0.0 Safari/537.36
2026-06-29 20:35:23.525 +00:00 [INF] Fetching user by ID from database...
2026-06-29 20:35:23.526 +00:00 [INF] Executed DbCommand (1ms) [Parameters=[@__id_0='?' (DbType = Int32)], CommandType='"Text"', CommandTimeout='30']
SELECT u."ID", u."Email", u."PasswordHash", u."RegisteredAt", u."Role", u."Username"
FROM "Users" AS u
WHERE u."ID" = @__id_0
LIMIT 1
2026-06-29 20:35:23.529 +00:00 [INF] Executed DbCommand (2ms) [Parameters=[@p0='?' (DbType = DateTime), @p1='?', @p2='?' (DbType = DateTime), @p3='?', @p4='?' (DbType = Int32), @p5='?'], CommandType='"Text"', CommandTimeout='30']
INSERT INTO "AccessTokens" ("CreatedAt", "DeviceFingerprint", "ExpiresAt", "IpAddress", "UserID", jti)
VALUES (@p0, @p1, @p2, @p3, @p4, @p5)
RETURNING "ID", "IsRevoked";
2026-06-29 20:35:23.530 +00:00 [INF] Executed DbCommand (1ms) [Parameters=[@__jti_0='?', @__userID_1='?' (DbType = Int32), @__deviceFingerprint_2='?', @__ipAddress_3='?'], CommandType='"Text"', CommandTimeout='30']
SELECT a."ID", a."CreatedAt", a."DeviceFingerprint", a."ExpiresAt", a."IpAddress", a."IsRevoked", a."UserID", a.jti
FROM "AccessTokens" AS a
WHERE a.jti = @__jti_0 AND a."UserID" = @__userID_1 AND a."DeviceFingerprint" = @__deviceFingerprint_2 AND a."IpAddress" = @__ipAddress_3
LIMIT 1
2026-06-29 20:35:23.531 +00:00 [INF] Attempting to revoke access token with jti 25c35fa0-cae0-4ca4-9882-f37d8e0e9b89 for user 1 from device +dnl/HqeUWZoa90RTxKXA37sysOj0ueJeeX3J79LuJU= and IP ::ffff:172.20.0.1
2026-06-29 20:35:23.531 +00:00 [INF] Access token found: API.Models.AccessToken
2026-06-29 20:35:23.533 +00:00 [INF] Executed DbCommand (1ms) [Parameters=[@p1='?' (DbType = Int32), @p0='?' (DbType = Boolean)], CommandType='"Text"', CommandTimeout='30']
UPDATE "AccessTokens" SET "IsRevoked" = @p0
WHERE "ID" = @p1;
2026-06-29 20:35:23.533 +00:00 [INF] Access token AccessToken for user 1 revoked: true
2026-06-29 20:35:23.535 +00:00 [INF] Executed DbCommand (2ms) [Parameters=[@p0='?' (DbType = DateTime), @p1='?', @p2='?' (DbType = DateTime), @p3='?', @p4='?', @p5='?' (DbType = Int32)], CommandType='"Text"', CommandTimeout='30']
INSERT INTO "RefreshTokens" ("CreatedAt", "DeviceFingerprint", "ExpiresAt", "IpAddress", "TokenHash", "UserID")
VALUES (@p0, @p1, @p2, @p3, @p4, @p5)
RETURNING "ID", "IsRevoked";
2026-06-29 20:35:23.537 +00:00 [INF] Executed DbCommand (1ms) [Parameters=[@__tokenHash_0='?', @__userId_1='?' (DbType = Int32), @__deviceFingerprint_2='?', @__ipAddress_3='?'], CommandType='"Text"', CommandTimeout='30']
SELECT r."ID", r."CreatedAt", r."DeviceFingerprint", r."ExpiresAt", r."IpAddress", r."IsRevoked", r."TokenHash", r."UserID"
FROM "RefreshTokens" AS r
WHERE r."TokenHash" = @__tokenHash_0 AND r."UserID" = @__userId_1 AND r."DeviceFingerprint" = @__deviceFingerprint_2 AND r."IpAddress" = @__ipAddress_3
LIMIT 1
2026-06-29 20:35:23.538 +00:00 [INF] Executed DbCommand (1ms) [Parameters=[@p1='?' (DbType = Int32), @p0='?' (DbType = Boolean)], CommandType='"Text"', CommandTimeout='30']
UPDATE "RefreshTokens" SET "IsRevoked" = @p0
WHERE "ID" = @p1;
2026-06-29 20:35:23.539 +00:00 [INF] Refresh token 9mPCfVBCn9FQWNsbV1IJQ6Y2tRfXw1hQRt89VHQ07GQ= for user 1 revoked: true
2026-06-29 20:35:23.539 +00:00 [INF] Token refreshed successfully for user 1 at "2026-06-29T20:35:23.5392255Z"
2026-06-29 20:35:23.539 +00:00 [INF] Executing OkObjectResult, writing value of type '<>f__AnonymousType3`2[[System.Boolean, System.Private.CoreLib, Version=9.0.0.0, Culture=neutral, PublicKeyToken=7cec85d7bea7798e],[System.Int32, System.Private.CoreLib, Version=9.0.0.0, Culture=neutral, PublicKeyToken=7cec85d7bea7798e]]'.
2026-06-29 20:35:23.539 +00:00 [INF] Executed action API.Controllers.AuthController.RefreshToken (API) in 16.3157ms
2026-06-29 20:35:23.539 +00:00 [INF] Executed endpoint 'API.Controllers.AuthController.RefreshToken (API)'
2026-06-29 20:35:23.540 +00:00 [INF] Request finished HTTP/1.1 POST http://192.168.1.4:8080/api/auth/refresh - 200 null application/json; charset=utf-8 21.8212ms
2026-06-29 20:39:54.508 +00:00 [INF] Request starting HTTP/1.1 OPTIONS http://192.168.1.4:8080/api/auth/refresh - null null
2026-06-29 20:39:54.509 +00:00 [INF] CORS policy execution successful.
2026-06-29 20:39:54.509 +00:00 [INF] Request finished HTTP/1.1 OPTIONS http://192.168.1.4:8080/api/auth/refresh - 204 null null 0.9923ms
2026-06-29 20:39:54.511 +00:00 [INF] Request starting HTTP/1.1 POST http://192.168.1.4:8080/api/auth/refresh - application/json 18
2026-06-29 20:39:54.512 +00:00 [INF] CORS policy execution successful.
2026-06-29 20:39:54.512 +00:00 [INF] ====== OnMessageReceived START ======
2026-06-29 20:39:54.512 +00:00 [INF] Available cookies: 2
2026-06-29 20:39:54.512 +00:00 [INF] Cookie: adminToken = 844 chars
2026-06-29 20:39:54.512 +00:00 [INF] Cookie: adminRefreshToken = 44 chars
2026-06-29 20:39:54.512 +00:00 [INF] Admin token found in cookies, length: 844
2026-06-29 20:39:54.513 +00:00 [INF] Admin token set in context
2026-06-29 20:39:54.513 +00:00 [INF] ====== OnMessageReceived END - Token set: true ======
2026-06-29 20:39:54.513 +00:00 [INF] Token validated successfully for user: lengyelnorbi
2026-06-29 20:39:54.513 +00:00 [INF] Device fingerprint headers - UA: Mozilla/5.0 (Windows NT 10.0; Win64; x64) AppleWebKit/537.36 (KHTML, like Gecko) Chrome/149.0.0.0 Safari/537.36, Accept: */*, Encoding: gzip, deflate
2026-06-29 20:39:54.514 +00:00 [INF] Device fingerprint validation: Stored=+dnl/HqeUWZoa90RTxKXA37sysOj0ueJeeX3J79LuJU=, Current=+dnl/HqeUWZoa90RTxKXA37sysOj0ueJeeX3J79LuJU=
2026-06-29 20:39:54.524 +00:00 [INF] Executed DbCommand (2ms) [Parameters=[@__jti_0='?', @__userId_1='?' (DbType = Int32)], CommandType='"Text"', CommandTimeout='30']
SELECT a."ID", a."CreatedAt", a."DeviceFingerprint", a."ExpiresAt", a."IpAddress", a."IsRevoked", a."UserID", a.jti
FROM "AccessTokens" AS a
WHERE a.jti = @__jti_0 AND a."UserID" = @__userId_1 AND NOT (a."IsRevoked") AND a."ExpiresAt" > now()
LIMIT 1
2026-06-29 20:39:54.525 +00:00 [INF] Executing endpoint 'API.Controllers.AuthController.RefreshToken (API)'
2026-06-29 20:39:54.525 +00:00 [INF] Route matched with {action = "RefreshToken", controller = "Auth"}. Executing controller action with signature System.Threading.Tasks.Task`1[Microsoft.AspNetCore.Mvc.IActionResult] RefreshToken(API.Models.RequestModels.RefreshRequest) on controller API.Controllers.AuthController (API).
2026-06-29 20:39:54.525 +00:00 [INF] Token refresh attempt at "2026-06-29T20:39:54.5257723Z"
2026-06-29 20:39:54.525 +00:00 [INF] Refreshing admin token at "2026-06-29T20:39:54.5259614Z"
2026-06-29 20:39:54.528 +00:00 [INF] Executed DbCommand (2ms) [Parameters=[@__tokenHash_0='?'], CommandType='"Text"', CommandTimeout='30']
SELECT r."ID", r."CreatedAt", r."DeviceFingerprint", r."ExpiresAt", r."IpAddress", r."IsRevoked", r."TokenHash", r."UserID"
FROM "RefreshTokens" AS r
WHERE r."TokenHash" = @__tokenHash_0 AND NOT (r."IsRevoked") AND r."ExpiresAt" > now()
ORDER BY r."CreatedAt" DESC
LIMIT 1
2026-06-29 20:39:54.528 +00:00 [INF] Mozilla/5.0 (Windows NT 10.0; Win64; x64) AppleWebKit/537.36 (KHTML, like Gecko) Chrome/149.0.0.0 Safari/537.36
2026-06-29 20:39:54.528 +00:00 [INF] Fetching user by ID from database...
2026-06-29 20:39:54.529 +00:00 [INF] Executed DbCommand (1ms) [Parameters=[@__id_0='?' (DbType = Int32)], CommandType='"Text"', CommandTimeout='30']
SELECT u."ID", u."Email", u."PasswordHash", u."RegisteredAt", u."Role", u."Username"
FROM "Users" AS u
WHERE u."ID" = @__id_0
LIMIT 1
2026-06-29 20:39:54.533 +00:00 [INF] Executed DbCommand (3ms) [Parameters=[@p0='?' (DbType = DateTime), @p1='?', @p2='?' (DbType = DateTime), @p3='?', @p4='?' (DbType = Int32), @p5='?'], CommandType='"Text"', CommandTimeout='30']
INSERT INTO "AccessTokens" ("CreatedAt", "DeviceFingerprint", "ExpiresAt", "IpAddress", "UserID", jti)
VALUES (@p0, @p1, @p2, @p3, @p4, @p5)
RETURNING "ID", "IsRevoked";
2026-06-29 20:39:54.534 +00:00 [INF] Executed DbCommand (1ms) [Parameters=[@__jti_0='?', @__userID_1='?' (DbType = Int32), @__deviceFingerprint_2='?', @__ipAddress_3='?'], CommandType='"Text"', CommandTimeout='30']
SELECT a."ID", a."CreatedAt", a."DeviceFingerprint", a."ExpiresAt", a."IpAddress", a."IsRevoked", a."UserID", a.jti
FROM "AccessTokens" AS a
WHERE a.jti = @__jti_0 AND a."UserID" = @__userID_1 AND a."DeviceFingerprint" = @__deviceFingerprint_2 AND a."IpAddress" = @__ipAddress_3
LIMIT 1
2026-06-29 20:39:54.534 +00:00 [INF] Attempting to revoke access token with jti 4ad97e48-0a4c-4162-a63b-c2114dc47a01 for user 1 from device +dnl/HqeUWZoa90RTxKXA37sysOj0ueJeeX3J79LuJU= and IP ::ffff:172.20.0.1
2026-06-29 20:39:54.535 +00:00 [INF] Access token found: API.Models.AccessToken
2026-06-29 20:39:54.537 +00:00 [INF] Executed DbCommand (2ms) [Parameters=[@p1='?' (DbType = Int32), @p0='?' (DbType = Boolean)], CommandType='"Text"', CommandTimeout='30']
UPDATE "AccessTokens" SET "IsRevoked" = @p0
WHERE "ID" = @p1;
2026-06-29 20:39:54.537 +00:00 [INF] Access token AccessToken for user 1 revoked: true
2026-06-29 20:39:54.540 +00:00 [INF] Executed DbCommand (2ms) [Parameters=[@p0='?' (DbType = DateTime), @p1='?', @p2='?' (DbType = DateTime), @p3='?', @p4='?', @p5='?' (DbType = Int32)], CommandType='"Text"', CommandTimeout='30']
INSERT INTO "RefreshTokens" ("CreatedAt", "DeviceFingerprint", "ExpiresAt", "IpAddress", "TokenHash", "UserID")
VALUES (@p0, @p1, @p2, @p3, @p4, @p5)
RETURNING "ID", "IsRevoked";
2026-06-29 20:39:54.542 +00:00 [INF] Executed DbCommand (1ms) [Parameters=[@__tokenHash_0='?', @__userId_1='?' (DbType = Int32), @__deviceFingerprint_2='?', @__ipAddress_3='?'], CommandType='"Text"', CommandTimeout='30']
SELECT r."ID", r."CreatedAt", r."DeviceFingerprint", r."ExpiresAt", r."IpAddress", r."IsRevoked", r."TokenHash", r."UserID"
FROM "RefreshTokens" AS r
WHERE r."TokenHash" = @__tokenHash_0 AND r."UserID" = @__userId_1 AND r."DeviceFingerprint" = @__deviceFingerprint_2 AND r."IpAddress" = @__ipAddress_3
LIMIT 1
2026-06-29 20:39:54.543 +00:00 [INF] Executed DbCommand (1ms) [Parameters=[@p1='?' (DbType = Int32), @p0='?' (DbType = Boolean)], CommandType='"Text"', CommandTimeout='30']
UPDATE "RefreshTokens" SET "IsRevoked" = @p0
WHERE "ID" = @p1;
2026-06-29 20:39:54.544 +00:00 [INF] Refresh token x8KE9pldq2Hukbd7zKYdWkjmpAhT6pDZVQiD2qPjg3g= for user 1 revoked: true
2026-06-29 20:39:54.544 +00:00 [INF] Token refreshed successfully for user 1 at "2026-06-29T20:39:54.5442772Z"
2026-06-29 20:39:54.544 +00:00 [INF] Executing OkObjectResult, writing value of type '<>f__AnonymousType3`2[[System.Boolean, System.Private.CoreLib, Version=9.0.0.0, Culture=neutral, PublicKeyToken=7cec85d7bea7798e],[System.Int32, System.Private.CoreLib, Version=9.0.0.0, Culture=neutral, PublicKeyToken=7cec85d7bea7798e]]'.
2026-06-29 20:39:54.544 +00:00 [INF] Executed action API.Controllers.AuthController.RefreshToken (API) in 19.262ms
2026-06-29 20:39:54.545 +00:00 [INF] Executed endpoint 'API.Controllers.AuthController.RefreshToken (API)'
2026-06-29 20:39:54.545 +00:00 [INF] Request finished HTTP/1.1 POST http://192.168.1.4:8080/api/auth/refresh - 200 null application/json; charset=utf-8 33.4787ms
2026-06-29 20:42:42.099 +00:00 [INF] Application is shutting down...
2026-06-29 20:42:42.934 +00:00 [WRN] Storing keys in a directory '/home/app/.aspnet/DataProtection-Keys' that may not be persisted outside of the container. Protected data will be unavailable when container is destroyed. For more information go to https://aka.ms/aspnet/dataprotectionwarning
2026-06-29 20:42:42.961 +00:00 [INF] User profile is available. Using '/home/app/.aspnet/DataProtection-Keys' as key repository; keys will not be encrypted at rest.
2026-06-29 20:42:42.971 +00:00 [INF] Creating key {00c9ef16-dcaa-4658-b012-dd19cad0365d} with creation date 2026-06-29 20:42:42Z, activation date 2026-06-29 20:42:42Z, and expiration date 2026-09-27 20:42:42Z.
2026-06-29 20:42:43.011 +00:00 [WRN] No XML encryptor configured. Key {00c9ef16-dcaa-4658-b012-dd19cad0365d} may be persisted to storage in unencrypted form.
2026-06-29 20:42:43.014 +00:00 [INF] Writing data to file '/home/app/.aspnet/DataProtection-Keys/key-00c9ef16-dcaa-4658-b012-dd19cad0365d.xml'.
2026-06-29 20:42:43.062 +00:00 [INF] Now listening on: http://[::]:8080
2026-06-29 20:42:43.064 +00:00 [INF] Application started. Press Ctrl+C to shut down.
2026-06-29 20:42:43.064 +00:00 [INF] Hosting environment: Development
2026-06-29 20:42:43.064 +00:00 [INF] Content root path: /app
2026-06-29 20:44:15.205 +00:00 [INF] Request starting HTTP/1.1 GET http://192.168.1.4:8080/api/user?page=1&limit=10 - null null
2026-06-29 20:44:15.206 +00:00 [INF] Request starting HTTP/1.1 GET http://192.168.1.4:8080/api/user?page=1&limit=10 - null null
2026-06-29 20:44:15.221 +00:00 [WRN] Failed to determine the https port for redirect.
2026-06-29 20:44:15.225 +00:00 [INF] CORS policy execution successful.
2026-06-29 20:44:15.225 +00:00 [INF] CORS policy execution successful.
2026-06-29 20:44:15.241 +00:00 [INF] ====== OnMessageReceived START ======
2026-06-29 20:44:15.241 +00:00 [INF] ====== OnMessageReceived START ======
2026-06-29 20:44:15.243 +00:00 [INF] Available cookies: 2
2026-06-29 20:44:15.243 +00:00 [INF] Available cookies: 2
2026-06-29 20:44:15.243 +00:00 [INF] Cookie: adminToken = 844 chars
2026-06-29 20:44:15.243 +00:00 [INF] Cookie: adminToken = 844 chars
2026-06-29 20:44:15.244 +00:00 [INF] Cookie: adminRefreshToken = 44 chars
2026-06-29 20:44:15.244 +00:00 [INF] Cookie: adminRefreshToken = 44 chars
2026-06-29 20:44:15.244 +00:00 [INF] Admin token found in cookies, length: 844
2026-06-29 20:44:15.244 +00:00 [INF] Admin token found in cookies, length: 844
2026-06-29 20:44:15.245 +00:00 [INF] Admin token set in context
2026-06-29 20:44:15.245 +00:00 [INF] Admin token set in context
2026-06-29 20:44:15.245 +00:00 [INF] ====== OnMessageReceived END - Token set: true ======
2026-06-29 20:44:15.245 +00:00 [INF] ====== OnMessageReceived END - Token set: true ======
2026-06-29 20:44:15.280 +00:00 [INF] Token validated successfully for user: lengyelnorbi
2026-06-29 20:44:15.280 +00:00 [INF] Token validated successfully for user: lengyelnorbi
2026-06-29 20:44:15.280 +00:00 [INF] Device fingerprint headers - UA: Mozilla/5.0 (Windows NT 10.0; Win64; x64) AppleWebKit/537.36 (KHTML, like Gecko) Chrome/149.0.0.0 Safari/537.36, Accept: application/json, text/plain, */*, Encoding: gzip, deflate
2026-06-29 20:44:15.280 +00:00 [INF] Device fingerprint headers - UA: Mozilla/5.0 (Windows NT 10.0; Win64; x64) AppleWebKit/537.36 (KHTML, like Gecko) Chrome/149.0.0.0 Safari/537.36, Accept: application/json, text/plain, */*, Encoding: gzip, deflate
2026-06-29 20:44:15.281 +00:00 [INF] Device fingerprint validation: Stored=+dnl/HqeUWZoa90RTxKXA37sysOj0ueJeeX3J79LuJU=, Current=+dnl/HqeUWZoa90RTxKXA37sysOj0ueJeeX3J79LuJU=
2026-06-29 20:44:15.281 +00:00 [INF] Device fingerprint validation: Stored=+dnl/HqeUWZoa90RTxKXA37sysOj0ueJeeX3J79LuJU=, Current=+dnl/HqeUWZoa90RTxKXA37sysOj0ueJeeX3J79LuJU=
2026-06-29 20:44:15.959 +00:00 [INF] Executed DbCommand (31ms) [Parameters=[@__jti_0='?', @__userId_1='?' (DbType = Int32)], CommandType='"Text"', CommandTimeout='30']
SELECT a."ID", a."CreatedAt", a."DeviceFingerprint", a."ExpiresAt", a."IpAddress", a."IsRevoked", a."UserID", a.jti
FROM "AccessTokens" AS a
WHERE a.jti = @__jti_0 AND a."UserID" = @__userId_1 AND NOT (a."IsRevoked") AND a."ExpiresAt" > now()
LIMIT 1
2026-06-29 20:44:15.959 +00:00 [INF] Executed DbCommand (31ms) [Parameters=[@__jti_0='?', @__userId_1='?' (DbType = Int32)], CommandType='"Text"', CommandTimeout='30']
SELECT a."ID", a."CreatedAt", a."DeviceFingerprint", a."ExpiresAt", a."IpAddress", a."IsRevoked", a."UserID", a.jti
FROM "AccessTokens" AS a
WHERE a.jti = @__jti_0 AND a."UserID" = @__userId_1 AND NOT (a."IsRevoked") AND a."ExpiresAt" > now()
LIMIT 1
2026-06-29 20:44:16.011 +00:00 [INF] Executing endpoint 'API.Controllers.UserController.Get (API)'
2026-06-29 20:44:16.011 +00:00 [INF] Executing endpoint 'API.Controllers.UserController.Get (API)'
2026-06-29 20:44:16.023 +00:00 [INF] Route matched with {action = "Get", controller = "User"}. Executing controller action with signature System.Threading.Tasks.Task`1[API.Utils.PagedResult`1[API.DTO.UserDTO]] Get(Int32, Int32) on controller API.Controllers.UserController (API).
2026-06-29 20:44:16.023 +00:00 [INF] Route matched with {action = "Get", controller = "User"}. Executing controller action with signature System.Threading.Tasks.Task`1[API.Utils.PagedResult`1[API.DTO.UserDTO]] Get(Int32, Int32) on controller API.Controllers.UserController (API).
2026-06-29 20:44:16.050 +00:00 [INF] Executed DbCommand (3ms) [Parameters=[], CommandType='"Text"', CommandTimeout='30']
SELECT count(*)::int
FROM "Users" AS u
WHERE u."Role" <> 'Admin'
2026-06-29 20:44:16.050 +00:00 [INF] Executed DbCommand (3ms) [Parameters=[], CommandType='"Text"', CommandTimeout='30']
SELECT count(*)::int
FROM "Users" AS u
WHERE u."Role" <> 'Admin'
2026-06-29 20:44:16.060 +00:00 [INF] Executed DbCommand (1ms) [Parameters=[@__p_1='?' (DbType = Int32), @__p_0='?' (DbType = Int32)], CommandType='"Text"', CommandTimeout='30']
SELECT u."ID", u."Username", u."Email", u."RegisteredAt", u."Role"
FROM "Users" AS u
WHERE u."Role" <> 'Admin'
ORDER BY u."ID"
LIMIT @__p_1 OFFSET @__p_0
2026-06-29 20:44:16.060 +00:00 [INF] Executed DbCommand (1ms) [Parameters=[@__p_1='?' (DbType = Int32), @__p_0='?' (DbType = Int32)], CommandType='"Text"', CommandTimeout='30']
SELECT u."ID", u."Username", u."Email", u."RegisteredAt", u."Role"
FROM "Users" AS u
WHERE u."Role" <> 'Admin'
ORDER BY u."ID"
LIMIT @__p_1 OFFSET @__p_0
2026-06-29 20:44:16.066 +00:00 [INF] Executing ObjectResult, writing value of type 'API.Utils.PagedResult`1[[API.DTO.UserDTO, API, Version=1.0.0.0, Culture=neutral, PublicKeyToken=null]]'.
2026-06-29 20:44:16.066 +00:00 [INF] Executing ObjectResult, writing value of type 'API.Utils.PagedResult`1[[API.DTO.UserDTO, API, Version=1.0.0.0, Culture=neutral, PublicKeyToken=null]]'.
2026-06-29 20:44:16.105 +00:00 [INF] Executed action API.Controllers.UserController.Get (API) in 79.4361ms
2026-06-29 20:44:16.105 +00:00 [INF] Executed action API.Controllers.UserController.Get (API) in 79.579ms
2026-06-29 20:44:16.107 +00:00 [INF] Executed endpoint 'API.Controllers.UserController.Get (API)'
2026-06-29 20:44:16.107 +00:00 [INF] Executed endpoint 'API.Controllers.UserController.Get (API)'
2026-06-29 20:44:16.113 +00:00 [INF] Request finished HTTP/1.1 GET http://192.168.1.4:8080/api/user?page=1&limit=10 - 200 null application/json; charset=utf-8 908.5365ms
2026-06-29 20:44:16.113 +00:00 [INF] Request finished HTTP/1.1 GET http://192.168.1.4:8080/api/user?page=1&limit=10 - 200 null application/json; charset=utf-8 908.5152ms
2026-06-29 20:44:19.459 +00:00 [INF] Request starting HTTP/1.1 GET http://192.168.1.4:8080/api/user?page=1&limit=10 - null null
2026-06-29 20:44:19.461 +00:00 [INF] CORS policy execution successful.
2026-06-29 20:44:19.464 +00:00 [INF] ====== OnMessageReceived START ======
2026-06-29 20:44:19.465 +00:00 [INF] Available cookies: 2
2026-06-29 20:44:19.465 +00:00 [INF] Cookie: adminToken = 844 chars
2026-06-29 20:44:19.465 +00:00 [INF] Cookie: adminRefreshToken = 44 chars
2026-06-29 20:44:19.465 +00:00 [INF] Admin token found in cookies, length: 844
2026-06-29 20:44:19.465 +00:00 [INF] Admin token set in context
2026-06-29 20:44:19.466 +00:00 [INF] ====== OnMessageReceived END - Token set: true ======
2026-06-29 20:44:19.466 +00:00 [INF] Token validated successfully for user: lengyelnorbi
2026-06-29 20:44:19.467 +00:00 [INF] Device fingerprint headers - UA: Mozilla/5.0 (Windows NT 10.0; Win64; x64) AppleWebKit/537.36 (KHTML, like Gecko) Chrome/149.0.0.0 Safari/537.36, Accept: application/json, text/plain, */*, Encoding: gzip, deflate
2026-06-29 20:44:19.467 +00:00 [INF] Device fingerprint validation: Stored=+dnl/HqeUWZoa90RTxKXA37sysOj0ueJeeX3J79LuJU=, Current=+dnl/HqeUWZoa90RTxKXA37sysOj0ueJeeX3J79LuJU=
2026-06-29 20:44:19.510 +00:00 [INF] Executed DbCommand (2ms) [Parameters=[@__jti_0='?', @__userId_1='?' (DbType = Int32)], CommandType='"Text"', CommandTimeout='30']
SELECT a."ID", a."CreatedAt", a."DeviceFingerprint", a."ExpiresAt", a."IpAddress", a."IsRevoked", a."UserID", a.jti
FROM "AccessTokens" AS a
WHERE a.jti = @__jti_0 AND a."UserID" = @__userId_1 AND NOT (a."IsRevoked") AND a."ExpiresAt" > now()
LIMIT 1
2026-06-29 20:44:19.511 +00:00 [INF] Executing endpoint 'API.Controllers.UserController.Get (API)'
2026-06-29 20:44:19.511 +00:00 [INF] Route matched with {action = "Get", controller = "User"}. Executing controller action with signature System.Threading.Tasks.Task`1[API.Utils.PagedResult`1[API.DTO.UserDTO]] Get(Int32, Int32) on controller API.Controllers.UserController (API).
2026-06-29 20:44:19.514 +00:00 [INF] Executed DbCommand (2ms) [Parameters=[], CommandType='"Text"', CommandTimeout='30']
SELECT count(*)::int
FROM "Users" AS u
WHERE u."Role" <> 'Admin'
2026-06-29 20:44:19.516 +00:00 [INF] Executed DbCommand (1ms) [Parameters=[@__p_1='?' (DbType = Int32), @__p_0='?' (DbType = Int32)], CommandType='"Text"', CommandTimeout='30']
SELECT u."ID", u."Username", u."Email", u."RegisteredAt", u."Role"
FROM "Users" AS u
WHERE u."Role" <> 'Admin'
ORDER BY u."ID"
LIMIT @__p_1 OFFSET @__p_0
2026-06-29 20:44:19.516 +00:00 [INF] Executing ObjectResult, writing value of type 'API.Utils.PagedResult`1[[API.DTO.UserDTO, API, Version=1.0.0.0, Culture=neutral, PublicKeyToken=null]]'.
2026-06-29 20:44:19.517 +00:00 [INF] Executed action API.Controllers.UserController.Get (API) in 5.1559ms
2026-06-29 20:44:19.517 +00:00 [INF] Executed endpoint 'API.Controllers.UserController.Get (API)'
2026-06-29 20:44:19.517 +00:00 [INF] Request finished HTTP/1.1 GET http://192.168.1.4:8080/api/user?page=1&limit=10 - 200 null application/json; charset=utf-8 58.2584ms
2026-06-29 20:44:23.862 +00:00 [INF] Request starting HTTP/1.1 GET http://192.168.1.4:8080/api/user?page=1&limit=10 - null null
2026-06-29 20:44:23.862 +00:00 [INF] CORS policy execution successful.
2026-06-29 20:44:23.863 +00:00 [INF] ====== OnMessageReceived START ======
2026-06-29 20:44:23.863 +00:00 [INF] Available cookies: 2
2026-06-29 20:44:23.863 +00:00 [INF] Cookie: adminToken = 844 chars
2026-06-29 20:44:23.863 +00:00 [INF] Request starting HTTP/1.1 GET http://192.168.1.4:8080/api/user?page=1&limit=10 - null null
2026-06-29 20:44:23.863 +00:00 [INF] Cookie: adminRefreshToken = 44 chars
2026-06-29 20:44:23.864 +00:00 [INF] CORS policy execution successful.
2026-06-29 20:44:23.864 +00:00 [INF] Admin token found in cookies, length: 844
2026-06-29 20:44:23.864 +00:00 [INF] ====== OnMessageReceived START ======
2026-06-29 20:44:23.864 +00:00 [INF] Admin token set in context
2026-06-29 20:44:23.865 +00:00 [INF] Available cookies: 2
2026-06-29 20:44:23.865 +00:00 [INF] ====== OnMessageReceived END - Token set: true ======
2026-06-29 20:44:23.865 +00:00 [INF] Cookie: adminToken = 844 chars
2026-06-29 20:44:23.865 +00:00 [INF] Cookie: adminRefreshToken = 44 chars
2026-06-29 20:44:23.865 +00:00 [INF] Token validated successfully for user: lengyelnorbi
2026-06-29 20:44:23.865 +00:00 [INF] Admin token found in cookies, length: 844
2026-06-29 20:44:23.865 +00:00 [INF] Device fingerprint headers - UA: Mozilla/5.0 (Windows NT 10.0; Win64; x64) AppleWebKit/537.36 (KHTML, like Gecko) Chrome/149.0.0.0 Safari/537.36, Accept: application/json, text/plain, */*, Encoding: gzip, deflate
2026-06-29 20:44:23.866 +00:00 [INF] Admin token set in context
2026-06-29 20:44:23.866 +00:00 [INF] Device fingerprint validation: Stored=+dnl/HqeUWZoa90RTxKXA37sysOj0ueJeeX3J79LuJU=, Current=+dnl/HqeUWZoa90RTxKXA37sysOj0ueJeeX3J79LuJU=
2026-06-29 20:44:23.866 +00:00 [INF] ====== OnMessageReceived END - Token set: true ======
2026-06-29 20:44:23.867 +00:00 [INF] Token validated successfully for user: lengyelnorbi
2026-06-29 20:44:23.868 +00:00 [INF] Device fingerprint headers - UA: Mozilla/5.0 (Windows NT 10.0; Win64; x64) AppleWebKit/537.36 (KHTML, like Gecko) Chrome/149.0.0.0 Safari/537.36, Accept: application/json, text/plain, */*, Encoding: gzip, deflate
2026-06-29 20:44:23.868 +00:00 [INF] Device fingerprint validation: Stored=+dnl/HqeUWZoa90RTxKXA37sysOj0ueJeeX3J79LuJU=, Current=+dnl/HqeUWZoa90RTxKXA37sysOj0ueJeeX3J79LuJU=
2026-06-29 20:44:23.870 +00:00 [INF] Executed DbCommand (2ms) [Parameters=[@__jti_0='?', @__userId_1='?' (DbType = Int32)], CommandType='"Text"', CommandTimeout='30']
SELECT a."ID", a."CreatedAt", a."DeviceFingerprint", a."ExpiresAt", a."IpAddress", a."IsRevoked", a."UserID", a.jti
FROM "AccessTokens" AS a
WHERE a.jti = @__jti_0 AND a."UserID" = @__userId_1 AND NOT (a."IsRevoked") AND a."ExpiresAt" > now()
LIMIT 1
2026-06-29 20:44:23.871 +00:00 [INF] Executing endpoint 'API.Controllers.UserController.Get (API)'
2026-06-29 20:44:23.871 +00:00 [INF] Executed DbCommand (1ms) [Parameters=[@__jti_0='?', @__userId_1='?' (DbType = Int32)], CommandType='"Text"', CommandTimeout='30']
SELECT a."ID", a."CreatedAt", a."DeviceFingerprint", a."ExpiresAt", a."IpAddress", a."IsRevoked", a."UserID", a.jti
FROM "AccessTokens" AS a
WHERE a.jti = @__jti_0 AND a."UserID" = @__userId_1 AND NOT (a."IsRevoked") AND a."ExpiresAt" > now()
LIMIT 1
2026-06-29 20:44:23.871 +00:00 [INF] Route matched with {action = "Get", controller = "User"}. Executing controller action with signature System.Threading.Tasks.Task`1[API.Utils.PagedResult`1[API.DTO.UserDTO]] Get(Int32, Int32) on controller API.Controllers.UserController (API).
2026-06-29 20:44:23.871 +00:00 [INF] Executing endpoint 'API.Controllers.UserController.Get (API)'
2026-06-29 20:44:23.871 +00:00 [INF] Route matched with {action = "Get", controller = "User"}. Executing controller action with signature System.Threading.Tasks.Task`1[API.Utils.PagedResult`1[API.DTO.UserDTO]] Get(Int32, Int32) on controller API.Controllers.UserController (API).
2026-06-29 20:44:23.873 +00:00 [INF] Executed DbCommand (1ms) [Parameters=[], CommandType='"Text"', CommandTimeout='30']
SELECT count(*)::int
FROM "Users" AS u
WHERE u."Role" <> 'Admin'
2026-06-29 20:44:23.873 +00:00 [INF] Executed DbCommand (1ms) [Parameters=[], CommandType='"Text"', CommandTimeout='30']
SELECT count(*)::int
FROM "Users" AS u
WHERE u."Role" <> 'Admin'
2026-06-29 20:44:23.874 +00:00 [INF] Executed DbCommand (1ms) [Parameters=[@__p_1='?' (DbType = Int32), @__p_0='?' (DbType = Int32)], CommandType='"Text"', CommandTimeout='30']
SELECT u."ID", u."Username", u."Email", u."RegisteredAt", u."Role"
FROM "Users" AS u
WHERE u."Role" <> 'Admin'
ORDER BY u."ID"
LIMIT @__p_1 OFFSET @__p_0
2026-06-29 20:44:23.874 +00:00 [INF] Executed DbCommand (1ms) [Parameters=[@__p_1='?' (DbType = Int32), @__p_0='?' (DbType = Int32)], CommandType='"Text"', CommandTimeout='30']
SELECT u."ID", u."Username", u."Email", u."RegisteredAt", u."Role"
FROM "Users" AS u
WHERE u."Role" <> 'Admin'
ORDER BY u."ID"
LIMIT @__p_1 OFFSET @__p_0
2026-06-29 20:44:23.874 +00:00 [INF] Executing ObjectResult, writing value of type 'API.Utils.PagedResult`1[[API.DTO.UserDTO, API, Version=1.0.0.0, Culture=neutral, PublicKeyToken=null]]'.
2026-06-29 20:44:23.875 +00:00 [INF] Executing ObjectResult, writing value of type 'API.Utils.PagedResult`1[[API.DTO.UserDTO, API, Version=1.0.0.0, Culture=neutral, PublicKeyToken=null]]'.
2026-06-29 20:44:23.875 +00:00 [INF] Executed action API.Controllers.UserController.Get (API) in 3.1509ms
2026-06-29 20:44:23.875 +00:00 [INF] Executed action API.Controllers.UserController.Get (API) in 3.6484ms
2026-06-29 20:44:23.875 +00:00 [INF] Executed endpoint 'API.Controllers.UserController.Get (API)'
2026-06-29 20:44:23.875 +00:00 [INF] Executed endpoint 'API.Controllers.UserController.Get (API)'
2026-06-29 20:44:23.876 +00:00 [INF] Request finished HTTP/1.1 GET http://192.168.1.4:8080/api/user?page=1&limit=10 - 200 null application/json; charset=utf-8 12.3982ms
2026-06-29 20:44:23.876 +00:00 [INF] Request finished HTTP/1.1 GET http://192.168.1.4:8080/api/user?page=1&limit=10 - 200 null application/json; charset=utf-8 14.1877ms
2026-06-29 20:44:24.555 +00:00 [INF] Request starting HTTP/1.1 OPTIONS http://192.168.1.4:8080/api/auth/refresh - null null
2026-06-29 20:44:24.556 +00:00 [INF] CORS policy execution successful.
2026-06-29 20:44:24.557 +00:00 [INF] Request finished HTTP/1.1 OPTIONS http://192.168.1.4:8080/api/auth/refresh - 204 null null 1.3132ms
2026-06-29 20:44:24.559 +00:00 [INF] Request starting HTTP/1.1 POST http://192.168.1.4:8080/api/auth/refresh - application/json 18
2026-06-29 20:44:24.560 +00:00 [INF] CORS policy execution successful.
2026-06-29 20:44:24.560 +00:00 [INF] ====== OnMessageReceived START ======
2026-06-29 20:44:24.560 +00:00 [INF] Available cookies: 2
2026-06-29 20:44:24.560 +00:00 [INF] Cookie: adminToken = 844 chars
2026-06-29 20:44:24.560 +00:00 [INF] Cookie: adminRefreshToken = 44 chars
2026-06-29 20:44:24.561 +00:00 [INF] Admin token found in cookies, length: 844
2026-06-29 20:44:24.561 +00:00 [INF] Admin token set in context
2026-06-29 20:44:24.561 +00:00 [INF] ====== OnMessageReceived END - Token set: true ======
2026-06-29 20:44:24.561 +00:00 [INF] Token validated successfully for user: lengyelnorbi
2026-06-29 20:44:24.561 +00:00 [INF] Device fingerprint headers - UA: Mozilla/5.0 (Windows NT 10.0; Win64; x64) AppleWebKit/537.36 (KHTML, like Gecko) Chrome/149.0.0.0 Safari/537.36, Accept: */*, Encoding: gzip, deflate
2026-06-29 20:44:24.561 +00:00 [INF] Device fingerprint validation: Stored=+dnl/HqeUWZoa90RTxKXA37sysOj0ueJeeX3J79LuJU=, Current=+dnl/HqeUWZoa90RTxKXA37sysOj0ueJeeX3J79LuJU=
2026-06-29 20:44:24.564 +00:00 [INF] Executed DbCommand (2ms) [Parameters=[@__jti_0='?', @__userId_1='?' (DbType = Int32)], CommandType='"Text"', CommandTimeout='30']
SELECT a."ID", a."CreatedAt", a."DeviceFingerprint", a."ExpiresAt", a."IpAddress", a."IsRevoked", a."UserID", a.jti
FROM "AccessTokens" AS a
WHERE a.jti = @__jti_0 AND a."UserID" = @__userId_1 AND NOT (a."IsRevoked") AND a."ExpiresAt" > now()
LIMIT 1
2026-06-29 20:44:24.567 +00:00 [INF] Executing endpoint 'API.Controllers.AuthController.RefreshToken (API)'
2026-06-29 20:44:24.571 +00:00 [INF] Route matched with {action = "RefreshToken", controller = "Auth"}. Executing controller action with signature System.Threading.Tasks.Task`1[Microsoft.AspNetCore.Mvc.IActionResult] RefreshToken(API.Models.RequestModels.RefreshRequest) on controller API.Controllers.AuthController (API).
2026-06-29 20:44:24.589 +00:00 [INF] Token refresh attempt at "2026-06-29T20:44:24.5896353Z"
2026-06-29 20:44:24.590 +00:00 [INF] Refreshing admin token at "2026-06-29T20:44:24.5903529Z"
2026-06-29 20:44:24.597 +00:00 [INF] Executed DbCommand (2ms) [Parameters=[@__tokenHash_0='?'], CommandType='"Text"', CommandTimeout='30']
SELECT r."ID", r."CreatedAt", r."DeviceFingerprint", r."ExpiresAt", r."IpAddress", r."IsRevoked", r."TokenHash", r."UserID"
FROM "RefreshTokens" AS r
WHERE r."TokenHash" = @__tokenHash_0 AND NOT (r."IsRevoked") AND r."ExpiresAt" > now()
ORDER BY r."CreatedAt" DESC
LIMIT 1
2026-06-29 20:44:24.606 +00:00 [INF] Mozilla/5.0 (Windows NT 10.0; Win64; x64) AppleWebKit/537.36 (KHTML, like Gecko) Chrome/149.0.0.0 Safari/537.36
2026-06-29 20:44:24.610 +00:00 [INF] Fetching user by ID from database...
2026-06-29 20:44:24.615 +00:00 [INF] Executed DbCommand (2ms) [Parameters=[@__id_0='?' (DbType = Int32)], CommandType='"Text"', CommandTimeout='30']
SELECT u."ID", u."Email", u."PasswordHash", u."RegisteredAt", u."Role", u."Username"
FROM "Users" AS u
WHERE u."ID" = @__id_0
LIMIT 1
2026-06-29 20:44:24.697 +00:00 [INF] Executed DbCommand (5ms) [Parameters=[@p0='?' (DbType = DateTime), @p1='?', @p2='?' (DbType = DateTime), @p3='?', @p4='?' (DbType = Int32), @p5='?'], CommandType='"Text"', CommandTimeout='30']
INSERT INTO "AccessTokens" ("CreatedAt", "DeviceFingerprint", "ExpiresAt", "IpAddress", "UserID", jti)
VALUES (@p0, @p1, @p2, @p3, @p4, @p5)
RETURNING "ID", "IsRevoked";
2026-06-29 20:44:24.718 +00:00 [INF] Executed DbCommand (1ms) [Parameters=[@__jti_0='?', @__userID_1='?' (DbType = Int32), @__deviceFingerprint_2='?', @__ipAddress_3='?'], CommandType='"Text"', CommandTimeout='30']
SELECT a."ID", a."CreatedAt", a."DeviceFingerprint", a."ExpiresAt", a."IpAddress", a."IsRevoked", a."UserID", a.jti
FROM "AccessTokens" AS a
WHERE a.jti = @__jti_0 AND a."UserID" = @__userID_1 AND a."DeviceFingerprint" = @__deviceFingerprint_2 AND a."IpAddress" = @__ipAddress_3
LIMIT 1
2026-06-29 20:44:24.719 +00:00 [INF] Attempting to revoke access token with jti faa6dc16-ee73-4a93-8425-69b11f4e9734 for user 1 from device +dnl/HqeUWZoa90RTxKXA37sysOj0ueJeeX3J79LuJU= and IP ::ffff:172.20.0.1
2026-06-29 20:44:24.719 +00:00 [INF] Access token found: API.Models.AccessToken
2026-06-29 20:44:24.725 +00:00 [INF] Executed DbCommand (2ms) [Parameters=[@p1='?' (DbType = Int32), @p0='?' (DbType = Boolean)], CommandType='"Text"', CommandTimeout='30']
UPDATE "AccessTokens" SET "IsRevoked" = @p0
WHERE "ID" = @p1;
2026-06-29 20:44:24.726 +00:00 [INF] Access token AccessToken for user 1 revoked: true
2026-06-29 20:44:24.732 +00:00 [INF] Executed DbCommand (3ms) [Parameters=[@p0='?' (DbType = DateTime), @p1='?', @p2='?' (DbType = DateTime), @p3='?', @p4='?', @p5='?' (DbType = Int32)], CommandType='"Text"', CommandTimeout='30']
INSERT INTO "RefreshTokens" ("CreatedAt", "DeviceFingerprint", "ExpiresAt", "IpAddress", "TokenHash", "UserID")
VALUES (@p0, @p1, @p2, @p3, @p4, @p5)
RETURNING "ID", "IsRevoked";
2026-06-29 20:44:24.740 +00:00 [INF] Executed DbCommand (2ms) [Parameters=[@__tokenHash_0='?', @__userId_1='?' (DbType = Int32), @__deviceFingerprint_2='?', @__ipAddress_3='?'], CommandType='"Text"', CommandTimeout='30']
SELECT r."ID", r."CreatedAt", r."DeviceFingerprint", r."ExpiresAt", r."IpAddress", r."IsRevoked", r."TokenHash", r."UserID"
FROM "RefreshTokens" AS r
WHERE r."TokenHash" = @__tokenHash_0 AND r."UserID" = @__userId_1 AND r."DeviceFingerprint" = @__deviceFingerprint_2 AND r."IpAddress" = @__ipAddress_3
LIMIT 1
2026-06-29 20:44:24.742 +00:00 [INF] Executed DbCommand (2ms) [Parameters=[@p1='?' (DbType = Int32), @p0='?' (DbType = Boolean)], CommandType='"Text"', CommandTimeout='30']
UPDATE "RefreshTokens" SET "IsRevoked" = @p0
WHERE "ID" = @p1;
2026-06-29 20:44:24.743 +00:00 [INF] Refresh token bB6A3lAUsHjFBTnHdGFLzE2/QwJtvbP7ozsO/zXJMcw= for user 1 revoked: true
2026-06-29 20:44:24.745 +00:00 [INF] Token refreshed successfully for user 1 at "2026-06-29T20:44:24.7453963Z"
2026-06-29 20:44:24.746 +00:00 [INF] Executing OkObjectResult, writing value of type '<>f__AnonymousType3`2[[System.Boolean, System.Private.CoreLib, Version=9.0.0.0, Culture=neutral, PublicKeyToken=7cec85d7bea7798e],[System.Int32, System.Private.CoreLib, Version=9.0.0.0, Culture=neutral, PublicKeyToken=7cec85d7bea7798e]]'.
2026-06-29 20:44:24.748 +00:00 [INF] Executed action API.Controllers.AuthController.RefreshToken (API) in 177.4375ms
2026-06-29 20:44:24.749 +00:00 [INF] Executed endpoint 'API.Controllers.AuthController.RefreshToken (API)'
2026-06-29 20:44:24.749 +00:00 [INF] Request finished HTTP/1.1 POST http://192.168.1.4:8080/api/auth/refresh - 200 null application/json; charset=utf-8 190.124ms
2026-06-29 20:48:55.485 +00:00 [INF] Request starting HTTP/1.1 OPTIONS http://192.168.1.4:8080/api/auth/refresh - null null
2026-06-29 20:48:55.485 +00:00 [INF] CORS policy execution successful.
2026-06-29 20:48:55.486 +00:00 [INF] Request finished HTTP/1.1 OPTIONS http://192.168.1.4:8080/api/auth/refresh - 204 null null 0.8752ms
2026-06-29 20:48:55.488 +00:00 [INF] Request starting HTTP/1.1 POST http://192.168.1.4:8080/api/auth/refresh - application/json 18
2026-06-29 20:48:55.488 +00:00 [INF] CORS policy execution successful.
2026-06-29 20:48:55.488 +00:00 [INF] ====== OnMessageReceived START ======
2026-06-29 20:48:55.488 +00:00 [INF] Available cookies: 2
2026-06-29 20:48:55.488 +00:00 [INF] Cookie: adminToken = 844 chars
2026-06-29 20:48:55.489 +00:00 [INF] Cookie: adminRefreshToken = 44 chars
2026-06-29 20:48:55.489 +00:00 [INF] Admin token found in cookies, length: 844
2026-06-29 20:48:55.489 +00:00 [INF] Admin token set in context
2026-06-29 20:48:55.490 +00:00 [INF] ====== OnMessageReceived END - Token set: true ======
2026-06-29 20:48:55.490 +00:00 [INF] Token validated successfully for user: lengyelnorbi
2026-06-29 20:48:55.490 +00:00 [INF] Device fingerprint headers - UA: Mozilla/5.0 (Windows NT 10.0; Win64; x64) AppleWebKit/537.36 (KHTML, like Gecko) Chrome/149.0.0.0 Safari/537.36, Accept: */*, Encoding: gzip, deflate
2026-06-29 20:48:55.491 +00:00 [INF] Device fingerprint validation: Stored=+dnl/HqeUWZoa90RTxKXA37sysOj0ueJeeX3J79LuJU=, Current=+dnl/HqeUWZoa90RTxKXA37sysOj0ueJeeX3J79LuJU=
2026-06-29 20:48:55.494 +00:00 [INF] Executed DbCommand (1ms) [Parameters=[@__jti_0='?', @__userId_1='?' (DbType = Int32)], CommandType='"Text"', CommandTimeout='30']
SELECT a."ID", a."CreatedAt", a."DeviceFingerprint", a."ExpiresAt", a."IpAddress", a."IsRevoked", a."UserID", a.jti
FROM "AccessTokens" AS a
WHERE a.jti = @__jti_0 AND a."UserID" = @__userId_1 AND NOT (a."IsRevoked") AND a."ExpiresAt" > now()
LIMIT 1
2026-06-29 20:48:55.495 +00:00 [INF] Executing endpoint 'API.Controllers.AuthController.RefreshToken (API)'
2026-06-29 20:48:55.496 +00:00 [INF] Route matched with {action = "RefreshToken", controller = "Auth"}. Executing controller action with signature System.Threading.Tasks.Task`1[Microsoft.AspNetCore.Mvc.IActionResult] RefreshToken(API.Models.RequestModels.RefreshRequest) on controller API.Controllers.AuthController (API).
2026-06-29 20:48:55.497 +00:00 [INF] Token refresh attempt at "2026-06-29T20:48:55.4971042Z"
2026-06-29 20:48:55.497 +00:00 [INF] Refreshing admin token at "2026-06-29T20:48:55.4972823Z"
2026-06-29 20:48:55.499 +00:00 [INF] Executed DbCommand (2ms) [Parameters=[@__tokenHash_0='?'], CommandType='"Text"', CommandTimeout='30']
SELECT r."ID", r."CreatedAt", r."DeviceFingerprint", r."ExpiresAt", r."IpAddress", r."IsRevoked", r."TokenHash", r."UserID"
FROM "RefreshTokens" AS r
WHERE r."TokenHash" = @__tokenHash_0 AND NOT (r."IsRevoked") AND r."ExpiresAt" > now()
ORDER BY r."CreatedAt" DESC
LIMIT 1
2026-06-29 20:48:55.499 +00:00 [INF] Mozilla/5.0 (Windows NT 10.0; Win64; x64) AppleWebKit/537.36 (KHTML, like Gecko) Chrome/149.0.0.0 Safari/537.36
2026-06-29 20:48:55.500 +00:00 [INF] Fetching user by ID from database...
2026-06-29 20:48:55.501 +00:00 [INF] Executed DbCommand (1ms) [Parameters=[@__id_0='?' (DbType = Int32)], CommandType='"Text"', CommandTimeout='30']
SELECT u."ID", u."Email", u."PasswordHash", u."RegisteredAt", u."Role", u."Username"
FROM "Users" AS u
WHERE u."ID" = @__id_0
LIMIT 1
2026-06-29 20:48:55.506 +00:00 [INF] Executed DbCommand (3ms) [Parameters=[@p0='?' (DbType = DateTime), @p1='?', @p2='?' (DbType = DateTime), @p3='?', @p4='?' (DbType = Int32), @p5='?'], CommandType='"Text"', CommandTimeout='30']
INSERT INTO "AccessTokens" ("CreatedAt", "DeviceFingerprint", "ExpiresAt", "IpAddress", "UserID", jti)
VALUES (@p0, @p1, @p2, @p3, @p4, @p5)
RETURNING "ID", "IsRevoked";
2026-06-29 20:48:55.508 +00:00 [INF] Executed DbCommand (1ms) [Parameters=[@__jti_0='?', @__userID_1='?' (DbType = Int32), @__deviceFingerprint_2='?', @__ipAddress_3='?'], CommandType='"Text"', CommandTimeout='30']
SELECT a."ID", a."CreatedAt", a."DeviceFingerprint", a."ExpiresAt", a."IpAddress", a."IsRevoked", a."UserID", a.jti
FROM "AccessTokens" AS a
WHERE a.jti = @__jti_0 AND a."UserID" = @__userID_1 AND a."DeviceFingerprint" = @__deviceFingerprint_2 AND a."IpAddress" = @__ipAddress_3
LIMIT 1
2026-06-29 20:48:55.508 +00:00 [INF] Attempting to revoke access token with jti ca160ec2-0bfd-4f77-8037-00d49d7a673e for user 1 from device +dnl/HqeUWZoa90RTxKXA37sysOj0ueJeeX3J79LuJU= and IP ::ffff:172.20.0.1
2026-06-29 20:48:55.509 +00:00 [INF] Access token found: API.Models.AccessToken
2026-06-29 20:48:55.511 +00:00 [INF] Executed DbCommand (2ms) [Parameters=[@p1='?' (DbType = Int32), @p0='?' (DbType = Boolean)], CommandType='"Text"', CommandTimeout='30']
UPDATE "AccessTokens" SET "IsRevoked" = @p0
WHERE "ID" = @p1;
2026-06-29 20:48:55.511 +00:00 [INF] Access token AccessToken for user 1 revoked: true
2026-06-29 20:48:55.514 +00:00 [INF] Executed DbCommand (2ms) [Parameters=[@p0='?' (DbType = DateTime), @p1='?', @p2='?' (DbType = DateTime), @p3='?', @p4='?', @p5='?' (DbType = Int32)], CommandType='"Text"', CommandTimeout='30']
INSERT INTO "RefreshTokens" ("CreatedAt", "DeviceFingerprint", "ExpiresAt", "IpAddress", "TokenHash", "UserID")
VALUES (@p0, @p1, @p2, @p3, @p4, @p5)
RETURNING "ID", "IsRevoked";
2026-06-29 20:48:55.516 +00:00 [INF] Executed DbCommand (1ms) [Parameters=[@__tokenHash_0='?', @__userId_1='?' (DbType = Int32), @__deviceFingerprint_2='?', @__ipAddress_3='?'], CommandType='"Text"', CommandTimeout='30']
SELECT r."ID", r."CreatedAt", r."DeviceFingerprint", r."ExpiresAt", r."IpAddress", r."IsRevoked", r."TokenHash", r."UserID"
FROM "RefreshTokens" AS r
WHERE r."TokenHash" = @__tokenHash_0 AND r."UserID" = @__userId_1 AND r."DeviceFingerprint" = @__deviceFingerprint_2 AND r."IpAddress" = @__ipAddress_3
LIMIT 1
2026-06-29 20:48:55.518 +00:00 [INF] Executed DbCommand (1ms) [Parameters=[@p1='?' (DbType = Int32), @p0='?' (DbType = Boolean)], CommandType='"Text"', CommandTimeout='30']
UPDATE "RefreshTokens" SET "IsRevoked" = @p0
WHERE "ID" = @p1;
2026-06-29 20:48:55.518 +00:00 [INF] Refresh token tcdpOkIGCn50a6zlYTG1YRddQwzoVjSahZIJTE81CFo= for user 1 revoked: true
2026-06-29 20:48:55.519 +00:00 [INF] Token refreshed successfully for user 1 at "2026-06-29T20:48:55.5190432Z"
2026-06-29 20:48:55.519 +00:00 [INF] Executing OkObjectResult, writing value of type '<>f__AnonymousType3`2[[System.Boolean, System.Private.CoreLib, Version=9.0.0.0, Culture=neutral, PublicKeyToken=7cec85d7bea7798e],[System.Int32, System.Private.CoreLib, Version=9.0.0.0, Culture=neutral, PublicKeyToken=7cec85d7bea7798e]]'.
2026-06-29 20:48:55.519 +00:00 [INF] Executed action API.Controllers.AuthController.RefreshToken (API) in 23.3462ms
2026-06-29 20:48:55.519 +00:00 [INF] Executed endpoint 'API.Controllers.AuthController.RefreshToken (API)'
2026-06-29 20:48:55.520 +00:00 [INF] Request finished HTTP/1.1 POST http://192.168.1.4:8080/api/auth/refresh - 200 null application/json; charset=utf-8 31.9895ms
2026-06-29 20:55:37.994 +00:00 [INF] Request starting HTTP/1.1 OPTIONS http://192.168.1.4:8080/api/auth - null null
2026-06-29 20:55:37.994 +00:00 [INF] CORS policy execution successful.
2026-06-29 20:55:37.995 +00:00 [INF] Request finished HTTP/1.1 OPTIONS http://192.168.1.4:8080/api/auth - 204 null null 1.0548ms
2026-06-29 20:55:37.997 +00:00 [INF] Request starting HTTP/1.1 POST http://192.168.1.4:8080/api/auth - application/json 74
2026-06-29 20:55:37.997 +00:00 [INF] CORS policy execution successful.
2026-06-29 20:55:37.997 +00:00 [INF] ====== OnMessageReceived START ======
2026-06-29 20:55:37.997 +00:00 [INF] Available cookies: 1
2026-06-29 20:55:37.998 +00:00 [INF] Cookie: adminRefreshToken = 44 chars
2026-06-29 20:55:37.998 +00:00 [WRN] NO TOKEN FOUND IN COOKIES!
2026-06-29 20:55:37.998 +00:00 [INF] ====== OnMessageReceived END - Token set: false ======
2026-06-29 20:55:37.998 +00:00 [INF] Executing endpoint 'API.Controllers.AuthController.Authenticate (API)'
2026-06-29 20:55:38.001 +00:00 [INF] Route matched with {action = "Authenticate", controller = "Auth"}. Executing controller action with signature System.Threading.Tasks.Task`1[Microsoft.AspNetCore.Mvc.IActionResult] Authenticate(API.Models.RequestModels.LoginRequest) on controller API.Controllers.AuthController (API).
2026-06-29 20:55:38.004 +00:00 [INF] Authentication attempt for email: lengyelnorbi5@gmail.com
2026-06-29 20:55:38.004 +00:00 [INF] Fetching user by email from database...
2026-06-29 20:55:38.020 +00:00 [INF] Executed DbCommand (2ms) [Parameters=[@__email_0='?'], CommandType='"Text"', CommandTimeout='30']
SELECT u."ID", u."Email", u."PasswordHash", u."RegisteredAt", u."Role", u."Username"
FROM "Users" AS u
WHERE u."Email" = @__email_0
LIMIT 1
2026-06-29 20:55:38.021 +00:00 [INF] Mozilla/5.0 (Windows NT 10.0; Win64; x64) AppleWebKit/537.36 (KHTML, like Gecko) Chrome/149.0.0.0 Safari/537.36
2026-06-29 20:55:38.022 +00:00 [INF] Fetching user by email from database...
2026-06-29 20:55:38.024 +00:00 [INF] Executed DbCommand (1ms) [Parameters=[@__email_0='?'], CommandType='"Text"', CommandTimeout='30']
SELECT u."ID", u."Email", u."PasswordHash", u."RegisteredAt", u."Role", u."Username"
FROM "Users" AS u
WHERE u."Email" = @__email_0
LIMIT 1
2026-06-29 20:55:38.402 +00:00 [INF] Executed DbCommand (5ms) [Parameters=[@p0='?' (DbType = DateTime), @p1='?', @p2='?' (DbType = DateTime), @p3='?', @p4='?' (DbType = Int32), @p5='?'], CommandType='"Text"', CommandTimeout='30']
INSERT INTO "AccessTokens" ("CreatedAt", "DeviceFingerprint", "ExpiresAt", "IpAddress", "UserID", jti)
VALUES (@p0, @p1, @p2, @p3, @p4, @p5)
RETURNING "ID", "IsRevoked";
2026-06-29 20:55:38.405 +00:00 [INF] Executed DbCommand (2ms) [Parameters=[@p0='?' (DbType = DateTime), @p1='?', @p2='?' (DbType = DateTime), @p3='?', @p4='?', @p5='?' (DbType = Int32)], CommandType='"Text"', CommandTimeout='30']
INSERT INTO "RefreshTokens" ("CreatedAt", "DeviceFingerprint", "ExpiresAt", "IpAddress", "TokenHash", "UserID")
VALUES (@p0, @p1, @p2, @p3, @p4, @p5)
RETURNING "ID", "IsRevoked";
2026-06-29 20:55:38.405 +00:00 [INF] Admin user lengyelnorbi5@gmail.com authenticated successfully from admin panel at "2026-06-29T20:55:38.4058550Z"
2026-06-29 20:55:38.406 +00:00 [INF] --------------------------------------------------------------------
2026-06-29 20:55:38.406 +00:00 [INF] eyJhbGciOiJIUzI1NiIsInR5cCI6IkpXVCJ9.eyJodHRwOi8vc2NoZW1hcy54bWxzb2FwLm9yZy93cy8yMDA1LzA1L2lkZW50aXR5L2NsYWltcy9uYW1laWRlbnRpZmllciI6IjEiLCJodHRwOi8vc2NoZW1hcy54bWxzb2FwLm9yZy93cy8yMDA1LzA1L2lkZW50aXR5L2NsYWltcy9lbWFpbGFkZHJlc3MiOiJsZW5neWVsbm9yYmk1QGdtYWlsLmNvbSIsImh0dHA6Ly9zY2hlbWFzLnhtbHNvYXAub3JnL3dzLzIwMDUvMDUvaWRlbnRpdHkvY2xhaW1zL25hbWUiOiJsZW5neWVsbm9yYmkiLCJqdGkiOiJlYWVjOWY1MS1mZWZiLTRmYzItYjE3Ni1iZDcxM2I0ZWE1OGEiLCJpYXQiOjE3ODI3NjY1MzgsImV4cCI6MTc4Mjc2NjgzOCwiaHR0cDovL3NjaGVtYXMubWljcm9zb2Z0LmNvbS93cy8yMDA4LzA2L2lkZW50aXR5L2NsYWltcy9yb2xlIjoiQWRtaW4iLCJTb3VyY2UiOiJhZG1pbiIsIkRldmljZUlkIjoiK2RubC9IcWVVV1pvYTkwUlR4S1hBMzdzeXNPajB1ZUplZVgzSjc5THVKVT0iLCJJUEFkZHJlc3MiOiI6OmZmZmY6MTcyLjIwLjAuMSIsIlRva2VuVmVyc2lvbiI6IjEiLCJpc3MiOiJNdXNpY1BsYXllckFQSSIsImF1ZCI6Ik11c2ljUGxheWVyQ2xpZW50In0.54g065KjCvYUody-MfIphW8CxO3t-XubvYPaX-2269A
2026-06-29 20:55:38.406 +00:00 [INF] EABUMXiXHLgXxXwrSLaC+HECaIWeaSIad+szRrPswVM=
2026-06-29 20:55:38.406 +00:00 [INF] Source: admin
2026-06-29 20:55:38.406 +00:00 [INF] Access Token expires at: "2026-06-29T21:00:38.3964745Z"
2026-06-29 20:55:38.407 +00:00 [INF] Refresh Token expires at: "2026-06-30T04:55:38.4029304Z"
2026-06-29 20:55:38.407 +00:00 [INF] tokenCookieName: adminToken
2026-06-29 20:55:38.407 +00:00 [INF] refreshTokenCookieName: adminRefreshToken
2026-06-29 20:55:38.407 +00:00 [INF] Refresh token hash stored in cookie: EABUMXiXHLgXxXwrSLaC+HECaIWeaSIad+szRrPswVM=
2026-06-29 20:55:38.407 +00:00 [INF] --------------------------------------------------------------------
2026-06-29 20:55:38.407 +00:00 [INF] Executing OkObjectResult, writing value of type '<>f__AnonymousType1`4[[System.Boolean, System.Private.CoreLib, Version=9.0.0.0, Culture=neutral, PublicKeyToken=7cec85d7bea7798e],[System.Int32, System.Private.CoreLib, Version=9.0.0.0, Culture=neutral, PublicKeyToken=7cec85d7bea7798e],[System.Int32, System.Private.CoreLib, Version=9.0.0.0, Culture=neutral, PublicKeyToken=7cec85d7bea7798e],[<>f__AnonymousType2`3[[System.Int32, System.Private.CoreLib, Version=9.0.0.0, Culture=neutral, PublicKeyToken=7cec85d7bea7798e],[System.String, System.Private.CoreLib, Version=9.0.0.0, Culture=neutral, PublicKeyToken=7cec85d7bea7798e],[System.String, System.Private.CoreLib, Version=9.0.0.0, Culture=neutral, PublicKeyToken=7cec85d7bea7798e]], API, Version=1.0.0.0, Culture=neutral, PublicKeyToken=null]]'.
2026-06-29 20:55:38.410 +00:00 [INF] Executed action API.Controllers.AuthController.Authenticate (API) in 408.6638ms
2026-06-29 20:55:38.410 +00:00 [INF] Executed endpoint 'API.Controllers.AuthController.Authenticate (API)'
2026-06-29 20:55:38.410 +00:00 [INF] Request finished HTTP/1.1 POST http://192.168.1.4:8080/api/auth - 200 null application/json; charset=utf-8 413.6173ms
2026-06-29 20:55:39.664 +00:00 [INF] Request starting HTTP/1.1 GET http://192.168.1.4:8080/api/user?page=1&limit=10 - null null
2026-06-29 20:55:39.664 +00:00 [INF] CORS policy execution successful.
2026-06-29 20:55:39.664 +00:00 [INF] ====== OnMessageReceived START ======
2026-06-29 20:55:39.664 +00:00 [INF] Available cookies: 2
2026-06-29 20:55:39.664 +00:00 [INF] Cookie: adminToken = 844 chars
2026-06-29 20:55:39.665 +00:00 [INF] Cookie: adminRefreshToken = 44 chars
2026-06-29 20:55:39.665 +00:00 [INF] Admin token found in cookies, length: 844
2026-06-29 20:55:39.665 +00:00 [INF] Admin token set in context
2026-06-29 20:55:39.665 +00:00 [INF] ====== OnMessageReceived END - Token set: true ======
2026-06-29 20:55:39.666 +00:00 [INF] Token validated successfully for user: lengyelnorbi
2026-06-29 20:55:39.666 +00:00 [INF] Device fingerprint headers - UA: Mozilla/5.0 (Windows NT 10.0; Win64; x64) AppleWebKit/537.36 (KHTML, like Gecko) Chrome/149.0.0.0 Safari/537.36, Accept: application/json, text/plain, */*, Encoding: gzip, deflate
2026-06-29 20:55:39.666 +00:00 [INF] Device fingerprint validation: Stored=+dnl/HqeUWZoa90RTxKXA37sysOj0ueJeeX3J79LuJU=, Current=+dnl/HqeUWZoa90RTxKXA37sysOj0ueJeeX3J79LuJU=
2026-06-29 20:55:39.667 +00:00 [INF] Request starting HTTP/1.1 GET http://192.168.1.4:8080/api/user?page=1&limit=10 - null null
2026-06-29 20:55:39.667 +00:00 [INF] CORS policy execution successful.
2026-06-29 20:55:39.668 +00:00 [INF] ====== OnMessageReceived START ======
2026-06-29 20:55:39.668 +00:00 [INF] Available cookies: 2
2026-06-29 20:55:39.668 +00:00 [INF] Cookie: adminToken = 844 chars
2026-06-29 20:55:39.668 +00:00 [INF] Cookie: adminRefreshToken = 44 chars
2026-06-29 20:55:39.668 +00:00 [INF] Admin token found in cookies, length: 844
2026-06-29 20:55:39.668 +00:00 [INF] Admin token set in context
2026-06-29 20:55:39.669 +00:00 [INF] ====== OnMessageReceived END - Token set: true ======
2026-06-29 20:55:39.669 +00:00 [INF] Executed DbCommand (1ms) [Parameters=[@__jti_0='?', @__userId_1='?' (DbType = Int32)], CommandType='"Text"', CommandTimeout='30']
SELECT a."ID", a."CreatedAt", a."DeviceFingerprint", a."ExpiresAt", a."IpAddress", a."IsRevoked", a."UserID", a.jti
FROM "AccessTokens" AS a
WHERE a.jti = @__jti_0 AND a."UserID" = @__userId_1 AND NOT (a."IsRevoked") AND a."ExpiresAt" > now()
LIMIT 1
2026-06-29 20:55:39.669 +00:00 [INF] Token validated successfully for user: lengyelnorbi
2026-06-29 20:55:39.669 +00:00 [INF] Device fingerprint headers - UA: Mozilla/5.0 (Windows NT 10.0; Win64; x64) AppleWebKit/537.36 (KHTML, like Gecko) Chrome/149.0.0.0 Safari/537.36, Accept: application/json, text/plain, */*, Encoding: gzip, deflate
2026-06-29 20:55:39.669 +00:00 [INF] Executing endpoint 'API.Controllers.UserController.Get (API)'
2026-06-29 20:55:39.669 +00:00 [INF] Device fingerprint validation: Stored=+dnl/HqeUWZoa90RTxKXA37sysOj0ueJeeX3J79LuJU=, Current=+dnl/HqeUWZoa90RTxKXA37sysOj0ueJeeX3J79LuJU=
2026-06-29 20:55:39.669 +00:00 [INF] Route matched with {action = "Get", controller = "User"}. Executing controller action with signature System.Threading.Tasks.Task`1[API.Utils.PagedResult`1[API.DTO.UserDTO]] Get(Int32, Int32) on controller API.Controllers.UserController (API).
2026-06-29 20:55:39.671 +00:00 [INF] Executed DbCommand (1ms) [Parameters=[], CommandType='"Text"', CommandTimeout='30']
SELECT count(*)::int
FROM "Users" AS u
WHERE u."Role" <> 'Admin'
2026-06-29 20:55:39.674 +00:00 [INF] Executed DbCommand (2ms) [Parameters=[@__p_1='?' (DbType = Int32), @__p_0='?' (DbType = Int32)], CommandType='"Text"', CommandTimeout='30']
SELECT u."ID", u."Username", u."Email", u."RegisteredAt", u."Role"
FROM "Users" AS u
WHERE u."Role" <> 'Admin'
ORDER BY u."ID"
LIMIT @__p_1 OFFSET @__p_0
2026-06-29 20:55:39.675 +00:00 [INF] Executing ObjectResult, writing value of type 'API.Utils.PagedResult`1[[API.DTO.UserDTO, API, Version=1.0.0.0, Culture=neutral, PublicKeyToken=null]]'.
2026-06-29 20:55:39.675 +00:00 [INF] Executed action API.Controllers.UserController.Get (API) in 5.6645ms
2026-06-29 20:55:39.675 +00:00 [INF] Executed endpoint 'API.Controllers.UserController.Get (API)'
2026-06-29 20:55:39.676 +00:00 [INF] Request finished HTTP/1.1 GET http://192.168.1.4:8080/api/user?page=1&limit=10 - 200 null application/json; charset=utf-8 12.0824ms
2026-06-29 20:55:39.682 +00:00 [INF] Executed DbCommand (2ms) [Parameters=[@__jti_0='?', @__userId_1='?' (DbType = Int32)], CommandType='"Text"', CommandTimeout='30']
SELECT a."ID", a."CreatedAt", a."DeviceFingerprint", a."ExpiresAt", a."IpAddress", a."IsRevoked", a."UserID", a.jti
FROM "AccessTokens" AS a
WHERE a.jti = @__jti_0 AND a."UserID" = @__userId_1 AND NOT (a."IsRevoked") AND a."ExpiresAt" > now()
LIMIT 1
2026-06-29 20:55:39.683 +00:00 [INF] Executing endpoint 'API.Controllers.UserController.Get (API)'
2026-06-29 20:55:39.683 +00:00 [INF] Route matched with {action = "Get", controller = "User"}. Executing controller action with signature System.Threading.Tasks.Task`1[API.Utils.PagedResult`1[API.DTO.UserDTO]] Get(Int32, Int32) on controller API.Controllers.UserController (API).
2026-06-29 20:55:39.685 +00:00 [INF] Executed DbCommand (1ms) [Parameters=[], CommandType='"Text"', CommandTimeout='30']
SELECT count(*)::int
FROM "Users" AS u
WHERE u."Role" <> 'Admin'
2026-06-29 20:55:39.687 +00:00 [INF] Executed DbCommand (1ms) [Parameters=[@__p_1='?' (DbType = Int32), @__p_0='?' (DbType = Int32)], CommandType='"Text"', CommandTimeout='30']
SELECT u."ID", u."Username", u."Email", u."RegisteredAt", u."Role"
FROM "Users" AS u
WHERE u."Role" <> 'Admin'
ORDER BY u."ID"
LIMIT @__p_1 OFFSET @__p_0
2026-06-29 20:55:39.687 +00:00 [INF] Executing ObjectResult, writing value of type 'API.Utils.PagedResult`1[[API.DTO.UserDTO, API, Version=1.0.0.0, Culture=neutral, PublicKeyToken=null]]'.
2026-06-29 20:55:39.687 +00:00 [INF] Executed action API.Controllers.UserController.Get (API) in 4.5373ms
2026-06-29 20:55:39.688 +00:00 [INF] Executed endpoint 'API.Controllers.UserController.Get (API)'
2026-06-29 20:55:39.688 +00:00 [INF] Request finished HTTP/1.1 GET http://192.168.1.4:8080/api/user?page=1&limit=10 - 200 null application/json; charset=utf-8 21.289ms
2026-06-29 20:55:48.138 +00:00 [INF] Request starting HTTP/1.1 GET http://192.168.1.4:8080/api/user?page=1&limit=10 - null null
2026-06-29 20:55:48.138 +00:00 [INF] CORS policy execution successful.
2026-06-29 20:55:48.139 +00:00 [INF] ====== OnMessageReceived START ======
2026-06-29 20:55:48.139 +00:00 [INF] Available cookies: 2
2026-06-29 20:55:48.139 +00:00 [INF] Cookie: adminToken = 844 chars
2026-06-29 20:55:48.139 +00:00 [INF] Cookie: adminRefreshToken = 44 chars
2026-06-29 20:55:48.139 +00:00 [INF] Admin token found in cookies, length: 844
2026-06-29 20:55:48.139 +00:00 [INF] Admin token set in context
2026-06-29 20:55:48.139 +00:00 [INF] ====== OnMessageReceived END - Token set: true ======
2026-06-29 20:55:48.140 +00:00 [INF] Token validated successfully for user: lengyelnorbi
2026-06-29 20:55:48.140 +00:00 [INF] Device fingerprint headers - UA: Mozilla/5.0 (Windows NT 10.0; Win64; x64) AppleWebKit/537.36 (KHTML, like Gecko) Chrome/149.0.0.0 Safari/537.36, Accept: application/json, text/plain, */*, Encoding: gzip, deflate
2026-06-29 20:55:48.140 +00:00 [INF] Device fingerprint validation: Stored=+dnl/HqeUWZoa90RTxKXA37sysOj0ueJeeX3J79LuJU=, Current=+dnl/HqeUWZoa90RTxKXA37sysOj0ueJeeX3J79LuJU=
2026-06-29 20:55:48.143 +00:00 [INF] Executed DbCommand (2ms) [Parameters=[@__jti_0='?', @__userId_1='?' (DbType = Int32)], CommandType='"Text"', CommandTimeout='30']
SELECT a."ID", a."CreatedAt", a."DeviceFingerprint", a."ExpiresAt", a."IpAddress", a."IsRevoked", a."UserID", a.jti
FROM "AccessTokens" AS a
WHERE a.jti = @__jti_0 AND a."UserID" = @__userId_1 AND NOT (a."IsRevoked") AND a."ExpiresAt" > now()
LIMIT 1
2026-06-29 20:55:48.144 +00:00 [INF] Executing endpoint 'API.Controllers.UserController.Get (API)'
2026-06-29 20:55:48.144 +00:00 [INF] Route matched with {action = "Get", controller = "User"}. Executing controller action with signature System.Threading.Tasks.Task`1[API.Utils.PagedResult`1[API.DTO.UserDTO]] Get(Int32, Int32) on controller API.Controllers.UserController (API).
2026-06-29 20:55:48.146 +00:00 [INF] Executed DbCommand (1ms) [Parameters=[], CommandType='"Text"', CommandTimeout='30']
SELECT count(*)::int
FROM "Users" AS u
WHERE u."Role" <> 'Admin'
2026-06-29 20:55:48.148 +00:00 [INF] Executed DbCommand (2ms) [Parameters=[@__p_1='?' (DbType = Int32), @__p_0='?' (DbType = Int32)], CommandType='"Text"', CommandTimeout='30']
SELECT u."ID", u."Username", u."Email", u."RegisteredAt", u."Role"
FROM "Users" AS u
WHERE u."Role" <> 'Admin'
ORDER BY u."ID"
LIMIT @__p_1 OFFSET @__p_0
2026-06-29 20:55:48.148 +00:00 [INF] Executing ObjectResult, writing value of type 'API.Utils.PagedResult`1[[API.DTO.UserDTO, API, Version=1.0.0.0, Culture=neutral, PublicKeyToken=null]]'.
2026-06-29 20:55:48.149 +00:00 [INF] Executed action API.Controllers.UserController.Get (API) in 4.6264ms
2026-06-29 20:55:48.149 +00:00 [INF] Executed endpoint 'API.Controllers.UserController.Get (API)'
2026-06-29 20:55:48.149 +00:00 [INF] Request finished HTTP/1.1 GET http://192.168.1.4:8080/api/user?page=1&limit=10 - 200 null application/json; charset=utf-8 11.4297ms
2026-06-29 20:56:02.495 +00:00 [INF] Request starting HTTP/1.1 GET http://192.168.1.4:8080/api/user?page=1&limit=10 - null null
2026-06-29 20:56:02.495 +00:00 [INF] CORS policy execution successful.
2026-06-29 20:56:02.496 +00:00 [INF] ====== OnMessageReceived START ======
2026-06-29 20:56:02.496 +00:00 [INF] Available cookies: 2
2026-06-29 20:56:02.496 +00:00 [INF] Cookie: adminToken = 844 chars
2026-06-29 20:56:02.496 +00:00 [INF] Cookie: adminRefreshToken = 44 chars
2026-06-29 20:56:02.496 +00:00 [INF] Request starting HTTP/1.1 GET http://192.168.1.4:8080/api/user?page=1&limit=10 - null null
2026-06-29 20:56:02.496 +00:00 [INF] Admin token found in cookies, length: 844
2026-06-29 20:56:02.497 +00:00 [INF] CORS policy execution successful.
2026-06-29 20:56:02.497 +00:00 [INF] Admin token set in context
2026-06-29 20:56:02.497 +00:00 [INF] ====== OnMessageReceived END - Token set: true ======
2026-06-29 20:56:02.497 +00:00 [INF] ====== OnMessageReceived START ======
2026-06-29 20:56:02.497 +00:00 [INF] Available cookies: 2
2026-06-29 20:56:02.497 +00:00 [INF] Token validated successfully for user: lengyelnorbi
2026-06-29 20:56:02.498 +00:00 [INF] Cookie: adminToken = 844 chars
2026-06-29 20:56:02.498 +00:00 [INF] Device fingerprint headers - UA: Mozilla/5.0 (Windows NT 10.0; Win64; x64) AppleWebKit/537.36 (KHTML, like Gecko) Chrome/149.0.0.0 Safari/537.36, Accept: application/json, text/plain, */*, Encoding: gzip, deflate
2026-06-29 20:56:02.498 +00:00 [INF] Cookie: adminRefreshToken = 44 chars
2026-06-29 20:56:02.499 +00:00 [INF] Device fingerprint validation: Stored=+dnl/HqeUWZoa90RTxKXA37sysOj0ueJeeX3J79LuJU=, Current=+dnl/HqeUWZoa90RTxKXA37sysOj0ueJeeX3J79LuJU=
2026-06-29 20:56:02.499 +00:00 [INF] Admin token found in cookies, length: 844
2026-06-29 20:56:02.499 +00:00 [INF] Admin token set in context
2026-06-29 20:56:02.499 +00:00 [INF] ====== OnMessageReceived END - Token set: true ======
2026-06-29 20:56:02.500 +00:00 [INF] Token validated successfully for user: lengyelnorbi
2026-06-29 20:56:02.500 +00:00 [INF] Device fingerprint headers - UA: Mozilla/5.0 (Windows NT 10.0; Win64; x64) AppleWebKit/537.36 (KHTML, like Gecko) Chrome/149.0.0.0 Safari/537.36, Accept: application/json, text/plain, */*, Encoding: gzip, deflate
2026-06-29 20:56:02.500 +00:00 [INF] Device fingerprint validation: Stored=+dnl/HqeUWZoa90RTxKXA37sysOj0ueJeeX3J79LuJU=, Current=+dnl/HqeUWZoa90RTxKXA37sysOj0ueJeeX3J79LuJU=
2026-06-29 20:56:02.502 +00:00 [INF] Executed DbCommand (2ms) [Parameters=[@__jti_0='?', @__userId_1='?' (DbType = Int32)], CommandType='"Text"', CommandTimeout='30']
SELECT a."ID", a."CreatedAt", a."DeviceFingerprint", a."ExpiresAt", a."IpAddress", a."IsRevoked", a."UserID", a.jti
FROM "AccessTokens" AS a
WHERE a.jti = @__jti_0 AND a."UserID" = @__userId_1 AND NOT (a."IsRevoked") AND a."ExpiresAt" > now()
LIMIT 1
2026-06-29 20:56:02.502 +00:00 [INF] Executed DbCommand (1ms) [Parameters=[@__jti_0='?', @__userId_1='?' (DbType = Int32)], CommandType='"Text"', CommandTimeout='30']
SELECT a."ID", a."CreatedAt", a."DeviceFingerprint", a."ExpiresAt", a."IpAddress", a."IsRevoked", a."UserID", a.jti
FROM "AccessTokens" AS a
WHERE a.jti = @__jti_0 AND a."UserID" = @__userId_1 AND NOT (a."IsRevoked") AND a."ExpiresAt" > now()
LIMIT 1
2026-06-29 20:56:02.502 +00:00 [INF] Executing endpoint 'API.Controllers.UserController.Get (API)'
2026-06-29 20:56:02.502 +00:00 [INF] Executing endpoint 'API.Controllers.UserController.Get (API)'
2026-06-29 20:56:02.503 +00:00 [INF] Route matched with {action = "Get", controller = "User"}. Executing controller action with signature System.Threading.Tasks.Task`1[API.Utils.PagedResult`1[API.DTO.UserDTO]] Get(Int32, Int32) on controller API.Controllers.UserController (API).
2026-06-29 20:56:02.503 +00:00 [INF] Route matched with {action = "Get", controller = "User"}. Executing controller action with signature System.Threading.Tasks.Task`1[API.Utils.PagedResult`1[API.DTO.UserDTO]] Get(Int32, Int32) on controller API.Controllers.UserController (API).
2026-06-29 20:56:02.505 +00:00 [INF] Executed DbCommand (2ms) [Parameters=[], CommandType='"Text"', CommandTimeout='30']
SELECT count(*)::int
FROM "Users" AS u
WHERE u."Role" <> 'Admin'
2026-06-29 20:56:02.506 +00:00 [INF] Executed DbCommand (2ms) [Parameters=[], CommandType='"Text"', CommandTimeout='30']
SELECT count(*)::int
FROM "Users" AS u
WHERE u."Role" <> 'Admin'
2026-06-29 20:56:02.507 +00:00 [INF] Executed DbCommand (1ms) [Parameters=[@__p_1='?' (DbType = Int32), @__p_0='?' (DbType = Int32)], CommandType='"Text"', CommandTimeout='30']
SELECT u."ID", u."Username", u."Email", u."RegisteredAt", u."Role"
FROM "Users" AS u
WHERE u."Role" <> 'Admin'
ORDER BY u."ID"
LIMIT @__p_1 OFFSET @__p_0
2026-06-29 20:56:02.508 +00:00 [INF] Executing ObjectResult, writing value of type 'API.Utils.PagedResult`1[[API.DTO.UserDTO, API, Version=1.0.0.0, Culture=neutral, PublicKeyToken=null]]'.
2026-06-29 20:56:02.508 +00:00 [INF] Executed action API.Controllers.UserController.Get (API) in 5.1766ms
2026-06-29 20:56:02.508 +00:00 [INF] Executed endpoint 'API.Controllers.UserController.Get (API)'
2026-06-29 20:56:02.508 +00:00 [INF] Executed DbCommand (1ms) [Parameters=[@__p_1='?' (DbType = Int32), @__p_0='?' (DbType = Int32)], CommandType='"Text"', CommandTimeout='30']
SELECT u."ID", u."Username", u."Email", u."RegisteredAt", u."Role"
FROM "Users" AS u
WHERE u."Role" <> 'Admin'
ORDER BY u."ID"
LIMIT @__p_1 OFFSET @__p_0
2026-06-29 20:56:02.508 +00:00 [INF] Request finished HTTP/1.1 GET http://192.168.1.4:8080/api/user?page=1&limit=10 - 200 null application/json; charset=utf-8 13.4721ms
2026-06-29 20:56:02.509 +00:00 [INF] Executing ObjectResult, writing value of type 'API.Utils.PagedResult`1[[API.DTO.UserDTO, API, Version=1.0.0.0, Culture=neutral, PublicKeyToken=null]]'.
2026-06-29 20:56:02.509 +00:00 [INF] Executed action API.Controllers.UserController.Get (API) in 6.0877ms
2026-06-29 20:56:02.509 +00:00 [INF] Executed endpoint 'API.Controllers.UserController.Get (API)'
2026-06-29 20:56:02.509 +00:00 [INF] Request finished HTTP/1.1 GET http://192.168.1.4:8080/api/user?page=1&limit=10 - 200 null application/json; charset=utf-8 13.0655ms
2026-06-29 20:56:03.979 +00:00 [INF] Request starting HTTP/1.1 GET http://192.168.1.4:8080/api/user?page=1&limit=10 - null null
2026-06-29 20:56:03.980 +00:00 [INF] CORS policy execution successful.
2026-06-29 20:56:03.980 +00:00 [INF] ====== OnMessageReceived START ======
2026-06-29 20:56:03.980 +00:00 [INF] Available cookies: 2
2026-06-29 20:56:03.980 +00:00 [INF] Cookie: adminToken = 844 chars
2026-06-29 20:56:03.981 +00:00 [INF] Cookie: adminRefreshToken = 44 chars
2026-06-29 20:56:03.981 +00:00 [INF] Admin token found in cookies, length: 844
2026-06-29 20:56:03.981 +00:00 [INF] Admin token set in context
2026-06-29 20:56:03.981 +00:00 [INF] ====== OnMessageReceived END - Token set: true ======
2026-06-29 20:56:03.982 +00:00 [INF] Token validated successfully for user: lengyelnorbi
2026-06-29 20:56:03.982 +00:00 [INF] Device fingerprint headers - UA: Mozilla/5.0 (Windows NT 10.0; Win64; x64) AppleWebKit/537.36 (KHTML, like Gecko) Chrome/149.0.0.0 Safari/537.36, Accept: application/json, text/plain, */*, Encoding: gzip, deflate
2026-06-29 20:56:03.982 +00:00 [INF] Device fingerprint validation: Stored=+dnl/HqeUWZoa90RTxKXA37sysOj0ueJeeX3J79LuJU=, Current=+dnl/HqeUWZoa90RTxKXA37sysOj0ueJeeX3J79LuJU=
2026-06-29 20:56:03.985 +00:00 [INF] Executed DbCommand (2ms) [Parameters=[@__jti_0='?', @__userId_1='?' (DbType = Int32)], CommandType='"Text"', CommandTimeout='30']
SELECT a."ID", a."CreatedAt", a."DeviceFingerprint", a."ExpiresAt", a."IpAddress", a."IsRevoked", a."UserID", a.jti
FROM "AccessTokens" AS a
WHERE a.jti = @__jti_0 AND a."UserID" = @__userId_1 AND NOT (a."IsRevoked") AND a."ExpiresAt" > now()
LIMIT 1
2026-06-29 20:56:03.985 +00:00 [INF] Executing endpoint 'API.Controllers.UserController.Get (API)'
2026-06-29 20:56:03.986 +00:00 [INF] Route matched with {action = "Get", controller = "User"}. Executing controller action with signature System.Threading.Tasks.Task`1[API.Utils.PagedResult`1[API.DTO.UserDTO]] Get(Int32, Int32) on controller API.Controllers.UserController (API).
2026-06-29 20:56:03.988 +00:00 [INF] Executed DbCommand (2ms) [Parameters=[], CommandType='"Text"', CommandTimeout='30']
SELECT count(*)::int
FROM "Users" AS u
WHERE u."Role" <> 'Admin'
2026-06-29 20:56:03.990 +00:00 [INF] Executed DbCommand (1ms) [Parameters=[@__p_1='?' (DbType = Int32), @__p_0='?' (DbType = Int32)], CommandType='"Text"', CommandTimeout='30']
SELECT u."ID", u."Username", u."Email", u."RegisteredAt", u."Role"
FROM "Users" AS u
WHERE u."Role" <> 'Admin'
ORDER BY u."ID"
LIMIT @__p_1 OFFSET @__p_0
2026-06-29 20:56:03.990 +00:00 [INF] Executing ObjectResult, writing value of type 'API.Utils.PagedResult`1[[API.DTO.UserDTO, API, Version=1.0.0.0, Culture=neutral, PublicKeyToken=null]]'.
2026-06-29 20:56:03.991 +00:00 [INF] Executed action API.Controllers.UserController.Get (API) in 4.5072ms
2026-06-29 20:56:03.991 +00:00 [INF] Executed endpoint 'API.Controllers.UserController.Get (API)'
2026-06-29 20:56:03.991 +00:00 [INF] Request finished HTTP/1.1 GET http://192.168.1.4:8080/api/user?page=1&limit=10 - 200 null application/json; charset=utf-8 12.0955ms
2026-06-29 21:00:08.459 +00:00 [INF] Request starting HTTP/1.1 OPTIONS http://192.168.1.4:8080/api/auth/refresh - null null
2026-06-29 21:00:08.459 +00:00 [INF] CORS policy execution successful.
2026-06-29 21:00:08.460 +00:00 [INF] Request finished HTTP/1.1 OPTIONS http://192.168.1.4:8080/api/auth/refresh - 204 null null 1.048ms
2026-06-29 21:00:08.462 +00:00 [INF] Request starting HTTP/1.1 POST http://192.168.1.4:8080/api/auth/refresh - application/json 18
2026-06-29 21:00:08.463 +00:00 [INF] CORS policy execution successful.
2026-06-29 21:00:08.463 +00:00 [INF] ====== OnMessageReceived START ======
2026-06-29 21:00:08.463 +00:00 [INF] Available cookies: 2
2026-06-29 21:00:08.463 +00:00 [INF] Cookie: adminToken = 844 chars
2026-06-29 21:00:08.463 +00:00 [INF] Cookie: adminRefreshToken = 44 chars
2026-06-29 21:00:08.463 +00:00 [INF] Admin token found in cookies, length: 844
2026-06-29 21:00:08.464 +00:00 [INF] Admin token set in context
2026-06-29 21:00:08.464 +00:00 [INF] ====== OnMessageReceived END - Token set: true ======
2026-06-29 21:00:08.464 +00:00 [INF] Token validated successfully for user: lengyelnorbi
2026-06-29 21:00:08.464 +00:00 [INF] Device fingerprint headers - UA: Mozilla/5.0 (Windows NT 10.0; Win64; x64) AppleWebKit/537.36 (KHTML, like Gecko) Chrome/149.0.0.0 Safari/537.36, Accept: */*, Encoding: gzip, deflate
2026-06-29 21:00:08.465 +00:00 [INF] Device fingerprint validation: Stored=+dnl/HqeUWZoa90RTxKXA37sysOj0ueJeeX3J79LuJU=, Current=+dnl/HqeUWZoa90RTxKXA37sysOj0ueJeeX3J79LuJU=
2026-06-29 21:00:08.468 +00:00 [INF] Executed DbCommand (2ms) [Parameters=[@__jti_0='?', @__userId_1='?' (DbType = Int32)], CommandType='"Text"', CommandTimeout='30']
SELECT a."ID", a."CreatedAt", a."DeviceFingerprint", a."ExpiresAt", a."IpAddress", a."IsRevoked", a."UserID", a.jti
FROM "AccessTokens" AS a
WHERE a.jti = @__jti_0 AND a."UserID" = @__userId_1 AND NOT (a."IsRevoked") AND a."ExpiresAt" > now()
LIMIT 1
2026-06-29 21:00:08.469 +00:00 [INF] Executing endpoint 'API.Controllers.AuthController.RefreshToken (API)'
2026-06-29 21:00:08.469 +00:00 [INF] Route matched with {action = "RefreshToken", controller = "Auth"}. Executing controller action with signature System.Threading.Tasks.Task`1[Microsoft.AspNetCore.Mvc.IActionResult] RefreshToken(API.Models.RequestModels.RefreshRequest) on controller API.Controllers.AuthController (API).
2026-06-29 21:00:08.470 +00:00 [INF] Token refresh attempt at "2026-06-29T21:00:08.4703596Z"
2026-06-29 21:00:08.470 +00:00 [INF] Refreshing admin token at "2026-06-29T21:00:08.4705309Z"
2026-06-29 21:00:08.473 +00:00 [INF] Executed DbCommand (2ms) [Parameters=[@__tokenHash_0='?'], CommandType='"Text"', CommandTimeout='30']
SELECT r."ID", r."CreatedAt", r."DeviceFingerprint", r."ExpiresAt", r."IpAddress", r."IsRevoked", r."TokenHash", r."UserID"
FROM "RefreshTokens" AS r
WHERE r."TokenHash" = @__tokenHash_0 AND NOT (r."IsRevoked") AND r."ExpiresAt" > now()
ORDER BY r."CreatedAt" DESC
LIMIT 1
2026-06-29 21:00:08.473 +00:00 [INF] Mozilla/5.0 (Windows NT 10.0; Win64; x64) AppleWebKit/537.36 (KHTML, like Gecko) Chrome/149.0.0.0 Safari/537.36
2026-06-29 21:00:08.473 +00:00 [INF] Fetching user by ID from database...
2026-06-29 21:00:08.475 +00:00 [INF] Executed DbCommand (1ms) [Parameters=[@__id_0='?' (DbType = Int32)], CommandType='"Text"', CommandTimeout='30']
SELECT u."ID", u."Email", u."PasswordHash", u."RegisteredAt", u."Role", u."Username"
FROM "Users" AS u
WHERE u."ID" = @__id_0
LIMIT 1
2026-06-29 21:00:08.479 +00:00 [INF] Executed DbCommand (3ms) [Parameters=[@p0='?' (DbType = DateTime), @p1='?', @p2='?' (DbType = DateTime), @p3='?', @p4='?' (DbType = Int32), @p5='?'], CommandType='"Text"', CommandTimeout='30']
INSERT INTO "AccessTokens" ("CreatedAt", "DeviceFingerprint", "ExpiresAt", "IpAddress", "UserID", jti)
VALUES (@p0, @p1, @p2, @p3, @p4, @p5)
RETURNING "ID", "IsRevoked";
2026-06-29 21:00:08.481 +00:00 [INF] Executed DbCommand (1ms) [Parameters=[@__jti_0='?', @__userID_1='?' (DbType = Int32), @__deviceFingerprint_2='?', @__ipAddress_3='?'], CommandType='"Text"', CommandTimeout='30']
SELECT a."ID", a."CreatedAt", a."DeviceFingerprint", a."ExpiresAt", a."IpAddress", a."IsRevoked", a."UserID", a.jti
FROM "AccessTokens" AS a
WHERE a.jti = @__jti_0 AND a."UserID" = @__userID_1 AND a."DeviceFingerprint" = @__deviceFingerprint_2 AND a."IpAddress" = @__ipAddress_3
LIMIT 1
2026-06-29 21:00:08.481 +00:00 [INF] Attempting to revoke access token with jti eaec9f51-fefb-4fc2-b176-bd713b4ea58a for user 1 from device +dnl/HqeUWZoa90RTxKXA37sysOj0ueJeeX3J79LuJU= and IP ::ffff:172.20.0.1
2026-06-29 21:00:08.482 +00:00 [INF] Access token found: API.Models.AccessToken
2026-06-29 21:00:08.484 +00:00 [INF] Executed DbCommand (2ms) [Parameters=[@p1='?' (DbType = Int32), @p0='?' (DbType = Boolean)], CommandType='"Text"', CommandTimeout='30']
UPDATE "AccessTokens" SET "IsRevoked" = @p0
WHERE "ID" = @p1;
2026-06-29 21:00:08.484 +00:00 [INF] Access token AccessToken for user 1 revoked: true
2026-06-29 21:00:08.487 +00:00 [INF] Executed DbCommand (2ms) [Parameters=[@p0='?' (DbType = DateTime), @p1='?', @p2='?' (DbType = DateTime), @p3='?', @p4='?', @p5='?' (DbType = Int32)], CommandType='"Text"', CommandTimeout='30']
INSERT INTO "RefreshTokens" ("CreatedAt", "DeviceFingerprint", "ExpiresAt", "IpAddress", "TokenHash", "UserID")
VALUES (@p0, @p1, @p2, @p3, @p4, @p5)
RETURNING "ID", "IsRevoked";
2026-06-29 21:00:08.489 +00:00 [INF] Executed DbCommand (1ms) [Parameters=[@__tokenHash_0='?', @__userId_1='?' (DbType = Int32), @__deviceFingerprint_2='?', @__ipAddress_3='?'], CommandType='"Text"', CommandTimeout='30']
SELECT r."ID", r."CreatedAt", r."DeviceFingerprint", r."ExpiresAt", r."IpAddress", r."IsRevoked", r."TokenHash", r."UserID"
FROM "RefreshTokens" AS r
WHERE r."TokenHash" = @__tokenHash_0 AND r."UserID" = @__userId_1 AND r."DeviceFingerprint" = @__deviceFingerprint_2 AND r."IpAddress" = @__ipAddress_3
LIMIT 1
2026-06-29 21:00:08.496 +00:00 [INF] Executed DbCommand (6ms) [Parameters=[@p1='?' (DbType = Int32), @p0='?' (DbType = Boolean)], CommandType='"Text"', CommandTimeout='30']
UPDATE "RefreshTokens" SET "IsRevoked" = @p0
WHERE "ID" = @p1;
2026-06-29 21:00:08.496 +00:00 [INF] Refresh token EABUMXiXHLgXxXwrSLaC+HECaIWeaSIad+szRrPswVM= for user 1 revoked: true
2026-06-29 21:00:08.496 +00:00 [INF] Token refreshed successfully for user 1 at "2026-06-29T21:00:08.4968586Z"
2026-06-29 21:00:08.497 +00:00 [INF] Executing OkObjectResult, writing value of type '<>f__AnonymousType3`2[[System.Boolean, System.Private.CoreLib, Version=9.0.0.0, Culture=neutral, PublicKeyToken=7cec85d7bea7798e],[System.Int32, System.Private.CoreLib, Version=9.0.0.0, Culture=neutral, PublicKeyToken=7cec85d7bea7798e]]'.
2026-06-29 21:00:08.497 +00:00 [INF] Executed action API.Controllers.AuthController.RefreshToken (API) in 27.5346ms
2026-06-29 21:00:08.497 +00:00 [INF] Executed endpoint 'API.Controllers.AuthController.RefreshToken (API)'
2026-06-29 21:00:08.498 +00:00 [INF] Request finished HTTP/1.1 POST http://192.168.1.4:8080/api/auth/refresh - 200 null application/json; charset=utf-8 35.4622ms
2026-06-29 21:00:31.922 +00:00 [INF] Request starting HTTP/1.1 GET http://192.168.1.4:8080/api/user?page=1&limit=10 - null null
2026-06-29 21:00:31.922 +00:00 [INF] CORS policy execution successful.
2026-06-29 21:00:31.922 +00:00 [INF] ====== OnMessageReceived START ======
2026-06-29 21:00:31.923 +00:00 [INF] Available cookies: 2
2026-06-29 21:00:31.923 +00:00 [INF] Cookie: adminToken = 844 chars
2026-06-29 21:00:31.923 +00:00 [INF] Cookie: adminRefreshToken = 44 chars
2026-06-29 21:00:31.923 +00:00 [INF] Admin token found in cookies, length: 844
2026-06-29 21:00:31.923 +00:00 [INF] Admin token set in context
2026-06-29 21:00:31.923 +00:00 [INF] ====== OnMessageReceived END - Token set: true ======
2026-06-29 21:00:31.924 +00:00 [INF] Token validated successfully for user: lengyelnorbi
2026-06-29 21:00:31.924 +00:00 [INF] Device fingerprint headers - UA: Mozilla/5.0 (Windows NT 10.0; Win64; x64) AppleWebKit/537.36 (KHTML, like Gecko) Chrome/149.0.0.0 Safari/537.36, Accept: application/json, text/plain, */*, Encoding: gzip, deflate
2026-06-29 21:00:31.925 +00:00 [INF] Device fingerprint validation: Stored=+dnl/HqeUWZoa90RTxKXA37sysOj0ueJeeX3J79LuJU=, Current=+dnl/HqeUWZoa90RTxKXA37sysOj0ueJeeX3J79LuJU=
2026-06-29 21:00:31.926 +00:00 [INF] Request starting HTTP/1.1 GET http://192.168.1.4:8080/api/user?page=1&limit=10 - null null
2026-06-29 21:00:31.926 +00:00 [INF] CORS policy execution successful.
2026-06-29 21:00:31.926 +00:00 [INF] ====== OnMessageReceived START ======
2026-06-29 21:00:31.926 +00:00 [INF] Available cookies: 2
2026-06-29 21:00:31.926 +00:00 [INF] Cookie: adminToken = 844 chars
2026-06-29 21:00:31.927 +00:00 [INF] Cookie: adminRefreshToken = 44 chars
2026-06-29 21:00:31.927 +00:00 [INF] Admin token found in cookies, length: 844
2026-06-29 21:00:31.927 +00:00 [INF] Admin token set in context
2026-06-29 21:00:31.927 +00:00 [INF] ====== OnMessageReceived END - Token set: true ======
2026-06-29 21:00:31.927 +00:00 [INF] Token validated successfully for user: lengyelnorbi
2026-06-29 21:00:31.928 +00:00 [INF] Executed DbCommand (1ms) [Parameters=[@__jti_0='?', @__userId_1='?' (DbType = Int32)], CommandType='"Text"', CommandTimeout='30']
SELECT a."ID", a."CreatedAt", a."DeviceFingerprint", a."ExpiresAt", a."IpAddress", a."IsRevoked", a."UserID", a.jti
FROM "AccessTokens" AS a
WHERE a.jti = @__jti_0 AND a."UserID" = @__userId_1 AND NOT (a."IsRevoked") AND a."ExpiresAt" > now()
LIMIT 1
2026-06-29 21:00:31.928 +00:00 [INF] Device fingerprint headers - UA: Mozilla/5.0 (Windows NT 10.0; Win64; x64) AppleWebKit/537.36 (KHTML, like Gecko) Chrome/149.0.0.0 Safari/537.36, Accept: application/json, text/plain, */*, Encoding: gzip, deflate
2026-06-29 21:00:31.928 +00:00 [INF] Device fingerprint validation: Stored=+dnl/HqeUWZoa90RTxKXA37sysOj0ueJeeX3J79LuJU=, Current=+dnl/HqeUWZoa90RTxKXA37sysOj0ueJeeX3J79LuJU=
2026-06-29 21:00:31.928 +00:00 [INF] Executing endpoint 'API.Controllers.UserController.Get (API)'
2026-06-29 21:00:31.928 +00:00 [INF] Route matched with {action = "Get", controller = "User"}. Executing controller action with signature System.Threading.Tasks.Task`1[API.Utils.PagedResult`1[API.DTO.UserDTO]] Get(Int32, Int32) on controller API.Controllers.UserController (API).
2026-06-29 21:00:31.931 +00:00 [INF] Executed DbCommand (2ms) [Parameters=[@__jti_0='?', @__userId_1='?' (DbType = Int32)], CommandType='"Text"', CommandTimeout='30']
SELECT a."ID", a."CreatedAt", a."DeviceFingerprint", a."ExpiresAt", a."IpAddress", a."IsRevoked", a."UserID", a.jti
FROM "AccessTokens" AS a
WHERE a.jti = @__jti_0 AND a."UserID" = @__userId_1 AND NOT (a."IsRevoked") AND a."ExpiresAt" > now()
LIMIT 1
2026-06-29 21:00:31.931 +00:00 [INF] Executed DbCommand (2ms) [Parameters=[], CommandType='"Text"', CommandTimeout='30']
SELECT count(*)::int
FROM "Users" AS u
WHERE u."Role" <> 'Admin'
2026-06-29 21:00:31.932 +00:00 [INF] Executing endpoint 'API.Controllers.UserController.Get (API)'
2026-06-29 21:00:31.932 +00:00 [INF] Route matched with {action = "Get", controller = "User"}. Executing controller action with signature System.Threading.Tasks.Task`1[API.Utils.PagedResult`1[API.DTO.UserDTO]] Get(Int32, Int32) on controller API.Controllers.UserController (API).
2026-06-29 21:00:31.934 +00:00 [INF] Executed DbCommand (2ms) [Parameters=[@__p_1='?' (DbType = Int32), @__p_0='?' (DbType = Int32)], CommandType='"Text"', CommandTimeout='30']
SELECT u."ID", u."Username", u."Email", u."RegisteredAt", u."Role"
FROM "Users" AS u
WHERE u."Role" <> 'Admin'
ORDER BY u."ID"
LIMIT @__p_1 OFFSET @__p_0
2026-06-29 21:00:31.935 +00:00 [INF] Executing ObjectResult, writing value of type 'API.Utils.PagedResult`1[[API.DTO.UserDTO, API, Version=1.0.0.0, Culture=neutral, PublicKeyToken=null]]'.
2026-06-29 21:00:31.935 +00:00 [INF] Executed DbCommand (2ms) [Parameters=[], CommandType='"Text"', CommandTimeout='30']
SELECT count(*)::int
FROM "Users" AS u
WHERE u."Role" <> 'Admin'
2026-06-29 21:00:31.935 +00:00 [INF] Executed action API.Controllers.UserController.Get (API) in 6.4815ms
2026-06-29 21:00:31.935 +00:00 [INF] Executed endpoint 'API.Controllers.UserController.Get (API)'
2026-06-29 21:00:31.936 +00:00 [INF] Request finished HTTP/1.1 GET http://192.168.1.4:8080/api/user?page=1&limit=10 - 200 null application/json; charset=utf-8 13.8801ms
2026-06-29 21:00:31.937 +00:00 [INF] Executed DbCommand (1ms) [Parameters=[@__p_1='?' (DbType = Int32), @__p_0='?' (DbType = Int32)], CommandType='"Text"', CommandTimeout='30']
SELECT u."ID", u."Username", u."Email", u."RegisteredAt", u."Role"
FROM "Users" AS u
WHERE u."Role" <> 'Admin'
ORDER BY u."ID"
LIMIT @__p_1 OFFSET @__p_0
2026-06-29 21:00:31.937 +00:00 [INF] Executing ObjectResult, writing value of type 'API.Utils.PagedResult`1[[API.DTO.UserDTO, API, Version=1.0.0.0, Culture=neutral, PublicKeyToken=null]]'.
2026-06-29 21:00:31.937 +00:00 [INF] Executed action API.Controllers.UserController.Get (API) in 4.7319ms
2026-06-29 21:00:31.938 +00:00 [INF] Executed endpoint 'API.Controllers.UserController.Get (API)'
2026-06-29 21:00:31.938 +00:00 [INF] Request finished HTTP/1.1 GET http://192.168.1.4:8080/api/user?page=1&limit=10 - 200 null application/json; charset=utf-8 12.3041ms
2026-06-29 21:00:32.747 +00:00 [INF] Request starting HTTP/1.1 GET http://192.168.1.4:8080/api/user?page=1&limit=10 - null null
2026-06-29 21:00:32.748 +00:00 [INF] CORS policy execution successful.
2026-06-29 21:00:32.748 +00:00 [INF] ====== OnMessageReceived START ======
2026-06-29 21:00:32.748 +00:00 [INF] Available cookies: 2
2026-06-29 21:00:32.748 +00:00 [INF] Cookie: adminToken = 844 chars
2026-06-29 21:00:32.749 +00:00 [INF] Cookie: adminRefreshToken = 44 chars
2026-06-29 21:00:32.749 +00:00 [INF] Admin token found in cookies, length: 844
2026-06-29 21:00:32.749 +00:00 [INF] Admin token set in context
2026-06-29 21:00:32.749 +00:00 [INF] ====== OnMessageReceived END - Token set: true ======
2026-06-29 21:00:32.750 +00:00 [INF] Token validated successfully for user: lengyelnorbi
2026-06-29 21:00:32.750 +00:00 [INF] Device fingerprint headers - UA: Mozilla/5.0 (Windows NT 10.0; Win64; x64) AppleWebKit/537.36 (KHTML, like Gecko) Chrome/149.0.0.0 Safari/537.36, Accept: application/json, text/plain, */*, Encoding: gzip, deflate
2026-06-29 21:00:32.750 +00:00 [INF] Device fingerprint validation: Stored=+dnl/HqeUWZoa90RTxKXA37sysOj0ueJeeX3J79LuJU=, Current=+dnl/HqeUWZoa90RTxKXA37sysOj0ueJeeX3J79LuJU=
2026-06-29 21:00:32.753 +00:00 [INF] Executed DbCommand (1ms) [Parameters=[@__jti_0='?', @__userId_1='?' (DbType = Int32)], CommandType='"Text"', CommandTimeout='30']
SELECT a."ID", a."CreatedAt", a."DeviceFingerprint", a."ExpiresAt", a."IpAddress", a."IsRevoked", a."UserID", a.jti
FROM "AccessTokens" AS a
WHERE a.jti = @__jti_0 AND a."UserID" = @__userId_1 AND NOT (a."IsRevoked") AND a."ExpiresAt" > now()
LIMIT 1
2026-06-29 21:00:32.754 +00:00 [INF] Executing endpoint 'API.Controllers.UserController.Get (API)'
2026-06-29 21:00:32.754 +00:00 [INF] Route matched with {action = "Get", controller = "User"}. Executing controller action with signature System.Threading.Tasks.Task`1[API.Utils.PagedResult`1[API.DTO.UserDTO]] Get(Int32, Int32) on controller API.Controllers.UserController (API).
2026-06-29 21:00:32.756 +00:00 [INF] Executed DbCommand (1ms) [Parameters=[], CommandType='"Text"', CommandTimeout='30']
SELECT count(*)::int
FROM "Users" AS u
WHERE u."Role" <> 'Admin'
2026-06-29 21:00:32.758 +00:00 [INF] Executed DbCommand (1ms) [Parameters=[@__p_1='?' (DbType = Int32), @__p_0='?' (DbType = Int32)], CommandType='"Text"', CommandTimeout='30']
SELECT u."ID", u."Username", u."Email", u."RegisteredAt", u."Role"
FROM "Users" AS u
WHERE u."Role" <> 'Admin'
ORDER BY u."ID"
LIMIT @__p_1 OFFSET @__p_0
2026-06-29 21:00:32.758 +00:00 [INF] Executing ObjectResult, writing value of type 'API.Utils.PagedResult`1[[API.DTO.UserDTO, API, Version=1.0.0.0, Culture=neutral, PublicKeyToken=null]]'.
2026-06-29 21:00:32.758 +00:00 [INF] Executed action API.Controllers.UserController.Get (API) in 4.257ms
2026-06-29 21:00:32.758 +00:00 [INF] Executed endpoint 'API.Controllers.UserController.Get (API)'
2026-06-29 21:00:32.759 +00:00 [INF] Request finished HTTP/1.1 GET http://192.168.1.4:8080/api/user?page=1&limit=10 - 200 null application/json; charset=utf-8 11.3201ms
2026-06-29 21:00:52.528 +00:00 [INF] Request starting HTTP/1.1 GET http://192.168.1.4:8080/api/user?page=1&limit=10 - null null
2026-06-29 21:00:52.528 +00:00 [INF] CORS policy execution successful.
2026-06-29 21:00:52.529 +00:00 [INF] ====== OnMessageReceived START ======
2026-06-29 21:00:52.529 +00:00 [INF] Available cookies: 2
2026-06-29 21:00:52.529 +00:00 [INF] Cookie: adminToken = 844 chars
2026-06-29 21:00:52.530 +00:00 [INF] Cookie: adminRefreshToken = 44 chars
2026-06-29 21:00:52.530 +00:00 [INF] Admin token found in cookies, length: 844
2026-06-29 21:00:52.530 +00:00 [INF] Admin token set in context
2026-06-29 21:00:52.530 +00:00 [INF] Request starting HTTP/1.1 GET http://192.168.1.4:8080/api/user?page=1&limit=10 - null null
2026-06-29 21:00:52.530 +00:00 [INF] ====== OnMessageReceived END - Token set: true ======
2026-06-29 21:00:52.531 +00:00 [INF] CORS policy execution successful.
2026-06-29 21:00:52.531 +00:00 [INF] ====== OnMessageReceived START ======
2026-06-29 21:00:52.531 +00:00 [INF] Token validated successfully for user: lengyelnorbi
2026-06-29 21:00:52.531 +00:00 [INF] Available cookies: 2
2026-06-29 21:00:52.531 +00:00 [INF] Device fingerprint headers - UA: Mozilla/5.0 (Windows NT 10.0; Win64; x64) AppleWebKit/537.36 (KHTML, like Gecko) Chrome/149.0.0.0 Safari/537.36, Accept: application/json, text/plain, */*, Encoding: gzip, deflate
2026-06-29 21:00:52.531 +00:00 [INF] Cookie: adminToken = 844 chars
2026-06-29 21:00:52.532 +00:00 [INF] Device fingerprint validation: Stored=+dnl/HqeUWZoa90RTxKXA37sysOj0ueJeeX3J79LuJU=, Current=+dnl/HqeUWZoa90RTxKXA37sysOj0ueJeeX3J79LuJU=
2026-06-29 21:00:52.532 +00:00 [INF] Cookie: adminRefreshToken = 44 chars
2026-06-29 21:00:52.532 +00:00 [INF] Admin token found in cookies, length: 844
2026-06-29 21:00:52.532 +00:00 [INF] Admin token set in context
2026-06-29 21:00:52.532 +00:00 [INF] ====== OnMessageReceived END - Token set: true ======
2026-06-29 21:00:52.533 +00:00 [INF] Token validated successfully for user: lengyelnorbi
2026-06-29 21:00:52.533 +00:00 [INF] Device fingerprint headers - UA: Mozilla/5.0 (Windows NT 10.0; Win64; x64) AppleWebKit/537.36 (KHTML, like Gecko) Chrome/149.0.0.0 Safari/537.36, Accept: application/json, text/plain, */*, Encoding: gzip, deflate
2026-06-29 21:00:52.533 +00:00 [INF] Device fingerprint validation: Stored=+dnl/HqeUWZoa90RTxKXA37sysOj0ueJeeX3J79LuJU=, Current=+dnl/HqeUWZoa90RTxKXA37sysOj0ueJeeX3J79LuJU=
2026-06-29 21:00:52.544 +00:00 [INF] Executed DbCommand (2ms) [Parameters=[@__jti_0='?', @__userId_1='?' (DbType = Int32)], CommandType='"Text"', CommandTimeout='30']
SELECT a."ID", a."CreatedAt", a."DeviceFingerprint", a."ExpiresAt", a."IpAddress", a."IsRevoked", a."UserID", a.jti
FROM "AccessTokens" AS a
WHERE a.jti = @__jti_0 AND a."UserID" = @__userId_1 AND NOT (a."IsRevoked") AND a."ExpiresAt" > now()
LIMIT 1
2026-06-29 21:00:52.544 +00:00 [INF] Executed DbCommand (2ms) [Parameters=[@__jti_0='?', @__userId_1='?' (DbType = Int32)], CommandType='"Text"', CommandTimeout='30']
SELECT a."ID", a."CreatedAt", a."DeviceFingerprint", a."ExpiresAt", a."IpAddress", a."IsRevoked", a."UserID", a.jti
FROM "AccessTokens" AS a
WHERE a.jti = @__jti_0 AND a."UserID" = @__userId_1 AND NOT (a."IsRevoked") AND a."ExpiresAt" > now()
LIMIT 1
2026-06-29 21:00:52.545 +00:00 [INF] Executing endpoint 'API.Controllers.UserController.Get (API)'
2026-06-29 21:00:52.545 +00:00 [INF] Executing endpoint 'API.Controllers.UserController.Get (API)'
2026-06-29 21:00:52.545 +00:00 [INF] Route matched with {action = "Get", controller = "User"}. Executing controller action with signature System.Threading.Tasks.Task`1[API.Utils.PagedResult`1[API.DTO.UserDTO]] Get(Int32, Int32) on controller API.Controllers.UserController (API).
2026-06-29 21:00:52.545 +00:00 [INF] Route matched with {action = "Get", controller = "User"}. Executing controller action with signature System.Threading.Tasks.Task`1[API.Utils.PagedResult`1[API.DTO.UserDTO]] Get(Int32, Int32) on controller API.Controllers.UserController (API).
2026-06-29 21:00:52.547 +00:00 [INF] Executed DbCommand (1ms) [Parameters=[], CommandType='"Text"', CommandTimeout='30']
SELECT count(*)::int
FROM "Users" AS u
WHERE u."Role" <> 'Admin'
2026-06-29 21:00:52.547 +00:00 [INF] Executed DbCommand (1ms) [Parameters=[], CommandType='"Text"', CommandTimeout='30']
SELECT count(*)::int
FROM "Users" AS u
WHERE u."Role" <> 'Admin'
2026-06-29 21:00:52.549 +00:00 [INF] Executed DbCommand (2ms) [Parameters=[@__p_1='?' (DbType = Int32), @__p_0='?' (DbType = Int32)], CommandType='"Text"', CommandTimeout='30']
SELECT u."ID", u."Username", u."Email", u."RegisteredAt", u."Role"
FROM "Users" AS u
WHERE u."Role" <> 'Admin'
ORDER BY u."ID"
LIMIT @__p_1 OFFSET @__p_0
2026-06-29 21:00:52.549 +00:00 [INF] Executed DbCommand (2ms) [Parameters=[@__p_1='?' (DbType = Int32), @__p_0='?' (DbType = Int32)], CommandType='"Text"', CommandTimeout='30']
SELECT u."ID", u."Username", u."Email", u."RegisteredAt", u."Role"
FROM "Users" AS u
WHERE u."Role" <> 'Admin'
ORDER BY u."ID"
LIMIT @__p_1 OFFSET @__p_0
2026-06-29 21:00:52.550 +00:00 [INF] Executing ObjectResult, writing value of type 'API.Utils.PagedResult`1[[API.DTO.UserDTO, API, Version=1.0.0.0, Culture=neutral, PublicKeyToken=null]]'.
2026-06-29 21:00:52.550 +00:00 [INF] Executing ObjectResult, writing value of type 'API.Utils.PagedResult`1[[API.DTO.UserDTO, API, Version=1.0.0.0, Culture=neutral, PublicKeyToken=null]]'.
2026-06-29 21:00:52.550 +00:00 [INF] Executed action API.Controllers.UserController.Get (API) in 4.3155ms
2026-06-29 21:00:52.550 +00:00 [INF] Executed action API.Controllers.UserController.Get (API) in 4.5822ms
2026-06-29 21:00:52.550 +00:00 [INF] Executed endpoint 'API.Controllers.UserController.Get (API)'
2026-06-29 21:00:52.550 +00:00 [INF] Executed endpoint 'API.Controllers.UserController.Get (API)'
2026-06-29 21:00:52.551 +00:00 [INF] Request finished HTTP/1.1 GET http://192.168.1.4:8080/api/user?page=1&limit=10 - 200 null application/json; charset=utf-8 22.7558ms
2026-06-29 21:00:52.551 +00:00 [INF] Request finished HTTP/1.1 GET http://192.168.1.4:8080/api/user?page=1&limit=10 - 200 null application/json; charset=utf-8 20.825ms
2026-06-29 21:00:53.570 +00:00 [INF] Request starting HTTP/1.1 GET http://192.168.1.4:8080/api/user?page=1&limit=10 - null null
2026-06-29 21:00:53.571 +00:00 [INF] CORS policy execution successful.
2026-06-29 21:00:53.571 +00:00 [INF] ====== OnMessageReceived START ======
2026-06-29 21:00:53.571 +00:00 [INF] Available cookies: 2
2026-06-29 21:00:53.571 +00:00 [INF] Cookie: adminToken = 844 chars
2026-06-29 21:00:53.571 +00:00 [INF] Cookie: adminRefreshToken = 44 chars
2026-06-29 21:00:53.571 +00:00 [INF] Admin token found in cookies, length: 844
2026-06-29 21:00:53.572 +00:00 [INF] Admin token set in context
2026-06-29 21:00:53.572 +00:00 [INF] ====== OnMessageReceived END - Token set: true ======
2026-06-29 21:00:53.572 +00:00 [INF] Token validated successfully for user: lengyelnorbi
2026-06-29 21:00:53.572 +00:00 [INF] Device fingerprint headers - UA: Mozilla/5.0 (Windows NT 10.0; Win64; x64) AppleWebKit/537.36 (KHTML, like Gecko) Chrome/149.0.0.0 Safari/537.36, Accept: application/json, text/plain, */*, Encoding: gzip, deflate
2026-06-29 21:00:53.573 +00:00 [INF] Device fingerprint validation: Stored=+dnl/HqeUWZoa90RTxKXA37sysOj0ueJeeX3J79LuJU=, Current=+dnl/HqeUWZoa90RTxKXA37sysOj0ueJeeX3J79LuJU=
2026-06-29 21:00:53.575 +00:00 [INF] Executed DbCommand (2ms) [Parameters=[@__jti_0='?', @__userId_1='?' (DbType = Int32)], CommandType='"Text"', CommandTimeout='30']
SELECT a."ID", a."CreatedAt", a."DeviceFingerprint", a."ExpiresAt", a."IpAddress", a."IsRevoked", a."UserID", a.jti
FROM "AccessTokens" AS a
WHERE a.jti = @__jti_0 AND a."UserID" = @__userId_1 AND NOT (a."IsRevoked") AND a."ExpiresAt" > now()
LIMIT 1
2026-06-29 21:00:53.576 +00:00 [INF] Executing endpoint 'API.Controllers.UserController.Get (API)'
2026-06-29 21:00:53.576 +00:00 [INF] Route matched with {action = "Get", controller = "User"}. Executing controller action with signature System.Threading.Tasks.Task`1[API.Utils.PagedResult`1[API.DTO.UserDTO]] Get(Int32, Int32) on controller API.Controllers.UserController (API).
2026-06-29 21:00:53.578 +00:00 [INF] Executed DbCommand (1ms) [Parameters=[], CommandType='"Text"', CommandTimeout='30']
SELECT count(*)::int
FROM "Users" AS u
WHERE u."Role" <> 'Admin'
2026-06-29 21:00:53.579 +00:00 [INF] Executed DbCommand (1ms) [Parameters=[@__p_1='?' (DbType = Int32), @__p_0='?' (DbType = Int32)], CommandType='"Text"', CommandTimeout='30']
SELECT u."ID", u."Username", u."Email", u."RegisteredAt", u."Role"
FROM "Users" AS u
WHERE u."Role" <> 'Admin'
ORDER BY u."ID"
LIMIT @__p_1 OFFSET @__p_0
2026-06-29 21:00:53.580 +00:00 [INF] Executing ObjectResult, writing value of type 'API.Utils.PagedResult`1[[API.DTO.UserDTO, API, Version=1.0.0.0, Culture=neutral, PublicKeyToken=null]]'.
2026-06-29 21:00:53.580 +00:00 [INF] Executed action API.Controllers.UserController.Get (API) in 3.6744ms
2026-06-29 21:00:53.580 +00:00 [INF] Executed endpoint 'API.Controllers.UserController.Get (API)'
2026-06-29 21:00:53.581 +00:00 [INF] Request finished HTTP/1.1 GET http://192.168.1.4:8080/api/user?page=1&limit=10 - 200 null application/json; charset=utf-8 10.2788ms
2026-06-29 21:01:38.519 +00:00 [INF] Request starting HTTP/1.1 OPTIONS http://192.168.1.4:8080/api/password/generate-password - null null
2026-06-29 21:01:38.520 +00:00 [INF] CORS policy execution successful.
2026-06-29 21:01:38.520 +00:00 [INF] Request finished HTTP/1.1 OPTIONS http://192.168.1.4:8080/api/password/generate-password - 204 null null 1.1949ms
2026-06-29 21:01:38.522 +00:00 [INF] Request starting HTTP/1.1 POST http://192.168.1.4:8080/api/password/generate-password - application/json 69
2026-06-29 21:01:38.522 +00:00 [INF] CORS policy execution successful.
2026-06-29 21:01:38.522 +00:00 [INF] ====== OnMessageReceived START ======
2026-06-29 21:01:38.522 +00:00 [INF] Available cookies: 2
2026-06-29 21:01:38.522 +00:00 [INF] Cookie: adminToken = 844 chars
2026-06-29 21:01:38.523 +00:00 [INF] Cookie: adminRefreshToken = 44 chars
2026-06-29 21:01:38.523 +00:00 [INF] Admin token found in cookies, length: 844
2026-06-29 21:01:38.523 +00:00 [INF] Admin token set in context
2026-06-29 21:01:38.523 +00:00 [INF] ====== OnMessageReceived END - Token set: true ======
2026-06-29 21:01:38.524 +00:00 [INF] Token validated successfully for user: lengyelnorbi
2026-06-29 21:01:38.524 +00:00 [INF] Device fingerprint headers - UA: Mozilla/5.0 (Windows NT 10.0; Win64; x64) AppleWebKit/537.36 (KHTML, like Gecko) Chrome/149.0.0.0 Safari/537.36, Accept: */*, Encoding: gzip, deflate
2026-06-29 21:01:38.524 +00:00 [INF] Device fingerprint validation: Stored=+dnl/HqeUWZoa90RTxKXA37sysOj0ueJeeX3J79LuJU=, Current=+dnl/HqeUWZoa90RTxKXA37sysOj0ueJeeX3J79LuJU=
2026-06-29 21:01:38.526 +00:00 [INF] Executed DbCommand (1ms) [Parameters=[@__jti_0='?', @__userId_1='?' (DbType = Int32)], CommandType='"Text"', CommandTimeout='30']
SELECT a."ID", a."CreatedAt", a."DeviceFingerprint", a."ExpiresAt", a."IpAddress", a."IsRevoked", a."UserID", a.jti
FROM "AccessTokens" AS a
WHERE a.jti = @__jti_0 AND a."UserID" = @__userId_1 AND NOT (a."IsRevoked") AND a."ExpiresAt" > now()
LIMIT 1
2026-06-29 21:01:38.527 +00:00 [INF] Executing endpoint 'API.Controllers.PasswordController.GeneratePassword (API)'
2026-06-29 21:01:38.530 +00:00 [INF] Route matched with {action = "GeneratePassword", controller = "Password"}. Executing controller action with signature System.Threading.Tasks.Task`1[Microsoft.AspNetCore.Mvc.IActionResult] GeneratePassword(API.Models.RequestModels.GeneratePwdRequest) on controller API.Controllers.PasswordController (API).
2026-06-29 21:01:38.533 +00:00 [INF] Executing OkObjectResult, writing value of type '<>f__AnonymousType4`1[[System.String, System.Private.CoreLib, Version=9.0.0.0, Culture=neutral, PublicKeyToken=7cec85d7bea7798e]]'.
2026-06-29 21:01:38.534 +00:00 [INF] Executed action API.Controllers.PasswordController.GeneratePassword (API) in 3.8673ms
2026-06-29 21:01:38.534 +00:00 [INF] Executed endpoint 'API.Controllers.PasswordController.GeneratePassword (API)'
2026-06-29 21:01:38.534 +00:00 [INF] Request finished HTTP/1.1 POST http://192.168.1.4:8080/api/password/generate-password - 200 null application/json; charset=utf-8 12.3109ms
2026-06-29 21:01:50.645 +00:00 [INF] Request starting HTTP/1.1 OPTIONS http://192.168.1.4:8080/api/password/generate-password - null null
2026-06-29 21:01:50.646 +00:00 [INF] CORS policy execution successful.
2026-06-29 21:01:50.646 +00:00 [INF] Request finished HTTP/1.1 OPTIONS http://192.168.1.4:8080/api/password/generate-password - 204 null null 0.863ms
2026-06-29 21:01:50.648 +00:00 [INF] Request starting HTTP/1.1 POST http://192.168.1.4:8080/api/password/generate-password - application/json 69
2026-06-29 21:01:50.648 +00:00 [INF] CORS policy execution successful.
2026-06-29 21:01:50.649 +00:00 [INF] ====== OnMessageReceived START ======
2026-06-29 21:01:50.649 +00:00 [INF] Available cookies: 2
2026-06-29 21:01:50.649 +00:00 [INF] Cookie: adminToken = 844 chars
2026-06-29 21:01:50.649 +00:00 [INF] Cookie: adminRefreshToken = 44 chars
2026-06-29 21:01:50.650 +00:00 [INF] Admin token found in cookies, length: 844
2026-06-29 21:01:50.650 +00:00 [INF] Admin token set in context
2026-06-29 21:01:50.651 +00:00 [INF] ====== OnMessageReceived END - Token set: true ======
2026-06-29 21:01:50.651 +00:00 [INF] Token validated successfully for user: lengyelnorbi
2026-06-29 21:01:50.653 +00:00 [INF] Device fingerprint headers - UA: Mozilla/5.0 (Windows NT 10.0; Win64; x64) AppleWebKit/537.36 (KHTML, like Gecko) Chrome/149.0.0.0 Safari/537.36, Accept: */*, Encoding: gzip, deflate
2026-06-29 21:01:50.653 +00:00 [INF] Device fingerprint validation: Stored=+dnl/HqeUWZoa90RTxKXA37sysOj0ueJeeX3J79LuJU=, Current=+dnl/HqeUWZoa90RTxKXA37sysOj0ueJeeX3J79LuJU=
2026-06-29 21:01:50.656 +00:00 [INF] Executed DbCommand (2ms) [Parameters=[@__jti_0='?', @__userId_1='?' (DbType = Int32)], CommandType='"Text"', CommandTimeout='30']
SELECT a."ID", a."CreatedAt", a."DeviceFingerprint", a."ExpiresAt", a."IpAddress", a."IsRevoked", a."UserID", a.jti
FROM "AccessTokens" AS a
WHERE a.jti = @__jti_0 AND a."UserID" = @__userId_1 AND NOT (a."IsRevoked") AND a."ExpiresAt" > now()
LIMIT 1
2026-06-29 21:01:50.656 +00:00 [INF] Executing endpoint 'API.Controllers.PasswordController.GeneratePassword (API)'
2026-06-29 21:01:50.657 +00:00 [INF] Route matched with {action = "GeneratePassword", controller = "Password"}. Executing controller action with signature System.Threading.Tasks.Task`1[Microsoft.AspNetCore.Mvc.IActionResult] GeneratePassword(API.Models.RequestModels.GeneratePwdRequest) on controller API.Controllers.PasswordController (API).
2026-06-29 21:01:50.661 +00:00 [INF] Executing OkObjectResult, writing value of type '<>f__AnonymousType4`1[[System.String, System.Private.CoreLib, Version=9.0.0.0, Culture=neutral, PublicKeyToken=7cec85d7bea7798e]]'.
2026-06-29 21:01:50.664 +00:00 [INF] Executed action API.Controllers.PasswordController.GeneratePassword (API) in 3.4219ms
2026-06-29 21:01:50.664 +00:00 [INF] Executed endpoint 'API.Controllers.PasswordController.GeneratePassword (API)'
2026-06-29 21:01:50.664 +00:00 [INF] Request finished HTTP/1.1 POST http://192.168.1.4:8080/api/password/generate-password - 200 null application/json; charset=utf-8 16.4802ms
2026-06-29 21:01:55.484 +00:00 [INF] Request starting HTTP/1.1 OPTIONS http://192.168.1.4:8080/api/password/generate-password - null null
2026-06-29 21:01:55.484 +00:00 [INF] CORS policy execution successful.
2026-06-29 21:01:55.485 +00:00 [INF] Request finished HTTP/1.1 OPTIONS http://192.168.1.4:8080/api/password/generate-password - 204 null null 0.7358ms
2026-06-29 21:01:55.486 +00:00 [INF] Request starting HTTP/1.1 POST http://192.168.1.4:8080/api/password/generate-password - application/json 69
2026-06-29 21:01:55.486 +00:00 [INF] CORS policy execution successful.
2026-06-29 21:01:55.487 +00:00 [INF] ====== OnMessageReceived START ======
2026-06-29 21:01:55.487 +00:00 [INF] Available cookies: 2
2026-06-29 21:01:55.487 +00:00 [INF] Cookie: adminToken = 844 chars
2026-06-29 21:01:55.487 +00:00 [INF] Cookie: adminRefreshToken = 44 chars
2026-06-29 21:01:55.488 +00:00 [INF] Admin token found in cookies, length: 844
2026-06-29 21:01:55.488 +00:00 [INF] Admin token set in context
2026-06-29 21:01:55.488 +00:00 [INF] ====== OnMessageReceived END - Token set: true ======
2026-06-29 21:01:55.488 +00:00 [INF] Token validated successfully for user: lengyelnorbi
2026-06-29 21:01:55.488 +00:00 [INF] Device fingerprint headers - UA: Mozilla/5.0 (Windows NT 10.0; Win64; x64) AppleWebKit/537.36 (KHTML, like Gecko) Chrome/149.0.0.0 Safari/537.36, Accept: */*, Encoding: gzip, deflate
2026-06-29 21:01:55.489 +00:00 [INF] Device fingerprint validation: Stored=+dnl/HqeUWZoa90RTxKXA37sysOj0ueJeeX3J79LuJU=, Current=+dnl/HqeUWZoa90RTxKXA37sysOj0ueJeeX3J79LuJU=
2026-06-29 21:01:55.491 +00:00 [INF] Executed DbCommand (1ms) [Parameters=[@__jti_0='?', @__userId_1='?' (DbType = Int32)], CommandType='"Text"', CommandTimeout='30']
SELECT a."ID", a."CreatedAt", a."DeviceFingerprint", a."ExpiresAt", a."IpAddress", a."IsRevoked", a."UserID", a.jti
FROM "AccessTokens" AS a
WHERE a.jti = @__jti_0 AND a."UserID" = @__userId_1 AND NOT (a."IsRevoked") AND a."ExpiresAt" > now()
LIMIT 1
2026-06-29 21:01:55.491 +00:00 [INF] Executing endpoint 'API.Controllers.PasswordController.GeneratePassword (API)'
2026-06-29 21:01:55.491 +00:00 [INF] Route matched with {action = "GeneratePassword", controller = "Password"}. Executing controller action with signature System.Threading.Tasks.Task`1[Microsoft.AspNetCore.Mvc.IActionResult] GeneratePassword(API.Models.RequestModels.GeneratePwdRequest) on controller API.Controllers.PasswordController (API).
2026-06-29 21:01:55.492 +00:00 [INF] Executing OkObjectResult, writing value of type '<>f__AnonymousType4`1[[System.String, System.Private.CoreLib, Version=9.0.0.0, Culture=neutral, PublicKeyToken=7cec85d7bea7798e]]'.
2026-06-29 21:01:55.492 +00:00 [INF] Executed action API.Controllers.PasswordController.GeneratePassword (API) in 0.4408ms
2026-06-29 21:01:55.492 +00:00 [INF] Executed endpoint 'API.Controllers.PasswordController.GeneratePassword (API)'
2026-06-29 21:01:55.492 +00:00 [INF] Request finished HTTP/1.1 POST http://192.168.1.4:8080/api/password/generate-password - 200 null application/json; charset=utf-8 6.0018ms
2026-06-29 21:02:00.123 +00:00 [INF] Request starting HTTP/1.1 OPTIONS http://192.168.1.4:8080/api/password/generate-password - null null
2026-06-29 21:02:00.128 +00:00 [INF] CORS policy execution successful.
2026-06-29 21:02:00.128 +00:00 [INF] Request finished HTTP/1.1 OPTIONS http://192.168.1.4:8080/api/password/generate-password - 204 null null 5.2327ms
2026-06-29 21:02:00.130 +00:00 [INF] Request starting HTTP/1.1 POST http://192.168.1.4:8080/api/password/generate-password - application/json 69
2026-06-29 21:02:00.130 +00:00 [INF] CORS policy execution successful.
2026-06-29 21:02:00.131 +00:00 [INF] ====== OnMessageReceived START ======
2026-06-29 21:02:00.131 +00:00 [INF] Available cookies: 2
2026-06-29 21:02:00.131 +00:00 [INF] Cookie: adminToken = 844 chars
2026-06-29 21:02:00.131 +00:00 [INF] Cookie: adminRefreshToken = 44 chars
2026-06-29 21:02:00.131 +00:00 [INF] Admin token found in cookies, length: 844
2026-06-29 21:02:00.133 +00:00 [INF] Admin token set in context
2026-06-29 21:02:00.133 +00:00 [INF] ====== OnMessageReceived END - Token set: true ======
2026-06-29 21:02:00.133 +00:00 [INF] Token validated successfully for user: lengyelnorbi
2026-06-29 21:02:00.134 +00:00 [INF] Device fingerprint headers - UA: Mozilla/5.0 (Windows NT 10.0; Win64; x64) AppleWebKit/537.36 (KHTML, like Gecko) Chrome/149.0.0.0 Safari/537.36, Accept: */*, Encoding: gzip, deflate
2026-06-29 21:02:00.134 +00:00 [INF] Device fingerprint validation: Stored=+dnl/HqeUWZoa90RTxKXA37sysOj0ueJeeX3J79LuJU=, Current=+dnl/HqeUWZoa90RTxKXA37sysOj0ueJeeX3J79LuJU=
2026-06-29 21:02:00.136 +00:00 [INF] Executed DbCommand (1ms) [Parameters=[@__jti_0='?', @__userId_1='?' (DbType = Int32)], CommandType='"Text"', CommandTimeout='30']
SELECT a."ID", a."CreatedAt", a."DeviceFingerprint", a."ExpiresAt", a."IpAddress", a."IsRevoked", a."UserID", a.jti
FROM "AccessTokens" AS a
WHERE a.jti = @__jti_0 AND a."UserID" = @__userId_1 AND NOT (a."IsRevoked") AND a."ExpiresAt" > now()
LIMIT 1
2026-06-29 21:02:00.137 +00:00 [INF] Executing endpoint 'API.Controllers.PasswordController.GeneratePassword (API)'
2026-06-29 21:02:00.137 +00:00 [INF] Route matched with {action = "GeneratePassword", controller = "Password"}. Executing controller action with signature System.Threading.Tasks.Task`1[Microsoft.AspNetCore.Mvc.IActionResult] GeneratePassword(API.Models.RequestModels.GeneratePwdRequest) on controller API.Controllers.PasswordController (API).
2026-06-29 21:02:00.138 +00:00 [INF] Executing OkObjectResult, writing value of type '<>f__AnonymousType4`1[[System.String, System.Private.CoreLib, Version=9.0.0.0, Culture=neutral, PublicKeyToken=7cec85d7bea7798e]]'.
2026-06-29 21:02:00.138 +00:00 [INF] Executed action API.Controllers.PasswordController.GeneratePassword (API) in 0.7373ms
2026-06-29 21:02:00.138 +00:00 [INF] Executed endpoint 'API.Controllers.PasswordController.GeneratePassword (API)'
2026-06-29 21:02:00.139 +00:00 [INF] Request finished HTTP/1.1 POST http://192.168.1.4:8080/api/password/generate-password - 200 null application/json; charset=utf-8 8.7659ms
2026-06-29 21:02:00.912 +00:00 [INF] Request starting HTTP/1.1 OPTIONS http://192.168.1.4:8080/api/password/generate-password - null null
2026-06-29 21:02:00.912 +00:00 [INF] CORS policy execution successful.
2026-06-29 21:02:00.912 +00:00 [INF] Request finished HTTP/1.1 OPTIONS http://192.168.1.4:8080/api/password/generate-password - 204 null null 0.8017ms
2026-06-29 21:02:00.914 +00:00 [INF] Request starting HTTP/1.1 POST http://192.168.1.4:8080/api/password/generate-password - application/json 69
2026-06-29 21:02:00.914 +00:00 [INF] CORS policy execution successful.
2026-06-29 21:02:00.915 +00:00 [INF] ====== OnMessageReceived START ======
2026-06-29 21:02:00.915 +00:00 [INF] Available cookies: 2
2026-06-29 21:02:00.915 +00:00 [INF] Cookie: adminToken = 844 chars
2026-06-29 21:02:00.915 +00:00 [INF] Cookie: adminRefreshToken = 44 chars
2026-06-29 21:02:00.915 +00:00 [INF] Admin token found in cookies, length: 844
2026-06-29 21:02:00.915 +00:00 [INF] Admin token set in context
2026-06-29 21:02:00.916 +00:00 [INF] ====== OnMessageReceived END - Token set: true ======
2026-06-29 21:02:00.916 +00:00 [INF] Token validated successfully for user: lengyelnorbi
2026-06-29 21:02:00.916 +00:00 [INF] Device fingerprint headers - UA: Mozilla/5.0 (Windows NT 10.0; Win64; x64) AppleWebKit/537.36 (KHTML, like Gecko) Chrome/149.0.0.0 Safari/537.36, Accept: */*, Encoding: gzip, deflate
2026-06-29 21:02:00.916 +00:00 [INF] Device fingerprint validation: Stored=+dnl/HqeUWZoa90RTxKXA37sysOj0ueJeeX3J79LuJU=, Current=+dnl/HqeUWZoa90RTxKXA37sysOj0ueJeeX3J79LuJU=
2026-06-29 21:02:00.918 +00:00 [INF] Executed DbCommand (1ms) [Parameters=[@__jti_0='?', @__userId_1='?' (DbType = Int32)], CommandType='"Text"', CommandTimeout='30']
SELECT a."ID", a."CreatedAt", a."DeviceFingerprint", a."ExpiresAt", a."IpAddress", a."IsRevoked", a."UserID", a.jti
FROM "AccessTokens" AS a
WHERE a.jti = @__jti_0 AND a."UserID" = @__userId_1 AND NOT (a."IsRevoked") AND a."ExpiresAt" > now()
LIMIT 1
2026-06-29 21:02:00.919 +00:00 [INF] Executing endpoint 'API.Controllers.PasswordController.GeneratePassword (API)'
2026-06-29 21:02:00.919 +00:00 [INF] Route matched with {action = "GeneratePassword", controller = "Password"}. Executing controller action with signature System.Threading.Tasks.Task`1[Microsoft.AspNetCore.Mvc.IActionResult] GeneratePassword(API.Models.RequestModels.GeneratePwdRequest) on controller API.Controllers.PasswordController (API).
2026-06-29 21:02:00.919 +00:00 [INF] Executing OkObjectResult, writing value of type '<>f__AnonymousType4`1[[System.String, System.Private.CoreLib, Version=9.0.0.0, Culture=neutral, PublicKeyToken=7cec85d7bea7798e]]'.
2026-06-29 21:02:00.920 +00:00 [INF] Executed action API.Controllers.PasswordController.GeneratePassword (API) in 0.5566ms
2026-06-29 21:02:00.920 +00:00 [INF] Executed endpoint 'API.Controllers.PasswordController.GeneratePassword (API)'
2026-06-29 21:02:00.920 +00:00 [INF] Request finished HTTP/1.1 POST http://192.168.1.4:8080/api/password/generate-password - 200 null application/json; charset=utf-8 6.1364ms
2026-06-29 21:02:02.447 +00:00 [INF] Request starting HTTP/1.1 OPTIONS http://192.168.1.4:8080/api/password/generate-password - null null
2026-06-29 21:02:02.447 +00:00 [INF] CORS policy execution successful.
2026-06-29 21:02:02.447 +00:00 [INF] Request finished HTTP/1.1 OPTIONS http://192.168.1.4:8080/api/password/generate-password - 204 null null 0.5403ms
2026-06-29 21:02:02.449 +00:00 [INF] Request starting HTTP/1.1 POST http://192.168.1.4:8080/api/password/generate-password - application/json 69
2026-06-29 21:02:02.449 +00:00 [INF] CORS policy execution successful.
2026-06-29 21:02:02.449 +00:00 [INF] ====== OnMessageReceived START ======
2026-06-29 21:02:02.449 +00:00 [INF] Available cookies: 2
2026-06-29 21:02:02.449 +00:00 [INF] Cookie: adminToken = 844 chars
2026-06-29 21:02:02.449 +00:00 [INF] Cookie: adminRefreshToken = 44 chars
2026-06-29 21:02:02.450 +00:00 [INF] Admin token found in cookies, length: 844
2026-06-29 21:02:02.450 +00:00 [INF] Admin token set in context
2026-06-29 21:02:02.450 +00:00 [INF] ====== OnMessageReceived END - Token set: true ======
2026-06-29 21:02:02.451 +00:00 [INF] Token validated successfully for user: lengyelnorbi
2026-06-29 21:02:02.451 +00:00 [INF] Device fingerprint headers - UA: Mozilla/5.0 (Windows NT 10.0; Win64; x64) AppleWebKit/537.36 (KHTML, like Gecko) Chrome/149.0.0.0 Safari/537.36, Accept: */*, Encoding: gzip, deflate
2026-06-29 21:02:02.451 +00:00 [INF] Device fingerprint validation: Stored=+dnl/HqeUWZoa90RTxKXA37sysOj0ueJeeX3J79LuJU=, Current=+dnl/HqeUWZoa90RTxKXA37sysOj0ueJeeX3J79LuJU=
2026-06-29 21:02:02.454 +00:00 [INF] Executed DbCommand (1ms) [Parameters=[@__jti_0='?', @__userId_1='?' (DbType = Int32)], CommandType='"Text"', CommandTimeout='30']
SELECT a."ID", a."CreatedAt", a."DeviceFingerprint", a."ExpiresAt", a."IpAddress", a."IsRevoked", a."UserID", a.jti
FROM "AccessTokens" AS a
WHERE a.jti = @__jti_0 AND a."UserID" = @__userId_1 AND NOT (a."IsRevoked") AND a."ExpiresAt" > now()
LIMIT 1
2026-06-29 21:02:02.454 +00:00 [INF] Executing endpoint 'API.Controllers.PasswordController.GeneratePassword (API)'
2026-06-29 21:02:02.454 +00:00 [INF] Route matched with {action = "GeneratePassword", controller = "Password"}. Executing controller action with signature System.Threading.Tasks.Task`1[Microsoft.AspNetCore.Mvc.IActionResult] GeneratePassword(API.Models.RequestModels.GeneratePwdRequest) on controller API.Controllers.PasswordController (API).
2026-06-29 21:02:02.455 +00:00 [INF] Executing OkObjectResult, writing value of type '<>f__AnonymousType4`1[[System.String, System.Private.CoreLib, Version=9.0.0.0, Culture=neutral, PublicKeyToken=7cec85d7bea7798e]]'.
2026-06-29 21:02:02.455 +00:00 [INF] Executed action API.Controllers.PasswordController.GeneratePassword (API) in 0.6049ms
2026-06-29 21:02:02.455 +00:00 [INF] Executed endpoint 'API.Controllers.PasswordController.GeneratePassword (API)'
2026-06-29 21:02:02.455 +00:00 [INF] Request finished HTTP/1.1 POST http://192.168.1.4:8080/api/password/generate-password - 200 null application/json; charset=utf-8 6.8529ms
2026-06-29 21:02:03.907 +00:00 [INF] Request starting HTTP/1.1 OPTIONS http://192.168.1.4:8080/api/password/generate-password - null null
2026-06-29 21:02:03.908 +00:00 [INF] CORS policy execution successful.
2026-06-29 21:02:03.908 +00:00 [INF] Request finished HTTP/1.1 OPTIONS http://192.168.1.4:8080/api/password/generate-password - 204 null null 0.8159ms
2026-06-29 21:02:03.910 +00:00 [INF] Request starting HTTP/1.1 POST http://192.168.1.4:8080/api/password/generate-password - application/json 69
2026-06-29 21:02:03.910 +00:00 [INF] CORS policy execution successful.
2026-06-29 21:02:03.910 +00:00 [INF] ====== OnMessageReceived START ======
2026-06-29 21:02:03.911 +00:00 [INF] Available cookies: 2
2026-06-29 21:02:03.911 +00:00 [INF] Cookie: adminToken = 844 chars
2026-06-29 21:02:03.911 +00:00 [INF] Cookie: adminRefreshToken = 44 chars
2026-06-29 21:02:03.911 +00:00 [INF] Admin token found in cookies, length: 844
2026-06-29 21:02:03.911 +00:00 [INF] Admin token set in context
2026-06-29 21:02:03.911 +00:00 [INF] ====== OnMessageReceived END - Token set: true ======
2026-06-29 21:02:03.912 +00:00 [INF] Token validated successfully for user: lengyelnorbi
2026-06-29 21:02:03.912 +00:00 [INF] Device fingerprint headers - UA: Mozilla/5.0 (Windows NT 10.0; Win64; x64) AppleWebKit/537.36 (KHTML, like Gecko) Chrome/149.0.0.0 Safari/537.36, Accept: */*, Encoding: gzip, deflate
2026-06-29 21:02:03.912 +00:00 [INF] Device fingerprint validation: Stored=+dnl/HqeUWZoa90RTxKXA37sysOj0ueJeeX3J79LuJU=, Current=+dnl/HqeUWZoa90RTxKXA37sysOj0ueJeeX3J79LuJU=
2026-06-29 21:02:03.915 +00:00 [INF] Executed DbCommand (2ms) [Parameters=[@__jti_0='?', @__userId_1='?' (DbType = Int32)], CommandType='"Text"', CommandTimeout='30']
SELECT a."ID", a."CreatedAt", a."DeviceFingerprint", a."ExpiresAt", a."IpAddress", a."IsRevoked", a."UserID", a.jti
FROM "AccessTokens" AS a
WHERE a.jti = @__jti_0 AND a."UserID" = @__userId_1 AND NOT (a."IsRevoked") AND a."ExpiresAt" > now()
LIMIT 1
2026-06-29 21:02:03.915 +00:00 [INF] Executing endpoint 'API.Controllers.PasswordController.GeneratePassword (API)'
2026-06-29 21:02:03.916 +00:00 [INF] Route matched with {action = "GeneratePassword", controller = "Password"}. Executing controller action with signature System.Threading.Tasks.Task`1[Microsoft.AspNetCore.Mvc.IActionResult] GeneratePassword(API.Models.RequestModels.GeneratePwdRequest) on controller API.Controllers.PasswordController (API).
2026-06-29 21:02:03.916 +00:00 [INF] Executing OkObjectResult, writing value of type '<>f__AnonymousType4`1[[System.String, System.Private.CoreLib, Version=9.0.0.0, Culture=neutral, PublicKeyToken=7cec85d7bea7798e]]'.
2026-06-29 21:02:03.916 +00:00 [INF] Executed action API.Controllers.PasswordController.GeneratePassword (API) in 0.6309ms
2026-06-29 21:02:03.917 +00:00 [INF] Executed endpoint 'API.Controllers.PasswordController.GeneratePassword (API)'
2026-06-29 21:02:03.917 +00:00 [INF] Request finished HTTP/1.1 POST http://192.168.1.4:8080/api/password/generate-password - 200 null application/json; charset=utf-8 6.8838ms
2026-06-29 21:02:32.224 +00:00 [INF] Request starting HTTP/1.1 OPTIONS http://192.168.1.4:8080/api/user - null null
2026-06-29 21:02:32.224 +00:00 [INF] CORS policy execution successful.
2026-06-29 21:02:32.224 +00:00 [INF] Request finished HTTP/1.1 OPTIONS http://192.168.1.4:8080/api/user - 204 null null 0.9022ms
2026-06-29 21:02:32.227 +00:00 [INF] Request starting HTTP/1.1 PUT http://192.168.1.4:8080/api/user - application/json 113
2026-06-29 21:02:32.230 +00:00 [INF] CORS policy execution successful.
2026-06-29 21:02:32.230 +00:00 [INF] ====== OnMessageReceived START ======
2026-06-29 21:02:32.231 +00:00 [INF] Available cookies: 2
2026-06-29 21:02:32.231 +00:00 [INF] Cookie: adminToken = 844 chars
2026-06-29 21:02:32.231 +00:00 [INF] Cookie: adminRefreshToken = 44 chars
2026-06-29 21:02:32.231 +00:00 [INF] Admin token found in cookies, length: 844
2026-06-29 21:02:32.231 +00:00 [INF] Admin token set in context
2026-06-29 21:02:32.232 +00:00 [INF] ====== OnMessageReceived END - Token set: true ======
2026-06-29 21:02:32.232 +00:00 [INF] Token validated successfully for user: lengyelnorbi
2026-06-29 21:02:32.232 +00:00 [INF] Device fingerprint headers - UA: Mozilla/5.0 (Windows NT 10.0; Win64; x64) AppleWebKit/537.36 (KHTML, like Gecko) Chrome/149.0.0.0 Safari/537.36, Accept: */*, Encoding: gzip, deflate
2026-06-29 21:02:32.233 +00:00 [INF] Device fingerprint validation: Stored=+dnl/HqeUWZoa90RTxKXA37sysOj0ueJeeX3J79LuJU=, Current=+dnl/HqeUWZoa90RTxKXA37sysOj0ueJeeX3J79LuJU=
2026-06-29 21:02:32.235 +00:00 [INF] Executed DbCommand (1ms) [Parameters=[@__jti_0='?', @__userId_1='?' (DbType = Int32)], CommandType='"Text"', CommandTimeout='30']
SELECT a."ID", a."CreatedAt", a."DeviceFingerprint", a."ExpiresAt", a."IpAddress", a."IsRevoked", a."UserID", a.jti
FROM "AccessTokens" AS a
WHERE a.jti = @__jti_0 AND a."UserID" = @__userId_1 AND NOT (a."IsRevoked") AND a."ExpiresAt" > now()
LIMIT 1
2026-06-29 21:02:32.236 +00:00 [INF] Executing endpoint 'API.Controllers.UserController.UpdateUserAsync (API)'
2026-06-29 21:02:32.238 +00:00 [INF] Route matched with {action = "UpdateUser", controller = "User"}. Executing controller action with signature System.Threading.Tasks.Task`1[Microsoft.AspNetCore.Mvc.IActionResult] UpdateUserAsync(API.Models.RequestModels.UpdateUserRequest) on controller API.Controllers.UserController (API).
2026-06-29 21:02:32.246 +00:00 [INF] Executing BadRequestObjectResult, writing value of type 'Microsoft.AspNetCore.Mvc.ValidationProblemDetails'.
2026-06-29 21:02:32.259 +00:00 [INF] Executed action API.Controllers.UserController.UpdateUserAsync (API) in 20.164ms
2026-06-29 21:02:32.259 +00:00 [INF] Executed endpoint 'API.Controllers.UserController.UpdateUserAsync (API)'
2026-06-29 21:02:32.259 +00:00 [INF] Request finished HTTP/1.1 PUT http://192.168.1.4:8080/api/user - 400 null application/problem+json; charset=utf-8 32.4547ms
2026-06-29 21:04:38.508 +00:00 [INF] Request starting HTTP/1.1 OPTIONS http://192.168.1.4:8080/api/auth/refresh - null null
2026-06-29 21:04:38.508 +00:00 [INF] CORS policy execution successful.
2026-06-29 21:04:38.509 +00:00 [INF] Request finished HTTP/1.1 OPTIONS http://192.168.1.4:8080/api/auth/refresh - 204 null null 0.7286ms
2026-06-29 21:04:38.510 +00:00 [INF] Request starting HTTP/1.1 POST http://192.168.1.4:8080/api/auth/refresh - application/json 18
2026-06-29 21:04:38.510 +00:00 [INF] CORS policy execution successful.
2026-06-29 21:04:38.511 +00:00 [INF] ====== OnMessageReceived START ======
2026-06-29 21:04:38.511 +00:00 [INF] Available cookies: 2
2026-06-29 21:04:38.511 +00:00 [INF] Cookie: adminToken = 844 chars
2026-06-29 21:04:38.511 +00:00 [INF] Cookie: adminRefreshToken = 44 chars
2026-06-29 21:04:38.512 +00:00 [INF] Admin token found in cookies, length: 844
2026-06-29 21:04:38.512 +00:00 [INF] Admin token set in context
2026-06-29 21:04:38.512 +00:00 [INF] ====== OnMessageReceived END - Token set: true ======
2026-06-29 21:04:38.513 +00:00 [INF] Token validated successfully for user: lengyelnorbi
2026-06-29 21:04:38.513 +00:00 [INF] Device fingerprint headers - UA: Mozilla/5.0 (Windows NT 10.0; Win64; x64) AppleWebKit/537.36 (KHTML, like Gecko) Chrome/149.0.0.0 Safari/537.36, Accept: */*, Encoding: gzip, deflate
2026-06-29 21:04:38.513 +00:00 [INF] Device fingerprint validation: Stored=+dnl/HqeUWZoa90RTxKXA37sysOj0ueJeeX3J79LuJU=, Current=+dnl/HqeUWZoa90RTxKXA37sysOj0ueJeeX3J79LuJU=
2026-06-29 21:04:38.515 +00:00 [INF] Executed DbCommand (1ms) [Parameters=[@__jti_0='?', @__userId_1='?' (DbType = Int32)], CommandType='"Text"', CommandTimeout='30']
SELECT a."ID", a."CreatedAt", a."DeviceFingerprint", a."ExpiresAt", a."IpAddress", a."IsRevoked", a."UserID", a.jti
FROM "AccessTokens" AS a
WHERE a.jti = @__jti_0 AND a."UserID" = @__userId_1 AND NOT (a."IsRevoked") AND a."ExpiresAt" > now()
LIMIT 1
2026-06-29 21:04:38.516 +00:00 [INF] Executing endpoint 'API.Controllers.AuthController.RefreshToken (API)'
2026-06-29 21:04:38.516 +00:00 [INF] Route matched with {action = "RefreshToken", controller = "Auth"}. Executing controller action with signature System.Threading.Tasks.Task`1[Microsoft.AspNetCore.Mvc.IActionResult] RefreshToken(API.Models.RequestModels.RefreshRequest) on controller API.Controllers.AuthController (API).
2026-06-29 21:04:38.516 +00:00 [INF] Token refresh attempt at "2026-06-29T21:04:38.5167448Z"
2026-06-29 21:04:38.516 +00:00 [INF] Refreshing admin token at "2026-06-29T21:04:38.5169003Z"
2026-06-29 21:04:38.518 +00:00 [INF] Executed DbCommand (2ms) [Parameters=[@__tokenHash_0='?'], CommandType='"Text"', CommandTimeout='30']
SELECT r."ID", r."CreatedAt", r."DeviceFingerprint", r."ExpiresAt", r."IpAddress", r."IsRevoked", r."TokenHash", r."UserID"
FROM "RefreshTokens" AS r
WHERE r."TokenHash" = @__tokenHash_0 AND NOT (r."IsRevoked") AND r."ExpiresAt" > now()
ORDER BY r."CreatedAt" DESC
LIMIT 1
2026-06-29 21:04:38.519 +00:00 [INF] Mozilla/5.0 (Windows NT 10.0; Win64; x64) AppleWebKit/537.36 (KHTML, like Gecko) Chrome/149.0.0.0 Safari/537.36
2026-06-29 21:04:38.519 +00:00 [INF] Fetching user by ID from database...
2026-06-29 21:04:38.521 +00:00 [INF] Executed DbCommand (1ms) [Parameters=[@__id_0='?' (DbType = Int32)], CommandType='"Text"', CommandTimeout='30']
SELECT u."ID", u."Email", u."PasswordHash", u."RegisteredAt", u."Role", u."Username"
FROM "Users" AS u
WHERE u."ID" = @__id_0
LIMIT 1
2026-06-29 21:04:38.524 +00:00 [INF] Executed DbCommand (3ms) [Parameters=[@p0='?' (DbType = DateTime), @p1='?', @p2='?' (DbType = DateTime), @p3='?', @p4='?' (DbType = Int32), @p5='?'], CommandType='"Text"', CommandTimeout='30']
INSERT INTO "AccessTokens" ("CreatedAt", "DeviceFingerprint", "ExpiresAt", "IpAddress", "UserID", jti)
VALUES (@p0, @p1, @p2, @p3, @p4, @p5)
RETURNING "ID", "IsRevoked";
2026-06-29 21:04:38.526 +00:00 [INF] Executed DbCommand (1ms) [Parameters=[@__jti_0='?', @__userID_1='?' (DbType = Int32), @__deviceFingerprint_2='?', @__ipAddress_3='?'], CommandType='"Text"', CommandTimeout='30']
SELECT a."ID", a."CreatedAt", a."DeviceFingerprint", a."ExpiresAt", a."IpAddress", a."IsRevoked", a."UserID", a.jti
FROM "AccessTokens" AS a
WHERE a.jti = @__jti_0 AND a."UserID" = @__userID_1 AND a."DeviceFingerprint" = @__deviceFingerprint_2 AND a."IpAddress" = @__ipAddress_3
LIMIT 1
2026-06-29 21:04:38.526 +00:00 [INF] Attempting to revoke access token with jti c2229cc4-a46e-4455-acd8-ec3eadfc760b for user 1 from device +dnl/HqeUWZoa90RTxKXA37sysOj0ueJeeX3J79LuJU= and IP ::ffff:172.20.0.1
2026-06-29 21:04:38.527 +00:00 [INF] Access token found: API.Models.AccessToken
2026-06-29 21:04:38.529 +00:00 [INF] Executed DbCommand (2ms) [Parameters=[@p1='?' (DbType = Int32), @p0='?' (DbType = Boolean)], CommandType='"Text"', CommandTimeout='30']
UPDATE "AccessTokens" SET "IsRevoked" = @p0
WHERE "ID" = @p1;
2026-06-29 21:04:38.529 +00:00 [INF] Access token AccessToken for user 1 revoked: true
2026-06-29 21:04:38.532 +00:00 [INF] Executed DbCommand (3ms) [Parameters=[@p0='?' (DbType = DateTime), @p1='?', @p2='?' (DbType = DateTime), @p3='?', @p4='?', @p5='?' (DbType = Int32)], CommandType='"Text"', CommandTimeout='30']
INSERT INTO "RefreshTokens" ("CreatedAt", "DeviceFingerprint", "ExpiresAt", "IpAddress", "TokenHash", "UserID")
VALUES (@p0, @p1, @p2, @p3, @p4, @p5)
RETURNING "ID", "IsRevoked";
2026-06-29 21:04:38.534 +00:00 [INF] Executed DbCommand (1ms) [Parameters=[@__tokenHash_0='?', @__userId_1='?' (DbType = Int32), @__deviceFingerprint_2='?', @__ipAddress_3='?'], CommandType='"Text"', CommandTimeout='30']
SELECT r."ID", r."CreatedAt", r."DeviceFingerprint", r."ExpiresAt", r."IpAddress", r."IsRevoked", r."TokenHash", r."UserID"
FROM "RefreshTokens" AS r
WHERE r."TokenHash" = @__tokenHash_0 AND r."UserID" = @__userId_1 AND r."DeviceFingerprint" = @__deviceFingerprint_2 AND r."IpAddress" = @__ipAddress_3
LIMIT 1
2026-06-29 21:04:38.536 +00:00 [INF] Executed DbCommand (2ms) [Parameters=[@p1='?' (DbType = Int32), @p0='?' (DbType = Boolean)], CommandType='"Text"', CommandTimeout='30']
UPDATE "RefreshTokens" SET "IsRevoked" = @p0
WHERE "ID" = @p1;
2026-06-29 21:04:38.536 +00:00 [INF] Refresh token oZQS/wcJRehTXszI9TCbj6RRErw2oUy1+obASCEAArU= for user 1 revoked: true
2026-06-29 21:04:38.536 +00:00 [INF] Token refreshed successfully for user 1 at "2026-06-29T21:04:38.5368663Z"
2026-06-29 21:04:38.537 +00:00 [INF] Executing OkObjectResult, writing value of type '<>f__AnonymousType3`2[[System.Boolean, System.Private.CoreLib, Version=9.0.0.0, Culture=neutral, PublicKeyToken=7cec85d7bea7798e],[System.Int32, System.Private.CoreLib, Version=9.0.0.0, Culture=neutral, PublicKeyToken=7cec85d7bea7798e]]'.
2026-06-29 21:04:38.537 +00:00 [INF] Executed action API.Controllers.AuthController.RefreshToken (API) in 20.9036ms
2026-06-29 21:04:38.537 +00:00 [INF] Executed endpoint 'API.Controllers.AuthController.RefreshToken (API)'
2026-06-29 21:04:38.538 +00:00 [INF] Request finished HTTP/1.1 POST http://192.168.1.4:8080/api/auth/refresh - 200 null application/json; charset=utf-8 27.4823ms
2026-06-29 21:06:43.970 +00:00 [INF] Request starting HTTP/1.1 GET http://192.168.1.4:8080/api/user?page=1&limit=10 - null null
2026-06-29 21:06:43.971 +00:00 [INF] CORS policy execution successful.
2026-06-29 21:06:43.972 +00:00 [INF] Request starting HTTP/1.1 GET http://192.168.1.4:8080/api/user?page=1&limit=10 - null null
2026-06-29 21:06:43.972 +00:00 [INF] ====== OnMessageReceived START ======
2026-06-29 21:06:43.973 +00:00 [INF] CORS policy execution successful.
2026-06-29 21:06:43.973 +00:00 [INF] Available cookies: 2
2026-06-29 21:06:43.974 +00:00 [INF] ====== OnMessageReceived START ======
2026-06-29 21:06:43.974 +00:00 [INF] Cookie: adminToken = 844 chars
2026-06-29 21:06:43.974 +00:00 [INF] Available cookies: 2
2026-06-29 21:06:43.974 +00:00 [INF] Cookie: adminRefreshToken = 44 chars
2026-06-29 21:06:43.974 +00:00 [INF] Cookie: adminToken = 844 chars
2026-06-29 21:06:43.975 +00:00 [INF] Cookie: adminRefreshToken = 44 chars
2026-06-29 21:06:43.974 +00:00 [INF] Admin token found in cookies, length: 844
2026-06-29 21:06:43.975 +00:00 [INF] Admin token found in cookies, length: 844
2026-06-29 21:06:43.975 +00:00 [INF] Admin token set in context
2026-06-29 21:06:43.975 +00:00 [INF] Admin token set in context
2026-06-29 21:06:43.975 +00:00 [INF] ====== OnMessageReceived END - Token set: true ======
2026-06-29 21:06:43.975 +00:00 [INF] ====== OnMessageReceived END - Token set: true ======
2026-06-29 21:06:43.976 +00:00 [INF] Token validated successfully for user: lengyelnorbi
2026-06-29 21:06:43.976 +00:00 [INF] Token validated successfully for user: lengyelnorbi
2026-06-29 21:06:43.976 +00:00 [INF] Device fingerprint headers - UA: Mozilla/5.0 (Windows NT 10.0; Win64; x64) AppleWebKit/537.36 (KHTML, like Gecko) Chrome/149.0.0.0 Safari/537.36, Accept: application/json, text/plain, */*, Encoding: gzip, deflate
2026-06-29 21:06:43.976 +00:00 [INF] Device fingerprint headers - UA: Mozilla/5.0 (Windows NT 10.0; Win64; x64) AppleWebKit/537.36 (KHTML, like Gecko) Chrome/149.0.0.0 Safari/537.36, Accept: application/json, text/plain, */*, Encoding: gzip, deflate
2026-06-29 21:06:43.977 +00:00 [INF] Device fingerprint validation: Stored=+dnl/HqeUWZoa90RTxKXA37sysOj0ueJeeX3J79LuJU=, Current=+dnl/HqeUWZoa90RTxKXA37sysOj0ueJeeX3J79LuJU=
2026-06-29 21:06:43.977 +00:00 [INF] Device fingerprint validation: Stored=+dnl/HqeUWZoa90RTxKXA37sysOj0ueJeeX3J79LuJU=, Current=+dnl/HqeUWZoa90RTxKXA37sysOj0ueJeeX3J79LuJU=
2026-06-29 21:06:43.989 +00:00 [INF] Executed DbCommand (2ms) [Parameters=[@__jti_0='?', @__userId_1='?' (DbType = Int32)], CommandType='"Text"', CommandTimeout='30']
SELECT a."ID", a."CreatedAt", a."DeviceFingerprint", a."ExpiresAt", a."IpAddress", a."IsRevoked", a."UserID", a.jti
FROM "AccessTokens" AS a
WHERE a.jti = @__jti_0 AND a."UserID" = @__userId_1 AND NOT (a."IsRevoked") AND a."ExpiresAt" > now()
LIMIT 1
2026-06-29 21:06:43.989 +00:00 [INF] Executed DbCommand (2ms) [Parameters=[@__jti_0='?', @__userId_1='?' (DbType = Int32)], CommandType='"Text"', CommandTimeout='30']
SELECT a."ID", a."CreatedAt", a."DeviceFingerprint", a."ExpiresAt", a."IpAddress", a."IsRevoked", a."UserID", a.jti
FROM "AccessTokens" AS a
WHERE a.jti = @__jti_0 AND a."UserID" = @__userId_1 AND NOT (a."IsRevoked") AND a."ExpiresAt" > now()
LIMIT 1
2026-06-29 21:06:43.990 +00:00 [INF] Executing endpoint 'API.Controllers.UserController.Get (API)'
2026-06-29 21:06:43.990 +00:00 [INF] Executing endpoint 'API.Controllers.UserController.Get (API)'
2026-06-29 21:06:43.990 +00:00 [INF] Route matched with {action = "Get", controller = "User"}. Executing controller action with signature System.Threading.Tasks.Task`1[API.Utils.PagedResult`1[API.DTO.UserDTO]] Get(Int32, Int32) on controller API.Controllers.UserController (API).
2026-06-29 21:06:43.990 +00:00 [INF] Route matched with {action = "Get", controller = "User"}. Executing controller action with signature System.Threading.Tasks.Task`1[API.Utils.PagedResult`1[API.DTO.UserDTO]] Get(Int32, Int32) on controller API.Controllers.UserController (API).
2026-06-29 21:06:43.992 +00:00 [INF] Executed DbCommand (1ms) [Parameters=[], CommandType='"Text"', CommandTimeout='30']
SELECT count(*)::int
FROM "Users" AS u
WHERE u."Role" <> 'Admin'
2026-06-29 21:06:43.992 +00:00 [INF] Executed DbCommand (1ms) [Parameters=[], CommandType='"Text"', CommandTimeout='30']
SELECT count(*)::int
FROM "Users" AS u
WHERE u."Role" <> 'Admin'
2026-06-29 21:06:43.994 +00:00 [INF] Executed DbCommand (1ms) [Parameters=[@__p_1='?' (DbType = Int32), @__p_0='?' (DbType = Int32)], CommandType='"Text"', CommandTimeout='30']
SELECT u."ID", u."Username", u."Email", u."RegisteredAt", u."Role"
FROM "Users" AS u
WHERE u."Role" <> 'Admin'
ORDER BY u."ID"
LIMIT @__p_1 OFFSET @__p_0
2026-06-29 21:06:43.994 +00:00 [INF] Executed DbCommand (1ms) [Parameters=[@__p_1='?' (DbType = Int32), @__p_0='?' (DbType = Int32)], CommandType='"Text"', CommandTimeout='30']
SELECT u."ID", u."Username", u."Email", u."RegisteredAt", u."Role"
FROM "Users" AS u
WHERE u."Role" <> 'Admin'
ORDER BY u."ID"
LIMIT @__p_1 OFFSET @__p_0
2026-06-29 21:06:43.994 +00:00 [INF] Executing ObjectResult, writing value of type 'API.Utils.PagedResult`1[[API.DTO.UserDTO, API, Version=1.0.0.0, Culture=neutral, PublicKeyToken=null]]'.
2026-06-29 21:06:43.994 +00:00 [INF] Executing ObjectResult, writing value of type 'API.Utils.PagedResult`1[[API.DTO.UserDTO, API, Version=1.0.0.0, Culture=neutral, PublicKeyToken=null]]'.
2026-06-29 21:06:43.994 +00:00 [INF] Executed action API.Controllers.UserController.Get (API) in 3.994ms
2026-06-29 21:06:43.995 +00:00 [INF] Executed action API.Controllers.UserController.Get (API) in 4.3337ms
2026-06-29 21:06:43.995 +00:00 [INF] Executed endpoint 'API.Controllers.UserController.Get (API)'
2026-06-29 21:06:43.995 +00:00 [INF] Executed endpoint 'API.Controllers.UserController.Get (API)'
2026-06-29 21:06:43.995 +00:00 [INF] Request finished HTTP/1.1 GET http://192.168.1.4:8080/api/user?page=1&limit=10 - 200 null application/json; charset=utf-8 25.3202ms
2026-06-29 21:06:43.995 +00:00 [INF] Request finished HTTP/1.1 GET http://192.168.1.4:8080/api/user?page=1&limit=10 - 200 null application/json; charset=utf-8 23.1377ms
2026-06-29 21:06:45.733 +00:00 [INF] Request starting HTTP/1.1 GET http://192.168.1.4:8080/api/user?page=1&limit=10 - null null
2026-06-29 21:06:45.734 +00:00 [INF] CORS policy execution successful.
2026-06-29 21:06:45.734 +00:00 [INF] ====== OnMessageReceived START ======
2026-06-29 21:06:45.734 +00:00 [INF] Available cookies: 2
2026-06-29 21:06:45.735 +00:00 [INF] Cookie: adminToken = 844 chars
2026-06-29 21:06:45.735 +00:00 [INF] Cookie: adminRefreshToken = 44 chars
2026-06-29 21:06:45.735 +00:00 [INF] Admin token found in cookies, length: 844
2026-06-29 21:06:45.735 +00:00 [INF] Admin token set in context
2026-06-29 21:06:45.736 +00:00 [INF] ====== OnMessageReceived END - Token set: true ======
2026-06-29 21:06:45.736 +00:00 [INF] Token validated successfully for user: lengyelnorbi
2026-06-29 21:06:45.736 +00:00 [INF] Device fingerprint headers - UA: Mozilla/5.0 (Windows NT 10.0; Win64; x64) AppleWebKit/537.36 (KHTML, like Gecko) Chrome/149.0.0.0 Safari/537.36, Accept: application/json, text/plain, */*, Encoding: gzip, deflate
2026-06-29 21:06:45.736 +00:00 [INF] Device fingerprint validation: Stored=+dnl/HqeUWZoa90RTxKXA37sysOj0ueJeeX3J79LuJU=, Current=+dnl/HqeUWZoa90RTxKXA37sysOj0ueJeeX3J79LuJU=
2026-06-29 21:06:45.739 +00:00 [INF] Executed DbCommand (1ms) [Parameters=[@__jti_0='?', @__userId_1='?' (DbType = Int32)], CommandType='"Text"', CommandTimeout='30']
SELECT a."ID", a."CreatedAt", a."DeviceFingerprint", a."ExpiresAt", a."IpAddress", a."IsRevoked", a."UserID", a.jti
FROM "AccessTokens" AS a
WHERE a.jti = @__jti_0 AND a."UserID" = @__userId_1 AND NOT (a."IsRevoked") AND a."ExpiresAt" > now()
LIMIT 1
2026-06-29 21:06:45.739 +00:00 [INF] Executing endpoint 'API.Controllers.UserController.Get (API)'
2026-06-29 21:06:45.739 +00:00 [INF] Route matched with {action = "Get", controller = "User"}. Executing controller action with signature System.Threading.Tasks.Task`1[API.Utils.PagedResult`1[API.DTO.UserDTO]] Get(Int32, Int32) on controller API.Controllers.UserController (API).
2026-06-29 21:06:45.741 +00:00 [INF] Executed DbCommand (1ms) [Parameters=[], CommandType='"Text"', CommandTimeout='30']
SELECT count(*)::int
FROM "Users" AS u
WHERE u."Role" <> 'Admin'
2026-06-29 21:06:45.742 +00:00 [INF] Executed DbCommand (1ms) [Parameters=[@__p_1='?' (DbType = Int32), @__p_0='?' (DbType = Int32)], CommandType='"Text"', CommandTimeout='30']
SELECT u."ID", u."Username", u."Email", u."RegisteredAt", u."Role"
FROM "Users" AS u
WHERE u."Role" <> 'Admin'
ORDER BY u."ID"
LIMIT @__p_1 OFFSET @__p_0
2026-06-29 21:06:45.743 +00:00 [INF] Executing ObjectResult, writing value of type 'API.Utils.PagedResult`1[[API.DTO.UserDTO, API, Version=1.0.0.0, Culture=neutral, PublicKeyToken=null]]'.
2026-06-29 21:06:45.743 +00:00 [INF] Executed action API.Controllers.UserController.Get (API) in 3.4249ms
2026-06-29 21:06:45.743 +00:00 [INF] Executed endpoint 'API.Controllers.UserController.Get (API)'
2026-06-29 21:06:45.744 +00:00 [INF] Request finished HTTP/1.1 GET http://192.168.1.4:8080/api/user?page=1&limit=10 - 200 null application/json; charset=utf-8 10.4679ms
2026-06-29 21:06:50.933 +00:00 [INF] Request starting HTTP/1.1 OPTIONS http://192.168.1.4:8080/api/password/generate-password - null null
2026-06-29 21:06:50.933 +00:00 [INF] CORS policy execution successful.
2026-06-29 21:06:50.933 +00:00 [INF] Request finished HTTP/1.1 OPTIONS http://192.168.1.4:8080/api/password/generate-password - 204 null null 0.7595ms
2026-06-29 21:06:50.935 +00:00 [INF] Request starting HTTP/1.1 POST http://192.168.1.4:8080/api/password/generate-password - application/json 69
2026-06-29 21:06:50.935 +00:00 [INF] CORS policy execution successful.
2026-06-29 21:06:50.936 +00:00 [INF] ====== OnMessageReceived START ======
2026-06-29 21:06:50.936 +00:00 [INF] Available cookies: 2
2026-06-29 21:06:50.936 +00:00 [INF] Cookie: adminToken = 844 chars
2026-06-29 21:06:50.936 +00:00 [INF] Cookie: adminRefreshToken = 44 chars
2026-06-29 21:06:50.936 +00:00 [INF] Admin token found in cookies, length: 844
2026-06-29 21:06:50.936 +00:00 [INF] Admin token set in context
2026-06-29 21:06:50.937 +00:00 [INF] ====== OnMessageReceived END - Token set: true ======
2026-06-29 21:06:50.937 +00:00 [INF] Token validated successfully for user: lengyelnorbi
2026-06-29 21:06:50.937 +00:00 [INF] Device fingerprint headers - UA: Mozilla/5.0 (Windows NT 10.0; Win64; x64) AppleWebKit/537.36 (KHTML, like Gecko) Chrome/149.0.0.0 Safari/537.36, Accept: */*, Encoding: gzip, deflate
2026-06-29 21:06:50.937 +00:00 [INF] Device fingerprint validation: Stored=+dnl/HqeUWZoa90RTxKXA37sysOj0ueJeeX3J79LuJU=, Current=+dnl/HqeUWZoa90RTxKXA37sysOj0ueJeeX3J79LuJU=
2026-06-29 21:06:50.940 +00:00 [INF] Executed DbCommand (1ms) [Parameters=[@__jti_0='?', @__userId_1='?' (DbType = Int32)], CommandType='"Text"', CommandTimeout='30']
SELECT a."ID", a."CreatedAt", a."DeviceFingerprint", a."ExpiresAt", a."IpAddress", a."IsRevoked", a."UserID", a.jti
FROM "AccessTokens" AS a
WHERE a.jti = @__jti_0 AND a."UserID" = @__userId_1 AND NOT (a."IsRevoked") AND a."ExpiresAt" > now()
LIMIT 1
2026-06-29 21:06:50.940 +00:00 [INF] Executing endpoint 'API.Controllers.PasswordController.GeneratePassword (API)'
2026-06-29 21:06:50.941 +00:00 [INF] Route matched with {action = "GeneratePassword", controller = "Password"}. Executing controller action with signature System.Threading.Tasks.Task`1[Microsoft.AspNetCore.Mvc.IActionResult] GeneratePassword(API.Models.RequestModels.GeneratePwdRequest) on controller API.Controllers.PasswordController (API).
2026-06-29 21:06:50.941 +00:00 [INF] Executing OkObjectResult, writing value of type '<>f__AnonymousType4`1[[System.String, System.Private.CoreLib, Version=9.0.0.0, Culture=neutral, PublicKeyToken=7cec85d7bea7798e]]'.
2026-06-29 21:06:50.942 +00:00 [INF] Executed action API.Controllers.PasswordController.GeneratePassword (API) in 0.7118ms
2026-06-29 21:06:50.942 +00:00 [INF] Executed endpoint 'API.Controllers.PasswordController.GeneratePassword (API)'
2026-06-29 21:06:50.942 +00:00 [INF] Request finished HTTP/1.1 POST http://192.168.1.4:8080/api/password/generate-password - 200 null application/json; charset=utf-8 7.103ms
2026-06-29 21:06:59.601 +00:00 [INF] Request starting HTTP/1.1 OPTIONS http://192.168.1.4:8080/api/user - null null
2026-06-29 21:06:59.602 +00:00 [INF] CORS policy execution successful.
2026-06-29 21:06:59.602 +00:00 [INF] Request finished HTTP/1.1 OPTIONS http://192.168.1.4:8080/api/user - 204 null null 0.7741ms
2026-06-29 21:06:59.604 +00:00 [INF] Request starting HTTP/1.1 PUT http://192.168.1.4:8080/api/user - application/json 139
2026-06-29 21:06:59.605 +00:00 [INF] CORS policy execution successful.
2026-06-29 21:06:59.605 +00:00 [INF] ====== OnMessageReceived START ======
2026-06-29 21:06:59.605 +00:00 [INF] Available cookies: 2
2026-06-29 21:06:59.605 +00:00 [INF] Cookie: adminToken = 844 chars
2026-06-29 21:06:59.606 +00:00 [INF] Cookie: adminRefreshToken = 44 chars
2026-06-29 21:06:59.606 +00:00 [INF] Admin token found in cookies, length: 844
2026-06-29 21:06:59.606 +00:00 [INF] Admin token set in context
2026-06-29 21:06:59.606 +00:00 [INF] ====== OnMessageReceived END - Token set: true ======
2026-06-29 21:06:59.606 +00:00 [INF] Token validated successfully for user: lengyelnorbi
2026-06-29 21:06:59.607 +00:00 [INF] Device fingerprint headers - UA: Mozilla/5.0 (Windows NT 10.0; Win64; x64) AppleWebKit/537.36 (KHTML, like Gecko) Chrome/149.0.0.0 Safari/537.36, Accept: */*, Encoding: gzip, deflate
2026-06-29 21:06:59.607 +00:00 [INF] Device fingerprint validation: Stored=+dnl/HqeUWZoa90RTxKXA37sysOj0ueJeeX3J79LuJU=, Current=+dnl/HqeUWZoa90RTxKXA37sysOj0ueJeeX3J79LuJU=
2026-06-29 21:06:59.609 +00:00 [INF] Executed DbCommand (1ms) [Parameters=[@__jti_0='?', @__userId_1='?' (DbType = Int32)], CommandType='"Text"', CommandTimeout='30']
SELECT a."ID", a."CreatedAt", a."DeviceFingerprint", a."ExpiresAt", a."IpAddress", a."IsRevoked", a."UserID", a.jti
FROM "AccessTokens" AS a
WHERE a.jti = @__jti_0 AND a."UserID" = @__userId_1 AND NOT (a."IsRevoked") AND a."ExpiresAt" > now()
LIMIT 1
2026-06-29 21:06:59.610 +00:00 [INF] Executing endpoint 'API.Controllers.UserController.UpdateUserAsync (API)'
2026-06-29 21:06:59.610 +00:00 [INF] Route matched with {action = "UpdateUser", controller = "User"}. Executing controller action with signature System.Threading.Tasks.Task`1[Microsoft.AspNetCore.Mvc.IActionResult] UpdateUserAsync(API.Models.RequestModels.UpdateUserRequest) on controller API.Controllers.UserController (API).
2026-06-29 21:06:59.611 +00:00 [INF] Executing BadRequestObjectResult, writing value of type 'Microsoft.AspNetCore.Mvc.ValidationProblemDetails'.
2026-06-29 21:06:59.611 +00:00 [INF] Executed action API.Controllers.UserController.UpdateUserAsync (API) in 0.896ms
2026-06-29 21:06:59.612 +00:00 [INF] Executed endpoint 'API.Controllers.UserController.UpdateUserAsync (API)'
2026-06-29 21:06:59.612 +00:00 [INF] Request finished HTTP/1.1 PUT http://192.168.1.4:8080/api/user - 400 null application/problem+json; charset=utf-8 7.6778ms
2026-06-29 21:09:09.446 +00:00 [INF] Request starting HTTP/1.1 OPTIONS http://192.168.1.4:8080/api/auth/refresh - null null
2026-06-29 21:09:09.447 +00:00 [INF] CORS policy execution successful.
2026-06-29 21:09:09.448 +00:00 [INF] Request finished HTTP/1.1 OPTIONS http://192.168.1.4:8080/api/auth/refresh - 204 null null 1.1822ms
2026-06-29 21:09:09.451 +00:00 [INF] Request starting HTTP/1.1 POST http://192.168.1.4:8080/api/auth/refresh - application/json 18
2026-06-29 21:09:09.451 +00:00 [INF] CORS policy execution successful.
2026-06-29 21:09:09.451 +00:00 [INF] ====== OnMessageReceived START ======
2026-06-29 21:09:09.452 +00:00 [INF] Available cookies: 2
2026-06-29 21:09:09.452 +00:00 [INF] Cookie: adminToken = 844 chars
2026-06-29 21:09:09.452 +00:00 [INF] Cookie: adminRefreshToken = 44 chars
2026-06-29 21:09:09.452 +00:00 [INF] Admin token found in cookies, length: 844
2026-06-29 21:09:09.452 +00:00 [INF] Admin token set in context
2026-06-29 21:09:09.453 +00:00 [INF] ====== OnMessageReceived END - Token set: true ======
2026-06-29 21:09:09.454 +00:00 [INF] Token validated successfully for user: lengyelnorbi
2026-06-29 21:09:09.454 +00:00 [INF] Device fingerprint headers - UA: Mozilla/5.0 (Windows NT 10.0; Win64; x64) AppleWebKit/537.36 (KHTML, like Gecko) Chrome/149.0.0.0 Safari/537.36, Accept: */*, Encoding: gzip, deflate
2026-06-29 21:09:09.454 +00:00 [INF] Device fingerprint validation: Stored=+dnl/HqeUWZoa90RTxKXA37sysOj0ueJeeX3J79LuJU=, Current=+dnl/HqeUWZoa90RTxKXA37sysOj0ueJeeX3J79LuJU=
2026-06-29 21:09:09.457 +00:00 [INF] Executed DbCommand (2ms) [Parameters=[@__jti_0='?', @__userId_1='?' (DbType = Int32)], CommandType='"Text"', CommandTimeout='30']
SELECT a."ID", a."CreatedAt", a."DeviceFingerprint", a."ExpiresAt", a."IpAddress", a."IsRevoked", a."UserID", a.jti
FROM "AccessTokens" AS a
WHERE a.jti = @__jti_0 AND a."UserID" = @__userId_1 AND NOT (a."IsRevoked") AND a."ExpiresAt" > now()
LIMIT 1
2026-06-29 21:09:09.457 +00:00 [INF] Executing endpoint 'API.Controllers.AuthController.RefreshToken (API)'
2026-06-29 21:09:09.458 +00:00 [INF] Route matched with {action = "RefreshToken", controller = "Auth"}. Executing controller action with signature System.Threading.Tasks.Task`1[Microsoft.AspNetCore.Mvc.IActionResult] RefreshToken(API.Models.RequestModels.RefreshRequest) on controller API.Controllers.AuthController (API).
2026-06-29 21:09:09.458 +00:00 [INF] Token refresh attempt at "2026-06-29T21:09:09.4589873Z"
2026-06-29 21:09:09.459 +00:00 [INF] Refreshing admin token at "2026-06-29T21:09:09.4591917Z"
2026-06-29 21:09:09.462 +00:00 [INF] Executed DbCommand (2ms) [Parameters=[@__tokenHash_0='?'], CommandType='"Text"', CommandTimeout='30']
SELECT r."ID", r."CreatedAt", r."DeviceFingerprint", r."ExpiresAt", r."IpAddress", r."IsRevoked", r."TokenHash", r."UserID"
FROM "RefreshTokens" AS r
WHERE r."TokenHash" = @__tokenHash_0 AND NOT (r."IsRevoked") AND r."ExpiresAt" > now()
ORDER BY r."CreatedAt" DESC
LIMIT 1
2026-06-29 21:09:09.462 +00:00 [INF] Mozilla/5.0 (Windows NT 10.0; Win64; x64) AppleWebKit/537.36 (KHTML, like Gecko) Chrome/149.0.0.0 Safari/537.36
2026-06-29 21:09:09.462 +00:00 [INF] Fetching user by ID from database...
2026-06-29 21:09:09.464 +00:00 [INF] Executed DbCommand (1ms) [Parameters=[@__id_0='?' (DbType = Int32)], CommandType='"Text"', CommandTimeout='30']
SELECT u."ID", u."Email", u."PasswordHash", u."RegisteredAt", u."Role", u."Username"
FROM "Users" AS u
WHERE u."ID" = @__id_0
LIMIT 1
2026-06-29 21:09:09.469 +00:00 [INF] Executed DbCommand (4ms) [Parameters=[@p0='?' (DbType = DateTime), @p1='?', @p2='?' (DbType = DateTime), @p3='?', @p4='?' (DbType = Int32), @p5='?'], CommandType='"Text"', CommandTimeout='30']
INSERT INTO "AccessTokens" ("CreatedAt", "DeviceFingerprint", "ExpiresAt", "IpAddress", "UserID", jti)
VALUES (@p0, @p1, @p2, @p3, @p4, @p5)
RETURNING "ID", "IsRevoked";
2026-06-29 21:09:09.471 +00:00 [INF] Executed DbCommand (1ms) [Parameters=[@__jti_0='?', @__userID_1='?' (DbType = Int32), @__deviceFingerprint_2='?', @__ipAddress_3='?'], CommandType='"Text"', CommandTimeout='30']
SELECT a."ID", a."CreatedAt", a."DeviceFingerprint", a."ExpiresAt", a."IpAddress", a."IsRevoked", a."UserID", a.jti
FROM "AccessTokens" AS a
WHERE a.jti = @__jti_0 AND a."UserID" = @__userID_1 AND a."DeviceFingerprint" = @__deviceFingerprint_2 AND a."IpAddress" = @__ipAddress_3
LIMIT 1
2026-06-29 21:09:09.472 +00:00 [INF] Attempting to revoke access token with jti be6f2e5e-2326-4fee-ac36-2957c1de38eb for user 1 from device +dnl/HqeUWZoa90RTxKXA37sysOj0ueJeeX3J79LuJU= and IP ::ffff:172.20.0.1
2026-06-29 21:09:09.472 +00:00 [INF] Access token found: API.Models.AccessToken
2026-06-29 21:09:09.475 +00:00 [INF] Executed DbCommand (2ms) [Parameters=[@p1='?' (DbType = Int32), @p0='?' (DbType = Boolean)], CommandType='"Text"', CommandTimeout='30']
UPDATE "AccessTokens" SET "IsRevoked" = @p0
WHERE "ID" = @p1;
2026-06-29 21:09:09.475 +00:00 [INF] Access token AccessToken for user 1 revoked: true
2026-06-29 21:09:09.478 +00:00 [INF] Executed DbCommand (3ms) [Parameters=[@p0='?' (DbType = DateTime), @p1='?', @p2='?' (DbType = DateTime), @p3='?', @p4='?', @p5='?' (DbType = Int32)], CommandType='"Text"', CommandTimeout='30']
INSERT INTO "RefreshTokens" ("CreatedAt", "DeviceFingerprint", "ExpiresAt", "IpAddress", "TokenHash", "UserID")
VALUES (@p0, @p1, @p2, @p3, @p4, @p5)
RETURNING "ID", "IsRevoked";
2026-06-29 21:09:09.480 +00:00 [INF] Executed DbCommand (1ms) [Parameters=[@__tokenHash_0='?', @__userId_1='?' (DbType = Int32), @__deviceFingerprint_2='?', @__ipAddress_3='?'], CommandType='"Text"', CommandTimeout='30']
SELECT r."ID", r."CreatedAt", r."DeviceFingerprint", r."ExpiresAt", r."IpAddress", r."IsRevoked", r."TokenHash", r."UserID"
FROM "RefreshTokens" AS r
WHERE r."TokenHash" = @__tokenHash_0 AND r."UserID" = @__userId_1 AND r."DeviceFingerprint" = @__deviceFingerprint_2 AND r."IpAddress" = @__ipAddress_3
LIMIT 1
2026-06-29 21:09:09.483 +00:00 [INF] Executed DbCommand (2ms) [Parameters=[@p1='?' (DbType = Int32), @p0='?' (DbType = Boolean)], CommandType='"Text"', CommandTimeout='30']
UPDATE "RefreshTokens" SET "IsRevoked" = @p0
WHERE "ID" = @p1;
2026-06-29 21:09:09.483 +00:00 [INF] Refresh token 61DIoJEsHFjJZQiYj6vt64n/llkFsx6JL+Ag0fndObI= for user 1 revoked: true
2026-06-29 21:09:09.483 +00:00 [INF] Token refreshed successfully for user 1 at "2026-06-29T21:09:09.4838089Z"
2026-06-29 21:09:09.484 +00:00 [INF] Executing OkObjectResult, writing value of type '<>f__AnonymousType3`2[[System.Boolean, System.Private.CoreLib, Version=9.0.0.0, Culture=neutral, PublicKeyToken=7cec85d7bea7798e],[System.Int32, System.Private.CoreLib, Version=9.0.0.0, Culture=neutral, PublicKeyToken=7cec85d7bea7798e]]'.
2026-06-29 21:09:09.484 +00:00 [INF] Executed action API.Controllers.AuthController.RefreshToken (API) in 25.9229ms
2026-06-29 21:09:09.484 +00:00 [INF] Executed endpoint 'API.Controllers.AuthController.RefreshToken (API)'
2026-06-29 21:09:09.485 +00:00 [INF] Request finished HTTP/1.1 POST http://192.168.1.4:8080/api/auth/refresh - 200 null application/json; charset=utf-8 33.8032ms
2026-06-29 21:13:40.440 +00:00 [INF] Request starting HTTP/1.1 OPTIONS http://192.168.1.4:8080/api/auth/refresh - null null
2026-06-29 21:13:40.440 +00:00 [INF] CORS policy execution successful.
2026-06-29 21:13:40.441 +00:00 [INF] Request finished HTTP/1.1 OPTIONS http://192.168.1.4:8080/api/auth/refresh - 204 null null 0.8671ms
2026-06-29 21:13:40.443 +00:00 [INF] Request starting HTTP/1.1 POST http://192.168.1.4:8080/api/auth/refresh - application/json 18
2026-06-29 21:13:40.443 +00:00 [INF] CORS policy execution successful.
2026-06-29 21:13:40.443 +00:00 [INF] ====== OnMessageReceived START ======
2026-06-29 21:13:40.443 +00:00 [INF] Available cookies: 2
2026-06-29 21:13:40.444 +00:00 [INF] Cookie: adminToken = 844 chars
2026-06-29 21:13:40.444 +00:00 [INF] Cookie: adminRefreshToken = 44 chars
2026-06-29 21:13:40.444 +00:00 [INF] Admin token found in cookies, length: 844
2026-06-29 21:13:40.444 +00:00 [INF] Admin token set in context
2026-06-29 21:13:40.445 +00:00 [INF] ====== OnMessageReceived END - Token set: true ======
2026-06-29 21:13:40.445 +00:00 [INF] Token validated successfully for user: lengyelnorbi
2026-06-29 21:13:40.445 +00:00 [INF] Device fingerprint headers - UA: Mozilla/5.0 (Windows NT 10.0; Win64; x64) AppleWebKit/537.36 (KHTML, like Gecko) Chrome/149.0.0.0 Safari/537.36, Accept: */*, Encoding: gzip, deflate
2026-06-29 21:13:40.446 +00:00 [INF] Device fingerprint validation: Stored=+dnl/HqeUWZoa90RTxKXA37sysOj0ueJeeX3J79LuJU=, Current=+dnl/HqeUWZoa90RTxKXA37sysOj0ueJeeX3J79LuJU=
2026-06-29 21:13:40.459 +00:00 [INF] Executed DbCommand (2ms) [Parameters=[@__jti_0='?', @__userId_1='?' (DbType = Int32)], CommandType='"Text"', CommandTimeout='30']
SELECT a."ID", a."CreatedAt", a."DeviceFingerprint", a."ExpiresAt", a."IpAddress", a."IsRevoked", a."UserID", a.jti
FROM "AccessTokens" AS a
WHERE a.jti = @__jti_0 AND a."UserID" = @__userId_1 AND NOT (a."IsRevoked") AND a."ExpiresAt" > now()
LIMIT 1
2026-06-29 21:13:40.460 +00:00 [INF] Executing endpoint 'API.Controllers.AuthController.RefreshToken (API)'
2026-06-29 21:13:40.460 +00:00 [INF] Route matched with {action = "RefreshToken", controller = "Auth"}. Executing controller action with signature System.Threading.Tasks.Task`1[Microsoft.AspNetCore.Mvc.IActionResult] RefreshToken(API.Models.RequestModels.RefreshRequest) on controller API.Controllers.AuthController (API).
2026-06-29 21:13:40.461 +00:00 [INF] Token refresh attempt at "2026-06-29T21:13:40.4610163Z"
2026-06-29 21:13:40.461 +00:00 [INF] Refreshing admin token at "2026-06-29T21:13:40.4612084Z"
2026-06-29 21:13:40.462 +00:00 [INF] Executed DbCommand (1ms) [Parameters=[@__tokenHash_0='?'], CommandType='"Text"', CommandTimeout='30']
SELECT r."ID", r."CreatedAt", r."DeviceFingerprint", r."ExpiresAt", r."IpAddress", r."IsRevoked", r."TokenHash", r."UserID"
FROM "RefreshTokens" AS r
WHERE r."TokenHash" = @__tokenHash_0 AND NOT (r."IsRevoked") AND r."ExpiresAt" > now()
ORDER BY r."CreatedAt" DESC
LIMIT 1
2026-06-29 21:13:40.463 +00:00 [INF] Mozilla/5.0 (Windows NT 10.0; Win64; x64) AppleWebKit/537.36 (KHTML, like Gecko) Chrome/149.0.0.0 Safari/537.36
2026-06-29 21:13:40.463 +00:00 [INF] Fetching user by ID from database...
2026-06-29 21:13:40.465 +00:00 [INF] Executed DbCommand (1ms) [Parameters=[@__id_0='?' (DbType = Int32)], CommandType='"Text"', CommandTimeout='30']
SELECT u."ID", u."Email", u."PasswordHash", u."RegisteredAt", u."Role", u."Username"
FROM "Users" AS u
WHERE u."ID" = @__id_0
LIMIT 1
2026-06-29 21:13:40.468 +00:00 [INF] Executed DbCommand (2ms) [Parameters=[@p0='?' (DbType = DateTime), @p1='?', @p2='?' (DbType = DateTime), @p3='?', @p4='?' (DbType = Int32), @p5='?'], CommandType='"Text"', CommandTimeout='30']
INSERT INTO "AccessTokens" ("CreatedAt", "DeviceFingerprint", "ExpiresAt", "IpAddress", "UserID", jti)
VALUES (@p0, @p1, @p2, @p3, @p4, @p5)
RETURNING "ID", "IsRevoked";
2026-06-29 21:13:40.470 +00:00 [INF] Executed DbCommand (1ms) [Parameters=[@__jti_0='?', @__userID_1='?' (DbType = Int32), @__deviceFingerprint_2='?', @__ipAddress_3='?'], CommandType='"Text"', CommandTimeout='30']
SELECT a."ID", a."CreatedAt", a."DeviceFingerprint", a."ExpiresAt", a."IpAddress", a."IsRevoked", a."UserID", a.jti
FROM "AccessTokens" AS a
WHERE a.jti = @__jti_0 AND a."UserID" = @__userID_1 AND a."DeviceFingerprint" = @__deviceFingerprint_2 AND a."IpAddress" = @__ipAddress_3
LIMIT 1
2026-06-29 21:13:40.470 +00:00 [INF] Attempting to revoke access token with jti 0e33ce20-332e-45c3-91ec-2215f221cce3 for user 1 from device +dnl/HqeUWZoa90RTxKXA37sysOj0ueJeeX3J79LuJU= and IP ::ffff:172.20.0.1
2026-06-29 21:13:40.470 +00:00 [INF] Access token found: API.Models.AccessToken
2026-06-29 21:13:40.472 +00:00 [INF] Executed DbCommand (2ms) [Parameters=[@p1='?' (DbType = Int32), @p0='?' (DbType = Boolean)], CommandType='"Text"', CommandTimeout='30']
UPDATE "AccessTokens" SET "IsRevoked" = @p0
WHERE "ID" = @p1;
2026-06-29 21:13:40.473 +00:00 [INF] Access token AccessToken for user 1 revoked: true
2026-06-29 21:13:40.475 +00:00 [INF] Executed DbCommand (2ms) [Parameters=[@p0='?' (DbType = DateTime), @p1='?', @p2='?' (DbType = DateTime), @p3='?', @p4='?', @p5='?' (DbType = Int32)], CommandType='"Text"', CommandTimeout='30']
INSERT INTO "RefreshTokens" ("CreatedAt", "DeviceFingerprint", "ExpiresAt", "IpAddress", "TokenHash", "UserID")
VALUES (@p0, @p1, @p2, @p3, @p4, @p5)
RETURNING "ID", "IsRevoked";
2026-06-29 21:13:40.477 +00:00 [INF] Executed DbCommand (1ms) [Parameters=[@__tokenHash_0='?', @__userId_1='?' (DbType = Int32), @__deviceFingerprint_2='?', @__ipAddress_3='?'], CommandType='"Text"', CommandTimeout='30']
SELECT r."ID", r."CreatedAt", r."DeviceFingerprint", r."ExpiresAt", r."IpAddress", r."IsRevoked", r."TokenHash", r."UserID"
FROM "RefreshTokens" AS r
WHERE r."TokenHash" = @__tokenHash_0 AND r."UserID" = @__userId_1 AND r."DeviceFingerprint" = @__deviceFingerprint_2 AND r."IpAddress" = @__ipAddress_3
LIMIT 1
2026-06-29 21:13:40.479 +00:00 [INF] Executed DbCommand (2ms) [Parameters=[@p1='?' (DbType = Int32), @p0='?' (DbType = Boolean)], CommandType='"Text"', CommandTimeout='30']
UPDATE "RefreshTokens" SET "IsRevoked" = @p0
WHERE "ID" = @p1;
2026-06-29 21:13:40.479 +00:00 [INF] Refresh token EzVxZit7iUeb4ZiMiAgq8MqrsjZ67e8jIWeWaAcXAlM= for user 1 revoked: true
2026-06-29 21:13:40.480 +00:00 [INF] Token refreshed successfully for user 1 at "2026-06-29T21:13:40.4801760Z"
2026-06-29 21:13:40.480 +00:00 [INF] Executing OkObjectResult, writing value of type '<>f__AnonymousType3`2[[System.Boolean, System.Private.CoreLib, Version=9.0.0.0, Culture=neutral, PublicKeyToken=7cec85d7bea7798e],[System.Int32, System.Private.CoreLib, Version=9.0.0.0, Culture=neutral, PublicKeyToken=7cec85d7bea7798e]]'.
2026-06-29 21:13:40.480 +00:00 [INF] Executed action API.Controllers.AuthController.RefreshToken (API) in 20.008ms
2026-06-29 21:13:40.480 +00:00 [INF] Executed endpoint 'API.Controllers.AuthController.RefreshToken (API)'
2026-06-29 21:13:40.481 +00:00 [INF] Request finished HTTP/1.1 POST http://192.168.1.4:8080/api/auth/refresh - 200 null application/json; charset=utf-8 38.0818ms
2026-06-29 21:18:11.445 +00:00 [INF] Request starting HTTP/1.1 OPTIONS http://192.168.1.4:8080/api/auth/refresh - null null
2026-06-29 21:18:11.446 +00:00 [INF] CORS policy execution successful.
2026-06-29 21:18:11.446 +00:00 [INF] Request finished HTTP/1.1 OPTIONS http://192.168.1.4:8080/api/auth/refresh - 204 null null 0.7117ms
2026-06-29 21:18:11.449 +00:00 [INF] Request starting HTTP/1.1 POST http://192.168.1.4:8080/api/auth/refresh - application/json 18
2026-06-29 21:18:11.449 +00:00 [INF] CORS policy execution successful.
2026-06-29 21:18:11.449 +00:00 [INF] ====== OnMessageReceived START ======
2026-06-29 21:18:11.450 +00:00 [INF] Available cookies: 2
2026-06-29 21:18:11.450 +00:00 [INF] Cookie: adminToken = 844 chars
2026-06-29 21:18:11.450 +00:00 [INF] Cookie: adminRefreshToken = 44 chars
2026-06-29 21:18:11.450 +00:00 [INF] Admin token found in cookies, length: 844
2026-06-29 21:18:11.450 +00:00 [INF] Admin token set in context
2026-06-29 21:18:11.451 +00:00 [INF] ====== OnMessageReceived END - Token set: true ======
2026-06-29 21:18:11.451 +00:00 [INF] Token validated successfully for user: lengyelnorbi
2026-06-29 21:18:11.451 +00:00 [INF] Device fingerprint headers - UA: Mozilla/5.0 (Windows NT 10.0; Win64; x64) AppleWebKit/537.36 (KHTML, like Gecko) Chrome/149.0.0.0 Safari/537.36, Accept: */*, Encoding: gzip, deflate
2026-06-29 21:18:11.451 +00:00 [INF] Device fingerprint validation: Stored=+dnl/HqeUWZoa90RTxKXA37sysOj0ueJeeX3J79LuJU=, Current=+dnl/HqeUWZoa90RTxKXA37sysOj0ueJeeX3J79LuJU=
2026-06-29 21:18:11.454 +00:00 [INF] Executed DbCommand (2ms) [Parameters=[@__jti_0='?', @__userId_1='?' (DbType = Int32)], CommandType='"Text"', CommandTimeout='30']
SELECT a."ID", a."CreatedAt", a."DeviceFingerprint", a."ExpiresAt", a."IpAddress", a."IsRevoked", a."UserID", a.jti
FROM "AccessTokens" AS a
WHERE a.jti = @__jti_0 AND a."UserID" = @__userId_1 AND NOT (a."IsRevoked") AND a."ExpiresAt" > now()
LIMIT 1
2026-06-29 21:18:11.455 +00:00 [INF] Executing endpoint 'API.Controllers.AuthController.RefreshToken (API)'
2026-06-29 21:18:11.455 +00:00 [INF] Route matched with {action = "RefreshToken", controller = "Auth"}. Executing controller action with signature System.Threading.Tasks.Task`1[Microsoft.AspNetCore.Mvc.IActionResult] RefreshToken(API.Models.RequestModels.RefreshRequest) on controller API.Controllers.AuthController (API).
2026-06-29 21:18:11.456 +00:00 [INF] Token refresh attempt at "2026-06-29T21:18:11.4564802Z"
2026-06-29 21:18:11.456 +00:00 [INF] Refreshing admin token at "2026-06-29T21:18:11.4567313Z"
2026-06-29 21:18:11.458 +00:00 [INF] Executed DbCommand (1ms) [Parameters=[@__tokenHash_0='?'], CommandType='"Text"', CommandTimeout='30']
SELECT r."ID", r."CreatedAt", r."DeviceFingerprint", r."ExpiresAt", r."IpAddress", r."IsRevoked", r."TokenHash", r."UserID"
FROM "RefreshTokens" AS r
WHERE r."TokenHash" = @__tokenHash_0 AND NOT (r."IsRevoked") AND r."ExpiresAt" > now()
ORDER BY r."CreatedAt" DESC
LIMIT 1
2026-06-29 21:18:11.458 +00:00 [INF] Mozilla/5.0 (Windows NT 10.0; Win64; x64) AppleWebKit/537.36 (KHTML, like Gecko) Chrome/149.0.0.0 Safari/537.36
2026-06-29 21:18:11.458 +00:00 [INF] Fetching user by ID from database...
2026-06-29 21:18:11.460 +00:00 [INF] Executed DbCommand (1ms) [Parameters=[@__id_0='?' (DbType = Int32)], CommandType='"Text"', CommandTimeout='30']
SELECT u."ID", u."Email", u."PasswordHash", u."RegisteredAt", u."Role", u."Username"
FROM "Users" AS u
WHERE u."ID" = @__id_0
LIMIT 1
2026-06-29 21:18:11.464 +00:00 [INF] Executed DbCommand (3ms) [Parameters=[@p0='?' (DbType = DateTime), @p1='?', @p2='?' (DbType = DateTime), @p3='?', @p4='?' (DbType = Int32), @p5='?'], CommandType='"Text"', CommandTimeout='30']
INSERT INTO "AccessTokens" ("CreatedAt", "DeviceFingerprint", "ExpiresAt", "IpAddress", "UserID", jti)
VALUES (@p0, @p1, @p2, @p3, @p4, @p5)
RETURNING "ID", "IsRevoked";
2026-06-29 21:18:11.466 +00:00 [INF] Executed DbCommand (1ms) [Parameters=[@__jti_0='?', @__userID_1='?' (DbType = Int32), @__deviceFingerprint_2='?', @__ipAddress_3='?'], CommandType='"Text"', CommandTimeout='30']
SELECT a."ID", a."CreatedAt", a."DeviceFingerprint", a."ExpiresAt", a."IpAddress", a."IsRevoked", a."UserID", a.jti
FROM "AccessTokens" AS a
WHERE a.jti = @__jti_0 AND a."UserID" = @__userID_1 AND a."DeviceFingerprint" = @__deviceFingerprint_2 AND a."IpAddress" = @__ipAddress_3
LIMIT 1
2026-06-29 21:18:11.466 +00:00 [INF] Attempting to revoke access token with jti e3b693af-3404-412f-9bde-d928aec25ea2 for user 1 from device +dnl/HqeUWZoa90RTxKXA37sysOj0ueJeeX3J79LuJU= and IP ::ffff:172.20.0.1
2026-06-29 21:18:11.466 +00:00 [INF] Access token found: API.Models.AccessToken
2026-06-29 21:18:11.468 +00:00 [INF] Executed DbCommand (2ms) [Parameters=[@p1='?' (DbType = Int32), @p0='?' (DbType = Boolean)], CommandType='"Text"', CommandTimeout='30']
UPDATE "AccessTokens" SET "IsRevoked" = @p0
WHERE "ID" = @p1;
2026-06-29 21:18:11.469 +00:00 [INF] Access token AccessToken for user 1 revoked: true
2026-06-29 21:18:11.471 +00:00 [INF] Executed DbCommand (2ms) [Parameters=[@p0='?' (DbType = DateTime), @p1='?', @p2='?' (DbType = DateTime), @p3='?', @p4='?', @p5='?' (DbType = Int32)], CommandType='"Text"', CommandTimeout='30']
INSERT INTO "RefreshTokens" ("CreatedAt", "DeviceFingerprint", "ExpiresAt", "IpAddress", "TokenHash", "UserID")
VALUES (@p0, @p1, @p2, @p3, @p4, @p5)
RETURNING "ID", "IsRevoked";
2026-06-29 21:18:11.472 +00:00 [INF] Executed DbCommand (1ms) [Parameters=[@__tokenHash_0='?', @__userId_1='?' (DbType = Int32), @__deviceFingerprint_2='?', @__ipAddress_3='?'], CommandType='"Text"', CommandTimeout='30']
SELECT r."ID", r."CreatedAt", r."DeviceFingerprint", r."ExpiresAt", r."IpAddress", r."IsRevoked", r."TokenHash", r."UserID"
FROM "RefreshTokens" AS r
WHERE r."TokenHash" = @__tokenHash_0 AND r."UserID" = @__userId_1 AND r."DeviceFingerprint" = @__deviceFingerprint_2 AND r."IpAddress" = @__ipAddress_3
LIMIT 1
2026-06-29 21:18:11.475 +00:00 [INF] Executed DbCommand (2ms) [Parameters=[@p1='?' (DbType = Int32), @p0='?' (DbType = Boolean)], CommandType='"Text"', CommandTimeout='30']
UPDATE "RefreshTokens" SET "IsRevoked" = @p0
WHERE "ID" = @p1;
2026-06-29 21:18:11.475 +00:00 [INF] Refresh token laW0YySiD3ULZ0YJhbaoFXTrH5DacH6uSAF2q3Pu3W8= for user 1 revoked: true
2026-06-29 21:18:11.475 +00:00 [INF] Token refreshed successfully for user 1 at "2026-06-29T21:18:11.4757257Z"
2026-06-29 21:18:11.475 +00:00 [INF] Executing OkObjectResult, writing value of type '<>f__AnonymousType3`2[[System.Boolean, System.Private.CoreLib, Version=9.0.0.0, Culture=neutral, PublicKeyToken=7cec85d7bea7798e],[System.Int32, System.Private.CoreLib, Version=9.0.0.0, Culture=neutral, PublicKeyToken=7cec85d7bea7798e]]'.
2026-06-29 21:18:11.476 +00:00 [INF] Executed action API.Controllers.AuthController.RefreshToken (API) in 20.3333ms
2026-06-29 21:18:11.476 +00:00 [INF] Executed endpoint 'API.Controllers.AuthController.RefreshToken (API)'
2026-06-29 21:18:11.476 +00:00 [INF] Request finished HTTP/1.1 POST http://192.168.1.4:8080/api/auth/refresh - 200 null application/json; charset=utf-8 27.3275ms
2026-06-29 21:21:32.500 +00:00 [INF] Request starting HTTP/1.1 GET http://192.168.1.4:8080/api/user?page=1&limit=10 - null null
2026-06-29 21:21:32.501 +00:00 [INF] CORS policy execution successful.
2026-06-29 21:21:32.502 +00:00 [INF] ====== OnMessageReceived START ======
2026-06-29 21:21:32.502 +00:00 [INF] Available cookies: 2
2026-06-29 21:21:32.503 +00:00 [INF] Cookie: adminToken = 844 chars
2026-06-29 21:21:32.503 +00:00 [INF] Request starting HTTP/1.1 GET http://192.168.1.4:8080/api/user?page=1&limit=10 - null null
2026-06-29 21:21:32.503 +00:00 [INF] Cookie: adminRefreshToken = 44 chars
2026-06-29 21:21:32.503 +00:00 [INF] CORS policy execution successful.
2026-06-29 21:21:32.504 +00:00 [INF] Admin token found in cookies, length: 844
2026-06-29 21:21:32.504 +00:00 [INF] ====== OnMessageReceived START ======
2026-06-29 21:21:32.504 +00:00 [INF] Admin token set in context
2026-06-29 21:21:32.504 +00:00 [INF] Available cookies: 2
2026-06-29 21:21:32.505 +00:00 [INF] ====== OnMessageReceived END - Token set: true ======
2026-06-29 21:21:32.505 +00:00 [INF] Cookie: adminToken = 844 chars
2026-06-29 21:21:32.506 +00:00 [INF] Cookie: adminRefreshToken = 44 chars
2026-06-29 21:21:32.506 +00:00 [INF] Token validated successfully for user: lengyelnorbi
2026-06-29 21:21:32.506 +00:00 [INF] Admin token found in cookies, length: 844
2026-06-29 21:21:32.507 +00:00 [INF] Device fingerprint headers - UA: Mozilla/5.0 (Windows NT 10.0; Win64; x64) AppleWebKit/537.36 (KHTML, like Gecko) Chrome/149.0.0.0 Safari/537.36, Accept: application/json, text/plain, */*, Encoding: gzip, deflate
2026-06-29 21:21:32.508 +00:00 [INF] Admin token set in context
2026-06-29 21:21:32.508 +00:00 [INF] Device fingerprint validation: Stored=+dnl/HqeUWZoa90RTxKXA37sysOj0ueJeeX3J79LuJU=, Current=+dnl/HqeUWZoa90RTxKXA37sysOj0ueJeeX3J79LuJU=
2026-06-29 21:21:32.508 +00:00 [INF] ====== OnMessageReceived END - Token set: true ======
2026-06-29 21:21:32.509 +00:00 [INF] Token validated successfully for user: lengyelnorbi
2026-06-29 21:21:32.509 +00:00 [INF] Device fingerprint headers - UA: Mozilla/5.0 (Windows NT 10.0; Win64; x64) AppleWebKit/537.36 (KHTML, like Gecko) Chrome/149.0.0.0 Safari/537.36, Accept: application/json, text/plain, */*, Encoding: gzip, deflate
2026-06-29 21:21:32.509 +00:00 [INF] Device fingerprint validation: Stored=+dnl/HqeUWZoa90RTxKXA37sysOj0ueJeeX3J79LuJU=, Current=+dnl/HqeUWZoa90RTxKXA37sysOj0ueJeeX3J79LuJU=
2026-06-29 21:21:32.523 +00:00 [INF] Executed DbCommand (2ms) [Parameters=[@__jti_0='?', @__userId_1='?' (DbType = Int32)], CommandType='"Text"', CommandTimeout='30']
SELECT a."ID", a."CreatedAt", a."DeviceFingerprint", a."ExpiresAt", a."IpAddress", a."IsRevoked", a."UserID", a.jti
FROM "AccessTokens" AS a
WHERE a.jti = @__jti_0 AND a."UserID" = @__userId_1 AND NOT (a."IsRevoked") AND a."ExpiresAt" > now()
LIMIT 1
2026-06-29 21:21:32.523 +00:00 [INF] Executed DbCommand (2ms) [Parameters=[@__jti_0='?', @__userId_1='?' (DbType = Int32)], CommandType='"Text"', CommandTimeout='30']
SELECT a."ID", a."CreatedAt", a."DeviceFingerprint", a."ExpiresAt", a."IpAddress", a."IsRevoked", a."UserID", a.jti
FROM "AccessTokens" AS a
WHERE a.jti = @__jti_0 AND a."UserID" = @__userId_1 AND NOT (a."IsRevoked") AND a."ExpiresAt" > now()
LIMIT 1
2026-06-29 21:21:32.524 +00:00 [INF] Executing endpoint 'API.Controllers.UserController.Get (API)'
2026-06-29 21:21:32.524 +00:00 [INF] Executing endpoint 'API.Controllers.UserController.Get (API)'
2026-06-29 21:21:32.524 +00:00 [INF] Route matched with {action = "Get", controller = "User"}. Executing controller action with signature System.Threading.Tasks.Task`1[API.Utils.PagedResult`1[API.DTO.UserDTO]] Get(Int32, Int32) on controller API.Controllers.UserController (API).
2026-06-29 21:21:32.524 +00:00 [INF] Route matched with {action = "Get", controller = "User"}. Executing controller action with signature System.Threading.Tasks.Task`1[API.Utils.PagedResult`1[API.DTO.UserDTO]] Get(Int32, Int32) on controller API.Controllers.UserController (API).
2026-06-29 21:21:32.528 +00:00 [INF] Executed DbCommand (2ms) [Parameters=[], CommandType='"Text"', CommandTimeout='30']
SELECT count(*)::int
FROM "Users" AS u
WHERE u."Role" <> 'Admin'
2026-06-29 21:21:32.528 +00:00 [INF] Executed DbCommand (2ms) [Parameters=[], CommandType='"Text"', CommandTimeout='30']
SELECT count(*)::int
FROM "Users" AS u
WHERE u."Role" <> 'Admin'
2026-06-29 21:21:32.532 +00:00 [INF] Executed DbCommand (4ms) [Parameters=[@__p_1='?' (DbType = Int32), @__p_0='?' (DbType = Int32)], CommandType='"Text"', CommandTimeout='30']
SELECT u."ID", u."Username", u."Email", u."RegisteredAt", u."Role"
FROM "Users" AS u
WHERE u."Role" <> 'Admin'
ORDER BY u."ID"
LIMIT @__p_1 OFFSET @__p_0
2026-06-29 21:21:32.532 +00:00 [INF] Executed DbCommand (4ms) [Parameters=[@__p_1='?' (DbType = Int32), @__p_0='?' (DbType = Int32)], CommandType='"Text"', CommandTimeout='30']
SELECT u."ID", u."Username", u."Email", u."RegisteredAt", u."Role"
FROM "Users" AS u
WHERE u."Role" <> 'Admin'
ORDER BY u."ID"
LIMIT @__p_1 OFFSET @__p_0
2026-06-29 21:21:32.533 +00:00 [INF] Executing ObjectResult, writing value of type 'API.Utils.PagedResult`1[[API.DTO.UserDTO, API, Version=1.0.0.0, Culture=neutral, PublicKeyToken=null]]'.
2026-06-29 21:21:32.533 +00:00 [INF] Executing ObjectResult, writing value of type 'API.Utils.PagedResult`1[[API.DTO.UserDTO, API, Version=1.0.0.0, Culture=neutral, PublicKeyToken=null]]'.
2026-06-29 21:21:32.533 +00:00 [INF] Executed action API.Controllers.UserController.Get (API) in 9.0706ms
2026-06-29 21:21:32.534 +00:00 [INF] Executed action API.Controllers.UserController.Get (API) in 8.1499ms
2026-06-29 21:21:32.534 +00:00 [INF] Executed endpoint 'API.Controllers.UserController.Get (API)'
2026-06-29 21:21:32.534 +00:00 [INF] Executed endpoint 'API.Controllers.UserController.Get (API)'
2026-06-29 21:21:32.535 +00:00 [INF] Request finished HTTP/1.1 GET http://192.168.1.4:8080/api/user?page=1&limit=10 - 200 null application/json; charset=utf-8 34.6284ms
2026-06-29 21:21:32.535 +00:00 [INF] Request finished HTTP/1.1 GET http://192.168.1.4:8080/api/user?page=1&limit=10 - 200 null application/json; charset=utf-8 32.0663ms
2026-06-29 21:21:34.171 +00:00 [INF] Request starting HTTP/1.1 GET http://192.168.1.4:8080/api/user?page=1&limit=10 - null null
2026-06-29 21:21:34.171 +00:00 [INF] CORS policy execution successful.
2026-06-29 21:21:34.171 +00:00 [INF] ====== OnMessageReceived START ======
2026-06-29 21:21:34.172 +00:00 [INF] Available cookies: 2
2026-06-29 21:21:34.172 +00:00 [INF] Cookie: adminToken = 844 chars
2026-06-29 21:21:34.173 +00:00 [INF] Cookie: adminRefreshToken = 44 chars
2026-06-29 21:21:34.173 +00:00 [INF] Admin token found in cookies, length: 844
2026-06-29 21:21:34.174 +00:00 [INF] Admin token set in context
2026-06-29 21:21:34.174 +00:00 [INF] ====== OnMessageReceived END - Token set: true ======
2026-06-29 21:21:34.174 +00:00 [INF] Token validated successfully for user: lengyelnorbi
2026-06-29 21:21:34.174 +00:00 [INF] Device fingerprint headers - UA: Mozilla/5.0 (Windows NT 10.0; Win64; x64) AppleWebKit/537.36 (KHTML, like Gecko) Chrome/149.0.0.0 Safari/537.36, Accept: application/json, text/plain, */*, Encoding: gzip, deflate
2026-06-29 21:21:34.175 +00:00 [INF] Device fingerprint validation: Stored=+dnl/HqeUWZoa90RTxKXA37sysOj0ueJeeX3J79LuJU=, Current=+dnl/HqeUWZoa90RTxKXA37sysOj0ueJeeX3J79LuJU=
2026-06-29 21:21:34.177 +00:00 [INF] Executed DbCommand (1ms) [Parameters=[@__jti_0='?', @__userId_1='?' (DbType = Int32)], CommandType='"Text"', CommandTimeout='30']
SELECT a."ID", a."CreatedAt", a."DeviceFingerprint", a."ExpiresAt", a."IpAddress", a."IsRevoked", a."UserID", a.jti
FROM "AccessTokens" AS a
WHERE a.jti = @__jti_0 AND a."UserID" = @__userId_1 AND NOT (a."IsRevoked") AND a."ExpiresAt" > now()
LIMIT 1
2026-06-29 21:21:34.177 +00:00 [INF] Executing endpoint 'API.Controllers.UserController.Get (API)'
2026-06-29 21:21:34.178 +00:00 [INF] Route matched with {action = "Get", controller = "User"}. Executing controller action with signature System.Threading.Tasks.Task`1[API.Utils.PagedResult`1[API.DTO.UserDTO]] Get(Int32, Int32) on controller API.Controllers.UserController (API).
2026-06-29 21:21:34.180 +00:00 [INF] Executed DbCommand (2ms) [Parameters=[], CommandType='"Text"', CommandTimeout='30']
SELECT count(*)::int
FROM "Users" AS u
WHERE u."Role" <> 'Admin'
2026-06-29 21:21:34.182 +00:00 [INF] Executed DbCommand (1ms) [Parameters=[@__p_1='?' (DbType = Int32), @__p_0='?' (DbType = Int32)], CommandType='"Text"', CommandTimeout='30']
SELECT u."ID", u."Username", u."Email", u."RegisteredAt", u."Role"
FROM "Users" AS u
WHERE u."Role" <> 'Admin'
ORDER BY u."ID"
LIMIT @__p_1 OFFSET @__p_0
2026-06-29 21:21:34.182 +00:00 [INF] Executing ObjectResult, writing value of type 'API.Utils.PagedResult`1[[API.DTO.UserDTO, API, Version=1.0.0.0, Culture=neutral, PublicKeyToken=null]]'.
2026-06-29 21:21:34.182 +00:00 [INF] Executed action API.Controllers.UserController.Get (API) in 4.5317ms
2026-06-29 21:21:34.183 +00:00 [INF] Executed endpoint 'API.Controllers.UserController.Get (API)'
2026-06-29 21:21:34.183 +00:00 [INF] Request finished HTTP/1.1 GET http://192.168.1.4:8080/api/user?page=1&limit=10 - 200 null application/json; charset=utf-8 12.3352ms
2026-06-29 21:21:42.180 +00:00 [INF] Request starting HTTP/1.1 OPTIONS http://192.168.1.4:8080/api/user - null null
2026-06-29 21:21:42.180 +00:00 [INF] CORS policy execution successful.
2026-06-29 21:21:42.181 +00:00 [INF] Request finished HTTP/1.1 OPTIONS http://192.168.1.4:8080/api/user - 204 null null 0.5771ms
2026-06-29 21:21:42.182 +00:00 [INF] Request starting HTTP/1.1 PUT http://192.168.1.4:8080/api/user - application/json 113
2026-06-29 21:21:42.183 +00:00 [INF] CORS policy execution successful.
2026-06-29 21:21:42.183 +00:00 [INF] ====== OnMessageReceived START ======
2026-06-29 21:21:42.183 +00:00 [INF] Available cookies: 2
2026-06-29 21:21:42.183 +00:00 [INF] Cookie: adminToken = 844 chars
2026-06-29 21:21:42.184 +00:00 [INF] Cookie: adminRefreshToken = 44 chars
2026-06-29 21:21:42.184 +00:00 [INF] Admin token found in cookies, length: 844
2026-06-29 21:21:42.184 +00:00 [INF] Admin token set in context
2026-06-29 21:21:42.184 +00:00 [INF] ====== OnMessageReceived END - Token set: true ======
2026-06-29 21:21:42.185 +00:00 [INF] Token validated successfully for user: lengyelnorbi
2026-06-29 21:21:42.185 +00:00 [INF] Device fingerprint headers - UA: Mozilla/5.0 (Windows NT 10.0; Win64; x64) AppleWebKit/537.36 (KHTML, like Gecko) Chrome/149.0.0.0 Safari/537.36, Accept: */*, Encoding: gzip, deflate
2026-06-29 21:21:42.185 +00:00 [INF] Device fingerprint validation: Stored=+dnl/HqeUWZoa90RTxKXA37sysOj0ueJeeX3J79LuJU=, Current=+dnl/HqeUWZoa90RTxKXA37sysOj0ueJeeX3J79LuJU=
2026-06-29 21:21:42.188 +00:00 [INF] Executed DbCommand (1ms) [Parameters=[@__jti_0='?', @__userId_1='?' (DbType = Int32)], CommandType='"Text"', CommandTimeout='30']
SELECT a."ID", a."CreatedAt", a."DeviceFingerprint", a."ExpiresAt", a."IpAddress", a."IsRevoked", a."UserID", a.jti
FROM "AccessTokens" AS a
WHERE a.jti = @__jti_0 AND a."UserID" = @__userId_1 AND NOT (a."IsRevoked") AND a."ExpiresAt" > now()
LIMIT 1
2026-06-29 21:21:42.188 +00:00 [INF] Executing endpoint 'API.Controllers.UserController.UpdateUserAsync (API)'
2026-06-29 21:21:42.188 +00:00 [INF] Route matched with {action = "UpdateUser", controller = "User"}. Executing controller action with signature System.Threading.Tasks.Task`1[Microsoft.AspNetCore.Mvc.IActionResult] UpdateUserAsync(API.Models.RequestModels.UpdateUserRequest) on controller API.Controllers.UserController (API).
2026-06-29 21:21:42.189 +00:00 [INF] Executing BadRequestObjectResult, writing value of type 'Microsoft.AspNetCore.Mvc.ValidationProblemDetails'.
2026-06-29 21:21:42.189 +00:00 [INF] Executed action API.Controllers.UserController.UpdateUserAsync (API) in 0.8435ms
2026-06-29 21:21:42.190 +00:00 [INF] Executed endpoint 'API.Controllers.UserController.UpdateUserAsync (API)'
2026-06-29 21:21:42.190 +00:00 [INF] Request finished HTTP/1.1 PUT http://192.168.1.4:8080/api/user - 400 null application/problem+json; charset=utf-8 7.9312ms
2026-06-29 21:22:42.423 +00:00 [INF] Request starting HTTP/1.1 OPTIONS http://192.168.1.4:8080/api/auth/refresh - null null
2026-06-29 21:22:42.423 +00:00 [INF] CORS policy execution successful.
2026-06-29 21:22:42.424 +00:00 [INF] Request finished HTTP/1.1 OPTIONS http://192.168.1.4:8080/api/auth/refresh - 204 null null 0.6898ms
2026-06-29 21:22:42.426 +00:00 [INF] Request starting HTTP/1.1 POST http://192.168.1.4:8080/api/auth/refresh - application/json 18
2026-06-29 21:22:42.427 +00:00 [INF] CORS policy execution successful.
2026-06-29 21:22:42.427 +00:00 [INF] ====== OnMessageReceived START ======
2026-06-29 21:22:42.428 +00:00 [INF] Available cookies: 2
2026-06-29 21:22:42.428 +00:00 [INF] Cookie: adminToken = 844 chars
2026-06-29 21:22:42.428 +00:00 [INF] Cookie: adminRefreshToken = 44 chars
2026-06-29 21:22:42.428 +00:00 [INF] Admin token found in cookies, length: 844
2026-06-29 21:22:42.429 +00:00 [INF] Admin token set in context
2026-06-29 21:22:42.429 +00:00 [INF] ====== OnMessageReceived END - Token set: true ======
2026-06-29 21:22:42.429 +00:00 [INF] Token validated successfully for user: lengyelnorbi
2026-06-29 21:22:42.429 +00:00 [INF] Device fingerprint headers - UA: Mozilla/5.0 (Windows NT 10.0; Win64; x64) AppleWebKit/537.36 (KHTML, like Gecko) Chrome/149.0.0.0 Safari/537.36, Accept: */*, Encoding: gzip, deflate
2026-06-29 21:22:42.429 +00:00 [INF] Device fingerprint validation: Stored=+dnl/HqeUWZoa90RTxKXA37sysOj0ueJeeX3J79LuJU=, Current=+dnl/HqeUWZoa90RTxKXA37sysOj0ueJeeX3J79LuJU=
2026-06-29 21:22:42.432 +00:00 [INF] Executed DbCommand (2ms) [Parameters=[@__jti_0='?', @__userId_1='?' (DbType = Int32)], CommandType='"Text"', CommandTimeout='30']
SELECT a."ID", a."CreatedAt", a."DeviceFingerprint", a."ExpiresAt", a."IpAddress", a."IsRevoked", a."UserID", a.jti
FROM "AccessTokens" AS a
WHERE a.jti = @__jti_0 AND a."UserID" = @__userId_1 AND NOT (a."IsRevoked") AND a."ExpiresAt" > now()
LIMIT 1
2026-06-29 21:22:42.433 +00:00 [INF] Executing endpoint 'API.Controllers.AuthController.RefreshToken (API)'
2026-06-29 21:22:42.433 +00:00 [INF] Route matched with {action = "RefreshToken", controller = "Auth"}. Executing controller action with signature System.Threading.Tasks.Task`1[Microsoft.AspNetCore.Mvc.IActionResult] RefreshToken(API.Models.RequestModels.RefreshRequest) on controller API.Controllers.AuthController (API).
2026-06-29 21:22:42.433 +00:00 [INF] Token refresh attempt at "2026-06-29T21:22:42.4339922Z"
2026-06-29 21:22:42.434 +00:00 [INF] Refreshing admin token at "2026-06-29T21:22:42.4341977Z"
2026-06-29 21:22:42.436 +00:00 [INF] Executed DbCommand (1ms) [Parameters=[@__tokenHash_0='?'], CommandType='"Text"', CommandTimeout='30']
SELECT r."ID", r."CreatedAt", r."DeviceFingerprint", r."ExpiresAt", r."IpAddress", r."IsRevoked", r."TokenHash", r."UserID"
FROM "RefreshTokens" AS r
WHERE r."TokenHash" = @__tokenHash_0 AND NOT (r."IsRevoked") AND r."ExpiresAt" > now()
ORDER BY r."CreatedAt" DESC
LIMIT 1
2026-06-29 21:22:42.436 +00:00 [INF] Mozilla/5.0 (Windows NT 10.0; Win64; x64) AppleWebKit/537.36 (KHTML, like Gecko) Chrome/149.0.0.0 Safari/537.36
2026-06-29 21:22:42.436 +00:00 [INF] Fetching user by ID from database...
2026-06-29 21:22:42.438 +00:00 [INF] Executed DbCommand (1ms) [Parameters=[@__id_0='?' (DbType = Int32)], CommandType='"Text"', CommandTimeout='30']
SELECT u."ID", u."Email", u."PasswordHash", u."RegisteredAt", u."Role", u."Username"
FROM "Users" AS u
WHERE u."ID" = @__id_0
LIMIT 1
2026-06-29 21:22:42.442 +00:00 [INF] Executed DbCommand (3ms) [Parameters=[@p0='?' (DbType = DateTime), @p1='?', @p2='?' (DbType = DateTime), @p3='?', @p4='?' (DbType = Int32), @p5='?'], CommandType='"Text"', CommandTimeout='30']
INSERT INTO "AccessTokens" ("CreatedAt", "DeviceFingerprint", "ExpiresAt", "IpAddress", "UserID", jti)
VALUES (@p0, @p1, @p2, @p3, @p4, @p5)
RETURNING "ID", "IsRevoked";
2026-06-29 21:22:42.443 +00:00 [INF] Executed DbCommand (1ms) [Parameters=[@__jti_0='?', @__userID_1='?' (DbType = Int32), @__deviceFingerprint_2='?', @__ipAddress_3='?'], CommandType='"Text"', CommandTimeout='30']
SELECT a."ID", a."CreatedAt", a."DeviceFingerprint", a."ExpiresAt", a."IpAddress", a."IsRevoked", a."UserID", a.jti
FROM "AccessTokens" AS a
WHERE a.jti = @__jti_0 AND a."UserID" = @__userID_1 AND a."DeviceFingerprint" = @__deviceFingerprint_2 AND a."IpAddress" = @__ipAddress_3
LIMIT 1
2026-06-29 21:22:42.444 +00:00 [INF] Attempting to revoke access token with jti a588d858-cd60-4be3-8038-0f8a91fd2565 for user 1 from device +dnl/HqeUWZoa90RTxKXA37sysOj0ueJeeX3J79LuJU= and IP ::ffff:172.20.0.1
2026-06-29 21:22:42.444 +00:00 [INF] Access token found: API.Models.AccessToken
2026-06-29 21:22:42.447 +00:00 [INF] Executed DbCommand (2ms) [Parameters=[@p1='?' (DbType = Int32), @p0='?' (DbType = Boolean)], CommandType='"Text"', CommandTimeout='30']
UPDATE "AccessTokens" SET "IsRevoked" = @p0
WHERE "ID" = @p1;
2026-06-29 21:22:42.447 +00:00 [INF] Access token AccessToken for user 1 revoked: true
2026-06-29 21:22:42.450 +00:00 [INF] Executed DbCommand (2ms) [Parameters=[@p0='?' (DbType = DateTime), @p1='?', @p2='?' (DbType = DateTime), @p3='?', @p4='?', @p5='?' (DbType = Int32)], CommandType='"Text"', CommandTimeout='30']
INSERT INTO "RefreshTokens" ("CreatedAt", "DeviceFingerprint", "ExpiresAt", "IpAddress", "TokenHash", "UserID")
VALUES (@p0, @p1, @p2, @p3, @p4, @p5)
RETURNING "ID", "IsRevoked";
2026-06-29 21:22:42.452 +00:00 [INF] Executed DbCommand (1ms) [Parameters=[@__tokenHash_0='?', @__userId_1='?' (DbType = Int32), @__deviceFingerprint_2='?', @__ipAddress_3='?'], CommandType='"Text"', CommandTimeout='30']
SELECT r."ID", r."CreatedAt", r."DeviceFingerprint", r."ExpiresAt", r."IpAddress", r."IsRevoked", r."TokenHash", r."UserID"
FROM "RefreshTokens" AS r
WHERE r."TokenHash" = @__tokenHash_0 AND r."UserID" = @__userId_1 AND r."DeviceFingerprint" = @__deviceFingerprint_2 AND r."IpAddress" = @__ipAddress_3
LIMIT 1
2026-06-29 21:22:42.454 +00:00 [INF] Executed DbCommand (2ms) [Parameters=[@p1='?' (DbType = Int32), @p0='?' (DbType = Boolean)], CommandType='"Text"', CommandTimeout='30']
UPDATE "RefreshTokens" SET "IsRevoked" = @p0
WHERE "ID" = @p1;
2026-06-29 21:22:42.455 +00:00 [INF] Refresh token jzg5Y1yvsVOjosFKF1j5x6GRIRpNVbpmGzgH8RbDifY= for user 1 revoked: true
2026-06-29 21:22:42.455 +00:00 [INF] Token refreshed successfully for user 1 at "2026-06-29T21:22:42.4553917Z"
2026-06-29 21:22:42.455 +00:00 [INF] Executing OkObjectResult, writing value of type '<>f__AnonymousType3`2[[System.Boolean, System.Private.CoreLib, Version=9.0.0.0, Culture=neutral, PublicKeyToken=7cec85d7bea7798e],[System.Int32, System.Private.CoreLib, Version=9.0.0.0, Culture=neutral, PublicKeyToken=7cec85d7bea7798e]]'.
2026-06-29 21:22:42.456 +00:00 [INF] Executed action API.Controllers.AuthController.RefreshToken (API) in 22.288ms
2026-06-29 21:22:42.456 +00:00 [INF] Executed endpoint 'API.Controllers.AuthController.RefreshToken (API)'
2026-06-29 21:22:42.456 +00:00 [INF] Request finished HTTP/1.1 POST http://192.168.1.4:8080/api/auth/refresh - 200 null application/json; charset=utf-8 30.3765ms
2026-06-29 21:24:25.401 +00:00 [INF] Request starting HTTP/1.1 GET http://192.168.1.4:8080/api/user?page=1&limit=10 - null null
2026-06-29 21:24:25.402 +00:00 [INF] CORS policy execution successful.
2026-06-29 21:24:25.403 +00:00 [INF] ====== OnMessageReceived START ======
2026-06-29 21:24:25.404 +00:00 [INF] Available cookies: 2
2026-06-29 21:24:25.404 +00:00 [INF] Cookie: adminToken = 844 chars
2026-06-29 21:24:25.405 +00:00 [INF] Cookie: adminRefreshToken = 44 chars
2026-06-29 21:24:25.405 +00:00 [INF] Admin token found in cookies, length: 844
2026-06-29 21:24:25.405 +00:00 [INF] Admin token set in context
2026-06-29 21:24:25.405 +00:00 [INF] Request starting HTTP/1.1 GET http://192.168.1.4:8080/api/user?page=1&limit=10 - null null
2026-06-29 21:24:25.405 +00:00 [INF] ====== OnMessageReceived END - Token set: true ======
2026-06-29 21:24:25.406 +00:00 [INF] CORS policy execution successful.
2026-06-29 21:24:25.407 +00:00 [INF] ====== OnMessageReceived START ======
2026-06-29 21:24:25.407 +00:00 [INF] Token validated successfully for user: lengyelnorbi
2026-06-29 21:24:25.407 +00:00 [INF] Available cookies: 2
2026-06-29 21:24:25.407 +00:00 [INF] Device fingerprint headers - UA: Mozilla/5.0 (Windows NT 10.0; Win64; x64) AppleWebKit/537.36 (KHTML, like Gecko) Chrome/149.0.0.0 Safari/537.36, Accept: application/json, text/plain, */*, Encoding: gzip, deflate
2026-06-29 21:24:25.408 +00:00 [INF] Cookie: adminToken = 844 chars
2026-06-29 21:24:25.408 +00:00 [INF] Device fingerprint validation: Stored=+dnl/HqeUWZoa90RTxKXA37sysOj0ueJeeX3J79LuJU=, Current=+dnl/HqeUWZoa90RTxKXA37sysOj0ueJeeX3J79LuJU=
2026-06-29 21:24:25.408 +00:00 [INF] Cookie: adminRefreshToken = 44 chars
2026-06-29 21:24:25.410 +00:00 [INF] Admin token found in cookies, length: 844
2026-06-29 21:24:25.410 +00:00 [INF] Admin token set in context
2026-06-29 21:24:25.411 +00:00 [INF] ====== OnMessageReceived END - Token set: true ======
2026-06-29 21:24:25.412 +00:00 [INF] Token validated successfully for user: lengyelnorbi
2026-06-29 21:24:25.412 +00:00 [INF] Device fingerprint headers - UA: Mozilla/5.0 (Windows NT 10.0; Win64; x64) AppleWebKit/537.36 (KHTML, like Gecko) Chrome/149.0.0.0 Safari/537.36, Accept: application/json, text/plain, */*, Encoding: gzip, deflate
2026-06-29 21:24:25.412 +00:00 [INF] Device fingerprint validation: Stored=+dnl/HqeUWZoa90RTxKXA37sysOj0ueJeeX3J79LuJU=, Current=+dnl/HqeUWZoa90RTxKXA37sysOj0ueJeeX3J79LuJU=
2026-06-29 21:24:25.417 +00:00 [INF] Executed DbCommand (5ms) [Parameters=[@__jti_0='?', @__userId_1='?' (DbType = Int32)], CommandType='"Text"', CommandTimeout='30']
SELECT a."ID", a."CreatedAt", a."DeviceFingerprint", a."ExpiresAt", a."IpAddress", a."IsRevoked", a."UserID", a.jti
FROM "AccessTokens" AS a
WHERE a.jti = @__jti_0 AND a."UserID" = @__userId_1 AND NOT (a."IsRevoked") AND a."ExpiresAt" > now()
LIMIT 1
2026-06-29 21:24:25.418 +00:00 [INF] Executing endpoint 'API.Controllers.UserController.Get (API)'
2026-06-29 21:24:25.418 +00:00 [INF] Route matched with {action = "Get", controller = "User"}. Executing controller action with signature System.Threading.Tasks.Task`1[API.Utils.PagedResult`1[API.DTO.UserDTO]] Get(Int32, Int32) on controller API.Controllers.UserController (API).
2026-06-29 21:24:25.419 +00:00 [INF] Executed DbCommand (6ms) [Parameters=[@__jti_0='?', @__userId_1='?' (DbType = Int32)], CommandType='"Text"', CommandTimeout='30']
SELECT a."ID", a."CreatedAt", a."DeviceFingerprint", a."ExpiresAt", a."IpAddress", a."IsRevoked", a."UserID", a.jti
FROM "AccessTokens" AS a
WHERE a.jti = @__jti_0 AND a."UserID" = @__userId_1 AND NOT (a."IsRevoked") AND a."ExpiresAt" > now()
LIMIT 1
2026-06-29 21:24:25.420 +00:00 [INF] Executing endpoint 'API.Controllers.UserController.Get (API)'
2026-06-29 21:24:25.420 +00:00 [INF] Route matched with {action = "Get", controller = "User"}. Executing controller action with signature System.Threading.Tasks.Task`1[API.Utils.PagedResult`1[API.DTO.UserDTO]] Get(Int32, Int32) on controller API.Controllers.UserController (API).
2026-06-29 21:24:25.421 +00:00 [INF] Executed DbCommand (1ms) [Parameters=[], CommandType='"Text"', CommandTimeout='30']
SELECT count(*)::int
FROM "Users" AS u
WHERE u."Role" <> 'Admin'
2026-06-29 21:24:25.422 +00:00 [INF] Executed DbCommand (2ms) [Parameters=[], CommandType='"Text"', CommandTimeout='30']
SELECT count(*)::int
FROM "Users" AS u
WHERE u."Role" <> 'Admin'
2026-06-29 21:24:25.423 +00:00 [INF] Executed DbCommand (1ms) [Parameters=[@__p_1='?' (DbType = Int32), @__p_0='?' (DbType = Int32)], CommandType='"Text"', CommandTimeout='30']
SELECT u."ID", u."Username", u."Email", u."RegisteredAt", u."Role"
FROM "Users" AS u
WHERE u."Role" <> 'Admin'
ORDER BY u."ID"
LIMIT @__p_1 OFFSET @__p_0
2026-06-29 21:24:25.424 +00:00 [INF] Executing ObjectResult, writing value of type 'API.Utils.PagedResult`1[[API.DTO.UserDTO, API, Version=1.0.0.0, Culture=neutral, PublicKeyToken=null]]'.
2026-06-29 21:24:25.424 +00:00 [INF] Executed action API.Controllers.UserController.Get (API) in 5.8084ms
2026-06-29 21:24:25.425 +00:00 [INF] Executed endpoint 'API.Controllers.UserController.Get (API)'
2026-06-29 21:24:25.425 +00:00 [INF] Request finished HTTP/1.1 GET http://192.168.1.4:8080/api/user?page=1&limit=10 - 200 null application/json; charset=utf-8 23.8793ms
2026-06-29 21:24:25.425 +00:00 [INF] Executed DbCommand (2ms) [Parameters=[@__p_1='?' (DbType = Int32), @__p_0='?' (DbType = Int32)], CommandType='"Text"', CommandTimeout='30']
SELECT u."ID", u."Username", u."Email", u."RegisteredAt", u."Role"
FROM "Users" AS u
WHERE u."Role" <> 'Admin'
ORDER BY u."ID"
LIMIT @__p_1 OFFSET @__p_0
2026-06-29 21:24:25.426 +00:00 [INF] Executing ObjectResult, writing value of type 'API.Utils.PagedResult`1[[API.DTO.UserDTO, API, Version=1.0.0.0, Culture=neutral, PublicKeyToken=null]]'.
2026-06-29 21:24:25.427 +00:00 [INF] Executed action API.Controllers.UserController.Get (API) in 6.3237ms
2026-06-29 21:24:25.427 +00:00 [INF] Executed endpoint 'API.Controllers.UserController.Get (API)'
2026-06-29 21:24:25.429 +00:00 [INF] Request finished HTTP/1.1 GET http://192.168.1.4:8080/api/user?page=1&limit=10 - 200 null application/json; charset=utf-8 23.5583ms
2026-06-29 21:24:26.810 +00:00 [INF] Request starting HTTP/1.1 GET http://192.168.1.4:8080/api/user?page=1&limit=10 - null null
2026-06-29 21:24:26.810 +00:00 [INF] CORS policy execution successful.
2026-06-29 21:24:26.810 +00:00 [INF] ====== OnMessageReceived START ======
2026-06-29 21:24:26.811 +00:00 [INF] Available cookies: 2
2026-06-29 21:24:26.811 +00:00 [INF] Cookie: adminToken = 844 chars
2026-06-29 21:24:26.811 +00:00 [INF] Cookie: adminRefreshToken = 44 chars
2026-06-29 21:24:26.812 +00:00 [INF] Admin token found in cookies, length: 844
2026-06-29 21:24:26.812 +00:00 [INF] Admin token set in context
2026-06-29 21:24:26.812 +00:00 [INF] ====== OnMessageReceived END - Token set: true ======
2026-06-29 21:24:26.813 +00:00 [INF] Token validated successfully for user: lengyelnorbi
2026-06-29 21:24:26.813 +00:00 [INF] Device fingerprint headers - UA: Mozilla/5.0 (Windows NT 10.0; Win64; x64) AppleWebKit/537.36 (KHTML, like Gecko) Chrome/149.0.0.0 Safari/537.36, Accept: application/json, text/plain, */*, Encoding: gzip, deflate
2026-06-29 21:24:26.813 +00:00 [INF] Device fingerprint validation: Stored=+dnl/HqeUWZoa90RTxKXA37sysOj0ueJeeX3J79LuJU=, Current=+dnl/HqeUWZoa90RTxKXA37sysOj0ueJeeX3J79LuJU=
2026-06-29 21:24:26.815 +00:00 [INF] Executed DbCommand (1ms) [Parameters=[@__jti_0='?', @__userId_1='?' (DbType = Int32)], CommandType='"Text"', CommandTimeout='30']
SELECT a."ID", a."CreatedAt", a."DeviceFingerprint", a."ExpiresAt", a."IpAddress", a."IsRevoked", a."UserID", a.jti
FROM "AccessTokens" AS a
WHERE a.jti = @__jti_0 AND a."UserID" = @__userId_1 AND NOT (a."IsRevoked") AND a."ExpiresAt" > now()
LIMIT 1
2026-06-29 21:24:26.816 +00:00 [INF] Executing endpoint 'API.Controllers.UserController.Get (API)'
2026-06-29 21:24:26.816 +00:00 [INF] Route matched with {action = "Get", controller = "User"}. Executing controller action with signature System.Threading.Tasks.Task`1[API.Utils.PagedResult`1[API.DTO.UserDTO]] Get(Int32, Int32) on controller API.Controllers.UserController (API).
2026-06-29 21:24:26.818 +00:00 [INF] Executed DbCommand (1ms) [Parameters=[], CommandType='"Text"', CommandTimeout='30']
SELECT count(*)::int
FROM "Users" AS u
WHERE u."Role" <> 'Admin'
2026-06-29 21:24:26.820 +00:00 [INF] Executed DbCommand (1ms) [Parameters=[@__p_1='?' (DbType = Int32), @__p_0='?' (DbType = Int32)], CommandType='"Text"', CommandTimeout='30']
SELECT u."ID", u."Username", u."Email", u."RegisteredAt", u."Role"
FROM "Users" AS u
WHERE u."Role" <> 'Admin'
ORDER BY u."ID"
LIMIT @__p_1 OFFSET @__p_0
2026-06-29 21:24:26.820 +00:00 [INF] Executing ObjectResult, writing value of type 'API.Utils.PagedResult`1[[API.DTO.UserDTO, API, Version=1.0.0.0, Culture=neutral, PublicKeyToken=null]]'.
2026-06-29 21:24:26.820 +00:00 [INF] Executed action API.Controllers.UserController.Get (API) in 4.0426ms
2026-06-29 21:24:26.821 +00:00 [INF] Executed endpoint 'API.Controllers.UserController.Get (API)'
2026-06-29 21:24:26.822 +00:00 [INF] Request finished HTTP/1.1 GET http://192.168.1.4:8080/api/user?page=1&limit=10 - 200 null application/json; charset=utf-8 11.9071ms
2026-06-29 21:24:33.483 +00:00 [INF] Request starting HTTP/1.1 OPTIONS http://192.168.1.4:8080/api/user - null null
2026-06-29 21:24:33.483 +00:00 [INF] CORS policy execution successful.
2026-06-29 21:24:33.484 +00:00 [INF] Request finished HTTP/1.1 OPTIONS http://192.168.1.4:8080/api/user - 204 null null 1.0347ms
2026-06-29 21:24:33.486 +00:00 [INF] Request starting HTTP/1.1 PUT http://192.168.1.4:8080/api/user - application/json 113
2026-06-29 21:24:33.487 +00:00 [INF] CORS policy execution successful.
2026-06-29 21:24:33.487 +00:00 [INF] ====== OnMessageReceived START ======
2026-06-29 21:24:33.487 +00:00 [INF] Available cookies: 2
2026-06-29 21:24:33.488 +00:00 [INF] Cookie: adminToken = 844 chars
2026-06-29 21:24:33.488 +00:00 [INF] Cookie: adminRefreshToken = 44 chars
2026-06-29 21:24:33.490 +00:00 [INF] Admin token found in cookies, length: 844
2026-06-29 21:24:33.490 +00:00 [INF] Admin token set in context
2026-06-29 21:24:33.491 +00:00 [INF] ====== OnMessageReceived END - Token set: true ======
2026-06-29 21:24:33.493 +00:00 [INF] Token validated successfully for user: lengyelnorbi
2026-06-29 21:24:33.493 +00:00 [INF] Device fingerprint headers - UA: Mozilla/5.0 (Windows NT 10.0; Win64; x64) AppleWebKit/537.36 (KHTML, like Gecko) Chrome/149.0.0.0 Safari/537.36, Accept: */*, Encoding: gzip, deflate
2026-06-29 21:24:33.494 +00:00 [INF] Device fingerprint validation: Stored=+dnl/HqeUWZoa90RTxKXA37sysOj0ueJeeX3J79LuJU=, Current=+dnl/HqeUWZoa90RTxKXA37sysOj0ueJeeX3J79LuJU=
2026-06-29 21:24:33.496 +00:00 [INF] Executed DbCommand (1ms) [Parameters=[@__jti_0='?', @__userId_1='?' (DbType = Int32)], CommandType='"Text"', CommandTimeout='30']
SELECT a."ID", a."CreatedAt", a."DeviceFingerprint", a."ExpiresAt", a."IpAddress", a."IsRevoked", a."UserID", a.jti
FROM "AccessTokens" AS a
WHERE a.jti = @__jti_0 AND a."UserID" = @__userId_1 AND NOT (a."IsRevoked") AND a."ExpiresAt" > now()
LIMIT 1
2026-06-29 21:24:33.497 +00:00 [INF] Executing endpoint 'API.Controllers.UserController.UpdateUserAsync (API)'
2026-06-29 21:24:33.498 +00:00 [INF] Route matched with {action = "UpdateUser", controller = "User"}. Executing controller action with signature System.Threading.Tasks.Task`1[Microsoft.AspNetCore.Mvc.IActionResult] UpdateUserAsync(API.Models.RequestModels.UpdateUserRequest) on controller API.Controllers.UserController (API).
2026-06-29 21:24:33.499 +00:00 [INF] Executing BadRequestObjectResult, writing value of type 'Microsoft.AspNetCore.Mvc.ValidationProblemDetails'.
2026-06-29 21:24:33.500 +00:00 [INF] Executed action API.Controllers.UserController.UpdateUserAsync (API) in 1.3441ms
2026-06-29 21:24:33.500 +00:00 [INF] Executed endpoint 'API.Controllers.UserController.UpdateUserAsync (API)'
2026-06-29 21:24:33.501 +00:00 [INF] Request finished HTTP/1.1 PUT http://192.168.1.4:8080/api/user - 400 null application/problem+json; charset=utf-8 14.0742ms
2026-06-29 21:24:37.067 +00:00 [INF] Request starting HTTP/1.1 GET http://192.168.1.4:8080/api/user?page=1&limit=10 - null null
2026-06-29 21:24:37.068 +00:00 [INF] CORS policy execution successful.
2026-06-29 21:24:37.068 +00:00 [INF] ====== OnMessageReceived START ======
2026-06-29 21:24:37.068 +00:00 [INF] Available cookies: 2
2026-06-29 21:24:37.069 +00:00 [INF] Cookie: adminToken = 844 chars
2026-06-29 21:24:37.069 +00:00 [INF] Cookie: adminRefreshToken = 44 chars
2026-06-29 21:24:37.069 +00:00 [INF] Admin token found in cookies, length: 844
2026-06-29 21:24:37.069 +00:00 [INF] Admin token set in context
2026-06-29 21:24:37.070 +00:00 [INF] ====== OnMessageReceived END - Token set: true ======
2026-06-29 21:24:37.070 +00:00 [INF] Request starting HTTP/1.1 GET http://192.168.1.4:8080/api/user?page=1&limit=10 - null null
2026-06-29 21:24:37.070 +00:00 [INF] CORS policy execution successful.
2026-06-29 21:24:37.071 +00:00 [INF] Token validated successfully for user: lengyelnorbi
2026-06-29 21:24:37.071 +00:00 [INF] ====== OnMessageReceived START ======
2026-06-29 21:24:37.071 +00:00 [INF] Device fingerprint headers - UA: Mozilla/5.0 (Windows NT 10.0; Win64; x64) AppleWebKit/537.36 (KHTML, like Gecko) Chrome/149.0.0.0 Safari/537.36, Accept: application/json, text/plain, */*, Encoding: gzip, deflate
2026-06-29 21:24:37.071 +00:00 [INF] Available cookies: 2
2026-06-29 21:24:37.072 +00:00 [INF] Device fingerprint validation: Stored=+dnl/HqeUWZoa90RTxKXA37sysOj0ueJeeX3J79LuJU=, Current=+dnl/HqeUWZoa90RTxKXA37sysOj0ueJeeX3J79LuJU=
2026-06-29 21:24:37.072 +00:00 [INF] Cookie: adminToken = 844 chars
2026-06-29 21:24:37.073 +00:00 [INF] Cookie: adminRefreshToken = 44 chars
2026-06-29 21:24:37.074 +00:00 [INF] Admin token found in cookies, length: 844
2026-06-29 21:24:37.074 +00:00 [INF] Admin token set in context
2026-06-29 21:24:37.074 +00:00 [INF] ====== OnMessageReceived END - Token set: true ======
2026-06-29 21:24:37.075 +00:00 [INF] Token validated successfully for user: lengyelnorbi
2026-06-29 21:24:37.075 +00:00 [INF] Executed DbCommand (1ms) [Parameters=[@__jti_0='?', @__userId_1='?' (DbType = Int32)], CommandType='"Text"', CommandTimeout='30']
SELECT a."ID", a."CreatedAt", a."DeviceFingerprint", a."ExpiresAt", a."IpAddress", a."IsRevoked", a."UserID", a.jti
FROM "AccessTokens" AS a
WHERE a.jti = @__jti_0 AND a."UserID" = @__userId_1 AND NOT (a."IsRevoked") AND a."ExpiresAt" > now()
LIMIT 1
2026-06-29 21:24:37.075 +00:00 [INF] Device fingerprint headers - UA: Mozilla/5.0 (Windows NT 10.0; Win64; x64) AppleWebKit/537.36 (KHTML, like Gecko) Chrome/149.0.0.0 Safari/537.36, Accept: application/json, text/plain, */*, Encoding: gzip, deflate
2026-06-29 21:24:37.076 +00:00 [INF] Executing endpoint 'API.Controllers.UserController.Get (API)'
2026-06-29 21:24:37.076 +00:00 [INF] Device fingerprint validation: Stored=+dnl/HqeUWZoa90RTxKXA37sysOj0ueJeeX3J79LuJU=, Current=+dnl/HqeUWZoa90RTxKXA37sysOj0ueJeeX3J79LuJU=
2026-06-29 21:24:37.076 +00:00 [INF] Route matched with {action = "Get", controller = "User"}. Executing controller action with signature System.Threading.Tasks.Task`1[API.Utils.PagedResult`1[API.DTO.UserDTO]] Get(Int32, Int32) on controller API.Controllers.UserController (API).
2026-06-29 21:24:37.079 +00:00 [INF] Executed DbCommand (1ms) [Parameters=[], CommandType='"Text"', CommandTimeout='30']
SELECT count(*)::int
FROM "Users" AS u
WHERE u."Role" <> 'Admin'
2026-06-29 21:24:37.079 +00:00 [INF] Executed DbCommand (1ms) [Parameters=[@__jti_0='?', @__userId_1='?' (DbType = Int32)], CommandType='"Text"', CommandTimeout='30']
SELECT a."ID", a."CreatedAt", a."DeviceFingerprint", a."ExpiresAt", a."IpAddress", a."IsRevoked", a."UserID", a.jti
FROM "AccessTokens" AS a
WHERE a.jti = @__jti_0 AND a."UserID" = @__userId_1 AND NOT (a."IsRevoked") AND a."ExpiresAt" > now()
LIMIT 1
2026-06-29 21:24:37.080 +00:00 [INF] Executing endpoint 'API.Controllers.UserController.Get (API)'
2026-06-29 21:24:37.080 +00:00 [INF] Route matched with {action = "Get", controller = "User"}. Executing controller action with signature System.Threading.Tasks.Task`1[API.Utils.PagedResult`1[API.DTO.UserDTO]] Get(Int32, Int32) on controller API.Controllers.UserController (API).
2026-06-29 21:24:37.081 +00:00 [INF] Executed DbCommand (1ms) [Parameters=[@__p_1='?' (DbType = Int32), @__p_0='?' (DbType = Int32)], CommandType='"Text"', CommandTimeout='30']
SELECT u."ID", u."Username", u."Email", u."RegisteredAt", u."Role"
FROM "Users" AS u
WHERE u."Role" <> 'Admin'
ORDER BY u."ID"
LIMIT @__p_1 OFFSET @__p_0
2026-06-29 21:24:37.081 +00:00 [INF] Executing ObjectResult, writing value of type 'API.Utils.PagedResult`1[[API.DTO.UserDTO, API, Version=1.0.0.0, Culture=neutral, PublicKeyToken=null]]'.
2026-06-29 21:24:37.081 +00:00 [INF] Executed action API.Controllers.UserController.Get (API) in 4.3841ms
2026-06-29 21:24:37.081 +00:00 [INF] Executed DbCommand (1ms) [Parameters=[], CommandType='"Text"', CommandTimeout='30']
SELECT count(*)::int
FROM "Users" AS u
WHERE u."Role" <> 'Admin'
2026-06-29 21:24:37.081 +00:00 [INF] Executed endpoint 'API.Controllers.UserController.Get (API)'
2026-06-29 21:24:37.082 +00:00 [INF] Request finished HTTP/1.1 GET http://192.168.1.4:8080/api/user?page=1&limit=10 - 200 null application/json; charset=utf-8 14.8165ms
2026-06-29 21:24:37.084 +00:00 [INF] Executed DbCommand (2ms) [Parameters=[@__p_1='?' (DbType = Int32), @__p_0='?' (DbType = Int32)], CommandType='"Text"', CommandTimeout='30']
SELECT u."ID", u."Username", u."Email", u."RegisteredAt", u."Role"
FROM "Users" AS u
WHERE u."Role" <> 'Admin'
ORDER BY u."ID"
LIMIT @__p_1 OFFSET @__p_0
2026-06-29 21:24:37.084 +00:00 [INF] Executing ObjectResult, writing value of type 'API.Utils.PagedResult`1[[API.DTO.UserDTO, API, Version=1.0.0.0, Culture=neutral, PublicKeyToken=null]]'.
2026-06-29 21:24:37.085 +00:00 [INF] Executed action API.Controllers.UserController.Get (API) in 4.4987ms
2026-06-29 21:24:37.085 +00:00 [INF] Executed endpoint 'API.Controllers.UserController.Get (API)'
2026-06-29 21:24:37.085 +00:00 [INF] Request finished HTTP/1.1 GET http://192.168.1.4:8080/api/user?page=1&limit=10 - 200 null application/json; charset=utf-8 15.4885ms
2026-06-29 21:24:38.336 +00:00 [INF] Request starting HTTP/1.1 GET http://192.168.1.4:8080/api/user?page=1&limit=10 - null null
2026-06-29 21:24:38.337 +00:00 [INF] CORS policy execution successful.
2026-06-29 21:24:38.337 +00:00 [INF] ====== OnMessageReceived START ======
2026-06-29 21:24:38.337 +00:00 [INF] Available cookies: 2
2026-06-29 21:24:38.337 +00:00 [INF] Cookie: adminToken = 844 chars
2026-06-29 21:24:38.338 +00:00 [INF] Cookie: adminRefreshToken = 44 chars
2026-06-29 21:24:38.338 +00:00 [INF] Admin token found in cookies, length: 844
2026-06-29 21:24:38.338 +00:00 [INF] Admin token set in context
2026-06-29 21:24:38.338 +00:00 [INF] ====== OnMessageReceived END - Token set: true ======
2026-06-29 21:24:38.339 +00:00 [INF] Token validated successfully for user: lengyelnorbi
2026-06-29 21:24:38.339 +00:00 [INF] Device fingerprint headers - UA: Mozilla/5.0 (Windows NT 10.0; Win64; x64) AppleWebKit/537.36 (KHTML, like Gecko) Chrome/149.0.0.0 Safari/537.36, Accept: application/json, text/plain, */*, Encoding: gzip, deflate
2026-06-29 21:24:38.340 +00:00 [INF] Device fingerprint validation: Stored=+dnl/HqeUWZoa90RTxKXA37sysOj0ueJeeX3J79LuJU=, Current=+dnl/HqeUWZoa90RTxKXA37sysOj0ueJeeX3J79LuJU=
2026-06-29 21:24:38.343 +00:00 [INF] Executed DbCommand (1ms) [Parameters=[@__jti_0='?', @__userId_1='?' (DbType = Int32)], CommandType='"Text"', CommandTimeout='30']
SELECT a."ID", a."CreatedAt", a."DeviceFingerprint", a."ExpiresAt", a."IpAddress", a."IsRevoked", a."UserID", a.jti
FROM "AccessTokens" AS a
WHERE a.jti = @__jti_0 AND a."UserID" = @__userId_1 AND NOT (a."IsRevoked") AND a."ExpiresAt" > now()
LIMIT 1
2026-06-29 21:24:38.343 +00:00 [INF] Executing endpoint 'API.Controllers.UserController.Get (API)'
2026-06-29 21:24:38.344 +00:00 [INF] Route matched with {action = "Get", controller = "User"}. Executing controller action with signature System.Threading.Tasks.Task`1[API.Utils.PagedResult`1[API.DTO.UserDTO]] Get(Int32, Int32) on controller API.Controllers.UserController (API).
2026-06-29 21:24:38.345 +00:00 [INF] Executed DbCommand (1ms) [Parameters=[], CommandType='"Text"', CommandTimeout='30']
SELECT count(*)::int
FROM "Users" AS u
WHERE u."Role" <> 'Admin'
2026-06-29 21:24:38.347 +00:00 [INF] Executed DbCommand (1ms) [Parameters=[@__p_1='?' (DbType = Int32), @__p_0='?' (DbType = Int32)], CommandType='"Text"', CommandTimeout='30']
SELECT u."ID", u."Username", u."Email", u."RegisteredAt", u."Role"
FROM "Users" AS u
WHERE u."Role" <> 'Admin'
ORDER BY u."ID"
LIMIT @__p_1 OFFSET @__p_0
2026-06-29 21:24:38.348 +00:00 [INF] Executing ObjectResult, writing value of type 'API.Utils.PagedResult`1[[API.DTO.UserDTO, API, Version=1.0.0.0, Culture=neutral, PublicKeyToken=null]]'.
2026-06-29 21:24:38.348 +00:00 [INF] Executed action API.Controllers.UserController.Get (API) in 4.3076ms
2026-06-29 21:24:38.348 +00:00 [INF] Executed endpoint 'API.Controllers.UserController.Get (API)'
2026-06-29 21:24:38.349 +00:00 [INF] Request finished HTTP/1.1 GET http://192.168.1.4:8080/api/user?page=1&limit=10 - 200 null application/json; charset=utf-8 12.8087ms
2026-06-29 21:24:42.204 +00:00 [INF] Request starting HTTP/1.1 OPTIONS http://192.168.1.4:8080/api/password/generate-password - null null
2026-06-29 21:24:42.205 +00:00 [INF] CORS policy execution successful.
2026-06-29 21:24:42.206 +00:00 [INF] Request finished HTTP/1.1 OPTIONS http://192.168.1.4:8080/api/password/generate-password - 204 null null 1.3239ms
2026-06-29 21:24:42.207 +00:00 [INF] Request starting HTTP/1.1 POST http://192.168.1.4:8080/api/password/generate-password - application/json 69
2026-06-29 21:24:42.207 +00:00 [INF] CORS policy execution successful.
2026-06-29 21:24:42.208 +00:00 [INF] ====== OnMessageReceived START ======
2026-06-29 21:24:42.208 +00:00 [INF] Available cookies: 2
2026-06-29 21:24:42.209 +00:00 [INF] Cookie: adminToken = 844 chars
2026-06-29 21:24:42.209 +00:00 [INF] Cookie: adminRefreshToken = 44 chars
2026-06-29 21:24:42.209 +00:00 [INF] Admin token found in cookies, length: 844
2026-06-29 21:24:42.209 +00:00 [INF] Admin token set in context
2026-06-29 21:24:42.210 +00:00 [INF] ====== OnMessageReceived END - Token set: true ======
2026-06-29 21:24:42.210 +00:00 [INF] Token validated successfully for user: lengyelnorbi
2026-06-29 21:24:42.210 +00:00 [INF] Device fingerprint headers - UA: Mozilla/5.0 (Windows NT 10.0; Win64; x64) AppleWebKit/537.36 (KHTML, like Gecko) Chrome/149.0.0.0 Safari/537.36, Accept: */*, Encoding: gzip, deflate
2026-06-29 21:24:42.211 +00:00 [INF] Device fingerprint validation: Stored=+dnl/HqeUWZoa90RTxKXA37sysOj0ueJeeX3J79LuJU=, Current=+dnl/HqeUWZoa90RTxKXA37sysOj0ueJeeX3J79LuJU=
2026-06-29 21:24:42.213 +00:00 [INF] Executed DbCommand (1ms) [Parameters=[@__jti_0='?', @__userId_1='?' (DbType = Int32)], CommandType='"Text"', CommandTimeout='30']
SELECT a."ID", a."CreatedAt", a."DeviceFingerprint", a."ExpiresAt", a."IpAddress", a."IsRevoked", a."UserID", a.jti
FROM "AccessTokens" AS a
WHERE a.jti = @__jti_0 AND a."UserID" = @__userId_1 AND NOT (a."IsRevoked") AND a."ExpiresAt" > now()
LIMIT 1
2026-06-29 21:24:42.214 +00:00 [INF] Executing endpoint 'API.Controllers.PasswordController.GeneratePassword (API)'
2026-06-29 21:24:42.214 +00:00 [INF] Route matched with {action = "GeneratePassword", controller = "Password"}. Executing controller action with signature System.Threading.Tasks.Task`1[Microsoft.AspNetCore.Mvc.IActionResult] GeneratePassword(API.Models.RequestModels.GeneratePwdRequest) on controller API.Controllers.PasswordController (API).
2026-06-29 21:24:42.216 +00:00 [INF] Executing OkObjectResult, writing value of type '<>f__AnonymousType4`1[[System.String, System.Private.CoreLib, Version=9.0.0.0, Culture=neutral, PublicKeyToken=7cec85d7bea7798e]]'.
2026-06-29 21:24:42.217 +00:00 [INF] Executed action API.Controllers.PasswordController.GeneratePassword (API) in 1.6563ms
2026-06-29 21:24:42.217 +00:00 [INF] Executed endpoint 'API.Controllers.PasswordController.GeneratePassword (API)'
2026-06-29 21:24:42.217 +00:00 [INF] Request finished HTTP/1.1 POST http://192.168.1.4:8080/api/password/generate-password - 200 null application/json; charset=utf-8 10.4024ms
2026-06-29 21:24:43.234 +00:00 [INF] Request starting HTTP/1.1 OPTIONS http://192.168.1.4:8080/api/user - null null
2026-06-29 21:24:43.235 +00:00 [INF] CORS policy execution successful.
2026-06-29 21:24:43.235 +00:00 [INF] Request finished HTTP/1.1 OPTIONS http://192.168.1.4:8080/api/user - 204 null null 0.8772ms
2026-06-29 21:24:43.237 +00:00 [INF] Request starting HTTP/1.1 PUT http://192.168.1.4:8080/api/user - application/json 139
2026-06-29 21:24:43.237 +00:00 [INF] CORS policy execution successful.
2026-06-29 21:24:43.237 +00:00 [INF] ====== OnMessageReceived START ======
2026-06-29 21:24:43.238 +00:00 [INF] Available cookies: 2
2026-06-29 21:24:43.238 +00:00 [INF] Cookie: adminToken = 844 chars
2026-06-29 21:24:43.238 +00:00 [INF] Cookie: adminRefreshToken = 44 chars
2026-06-29 21:24:43.238 +00:00 [INF] Admin token found in cookies, length: 844
2026-06-29 21:24:43.238 +00:00 [INF] Admin token set in context
2026-06-29 21:24:43.239 +00:00 [INF] ====== OnMessageReceived END - Token set: true ======
2026-06-29 21:24:43.239 +00:00 [INF] Token validated successfully for user: lengyelnorbi
2026-06-29 21:24:43.240 +00:00 [INF] Device fingerprint headers - UA: Mozilla/5.0 (Windows NT 10.0; Win64; x64) AppleWebKit/537.36 (KHTML, like Gecko) Chrome/149.0.0.0 Safari/537.36, Accept: */*, Encoding: gzip, deflate
2026-06-29 21:24:43.240 +00:00 [INF] Device fingerprint validation: Stored=+dnl/HqeUWZoa90RTxKXA37sysOj0ueJeeX3J79LuJU=, Current=+dnl/HqeUWZoa90RTxKXA37sysOj0ueJeeX3J79LuJU=
2026-06-29 21:24:43.243 +00:00 [INF] Executed DbCommand (1ms) [Parameters=[@__jti_0='?', @__userId_1='?' (DbType = Int32)], CommandType='"Text"', CommandTimeout='30']
SELECT a."ID", a."CreatedAt", a."DeviceFingerprint", a."ExpiresAt", a."IpAddress", a."IsRevoked", a."UserID", a.jti
FROM "AccessTokens" AS a
WHERE a.jti = @__jti_0 AND a."UserID" = @__userId_1 AND NOT (a."IsRevoked") AND a."ExpiresAt" > now()
LIMIT 1
2026-06-29 21:24:43.243 +00:00 [INF] Executing endpoint 'API.Controllers.UserController.UpdateUserAsync (API)'
2026-06-29 21:24:43.244 +00:00 [INF] Route matched with {action = "UpdateUser", controller = "User"}. Executing controller action with signature System.Threading.Tasks.Task`1[Microsoft.AspNetCore.Mvc.IActionResult] UpdateUserAsync(API.Models.RequestModels.UpdateUserRequest) on controller API.Controllers.UserController (API).
2026-06-29 21:24:43.244 +00:00 [INF] Executing BadRequestObjectResult, writing value of type 'Microsoft.AspNetCore.Mvc.ValidationProblemDetails'.
2026-06-29 21:24:43.244 +00:00 [INF] Executed action API.Controllers.UserController.UpdateUserAsync (API) in 0.6485ms
2026-06-29 21:24:43.245 +00:00 [INF] Executed endpoint 'API.Controllers.UserController.UpdateUserAsync (API)'
2026-06-29 21:24:43.245 +00:00 [INF] Request finished HTTP/1.1 PUT http://192.168.1.4:8080/api/user - 400 null application/problem+json; charset=utf-8 8.1213ms
2026-06-29 21:27:13.417 +00:00 [INF] Request starting HTTP/1.1 OPTIONS http://192.168.1.4:8080/api/auth/refresh - null null
2026-06-29 21:27:13.418 +00:00 [INF] CORS policy execution successful.
2026-06-29 21:27:13.418 +00:00 [INF] Request finished HTTP/1.1 OPTIONS http://192.168.1.4:8080/api/auth/refresh - 204 null null 1.3906ms
2026-06-29 21:27:13.420 +00:00 [INF] Request starting HTTP/1.1 POST http://192.168.1.4:8080/api/auth/refresh - application/json 18
2026-06-29 21:27:13.421 +00:00 [INF] CORS policy execution successful.
2026-06-29 21:27:13.421 +00:00 [INF] ====== OnMessageReceived START ======
2026-06-29 21:27:13.421 +00:00 [INF] Available cookies: 2
2026-06-29 21:27:13.421 +00:00 [INF] Cookie: adminToken = 844 chars
2026-06-29 21:27:13.421 +00:00 [INF] Cookie: adminRefreshToken = 44 chars
2026-06-29 21:27:13.421 +00:00 [INF] Admin token found in cookies, length: 844
2026-06-29 21:27:13.422 +00:00 [INF] Admin token set in context
2026-06-29 21:27:13.422 +00:00 [INF] ====== OnMessageReceived END - Token set: true ======
2026-06-29 21:27:13.422 +00:00 [INF] Token validated successfully for user: lengyelnorbi
2026-06-29 21:27:13.423 +00:00 [INF] Device fingerprint headers - UA: Mozilla/5.0 (Windows NT 10.0; Win64; x64) AppleWebKit/537.36 (KHTML, like Gecko) Chrome/149.0.0.0 Safari/537.36, Accept: */*, Encoding: gzip, deflate
2026-06-29 21:27:13.423 +00:00 [INF] Device fingerprint validation: Stored=+dnl/HqeUWZoa90RTxKXA37sysOj0ueJeeX3J79LuJU=, Current=+dnl/HqeUWZoa90RTxKXA37sysOj0ueJeeX3J79LuJU=
2026-06-29 21:27:13.437 +00:00 [INF] Executed DbCommand (4ms) [Parameters=[@__jti_0='?', @__userId_1='?' (DbType = Int32)], CommandType='"Text"', CommandTimeout='30']
SELECT a."ID", a."CreatedAt", a."DeviceFingerprint", a."ExpiresAt", a."IpAddress", a."IsRevoked", a."UserID", a.jti
FROM "AccessTokens" AS a
WHERE a.jti = @__jti_0 AND a."UserID" = @__userId_1 AND NOT (a."IsRevoked") AND a."ExpiresAt" > now()
LIMIT 1
2026-06-29 21:27:13.438 +00:00 [INF] Executing endpoint 'API.Controllers.AuthController.RefreshToken (API)'
2026-06-29 21:27:13.438 +00:00 [INF] Route matched with {action = "RefreshToken", controller = "Auth"}. Executing controller action with signature System.Threading.Tasks.Task`1[Microsoft.AspNetCore.Mvc.IActionResult] RefreshToken(API.Models.RequestModels.RefreshRequest) on controller API.Controllers.AuthController (API).
2026-06-29 21:27:13.439 +00:00 [INF] Token refresh attempt at "2026-06-29T21:27:13.4393349Z"
2026-06-29 21:27:13.439 +00:00 [INF] Refreshing admin token at "2026-06-29T21:27:13.4395942Z"
2026-06-29 21:27:13.442 +00:00 [INF] Executed DbCommand (2ms) [Parameters=[@__tokenHash_0='?'], CommandType='"Text"', CommandTimeout='30']
SELECT r."ID", r."CreatedAt", r."DeviceFingerprint", r."ExpiresAt", r."IpAddress", r."IsRevoked", r."TokenHash", r."UserID"
FROM "RefreshTokens" AS r
WHERE r."TokenHash" = @__tokenHash_0 AND NOT (r."IsRevoked") AND r."ExpiresAt" > now()
ORDER BY r."CreatedAt" DESC
LIMIT 1
2026-06-29 21:27:13.443 +00:00 [INF] Mozilla/5.0 (Windows NT 10.0; Win64; x64) AppleWebKit/537.36 (KHTML, like Gecko) Chrome/149.0.0.0 Safari/537.36
2026-06-29 21:27:13.443 +00:00 [INF] Fetching user by ID from database...
2026-06-29 21:27:13.445 +00:00 [INF] Executed DbCommand (1ms) [Parameters=[@__id_0='?' (DbType = Int32)], CommandType='"Text"', CommandTimeout='30']
SELECT u."ID", u."Email", u."PasswordHash", u."RegisteredAt", u."Role", u."Username"
FROM "Users" AS u
WHERE u."ID" = @__id_0
LIMIT 1
2026-06-29 21:27:13.450 +00:00 [INF] Executed DbCommand (3ms) [Parameters=[@p0='?' (DbType = DateTime), @p1='?', @p2='?' (DbType = DateTime), @p3='?', @p4='?' (DbType = Int32), @p5='?'], CommandType='"Text"', CommandTimeout='30']
INSERT INTO "AccessTokens" ("CreatedAt", "DeviceFingerprint", "ExpiresAt", "IpAddress", "UserID", jti)
VALUES (@p0, @p1, @p2, @p3, @p4, @p5)
RETURNING "ID", "IsRevoked";
2026-06-29 21:27:13.540 +00:00 [INF] Executed DbCommand (2ms) [Parameters=[@__jti_0='?', @__userID_1='?' (DbType = Int32), @__deviceFingerprint_2='?', @__ipAddress_3='?'], CommandType='"Text"', CommandTimeout='30']
SELECT a."ID", a."CreatedAt", a."DeviceFingerprint", a."ExpiresAt", a."IpAddress", a."IsRevoked", a."UserID", a.jti
FROM "AccessTokens" AS a
WHERE a.jti = @__jti_0 AND a."UserID" = @__userID_1 AND a."DeviceFingerprint" = @__deviceFingerprint_2 AND a."IpAddress" = @__ipAddress_3
LIMIT 1
2026-06-29 21:27:13.541 +00:00 [INF] Attempting to revoke access token with jti db904f34-340a-4c86-a534-5a8416219698 for user 1 from device +dnl/HqeUWZoa90RTxKXA37sysOj0ueJeeX3J79LuJU= and IP ::ffff:172.20.0.1
2026-06-29 21:27:13.541 +00:00 [INF] Access token found: API.Models.AccessToken
2026-06-29 21:27:13.544 +00:00 [INF] Executed DbCommand (2ms) [Parameters=[@p1='?' (DbType = Int32), @p0='?' (DbType = Boolean)], CommandType='"Text"', CommandTimeout='30']
UPDATE "AccessTokens" SET "IsRevoked" = @p0
WHERE "ID" = @p1;
2026-06-29 21:27:13.544 +00:00 [INF] Access token AccessToken for user 1 revoked: true
2026-06-29 21:27:13.547 +00:00 [INF] Executed DbCommand (2ms) [Parameters=[@p0='?' (DbType = DateTime), @p1='?', @p2='?' (DbType = DateTime), @p3='?', @p4='?', @p5='?' (DbType = Int32)], CommandType='"Text"', CommandTimeout='30']
INSERT INTO "RefreshTokens" ("CreatedAt", "DeviceFingerprint", "ExpiresAt", "IpAddress", "TokenHash", "UserID")
VALUES (@p0, @p1, @p2, @p3, @p4, @p5)
RETURNING "ID", "IsRevoked";
2026-06-29 21:27:13.549 +00:00 [INF] Executed DbCommand (1ms) [Parameters=[@__tokenHash_0='?', @__userId_1='?' (DbType = Int32), @__deviceFingerprint_2='?', @__ipAddress_3='?'], CommandType='"Text"', CommandTimeout='30']
SELECT r."ID", r."CreatedAt", r."DeviceFingerprint", r."ExpiresAt", r."IpAddress", r."IsRevoked", r."TokenHash", r."UserID"
FROM "RefreshTokens" AS r
WHERE r."TokenHash" = @__tokenHash_0 AND r."UserID" = @__userId_1 AND r."DeviceFingerprint" = @__deviceFingerprint_2 AND r."IpAddress" = @__ipAddress_3
LIMIT 1
2026-06-29 21:27:13.551 +00:00 [INF] Executed DbCommand (2ms) [Parameters=[@p1='?' (DbType = Int32), @p0='?' (DbType = Boolean)], CommandType='"Text"', CommandTimeout='30']
UPDATE "RefreshTokens" SET "IsRevoked" = @p0
WHERE "ID" = @p1;
2026-06-29 21:27:13.551 +00:00 [INF] Refresh token KaPY7ML4vPWHs6KMYeovvL7v6bDMUKZrL1+ayIw+1mE= for user 1 revoked: true
2026-06-29 21:27:13.552 +00:00 [INF] Token refreshed successfully for user 1 at "2026-06-29T21:27:13.5520215Z"
2026-06-29 21:27:13.552 +00:00 [INF] Executing OkObjectResult, writing value of type '<>f__AnonymousType3`2[[System.Boolean, System.Private.CoreLib, Version=9.0.0.0, Culture=neutral, PublicKeyToken=7cec85d7bea7798e],[System.Int32, System.Private.CoreLib, Version=9.0.0.0, Culture=neutral, PublicKeyToken=7cec85d7bea7798e]]'.
2026-06-29 21:27:13.552 +00:00 [INF] Executed action API.Controllers.AuthController.RefreshToken (API) in 113.5891ms
2026-06-29 21:27:13.552 +00:00 [INF] Executed endpoint 'API.Controllers.AuthController.RefreshToken (API)'
2026-06-29 21:27:13.553 +00:00 [INF] Request finished HTTP/1.1 POST http://192.168.1.4:8080/api/auth/refresh - 200 null application/json; charset=utf-8 132.3982ms
2026-06-29 21:30:45.624 +00:00 [INF] Request starting HTTP/1.1 GET http://192.168.1.4:8080/api/user?page=1&limit=10 - null null
2026-06-29 21:30:45.625 +00:00 [INF] CORS policy execution successful.
2026-06-29 21:30:45.625 +00:00 [INF] ====== OnMessageReceived START ======
2026-06-29 21:30:45.626 +00:00 [INF] Available cookies: 2
2026-06-29 21:30:45.626 +00:00 [INF] Cookie: adminToken = 844 chars
2026-06-29 21:30:45.627 +00:00 [INF] Request starting HTTP/1.1 GET http://192.168.1.4:8080/api/user?page=1&limit=10 - null null
2026-06-29 21:30:45.627 +00:00 [INF] Cookie: adminRefreshToken = 44 chars
2026-06-29 21:30:45.628 +00:00 [INF] CORS policy execution successful.
2026-06-29 21:30:45.628 +00:00 [INF] Admin token found in cookies, length: 844
2026-06-29 21:30:45.628 +00:00 [INF] Admin token set in context
2026-06-29 21:30:45.628 +00:00 [INF] ====== OnMessageReceived START ======
2026-06-29 21:30:45.629 +00:00 [INF] ====== OnMessageReceived END - Token set: true ======
2026-06-29 21:30:45.629 +00:00 [INF] Available cookies: 2
2026-06-29 21:30:45.629 +00:00 [INF] Cookie: adminToken = 844 chars
2026-06-29 21:30:45.630 +00:00 [INF] Token validated successfully for user: lengyelnorbi
2026-06-29 21:30:45.630 +00:00 [INF] Cookie: adminRefreshToken = 44 chars
2026-06-29 21:30:45.630 +00:00 [INF] Device fingerprint headers - UA: Mozilla/5.0 (Windows NT 10.0; Win64; x64) AppleWebKit/537.36 (KHTML, like Gecko) Chrome/149.0.0.0 Safari/537.36, Accept: application/json, text/plain, */*, Encoding: gzip, deflate
2026-06-29 21:30:45.630 +00:00 [INF] Admin token found in cookies, length: 844
2026-06-29 21:30:45.631 +00:00 [INF] Device fingerprint validation: Stored=+dnl/HqeUWZoa90RTxKXA37sysOj0ueJeeX3J79LuJU=, Current=+dnl/HqeUWZoa90RTxKXA37sysOj0ueJeeX3J79LuJU=
2026-06-29 21:30:45.631 +00:00 [INF] Admin token set in context
2026-06-29 21:30:45.631 +00:00 [INF] ====== OnMessageReceived END - Token set: true ======
2026-06-29 21:30:45.632 +00:00 [INF] Token validated successfully for user: lengyelnorbi
2026-06-29 21:30:45.632 +00:00 [INF] Device fingerprint headers - UA: Mozilla/5.0 (Windows NT 10.0; Win64; x64) AppleWebKit/537.36 (KHTML, like Gecko) Chrome/149.0.0.0 Safari/537.36, Accept: application/json, text/plain, */*, Encoding: gzip, deflate
2026-06-29 21:30:45.633 +00:00 [INF] Device fingerprint validation: Stored=+dnl/HqeUWZoa90RTxKXA37sysOj0ueJeeX3J79LuJU=, Current=+dnl/HqeUWZoa90RTxKXA37sysOj0ueJeeX3J79LuJU=
2026-06-29 21:30:45.635 +00:00 [INF] Executed DbCommand (2ms) [Parameters=[@__jti_0='?', @__userId_1='?' (DbType = Int32)], CommandType='"Text"', CommandTimeout='30']
SELECT a."ID", a."CreatedAt", a."DeviceFingerprint", a."ExpiresAt", a."IpAddress", a."IsRevoked", a."UserID", a.jti
FROM "AccessTokens" AS a
WHERE a.jti = @__jti_0 AND a."UserID" = @__userId_1 AND NOT (a."IsRevoked") AND a."ExpiresAt" > now()
LIMIT 1
2026-06-29 21:30:45.636 +00:00 [INF] Executing endpoint 'API.Controllers.UserController.Get (API)'
2026-06-29 21:30:45.636 +00:00 [INF] Route matched with {action = "Get", controller = "User"}. Executing controller action with signature System.Threading.Tasks.Task`1[API.Utils.PagedResult`1[API.DTO.UserDTO]] Get(Int32, Int32) on controller API.Controllers.UserController (API).
2026-06-29 21:30:45.638 +00:00 [INF] Executed DbCommand (2ms) [Parameters=[], CommandType='"Text"', CommandTimeout='30']
SELECT count(*)::int
FROM "Users" AS u
WHERE u."Role" <> 'Admin'
2026-06-29 21:30:45.641 +00:00 [INF] Executed DbCommand (1ms) [Parameters=[@__p_1='?' (DbType = Int32), @__p_0='?' (DbType = Int32)], CommandType='"Text"', CommandTimeout='30']
SELECT u."ID", u."Username", u."Email", u."RegisteredAt", u."Role"
FROM "Users" AS u
WHERE u."Role" <> 'Admin'
ORDER BY u."ID"
LIMIT @__p_1 OFFSET @__p_0
2026-06-29 21:30:45.641 +00:00 [INF] Executing ObjectResult, writing value of type 'API.Utils.PagedResult`1[[API.DTO.UserDTO, API, Version=1.0.0.0, Culture=neutral, PublicKeyToken=null]]'.
2026-06-29 21:30:45.641 +00:00 [INF] Executed action API.Controllers.UserController.Get (API) in 5.1118ms
2026-06-29 21:30:45.642 +00:00 [INF] Executed endpoint 'API.Controllers.UserController.Get (API)'
2026-06-29 21:30:45.642 +00:00 [INF] Request finished HTTP/1.1 GET http://192.168.1.4:8080/api/user?page=1&limit=10 - 200 null application/json; charset=utf-8 17.7541ms
2026-06-29 21:30:45.646 +00:00 [INF] Executed DbCommand (3ms) [Parameters=[@__jti_0='?', @__userId_1='?' (DbType = Int32)], CommandType='"Text"', CommandTimeout='30']
SELECT a."ID", a."CreatedAt", a."DeviceFingerprint", a."ExpiresAt", a."IpAddress", a."IsRevoked", a."UserID", a.jti
FROM "AccessTokens" AS a
WHERE a.jti = @__jti_0 AND a."UserID" = @__userId_1 AND NOT (a."IsRevoked") AND a."ExpiresAt" > now()
LIMIT 1
2026-06-29 21:30:45.647 +00:00 [INF] Executing endpoint 'API.Controllers.UserController.Get (API)'
2026-06-29 21:30:45.647 +00:00 [INF] Route matched with {action = "Get", controller = "User"}. Executing controller action with signature System.Threading.Tasks.Task`1[API.Utils.PagedResult`1[API.DTO.UserDTO]] Get(Int32, Int32) on controller API.Controllers.UserController (API).
2026-06-29 21:30:45.649 +00:00 [INF] Executed DbCommand (1ms) [Parameters=[], CommandType='"Text"', CommandTimeout='30']
SELECT count(*)::int
FROM "Users" AS u
WHERE u."Role" <> 'Admin'
2026-06-29 21:30:45.652 +00:00 [INF] Executed DbCommand (3ms) [Parameters=[@__p_1='?' (DbType = Int32), @__p_0='?' (DbType = Int32)], CommandType='"Text"', CommandTimeout='30']
SELECT u."ID", u."Username", u."Email", u."RegisteredAt", u."Role"
FROM "Users" AS u
WHERE u."Role" <> 'Admin'
ORDER BY u."ID"
LIMIT @__p_1 OFFSET @__p_0
2026-06-29 21:30:45.653 +00:00 [INF] Executing ObjectResult, writing value of type 'API.Utils.PagedResult`1[[API.DTO.UserDTO, API, Version=1.0.0.0, Culture=neutral, PublicKeyToken=null]]'.
2026-06-29 21:30:45.653 +00:00 [INF] Executed action API.Controllers.UserController.Get (API) in 5.7889ms
2026-06-29 21:30:45.654 +00:00 [INF] Executed endpoint 'API.Controllers.UserController.Get (API)'
2026-06-29 21:30:45.654 +00:00 [INF] Request finished HTTP/1.1 GET http://192.168.1.4:8080/api/user?page=1&limit=10 - 200 null application/json; charset=utf-8 26.7585ms
2026-06-29 21:30:46.817 +00:00 [INF] Request starting HTTP/1.1 GET http://192.168.1.4:8080/api/user?page=1&limit=10 - null null
2026-06-29 21:30:46.818 +00:00 [INF] CORS policy execution successful.
2026-06-29 21:30:46.818 +00:00 [INF] ====== OnMessageReceived START ======
2026-06-29 21:30:46.818 +00:00 [INF] Available cookies: 2
2026-06-29 21:30:46.819 +00:00 [INF] Cookie: adminToken = 844 chars
2026-06-29 21:30:46.819 +00:00 [INF] Cookie: adminRefreshToken = 44 chars
2026-06-29 21:30:46.819 +00:00 [INF] Admin token found in cookies, length: 844
2026-06-29 21:30:46.819 +00:00 [INF] Admin token set in context
2026-06-29 21:30:46.820 +00:00 [INF] ====== OnMessageReceived END - Token set: true ======
2026-06-29 21:30:46.820 +00:00 [INF] Token validated successfully for user: lengyelnorbi
2026-06-29 21:30:46.821 +00:00 [INF] Device fingerprint headers - UA: Mozilla/5.0 (Windows NT 10.0; Win64; x64) AppleWebKit/537.36 (KHTML, like Gecko) Chrome/149.0.0.0 Safari/537.36, Accept: application/json, text/plain, */*, Encoding: gzip, deflate
2026-06-29 21:30:46.821 +00:00 [INF] Device fingerprint validation: Stored=+dnl/HqeUWZoa90RTxKXA37sysOj0ueJeeX3J79LuJU=, Current=+dnl/HqeUWZoa90RTxKXA37sysOj0ueJeeX3J79LuJU=
2026-06-29 21:30:46.823 +00:00 [INF] Executed DbCommand (1ms) [Parameters=[@__jti_0='?', @__userId_1='?' (DbType = Int32)], CommandType='"Text"', CommandTimeout='30']
SELECT a."ID", a."CreatedAt", a."DeviceFingerprint", a."ExpiresAt", a."IpAddress", a."IsRevoked", a."UserID", a.jti
FROM "AccessTokens" AS a
WHERE a.jti = @__jti_0 AND a."UserID" = @__userId_1 AND NOT (a."IsRevoked") AND a."ExpiresAt" > now()
LIMIT 1
2026-06-29 21:30:46.823 +00:00 [INF] Executing endpoint 'API.Controllers.UserController.Get (API)'
2026-06-29 21:30:46.824 +00:00 [INF] Route matched with {action = "Get", controller = "User"}. Executing controller action with signature System.Threading.Tasks.Task`1[API.Utils.PagedResult`1[API.DTO.UserDTO]] Get(Int32, Int32) on controller API.Controllers.UserController (API).
2026-06-29 21:30:46.826 +00:00 [INF] Executed DbCommand (2ms) [Parameters=[], CommandType='"Text"', CommandTimeout='30']
SELECT count(*)::int
FROM "Users" AS u
WHERE u."Role" <> 'Admin'
2026-06-29 21:30:46.828 +00:00 [INF] Executed DbCommand (1ms) [Parameters=[@__p_1='?' (DbType = Int32), @__p_0='?' (DbType = Int32)], CommandType='"Text"', CommandTimeout='30']
SELECT u."ID", u."Username", u."Email", u."RegisteredAt", u."Role"
FROM "Users" AS u
WHERE u."Role" <> 'Admin'
ORDER BY u."ID"
LIMIT @__p_1 OFFSET @__p_0
2026-06-29 21:30:46.829 +00:00 [INF] Executing ObjectResult, writing value of type 'API.Utils.PagedResult`1[[API.DTO.UserDTO, API, Version=1.0.0.0, Culture=neutral, PublicKeyToken=null]]'.
2026-06-29 21:30:46.829 +00:00 [INF] Executed action API.Controllers.UserController.Get (API) in 5.3008ms
2026-06-29 21:30:46.829 +00:00 [INF] Executed endpoint 'API.Controllers.UserController.Get (API)'
2026-06-29 21:30:46.830 +00:00 [INF] Request finished HTTP/1.1 GET http://192.168.1.4:8080/api/user?page=1&limit=10 - 200 null application/json; charset=utf-8 12.4247ms
2026-06-29 21:30:51.931 +00:00 [INF] Request starting HTTP/1.1 OPTIONS http://192.168.1.4:8080/api/password/generate-password - null null
2026-06-29 21:30:51.932 +00:00 [INF] CORS policy execution successful.
2026-06-29 21:30:51.932 +00:00 [INF] Request finished HTTP/1.1 OPTIONS http://192.168.1.4:8080/api/password/generate-password - 204 null null 0.6825ms
2026-06-29 21:30:51.934 +00:00 [INF] Request starting HTTP/1.1 POST http://192.168.1.4:8080/api/password/generate-password - application/json 69
2026-06-29 21:30:51.934 +00:00 [INF] CORS policy execution successful.
2026-06-29 21:30:51.934 +00:00 [INF] ====== OnMessageReceived START ======
2026-06-29 21:30:51.935 +00:00 [INF] Available cookies: 2
2026-06-29 21:30:51.935 +00:00 [INF] Cookie: adminToken = 844 chars
2026-06-29 21:30:51.935 +00:00 [INF] Cookie: adminRefreshToken = 44 chars
2026-06-29 21:30:51.935 +00:00 [INF] Admin token found in cookies, length: 844
2026-06-29 21:30:51.935 +00:00 [INF] Admin token set in context
2026-06-29 21:30:51.936 +00:00 [INF] ====== OnMessageReceived END - Token set: true ======
2026-06-29 21:30:51.936 +00:00 [INF] Token validated successfully for user: lengyelnorbi
2026-06-29 21:30:51.936 +00:00 [INF] Device fingerprint headers - UA: Mozilla/5.0 (Windows NT 10.0; Win64; x64) AppleWebKit/537.36 (KHTML, like Gecko) Chrome/149.0.0.0 Safari/537.36, Accept: */*, Encoding: gzip, deflate
2026-06-29 21:30:51.936 +00:00 [INF] Device fingerprint validation: Stored=+dnl/HqeUWZoa90RTxKXA37sysOj0ueJeeX3J79LuJU=, Current=+dnl/HqeUWZoa90RTxKXA37sysOj0ueJeeX3J79LuJU=
2026-06-29 21:30:51.939 +00:00 [INF] Executed DbCommand (1ms) [Parameters=[@__jti_0='?', @__userId_1='?' (DbType = Int32)], CommandType='"Text"', CommandTimeout='30']
SELECT a."ID", a."CreatedAt", a."DeviceFingerprint", a."ExpiresAt", a."IpAddress", a."IsRevoked", a."UserID", a.jti
FROM "AccessTokens" AS a
WHERE a.jti = @__jti_0 AND a."UserID" = @__userId_1 AND NOT (a."IsRevoked") AND a."ExpiresAt" > now()
LIMIT 1
2026-06-29 21:30:51.939 +00:00 [INF] Executing endpoint 'API.Controllers.PasswordController.GeneratePassword (API)'
2026-06-29 21:30:51.940 +00:00 [INF] Route matched with {action = "GeneratePassword", controller = "Password"}. Executing controller action with signature System.Threading.Tasks.Task`1[Microsoft.AspNetCore.Mvc.IActionResult] GeneratePassword(API.Models.RequestModels.GeneratePwdRequest) on controller API.Controllers.PasswordController (API).
2026-06-29 21:30:51.940 +00:00 [INF] Executing OkObjectResult, writing value of type '<>f__AnonymousType4`1[[System.String, System.Private.CoreLib, Version=9.0.0.0, Culture=neutral, PublicKeyToken=7cec85d7bea7798e]]'.
2026-06-29 21:30:51.940 +00:00 [INF] Executed action API.Controllers.PasswordController.GeneratePassword (API) in 0.5743ms
2026-06-29 21:30:51.941 +00:00 [INF] Executed endpoint 'API.Controllers.PasswordController.GeneratePassword (API)'
2026-06-29 21:30:51.941 +00:00 [INF] Request finished HTTP/1.1 POST http://192.168.1.4:8080/api/password/generate-password - 200 null application/json; charset=utf-8 7.0856ms
2026-06-29 21:30:52.864 +00:00 [INF] Request starting HTTP/1.1 OPTIONS http://192.168.1.4:8080/api/user - null null
2026-06-29 21:30:52.865 +00:00 [INF] CORS policy execution successful.
2026-06-29 21:30:52.865 +00:00 [INF] Request finished HTTP/1.1 OPTIONS http://192.168.1.4:8080/api/user - 204 null null 1.19ms
2026-06-29 21:30:52.868 +00:00 [INF] Request starting HTTP/1.1 PUT http://192.168.1.4:8080/api/user - application/json 139
2026-06-29 21:30:52.868 +00:00 [INF] CORS policy execution successful.
2026-06-29 21:30:52.868 +00:00 [INF] ====== OnMessageReceived START ======
2026-06-29 21:30:52.868 +00:00 [INF] Available cookies: 2
2026-06-29 21:30:52.868 +00:00 [INF] Cookie: adminToken = 844 chars
2026-06-29 21:30:52.869 +00:00 [INF] Cookie: adminRefreshToken = 44 chars
2026-06-29 21:30:52.869 +00:00 [INF] Admin token found in cookies, length: 844
2026-06-29 21:30:52.869 +00:00 [INF] Admin token set in context
2026-06-29 21:30:52.869 +00:00 [INF] ====== OnMessageReceived END - Token set: true ======
2026-06-29 21:30:52.870 +00:00 [INF] Token validated successfully for user: lengyelnorbi
2026-06-29 21:30:52.870 +00:00 [INF] Device fingerprint headers - UA: Mozilla/5.0 (Windows NT 10.0; Win64; x64) AppleWebKit/537.36 (KHTML, like Gecko) Chrome/149.0.0.0 Safari/537.36, Accept: */*, Encoding: gzip, deflate
2026-06-29 21:30:52.871 +00:00 [INF] Device fingerprint validation: Stored=+dnl/HqeUWZoa90RTxKXA37sysOj0ueJeeX3J79LuJU=, Current=+dnl/HqeUWZoa90RTxKXA37sysOj0ueJeeX3J79LuJU=
2026-06-29 21:30:52.873 +00:00 [INF] Executed DbCommand (1ms) [Parameters=[@__jti_0='?', @__userId_1='?' (DbType = Int32)], CommandType='"Text"', CommandTimeout='30']
SELECT a."ID", a."CreatedAt", a."DeviceFingerprint", a."ExpiresAt", a."IpAddress", a."IsRevoked", a."UserID", a.jti
FROM "AccessTokens" AS a
WHERE a.jti = @__jti_0 AND a."UserID" = @__userId_1 AND NOT (a."IsRevoked") AND a."ExpiresAt" > now()
LIMIT 1
2026-06-29 21:30:52.874 +00:00 [INF] Executing endpoint 'API.Controllers.UserController.UpdateUserAsync (API)'
2026-06-29 21:30:52.874 +00:00 [INF] Route matched with {action = "UpdateUser", controller = "User"}. Executing controller action with signature System.Threading.Tasks.Task`1[Microsoft.AspNetCore.Mvc.IActionResult] UpdateUserAsync(API.Models.RequestModels.UpdateUserRequest) on controller API.Controllers.UserController (API).
2026-06-29 21:30:52.875 +00:00 [INF] Executing BadRequestObjectResult, writing value of type 'Microsoft.AspNetCore.Mvc.ValidationProblemDetails'.
2026-06-29 21:30:52.875 +00:00 [INF] Executed action API.Controllers.UserController.UpdateUserAsync (API) in 0.6631ms
2026-06-29 21:30:52.875 +00:00 [INF] Executed endpoint 'API.Controllers.UserController.UpdateUserAsync (API)'
2026-06-29 21:30:52.876 +00:00 [INF] Request finished HTTP/1.1 PUT http://192.168.1.4:8080/api/user - 400 null application/problem+json; charset=utf-8 7.9392ms
2026-06-29 21:32:24.208 +00:00 [INF] Application is shutting down...
2026-06-29 21:32:25.231 +00:00 [WRN] Storing keys in a directory '/home/app/.aspnet/DataProtection-Keys' that may not be persisted outside of the container. Protected data will be unavailable when container is destroyed. For more information go to https://aka.ms/aspnet/dataprotectionwarning
2026-06-29 21:32:25.258 +00:00 [INF] User profile is available. Using '/home/app/.aspnet/DataProtection-Keys' as key repository; keys will not be encrypted at rest.
2026-06-29 21:32:25.272 +00:00 [INF] Creating key {6426dc34-914a-4d32-a563-8c2487b5eb3f} with creation date 2026-06-29 21:32:25Z, activation date 2026-06-29 21:32:25Z, and expiration date 2026-09-27 21:32:25Z.
2026-06-29 21:32:25.317 +00:00 [WRN] No XML encryptor configured. Key {6426dc34-914a-4d32-a563-8c2487b5eb3f} may be persisted to storage in unencrypted form.
2026-06-29 21:32:25.320 +00:00 [INF] Writing data to file '/home/app/.aspnet/DataProtection-Keys/key-6426dc34-914a-4d32-a563-8c2487b5eb3f.xml'.
2026-06-29 21:32:25.387 +00:00 [INF] Now listening on: http://[::]:8080
2026-06-29 21:32:25.389 +00:00 [INF] Application started. Press Ctrl+C to shut down.
2026-06-29 21:32:25.389 +00:00 [INF] Hosting environment: Development
2026-06-29 21:32:25.390 +00:00 [INF] Content root path: /app
2026-06-29 21:32:27.358 +00:00 [INF] Request starting HTTP/1.1 OPTIONS http://192.168.1.4:8080/api/auth/refresh - null null
2026-06-29 21:32:27.373 +00:00 [WRN] Failed to determine the https port for redirect.
2026-06-29 21:32:27.376 +00:00 [INF] CORS policy execution successful.
2026-06-29 21:32:27.385 +00:00 [INF] Request starting HTTP/1.1 POST http://192.168.1.4:8080/api/auth/refresh - application/json 18
2026-06-29 21:32:27.387 +00:00 [INF] CORS policy execution successful.
2026-06-29 21:32:27.381 +00:00 [INF] Request finished HTTP/1.1 OPTIONS http://192.168.1.4:8080/api/auth/refresh - 204 null null 23.4403ms
2026-06-29 21:32:27.400 +00:00 [INF] ====== OnMessageReceived START ======
2026-06-29 21:32:27.401 +00:00 [INF] Available cookies: 1
2026-06-29 21:32:27.402 +00:00 [INF] Cookie: adminRefreshToken = 44 chars
2026-06-29 21:32:27.402 +00:00 [WRN] NO TOKEN FOUND IN COOKIES!
2026-06-29 21:32:27.403 +00:00 [INF] ====== OnMessageReceived END - Token set: false ======
2026-06-29 21:32:27.406 +00:00 [INF] Authorization failed. These requirements were not met:
DenyAnonymousAuthorizationRequirement: Requires an authenticated user.
2026-06-29 21:32:27.408 +00:00 [INF] AuthenticationScheme: Bearer was challenged.
2026-06-29 21:32:27.410 +00:00 [INF] Request finished HTTP/1.1 POST http://192.168.1.4:8080/api/auth/refresh - 401 0 null 25.8708ms
2026-06-29 21:32:31.155 +00:00 [INF] Request starting HTTP/1.1 OPTIONS http://192.168.1.4:8080/api/auth - null null
2026-06-29 21:32:31.156 +00:00 [INF] CORS policy execution successful.
2026-06-29 21:32:31.156 +00:00 [INF] Request finished HTTP/1.1 OPTIONS http://192.168.1.4:8080/api/auth - 204 null null 1.1419ms
2026-06-29 21:32:31.158 +00:00 [INF] Request starting HTTP/1.1 POST http://192.168.1.4:8080/api/auth - application/json 74
2026-06-29 21:32:31.158 +00:00 [INF] CORS policy execution successful.
2026-06-29 21:32:31.160 +00:00 [INF] ====== OnMessageReceived START ======
2026-06-29 21:32:31.160 +00:00 [INF] Available cookies: 1
2026-06-29 21:32:31.160 +00:00 [INF] Cookie: adminRefreshToken = 44 chars
2026-06-29 21:32:31.161 +00:00 [WRN] NO TOKEN FOUND IN COOKIES!
2026-06-29 21:32:31.161 +00:00 [INF] ====== OnMessageReceived END - Token set: false ======
2026-06-29 21:32:31.162 +00:00 [INF] Executing endpoint 'API.Controllers.AuthController.Authenticate (API)'
2026-06-29 21:32:31.177 +00:00 [INF] Route matched with {action = "Authenticate", controller = "Auth"}. Executing controller action with signature System.Threading.Tasks.Task`1[Microsoft.AspNetCore.Mvc.IActionResult] Authenticate(API.Models.RequestModels.LoginRequest) on controller API.Controllers.AuthController (API).
2026-06-29 21:32:31.293 +00:00 [INF] Authentication attempt for email: lengyelnorbi5@gmail.com
2026-06-29 21:32:31.294 +00:00 [INF] Fetching user by email from database...
2026-06-29 21:32:32.003 +00:00 [INF] Executed DbCommand (28ms) [Parameters=[@__email_0='?'], CommandType='"Text"', CommandTimeout='30']
SELECT u."ID", u."Email", u."PasswordHash", u."RegisteredAt", u."Role", u."Username"
FROM "Users" AS u
WHERE u."Email" = @__email_0
LIMIT 1
2026-06-29 21:32:32.056 +00:00 [INF] Mozilla/5.0 (Windows NT 10.0; Win64; x64) AppleWebKit/537.36 (KHTML, like Gecko) Chrome/149.0.0.0 Safari/537.36
2026-06-29 21:32:32.060 +00:00 [INF] Fetching user by email from database...
2026-06-29 21:32:32.065 +00:00 [INF] Executed DbCommand (2ms) [Parameters=[@__email_0='?'], CommandType='"Text"', CommandTimeout='30']
SELECT u."ID", u."Email", u."PasswordHash", u."RegisteredAt", u."Role", u."Username"
FROM "Users" AS u
WHERE u."Email" = @__email_0
LIMIT 1
2026-06-29 21:32:32.700 +00:00 [INF] Executed DbCommand (7ms) [Parameters=[@p0='?' (DbType = DateTime), @p1='?', @p2='?' (DbType = DateTime), @p3='?', @p4='?' (DbType = Int32), @p5='?'], CommandType='"Text"', CommandTimeout='30']
INSERT INTO "AccessTokens" ("CreatedAt", "DeviceFingerprint", "ExpiresAt", "IpAddress", "UserID", jti)
VALUES (@p0, @p1, @p2, @p3, @p4, @p5)
RETURNING "ID", "IsRevoked";
2026-06-29 21:32:32.757 +00:00 [INF] Executed DbCommand (4ms) [Parameters=[@p0='?' (DbType = DateTime), @p1='?', @p2='?' (DbType = DateTime), @p3='?', @p4='?', @p5='?' (DbType = Int32)], CommandType='"Text"', CommandTimeout='30']
INSERT INTO "RefreshTokens" ("CreatedAt", "DeviceFingerprint", "ExpiresAt", "IpAddress", "TokenHash", "UserID")
VALUES (@p0, @p1, @p2, @p3, @p4, @p5)
RETURNING "ID", "IsRevoked";
2026-06-29 21:32:32.760 +00:00 [INF] Admin user lengyelnorbi5@gmail.com authenticated successfully from admin panel at "2026-06-29T21:32:32.7601134Z"
2026-06-29 21:32:32.762 +00:00 [INF] --------------------------------------------------------------------
2026-06-29 21:32:32.762 +00:00 [INF] eyJhbGciOiJIUzI1NiIsInR5cCI6IkpXVCJ9.eyJodHRwOi8vc2NoZW1hcy54bWxzb2FwLm9yZy93cy8yMDA1LzA1L2lkZW50aXR5L2NsYWltcy9uYW1laWRlbnRpZmllciI6IjEiLCJodHRwOi8vc2NoZW1hcy54bWxzb2FwLm9yZy93cy8yMDA1LzA1L2lkZW50aXR5L2NsYWltcy9lbWFpbGFkZHJlc3MiOiJsZW5neWVsbm9yYmk1QGdtYWlsLmNvbSIsImh0dHA6Ly9zY2hlbWFzLnhtbHNvYXAub3JnL3dzLzIwMDUvMDUvaWRlbnRpdHkvY2xhaW1zL25hbWUiOiJsZW5neWVsbm9yYmkiLCJqdGkiOiI2NTVmOTljYy0zOWQ5LTQwNjUtOThhMC01ZWMwYWNhODYzZWQiLCJpYXQiOjE3ODI3Njg3NTIsImV4cCI6MTc4Mjc2OTA1MiwiaHR0cDovL3NjaGVtYXMubWljcm9zb2Z0LmNvbS93cy8yMDA4LzA2L2lkZW50aXR5L2NsYWltcy9yb2xlIjoiQWRtaW4iLCJTb3VyY2UiOiJhZG1pbiIsIkRldmljZUlkIjoiK2RubC9IcWVVV1pvYTkwUlR4S1hBMzdzeXNPajB1ZUplZVgzSjc5THVKVT0iLCJJUEFkZHJlc3MiOiI6OmZmZmY6MTcyLjIwLjAuMSIsIlRva2VuVmVyc2lvbiI6IjEiLCJpc3MiOiJNdXNpY1BsYXllckFQSSIsImF1ZCI6Ik11c2ljUGxheWVyQ2xpZW50In0.d4csH5ZC0bUQV9OXE2YwFT7B7HDz8bdPv-w_B9x_uGw
2026-06-29 21:32:32.762 +00:00 [INF] MbFQid4AVngJReHjdyZMfNx3GwOub5c0tlk4vHTOfKQ=
2026-06-29 21:32:32.763 +00:00 [INF] Source: admin
2026-06-29 21:32:32.763 +00:00 [INF] Access Token expires at: "2026-06-29T21:37:32.6157745Z"
2026-06-29 21:32:32.763 +00:00 [INF] Refresh Token expires at: "2026-06-30T05:32:32.7256176Z"
2026-06-29 21:32:32.763 +00:00 [INF] tokenCookieName: adminToken
2026-06-29 21:32:32.763 +00:00 [INF] refreshTokenCookieName: adminRefreshToken
2026-06-29 21:32:32.763 +00:00 [INF] Refresh token hash stored in cookie: MbFQid4AVngJReHjdyZMfNx3GwOub5c0tlk4vHTOfKQ=
2026-06-29 21:32:32.764 +00:00 [INF] --------------------------------------------------------------------
2026-06-29 21:32:32.768 +00:00 [INF] Executing OkObjectResult, writing value of type '<>f__AnonymousType1`4[[System.Boolean, System.Private.CoreLib, Version=9.0.0.0, Culture=neutral, PublicKeyToken=7cec85d7bea7798e],[System.Int32, System.Private.CoreLib, Version=9.0.0.0, Culture=neutral, PublicKeyToken=7cec85d7bea7798e],[System.Int32, System.Private.CoreLib, Version=9.0.0.0, Culture=neutral, PublicKeyToken=7cec85d7bea7798e],[<>f__AnonymousType2`3[[System.Int32, System.Private.CoreLib, Version=9.0.0.0, Culture=neutral, PublicKeyToken=7cec85d7bea7798e],[System.String, System.Private.CoreLib, Version=9.0.0.0, Culture=neutral, PublicKeyToken=7cec85d7bea7798e],[System.String, System.Private.CoreLib, Version=9.0.0.0, Culture=neutral, PublicKeyToken=7cec85d7bea7798e]], API, Version=1.0.0.0, Culture=neutral, PublicKeyToken=null]]'.
2026-06-29 21:32:32.782 +00:00 [INF] Executed action API.Controllers.AuthController.Authenticate (API) in 1602.5403ms
2026-06-29 21:32:32.783 +00:00 [INF] Executed endpoint 'API.Controllers.AuthController.Authenticate (API)'
2026-06-29 21:32:32.788 +00:00 [INF] Request finished HTTP/1.1 POST http://192.168.1.4:8080/api/auth - 200 null application/json; charset=utf-8 1629.5879ms
2026-06-29 21:32:34.331 +00:00 [INF] Request starting HTTP/1.1 GET http://192.168.1.4:8080/api/user?page=1&limit=10 - null null
2026-06-29 21:32:34.331 +00:00 [INF] CORS policy execution successful.
2026-06-29 21:32:34.332 +00:00 [INF] ====== OnMessageReceived START ======
2026-06-29 21:32:34.332 +00:00 [INF] Available cookies: 2
2026-06-29 21:32:34.333 +00:00 [INF] Cookie: adminToken = 844 chars
2026-06-29 21:32:34.333 +00:00 [INF] Request starting HTTP/1.1 GET http://192.168.1.4:8080/api/user?page=1&limit=10 - null null
2026-06-29 21:32:34.334 +00:00 [INF] Cookie: adminRefreshToken = 44 chars
2026-06-29 21:32:34.334 +00:00 [INF] CORS policy execution successful.
2026-06-29 21:32:34.334 +00:00 [INF] Admin token found in cookies, length: 844
2026-06-29 21:32:34.334 +00:00 [INF] ====== OnMessageReceived START ======
2026-06-29 21:32:34.335 +00:00 [INF] Admin token set in context
2026-06-29 21:32:34.335 +00:00 [INF] Available cookies: 2
2026-06-29 21:32:34.335 +00:00 [INF] ====== OnMessageReceived END - Token set: true ======
2026-06-29 21:32:34.335 +00:00 [INF] Cookie: adminToken = 844 chars
2026-06-29 21:32:34.335 +00:00 [INF] Cookie: adminRefreshToken = 44 chars
2026-06-29 21:32:34.336 +00:00 [INF] Admin token found in cookies, length: 844
2026-06-29 21:32:34.336 +00:00 [INF] Admin token set in context
2026-06-29 21:32:34.336 +00:00 [INF] ====== OnMessageReceived END - Token set: true ======
2026-06-29 21:32:34.360 +00:00 [INF] Token validated successfully for user: lengyelnorbi
2026-06-29 21:32:34.360 +00:00 [INF] Token validated successfully for user: lengyelnorbi
2026-06-29 21:32:34.361 +00:00 [INF] Device fingerprint headers - UA: Mozilla/5.0 (Windows NT 10.0; Win64; x64) AppleWebKit/537.36 (KHTML, like Gecko) Chrome/149.0.0.0 Safari/537.36, Accept: application/json, text/plain, */*, Encoding: gzip, deflate
2026-06-29 21:32:34.361 +00:00 [INF] Device fingerprint headers - UA: Mozilla/5.0 (Windows NT 10.0; Win64; x64) AppleWebKit/537.36 (KHTML, like Gecko) Chrome/149.0.0.0 Safari/537.36, Accept: application/json, text/plain, */*, Encoding: gzip, deflate
2026-06-29 21:32:34.361 +00:00 [INF] Device fingerprint validation: Stored=+dnl/HqeUWZoa90RTxKXA37sysOj0ueJeeX3J79LuJU=, Current=+dnl/HqeUWZoa90RTxKXA37sysOj0ueJeeX3J79LuJU=
2026-06-29 21:32:34.361 +00:00 [INF] Device fingerprint validation: Stored=+dnl/HqeUWZoa90RTxKXA37sysOj0ueJeeX3J79LuJU=, Current=+dnl/HqeUWZoa90RTxKXA37sysOj0ueJeeX3J79LuJU=
2026-06-29 21:32:34.393 +00:00 [INF] Executed DbCommand (2ms) [Parameters=[@__jti_0='?', @__userId_1='?' (DbType = Int32)], CommandType='"Text"', CommandTimeout='30']
SELECT a."ID", a."CreatedAt", a."DeviceFingerprint", a."ExpiresAt", a."IpAddress", a."IsRevoked", a."UserID", a.jti
FROM "AccessTokens" AS a
WHERE a.jti = @__jti_0 AND a."UserID" = @__userId_1 AND NOT (a."IsRevoked") AND a."ExpiresAt" > now()
LIMIT 1
2026-06-29 21:32:34.397 +00:00 [INF] Executing endpoint 'API.Controllers.UserController.Get (API)'
2026-06-29 21:32:34.400 +00:00 [INF] Route matched with {action = "Get", controller = "User"}. Executing controller action with signature System.Threading.Tasks.Task`1[API.Utils.PagedResult`1[API.DTO.UserDTO]] Get(Int32, Int32) on controller API.Controllers.UserController (API).
2026-06-29 21:32:34.404 +00:00 [INF] Executed DbCommand (3ms) [Parameters=[@__jti_0='?', @__userId_1='?' (DbType = Int32)], CommandType='"Text"', CommandTimeout='30']
SELECT a."ID", a."CreatedAt", a."DeviceFingerprint", a."ExpiresAt", a."IpAddress", a."IsRevoked", a."UserID", a.jti
FROM "AccessTokens" AS a
WHERE a.jti = @__jti_0 AND a."UserID" = @__userId_1 AND NOT (a."IsRevoked") AND a."ExpiresAt" > now()
LIMIT 1
2026-06-29 21:32:34.405 +00:00 [INF] Executing endpoint 'API.Controllers.UserController.Get (API)'
2026-06-29 21:32:34.405 +00:00 [INF] Route matched with {action = "Get", controller = "User"}. Executing controller action with signature System.Threading.Tasks.Task`1[API.Utils.PagedResult`1[API.DTO.UserDTO]] Get(Int32, Int32) on controller API.Controllers.UserController (API).
2026-06-29 21:32:34.426 +00:00 [INF] Executed DbCommand (2ms) [Parameters=[], CommandType='"Text"', CommandTimeout='30']
SELECT count(*)::int
FROM "Users" AS u
WHERE u."Role" <> 'Admin'
2026-06-29 21:32:34.426 +00:00 [INF] Executed DbCommand (2ms) [Parameters=[], CommandType='"Text"', CommandTimeout='30']
SELECT count(*)::int
FROM "Users" AS u
WHERE u."Role" <> 'Admin'
2026-06-29 21:32:34.438 +00:00 [INF] Executed DbCommand (2ms) [Parameters=[@__p_1='?' (DbType = Int32), @__p_0='?' (DbType = Int32)], CommandType='"Text"', CommandTimeout='30']
SELECT u."ID", u."Username", u."Email", u."RegisteredAt", u."Role"
FROM "Users" AS u
WHERE u."Role" <> 'Admin'
ORDER BY u."ID"
LIMIT @__p_1 OFFSET @__p_0
2026-06-29 21:32:34.438 +00:00 [INF] Executed DbCommand (2ms) [Parameters=[@__p_1='?' (DbType = Int32), @__p_0='?' (DbType = Int32)], CommandType='"Text"', CommandTimeout='30']
SELECT u."ID", u."Username", u."Email", u."RegisteredAt", u."Role"
FROM "Users" AS u
WHERE u."Role" <> 'Admin'
ORDER BY u."ID"
LIMIT @__p_1 OFFSET @__p_0
2026-06-29 21:32:34.441 +00:00 [INF] Executing ObjectResult, writing value of type 'API.Utils.PagedResult`1[[API.DTO.UserDTO, API, Version=1.0.0.0, Culture=neutral, PublicKeyToken=null]]'.
2026-06-29 21:32:34.441 +00:00 [INF] Executing ObjectResult, writing value of type 'API.Utils.PagedResult`1[[API.DTO.UserDTO, API, Version=1.0.0.0, Culture=neutral, PublicKeyToken=null]]'.
2026-06-29 21:32:34.455 +00:00 [INF] Executed action API.Controllers.UserController.Get (API) in 49.267ms
2026-06-29 21:32:34.455 +00:00 [INF] Executed action API.Controllers.UserController.Get (API) in 54.5034ms
2026-06-29 21:32:34.455 +00:00 [INF] Executed endpoint 'API.Controllers.UserController.Get (API)'
2026-06-29 21:32:34.456 +00:00 [INF] Executed endpoint 'API.Controllers.UserController.Get (API)'
2026-06-29 21:32:34.456 +00:00 [INF] Request finished HTTP/1.1 GET http://192.168.1.4:8080/api/user?page=1&limit=10 - 200 null application/json; charset=utf-8 125.1195ms
2026-06-29 21:32:34.456 +00:00 [INF] Request finished HTTP/1.1 GET http://192.168.1.4:8080/api/user?page=1&limit=10 - 200 null application/json; charset=utf-8 122.5703ms
2026-06-29 21:32:35.759 +00:00 [INF] Request starting HTTP/1.1 GET http://192.168.1.4:8080/api/user?page=1&limit=10 - null null
2026-06-29 21:32:35.760 +00:00 [INF] CORS policy execution successful.
2026-06-29 21:32:35.760 +00:00 [INF] ====== OnMessageReceived START ======
2026-06-29 21:32:35.760 +00:00 [INF] Available cookies: 2
2026-06-29 21:32:35.761 +00:00 [INF] Cookie: adminToken = 844 chars
2026-06-29 21:32:35.761 +00:00 [INF] Cookie: adminRefreshToken = 44 chars
2026-06-29 21:32:35.761 +00:00 [INF] Admin token found in cookies, length: 844
2026-06-29 21:32:35.761 +00:00 [INF] Admin token set in context
2026-06-29 21:32:35.761 +00:00 [INF] ====== OnMessageReceived END - Token set: true ======
2026-06-29 21:32:35.763 +00:00 [INF] Token validated successfully for user: lengyelnorbi
2026-06-29 21:32:35.763 +00:00 [INF] Device fingerprint headers - UA: Mozilla/5.0 (Windows NT 10.0; Win64; x64) AppleWebKit/537.36 (KHTML, like Gecko) Chrome/149.0.0.0 Safari/537.36, Accept: application/json, text/plain, */*, Encoding: gzip, deflate
2026-06-29 21:32:35.763 +00:00 [INF] Device fingerprint validation: Stored=+dnl/HqeUWZoa90RTxKXA37sysOj0ueJeeX3J79LuJU=, Current=+dnl/HqeUWZoa90RTxKXA37sysOj0ueJeeX3J79LuJU=
2026-06-29 21:32:35.801 +00:00 [INF] Executed DbCommand (3ms) [Parameters=[@__jti_0='?', @__userId_1='?' (DbType = Int32)], CommandType='"Text"', CommandTimeout='30']
SELECT a."ID", a."CreatedAt", a."DeviceFingerprint", a."ExpiresAt", a."IpAddress", a."IsRevoked", a."UserID", a.jti
FROM "AccessTokens" AS a
WHERE a.jti = @__jti_0 AND a."UserID" = @__userId_1 AND NOT (a."IsRevoked") AND a."ExpiresAt" > now()
LIMIT 1
2026-06-29 21:32:35.802 +00:00 [INF] Executing endpoint 'API.Controllers.UserController.Get (API)'
2026-06-29 21:32:35.803 +00:00 [INF] Route matched with {action = "Get", controller = "User"}. Executing controller action with signature System.Threading.Tasks.Task`1[API.Utils.PagedResult`1[API.DTO.UserDTO]] Get(Int32, Int32) on controller API.Controllers.UserController (API).
2026-06-29 21:32:35.805 +00:00 [INF] Executed DbCommand (1ms) [Parameters=[], CommandType='"Text"', CommandTimeout='30']
SELECT count(*)::int
FROM "Users" AS u
WHERE u."Role" <> 'Admin'
2026-06-29 21:32:35.806 +00:00 [INF] Executed DbCommand (1ms) [Parameters=[@__p_1='?' (DbType = Int32), @__p_0='?' (DbType = Int32)], CommandType='"Text"', CommandTimeout='30']
SELECT u."ID", u."Username", u."Email", u."RegisteredAt", u."Role"
FROM "Users" AS u
WHERE u."Role" <> 'Admin'
ORDER BY u."ID"
LIMIT @__p_1 OFFSET @__p_0
2026-06-29 21:32:35.807 +00:00 [INF] Executing ObjectResult, writing value of type 'API.Utils.PagedResult`1[[API.DTO.UserDTO, API, Version=1.0.0.0, Culture=neutral, PublicKeyToken=null]]'.
2026-06-29 21:32:35.807 +00:00 [INF] Executed action API.Controllers.UserController.Get (API) in 4.2145ms
2026-06-29 21:32:35.808 +00:00 [INF] Executed endpoint 'API.Controllers.UserController.Get (API)'
2026-06-29 21:32:35.808 +00:00 [INF] Request finished HTTP/1.1 GET http://192.168.1.4:8080/api/user?page=1&limit=10 - 200 null application/json; charset=utf-8 48.6503ms
2026-06-29 21:32:39.694 +00:00 [INF] Request starting HTTP/1.1 OPTIONS http://192.168.1.4:8080/api/password/generate-password - null null
2026-06-29 21:32:39.695 +00:00 [INF] CORS policy execution successful.
2026-06-29 21:32:39.695 +00:00 [INF] Request finished HTTP/1.1 OPTIONS http://192.168.1.4:8080/api/password/generate-password - 204 null null 1.5788ms
2026-06-29 21:32:39.698 +00:00 [INF] Request starting HTTP/1.1 POST http://192.168.1.4:8080/api/password/generate-password - application/json 69
2026-06-29 21:32:39.698 +00:00 [INF] CORS policy execution successful.
2026-06-29 21:32:39.698 +00:00 [INF] ====== OnMessageReceived START ======
2026-06-29 21:32:39.698 +00:00 [INF] Available cookies: 2
2026-06-29 21:32:39.699 +00:00 [INF] Cookie: adminToken = 844 chars
2026-06-29 21:32:39.699 +00:00 [INF] Cookie: adminRefreshToken = 44 chars
2026-06-29 21:32:39.699 +00:00 [INF] Admin token found in cookies, length: 844
2026-06-29 21:32:39.699 +00:00 [INF] Admin token set in context
2026-06-29 21:32:39.699 +00:00 [INF] ====== OnMessageReceived END - Token set: true ======
2026-06-29 21:32:39.700 +00:00 [INF] Token validated successfully for user: lengyelnorbi
2026-06-29 21:32:39.700 +00:00 [INF] Device fingerprint headers - UA: Mozilla/5.0 (Windows NT 10.0; Win64; x64) AppleWebKit/537.36 (KHTML, like Gecko) Chrome/149.0.0.0 Safari/537.36, Accept: */*, Encoding: gzip, deflate
2026-06-29 21:32:39.700 +00:00 [INF] Device fingerprint validation: Stored=+dnl/HqeUWZoa90RTxKXA37sysOj0ueJeeX3J79LuJU=, Current=+dnl/HqeUWZoa90RTxKXA37sysOj0ueJeeX3J79LuJU=
2026-06-29 21:32:39.704 +00:00 [INF] Executed DbCommand (2ms) [Parameters=[@__jti_0='?', @__userId_1='?' (DbType = Int32)], CommandType='"Text"', CommandTimeout='30']
SELECT a."ID", a."CreatedAt", a."DeviceFingerprint", a."ExpiresAt", a."IpAddress", a."IsRevoked", a."UserID", a.jti
FROM "AccessTokens" AS a
WHERE a.jti = @__jti_0 AND a."UserID" = @__userId_1 AND NOT (a."IsRevoked") AND a."ExpiresAt" > now()
LIMIT 1
2026-06-29 21:32:39.707 +00:00 [INF] Executing endpoint 'API.Controllers.PasswordController.GeneratePassword (API)'
2026-06-29 21:32:39.710 +00:00 [INF] Route matched with {action = "GeneratePassword", controller = "Password"}. Executing controller action with signature System.Threading.Tasks.Task`1[Microsoft.AspNetCore.Mvc.IActionResult] GeneratePassword(API.Models.RequestModels.GeneratePwdRequest) on controller API.Controllers.PasswordController (API).
2026-06-29 21:32:39.714 +00:00 [INF] Executing OkObjectResult, writing value of type '<>f__AnonymousType4`1[[System.String, System.Private.CoreLib, Version=9.0.0.0, Culture=neutral, PublicKeyToken=7cec85d7bea7798e]]'.
2026-06-29 21:32:39.715 +00:00 [INF] Executed action API.Controllers.PasswordController.GeneratePassword (API) in 4.5561ms
2026-06-29 21:32:39.716 +00:00 [INF] Executed endpoint 'API.Controllers.PasswordController.GeneratePassword (API)'
2026-06-29 21:32:39.717 +00:00 [INF] Request finished HTTP/1.1 POST http://192.168.1.4:8080/api/password/generate-password - 200 null application/json; charset=utf-8 19.3866ms
2026-06-29 21:32:40.688 +00:00 [INF] Request starting HTTP/1.1 OPTIONS http://192.168.1.4:8080/api/user - null null
2026-06-29 21:32:40.688 +00:00 [INF] CORS policy execution successful.
2026-06-29 21:32:40.689 +00:00 [INF] Request finished HTTP/1.1 OPTIONS http://192.168.1.4:8080/api/user - 204 null null 0.9275ms
2026-06-29 21:32:40.690 +00:00 [INF] Request starting HTTP/1.1 PUT http://192.168.1.4:8080/api/user - application/json 139
2026-06-29 21:32:40.691 +00:00 [INF] CORS policy execution successful.
2026-06-29 21:32:40.691 +00:00 [INF] ====== OnMessageReceived START ======
2026-06-29 21:32:40.691 +00:00 [INF] Available cookies: 2
2026-06-29 21:32:40.691 +00:00 [INF] Cookie: adminToken = 844 chars
2026-06-29 21:32:40.692 +00:00 [INF] Cookie: adminRefreshToken = 44 chars
2026-06-29 21:32:40.692 +00:00 [INF] Admin token found in cookies, length: 844
2026-06-29 21:32:40.692 +00:00 [INF] Admin token set in context
2026-06-29 21:32:40.692 +00:00 [INF] ====== OnMessageReceived END - Token set: true ======
2026-06-29 21:32:40.693 +00:00 [INF] Token validated successfully for user: lengyelnorbi
2026-06-29 21:32:40.693 +00:00 [INF] Device fingerprint headers - UA: Mozilla/5.0 (Windows NT 10.0; Win64; x64) AppleWebKit/537.36 (KHTML, like Gecko) Chrome/149.0.0.0 Safari/537.36, Accept: */*, Encoding: gzip, deflate
2026-06-29 21:32:40.693 +00:00 [INF] Device fingerprint validation: Stored=+dnl/HqeUWZoa90RTxKXA37sysOj0ueJeeX3J79LuJU=, Current=+dnl/HqeUWZoa90RTxKXA37sysOj0ueJeeX3J79LuJU=
2026-06-29 21:32:40.696 +00:00 [INF] Executed DbCommand (2ms) [Parameters=[@__jti_0='?', @__userId_1='?' (DbType = Int32)], CommandType='"Text"', CommandTimeout='30']
SELECT a."ID", a."CreatedAt", a."DeviceFingerprint", a."ExpiresAt", a."IpAddress", a."IsRevoked", a."UserID", a.jti
FROM "AccessTokens" AS a
WHERE a.jti = @__jti_0 AND a."UserID" = @__userId_1 AND NOT (a."IsRevoked") AND a."ExpiresAt" > now()
LIMIT 1
2026-06-29 21:32:40.699 +00:00 [INF] Executing endpoint 'API.Controllers.UserController.UpdateUserAsync (API)'
2026-06-29 21:32:40.701 +00:00 [INF] Route matched with {action = "UpdateUser", controller = "User"}. Executing controller action with signature System.Threading.Tasks.Task`1[Microsoft.AspNetCore.Mvc.IActionResult] UpdateUserAsync(API.Models.RequestModels.UpdateUserRequest) on controller API.Controllers.UserController (API).
2026-06-29 21:32:40.706 +00:00 [INF] Executing BadRequestObjectResult, writing value of type 'Microsoft.AspNetCore.Mvc.ValidationProblemDetails'.
2026-06-29 21:32:40.720 +00:00 [INF] Executed action API.Controllers.UserController.UpdateUserAsync (API) in 19.0405ms
2026-06-29 21:32:40.721 +00:00 [INF] Executed endpoint 'API.Controllers.UserController.UpdateUserAsync (API)'
2026-06-29 21:32:40.722 +00:00 [INF] Request finished HTTP/1.1 PUT http://192.168.1.4:8080/api/user - 400 null application/problem+json; charset=utf-8 31.4293ms
2026-06-29 21:33:38.510 +00:00 [INF] Application is shutting down...
2026-06-29 21:33:39.403 +00:00 [WRN] Storing keys in a directory '/home/app/.aspnet/DataProtection-Keys' that may not be persisted outside of the container. Protected data will be unavailable when container is destroyed. For more information go to https://aka.ms/aspnet/dataprotectionwarning
2026-06-29 21:33:39.429 +00:00 [INF] User profile is available. Using '/home/app/.aspnet/DataProtection-Keys' as key repository; keys will not be encrypted at rest.
2026-06-29 21:33:39.440 +00:00 [INF] Creating key {ccb38090-d5cd-4538-9957-5e7400a0ae1a} with creation date 2026-06-29 21:33:39Z, activation date 2026-06-29 21:33:39Z, and expiration date 2026-09-27 21:33:39Z.
2026-06-29 21:33:39.464 +00:00 [WRN] No XML encryptor configured. Key {ccb38090-d5cd-4538-9957-5e7400a0ae1a} may be persisted to storage in unencrypted form.
2026-06-29 21:33:39.467 +00:00 [INF] Writing data to file '/home/app/.aspnet/DataProtection-Keys/key-ccb38090-d5cd-4538-9957-5e7400a0ae1a.xml'.
2026-06-29 21:33:39.520 +00:00 [INF] Now listening on: http://[::]:8080
2026-06-29 21:33:39.522 +00:00 [INF] Application started. Press Ctrl+C to shut down.
2026-06-29 21:33:39.522 +00:00 [INF] Hosting environment: Development
2026-06-29 21:33:39.522 +00:00 [INF] Content root path: /app
2026-06-29 21:36:29.020 +00:00 [INF] Request starting HTTP/1.1 GET http://192.168.1.4:8080/api/token/access-token?page=1&limit=10 - null null
2026-06-29 21:36:29.038 +00:00 [WRN] Failed to determine the https port for redirect.
2026-06-29 21:36:29.041 +00:00 [INF] CORS policy execution successful.
2026-06-29 21:36:29.066 +00:00 [INF] ====== OnMessageReceived START ======
2026-06-29 21:36:29.068 +00:00 [INF] Available cookies: 2
2026-06-29 21:36:29.069 +00:00 [INF] Cookie: adminToken = 844 chars
2026-06-29 21:36:29.069 +00:00 [INF] Cookie: adminRefreshToken = 44 chars
2026-06-29 21:36:29.070 +00:00 [INF] Admin token found in cookies, length: 844
2026-06-29 21:36:29.070 +00:00 [INF] Admin token set in context
2026-06-29 21:36:29.070 +00:00 [INF] ====== OnMessageReceived END - Token set: true ======
2026-06-29 21:36:29.107 +00:00 [INF] Token validated successfully for user: lengyelnorbi
2026-06-29 21:36:29.108 +00:00 [INF] Device fingerprint headers - UA: Mozilla/5.0 (Windows NT 10.0; Win64; x64) AppleWebKit/537.36 (KHTML, like Gecko) Chrome/149.0.0.0 Safari/537.36, Accept: application/json, text/plain, */*, Encoding: gzip, deflate
2026-06-29 21:36:29.108 +00:00 [INF] Device fingerprint validation: Stored=+dnl/HqeUWZoa90RTxKXA37sysOj0ueJeeX3J79LuJU=, Current=+dnl/HqeUWZoa90RTxKXA37sysOj0ueJeeX3J79LuJU=
2026-06-29 21:36:29.396 +00:00 [INF] Request starting HTTP/1.1 GET http://192.168.1.4:8080/api/user?page=1&limit=10 - null null
2026-06-29 21:36:29.396 +00:00 [INF] Request starting HTTP/1.1 GET http://192.168.1.4:8080/api/user?page=1&limit=10 - null null
2026-06-29 21:36:29.397 +00:00 [INF] CORS policy execution successful.
2026-06-29 21:36:29.397 +00:00 [INF] CORS policy execution successful.
2026-06-29 21:36:29.398 +00:00 [INF] ====== OnMessageReceived START ======
2026-06-29 21:36:29.398 +00:00 [INF] ====== OnMessageReceived START ======
2026-06-29 21:36:29.409 +00:00 [INF] Available cookies: 2
2026-06-29 21:36:29.409 +00:00 [INF] Available cookies: 2
2026-06-29 21:36:29.409 +00:00 [INF] Cookie: adminToken = 844 chars
2026-06-29 21:36:29.409 +00:00 [INF] Cookie: adminToken = 844 chars
2026-06-29 21:36:29.410 +00:00 [INF] Cookie: adminRefreshToken = 44 chars
2026-06-29 21:36:29.410 +00:00 [INF] Cookie: adminRefreshToken = 44 chars
2026-06-29 21:36:29.410 +00:00 [INF] Admin token found in cookies, length: 844
2026-06-29 21:36:29.410 +00:00 [INF] Admin token found in cookies, length: 844
2026-06-29 21:36:29.410 +00:00 [INF] Admin token set in context
2026-06-29 21:36:29.410 +00:00 [INF] Admin token set in context
2026-06-29 21:36:29.411 +00:00 [INF] ====== OnMessageReceived END - Token set: true ======
2026-06-29 21:36:29.411 +00:00 [INF] ====== OnMessageReceived END - Token set: true ======
2026-06-29 21:36:29.412 +00:00 [INF] Token validated successfully for user: lengyelnorbi
2026-06-29 21:36:29.412 +00:00 [INF] Device fingerprint headers - UA: Mozilla/5.0 (Windows NT 10.0; Win64; x64) AppleWebKit/537.36 (KHTML, like Gecko) Chrome/149.0.0.0 Safari/537.36, Accept: application/json, text/plain, */*, Encoding: gzip, deflate
2026-06-29 21:36:29.412 +00:00 [INF] Token validated successfully for user: lengyelnorbi
2026-06-29 21:36:29.412 +00:00 [INF] Device fingerprint validation: Stored=+dnl/HqeUWZoa90RTxKXA37sysOj0ueJeeX3J79LuJU=, Current=+dnl/HqeUWZoa90RTxKXA37sysOj0ueJeeX3J79LuJU=
2026-06-29 21:36:29.412 +00:00 [INF] Device fingerprint headers - UA: Mozilla/5.0 (Windows NT 10.0; Win64; x64) AppleWebKit/537.36 (KHTML, like Gecko) Chrome/149.0.0.0 Safari/537.36, Accept: application/json, text/plain, */*, Encoding: gzip, deflate
2026-06-29 21:36:29.413 +00:00 [INF] Device fingerprint validation: Stored=+dnl/HqeUWZoa90RTxKXA37sysOj0ueJeeX3J79LuJU=, Current=+dnl/HqeUWZoa90RTxKXA37sysOj0ueJeeX3J79LuJU=
2026-06-29 21:36:30.049 +00:00 [INF] Executed DbCommand (46ms) [Parameters=[@__jti_0='?', @__userId_1='?' (DbType = Int32)], CommandType='"Text"', CommandTimeout='30']
SELECT a."ID", a."CreatedAt", a."DeviceFingerprint", a."ExpiresAt", a."IpAddress", a."IsRevoked", a."UserID", a.jti
FROM "AccessTokens" AS a
WHERE a.jti = @__jti_0 AND a."UserID" = @__userId_1 AND NOT (a."IsRevoked") AND a."ExpiresAt" > now()
LIMIT 1
2026-06-29 21:36:30.049 +00:00 [INF] Executed DbCommand (45ms) [Parameters=[@__jti_0='?', @__userId_1='?' (DbType = Int32)], CommandType='"Text"', CommandTimeout='30']
SELECT a."ID", a."CreatedAt", a."DeviceFingerprint", a."ExpiresAt", a."IpAddress", a."IsRevoked", a."UserID", a.jti
FROM "AccessTokens" AS a
WHERE a.jti = @__jti_0 AND a."UserID" = @__userId_1 AND NOT (a."IsRevoked") AND a."ExpiresAt" > now()
LIMIT 1
2026-06-29 21:36:30.049 +00:00 [INF] Executed DbCommand (44ms) [Parameters=[@__jti_0='?', @__userId_1='?' (DbType = Int32)], CommandType='"Text"', CommandTimeout='30']
SELECT a."ID", a."CreatedAt", a."DeviceFingerprint", a."ExpiresAt", a."IpAddress", a."IsRevoked", a."UserID", a.jti
FROM "AccessTokens" AS a
WHERE a.jti = @__jti_0 AND a."UserID" = @__userId_1 AND NOT (a."IsRevoked") AND a."ExpiresAt" > now()
LIMIT 1
2026-06-29 21:36:30.147 +00:00 [INF] Executing endpoint 'API.Controllers.UserController.Get (API)'
2026-06-29 21:36:30.147 +00:00 [INF] Executing endpoint 'API.Controllers.TokenController.GetAccessTokens (API)'
2026-06-29 21:36:30.147 +00:00 [INF] Executing endpoint 'API.Controllers.UserController.Get (API)'
2026-06-29 21:36:30.162 +00:00 [INF] Route matched with {action = "Get", controller = "User"}. Executing controller action with signature System.Threading.Tasks.Task`1[API.Utils.PagedResult`1[API.DTO.UserDTO]] Get(Int32, Int32) on controller API.Controllers.UserController (API).
2026-06-29 21:36:30.162 +00:00 [INF] Route matched with {action = "Get", controller = "User"}. Executing controller action with signature System.Threading.Tasks.Task`1[API.Utils.PagedResult`1[API.DTO.UserDTO]] Get(Int32, Int32) on controller API.Controllers.UserController (API).
2026-06-29 21:36:30.162 +00:00 [INF] Route matched with {action = "GetAccessTokens", controller = "Token"}. Executing controller action with signature System.Threading.Tasks.Task`1[API.Utils.PagedResult`1[API.DTO.AccessTokenUserDTO]] GetAccessTokens(Int32, Int32) on controller API.Controllers.TokenController (API).
2026-06-29 21:36:30.174 +00:00 [INF] Received request to fetch access tokens with pagination: page=1, limit=10
2026-06-29 21:36:30.201 +00:00 [INF] Executed DbCommand (3ms) [Parameters=[], CommandType='"Text"', CommandTimeout='30']
SELECT count(*)::int
FROM "Users" AS u
WHERE u."Role" <> 'Admin'
2026-06-29 21:36:30.201 +00:00 [INF] Executed DbCommand (3ms) [Parameters=[], CommandType='"Text"', CommandTimeout='30']
SELECT count(*)::int
FROM "Users" AS u
WHERE u."Role" <> 'Admin'
2026-06-29 21:36:30.202 +00:00 [INF] Executed DbCommand (4ms) [Parameters=[], CommandType='"Text"', CommandTimeout='30']
SELECT count(*)::int
FROM "AccessTokens" AS a
WHERE NOT (a."IsRevoked")
2026-06-29 21:36:30.212 +00:00 [WRN] The query uses a row limiting operator ('Skip'/'Take') without an 'OrderBy' operator. This may lead to unpredictable results. If the 'Distinct' operator is used after 'OrderBy', then make sure to use the 'OrderBy' operator after 'Distinct' as the ordering would otherwise get erased.
2026-06-29 21:36:30.212 +00:00 [WRN] The query uses a row limiting operator ('Skip'/'Take') without an 'OrderBy' operator. This may lead to unpredictable results. If the 'Distinct' operator is used after 'OrderBy', then make sure to use the 'OrderBy' operator after 'Distinct' as the ordering would otherwise get erased.
2026-06-29 21:36:30.219 +00:00 [INF] Executed DbCommand (2ms) [Parameters=[@__p_1='?' (DbType = Int32), @__p_0='?' (DbType = Int32)], CommandType='"Text"', CommandTimeout='30']
SELECT u."ID", u."Username", u."Email", u."RegisteredAt", u."Role"
FROM "Users" AS u
WHERE u."Role" <> 'Admin'
ORDER BY u."ID"
LIMIT @__p_1 OFFSET @__p_0
2026-06-29 21:36:30.221 +00:00 [INF] Executed DbCommand (4ms) [Parameters=[@__p_1='?' (DbType = Int32), @__p_0='?' (DbType = Int32)], CommandType='"Text"', CommandTimeout='30']
SELECT u."ID", u."Username", u."Email", u."RegisteredAt", u."Role"
FROM "Users" AS u
WHERE u."Role" <> 'Admin'
ORDER BY u."ID"
LIMIT @__p_1 OFFSET @__p_0
2026-06-29 21:36:30.229 +00:00 [INF] Executing ObjectResult, writing value of type 'API.Utils.PagedResult`1[[API.DTO.UserDTO, API, Version=1.0.0.0, Culture=neutral, PublicKeyToken=null]]'.
2026-06-29 21:36:30.229 +00:00 [INF] Executing ObjectResult, writing value of type 'API.Utils.PagedResult`1[[API.DTO.UserDTO, API, Version=1.0.0.0, Culture=neutral, PublicKeyToken=null]]'.
2026-06-29 21:36:30.244 +00:00 [INF] Executed DbCommand (2ms) [Parameters=[@__p_1='?' (DbType = Int32), @__p_0='?' (DbType = Int32)], CommandType='"Text"', CommandTimeout='30']
SELECT a0."ID", a0.jti, a0."DeviceFingerprint", a0."IpAddress", a0."CreatedAt", a0."IsRevoked", a0."ExpiresAt", u."ID" AS "UserID", u."Username", u."Email", u."Role"
FROM (
    SELECT a."ID", a."CreatedAt", a."DeviceFingerprint", a."ExpiresAt", a."IpAddress", a."IsRevoked", a."UserID", a.jti
    FROM "AccessTokens" AS a
    WHERE NOT (a."IsRevoked")
    LIMIT @__p_1 OFFSET @__p_0
) AS a0
INNER JOIN "Users" AS u ON a0."UserID" = u."ID"
2026-06-29 21:36:30.246 +00:00 [INF] Executing ObjectResult, writing value of type 'API.Utils.PagedResult`1[[API.DTO.AccessTokenUserDTO, API, Version=1.0.0.0, Culture=neutral, PublicKeyToken=null]]'.
2026-06-29 21:36:30.272 +00:00 [INF] Executed action API.Controllers.UserController.Get (API) in 108.2841ms
2026-06-29 21:36:30.272 +00:00 [INF] Executed action API.Controllers.UserController.Get (API) in 108.2214ms
2026-06-29 21:36:30.272 +00:00 [INF] Executed action API.Controllers.TokenController.GetAccessTokens (API) in 107.441ms
2026-06-29 21:36:30.276 +00:00 [INF] Executed endpoint 'API.Controllers.UserController.Get (API)'
2026-06-29 21:36:30.276 +00:00 [INF] Executed endpoint 'API.Controllers.UserController.Get (API)'
2026-06-29 21:36:30.276 +00:00 [INF] Executed endpoint 'API.Controllers.TokenController.GetAccessTokens (API)'
2026-06-29 21:36:30.282 +00:00 [INF] Request finished HTTP/1.1 GET http://192.168.1.4:8080/api/user?page=1&limit=10 - 200 null application/json; charset=utf-8 886.3528ms
2026-06-29 21:36:30.282 +00:00 [INF] Request finished HTTP/1.1 GET http://192.168.1.4:8080/api/token/access-token?page=1&limit=10 - 499 null application/json; charset=utf-8 1263.6037ms
2026-06-29 21:36:30.282 +00:00 [INF] Request finished HTTP/1.1 GET http://192.168.1.4:8080/api/user?page=1&limit=10 - 200 null application/json; charset=utf-8 885.9481ms
2026-06-29 21:36:31.568 +00:00 [INF] Request starting HTTP/1.1 GET http://192.168.1.4:8080/api/user?page=1&limit=10 - null null
2026-06-29 21:36:31.569 +00:00 [INF] CORS policy execution successful.
2026-06-29 21:36:31.570 +00:00 [INF] ====== OnMessageReceived START ======
2026-06-29 21:36:31.571 +00:00 [INF] Available cookies: 2
2026-06-29 21:36:31.571 +00:00 [INF] Cookie: adminToken = 844 chars
2026-06-29 21:36:31.571 +00:00 [INF] Cookie: adminRefreshToken = 44 chars
2026-06-29 21:36:31.571 +00:00 [INF] Admin token found in cookies, length: 844
2026-06-29 21:36:31.571 +00:00 [INF] Admin token set in context
2026-06-29 21:36:31.572 +00:00 [INF] ====== OnMessageReceived END - Token set: true ======
2026-06-29 21:36:31.572 +00:00 [INF] Token validated successfully for user: lengyelnorbi
2026-06-29 21:36:31.573 +00:00 [INF] Device fingerprint headers - UA: Mozilla/5.0 (Windows NT 10.0; Win64; x64) AppleWebKit/537.36 (KHTML, like Gecko) Chrome/149.0.0.0 Safari/537.36, Accept: application/json, text/plain, */*, Encoding: gzip, deflate
2026-06-29 21:36:31.573 +00:00 [INF] Device fingerprint validation: Stored=+dnl/HqeUWZoa90RTxKXA37sysOj0ueJeeX3J79LuJU=, Current=+dnl/HqeUWZoa90RTxKXA37sysOj0ueJeeX3J79LuJU=
2026-06-29 21:36:31.617 +00:00 [INF] Executed DbCommand (2ms) [Parameters=[@__jti_0='?', @__userId_1='?' (DbType = Int32)], CommandType='"Text"', CommandTimeout='30']
SELECT a."ID", a."CreatedAt", a."DeviceFingerprint", a."ExpiresAt", a."IpAddress", a."IsRevoked", a."UserID", a.jti
FROM "AccessTokens" AS a
WHERE a.jti = @__jti_0 AND a."UserID" = @__userId_1 AND NOT (a."IsRevoked") AND a."ExpiresAt" > now()
LIMIT 1
2026-06-29 21:36:31.618 +00:00 [INF] Executing endpoint 'API.Controllers.UserController.Get (API)'
2026-06-29 21:36:31.618 +00:00 [INF] Route matched with {action = "Get", controller = "User"}. Executing controller action with signature System.Threading.Tasks.Task`1[API.Utils.PagedResult`1[API.DTO.UserDTO]] Get(Int32, Int32) on controller API.Controllers.UserController (API).
2026-06-29 21:36:31.622 +00:00 [INF] Executed DbCommand (1ms) [Parameters=[], CommandType='"Text"', CommandTimeout='30']
SELECT count(*)::int
FROM "Users" AS u
WHERE u."Role" <> 'Admin'
2026-06-29 21:36:31.624 +00:00 [INF] Executed DbCommand (1ms) [Parameters=[@__p_1='?' (DbType = Int32), @__p_0='?' (DbType = Int32)], CommandType='"Text"', CommandTimeout='30']
SELECT u."ID", u."Username", u."Email", u."RegisteredAt", u."Role"
FROM "Users" AS u
WHERE u."Role" <> 'Admin'
ORDER BY u."ID"
LIMIT @__p_1 OFFSET @__p_0
2026-06-29 21:36:31.624 +00:00 [INF] Executing ObjectResult, writing value of type 'API.Utils.PagedResult`1[[API.DTO.UserDTO, API, Version=1.0.0.0, Culture=neutral, PublicKeyToken=null]]'.
2026-06-29 21:36:31.625 +00:00 [INF] Executed action API.Controllers.UserController.Get (API) in 6.0306ms
2026-06-29 21:36:31.625 +00:00 [INF] Executed endpoint 'API.Controllers.UserController.Get (API)'
2026-06-29 21:36:31.625 +00:00 [INF] Request finished HTTP/1.1 GET http://192.168.1.4:8080/api/user?page=1&limit=10 - 200 null application/json; charset=utf-8 57.6485ms
2026-06-29 21:36:36.310 +00:00 [INF] Request starting HTTP/1.1 OPTIONS http://192.168.1.4:8080/api/password/generate-password - null null
2026-06-29 21:36:36.311 +00:00 [INF] CORS policy execution successful.
2026-06-29 21:36:36.312 +00:00 [INF] Request finished HTTP/1.1 OPTIONS http://192.168.1.4:8080/api/password/generate-password - 204 null null 2.2464ms
2026-06-29 21:36:36.314 +00:00 [INF] Request starting HTTP/1.1 POST http://192.168.1.4:8080/api/password/generate-password - application/json 69
2026-06-29 21:36:36.315 +00:00 [INF] CORS policy execution successful.
2026-06-29 21:36:36.315 +00:00 [INF] ====== OnMessageReceived START ======
2026-06-29 21:36:36.315 +00:00 [INF] Available cookies: 2
2026-06-29 21:36:36.315 +00:00 [INF] Cookie: adminToken = 844 chars
2026-06-29 21:36:36.315 +00:00 [INF] Cookie: adminRefreshToken = 44 chars
2026-06-29 21:36:36.316 +00:00 [INF] Admin token found in cookies, length: 844
2026-06-29 21:36:36.316 +00:00 [INF] Admin token set in context
2026-06-29 21:36:36.316 +00:00 [INF] ====== OnMessageReceived END - Token set: true ======
2026-06-29 21:36:36.316 +00:00 [INF] Token validated successfully for user: lengyelnorbi
2026-06-29 21:36:36.316 +00:00 [INF] Device fingerprint headers - UA: Mozilla/5.0 (Windows NT 10.0; Win64; x64) AppleWebKit/537.36 (KHTML, like Gecko) Chrome/149.0.0.0 Safari/537.36, Accept: */*, Encoding: gzip, deflate
2026-06-29 21:36:36.317 +00:00 [INF] Device fingerprint validation: Stored=+dnl/HqeUWZoa90RTxKXA37sysOj0ueJeeX3J79LuJU=, Current=+dnl/HqeUWZoa90RTxKXA37sysOj0ueJeeX3J79LuJU=
2026-06-29 21:36:36.320 +00:00 [INF] Executed DbCommand (2ms) [Parameters=[@__jti_0='?', @__userId_1='?' (DbType = Int32)], CommandType='"Text"', CommandTimeout='30']
SELECT a."ID", a."CreatedAt", a."DeviceFingerprint", a."ExpiresAt", a."IpAddress", a."IsRevoked", a."UserID", a.jti
FROM "AccessTokens" AS a
WHERE a.jti = @__jti_0 AND a."UserID" = @__userId_1 AND NOT (a."IsRevoked") AND a."ExpiresAt" > now()
LIMIT 1
2026-06-29 21:36:36.324 +00:00 [INF] Executing endpoint 'API.Controllers.PasswordController.GeneratePassword (API)'
2026-06-29 21:36:36.328 +00:00 [INF] Route matched with {action = "GeneratePassword", controller = "Password"}. Executing controller action with signature System.Threading.Tasks.Task`1[Microsoft.AspNetCore.Mvc.IActionResult] GeneratePassword(API.Models.RequestModels.GeneratePwdRequest) on controller API.Controllers.PasswordController (API).
2026-06-29 21:36:36.347 +00:00 [INF] Executing OkObjectResult, writing value of type '<>f__AnonymousType4`1[[System.String, System.Private.CoreLib, Version=9.0.0.0, Culture=neutral, PublicKeyToken=7cec85d7bea7798e]]'.
2026-06-29 21:36:36.349 +00:00 [INF] Executed action API.Controllers.PasswordController.GeneratePassword (API) in 20.6143ms
2026-06-29 21:36:36.349 +00:00 [INF] Executed endpoint 'API.Controllers.PasswordController.GeneratePassword (API)'
2026-06-29 21:36:36.350 +00:00 [INF] Request finished HTTP/1.1 POST http://192.168.1.4:8080/api/password/generate-password - 200 null application/json; charset=utf-8 35.5724ms
2026-06-29 21:36:37.190 +00:00 [INF] Request starting HTTP/1.1 OPTIONS http://192.168.1.4:8080/api/user - null null
2026-06-29 21:36:37.191 +00:00 [INF] CORS policy execution successful.
2026-06-29 21:36:37.191 +00:00 [INF] Request finished HTTP/1.1 OPTIONS http://192.168.1.4:8080/api/user - 204 null null 0.8212ms
2026-06-29 21:36:37.193 +00:00 [INF] Request starting HTTP/1.1 PUT http://192.168.1.4:8080/api/user - application/json 113
2026-06-29 21:36:37.194 +00:00 [INF] CORS policy execution successful.
2026-06-29 21:36:37.194 +00:00 [INF] ====== OnMessageReceived START ======
2026-06-29 21:36:37.194 +00:00 [INF] Available cookies: 2
2026-06-29 21:36:37.195 +00:00 [INF] Cookie: adminToken = 844 chars
2026-06-29 21:36:37.195 +00:00 [INF] Cookie: adminRefreshToken = 44 chars
2026-06-29 21:36:37.195 +00:00 [INF] Admin token found in cookies, length: 844
2026-06-29 21:36:37.195 +00:00 [INF] Admin token set in context
2026-06-29 21:36:37.195 +00:00 [INF] ====== OnMessageReceived END - Token set: true ======
2026-06-29 21:36:37.196 +00:00 [INF] Token validated successfully for user: lengyelnorbi
2026-06-29 21:36:37.196 +00:00 [INF] Device fingerprint headers - UA: Mozilla/5.0 (Windows NT 10.0; Win64; x64) AppleWebKit/537.36 (KHTML, like Gecko) Chrome/149.0.0.0 Safari/537.36, Accept: */*, Encoding: gzip, deflate
2026-06-29 21:36:37.196 +00:00 [INF] Device fingerprint validation: Stored=+dnl/HqeUWZoa90RTxKXA37sysOj0ueJeeX3J79LuJU=, Current=+dnl/HqeUWZoa90RTxKXA37sysOj0ueJeeX3J79LuJU=
2026-06-29 21:36:37.200 +00:00 [INF] Executed DbCommand (2ms) [Parameters=[@__jti_0='?', @__userId_1='?' (DbType = Int32)], CommandType='"Text"', CommandTimeout='30']
SELECT a."ID", a."CreatedAt", a."DeviceFingerprint", a."ExpiresAt", a."IpAddress", a."IsRevoked", a."UserID", a.jti
FROM "AccessTokens" AS a
WHERE a.jti = @__jti_0 AND a."UserID" = @__userId_1 AND NOT (a."IsRevoked") AND a."ExpiresAt" > now()
LIMIT 1
2026-06-29 21:36:37.204 +00:00 [INF] Executing endpoint 'API.Controllers.UserController.UpdateUserAsync (API)'
2026-06-29 21:36:37.207 +00:00 [INF] Route matched with {action = "UpdateUser", controller = "User"}. Executing controller action with signature System.Threading.Tasks.Task`1[Microsoft.AspNetCore.Mvc.IActionResult] UpdateUserAsync(API.Models.RequestModels.UpdateUserRequest) on controller API.Controllers.UserController (API).
2026-06-29 21:36:37.212 +00:00 [INF] API.Models.RequestModels.UpdateUserRequest
2026-06-29 21:36:37.213 +00:00 [INF] Executing BadRequestObjectResult, writing value of type 'System.String'.
2026-06-29 21:36:37.214 +00:00 [INF] Executed action API.Controllers.UserController.UpdateUserAsync (API) in 6.3024ms
2026-06-29 21:36:37.214 +00:00 [INF] Executed endpoint 'API.Controllers.UserController.UpdateUserAsync (API)'
2026-06-29 21:36:37.214 +00:00 [INF] Request finished HTTP/1.1 PUT http://192.168.1.4:8080/api/user - 400 null text/plain; charset=utf-8 20.9009ms
2026-06-29 21:43:28.731 +00:00 [INF] Request starting HTTP/1.1 OPTIONS http://192.168.1.4:8080/api/auth/refresh - null null
2026-06-29 21:43:28.733 +00:00 [INF] CORS policy execution successful.
2026-06-29 21:43:28.734 +00:00 [INF] Request finished HTTP/1.1 OPTIONS http://192.168.1.4:8080/api/auth/refresh - 204 null null 2.6496ms
2026-06-29 21:43:28.737 +00:00 [INF] Request starting HTTP/1.1 POST http://192.168.1.4:8080/api/auth/refresh - application/json 18
2026-06-29 21:43:28.738 +00:00 [INF] CORS policy execution successful.
2026-06-29 21:43:28.739 +00:00 [INF] ====== OnMessageReceived START ======
2026-06-29 21:43:28.740 +00:00 [INF] Available cookies: 1
2026-06-29 21:43:28.740 +00:00 [INF] Cookie: adminRefreshToken = 44 chars
2026-06-29 21:43:28.740 +00:00 [WRN] NO TOKEN FOUND IN COOKIES!
2026-06-29 21:43:28.741 +00:00 [INF] ====== OnMessageReceived END - Token set: false ======
2026-06-29 21:43:28.743 +00:00 [INF] Authorization failed. These requirements were not met:
DenyAnonymousAuthorizationRequirement: Requires an authenticated user.
2026-06-29 21:43:28.747 +00:00 [INF] AuthenticationScheme: Bearer was challenged.
2026-06-29 21:43:28.747 +00:00 [INF] Request finished HTTP/1.1 POST http://192.168.1.4:8080/api/auth/refresh - 401 0 null 10.376ms
2026-06-29 21:43:34.519 +00:00 [INF] Request starting HTTP/1.1 OPTIONS http://192.168.1.4:8080/api/auth - null null
2026-06-29 21:43:34.520 +00:00 [INF] CORS policy execution successful.
2026-06-29 21:43:34.520 +00:00 [INF] Request finished HTTP/1.1 OPTIONS http://192.168.1.4:8080/api/auth - 204 null null 1.2864ms
2026-06-29 21:43:34.522 +00:00 [INF] Request starting HTTP/1.1 POST http://192.168.1.4:8080/api/auth - application/json 74
2026-06-29 21:43:34.522 +00:00 [INF] CORS policy execution successful.
2026-06-29 21:43:34.522 +00:00 [INF] ====== OnMessageReceived START ======
2026-06-29 21:43:34.523 +00:00 [INF] Available cookies: 1
2026-06-29 21:43:34.523 +00:00 [INF] Cookie: adminRefreshToken = 44 chars
2026-06-29 21:43:34.523 +00:00 [WRN] NO TOKEN FOUND IN COOKIES!
2026-06-29 21:43:34.523 +00:00 [INF] ====== OnMessageReceived END - Token set: false ======
2026-06-29 21:43:34.524 +00:00 [INF] Executing endpoint 'API.Controllers.AuthController.Authenticate (API)'
2026-06-29 21:43:34.527 +00:00 [INF] Route matched with {action = "Authenticate", controller = "Auth"}. Executing controller action with signature System.Threading.Tasks.Task`1[Microsoft.AspNetCore.Mvc.IActionResult] Authenticate(API.Models.RequestModels.LoginRequest) on controller API.Controllers.AuthController (API).
2026-06-29 21:43:34.532 +00:00 [INF] Authentication attempt for email: lengyelnorbi5@gmail.com
2026-06-29 21:43:34.533 +00:00 [INF] Fetching user by email from database...
2026-06-29 21:43:34.553 +00:00 [INF] Executed DbCommand (2ms) [Parameters=[@__email_0='?'], CommandType='"Text"', CommandTimeout='30']
SELECT u."ID", u."Email", u."PasswordHash", u."RegisteredAt", u."Role", u."Username"
FROM "Users" AS u
WHERE u."Email" = @__email_0
LIMIT 1
2026-06-29 21:43:34.565 +00:00 [INF] Mozilla/5.0 (Windows NT 10.0; Win64; x64) AppleWebKit/537.36 (KHTML, like Gecko) Chrome/149.0.0.0 Safari/537.36
2026-06-29 21:43:34.570 +00:00 [INF] Fetching user by email from database...
2026-06-29 21:43:34.572 +00:00 [INF] Executed DbCommand (1ms) [Parameters=[@__email_0='?'], CommandType='"Text"', CommandTimeout='30']
SELECT u."ID", u."Email", u."PasswordHash", u."RegisteredAt", u."Role", u."Username"
FROM "Users" AS u
WHERE u."Email" = @__email_0
LIMIT 1
2026-06-29 21:43:35.103 +00:00 [INF] Executed DbCommand (106ms) [Parameters=[@p0='?' (DbType = DateTime), @p1='?', @p2='?' (DbType = DateTime), @p3='?', @p4='?' (DbType = Int32), @p5='?'], CommandType='"Text"', CommandTimeout='30']
INSERT INTO "AccessTokens" ("CreatedAt", "DeviceFingerprint", "ExpiresAt", "IpAddress", "UserID", jti)
VALUES (@p0, @p1, @p2, @p3, @p4, @p5)
RETURNING "ID", "IsRevoked";
2026-06-29 21:43:35.137 +00:00 [INF] Executed DbCommand (3ms) [Parameters=[@p0='?' (DbType = DateTime), @p1='?', @p2='?' (DbType = DateTime), @p3='?', @p4='?', @p5='?' (DbType = Int32)], CommandType='"Text"', CommandTimeout='30']
INSERT INTO "RefreshTokens" ("CreatedAt", "DeviceFingerprint", "ExpiresAt", "IpAddress", "TokenHash", "UserID")
VALUES (@p0, @p1, @p2, @p3, @p4, @p5)
RETURNING "ID", "IsRevoked";
2026-06-29 21:43:35.140 +00:00 [INF] Admin user lengyelnorbi5@gmail.com authenticated successfully from admin panel at "2026-06-29T21:43:35.1402746Z"
2026-06-29 21:43:35.141 +00:00 [INF] --------------------------------------------------------------------
2026-06-29 21:43:35.142 +00:00 [INF] eyJhbGciOiJIUzI1NiIsInR5cCI6IkpXVCJ9.eyJodHRwOi8vc2NoZW1hcy54bWxzb2FwLm9yZy93cy8yMDA1LzA1L2lkZW50aXR5L2NsYWltcy9uYW1laWRlbnRpZmllciI6IjEiLCJodHRwOi8vc2NoZW1hcy54bWxzb2FwLm9yZy93cy8yMDA1LzA1L2lkZW50aXR5L2NsYWltcy9lbWFpbGFkZHJlc3MiOiJsZW5neWVsbm9yYmk1QGdtYWlsLmNvbSIsImh0dHA6Ly9zY2hlbWFzLnhtbHNvYXAub3JnL3dzLzIwMDUvMDUvaWRlbnRpdHkvY2xhaW1zL25hbWUiOiJsZW5neWVsbm9yYmkiLCJqdGkiOiIwMjU1YjBkNy0zMmM0LTQyMDEtODFmOS03M2ZhZGUzNGIwYjMiLCJpYXQiOjE3ODI3Njk0MTQsImV4cCI6MTc4Mjc2OTcxNCwiaHR0cDovL3NjaGVtYXMubWljcm9zb2Z0LmNvbS93cy8yMDA4LzA2L2lkZW50aXR5L2NsYWltcy9yb2xlIjoiQWRtaW4iLCJTb3VyY2UiOiJhZG1pbiIsIkRldmljZUlkIjoiK2RubC9IcWVVV1pvYTkwUlR4S1hBMzdzeXNPajB1ZUplZVgzSjc5THVKVT0iLCJJUEFkZHJlc3MiOiI6OmZmZmY6MTcyLjIwLjAuMSIsIlRva2VuVmVyc2lvbiI6IjEiLCJpc3MiOiJNdXNpY1BsYXllckFQSSIsImF1ZCI6Ik11c2ljUGxheWVyQ2xpZW50In0.kF_bUuihNUJE8u0sMDz8ZJ4W2vwH1aRL9UfYOY2Jlv0
2026-06-29 21:43:35.142 +00:00 [INF] VZnWvGBsvJ5BaMW4q2X5qNjiBgnt0ioNTvCSPEOM1sM=
2026-06-29 21:43:35.142 +00:00 [INF] Source: admin
2026-06-29 21:43:35.142 +00:00 [INF] Access Token expires at: "2026-06-29T21:48:34.9370653Z"
2026-06-29 21:43:35.143 +00:00 [INF] Refresh Token expires at: "2026-06-30T05:43:35.1211712Z"
2026-06-29 21:43:35.143 +00:00 [INF] tokenCookieName: adminToken
2026-06-29 21:43:35.144 +00:00 [INF] refreshTokenCookieName: adminRefreshToken
2026-06-29 21:43:35.144 +00:00 [INF] Refresh token hash stored in cookie: VZnWvGBsvJ5BaMW4q2X5qNjiBgnt0ioNTvCSPEOM1sM=
2026-06-29 21:43:35.144 +00:00 [INF] --------------------------------------------------------------------
2026-06-29 21:43:35.145 +00:00 [INF] Executing OkObjectResult, writing value of type '<>f__AnonymousType1`4[[System.Boolean, System.Private.CoreLib, Version=9.0.0.0, Culture=neutral, PublicKeyToken=7cec85d7bea7798e],[System.Int32, System.Private.CoreLib, Version=9.0.0.0, Culture=neutral, PublicKeyToken=7cec85d7bea7798e],[System.Int32, System.Private.CoreLib, Version=9.0.0.0, Culture=neutral, PublicKeyToken=7cec85d7bea7798e],[<>f__AnonymousType2`3[[System.Int32, System.Private.CoreLib, Version=9.0.0.0, Culture=neutral, PublicKeyToken=7cec85d7bea7798e],[System.String, System.Private.CoreLib, Version=9.0.0.0, Culture=neutral, PublicKeyToken=7cec85d7bea7798e],[System.String, System.Private.CoreLib, Version=9.0.0.0, Culture=neutral, PublicKeyToken=7cec85d7bea7798e]], API, Version=1.0.0.0, Culture=neutral, PublicKeyToken=null]]'.
2026-06-29 21:43:35.147 +00:00 [INF] Executed action API.Controllers.AuthController.Authenticate (API) in 619.6255ms
2026-06-29 21:43:35.148 +00:00 [INF] Executed endpoint 'API.Controllers.AuthController.Authenticate (API)'
2026-06-29 21:43:35.148 +00:00 [INF] Request finished HTTP/1.1 POST http://192.168.1.4:8080/api/auth - 200 null application/json; charset=utf-8 625.9879ms
2026-06-29 21:43:36.244 +00:00 [INF] Request starting HTTP/1.1 GET http://192.168.1.4:8080/api/user?page=1&limit=10 - null null
2026-06-29 21:43:36.244 +00:00 [INF] CORS policy execution successful.
2026-06-29 21:43:36.245 +00:00 [INF] ====== OnMessageReceived START ======
2026-06-29 21:43:36.245 +00:00 [INF] Available cookies: 2
2026-06-29 21:43:36.245 +00:00 [INF] Cookie: adminToken = 844 chars
2026-06-29 21:43:36.245 +00:00 [INF] Cookie: adminRefreshToken = 44 chars
2026-06-29 21:43:36.246 +00:00 [INF] Admin token found in cookies, length: 844
2026-06-29 21:43:36.246 +00:00 [INF] Admin token set in context
2026-06-29 21:43:36.246 +00:00 [INF] ====== OnMessageReceived END - Token set: true ======
2026-06-29 21:43:36.247 +00:00 [INF] Token validated successfully for user: lengyelnorbi
2026-06-29 21:43:36.247 +00:00 [INF] Device fingerprint headers - UA: Mozilla/5.0 (Windows NT 10.0; Win64; x64) AppleWebKit/537.36 (KHTML, like Gecko) Chrome/149.0.0.0 Safari/537.36, Accept: application/json, text/plain, */*, Encoding: gzip, deflate
2026-06-29 21:43:36.247 +00:00 [INF] Device fingerprint validation: Stored=+dnl/HqeUWZoa90RTxKXA37sysOj0ueJeeX3J79LuJU=, Current=+dnl/HqeUWZoa90RTxKXA37sysOj0ueJeeX3J79LuJU=
2026-06-29 21:43:36.250 +00:00 [INF] Request starting HTTP/1.1 GET http://192.168.1.4:8080/api/user?page=1&limit=10 - null null
2026-06-29 21:43:36.251 +00:00 [INF] Executed DbCommand (2ms) [Parameters=[@__jti_0='?', @__userId_1='?' (DbType = Int32)], CommandType='"Text"', CommandTimeout='30']
SELECT a."ID", a."CreatedAt", a."DeviceFingerprint", a."ExpiresAt", a."IpAddress", a."IsRevoked", a."UserID", a.jti
FROM "AccessTokens" AS a
WHERE a.jti = @__jti_0 AND a."UserID" = @__userId_1 AND NOT (a."IsRevoked") AND a."ExpiresAt" > now()
LIMIT 1
2026-06-29 21:43:36.251 +00:00 [INF] CORS policy execution successful.
2026-06-29 21:43:36.251 +00:00 [INF] ====== OnMessageReceived START ======
2026-06-29 21:43:36.251 +00:00 [INF] Executing endpoint 'API.Controllers.UserController.Get (API)'
2026-06-29 21:43:36.252 +00:00 [INF] Available cookies: 2
2026-06-29 21:43:36.252 +00:00 [INF] Route matched with {action = "Get", controller = "User"}. Executing controller action with signature System.Threading.Tasks.Task`1[API.Utils.PagedResult`1[API.DTO.UserDTO]] Get(Int32, Int32) on controller API.Controllers.UserController (API).
2026-06-29 21:43:36.252 +00:00 [INF] Cookie: adminToken = 844 chars
2026-06-29 21:43:36.253 +00:00 [INF] Cookie: adminRefreshToken = 44 chars
2026-06-29 21:43:36.253 +00:00 [INF] Admin token found in cookies, length: 844
2026-06-29 21:43:36.253 +00:00 [INF] Admin token set in context
2026-06-29 21:43:36.253 +00:00 [INF] ====== OnMessageReceived END - Token set: true ======
2026-06-29 21:43:36.254 +00:00 [INF] Token validated successfully for user: lengyelnorbi
2026-06-29 21:43:36.254 +00:00 [INF] Device fingerprint headers - UA: Mozilla/5.0 (Windows NT 10.0; Win64; x64) AppleWebKit/537.36 (KHTML, like Gecko) Chrome/149.0.0.0 Safari/537.36, Accept: application/json, text/plain, */*, Encoding: gzip, deflate
2026-06-29 21:43:36.254 +00:00 [INF] Device fingerprint validation: Stored=+dnl/HqeUWZoa90RTxKXA37sysOj0ueJeeX3J79LuJU=, Current=+dnl/HqeUWZoa90RTxKXA37sysOj0ueJeeX3J79LuJU=
2026-06-29 21:43:36.256 +00:00 [INF] Executed DbCommand (2ms) [Parameters=[], CommandType='"Text"', CommandTimeout='30']
SELECT count(*)::int
FROM "Users" AS u
WHERE u."Role" <> 'Admin'
2026-06-29 21:43:36.258 +00:00 [INF] Executed DbCommand (2ms) [Parameters=[@__p_1='?' (DbType = Int32), @__p_0='?' (DbType = Int32)], CommandType='"Text"', CommandTimeout='30']
SELECT u."ID", u."Username", u."Email", u."RegisteredAt", u."Role"
FROM "Users" AS u
WHERE u."Role" <> 'Admin'
ORDER BY u."ID"
LIMIT @__p_1 OFFSET @__p_0
2026-06-29 21:43:36.259 +00:00 [INF] Executing ObjectResult, writing value of type 'API.Utils.PagedResult`1[[API.DTO.UserDTO, API, Version=1.0.0.0, Culture=neutral, PublicKeyToken=null]]'.
2026-06-29 21:43:36.259 +00:00 [INF] Executed action API.Controllers.UserController.Get (API) in 6.8294ms
2026-06-29 21:43:36.260 +00:00 [INF] Executed endpoint 'API.Controllers.UserController.Get (API)'
2026-06-29 21:43:36.260 +00:00 [INF] Request finished HTTP/1.1 GET http://192.168.1.4:8080/api/user?page=1&limit=10 - 200 null application/json; charset=utf-8 16.5157ms
2026-06-29 21:43:36.269 +00:00 [INF] Executed DbCommand (3ms) [Parameters=[@__jti_0='?', @__userId_1='?' (DbType = Int32)], CommandType='"Text"', CommandTimeout='30']
SELECT a."ID", a."CreatedAt", a."DeviceFingerprint", a."ExpiresAt", a."IpAddress", a."IsRevoked", a."UserID", a.jti
FROM "AccessTokens" AS a
WHERE a.jti = @__jti_0 AND a."UserID" = @__userId_1 AND NOT (a."IsRevoked") AND a."ExpiresAt" > now()
LIMIT 1
2026-06-29 21:43:36.270 +00:00 [INF] Executing endpoint 'API.Controllers.UserController.Get (API)'
2026-06-29 21:43:36.270 +00:00 [INF] Route matched with {action = "Get", controller = "User"}. Executing controller action with signature System.Threading.Tasks.Task`1[API.Utils.PagedResult`1[API.DTO.UserDTO]] Get(Int32, Int32) on controller API.Controllers.UserController (API).
2026-06-29 21:43:36.272 +00:00 [INF] Executed DbCommand (1ms) [Parameters=[], CommandType='"Text"', CommandTimeout='30']
SELECT count(*)::int
FROM "Users" AS u
WHERE u."Role" <> 'Admin'
2026-06-29 21:43:36.274 +00:00 [INF] Executed DbCommand (2ms) [Parameters=[@__p_1='?' (DbType = Int32), @__p_0='?' (DbType = Int32)], CommandType='"Text"', CommandTimeout='30']
SELECT u."ID", u."Username", u."Email", u."RegisteredAt", u."Role"
FROM "Users" AS u
WHERE u."Role" <> 'Admin'
ORDER BY u."ID"
LIMIT @__p_1 OFFSET @__p_0
2026-06-29 21:43:36.275 +00:00 [INF] Executing ObjectResult, writing value of type 'API.Utils.PagedResult`1[[API.DTO.UserDTO, API, Version=1.0.0.0, Culture=neutral, PublicKeyToken=null]]'.
2026-06-29 21:43:36.275 +00:00 [INF] Executed action API.Controllers.UserController.Get (API) in 5.077ms
2026-06-29 21:43:36.276 +00:00 [INF] Executed endpoint 'API.Controllers.UserController.Get (API)'
2026-06-29 21:43:36.276 +00:00 [INF] Request finished HTTP/1.1 GET http://192.168.1.4:8080/api/user?page=1&limit=10 - 200 null application/json; charset=utf-8 25.8333ms
2026-06-29 21:43:38.136 +00:00 [INF] Request starting HTTP/1.1 GET http://192.168.1.4:8080/api/user?page=1&limit=10 - null null
2026-06-29 21:43:38.136 +00:00 [INF] CORS policy execution successful.
2026-06-29 21:43:38.137 +00:00 [INF] ====== OnMessageReceived START ======
2026-06-29 21:43:38.137 +00:00 [INF] Available cookies: 2
2026-06-29 21:43:38.137 +00:00 [INF] Cookie: adminToken = 844 chars
2026-06-29 21:43:38.138 +00:00 [INF] Cookie: adminRefreshToken = 44 chars
2026-06-29 21:43:38.138 +00:00 [INF] Admin token found in cookies, length: 844
2026-06-29 21:43:38.138 +00:00 [INF] Admin token set in context
2026-06-29 21:43:38.139 +00:00 [INF] ====== OnMessageReceived END - Token set: true ======
2026-06-29 21:43:38.139 +00:00 [INF] Token validated successfully for user: lengyelnorbi
2026-06-29 21:43:38.139 +00:00 [INF] Device fingerprint headers - UA: Mozilla/5.0 (Windows NT 10.0; Win64; x64) AppleWebKit/537.36 (KHTML, like Gecko) Chrome/149.0.0.0 Safari/537.36, Accept: application/json, text/plain, */*, Encoding: gzip, deflate
2026-06-29 21:43:38.139 +00:00 [INF] Device fingerprint validation: Stored=+dnl/HqeUWZoa90RTxKXA37sysOj0ueJeeX3J79LuJU=, Current=+dnl/HqeUWZoa90RTxKXA37sysOj0ueJeeX3J79LuJU=
2026-06-29 21:43:38.142 +00:00 [INF] Executed DbCommand (1ms) [Parameters=[@__jti_0='?', @__userId_1='?' (DbType = Int32)], CommandType='"Text"', CommandTimeout='30']
SELECT a."ID", a."CreatedAt", a."DeviceFingerprint", a."ExpiresAt", a."IpAddress", a."IsRevoked", a."UserID", a.jti
FROM "AccessTokens" AS a
WHERE a.jti = @__jti_0 AND a."UserID" = @__userId_1 AND NOT (a."IsRevoked") AND a."ExpiresAt" > now()
LIMIT 1
2026-06-29 21:43:38.142 +00:00 [INF] Executing endpoint 'API.Controllers.UserController.Get (API)'
2026-06-29 21:43:38.143 +00:00 [INF] Route matched with {action = "Get", controller = "User"}. Executing controller action with signature System.Threading.Tasks.Task`1[API.Utils.PagedResult`1[API.DTO.UserDTO]] Get(Int32, Int32) on controller API.Controllers.UserController (API).
2026-06-29 21:43:38.145 +00:00 [INF] Executed DbCommand (1ms) [Parameters=[], CommandType='"Text"', CommandTimeout='30']
SELECT count(*)::int
FROM "Users" AS u
WHERE u."Role" <> 'Admin'
2026-06-29 21:43:38.147 +00:00 [INF] Executed DbCommand (1ms) [Parameters=[@__p_1='?' (DbType = Int32), @__p_0='?' (DbType = Int32)], CommandType='"Text"', CommandTimeout='30']
SELECT u."ID", u."Username", u."Email", u."RegisteredAt", u."Role"
FROM "Users" AS u
WHERE u."Role" <> 'Admin'
ORDER BY u."ID"
LIMIT @__p_1 OFFSET @__p_0
2026-06-29 21:43:38.147 +00:00 [INF] Executing ObjectResult, writing value of type 'API.Utils.PagedResult`1[[API.DTO.UserDTO, API, Version=1.0.0.0, Culture=neutral, PublicKeyToken=null]]'.
2026-06-29 21:43:38.148 +00:00 [INF] Executed action API.Controllers.UserController.Get (API) in 4.4772ms
2026-06-29 21:43:38.148 +00:00 [INF] Executed endpoint 'API.Controllers.UserController.Get (API)'
2026-06-29 21:43:38.148 +00:00 [INF] Request finished HTTP/1.1 GET http://192.168.1.4:8080/api/user?page=1&limit=10 - 200 null application/json; charset=utf-8 12.7166ms
2026-06-29 21:43:43.446 +00:00 [INF] Request starting HTTP/1.1 OPTIONS http://192.168.1.4:8080/api/password/generate-password - null null
2026-06-29 21:43:43.446 +00:00 [INF] CORS policy execution successful.
2026-06-29 21:43:43.447 +00:00 [INF] Request finished HTTP/1.1 OPTIONS http://192.168.1.4:8080/api/password/generate-password - 204 null null 0.8833ms
2026-06-29 21:43:43.449 +00:00 [INF] Request starting HTTP/1.1 POST http://192.168.1.4:8080/api/password/generate-password - application/json 69
2026-06-29 21:43:43.449 +00:00 [INF] CORS policy execution successful.
2026-06-29 21:43:43.450 +00:00 [INF] ====== OnMessageReceived START ======
2026-06-29 21:43:43.451 +00:00 [INF] Available cookies: 2
2026-06-29 21:43:43.451 +00:00 [INF] Cookie: adminToken = 844 chars
2026-06-29 21:43:43.451 +00:00 [INF] Cookie: adminRefreshToken = 44 chars
2026-06-29 21:43:43.452 +00:00 [INF] Admin token found in cookies, length: 844
2026-06-29 21:43:43.452 +00:00 [INF] Admin token set in context
2026-06-29 21:43:43.452 +00:00 [INF] ====== OnMessageReceived END - Token set: true ======
2026-06-29 21:43:43.453 +00:00 [INF] Token validated successfully for user: lengyelnorbi
2026-06-29 21:43:43.453 +00:00 [INF] Device fingerprint headers - UA: Mozilla/5.0 (Windows NT 10.0; Win64; x64) AppleWebKit/537.36 (KHTML, like Gecko) Chrome/149.0.0.0 Safari/537.36, Accept: */*, Encoding: gzip, deflate
2026-06-29 21:43:43.453 +00:00 [INF] Device fingerprint validation: Stored=+dnl/HqeUWZoa90RTxKXA37sysOj0ueJeeX3J79LuJU=, Current=+dnl/HqeUWZoa90RTxKXA37sysOj0ueJeeX3J79LuJU=
2026-06-29 21:43:43.456 +00:00 [INF] Executed DbCommand (2ms) [Parameters=[@__jti_0='?', @__userId_1='?' (DbType = Int32)], CommandType='"Text"', CommandTimeout='30']
SELECT a."ID", a."CreatedAt", a."DeviceFingerprint", a."ExpiresAt", a."IpAddress", a."IsRevoked", a."UserID", a.jti
FROM "AccessTokens" AS a
WHERE a.jti = @__jti_0 AND a."UserID" = @__userId_1 AND NOT (a."IsRevoked") AND a."ExpiresAt" > now()
LIMIT 1
2026-06-29 21:43:43.458 +00:00 [INF] Executing endpoint 'API.Controllers.PasswordController.GeneratePassword (API)'
2026-06-29 21:43:43.458 +00:00 [INF] Route matched with {action = "GeneratePassword", controller = "Password"}. Executing controller action with signature System.Threading.Tasks.Task`1[Microsoft.AspNetCore.Mvc.IActionResult] GeneratePassword(API.Models.RequestModels.GeneratePwdRequest) on controller API.Controllers.PasswordController (API).
2026-06-29 21:43:43.459 +00:00 [INF] Executing OkObjectResult, writing value of type '<>f__AnonymousType4`1[[System.String, System.Private.CoreLib, Version=9.0.0.0, Culture=neutral, PublicKeyToken=7cec85d7bea7798e]]'.
2026-06-29 21:43:43.459 +00:00 [INF] Executed action API.Controllers.PasswordController.GeneratePassword (API) in 1.0634ms
2026-06-29 21:43:43.460 +00:00 [INF] Executed endpoint 'API.Controllers.PasswordController.GeneratePassword (API)'
2026-06-29 21:43:43.460 +00:00 [INF] Request finished HTTP/1.1 POST http://192.168.1.4:8080/api/password/generate-password - 200 null application/json; charset=utf-8 11.4329ms
2026-06-29 21:43:46.917 +00:00 [INF] Request starting HTTP/1.1 OPTIONS http://192.168.1.4:8080/api/user - null null
2026-06-29 21:43:46.917 +00:00 [INF] CORS policy execution successful.
2026-06-29 21:43:46.917 +00:00 [INF] Request finished HTTP/1.1 OPTIONS http://192.168.1.4:8080/api/user - 204 null null 0.6781ms
2026-06-29 21:43:46.920 +00:00 [INF] Request starting HTTP/1.1 PUT http://192.168.1.4:8080/api/user - application/json 113
2026-06-29 21:43:46.921 +00:00 [INF] CORS policy execution successful.
2026-06-29 21:43:46.921 +00:00 [INF] ====== OnMessageReceived START ======
2026-06-29 21:43:46.921 +00:00 [INF] Available cookies: 2
2026-06-29 21:43:46.921 +00:00 [INF] Cookie: adminToken = 844 chars
2026-06-29 21:43:46.922 +00:00 [INF] Cookie: adminRefreshToken = 44 chars
2026-06-29 21:43:46.922 +00:00 [INF] Admin token found in cookies, length: 844
2026-06-29 21:43:46.922 +00:00 [INF] Admin token set in context
2026-06-29 21:43:46.923 +00:00 [INF] ====== OnMessageReceived END - Token set: true ======
2026-06-29 21:43:46.923 +00:00 [INF] Token validated successfully for user: lengyelnorbi
2026-06-29 21:43:46.923 +00:00 [INF] Device fingerprint headers - UA: Mozilla/5.0 (Windows NT 10.0; Win64; x64) AppleWebKit/537.36 (KHTML, like Gecko) Chrome/149.0.0.0 Safari/537.36, Accept: */*, Encoding: gzip, deflate
2026-06-29 21:43:46.923 +00:00 [INF] Device fingerprint validation: Stored=+dnl/HqeUWZoa90RTxKXA37sysOj0ueJeeX3J79LuJU=, Current=+dnl/HqeUWZoa90RTxKXA37sysOj0ueJeeX3J79LuJU=
2026-06-29 21:43:46.927 +00:00 [INF] Executed DbCommand (2ms) [Parameters=[@__jti_0='?', @__userId_1='?' (DbType = Int32)], CommandType='"Text"', CommandTimeout='30']
SELECT a."ID", a."CreatedAt", a."DeviceFingerprint", a."ExpiresAt", a."IpAddress", a."IsRevoked", a."UserID", a.jti
FROM "AccessTokens" AS a
WHERE a.jti = @__jti_0 AND a."UserID" = @__userId_1 AND NOT (a."IsRevoked") AND a."ExpiresAt" > now()
LIMIT 1
2026-06-29 21:43:46.928 +00:00 [INF] Executing endpoint 'API.Controllers.UserController.UpdateUserAsync (API)'
2026-06-29 21:43:46.928 +00:00 [INF] Route matched with {action = "UpdateUser", controller = "User"}. Executing controller action with signature System.Threading.Tasks.Task`1[Microsoft.AspNetCore.Mvc.IActionResult] UpdateUserAsync(API.Models.RequestModels.UpdateUserRequest) on controller API.Controllers.UserController (API).
2026-06-29 21:43:46.929 +00:00 [INF] API.Models.RequestModels.UpdateUserRequest
2026-06-29 21:43:46.929 +00:00 [INF] Executing BadRequestObjectResult, writing value of type 'System.String'.
2026-06-29 21:43:46.930 +00:00 [INF] Executed action API.Controllers.UserController.UpdateUserAsync (API) in 1.3673ms
2026-06-29 21:43:46.930 +00:00 [INF] Executed endpoint 'API.Controllers.UserController.UpdateUserAsync (API)'
2026-06-29 21:43:46.931 +00:00 [INF] Request finished HTTP/1.1 PUT http://192.168.1.4:8080/api/user - 400 null text/plain; charset=utf-8 10.7512ms
2026-06-29 21:48:05.391 +00:00 [INF] Request starting HTTP/1.1 OPTIONS http://192.168.1.4:8080/api/auth/refresh - null null
2026-06-29 21:48:05.391 +00:00 [INF] CORS policy execution successful.
2026-06-29 21:48:05.392 +00:00 [INF] Request finished HTTP/1.1 OPTIONS http://192.168.1.4:8080/api/auth/refresh - 204 null null 1.1678ms
2026-06-29 21:48:05.394 +00:00 [INF] Request starting HTTP/1.1 POST http://192.168.1.4:8080/api/auth/refresh - application/json 18
2026-06-29 21:48:05.394 +00:00 [INF] CORS policy execution successful.
2026-06-29 21:48:05.395 +00:00 [INF] ====== OnMessageReceived START ======
2026-06-29 21:48:05.395 +00:00 [INF] Available cookies: 2
2026-06-29 21:48:05.395 +00:00 [INF] Cookie: adminToken = 844 chars
2026-06-29 21:48:05.395 +00:00 [INF] Cookie: adminRefreshToken = 44 chars
2026-06-29 21:48:05.395 +00:00 [INF] Admin token found in cookies, length: 844
2026-06-29 21:48:05.395 +00:00 [INF] Admin token set in context
2026-06-29 21:48:05.396 +00:00 [INF] ====== OnMessageReceived END - Token set: true ======
2026-06-29 21:48:05.396 +00:00 [INF] Token validated successfully for user: lengyelnorbi
2026-06-29 21:48:05.396 +00:00 [INF] Device fingerprint headers - UA: Mozilla/5.0 (Windows NT 10.0; Win64; x64) AppleWebKit/537.36 (KHTML, like Gecko) Chrome/149.0.0.0 Safari/537.36, Accept: */*, Encoding: gzip, deflate
2026-06-29 21:48:05.396 +00:00 [INF] Device fingerprint validation: Stored=+dnl/HqeUWZoa90RTxKXA37sysOj0ueJeeX3J79LuJU=, Current=+dnl/HqeUWZoa90RTxKXA37sysOj0ueJeeX3J79LuJU=
2026-06-29 21:48:05.399 +00:00 [INF] Executed DbCommand (1ms) [Parameters=[@__jti_0='?', @__userId_1='?' (DbType = Int32)], CommandType='"Text"', CommandTimeout='30']
SELECT a."ID", a."CreatedAt", a."DeviceFingerprint", a."ExpiresAt", a."IpAddress", a."IsRevoked", a."UserID", a.jti
FROM "AccessTokens" AS a
WHERE a.jti = @__jti_0 AND a."UserID" = @__userId_1 AND NOT (a."IsRevoked") AND a."ExpiresAt" > now()
LIMIT 1
2026-06-29 21:48:05.399 +00:00 [INF] Executing endpoint 'API.Controllers.AuthController.RefreshToken (API)'
2026-06-29 21:48:05.402 +00:00 [INF] Route matched with {action = "RefreshToken", controller = "Auth"}. Executing controller action with signature System.Threading.Tasks.Task`1[Microsoft.AspNetCore.Mvc.IActionResult] RefreshToken(API.Models.RequestModels.RefreshRequest) on controller API.Controllers.AuthController (API).
2026-06-29 21:48:05.404 +00:00 [INF] Token refresh attempt at "2026-06-29T21:48:05.4048849Z"
2026-06-29 21:48:05.405 +00:00 [INF] Refreshing admin token at "2026-06-29T21:48:05.4051806Z"
2026-06-29 21:48:05.412 +00:00 [INF] Executed DbCommand (3ms) [Parameters=[@__tokenHash_0='?'], CommandType='"Text"', CommandTimeout='30']
SELECT r."ID", r."CreatedAt", r."DeviceFingerprint", r."ExpiresAt", r."IpAddress", r."IsRevoked", r."TokenHash", r."UserID"
FROM "RefreshTokens" AS r
WHERE r."TokenHash" = @__tokenHash_0 AND NOT (r."IsRevoked") AND r."ExpiresAt" > now()
ORDER BY r."CreatedAt" DESC
LIMIT 1
2026-06-29 21:48:05.414 +00:00 [INF] Mozilla/5.0 (Windows NT 10.0; Win64; x64) AppleWebKit/537.36 (KHTML, like Gecko) Chrome/149.0.0.0 Safari/537.36
2026-06-29 21:48:05.415 +00:00 [INF] Fetching user by ID from database...
2026-06-29 21:48:05.420 +00:00 [INF] Executed DbCommand (1ms) [Parameters=[@__id_0='?' (DbType = Int32)], CommandType='"Text"', CommandTimeout='30']
SELECT u."ID", u."Email", u."PasswordHash", u."RegisteredAt", u."Role", u."Username"
FROM "Users" AS u
WHERE u."ID" = @__id_0
LIMIT 1
2026-06-29 21:48:05.427 +00:00 [INF] Executed DbCommand (3ms) [Parameters=[@p0='?' (DbType = DateTime), @p1='?', @p2='?' (DbType = DateTime), @p3='?', @p4='?' (DbType = Int32), @p5='?'], CommandType='"Text"', CommandTimeout='30']
INSERT INTO "AccessTokens" ("CreatedAt", "DeviceFingerprint", "ExpiresAt", "IpAddress", "UserID", jti)
VALUES (@p0, @p1, @p2, @p3, @p4, @p5)
RETURNING "ID", "IsRevoked";
2026-06-29 21:48:05.434 +00:00 [INF] Executed DbCommand (2ms) [Parameters=[@__jti_0='?', @__userID_1='?' (DbType = Int32), @__deviceFingerprint_2='?', @__ipAddress_3='?'], CommandType='"Text"', CommandTimeout='30']
SELECT a."ID", a."CreatedAt", a."DeviceFingerprint", a."ExpiresAt", a."IpAddress", a."IsRevoked", a."UserID", a.jti
FROM "AccessTokens" AS a
WHERE a.jti = @__jti_0 AND a."UserID" = @__userID_1 AND a."DeviceFingerprint" = @__deviceFingerprint_2 AND a."IpAddress" = @__ipAddress_3
LIMIT 1
2026-06-29 21:48:05.435 +00:00 [INF] Attempting to revoke access token with jti 0255b0d7-32c4-4201-81f9-73fade34b0b3 for user 1 from device +dnl/HqeUWZoa90RTxKXA37sysOj0ueJeeX3J79LuJU= and IP ::ffff:172.20.0.1
2026-06-29 21:48:05.435 +00:00 [INF] Access token found: API.Models.AccessToken
2026-06-29 21:48:05.441 +00:00 [INF] Executed DbCommand (2ms) [Parameters=[@p1='?' (DbType = Int32), @p0='?' (DbType = Boolean)], CommandType='"Text"', CommandTimeout='30']
UPDATE "AccessTokens" SET "IsRevoked" = @p0
WHERE "ID" = @p1;
2026-06-29 21:48:05.441 +00:00 [INF] Access token AccessToken for user 1 revoked: true
2026-06-29 21:48:05.445 +00:00 [INF] Executed DbCommand (3ms) [Parameters=[@p0='?' (DbType = DateTime), @p1='?', @p2='?' (DbType = DateTime), @p3='?', @p4='?', @p5='?' (DbType = Int32)], CommandType='"Text"', CommandTimeout='30']
INSERT INTO "RefreshTokens" ("CreatedAt", "DeviceFingerprint", "ExpiresAt", "IpAddress", "TokenHash", "UserID")
VALUES (@p0, @p1, @p2, @p3, @p4, @p5)
RETURNING "ID", "IsRevoked";
2026-06-29 21:48:05.451 +00:00 [INF] Executed DbCommand (1ms) [Parameters=[@__tokenHash_0='?', @__userId_1='?' (DbType = Int32), @__deviceFingerprint_2='?', @__ipAddress_3='?'], CommandType='"Text"', CommandTimeout='30']
SELECT r."ID", r."CreatedAt", r."DeviceFingerprint", r."ExpiresAt", r."IpAddress", r."IsRevoked", r."TokenHash", r."UserID"
FROM "RefreshTokens" AS r
WHERE r."TokenHash" = @__tokenHash_0 AND r."UserID" = @__userId_1 AND r."DeviceFingerprint" = @__deviceFingerprint_2 AND r."IpAddress" = @__ipAddress_3
LIMIT 1
2026-06-29 21:48:05.454 +00:00 [INF] Executed DbCommand (2ms) [Parameters=[@p1='?' (DbType = Int32), @p0='?' (DbType = Boolean)], CommandType='"Text"', CommandTimeout='30']
UPDATE "RefreshTokens" SET "IsRevoked" = @p0
WHERE "ID" = @p1;
2026-06-29 21:48:05.454 +00:00 [INF] Refresh token VZnWvGBsvJ5BaMW4q2X5qNjiBgnt0ioNTvCSPEOM1sM= for user 1 revoked: true
2026-06-29 21:48:05.455 +00:00 [INF] Token refreshed successfully for user 1 at "2026-06-29T21:48:05.4557915Z"
2026-06-29 21:48:05.456 +00:00 [INF] Executing OkObjectResult, writing value of type '<>f__AnonymousType3`2[[System.Boolean, System.Private.CoreLib, Version=9.0.0.0, Culture=neutral, PublicKeyToken=7cec85d7bea7798e],[System.Int32, System.Private.CoreLib, Version=9.0.0.0, Culture=neutral, PublicKeyToken=7cec85d7bea7798e]]'.
2026-06-29 21:48:05.457 +00:00 [INF] Executed action API.Controllers.AuthController.RefreshToken (API) in 55.0329ms
2026-06-29 21:48:05.457 +00:00 [INF] Executed endpoint 'API.Controllers.AuthController.RefreshToken (API)'
2026-06-29 21:48:05.458 +00:00 [INF] Request finished HTTP/1.1 POST http://192.168.1.4:8080/api/auth/refresh - 200 null application/json; charset=utf-8 63.6481ms
2026-06-29 21:52:36.394 +00:00 [INF] Request starting HTTP/1.1 OPTIONS http://192.168.1.4:8080/api/auth/refresh - null null
2026-06-29 21:52:36.395 +00:00 [INF] CORS policy execution successful.
2026-06-29 21:52:36.396 +00:00 [INF] Request finished HTTP/1.1 OPTIONS http://192.168.1.4:8080/api/auth/refresh - 204 null null 1.5884ms
2026-06-29 21:52:36.399 +00:00 [INF] Request starting HTTP/1.1 POST http://192.168.1.4:8080/api/auth/refresh - application/json 18
2026-06-29 21:52:36.400 +00:00 [INF] CORS policy execution successful.
2026-06-29 21:52:36.402 +00:00 [INF] ====== OnMessageReceived START ======
2026-06-29 21:52:36.404 +00:00 [INF] Available cookies: 2
2026-06-29 21:52:36.405 +00:00 [INF] Cookie: adminToken = 844 chars
2026-06-29 21:52:36.405 +00:00 [INF] Cookie: adminRefreshToken = 44 chars
2026-06-29 21:52:36.405 +00:00 [INF] Admin token found in cookies, length: 844
2026-06-29 21:52:36.405 +00:00 [INF] Admin token set in context
2026-06-29 21:52:36.405 +00:00 [INF] ====== OnMessageReceived END - Token set: true ======
2026-06-29 21:52:36.406 +00:00 [INF] Token validated successfully for user: lengyelnorbi
2026-06-29 21:52:36.406 +00:00 [INF] Device fingerprint headers - UA: Mozilla/5.0 (Windows NT 10.0; Win64; x64) AppleWebKit/537.36 (KHTML, like Gecko) Chrome/149.0.0.0 Safari/537.36, Accept: */*, Encoding: gzip, deflate
2026-06-29 21:52:36.406 +00:00 [INF] Device fingerprint validation: Stored=+dnl/HqeUWZoa90RTxKXA37sysOj0ueJeeX3J79LuJU=, Current=+dnl/HqeUWZoa90RTxKXA37sysOj0ueJeeX3J79LuJU=
2026-06-29 21:52:36.432 +00:00 [INF] Executed DbCommand (3ms) [Parameters=[@__jti_0='?', @__userId_1='?' (DbType = Int32)], CommandType='"Text"', CommandTimeout='30']
SELECT a."ID", a."CreatedAt", a."DeviceFingerprint", a."ExpiresAt", a."IpAddress", a."IsRevoked", a."UserID", a.jti
FROM "AccessTokens" AS a
WHERE a.jti = @__jti_0 AND a."UserID" = @__userId_1 AND NOT (a."IsRevoked") AND a."ExpiresAt" > now()
LIMIT 1
2026-06-29 21:52:36.433 +00:00 [INF] Executing endpoint 'API.Controllers.AuthController.RefreshToken (API)'
2026-06-29 21:52:36.434 +00:00 [INF] Route matched with {action = "RefreshToken", controller = "Auth"}. Executing controller action with signature System.Threading.Tasks.Task`1[Microsoft.AspNetCore.Mvc.IActionResult] RefreshToken(API.Models.RequestModels.RefreshRequest) on controller API.Controllers.AuthController (API).
2026-06-29 21:52:36.435 +00:00 [INF] Token refresh attempt at "2026-06-29T21:52:36.4351215Z"
2026-06-29 21:52:36.435 +00:00 [INF] Refreshing admin token at "2026-06-29T21:52:36.4354570Z"
2026-06-29 21:52:36.438 +00:00 [INF] Executed DbCommand (3ms) [Parameters=[@__tokenHash_0='?'], CommandType='"Text"', CommandTimeout='30']
SELECT r."ID", r."CreatedAt", r."DeviceFingerprint", r."ExpiresAt", r."IpAddress", r."IsRevoked", r."TokenHash", r."UserID"
FROM "RefreshTokens" AS r
WHERE r."TokenHash" = @__tokenHash_0 AND NOT (r."IsRevoked") AND r."ExpiresAt" > now()
ORDER BY r."CreatedAt" DESC
LIMIT 1
2026-06-29 21:52:36.439 +00:00 [INF] Mozilla/5.0 (Windows NT 10.0; Win64; x64) AppleWebKit/537.36 (KHTML, like Gecko) Chrome/149.0.0.0 Safari/537.36
2026-06-29 21:52:36.439 +00:00 [INF] Fetching user by ID from database...
2026-06-29 21:52:36.441 +00:00 [INF] Executed DbCommand (2ms) [Parameters=[@__id_0='?' (DbType = Int32)], CommandType='"Text"', CommandTimeout='30']
SELECT u."ID", u."Email", u."PasswordHash", u."RegisteredAt", u."Role", u."Username"
FROM "Users" AS u
WHERE u."ID" = @__id_0
LIMIT 1
2026-06-29 21:52:36.446 +00:00 [INF] Executed DbCommand (3ms) [Parameters=[@p0='?' (DbType = DateTime), @p1='?', @p2='?' (DbType = DateTime), @p3='?', @p4='?' (DbType = Int32), @p5='?'], CommandType='"Text"', CommandTimeout='30']
INSERT INTO "AccessTokens" ("CreatedAt", "DeviceFingerprint", "ExpiresAt", "IpAddress", "UserID", jti)
VALUES (@p0, @p1, @p2, @p3, @p4, @p5)
RETURNING "ID", "IsRevoked";
2026-06-29 21:52:36.450 +00:00 [INF] Executed DbCommand (1ms) [Parameters=[@__jti_0='?', @__userID_1='?' (DbType = Int32), @__deviceFingerprint_2='?', @__ipAddress_3='?'], CommandType='"Text"', CommandTimeout='30']
SELECT a."ID", a."CreatedAt", a."DeviceFingerprint", a."ExpiresAt", a."IpAddress", a."IsRevoked", a."UserID", a.jti
FROM "AccessTokens" AS a
WHERE a.jti = @__jti_0 AND a."UserID" = @__userID_1 AND a."DeviceFingerprint" = @__deviceFingerprint_2 AND a."IpAddress" = @__ipAddress_3
LIMIT 1
2026-06-29 21:52:36.450 +00:00 [INF] Attempting to revoke access token with jti a5b7d2c0-f6c9-4c96-8a04-eba1aa304687 for user 1 from device +dnl/HqeUWZoa90RTxKXA37sysOj0ueJeeX3J79LuJU= and IP ::ffff:172.20.0.1
2026-06-29 21:52:36.451 +00:00 [INF] Access token found: API.Models.AccessToken
2026-06-29 21:52:36.453 +00:00 [INF] Executed DbCommand (2ms) [Parameters=[@p1='?' (DbType = Int32), @p0='?' (DbType = Boolean)], CommandType='"Text"', CommandTimeout='30']
UPDATE "AccessTokens" SET "IsRevoked" = @p0
WHERE "ID" = @p1;
2026-06-29 21:52:36.454 +00:00 [INF] Access token AccessToken for user 1 revoked: true
2026-06-29 21:52:36.457 +00:00 [INF] Executed DbCommand (2ms) [Parameters=[@p0='?' (DbType = DateTime), @p1='?', @p2='?' (DbType = DateTime), @p3='?', @p4='?', @p5='?' (DbType = Int32)], CommandType='"Text"', CommandTimeout='30']
INSERT INTO "RefreshTokens" ("CreatedAt", "DeviceFingerprint", "ExpiresAt", "IpAddress", "TokenHash", "UserID")
VALUES (@p0, @p1, @p2, @p3, @p4, @p5)
RETURNING "ID", "IsRevoked";
2026-06-29 21:52:36.461 +00:00 [INF] Executed DbCommand (2ms) [Parameters=[@__tokenHash_0='?', @__userId_1='?' (DbType = Int32), @__deviceFingerprint_2='?', @__ipAddress_3='?'], CommandType='"Text"', CommandTimeout='30']
SELECT r."ID", r."CreatedAt", r."DeviceFingerprint", r."ExpiresAt", r."IpAddress", r."IsRevoked", r."TokenHash", r."UserID"
FROM "RefreshTokens" AS r
WHERE r."TokenHash" = @__tokenHash_0 AND r."UserID" = @__userId_1 AND r."DeviceFingerprint" = @__deviceFingerprint_2 AND r."IpAddress" = @__ipAddress_3
LIMIT 1
2026-06-29 21:52:36.464 +00:00 [INF] Executed DbCommand (2ms) [Parameters=[@p1='?' (DbType = Int32), @p0='?' (DbType = Boolean)], CommandType='"Text"', CommandTimeout='30']
UPDATE "RefreshTokens" SET "IsRevoked" = @p0
WHERE "ID" = @p1;
2026-06-29 21:52:36.465 +00:00 [INF] Refresh token TuGdPOpopxMo6BgyWnty8cVuIVoarVy8ht9EFmVny2Y= for user 1 revoked: true
2026-06-29 21:52:36.466 +00:00 [INF] Token refreshed successfully for user 1 at "2026-06-29T21:52:36.4663118Z"
2026-06-29 21:52:36.466 +00:00 [INF] Executing OkObjectResult, writing value of type '<>f__AnonymousType3`2[[System.Boolean, System.Private.CoreLib, Version=9.0.0.0, Culture=neutral, PublicKeyToken=7cec85d7bea7798e],[System.Int32, System.Private.CoreLib, Version=9.0.0.0, Culture=neutral, PublicKeyToken=7cec85d7bea7798e]]'.
2026-06-29 21:52:36.467 +00:00 [INF] Executed action API.Controllers.AuthController.RefreshToken (API) in 32.7524ms
2026-06-29 21:52:36.468 +00:00 [INF] Executed endpoint 'API.Controllers.AuthController.RefreshToken (API)'
2026-06-29 21:52:36.468 +00:00 [INF] Request finished HTTP/1.1 POST http://192.168.1.4:8080/api/auth/refresh - 200 null application/json; charset=utf-8 68.7093ms
2026-06-29 21:55:14.610 +00:00 [INF] Request starting HTTP/1.1 GET http://192.168.1.4:8080/api/token/access-token?page=1&limit=10 - null null
2026-06-29 21:55:14.612 +00:00 [INF] CORS policy execution successful.
2026-06-29 21:55:14.613 +00:00 [INF] ====== OnMessageReceived START ======
2026-06-29 21:55:14.614 +00:00 [INF] Available cookies: 2
2026-06-29 21:55:14.614 +00:00 [INF] Cookie: adminToken = 844 chars
2026-06-29 21:55:14.614 +00:00 [INF] Cookie: adminRefreshToken = 44 chars
2026-06-29 21:55:14.614 +00:00 [INF] Admin token found in cookies, length: 844
2026-06-29 21:55:14.614 +00:00 [INF] Admin token set in context
2026-06-29 21:55:14.615 +00:00 [INF] ====== OnMessageReceived END - Token set: true ======
2026-06-29 21:55:14.616 +00:00 [INF] Token validated successfully for user: lengyelnorbi
2026-06-29 21:55:14.616 +00:00 [INF] Device fingerprint headers - UA: Mozilla/5.0 (Windows NT 10.0; Win64; x64) AppleWebKit/537.36 (KHTML, like Gecko) Chrome/149.0.0.0 Safari/537.36, Accept: application/json, text/plain, */*, Encoding: gzip, deflate
2026-06-29 21:55:14.616 +00:00 [INF] Device fingerprint validation: Stored=+dnl/HqeUWZoa90RTxKXA37sysOj0ueJeeX3J79LuJU=, Current=+dnl/HqeUWZoa90RTxKXA37sysOj0ueJeeX3J79LuJU=
2026-06-29 21:55:14.623 +00:00 [INF] Executed DbCommand (2ms) [Parameters=[@__jti_0='?', @__userId_1='?' (DbType = Int32)], CommandType='"Text"', CommandTimeout='30']
SELECT a."ID", a."CreatedAt", a."DeviceFingerprint", a."ExpiresAt", a."IpAddress", a."IsRevoked", a."UserID", a.jti
FROM "AccessTokens" AS a
WHERE a.jti = @__jti_0 AND a."UserID" = @__userId_1 AND NOT (a."IsRevoked") AND a."ExpiresAt" > now()
LIMIT 1
2026-06-29 21:55:14.624 +00:00 [INF] Executing endpoint 'API.Controllers.TokenController.GetAccessTokens (API)'
2026-06-29 21:55:14.625 +00:00 [INF] Route matched with {action = "GetAccessTokens", controller = "Token"}. Executing controller action with signature System.Threading.Tasks.Task`1[API.Utils.PagedResult`1[API.DTO.AccessTokenUserDTO]] GetAccessTokens(Int32, Int32) on controller API.Controllers.TokenController (API).
2026-06-29 21:55:14.626 +00:00 [INF] Received request to fetch access tokens with pagination: page=1, limit=10
2026-06-29 21:55:14.629 +00:00 [INF] Executed DbCommand (2ms) [Parameters=[], CommandType='"Text"', CommandTimeout='30']
SELECT count(*)::int
FROM "AccessTokens" AS a
WHERE NOT (a."IsRevoked")
2026-06-29 21:55:14.632 +00:00 [INF] Executed DbCommand (2ms) [Parameters=[@__p_1='?' (DbType = Int32), @__p_0='?' (DbType = Int32)], CommandType='"Text"', CommandTimeout='30']
SELECT a0."ID", a0.jti, a0."DeviceFingerprint", a0."IpAddress", a0."CreatedAt", a0."IsRevoked", a0."ExpiresAt", u."ID" AS "UserID", u."Username", u."Email", u."Role"
FROM (
    SELECT a."ID", a."CreatedAt", a."DeviceFingerprint", a."ExpiresAt", a."IpAddress", a."IsRevoked", a."UserID", a.jti
    FROM "AccessTokens" AS a
    WHERE NOT (a."IsRevoked")
    LIMIT @__p_1 OFFSET @__p_0
) AS a0
INNER JOIN "Users" AS u ON a0."UserID" = u."ID"
2026-06-29 21:55:14.633 +00:00 [INF] Executing ObjectResult, writing value of type 'API.Utils.PagedResult`1[[API.DTO.AccessTokenUserDTO, API, Version=1.0.0.0, Culture=neutral, PublicKeyToken=null]]'.
2026-06-29 21:55:14.633 +00:00 [INF] Executed action API.Controllers.TokenController.GetAccessTokens (API) in 8.5144ms
2026-06-29 21:55:14.634 +00:00 [INF] Executed endpoint 'API.Controllers.TokenController.GetAccessTokens (API)'
2026-06-29 21:55:14.634 +00:00 [INF] Request finished HTTP/1.1 GET http://192.168.1.4:8080/api/token/access-token?page=1&limit=10 - 200 null application/json; charset=utf-8 24.3336ms
2026-06-29 21:55:15.256 +00:00 [INF] Request starting HTTP/1.1 GET http://192.168.1.4:8080/api/user?page=1&limit=10 - null null
2026-06-29 21:55:15.257 +00:00 [INF] CORS policy execution successful.
2026-06-29 21:55:15.257 +00:00 [INF] ====== OnMessageReceived START ======
2026-06-29 21:55:15.257 +00:00 [INF] Available cookies: 2
2026-06-29 21:55:15.257 +00:00 [INF] Cookie: adminToken = 844 chars
2026-06-29 21:55:15.258 +00:00 [INF] Cookie: adminRefreshToken = 44 chars
2026-06-29 21:55:15.258 +00:00 [INF] Admin token found in cookies, length: 844
2026-06-29 21:55:15.258 +00:00 [INF] Admin token set in context
2026-06-29 21:55:15.258 +00:00 [INF] ====== OnMessageReceived END - Token set: true ======
2026-06-29 21:55:15.259 +00:00 [INF] Request starting HTTP/1.1 GET http://192.168.1.4:8080/api/user?page=1&limit=10 - null null
2026-06-29 21:55:15.259 +00:00 [INF] CORS policy execution successful.
2026-06-29 21:55:15.259 +00:00 [INF] Token validated successfully for user: lengyelnorbi
2026-06-29 21:55:15.259 +00:00 [INF] ====== OnMessageReceived START ======
2026-06-29 21:55:15.259 +00:00 [INF] Device fingerprint headers - UA: Mozilla/5.0 (Windows NT 10.0; Win64; x64) AppleWebKit/537.36 (KHTML, like Gecko) Chrome/149.0.0.0 Safari/537.36, Accept: application/json, text/plain, */*, Encoding: gzip, deflate
2026-06-29 21:55:15.260 +00:00 [INF] Available cookies: 2
2026-06-29 21:55:15.260 +00:00 [INF] Device fingerprint validation: Stored=+dnl/HqeUWZoa90RTxKXA37sysOj0ueJeeX3J79LuJU=, Current=+dnl/HqeUWZoa90RTxKXA37sysOj0ueJeeX3J79LuJU=
2026-06-29 21:55:15.260 +00:00 [INF] Cookie: adminToken = 844 chars
2026-06-29 21:55:15.260 +00:00 [INF] Cookie: adminRefreshToken = 44 chars
2026-06-29 21:55:15.260 +00:00 [INF] Admin token found in cookies, length: 844
2026-06-29 21:55:15.261 +00:00 [INF] Admin token set in context
2026-06-29 21:55:15.261 +00:00 [INF] ====== OnMessageReceived END - Token set: true ======
2026-06-29 21:55:15.261 +00:00 [INF] Token validated successfully for user: lengyelnorbi
2026-06-29 21:55:15.262 +00:00 [INF] Device fingerprint headers - UA: Mozilla/5.0 (Windows NT 10.0; Win64; x64) AppleWebKit/537.36 (KHTML, like Gecko) Chrome/149.0.0.0 Safari/537.36, Accept: application/json, text/plain, */*, Encoding: gzip, deflate
2026-06-29 21:55:15.262 +00:00 [INF] Device fingerprint validation: Stored=+dnl/HqeUWZoa90RTxKXA37sysOj0ueJeeX3J79LuJU=, Current=+dnl/HqeUWZoa90RTxKXA37sysOj0ueJeeX3J79LuJU=
2026-06-29 21:55:15.263 +00:00 [INF] Executed DbCommand (2ms) [Parameters=[@__jti_0='?', @__userId_1='?' (DbType = Int32)], CommandType='"Text"', CommandTimeout='30']
SELECT a."ID", a."CreatedAt", a."DeviceFingerprint", a."ExpiresAt", a."IpAddress", a."IsRevoked", a."UserID", a.jti
FROM "AccessTokens" AS a
WHERE a.jti = @__jti_0 AND a."UserID" = @__userId_1 AND NOT (a."IsRevoked") AND a."ExpiresAt" > now()
LIMIT 1
2026-06-29 21:55:15.263 +00:00 [INF] Executing endpoint 'API.Controllers.UserController.Get (API)'
2026-06-29 21:55:15.264 +00:00 [INF] Route matched with {action = "Get", controller = "User"}. Executing controller action with signature System.Threading.Tasks.Task`1[API.Utils.PagedResult`1[API.DTO.UserDTO]] Get(Int32, Int32) on controller API.Controllers.UserController (API).
2026-06-29 21:55:15.266 +00:00 [INF] Executed DbCommand (1ms) [Parameters=[], CommandType='"Text"', CommandTimeout='30']
SELECT count(*)::int
FROM "Users" AS u
WHERE u."Role" <> 'Admin'
2026-06-29 21:55:15.267 +00:00 [INF] Executed DbCommand (1ms) [Parameters=[@__p_1='?' (DbType = Int32), @__p_0='?' (DbType = Int32)], CommandType='"Text"', CommandTimeout='30']
SELECT u."ID", u."Username", u."Email", u."RegisteredAt", u."Role"
FROM "Users" AS u
WHERE u."Role" <> 'Admin'
ORDER BY u."ID"
LIMIT @__p_1 OFFSET @__p_0
2026-06-29 21:55:15.268 +00:00 [INF] Executing ObjectResult, writing value of type 'API.Utils.PagedResult`1[[API.DTO.UserDTO, API, Version=1.0.0.0, Culture=neutral, PublicKeyToken=null]]'.
2026-06-29 21:55:15.269 +00:00 [INF] Executed action API.Controllers.UserController.Get (API) in 4.6702ms
2026-06-29 21:55:15.269 +00:00 [INF] Executed endpoint 'API.Controllers.UserController.Get (API)'
2026-06-29 21:55:15.269 +00:00 [INF] Request finished HTTP/1.1 GET http://192.168.1.4:8080/api/user?page=1&limit=10 - 200 null application/json; charset=utf-8 12.8557ms
2026-06-29 21:55:15.274 +00:00 [INF] Executed DbCommand (2ms) [Parameters=[@__jti_0='?', @__userId_1='?' (DbType = Int32)], CommandType='"Text"', CommandTimeout='30']
SELECT a."ID", a."CreatedAt", a."DeviceFingerprint", a."ExpiresAt", a."IpAddress", a."IsRevoked", a."UserID", a.jti
FROM "AccessTokens" AS a
WHERE a.jti = @__jti_0 AND a."UserID" = @__userId_1 AND NOT (a."IsRevoked") AND a."ExpiresAt" > now()
LIMIT 1
2026-06-29 21:55:15.274 +00:00 [INF] Executing endpoint 'API.Controllers.UserController.Get (API)'
2026-06-29 21:55:15.275 +00:00 [INF] Route matched with {action = "Get", controller = "User"}. Executing controller action with signature System.Threading.Tasks.Task`1[API.Utils.PagedResult`1[API.DTO.UserDTO]] Get(Int32, Int32) on controller API.Controllers.UserController (API).
2026-06-29 21:55:15.277 +00:00 [INF] Executed DbCommand (1ms) [Parameters=[], CommandType='"Text"', CommandTimeout='30']
SELECT count(*)::int
FROM "Users" AS u
WHERE u."Role" <> 'Admin'
2026-06-29 21:55:15.278 +00:00 [INF] Executed DbCommand (1ms) [Parameters=[@__p_1='?' (DbType = Int32), @__p_0='?' (DbType = Int32)], CommandType='"Text"', CommandTimeout='30']
SELECT u."ID", u."Username", u."Email", u."RegisteredAt", u."Role"
FROM "Users" AS u
WHERE u."Role" <> 'Admin'
ORDER BY u."ID"
LIMIT @__p_1 OFFSET @__p_0
2026-06-29 21:55:15.279 +00:00 [INF] Executing ObjectResult, writing value of type 'API.Utils.PagedResult`1[[API.DTO.UserDTO, API, Version=1.0.0.0, Culture=neutral, PublicKeyToken=null]]'.
2026-06-29 21:55:15.279 +00:00 [INF] Executed action API.Controllers.UserController.Get (API) in 4.2456ms
2026-06-29 21:55:15.279 +00:00 [INF] Executed endpoint 'API.Controllers.UserController.Get (API)'
2026-06-29 21:55:15.280 +00:00 [INF] Request finished HTTP/1.1 GET http://192.168.1.4:8080/api/user?page=1&limit=10 - 200 null application/json; charset=utf-8 21.0991ms
2026-06-29 21:55:16.768 +00:00 [INF] Request starting HTTP/1.1 GET http://192.168.1.4:8080/api/user?page=1&limit=10 - null null
2026-06-29 21:55:16.769 +00:00 [INF] CORS policy execution successful.
2026-06-29 21:55:16.769 +00:00 [INF] ====== OnMessageReceived START ======
2026-06-29 21:55:16.770 +00:00 [INF] Available cookies: 2
2026-06-29 21:55:16.770 +00:00 [INF] Cookie: adminToken = 844 chars
2026-06-29 21:55:16.770 +00:00 [INF] Cookie: adminRefreshToken = 44 chars
2026-06-29 21:55:16.770 +00:00 [INF] Admin token found in cookies, length: 844
2026-06-29 21:55:16.771 +00:00 [INF] Admin token set in context
2026-06-29 21:55:16.771 +00:00 [INF] ====== OnMessageReceived END - Token set: true ======
2026-06-29 21:55:16.771 +00:00 [INF] Token validated successfully for user: lengyelnorbi
2026-06-29 21:55:16.772 +00:00 [INF] Device fingerprint headers - UA: Mozilla/5.0 (Windows NT 10.0; Win64; x64) AppleWebKit/537.36 (KHTML, like Gecko) Chrome/149.0.0.0 Safari/537.36, Accept: application/json, text/plain, */*, Encoding: gzip, deflate
2026-06-29 21:55:16.772 +00:00 [INF] Device fingerprint validation: Stored=+dnl/HqeUWZoa90RTxKXA37sysOj0ueJeeX3J79LuJU=, Current=+dnl/HqeUWZoa90RTxKXA37sysOj0ueJeeX3J79LuJU=
2026-06-29 21:55:16.775 +00:00 [INF] Executed DbCommand (2ms) [Parameters=[@__jti_0='?', @__userId_1='?' (DbType = Int32)], CommandType='"Text"', CommandTimeout='30']
SELECT a."ID", a."CreatedAt", a."DeviceFingerprint", a."ExpiresAt", a."IpAddress", a."IsRevoked", a."UserID", a.jti
FROM "AccessTokens" AS a
WHERE a.jti = @__jti_0 AND a."UserID" = @__userId_1 AND NOT (a."IsRevoked") AND a."ExpiresAt" > now()
LIMIT 1
2026-06-29 21:55:16.776 +00:00 [INF] Executing endpoint 'API.Controllers.UserController.Get (API)'
2026-06-29 21:55:16.776 +00:00 [INF] Route matched with {action = "Get", controller = "User"}. Executing controller action with signature System.Threading.Tasks.Task`1[API.Utils.PagedResult`1[API.DTO.UserDTO]] Get(Int32, Int32) on controller API.Controllers.UserController (API).
2026-06-29 21:55:16.778 +00:00 [INF] Executed DbCommand (1ms) [Parameters=[], CommandType='"Text"', CommandTimeout='30']
SELECT count(*)::int
FROM "Users" AS u
WHERE u."Role" <> 'Admin'
2026-06-29 21:55:16.780 +00:00 [INF] Executed DbCommand (1ms) [Parameters=[@__p_1='?' (DbType = Int32), @__p_0='?' (DbType = Int32)], CommandType='"Text"', CommandTimeout='30']
SELECT u."ID", u."Username", u."Email", u."RegisteredAt", u."Role"
FROM "Users" AS u
WHERE u."Role" <> 'Admin'
ORDER BY u."ID"
LIMIT @__p_1 OFFSET @__p_0
2026-06-29 21:55:16.781 +00:00 [INF] Executing ObjectResult, writing value of type 'API.Utils.PagedResult`1[[API.DTO.UserDTO, API, Version=1.0.0.0, Culture=neutral, PublicKeyToken=null]]'.
2026-06-29 21:55:16.781 +00:00 [INF] Executed action API.Controllers.UserController.Get (API) in 4.8373ms
2026-06-29 21:55:16.782 +00:00 [INF] Executed endpoint 'API.Controllers.UserController.Get (API)'
2026-06-29 21:55:16.782 +00:00 [INF] Request finished HTTP/1.1 GET http://192.168.1.4:8080/api/user?page=1&limit=10 - 200 null application/json; charset=utf-8 14.134ms
2026-06-29 21:55:21.385 +00:00 [INF] Request starting HTTP/1.1 OPTIONS http://192.168.1.4:8080/api/password/generate-password - null null
2026-06-29 21:55:21.385 +00:00 [INF] CORS policy execution successful.
2026-06-29 21:55:21.385 +00:00 [INF] Request finished HTTP/1.1 OPTIONS http://192.168.1.4:8080/api/password/generate-password - 204 null null 0.6658ms
2026-06-29 21:55:21.387 +00:00 [INF] Request starting HTTP/1.1 POST http://192.168.1.4:8080/api/password/generate-password - application/json 69
2026-06-29 21:55:21.387 +00:00 [INF] CORS policy execution successful.
2026-06-29 21:55:21.387 +00:00 [INF] ====== OnMessageReceived START ======
2026-06-29 21:55:21.387 +00:00 [INF] Available cookies: 2
2026-06-29 21:55:21.388 +00:00 [INF] Cookie: adminToken = 844 chars
2026-06-29 21:55:21.388 +00:00 [INF] Cookie: adminRefreshToken = 44 chars
2026-06-29 21:55:21.388 +00:00 [INF] Admin token found in cookies, length: 844
2026-06-29 21:55:21.388 +00:00 [INF] Admin token set in context
2026-06-29 21:55:21.389 +00:00 [INF] ====== OnMessageReceived END - Token set: true ======
2026-06-29 21:55:21.389 +00:00 [INF] Token validated successfully for user: lengyelnorbi
2026-06-29 21:55:21.389 +00:00 [INF] Device fingerprint headers - UA: Mozilla/5.0 (Windows NT 10.0; Win64; x64) AppleWebKit/537.36 (KHTML, like Gecko) Chrome/149.0.0.0 Safari/537.36, Accept: */*, Encoding: gzip, deflate
2026-06-29 21:55:21.389 +00:00 [INF] Device fingerprint validation: Stored=+dnl/HqeUWZoa90RTxKXA37sysOj0ueJeeX3J79LuJU=, Current=+dnl/HqeUWZoa90RTxKXA37sysOj0ueJeeX3J79LuJU=
2026-06-29 21:55:21.392 +00:00 [INF] Executed DbCommand (1ms) [Parameters=[@__jti_0='?', @__userId_1='?' (DbType = Int32)], CommandType='"Text"', CommandTimeout='30']
SELECT a."ID", a."CreatedAt", a."DeviceFingerprint", a."ExpiresAt", a."IpAddress", a."IsRevoked", a."UserID", a.jti
FROM "AccessTokens" AS a
WHERE a.jti = @__jti_0 AND a."UserID" = @__userId_1 AND NOT (a."IsRevoked") AND a."ExpiresAt" > now()
LIMIT 1
2026-06-29 21:55:21.392 +00:00 [INF] Executing endpoint 'API.Controllers.PasswordController.GeneratePassword (API)'
2026-06-29 21:55:21.393 +00:00 [INF] Route matched with {action = "GeneratePassword", controller = "Password"}. Executing controller action with signature System.Threading.Tasks.Task`1[Microsoft.AspNetCore.Mvc.IActionResult] GeneratePassword(API.Models.RequestModels.GeneratePwdRequest) on controller API.Controllers.PasswordController (API).
2026-06-29 21:55:21.394 +00:00 [INF] Executing OkObjectResult, writing value of type '<>f__AnonymousType4`1[[System.String, System.Private.CoreLib, Version=9.0.0.0, Culture=neutral, PublicKeyToken=7cec85d7bea7798e]]'.
2026-06-29 21:55:21.394 +00:00 [INF] Executed action API.Controllers.PasswordController.GeneratePassword (API) in 1.4031ms
2026-06-29 21:55:21.395 +00:00 [INF] Executed endpoint 'API.Controllers.PasswordController.GeneratePassword (API)'
2026-06-29 21:55:21.395 +00:00 [INF] Request finished HTTP/1.1 POST http://192.168.1.4:8080/api/password/generate-password - 200 null application/json; charset=utf-8 8.2764ms
2026-06-29 21:55:22.404 +00:00 [INF] Request starting HTTP/1.1 OPTIONS http://192.168.1.4:8080/api/user - null null
2026-06-29 21:55:22.404 +00:00 [INF] CORS policy execution successful.
2026-06-29 21:55:22.405 +00:00 [INF] Request finished HTTP/1.1 OPTIONS http://192.168.1.4:8080/api/user - 204 null null 0.6953ms
2026-06-29 21:55:22.406 +00:00 [INF] Request starting HTTP/1.1 PUT http://192.168.1.4:8080/api/user - application/json 113
2026-06-29 21:55:22.406 +00:00 [INF] CORS policy execution successful.
2026-06-29 21:55:22.407 +00:00 [INF] ====== OnMessageReceived START ======
2026-06-29 21:55:22.407 +00:00 [INF] Available cookies: 2
2026-06-29 21:55:22.408 +00:00 [INF] Cookie: adminToken = 844 chars
2026-06-29 21:55:22.408 +00:00 [INF] Cookie: adminRefreshToken = 44 chars
2026-06-29 21:55:22.408 +00:00 [INF] Admin token found in cookies, length: 844
2026-06-29 21:55:22.408 +00:00 [INF] Admin token set in context
2026-06-29 21:55:22.408 +00:00 [INF] ====== OnMessageReceived END - Token set: true ======
2026-06-29 21:55:22.409 +00:00 [INF] Token validated successfully for user: lengyelnorbi
2026-06-29 21:55:22.409 +00:00 [INF] Device fingerprint headers - UA: Mozilla/5.0 (Windows NT 10.0; Win64; x64) AppleWebKit/537.36 (KHTML, like Gecko) Chrome/149.0.0.0 Safari/537.36, Accept: */*, Encoding: gzip, deflate
2026-06-29 21:55:22.409 +00:00 [INF] Device fingerprint validation: Stored=+dnl/HqeUWZoa90RTxKXA37sysOj0ueJeeX3J79LuJU=, Current=+dnl/HqeUWZoa90RTxKXA37sysOj0ueJeeX3J79LuJU=
2026-06-29 21:55:22.411 +00:00 [INF] Executed DbCommand (1ms) [Parameters=[@__jti_0='?', @__userId_1='?' (DbType = Int32)], CommandType='"Text"', CommandTimeout='30']
SELECT a."ID", a."CreatedAt", a."DeviceFingerprint", a."ExpiresAt", a."IpAddress", a."IsRevoked", a."UserID", a.jti
FROM "AccessTokens" AS a
WHERE a.jti = @__jti_0 AND a."UserID" = @__userId_1 AND NOT (a."IsRevoked") AND a."ExpiresAt" > now()
LIMIT 1
2026-06-29 21:55:22.412 +00:00 [INF] Executing endpoint 'API.Controllers.UserController.UpdateUserAsync (API)'
2026-06-29 21:55:22.413 +00:00 [INF] Route matched with {action = "UpdateUser", controller = "User"}. Executing controller action with signature System.Threading.Tasks.Task`1[Microsoft.AspNetCore.Mvc.IActionResult] UpdateUserAsync(API.Models.RequestModels.UpdateUserRequest) on controller API.Controllers.UserController (API).
2026-06-29 21:55:22.413 +00:00 [INF] API.Models.RequestModels.UpdateUserRequest
2026-06-29 21:55:22.414 +00:00 [INF] Executing BadRequestObjectResult, writing value of type 'System.String'.
2026-06-29 21:55:22.414 +00:00 [INF] Executed action API.Controllers.UserController.UpdateUserAsync (API) in 0.949ms
2026-06-29 21:55:22.414 +00:00 [INF] Executed endpoint 'API.Controllers.UserController.UpdateUserAsync (API)'
2026-06-29 21:55:22.414 +00:00 [INF] Request finished HTTP/1.1 PUT http://192.168.1.4:8080/api/user - 400 null text/plain; charset=utf-8 8.3159ms
2026-06-29 21:58:40.539 +00:00 [INF] Request starting HTTP/1.1 OPTIONS http://192.168.1.4:8080/api/auth/refresh - null null
2026-06-29 21:58:40.545 +00:00 [INF] CORS policy execution successful.
2026-06-29 21:58:40.545 +00:00 [INF] Request finished HTTP/1.1 OPTIONS http://192.168.1.4:8080/api/auth/refresh - 204 null null 5.716ms
2026-06-29 21:58:40.547 +00:00 [INF] Request starting HTTP/1.1 POST http://192.168.1.4:8080/api/auth/refresh - application/json 18
2026-06-29 21:58:40.548 +00:00 [INF] CORS policy execution successful.
2026-06-29 21:58:40.549 +00:00 [INF] ====== OnMessageReceived START ======
2026-06-29 21:58:40.549 +00:00 [INF] Available cookies: 1
2026-06-29 21:58:40.549 +00:00 [INF] Cookie: adminRefreshToken = 44 chars
2026-06-29 21:58:40.549 +00:00 [WRN] NO TOKEN FOUND IN COOKIES!
2026-06-29 21:58:40.550 +00:00 [INF] ====== OnMessageReceived END - Token set: false ======
2026-06-29 21:58:40.550 +00:00 [INF] Authorization failed. These requirements were not met:
DenyAnonymousAuthorizationRequirement: Requires an authenticated user.
2026-06-29 21:58:40.550 +00:00 [INF] AuthenticationScheme: Bearer was challenged.
2026-06-29 21:58:40.551 +00:00 [INF] Request finished HTTP/1.1 POST http://192.168.1.4:8080/api/auth/refresh - 401 0 null 3.2276ms
2026-06-29 22:12:08.254 +00:00 [INF] Request starting HTTP/1.1 OPTIONS http://192.168.1.4:8080/api/auth - null null
2026-06-29 22:12:08.254 +00:00 [INF] CORS policy execution successful.
2026-06-29 22:12:08.255 +00:00 [INF] Request finished HTTP/1.1 OPTIONS http://192.168.1.4:8080/api/auth - 204 null null 1.4773ms
2026-06-29 22:12:08.257 +00:00 [INF] Request starting HTTP/1.1 POST http://192.168.1.4:8080/api/auth - application/json 74
2026-06-29 22:12:08.257 +00:00 [INF] CORS policy execution successful.
2026-06-29 22:12:08.258 +00:00 [INF] ====== OnMessageReceived START ======
2026-06-29 22:12:08.258 +00:00 [INF] Available cookies: 1
2026-06-29 22:12:08.258 +00:00 [INF] Cookie: adminRefreshToken = 44 chars
2026-06-29 22:12:08.258 +00:00 [WRN] NO TOKEN FOUND IN COOKIES!
2026-06-29 22:12:08.258 +00:00 [INF] ====== OnMessageReceived END - Token set: false ======
2026-06-29 22:12:08.259 +00:00 [INF] Executing endpoint 'API.Controllers.AuthController.Authenticate (API)'
2026-06-29 22:12:08.259 +00:00 [INF] Route matched with {action = "Authenticate", controller = "Auth"}. Executing controller action with signature System.Threading.Tasks.Task`1[Microsoft.AspNetCore.Mvc.IActionResult] Authenticate(API.Models.RequestModels.LoginRequest) on controller API.Controllers.AuthController (API).
2026-06-29 22:12:08.260 +00:00 [INF] Authentication attempt for email: lengyelnorbi5@gmail.com
2026-06-29 22:12:08.260 +00:00 [INF] Fetching user by email from database...
2026-06-29 22:12:08.273 +00:00 [INF] Executed DbCommand (2ms) [Parameters=[@__email_0='?'], CommandType='"Text"', CommandTimeout='30']
SELECT u."ID", u."Email", u."PasswordHash", u."RegisteredAt", u."Role", u."Username"
FROM "Users" AS u
WHERE u."Email" = @__email_0
LIMIT 1
2026-06-29 22:12:08.273 +00:00 [INF] Mozilla/5.0 (Windows NT 10.0; Win64; x64) AppleWebKit/537.36 (KHTML, like Gecko) Chrome/149.0.0.0 Safari/537.36
2026-06-29 22:12:08.274 +00:00 [INF] Fetching user by email from database...
2026-06-29 22:12:08.276 +00:00 [INF] Executed DbCommand (1ms) [Parameters=[@__email_0='?'], CommandType='"Text"', CommandTimeout='30']
SELECT u."ID", u."Email", u."PasswordHash", u."RegisteredAt", u."Role", u."Username"
FROM "Users" AS u
WHERE u."Email" = @__email_0
LIMIT 1
2026-06-29 22:12:08.473 +00:00 [INF] Executed DbCommand (4ms) [Parameters=[@p0='?' (DbType = DateTime), @p1='?', @p2='?' (DbType = DateTime), @p3='?', @p4='?' (DbType = Int32), @p5='?'], CommandType='"Text"', CommandTimeout='30']
INSERT INTO "AccessTokens" ("CreatedAt", "DeviceFingerprint", "ExpiresAt", "IpAddress", "UserID", jti)
VALUES (@p0, @p1, @p2, @p3, @p4, @p5)
RETURNING "ID", "IsRevoked";
2026-06-29 22:12:08.478 +00:00 [INF] Executed DbCommand (2ms) [Parameters=[@p0='?' (DbType = DateTime), @p1='?', @p2='?' (DbType = DateTime), @p3='?', @p4='?', @p5='?' (DbType = Int32)], CommandType='"Text"', CommandTimeout='30']
INSERT INTO "RefreshTokens" ("CreatedAt", "DeviceFingerprint", "ExpiresAt", "IpAddress", "TokenHash", "UserID")
VALUES (@p0, @p1, @p2, @p3, @p4, @p5)
RETURNING "ID", "IsRevoked";
2026-06-29 22:12:08.478 +00:00 [INF] Admin user lengyelnorbi5@gmail.com authenticated successfully from admin panel at "2026-06-29T22:12:08.4784744Z"
2026-06-29 22:12:08.478 +00:00 [INF] --------------------------------------------------------------------
2026-06-29 22:12:08.478 +00:00 [INF] eyJhbGciOiJIUzI1NiIsInR5cCI6IkpXVCJ9.eyJodHRwOi8vc2NoZW1hcy54bWxzb2FwLm9yZy93cy8yMDA1LzA1L2lkZW50aXR5L2NsYWltcy9uYW1laWRlbnRpZmllciI6IjEiLCJodHRwOi8vc2NoZW1hcy54bWxzb2FwLm9yZy93cy8yMDA1LzA1L2lkZW50aXR5L2NsYWltcy9lbWFpbGFkZHJlc3MiOiJsZW5neWVsbm9yYmk1QGdtYWlsLmNvbSIsImh0dHA6Ly9zY2hlbWFzLnhtbHNvYXAub3JnL3dzLzIwMDUvMDUvaWRlbnRpdHkvY2xhaW1zL25hbWUiOiJsZW5neWVsbm9yYmkiLCJqdGkiOiI1OTBmNmIwOC02ZWY4LTQ5NTYtYmViMC1hNzA4ZTY4YzNmN2QiLCJpYXQiOjE3ODI3NzExMjgsImV4cCI6MTc4Mjc3MTQyOCwiaHR0cDovL3NjaGVtYXMubWljcm9zb2Z0LmNvbS93cy8yMDA4LzA2L2lkZW50aXR5L2NsYWltcy9yb2xlIjoiQWRtaW4iLCJTb3VyY2UiOiJhZG1pbiIsIkRldmljZUlkIjoiK2RubC9IcWVVV1pvYTkwUlR4S1hBMzdzeXNPajB1ZUplZVgzSjc5THVKVT0iLCJJUEFkZHJlc3MiOiI6OmZmZmY6MTcyLjIwLjAuMSIsIlRva2VuVmVyc2lvbiI6IjEiLCJpc3MiOiJNdXNpY1BsYXllckFQSSIsImF1ZCI6Ik11c2ljUGxheWVyQ2xpZW50In0.yU166ZavTUegTT-eY4QzgnOfrjOp23naYeiIE1Xux3Q
2026-06-29 22:12:08.479 +00:00 [INF] HWa9ASVmGdyG2EA0EiTRRlYhwc4XawgSbqs86lk/aCU=
2026-06-29 22:12:08.479 +00:00 [INF] Source: admin
2026-06-29 22:12:08.479 +00:00 [INF] Access Token expires at: "2026-06-29T22:17:08.4685574Z"
2026-06-29 22:12:08.479 +00:00 [INF] Refresh Token expires at: "2026-06-30T06:12:08.4747883Z"
2026-06-29 22:12:08.479 +00:00 [INF] tokenCookieName: adminToken
2026-06-29 22:12:08.480 +00:00 [INF] refreshTokenCookieName: adminRefreshToken
2026-06-29 22:12:08.480 +00:00 [INF] Refresh token hash stored in cookie: HWa9ASVmGdyG2EA0EiTRRlYhwc4XawgSbqs86lk/aCU=
2026-06-29 22:12:08.480 +00:00 [INF] --------------------------------------------------------------------
2026-06-29 22:12:08.480 +00:00 [INF] Executing OkObjectResult, writing value of type '<>f__AnonymousType1`4[[System.Boolean, System.Private.CoreLib, Version=9.0.0.0, Culture=neutral, PublicKeyToken=7cec85d7bea7798e],[System.Int32, System.Private.CoreLib, Version=9.0.0.0, Culture=neutral, PublicKeyToken=7cec85d7bea7798e],[System.Int32, System.Private.CoreLib, Version=9.0.0.0, Culture=neutral, PublicKeyToken=7cec85d7bea7798e],[<>f__AnonymousType2`3[[System.Int32, System.Private.CoreLib, Version=9.0.0.0, Culture=neutral, PublicKeyToken=7cec85d7bea7798e],[System.String, System.Private.CoreLib, Version=9.0.0.0, Culture=neutral, PublicKeyToken=7cec85d7bea7798e],[System.String, System.Private.CoreLib, Version=9.0.0.0, Culture=neutral, PublicKeyToken=7cec85d7bea7798e]], API, Version=1.0.0.0, Culture=neutral, PublicKeyToken=null]]'.
2026-06-29 22:12:08.480 +00:00 [INF] Executed action API.Controllers.AuthController.Authenticate (API) in 221.2305ms
2026-06-29 22:12:08.481 +00:00 [INF] Executed endpoint 'API.Controllers.AuthController.Authenticate (API)'
2026-06-29 22:12:08.481 +00:00 [INF] Request finished HTTP/1.1 POST http://192.168.1.4:8080/api/auth - 200 null application/json; charset=utf-8 223.6682ms
2026-06-29 22:12:09.406 +00:00 [INF] Request starting HTTP/1.1 GET http://192.168.1.4:8080/api/user?page=1&limit=10 - null null
2026-06-29 22:12:09.406 +00:00 [INF] CORS policy execution successful.
2026-06-29 22:12:09.406 +00:00 [INF] ====== OnMessageReceived START ======
2026-06-29 22:12:09.406 +00:00 [INF] Available cookies: 2
2026-06-29 22:12:09.407 +00:00 [INF] Cookie: adminToken = 844 chars
2026-06-29 22:12:09.407 +00:00 [INF] Cookie: adminRefreshToken = 44 chars
2026-06-29 22:12:09.407 +00:00 [INF] Admin token found in cookies, length: 844
2026-06-29 22:12:09.407 +00:00 [INF] Admin token set in context
2026-06-29 22:12:09.407 +00:00 [INF] ====== OnMessageReceived END - Token set: true ======
2026-06-29 22:12:09.408 +00:00 [INF] Token validated successfully for user: lengyelnorbi
2026-06-29 22:12:09.408 +00:00 [INF] Device fingerprint headers - UA: Mozilla/5.0 (Windows NT 10.0; Win64; x64) AppleWebKit/537.36 (KHTML, like Gecko) Chrome/149.0.0.0 Safari/537.36, Accept: application/json, text/plain, */*, Encoding: gzip, deflate
2026-06-29 22:12:09.408 +00:00 [INF] Device fingerprint validation: Stored=+dnl/HqeUWZoa90RTxKXA37sysOj0ueJeeX3J79LuJU=, Current=+dnl/HqeUWZoa90RTxKXA37sysOj0ueJeeX3J79LuJU=
2026-06-29 22:12:09.409 +00:00 [INF] Request starting HTTP/1.1 GET http://192.168.1.4:8080/api/user?page=1&limit=10 - null null
2026-06-29 22:12:09.409 +00:00 [INF] CORS policy execution successful.
2026-06-29 22:12:09.409 +00:00 [INF] ====== OnMessageReceived START ======
2026-06-29 22:12:09.409 +00:00 [INF] Available cookies: 2
2026-06-29 22:12:09.409 +00:00 [INF] Cookie: adminToken = 844 chars
2026-06-29 22:12:09.409 +00:00 [INF] Cookie: adminRefreshToken = 44 chars
2026-06-29 22:12:09.410 +00:00 [INF] Admin token found in cookies, length: 844
2026-06-29 22:12:09.410 +00:00 [INF] Admin token set in context
2026-06-29 22:12:09.410 +00:00 [INF] ====== OnMessageReceived END - Token set: true ======
2026-06-29 22:12:09.410 +00:00 [INF] Token validated successfully for user: lengyelnorbi
2026-06-29 22:12:09.410 +00:00 [INF] Device fingerprint headers - UA: Mozilla/5.0 (Windows NT 10.0; Win64; x64) AppleWebKit/537.36 (KHTML, like Gecko) Chrome/149.0.0.0 Safari/537.36, Accept: application/json, text/plain, */*, Encoding: gzip, deflate
2026-06-29 22:12:09.411 +00:00 [INF] Device fingerprint validation: Stored=+dnl/HqeUWZoa90RTxKXA37sysOj0ueJeeX3J79LuJU=, Current=+dnl/HqeUWZoa90RTxKXA37sysOj0ueJeeX3J79LuJU=
2026-06-29 22:12:09.411 +00:00 [INF] Executed DbCommand (2ms) [Parameters=[@__jti_0='?', @__userId_1='?' (DbType = Int32)], CommandType='"Text"', CommandTimeout='30']
SELECT a."ID", a."CreatedAt", a."DeviceFingerprint", a."ExpiresAt", a."IpAddress", a."IsRevoked", a."UserID", a.jti
FROM "AccessTokens" AS a
WHERE a.jti = @__jti_0 AND a."UserID" = @__userId_1 AND NOT (a."IsRevoked") AND a."ExpiresAt" > now()
LIMIT 1
2026-06-29 22:12:09.412 +00:00 [INF] Executing endpoint 'API.Controllers.UserController.Get (API)'
2026-06-29 22:12:09.412 +00:00 [INF] Route matched with {action = "Get", controller = "User"}. Executing controller action with signature System.Threading.Tasks.Task`1[API.Utils.PagedResult`1[API.DTO.UserDTO]] Get(Int32, Int32) on controller API.Controllers.UserController (API).
2026-06-29 22:12:09.413 +00:00 [INF] Executed DbCommand (1ms) [Parameters=[@__jti_0='?', @__userId_1='?' (DbType = Int32)], CommandType='"Text"', CommandTimeout='30']
SELECT a."ID", a."CreatedAt", a."DeviceFingerprint", a."ExpiresAt", a."IpAddress", a."IsRevoked", a."UserID", a.jti
FROM "AccessTokens" AS a
WHERE a.jti = @__jti_0 AND a."UserID" = @__userId_1 AND NOT (a."IsRevoked") AND a."ExpiresAt" > now()
LIMIT 1
2026-06-29 22:12:09.413 +00:00 [INF] Executing endpoint 'API.Controllers.UserController.Get (API)'
2026-06-29 22:12:09.414 +00:00 [INF] Route matched with {action = "Get", controller = "User"}. Executing controller action with signature System.Threading.Tasks.Task`1[API.Utils.PagedResult`1[API.DTO.UserDTO]] Get(Int32, Int32) on controller API.Controllers.UserController (API).
2026-06-29 22:12:09.416 +00:00 [INF] Executed DbCommand (1ms) [Parameters=[], CommandType='"Text"', CommandTimeout='30']
SELECT count(*)::int
FROM "Users" AS u
WHERE u."Role" <> 'Admin'
2026-06-29 22:12:09.418 +00:00 [INF] Executed DbCommand (1ms) [Parameters=[@__p_1='?' (DbType = Int32), @__p_0='?' (DbType = Int32)], CommandType='"Text"', CommandTimeout='30']
SELECT u."ID", u."Username", u."Email", u."RegisteredAt", u."Role"
FROM "Users" AS u
WHERE u."Role" <> 'Admin'
ORDER BY u."ID"
LIMIT @__p_1 OFFSET @__p_0
2026-06-29 22:12:09.418 +00:00 [INF] Executing ObjectResult, writing value of type 'API.Utils.PagedResult`1[[API.DTO.UserDTO, API, Version=1.0.0.0, Culture=neutral, PublicKeyToken=null]]'.
2026-06-29 22:12:09.419 +00:00 [INF] Executed action API.Controllers.UserController.Get (API) in 4.6281ms
2026-06-29 22:12:09.419 +00:00 [INF] Executed endpoint 'API.Controllers.UserController.Get (API)'
2026-06-29 22:12:09.419 +00:00 [INF] Request finished HTTP/1.1 GET http://192.168.1.4:8080/api/user?page=1&limit=10 - 200 null application/json; charset=utf-8 10.3653ms
2026-06-29 22:12:09.422 +00:00 [INF] Executed DbCommand (1ms) [Parameters=[], CommandType='"Text"', CommandTimeout='30']
SELECT count(*)::int
FROM "Users" AS u
WHERE u."Role" <> 'Admin'
2026-06-29 22:12:09.424 +00:00 [INF] Executed DbCommand (1ms) [Parameters=[@__p_1='?' (DbType = Int32), @__p_0='?' (DbType = Int32)], CommandType='"Text"', CommandTimeout='30']
SELECT u."ID", u."Username", u."Email", u."RegisteredAt", u."Role"
FROM "Users" AS u
WHERE u."Role" <> 'Admin'
ORDER BY u."ID"
LIMIT @__p_1 OFFSET @__p_0
2026-06-29 22:12:09.424 +00:00 [INF] Executing ObjectResult, writing value of type 'API.Utils.PagedResult`1[[API.DTO.UserDTO, API, Version=1.0.0.0, Culture=neutral, PublicKeyToken=null]]'.
2026-06-29 22:12:09.425 +00:00 [INF] Executed action API.Controllers.UserController.Get (API) in 12.3744ms
2026-06-29 22:12:09.425 +00:00 [INF] Executed endpoint 'API.Controllers.UserController.Get (API)'
2026-06-29 22:12:09.425 +00:00 [INF] Request finished HTTP/1.1 GET http://192.168.1.4:8080/api/user?page=1&limit=10 - 200 null application/json; charset=utf-8 19.4292ms
2026-06-29 22:12:10.664 +00:00 [INF] Request starting HTTP/1.1 GET http://192.168.1.4:8080/api/user?page=1&limit=10 - null null
2026-06-29 22:12:10.665 +00:00 [INF] CORS policy execution successful.
2026-06-29 22:12:10.665 +00:00 [INF] ====== OnMessageReceived START ======
2026-06-29 22:12:10.665 +00:00 [INF] Available cookies: 2
2026-06-29 22:12:10.665 +00:00 [INF] Cookie: adminToken = 844 chars
2026-06-29 22:12:10.665 +00:00 [INF] Cookie: adminRefreshToken = 44 chars
2026-06-29 22:12:10.665 +00:00 [INF] Admin token found in cookies, length: 844
2026-06-29 22:12:10.666 +00:00 [INF] Admin token set in context
2026-06-29 22:12:10.666 +00:00 [INF] ====== OnMessageReceived END - Token set: true ======
2026-06-29 22:12:10.666 +00:00 [INF] Token validated successfully for user: lengyelnorbi
2026-06-29 22:12:10.666 +00:00 [INF] Device fingerprint headers - UA: Mozilla/5.0 (Windows NT 10.0; Win64; x64) AppleWebKit/537.36 (KHTML, like Gecko) Chrome/149.0.0.0 Safari/537.36, Accept: application/json, text/plain, */*, Encoding: gzip, deflate
2026-06-29 22:12:10.667 +00:00 [INF] Device fingerprint validation: Stored=+dnl/HqeUWZoa90RTxKXA37sysOj0ueJeeX3J79LuJU=, Current=+dnl/HqeUWZoa90RTxKXA37sysOj0ueJeeX3J79LuJU=
2026-06-29 22:12:10.670 +00:00 [INF] Executed DbCommand (2ms) [Parameters=[@__jti_0='?', @__userId_1='?' (DbType = Int32)], CommandType='"Text"', CommandTimeout='30']
SELECT a."ID", a."CreatedAt", a."DeviceFingerprint", a."ExpiresAt", a."IpAddress", a."IsRevoked", a."UserID", a.jti
FROM "AccessTokens" AS a
WHERE a.jti = @__jti_0 AND a."UserID" = @__userId_1 AND NOT (a."IsRevoked") AND a."ExpiresAt" > now()
LIMIT 1
2026-06-29 22:12:10.670 +00:00 [INF] Executing endpoint 'API.Controllers.UserController.Get (API)'
2026-06-29 22:12:10.670 +00:00 [INF] Route matched with {action = "Get", controller = "User"}. Executing controller action with signature System.Threading.Tasks.Task`1[API.Utils.PagedResult`1[API.DTO.UserDTO]] Get(Int32, Int32) on controller API.Controllers.UserController (API).
2026-06-29 22:12:10.672 +00:00 [INF] Executed DbCommand (1ms) [Parameters=[], CommandType='"Text"', CommandTimeout='30']
SELECT count(*)::int
FROM "Users" AS u
WHERE u."Role" <> 'Admin'
2026-06-29 22:12:10.674 +00:00 [INF] Executed DbCommand (1ms) [Parameters=[@__p_1='?' (DbType = Int32), @__p_0='?' (DbType = Int32)], CommandType='"Text"', CommandTimeout='30']
SELECT u."ID", u."Username", u."Email", u."RegisteredAt", u."Role"
FROM "Users" AS u
WHERE u."Role" <> 'Admin'
ORDER BY u."ID"
LIMIT @__p_1 OFFSET @__p_0
2026-06-29 22:12:10.674 +00:00 [INF] Executing ObjectResult, writing value of type 'API.Utils.PagedResult`1[[API.DTO.UserDTO, API, Version=1.0.0.0, Culture=neutral, PublicKeyToken=null]]'.
2026-06-29 22:12:10.675 +00:00 [INF] Executed action API.Controllers.UserController.Get (API) in 4.052ms
2026-06-29 22:12:10.675 +00:00 [INF] Executed endpoint 'API.Controllers.UserController.Get (API)'
2026-06-29 22:12:10.675 +00:00 [INF] Request finished HTTP/1.1 GET http://192.168.1.4:8080/api/user?page=1&limit=10 - 200 null application/json; charset=utf-8 10.9043ms
2026-06-29 22:12:14.872 +00:00 [INF] Request starting HTTP/1.1 OPTIONS http://192.168.1.4:8080/api/password/generate-password - null null
2026-06-29 22:12:14.873 +00:00 [INF] CORS policy execution successful.
2026-06-29 22:12:14.873 +00:00 [INF] Request finished HTTP/1.1 OPTIONS http://192.168.1.4:8080/api/password/generate-password - 204 null null 0.6094ms
2026-06-29 22:12:14.875 +00:00 [INF] Request starting HTTP/1.1 POST http://192.168.1.4:8080/api/password/generate-password - application/json 0
2026-06-29 22:12:14.875 +00:00 [INF] CORS policy execution successful.
2026-06-29 22:12:14.876 +00:00 [INF] ====== OnMessageReceived START ======
2026-06-29 22:12:14.876 +00:00 [INF] Available cookies: 2
2026-06-29 22:12:14.876 +00:00 [INF] Cookie: adminToken = 844 chars
2026-06-29 22:12:14.876 +00:00 [INF] Cookie: adminRefreshToken = 44 chars
2026-06-29 22:12:14.876 +00:00 [INF] Admin token found in cookies, length: 844
2026-06-29 22:12:14.876 +00:00 [INF] Admin token set in context
2026-06-29 22:12:14.877 +00:00 [INF] ====== OnMessageReceived END - Token set: true ======
2026-06-29 22:12:14.877 +00:00 [INF] Token validated successfully for user: lengyelnorbi
2026-06-29 22:12:14.877 +00:00 [INF] Device fingerprint headers - UA: Mozilla/5.0 (Windows NT 10.0; Win64; x64) AppleWebKit/537.36 (KHTML, like Gecko) Chrome/149.0.0.0 Safari/537.36, Accept: */*, Encoding: gzip, deflate
2026-06-29 22:12:14.877 +00:00 [INF] Device fingerprint validation: Stored=+dnl/HqeUWZoa90RTxKXA37sysOj0ueJeeX3J79LuJU=, Current=+dnl/HqeUWZoa90RTxKXA37sysOj0ueJeeX3J79LuJU=
2026-06-29 22:12:14.880 +00:00 [INF] Executed DbCommand (1ms) [Parameters=[@__jti_0='?', @__userId_1='?' (DbType = Int32)], CommandType='"Text"', CommandTimeout='30']
SELECT a."ID", a."CreatedAt", a."DeviceFingerprint", a."ExpiresAt", a."IpAddress", a."IsRevoked", a."UserID", a.jti
FROM "AccessTokens" AS a
WHERE a.jti = @__jti_0 AND a."UserID" = @__userId_1 AND NOT (a."IsRevoked") AND a."ExpiresAt" > now()
LIMIT 1
2026-06-29 22:12:14.880 +00:00 [INF] Executing endpoint 'API.Controllers.PasswordController.GeneratePassword (API)'
2026-06-29 22:12:14.881 +00:00 [INF] Route matched with {action = "GeneratePassword", controller = "Password"}. Executing controller action with signature System.Threading.Tasks.Task`1[Microsoft.AspNetCore.Mvc.IActionResult] GeneratePassword(API.Models.RequestModels.GeneratePwdRequest) on controller API.Controllers.PasswordController (API).
2026-06-29 22:12:14.883 +00:00 [INF] Executing BadRequestObjectResult, writing value of type 'Microsoft.AspNetCore.Mvc.ValidationProblemDetails'.
2026-06-29 22:12:14.898 +00:00 [INF] Executed action API.Controllers.PasswordController.GeneratePassword (API) in 17.3178ms
2026-06-29 22:12:14.899 +00:00 [INF] Executed endpoint 'API.Controllers.PasswordController.GeneratePassword (API)'
2026-06-29 22:12:14.899 +00:00 [INF] Request finished HTTP/1.1 POST http://192.168.1.4:8080/api/password/generate-password - 400 null application/problem+json; charset=utf-8 24.0776ms
2026-06-29 22:12:21.834 +00:00 [INF] Request starting HTTP/1.1 OPTIONS http://192.168.1.4:8080/api/password/generate-password - null null
2026-06-29 22:12:21.836 +00:00 [INF] CORS policy execution successful.
2026-06-29 22:12:21.838 +00:00 [INF] Request finished HTTP/1.1 OPTIONS http://192.168.1.4:8080/api/password/generate-password - 204 null null 4.4051ms
2026-06-29 22:12:21.840 +00:00 [INF] Request starting HTTP/1.1 POST http://192.168.1.4:8080/api/password/generate-password - application/json 0
2026-06-29 22:12:21.842 +00:00 [INF] CORS policy execution successful.
2026-06-29 22:12:21.842 +00:00 [INF] ====== OnMessageReceived START ======
2026-06-29 22:12:21.842 +00:00 [INF] Available cookies: 2
2026-06-29 22:12:21.842 +00:00 [INF] Cookie: adminToken = 844 chars
2026-06-29 22:12:21.842 +00:00 [INF] Cookie: adminRefreshToken = 44 chars
2026-06-29 22:12:21.842 +00:00 [INF] Admin token found in cookies, length: 844
2026-06-29 22:12:21.843 +00:00 [INF] Admin token set in context
2026-06-29 22:12:21.843 +00:00 [INF] ====== OnMessageReceived END - Token set: true ======
2026-06-29 22:12:21.844 +00:00 [INF] Token validated successfully for user: lengyelnorbi
2026-06-29 22:12:21.844 +00:00 [INF] Device fingerprint headers - UA: Mozilla/5.0 (Windows NT 10.0; Win64; x64) AppleWebKit/537.36 (KHTML, like Gecko) Chrome/149.0.0.0 Safari/537.36, Accept: */*, Encoding: gzip, deflate
2026-06-29 22:12:21.844 +00:00 [INF] Device fingerprint validation: Stored=+dnl/HqeUWZoa90RTxKXA37sysOj0ueJeeX3J79LuJU=, Current=+dnl/HqeUWZoa90RTxKXA37sysOj0ueJeeX3J79LuJU=
2026-06-29 22:12:21.846 +00:00 [INF] Executed DbCommand (1ms) [Parameters=[@__jti_0='?', @__userId_1='?' (DbType = Int32)], CommandType='"Text"', CommandTimeout='30']
SELECT a."ID", a."CreatedAt", a."DeviceFingerprint", a."ExpiresAt", a."IpAddress", a."IsRevoked", a."UserID", a.jti
FROM "AccessTokens" AS a
WHERE a.jti = @__jti_0 AND a."UserID" = @__userId_1 AND NOT (a."IsRevoked") AND a."ExpiresAt" > now()
LIMIT 1
2026-06-29 22:12:21.847 +00:00 [INF] Executing endpoint 'API.Controllers.PasswordController.GeneratePassword (API)'
2026-06-29 22:12:21.847 +00:00 [INF] Route matched with {action = "GeneratePassword", controller = "Password"}. Executing controller action with signature System.Threading.Tasks.Task`1[Microsoft.AspNetCore.Mvc.IActionResult] GeneratePassword(API.Models.RequestModels.GeneratePwdRequest) on controller API.Controllers.PasswordController (API).
2026-06-29 22:12:21.848 +00:00 [INF] Executing BadRequestObjectResult, writing value of type 'Microsoft.AspNetCore.Mvc.ValidationProblemDetails'.
2026-06-29 22:12:21.848 +00:00 [INF] Executed action API.Controllers.PasswordController.GeneratePassword (API) in 0.5876ms
2026-06-29 22:12:21.848 +00:00 [INF] Executed endpoint 'API.Controllers.PasswordController.GeneratePassword (API)'
2026-06-29 22:12:21.849 +00:00 [INF] Request finished HTTP/1.1 POST http://192.168.1.4:8080/api/password/generate-password - 400 null application/problem+json; charset=utf-8 8.6766ms
2026-06-29 22:13:55.756 +00:00 [INF] Application is shutting down...
2026-06-29 22:13:56.606 +00:00 [WRN] Storing keys in a directory '/home/app/.aspnet/DataProtection-Keys' that may not be persisted outside of the container. Protected data will be unavailable when container is destroyed. For more information go to https://aka.ms/aspnet/dataprotectionwarning
2026-06-29 22:13:56.630 +00:00 [INF] User profile is available. Using '/home/app/.aspnet/DataProtection-Keys' as key repository; keys will not be encrypted at rest.
2026-06-29 22:13:56.643 +00:00 [INF] Creating key {6ce8ee6f-3c3b-4bfb-9f3a-3ee74d31d469} with creation date 2026-06-29 22:13:56Z, activation date 2026-06-29 22:13:56Z, and expiration date 2026-09-27 22:13:56Z.
2026-06-29 22:13:56.670 +00:00 [WRN] No XML encryptor configured. Key {6ce8ee6f-3c3b-4bfb-9f3a-3ee74d31d469} may be persisted to storage in unencrypted form.
2026-06-29 22:13:56.673 +00:00 [INF] Writing data to file '/home/app/.aspnet/DataProtection-Keys/key-6ce8ee6f-3c3b-4bfb-9f3a-3ee74d31d469.xml'.
2026-06-29 22:13:56.723 +00:00 [INF] Now listening on: http://[::]:8080
2026-06-29 22:13:56.725 +00:00 [INF] Application started. Press Ctrl+C to shut down.
2026-06-29 22:13:56.725 +00:00 [INF] Hosting environment: Development
2026-06-29 22:13:56.725 +00:00 [INF] Content root path: /app
2026-06-29 22:14:00.992 +00:00 [INF] Request starting HTTP/1.1 OPTIONS http://192.168.1.4:8080/api/password/generate-password - null null
2026-06-29 22:14:01.006 +00:00 [WRN] Failed to determine the https port for redirect.
2026-06-29 22:14:01.008 +00:00 [INF] CORS policy execution successful.
2026-06-29 22:14:01.015 +00:00 [INF] Request starting HTTP/1.1 POST http://192.168.1.4:8080/api/password/generate-password - application/json 0
2026-06-29 22:14:01.017 +00:00 [INF] CORS policy execution successful.
2026-06-29 22:14:01.012 +00:00 [INF] Request finished HTTP/1.1 OPTIONS http://192.168.1.4:8080/api/password/generate-password - 204 null null 20.2185ms
2026-06-29 22:14:01.031 +00:00 [INF] ====== OnMessageReceived START ======
2026-06-29 22:14:01.033 +00:00 [INF] Available cookies: 2
2026-06-29 22:14:01.033 +00:00 [INF] Cookie: adminToken = 844 chars
2026-06-29 22:14:01.033 +00:00 [INF] Cookie: adminRefreshToken = 44 chars
2026-06-29 22:14:01.034 +00:00 [INF] Admin token found in cookies, length: 844
2026-06-29 22:14:01.034 +00:00 [INF] Admin token set in context
2026-06-29 22:14:01.034 +00:00 [INF] ====== OnMessageReceived END - Token set: true ======
2026-06-29 22:14:01.062 +00:00 [INF] Token validated successfully for user: lengyelnorbi
2026-06-29 22:14:01.063 +00:00 [INF] Device fingerprint headers - UA: Mozilla/5.0 (Windows NT 10.0; Win64; x64) AppleWebKit/537.36 (KHTML, like Gecko) Chrome/149.0.0.0 Safari/537.36, Accept: */*, Encoding: gzip, deflate
2026-06-29 22:14:01.063 +00:00 [INF] Device fingerprint validation: Stored=+dnl/HqeUWZoa90RTxKXA37sysOj0ueJeeX3J79LuJU=, Current=+dnl/HqeUWZoa90RTxKXA37sysOj0ueJeeX3J79LuJU=
2026-06-29 22:14:01.702 +00:00 [INF] Executed DbCommand (26ms) [Parameters=[@__jti_0='?', @__userId_1='?' (DbType = Int32)], CommandType='"Text"', CommandTimeout='30']
SELECT a."ID", a."CreatedAt", a."DeviceFingerprint", a."ExpiresAt", a."IpAddress", a."IsRevoked", a."UserID", a.jti
FROM "AccessTokens" AS a
WHERE a.jti = @__jti_0 AND a."UserID" = @__userId_1 AND NOT (a."IsRevoked") AND a."ExpiresAt" > now()
LIMIT 1
2026-06-29 22:14:01.751 +00:00 [INF] Executing endpoint 'API.Controllers.PasswordController.GeneratePassword (API)'
2026-06-29 22:14:01.759 +00:00 [INF] Route matched with {action = "GeneratePassword", controller = "Password"}. Executing controller action with signature System.Threading.Tasks.Task`1[Microsoft.AspNetCore.Mvc.IActionResult] GeneratePassword() on controller API.Controllers.PasswordController (API).
2026-06-29 22:14:01.764 +00:00 [INF] Executing OkObjectResult, writing value of type '<>f__AnonymousType4`1[[System.String, System.Private.CoreLib, Version=9.0.0.0, Culture=neutral, PublicKeyToken=7cec85d7bea7798e]]'.
2026-06-29 22:14:01.782 +00:00 [INF] Executed action API.Controllers.PasswordController.GeneratePassword (API) in 21.3583ms
2026-06-29 22:14:01.782 +00:00 [INF] Executed endpoint 'API.Controllers.PasswordController.GeneratePassword (API)'
2026-06-29 22:14:01.787 +00:00 [INF] Request finished HTTP/1.1 POST http://192.168.1.4:8080/api/password/generate-password - 200 null application/json; charset=utf-8 771.8673ms
2026-06-29 22:14:05.111 +00:00 [INF] Request starting HTTP/1.1 OPTIONS http://192.168.1.4:8080/api/password/generate-password - null null
2026-06-29 22:14:05.111 +00:00 [INF] CORS policy execution successful.
2026-06-29 22:14:05.112 +00:00 [INF] Request finished HTTP/1.1 OPTIONS http://192.168.1.4:8080/api/password/generate-password - 204 null null 1.4067ms
2026-06-29 22:14:05.114 +00:00 [INF] Request starting HTTP/1.1 POST http://192.168.1.4:8080/api/password/generate-password - application/json 0
2026-06-29 22:14:05.114 +00:00 [INF] CORS policy execution successful.
2026-06-29 22:14:05.116 +00:00 [INF] ====== OnMessageReceived START ======
2026-06-29 22:14:05.116 +00:00 [INF] Available cookies: 2
2026-06-29 22:14:05.117 +00:00 [INF] Cookie: adminToken = 844 chars
2026-06-29 22:14:05.117 +00:00 [INF] Cookie: adminRefreshToken = 44 chars
2026-06-29 22:14:05.117 +00:00 [INF] Admin token found in cookies, length: 844
2026-06-29 22:14:05.117 +00:00 [INF] Admin token set in context
2026-06-29 22:14:05.118 +00:00 [INF] ====== OnMessageReceived END - Token set: true ======
2026-06-29 22:14:05.119 +00:00 [INF] Token validated successfully for user: lengyelnorbi
2026-06-29 22:14:05.119 +00:00 [INF] Device fingerprint headers - UA: Mozilla/5.0 (Windows NT 10.0; Win64; x64) AppleWebKit/537.36 (KHTML, like Gecko) Chrome/149.0.0.0 Safari/537.36, Accept: */*, Encoding: gzip, deflate
2026-06-29 22:14:05.119 +00:00 [INF] Device fingerprint validation: Stored=+dnl/HqeUWZoa90RTxKXA37sysOj0ueJeeX3J79LuJU=, Current=+dnl/HqeUWZoa90RTxKXA37sysOj0ueJeeX3J79LuJU=
2026-06-29 22:14:05.138 +00:00 [INF] Executed DbCommand (2ms) [Parameters=[@__jti_0='?', @__userId_1='?' (DbType = Int32)], CommandType='"Text"', CommandTimeout='30']
SELECT a."ID", a."CreatedAt", a."DeviceFingerprint", a."ExpiresAt", a."IpAddress", a."IsRevoked", a."UserID", a.jti
FROM "AccessTokens" AS a
WHERE a.jti = @__jti_0 AND a."UserID" = @__userId_1 AND NOT (a."IsRevoked") AND a."ExpiresAt" > now()
LIMIT 1
2026-06-29 22:14:05.141 +00:00 [INF] Executing endpoint 'API.Controllers.PasswordController.GeneratePassword (API)'
2026-06-29 22:14:05.141 +00:00 [INF] Route matched with {action = "GeneratePassword", controller = "Password"}. Executing controller action with signature System.Threading.Tasks.Task`1[Microsoft.AspNetCore.Mvc.IActionResult] GeneratePassword() on controller API.Controllers.PasswordController (API).
2026-06-29 22:14:05.141 +00:00 [INF] Executing OkObjectResult, writing value of type '<>f__AnonymousType4`1[[System.String, System.Private.CoreLib, Version=9.0.0.0, Culture=neutral, PublicKeyToken=7cec85d7bea7798e]]'.
2026-06-29 22:14:05.142 +00:00 [INF] Executed action API.Controllers.PasswordController.GeneratePassword (API) in 0.7455ms
2026-06-29 22:14:05.142 +00:00 [INF] Executed endpoint 'API.Controllers.PasswordController.GeneratePassword (API)'
2026-06-29 22:14:05.143 +00:00 [INF] Request finished HTTP/1.1 POST http://192.168.1.4:8080/api/password/generate-password - 200 null application/json; charset=utf-8 28.7232ms
2026-06-29 22:14:10.373 +00:00 [INF] Request starting HTTP/1.1 OPTIONS http://192.168.1.4:8080/api/user - null null
2026-06-29 22:14:10.373 +00:00 [INF] CORS policy execution successful.
2026-06-29 22:14:10.374 +00:00 [INF] Request finished HTTP/1.1 OPTIONS http://192.168.1.4:8080/api/user - 204 null null 0.9011ms
2026-06-29 22:14:10.375 +00:00 [INF] Request starting HTTP/1.1 PUT http://192.168.1.4:8080/api/user - application/json 97
2026-06-29 22:14:10.376 +00:00 [INF] CORS policy execution successful.
2026-06-29 22:14:10.377 +00:00 [INF] ====== OnMessageReceived START ======
2026-06-29 22:14:10.378 +00:00 [INF] Available cookies: 2
2026-06-29 22:14:10.378 +00:00 [INF] Cookie: adminToken = 844 chars
2026-06-29 22:14:10.378 +00:00 [INF] Cookie: adminRefreshToken = 44 chars
2026-06-29 22:14:10.378 +00:00 [INF] Admin token found in cookies, length: 844
2026-06-29 22:14:10.378 +00:00 [INF] Admin token set in context
2026-06-29 22:14:10.379 +00:00 [INF] ====== OnMessageReceived END - Token set: true ======
2026-06-29 22:14:10.379 +00:00 [INF] Token validated successfully for user: lengyelnorbi
2026-06-29 22:14:10.380 +00:00 [INF] Device fingerprint headers - UA: Mozilla/5.0 (Windows NT 10.0; Win64; x64) AppleWebKit/537.36 (KHTML, like Gecko) Chrome/149.0.0.0 Safari/537.36, Accept: */*, Encoding: gzip, deflate
2026-06-29 22:14:10.380 +00:00 [INF] Device fingerprint validation: Stored=+dnl/HqeUWZoa90RTxKXA37sysOj0ueJeeX3J79LuJU=, Current=+dnl/HqeUWZoa90RTxKXA37sysOj0ueJeeX3J79LuJU=
2026-06-29 22:14:10.416 +00:00 [INF] Executed DbCommand (2ms) [Parameters=[@__jti_0='?', @__userId_1='?' (DbType = Int32)], CommandType='"Text"', CommandTimeout='30']
SELECT a."ID", a."CreatedAt", a."DeviceFingerprint", a."ExpiresAt", a."IpAddress", a."IsRevoked", a."UserID", a.jti
FROM "AccessTokens" AS a
WHERE a.jti = @__jti_0 AND a."UserID" = @__userId_1 AND NOT (a."IsRevoked") AND a."ExpiresAt" > now()
LIMIT 1
2026-06-29 22:14:10.418 +00:00 [INF] Executing endpoint 'API.Controllers.UserController.UpdateUserAsync (API)'
2026-06-29 22:14:10.423 +00:00 [INF] Route matched with {action = "UpdateUser", controller = "User"}. Executing controller action with signature System.Threading.Tasks.Task`1[Microsoft.AspNetCore.Mvc.IActionResult] UpdateUserAsync(API.Models.RequestModels.UpdateUserRequest) on controller API.Controllers.UserController (API).
2026-06-29 22:14:10.458 +00:00 [INF] API.Models.RequestModels.UpdateUserRequest
2026-06-29 22:14:10.459 +00:00 [INF] Executing BadRequestObjectResult, writing value of type 'System.String'.
2026-06-29 22:14:10.459 +00:00 [INF] Executed action API.Controllers.UserController.UpdateUserAsync (API) in 35.5985ms
2026-06-29 22:14:10.460 +00:00 [INF] Executed endpoint 'API.Controllers.UserController.UpdateUserAsync (API)'
2026-06-29 22:14:10.460 +00:00 [INF] Request finished HTTP/1.1 PUT http://192.168.1.4:8080/api/user - 400 null text/plain; charset=utf-8 84.527ms
2026-06-29 22:14:14.825 +00:00 [INF] Request starting HTTP/1.1 GET http://192.168.1.4:8080/api/user?page=1&limit=10 - null null
2026-06-29 22:14:14.825 +00:00 [INF] CORS policy execution successful.
2026-06-29 22:14:14.826 +00:00 [INF] ====== OnMessageReceived START ======
2026-06-29 22:14:14.826 +00:00 [INF] Available cookies: 2
2026-06-29 22:14:14.826 +00:00 [INF] Cookie: adminToken = 844 chars
2026-06-29 22:14:14.827 +00:00 [INF] Cookie: adminRefreshToken = 44 chars
2026-06-29 22:14:14.827 +00:00 [INF] Admin token found in cookies, length: 844
2026-06-29 22:14:14.827 +00:00 [INF] Admin token set in context
2026-06-29 22:14:14.828 +00:00 [INF] ====== OnMessageReceived END - Token set: true ======
2026-06-29 22:14:14.828 +00:00 [INF] Token validated successfully for user: lengyelnorbi
2026-06-29 22:14:14.828 +00:00 [INF] Request starting HTTP/1.1 GET http://192.168.1.4:8080/api/user?page=1&limit=10 - null null
2026-06-29 22:14:14.828 +00:00 [INF] Device fingerprint headers - UA: Mozilla/5.0 (Windows NT 10.0; Win64; x64) AppleWebKit/537.36 (KHTML, like Gecko) Chrome/149.0.0.0 Safari/537.36, Accept: application/json, text/plain, */*, Encoding: gzip, deflate
2026-06-29 22:14:14.829 +00:00 [INF] CORS policy execution successful.
2026-06-29 22:14:14.829 +00:00 [INF] ====== OnMessageReceived START ======
2026-06-29 22:14:14.829 +00:00 [INF] Device fingerprint validation: Stored=+dnl/HqeUWZoa90RTxKXA37sysOj0ueJeeX3J79LuJU=, Current=+dnl/HqeUWZoa90RTxKXA37sysOj0ueJeeX3J79LuJU=
2026-06-29 22:14:14.829 +00:00 [INF] Available cookies: 2
2026-06-29 22:14:14.830 +00:00 [INF] Cookie: adminToken = 844 chars
2026-06-29 22:14:14.830 +00:00 [INF] Cookie: adminRefreshToken = 44 chars
2026-06-29 22:14:14.830 +00:00 [INF] Admin token found in cookies, length: 844
2026-06-29 22:14:14.830 +00:00 [INF] Admin token set in context
2026-06-29 22:14:14.830 +00:00 [INF] ====== OnMessageReceived END - Token set: true ======
2026-06-29 22:14:14.830 +00:00 [INF] Token validated successfully for user: lengyelnorbi
2026-06-29 22:14:14.831 +00:00 [INF] Device fingerprint headers - UA: Mozilla/5.0 (Windows NT 10.0; Win64; x64) AppleWebKit/537.36 (KHTML, like Gecko) Chrome/149.0.0.0 Safari/537.36, Accept: application/json, text/plain, */*, Encoding: gzip, deflate
2026-06-29 22:14:14.831 +00:00 [INF] Device fingerprint validation: Stored=+dnl/HqeUWZoa90RTxKXA37sysOj0ueJeeX3J79LuJU=, Current=+dnl/HqeUWZoa90RTxKXA37sysOj0ueJeeX3J79LuJU=
2026-06-29 22:14:14.832 +00:00 [INF] Executed DbCommand (2ms) [Parameters=[@__jti_0='?', @__userId_1='?' (DbType = Int32)], CommandType='"Text"', CommandTimeout='30']
SELECT a."ID", a."CreatedAt", a."DeviceFingerprint", a."ExpiresAt", a."IpAddress", a."IsRevoked", a."UserID", a.jti
FROM "AccessTokens" AS a
WHERE a.jti = @__jti_0 AND a."UserID" = @__userId_1 AND NOT (a."IsRevoked") AND a."ExpiresAt" > now()
LIMIT 1
2026-06-29 22:14:14.834 +00:00 [INF] Executing endpoint 'API.Controllers.UserController.Get (API)'
2026-06-29 22:14:14.838 +00:00 [INF] Route matched with {action = "Get", controller = "User"}. Executing controller action with signature System.Threading.Tasks.Task`1[API.Utils.PagedResult`1[API.DTO.UserDTO]] Get(Int32, Int32) on controller API.Controllers.UserController (API).
2026-06-29 22:14:14.846 +00:00 [INF] Executed DbCommand (2ms) [Parameters=[@__jti_0='?', @__userId_1='?' (DbType = Int32)], CommandType='"Text"', CommandTimeout='30']
SELECT a."ID", a."CreatedAt", a."DeviceFingerprint", a."ExpiresAt", a."IpAddress", a."IsRevoked", a."UserID", a.jti
FROM "AccessTokens" AS a
WHERE a.jti = @__jti_0 AND a."UserID" = @__userId_1 AND NOT (a."IsRevoked") AND a."ExpiresAt" > now()
LIMIT 1
2026-06-29 22:14:14.847 +00:00 [INF] Executing endpoint 'API.Controllers.UserController.Get (API)'
2026-06-29 22:14:14.847 +00:00 [INF] Route matched with {action = "Get", controller = "User"}. Executing controller action with signature System.Threading.Tasks.Task`1[API.Utils.PagedResult`1[API.DTO.UserDTO]] Get(Int32, Int32) on controller API.Controllers.UserController (API).
2026-06-29 22:14:14.871 +00:00 [INF] Executed DbCommand (3ms) [Parameters=[], CommandType='"Text"', CommandTimeout='30']
SELECT count(*)::int
FROM "Users" AS u
WHERE u."Role" <> 'Admin'
2026-06-29 22:14:14.871 +00:00 [INF] Executed DbCommand (3ms) [Parameters=[], CommandType='"Text"', CommandTimeout='30']
SELECT count(*)::int
FROM "Users" AS u
WHERE u."Role" <> 'Admin'
2026-06-29 22:14:14.888 +00:00 [INF] Executed DbCommand (2ms) [Parameters=[@__p_1='?' (DbType = Int32), @__p_0='?' (DbType = Int32)], CommandType='"Text"', CommandTimeout='30']
SELECT u."ID", u."Username", u."Email", u."RegisteredAt", u."Role"
FROM "Users" AS u
WHERE u."Role" <> 'Admin'
ORDER BY u."ID"
LIMIT @__p_1 OFFSET @__p_0
2026-06-29 22:14:14.888 +00:00 [INF] Executed DbCommand (2ms) [Parameters=[@__p_1='?' (DbType = Int32), @__p_0='?' (DbType = Int32)], CommandType='"Text"', CommandTimeout='30']
SELECT u."ID", u."Username", u."Email", u."RegisteredAt", u."Role"
FROM "Users" AS u
WHERE u."Role" <> 'Admin'
ORDER BY u."ID"
LIMIT @__p_1 OFFSET @__p_0
2026-06-29 22:14:14.892 +00:00 [INF] Executing ObjectResult, writing value of type 'API.Utils.PagedResult`1[[API.DTO.UserDTO, API, Version=1.0.0.0, Culture=neutral, PublicKeyToken=null]]'.
2026-06-29 22:14:14.892 +00:00 [INF] Executing ObjectResult, writing value of type 'API.Utils.PagedResult`1[[API.DTO.UserDTO, API, Version=1.0.0.0, Culture=neutral, PublicKeyToken=null]]'.
2026-06-29 22:14:14.904 +00:00 [INF] Executed action API.Controllers.UserController.Get (API) in 66.2475ms
2026-06-29 22:14:14.904 +00:00 [INF] Executed action API.Controllers.UserController.Get (API) in 56.5812ms
2026-06-29 22:14:14.905 +00:00 [INF] Executed endpoint 'API.Controllers.UserController.Get (API)'
2026-06-29 22:14:14.905 +00:00 [INF] Executed endpoint 'API.Controllers.UserController.Get (API)'
2026-06-29 22:14:14.905 +00:00 [INF] Request finished HTTP/1.1 GET http://192.168.1.4:8080/api/user?page=1&limit=10 - 200 null application/json; charset=utf-8 77.0141ms
2026-06-29 22:14:14.905 +00:00 [INF] Request finished HTTP/1.1 GET http://192.168.1.4:8080/api/user?page=1&limit=10 - 200 null application/json; charset=utf-8 80.46ms
2026-06-29 22:14:16.521 +00:00 [INF] Request starting HTTP/1.1 GET http://192.168.1.4:8080/api/user?page=1&limit=10 - null null
2026-06-29 22:14:16.522 +00:00 [INF] CORS policy execution successful.
2026-06-29 22:14:16.522 +00:00 [INF] ====== OnMessageReceived START ======
2026-06-29 22:14:16.522 +00:00 [INF] Available cookies: 2
2026-06-29 22:14:16.522 +00:00 [INF] Cookie: adminToken = 844 chars
2026-06-29 22:14:16.523 +00:00 [INF] Cookie: adminRefreshToken = 44 chars
2026-06-29 22:14:16.523 +00:00 [INF] Admin token found in cookies, length: 844
2026-06-29 22:14:16.523 +00:00 [INF] Admin token set in context
2026-06-29 22:14:16.523 +00:00 [INF] ====== OnMessageReceived END - Token set: true ======
2026-06-29 22:14:16.523 +00:00 [INF] Token validated successfully for user: lengyelnorbi
2026-06-29 22:14:16.524 +00:00 [INF] Device fingerprint headers - UA: Mozilla/5.0 (Windows NT 10.0; Win64; x64) AppleWebKit/537.36 (KHTML, like Gecko) Chrome/149.0.0.0 Safari/537.36, Accept: application/json, text/plain, */*, Encoding: gzip, deflate
2026-06-29 22:14:16.524 +00:00 [INF] Device fingerprint validation: Stored=+dnl/HqeUWZoa90RTxKXA37sysOj0ueJeeX3J79LuJU=, Current=+dnl/HqeUWZoa90RTxKXA37sysOj0ueJeeX3J79LuJU=
2026-06-29 22:14:16.527 +00:00 [INF] Executed DbCommand (2ms) [Parameters=[@__jti_0='?', @__userId_1='?' (DbType = Int32)], CommandType='"Text"', CommandTimeout='30']
SELECT a."ID", a."CreatedAt", a."DeviceFingerprint", a."ExpiresAt", a."IpAddress", a."IsRevoked", a."UserID", a.jti
FROM "AccessTokens" AS a
WHERE a.jti = @__jti_0 AND a."UserID" = @__userId_1 AND NOT (a."IsRevoked") AND a."ExpiresAt" > now()
LIMIT 1
2026-06-29 22:14:16.527 +00:00 [INF] Executing endpoint 'API.Controllers.UserController.Get (API)'
2026-06-29 22:14:16.527 +00:00 [INF] Route matched with {action = "Get", controller = "User"}. Executing controller action with signature System.Threading.Tasks.Task`1[API.Utils.PagedResult`1[API.DTO.UserDTO]] Get(Int32, Int32) on controller API.Controllers.UserController (API).
2026-06-29 22:14:16.529 +00:00 [INF] Executed DbCommand (1ms) [Parameters=[], CommandType='"Text"', CommandTimeout='30']
SELECT count(*)::int
FROM "Users" AS u
WHERE u."Role" <> 'Admin'
2026-06-29 22:14:16.531 +00:00 [INF] Executed DbCommand (1ms) [Parameters=[@__p_1='?' (DbType = Int32), @__p_0='?' (DbType = Int32)], CommandType='"Text"', CommandTimeout='30']
SELECT u."ID", u."Username", u."Email", u."RegisteredAt", u."Role"
FROM "Users" AS u
WHERE u."Role" <> 'Admin'
ORDER BY u."ID"
LIMIT @__p_1 OFFSET @__p_0
2026-06-29 22:14:16.532 +00:00 [INF] Executing ObjectResult, writing value of type 'API.Utils.PagedResult`1[[API.DTO.UserDTO, API, Version=1.0.0.0, Culture=neutral, PublicKeyToken=null]]'.
2026-06-29 22:14:16.532 +00:00 [INF] Executed action API.Controllers.UserController.Get (API) in 4.3422ms
2026-06-29 22:14:16.532 +00:00 [INF] Executed endpoint 'API.Controllers.UserController.Get (API)'
2026-06-29 22:14:16.532 +00:00 [INF] Request finished HTTP/1.1 GET http://192.168.1.4:8080/api/user?page=1&limit=10 - 200 null application/json; charset=utf-8 10.8803ms
2026-06-29 22:14:20.879 +00:00 [INF] Request starting HTTP/1.1 OPTIONS http://192.168.1.4:8080/api/user - null null
2026-06-29 22:14:20.879 +00:00 [INF] CORS policy execution successful.
2026-06-29 22:14:20.879 +00:00 [INF] Request finished HTTP/1.1 OPTIONS http://192.168.1.4:8080/api/user - 204 null null 0.6993ms
2026-06-29 22:14:20.881 +00:00 [INF] Request starting HTTP/1.1 PUT http://192.168.1.4:8080/api/user - application/json 104
2026-06-29 22:14:20.881 +00:00 [INF] CORS policy execution successful.
2026-06-29 22:14:20.881 +00:00 [INF] ====== OnMessageReceived START ======
2026-06-29 22:14:20.882 +00:00 [INF] Available cookies: 2
2026-06-29 22:14:20.882 +00:00 [INF] Cookie: adminToken = 844 chars
2026-06-29 22:14:20.882 +00:00 [INF] Cookie: adminRefreshToken = 44 chars
2026-06-29 22:14:20.882 +00:00 [INF] Admin token found in cookies, length: 844
2026-06-29 22:14:20.882 +00:00 [INF] Admin token set in context
2026-06-29 22:14:20.882 +00:00 [INF] ====== OnMessageReceived END - Token set: true ======
2026-06-29 22:14:20.883 +00:00 [INF] Token validated successfully for user: lengyelnorbi
2026-06-29 22:14:20.883 +00:00 [INF] Device fingerprint headers - UA: Mozilla/5.0 (Windows NT 10.0; Win64; x64) AppleWebKit/537.36 (KHTML, like Gecko) Chrome/149.0.0.0 Safari/537.36, Accept: */*, Encoding: gzip, deflate
2026-06-29 22:14:20.883 +00:00 [INF] Device fingerprint validation: Stored=+dnl/HqeUWZoa90RTxKXA37sysOj0ueJeeX3J79LuJU=, Current=+dnl/HqeUWZoa90RTxKXA37sysOj0ueJeeX3J79LuJU=
2026-06-29 22:14:20.886 +00:00 [INF] Executed DbCommand (2ms) [Parameters=[@__jti_0='?', @__userId_1='?' (DbType = Int32)], CommandType='"Text"', CommandTimeout='30']
SELECT a."ID", a."CreatedAt", a."DeviceFingerprint", a."ExpiresAt", a."IpAddress", a."IsRevoked", a."UserID", a.jti
FROM "AccessTokens" AS a
WHERE a.jti = @__jti_0 AND a."UserID" = @__userId_1 AND NOT (a."IsRevoked") AND a."ExpiresAt" > now()
LIMIT 1
2026-06-29 22:14:20.887 +00:00 [INF] Executing endpoint 'API.Controllers.UserController.UpdateUserAsync (API)'
2026-06-29 22:14:20.887 +00:00 [INF] Route matched with {action = "UpdateUser", controller = "User"}. Executing controller action with signature System.Threading.Tasks.Task`1[Microsoft.AspNetCore.Mvc.IActionResult] UpdateUserAsync(API.Models.RequestModels.UpdateUserRequest) on controller API.Controllers.UserController (API).
2026-06-29 22:14:20.888 +00:00 [INF] API.Models.RequestModels.UpdateUserRequest
2026-06-29 22:14:20.889 +00:00 [INF] Executing BadRequestObjectResult, writing value of type 'System.String'.
2026-06-29 22:14:20.889 +00:00 [INF] Executed action API.Controllers.UserController.UpdateUserAsync (API) in 1.6439ms
2026-06-29 22:14:20.889 +00:00 [INF] Executed endpoint 'API.Controllers.UserController.UpdateUserAsync (API)'
2026-06-29 22:14:20.890 +00:00 [INF] Request finished HTTP/1.1 PUT http://192.168.1.4:8080/api/user - 400 null text/plain; charset=utf-8 8.6714ms
2026-06-29 22:16:05.158 +00:00 [INF] Application is shutting down...
2026-06-29 22:16:05.938 +00:00 [WRN] Storing keys in a directory '/home/app/.aspnet/DataProtection-Keys' that may not be persisted outside of the container. Protected data will be unavailable when container is destroyed. For more information go to https://aka.ms/aspnet/dataprotectionwarning
2026-06-29 22:16:05.963 +00:00 [INF] User profile is available. Using '/home/app/.aspnet/DataProtection-Keys' as key repository; keys will not be encrypted at rest.
2026-06-29 22:16:05.975 +00:00 [INF] Creating key {d972b32d-62ff-4501-9627-70e8bee29a71} with creation date 2026-06-29 22:16:05Z, activation date 2026-06-29 22:16:05Z, and expiration date 2026-09-27 22:16:05Z.
2026-06-29 22:16:06.012 +00:00 [WRN] No XML encryptor configured. Key {d972b32d-62ff-4501-9627-70e8bee29a71} may be persisted to storage in unencrypted form.
2026-06-29 22:16:06.015 +00:00 [INF] Writing data to file '/home/app/.aspnet/DataProtection-Keys/key-d972b32d-62ff-4501-9627-70e8bee29a71.xml'.
2026-06-29 22:16:06.068 +00:00 [INF] Now listening on: http://[::]:8080
2026-06-29 22:16:06.070 +00:00 [INF] Application started. Press Ctrl+C to shut down.
2026-06-29 22:16:06.070 +00:00 [INF] Hosting environment: Development
2026-06-29 22:16:06.070 +00:00 [INF] Content root path: /app
2026-06-29 22:16:39.380 +00:00 [INF] Request starting HTTP/1.1 OPTIONS http://192.168.1.4:8080/api/auth/refresh - null null
2026-06-29 22:16:39.393 +00:00 [WRN] Failed to determine the https port for redirect.
2026-06-29 22:16:39.395 +00:00 [INF] CORS policy execution successful.
2026-06-29 22:16:39.403 +00:00 [INF] Request starting HTTP/1.1 POST http://192.168.1.4:8080/api/auth/refresh - application/json 18
2026-06-29 22:16:39.399 +00:00 [INF] Request finished HTTP/1.1 OPTIONS http://192.168.1.4:8080/api/auth/refresh - 204 null null 19.882ms
2026-06-29 22:16:39.405 +00:00 [INF] CORS policy execution successful.
2026-06-29 22:16:39.420 +00:00 [INF] ====== OnMessageReceived START ======
2026-06-29 22:16:39.421 +00:00 [INF] Available cookies: 2
2026-06-29 22:16:39.422 +00:00 [INF] Cookie: adminToken = 844 chars
2026-06-29 22:16:39.422 +00:00 [INF] Cookie: adminRefreshToken = 44 chars
2026-06-29 22:16:39.422 +00:00 [INF] Admin token found in cookies, length: 844
2026-06-29 22:16:39.422 +00:00 [INF] Admin token set in context
2026-06-29 22:16:39.423 +00:00 [INF] ====== OnMessageReceived END - Token set: true ======
2026-06-29 22:16:39.452 +00:00 [INF] Token validated successfully for user: lengyelnorbi
2026-06-29 22:16:39.452 +00:00 [INF] Device fingerprint headers - UA: Mozilla/5.0 (Windows NT 10.0; Win64; x64) AppleWebKit/537.36 (KHTML, like Gecko) Chrome/149.0.0.0 Safari/537.36, Accept: */*, Encoding: gzip, deflate
2026-06-29 22:16:39.453 +00:00 [INF] Device fingerprint validation: Stored=+dnl/HqeUWZoa90RTxKXA37sysOj0ueJeeX3J79LuJU=, Current=+dnl/HqeUWZoa90RTxKXA37sysOj0ueJeeX3J79LuJU=
2026-06-29 22:16:40.091 +00:00 [INF] Executed DbCommand (25ms) [Parameters=[@__jti_0='?', @__userId_1='?' (DbType = Int32)], CommandType='"Text"', CommandTimeout='30']
SELECT a."ID", a."CreatedAt", a."DeviceFingerprint", a."ExpiresAt", a."IpAddress", a."IsRevoked", a."UserID", a.jti
FROM "AccessTokens" AS a
WHERE a.jti = @__jti_0 AND a."UserID" = @__userId_1 AND NOT (a."IsRevoked") AND a."ExpiresAt" > now()
LIMIT 1
2026-06-29 22:16:40.144 +00:00 [INF] Executing endpoint 'API.Controllers.AuthController.RefreshToken (API)'
2026-06-29 22:16:40.153 +00:00 [INF] Route matched with {action = "RefreshToken", controller = "Auth"}. Executing controller action with signature System.Threading.Tasks.Task`1[Microsoft.AspNetCore.Mvc.IActionResult] RefreshToken(API.Models.RequestModels.RefreshRequest) on controller API.Controllers.AuthController (API).
2026-06-29 22:16:40.181 +00:00 [INF] Token refresh attempt at "2026-06-29T22:16:40.1814827Z"
2026-06-29 22:16:40.182 +00:00 [INF] Refreshing admin token at "2026-06-29T22:16:40.1821983Z"
2026-06-29 22:16:40.190 +00:00 [INF] Executed DbCommand (3ms) [Parameters=[@__tokenHash_0='?'], CommandType='"Text"', CommandTimeout='30']
SELECT r."ID", r."CreatedAt", r."DeviceFingerprint", r."ExpiresAt", r."IpAddress", r."IsRevoked", r."TokenHash", r."UserID"
FROM "RefreshTokens" AS r
WHERE r."TokenHash" = @__tokenHash_0 AND NOT (r."IsRevoked") AND r."ExpiresAt" > now()
ORDER BY r."CreatedAt" DESC
LIMIT 1
2026-06-29 22:16:40.199 +00:00 [INF] Mozilla/5.0 (Windows NT 10.0; Win64; x64) AppleWebKit/537.36 (KHTML, like Gecko) Chrome/149.0.0.0 Safari/537.36
2026-06-29 22:16:40.203 +00:00 [INF] Fetching user by ID from database...
2026-06-29 22:16:40.211 +00:00 [INF] Executed DbCommand (2ms) [Parameters=[@__id_0='?' (DbType = Int32)], CommandType='"Text"', CommandTimeout='30']
SELECT u."ID", u."Email", u."PasswordHash", u."RegisteredAt", u."Role", u."Username"
FROM "Users" AS u
WHERE u."ID" = @__id_0
LIMIT 1
2026-06-29 22:16:40.299 +00:00 [INF] Executed DbCommand (4ms) [Parameters=[@p0='?' (DbType = DateTime), @p1='?', @p2='?' (DbType = DateTime), @p3='?', @p4='?' (DbType = Int32), @p5='?'], CommandType='"Text"', CommandTimeout='30']
INSERT INTO "AccessTokens" ("CreatedAt", "DeviceFingerprint", "ExpiresAt", "IpAddress", "UserID", jti)
VALUES (@p0, @p1, @p2, @p3, @p4, @p5)
RETURNING "ID", "IsRevoked";
2026-06-29 22:16:40.321 +00:00 [INF] Executed DbCommand (2ms) [Parameters=[@__jti_0='?', @__userID_1='?' (DbType = Int32), @__deviceFingerprint_2='?', @__ipAddress_3='?'], CommandType='"Text"', CommandTimeout='30']
SELECT a."ID", a."CreatedAt", a."DeviceFingerprint", a."ExpiresAt", a."IpAddress", a."IsRevoked", a."UserID", a.jti
FROM "AccessTokens" AS a
WHERE a.jti = @__jti_0 AND a."UserID" = @__userID_1 AND a."DeviceFingerprint" = @__deviceFingerprint_2 AND a."IpAddress" = @__ipAddress_3
LIMIT 1
2026-06-29 22:16:40.321 +00:00 [INF] Attempting to revoke access token with jti 590f6b08-6ef8-4956-beb0-a708e68c3f7d for user 1 from device +dnl/HqeUWZoa90RTxKXA37sysOj0ueJeeX3J79LuJU= and IP ::ffff:172.20.0.1
2026-06-29 22:16:40.322 +00:00 [INF] Access token found: API.Models.AccessToken
2026-06-29 22:16:40.327 +00:00 [INF] Executed DbCommand (2ms) [Parameters=[@p1='?' (DbType = Int32), @p0='?' (DbType = Boolean)], CommandType='"Text"', CommandTimeout='30']
UPDATE "AccessTokens" SET "IsRevoked" = @p0
WHERE "ID" = @p1;
2026-06-29 22:16:40.327 +00:00 [INF] Access token AccessToken for user 1 revoked: true
2026-06-29 22:16:40.332 +00:00 [INF] Executed DbCommand (3ms) [Parameters=[@p0='?' (DbType = DateTime), @p1='?', @p2='?' (DbType = DateTime), @p3='?', @p4='?', @p5='?' (DbType = Int32)], CommandType='"Text"', CommandTimeout='30']
INSERT INTO "RefreshTokens" ("CreatedAt", "DeviceFingerprint", "ExpiresAt", "IpAddress", "TokenHash", "UserID")
VALUES (@p0, @p1, @p2, @p3, @p4, @p5)
RETURNING "ID", "IsRevoked";
2026-06-29 22:16:40.340 +00:00 [INF] Executed DbCommand (2ms) [Parameters=[@__tokenHash_0='?', @__userId_1='?' (DbType = Int32), @__deviceFingerprint_2='?', @__ipAddress_3='?'], CommandType='"Text"', CommandTimeout='30']
SELECT r."ID", r."CreatedAt", r."DeviceFingerprint", r."ExpiresAt", r."IpAddress", r."IsRevoked", r."TokenHash", r."UserID"
FROM "RefreshTokens" AS r
WHERE r."TokenHash" = @__tokenHash_0 AND r."UserID" = @__userId_1 AND r."DeviceFingerprint" = @__deviceFingerprint_2 AND r."IpAddress" = @__ipAddress_3
LIMIT 1
2026-06-29 22:16:40.342 +00:00 [INF] Executed DbCommand (2ms) [Parameters=[@p1='?' (DbType = Int32), @p0='?' (DbType = Boolean)], CommandType='"Text"', CommandTimeout='30']
UPDATE "RefreshTokens" SET "IsRevoked" = @p0
WHERE "ID" = @p1;
2026-06-29 22:16:40.343 +00:00 [INF] Refresh token HWa9ASVmGdyG2EA0EiTRRlYhwc4XawgSbqs86lk/aCU= for user 1 revoked: true
2026-06-29 22:16:40.345 +00:00 [INF] Token refreshed successfully for user 1 at "2026-06-29T22:16:40.3452592Z"
2026-06-29 22:16:40.348 +00:00 [INF] Executing OkObjectResult, writing value of type '<>f__AnonymousType3`2[[System.Boolean, System.Private.CoreLib, Version=9.0.0.0, Culture=neutral, PublicKeyToken=7cec85d7bea7798e],[System.Int32, System.Private.CoreLib, Version=9.0.0.0, Culture=neutral, PublicKeyToken=7cec85d7bea7798e]]'.
2026-06-29 22:16:40.358 +00:00 [INF] Executed action API.Controllers.AuthController.RefreshToken (API) in 203.4626ms
2026-06-29 22:16:40.359 +00:00 [INF] Executed endpoint 'API.Controllers.AuthController.RefreshToken (API)'
2026-06-29 22:16:40.363 +00:00 [INF] Request finished HTTP/1.1 POST http://192.168.1.4:8080/api/auth/refresh - 200 null application/json; charset=utf-8 960.8065ms
2026-06-29 22:17:25.067 +00:00 [INF] Request starting HTTP/1.1 GET http://192.168.1.4:8080/api/user?page=1&limit=10 - null null
2026-06-29 22:17:25.068 +00:00 [INF] CORS policy execution successful.
2026-06-29 22:17:25.070 +00:00 [INF] ====== OnMessageReceived START ======
2026-06-29 22:17:25.070 +00:00 [INF] Available cookies: 2
2026-06-29 22:17:25.070 +00:00 [INF] Request starting HTTP/1.1 GET http://192.168.1.4:8080/api/user?page=1&limit=10 - null null
2026-06-29 22:17:25.070 +00:00 [INF] Cookie: adminToken = 844 chars
2026-06-29 22:17:25.071 +00:00 [INF] CORS policy execution successful.
2026-06-29 22:17:25.071 +00:00 [INF] Cookie: adminRefreshToken = 44 chars
2026-06-29 22:17:25.071 +00:00 [INF] Admin token found in cookies, length: 844
2026-06-29 22:17:25.071 +00:00 [INF] Admin token set in context
2026-06-29 22:17:25.071 +00:00 [INF] ====== OnMessageReceived END - Token set: true ======
2026-06-29 22:17:25.072 +00:00 [INF] ====== OnMessageReceived START ======
2026-06-29 22:17:25.072 +00:00 [INF] Token validated successfully for user: lengyelnorbi
2026-06-29 22:17:25.072 +00:00 [INF] Available cookies: 2
2026-06-29 22:17:25.073 +00:00 [INF] Device fingerprint headers - UA: Mozilla/5.0 (Windows NT 10.0; Win64; x64) AppleWebKit/537.36 (KHTML, like Gecko) Chrome/149.0.0.0 Safari/537.36, Accept: application/json, text/plain, */*, Encoding: gzip, deflate
2026-06-29 22:17:25.073 +00:00 [INF] Cookie: adminToken = 844 chars
2026-06-29 22:17:25.073 +00:00 [INF] Device fingerprint validation: Stored=+dnl/HqeUWZoa90RTxKXA37sysOj0ueJeeX3J79LuJU=, Current=+dnl/HqeUWZoa90RTxKXA37sysOj0ueJeeX3J79LuJU=
2026-06-29 22:17:25.073 +00:00 [INF] Cookie: adminRefreshToken = 44 chars
2026-06-29 22:17:25.073 +00:00 [INF] Admin token found in cookies, length: 844
2026-06-29 22:17:25.074 +00:00 [INF] Admin token set in context
2026-06-29 22:17:25.074 +00:00 [INF] ====== OnMessageReceived END - Token set: true ======
2026-06-29 22:17:25.074 +00:00 [INF] Token validated successfully for user: lengyelnorbi
2026-06-29 22:17:25.074 +00:00 [INF] Device fingerprint headers - UA: Mozilla/5.0 (Windows NT 10.0; Win64; x64) AppleWebKit/537.36 (KHTML, like Gecko) Chrome/149.0.0.0 Safari/537.36, Accept: application/json, text/plain, */*, Encoding: gzip, deflate
2026-06-29 22:17:25.074 +00:00 [INF] Device fingerprint validation: Stored=+dnl/HqeUWZoa90RTxKXA37sysOj0ueJeeX3J79LuJU=, Current=+dnl/HqeUWZoa90RTxKXA37sysOj0ueJeeX3J79LuJU=
2026-06-29 22:17:25.094 +00:00 [INF] Executed DbCommand (2ms) [Parameters=[@__jti_0='?', @__userId_1='?' (DbType = Int32)], CommandType='"Text"', CommandTimeout='30']
SELECT a."ID", a."CreatedAt", a."DeviceFingerprint", a."ExpiresAt", a."IpAddress", a."IsRevoked", a."UserID", a.jti
FROM "AccessTokens" AS a
WHERE a.jti = @__jti_0 AND a."UserID" = @__userId_1 AND NOT (a."IsRevoked") AND a."ExpiresAt" > now()
LIMIT 1
2026-06-29 22:17:25.095 +00:00 [INF] Executing endpoint 'API.Controllers.UserController.Get (API)'
2026-06-29 22:17:25.099 +00:00 [INF] Route matched with {action = "Get", controller = "User"}. Executing controller action with signature System.Threading.Tasks.Task`1[API.Utils.PagedResult`1[API.DTO.UserDTO]] Get(Int32, Int32) on controller API.Controllers.UserController (API).
2026-06-29 22:17:25.104 +00:00 [INF] Executed DbCommand (2ms) [Parameters=[@__jti_0='?', @__userId_1='?' (DbType = Int32)], CommandType='"Text"', CommandTimeout='30']
SELECT a."ID", a."CreatedAt", a."DeviceFingerprint", a."ExpiresAt", a."IpAddress", a."IsRevoked", a."UserID", a.jti
FROM "AccessTokens" AS a
WHERE a.jti = @__jti_0 AND a."UserID" = @__userId_1 AND NOT (a."IsRevoked") AND a."ExpiresAt" > now()
LIMIT 1
2026-06-29 22:17:25.104 +00:00 [INF] Executing endpoint 'API.Controllers.UserController.Get (API)'
2026-06-29 22:17:25.105 +00:00 [INF] Route matched with {action = "Get", controller = "User"}. Executing controller action with signature System.Threading.Tasks.Task`1[API.Utils.PagedResult`1[API.DTO.UserDTO]] Get(Int32, Int32) on controller API.Controllers.UserController (API).
2026-06-29 22:17:25.123 +00:00 [INF] Executed DbCommand (2ms) [Parameters=[], CommandType='"Text"', CommandTimeout='30']
SELECT count(*)::int
FROM "Users" AS u
WHERE u."Role" <> 'Admin'
2026-06-29 22:17:25.123 +00:00 [INF] Executed DbCommand (2ms) [Parameters=[], CommandType='"Text"', CommandTimeout='30']
SELECT count(*)::int
FROM "Users" AS u
WHERE u."Role" <> 'Admin'
2026-06-29 22:17:25.135 +00:00 [INF] Executed DbCommand (1ms) [Parameters=[@__p_1='?' (DbType = Int32), @__p_0='?' (DbType = Int32)], CommandType='"Text"', CommandTimeout='30']
SELECT u."ID", u."Username", u."Email", u."RegisteredAt", u."Role"
FROM "Users" AS u
WHERE u."Role" <> 'Admin'
ORDER BY u."ID"
LIMIT @__p_1 OFFSET @__p_0
2026-06-29 22:17:25.135 +00:00 [INF] Executed DbCommand (2ms) [Parameters=[@__p_1='?' (DbType = Int32), @__p_0='?' (DbType = Int32)], CommandType='"Text"', CommandTimeout='30']
SELECT u."ID", u."Username", u."Email", u."RegisteredAt", u."Role"
FROM "Users" AS u
WHERE u."Role" <> 'Admin'
ORDER BY u."ID"
LIMIT @__p_1 OFFSET @__p_0
2026-06-29 22:17:25.136 +00:00 [INF] Executing ObjectResult, writing value of type 'API.Utils.PagedResult`1[[API.DTO.UserDTO, API, Version=1.0.0.0, Culture=neutral, PublicKeyToken=null]]'.
2026-06-29 22:17:25.136 +00:00 [INF] Executing ObjectResult, writing value of type 'API.Utils.PagedResult`1[[API.DTO.UserDTO, API, Version=1.0.0.0, Culture=neutral, PublicKeyToken=null]]'.
2026-06-29 22:17:25.149 +00:00 [INF] Executed action API.Controllers.UserController.Get (API) in 43.811ms
2026-06-29 22:17:25.149 +00:00 [INF] Executed action API.Controllers.UserController.Get (API) in 49.4097ms
2026-06-29 22:17:25.149 +00:00 [INF] Executed endpoint 'API.Controllers.UserController.Get (API)'
2026-06-29 22:17:25.149 +00:00 [INF] Executed endpoint 'API.Controllers.UserController.Get (API)'
2026-06-29 22:17:25.150 +00:00 [INF] Request finished HTTP/1.1 GET http://192.168.1.4:8080/api/user?page=1&limit=10 - 200 null application/json; charset=utf-8 79.7159ms
2026-06-29 22:17:25.150 +00:00 [INF] Request finished HTTP/1.1 GET http://192.168.1.4:8080/api/user?page=1&limit=10 - 200 null application/json; charset=utf-8 83.2273ms
2026-06-29 22:17:26.223 +00:00 [INF] Request starting HTTP/1.1 GET http://192.168.1.4:8080/api/user?page=1&limit=10 - null null
2026-06-29 22:17:26.224 +00:00 [INF] CORS policy execution successful.
2026-06-29 22:17:26.224 +00:00 [INF] ====== OnMessageReceived START ======
2026-06-29 22:17:26.224 +00:00 [INF] Available cookies: 2
2026-06-29 22:17:26.224 +00:00 [INF] Cookie: adminToken = 844 chars
2026-06-29 22:17:26.225 +00:00 [INF] Cookie: adminRefreshToken = 44 chars
2026-06-29 22:17:26.225 +00:00 [INF] Admin token found in cookies, length: 844
2026-06-29 22:17:26.225 +00:00 [INF] Admin token set in context
2026-06-29 22:17:26.225 +00:00 [INF] ====== OnMessageReceived END - Token set: true ======
2026-06-29 22:17:26.225 +00:00 [INF] Token validated successfully for user: lengyelnorbi
2026-06-29 22:17:26.226 +00:00 [INF] Device fingerprint headers - UA: Mozilla/5.0 (Windows NT 10.0; Win64; x64) AppleWebKit/537.36 (KHTML, like Gecko) Chrome/149.0.0.0 Safari/537.36, Accept: application/json, text/plain, */*, Encoding: gzip, deflate
2026-06-29 22:17:26.226 +00:00 [INF] Device fingerprint validation: Stored=+dnl/HqeUWZoa90RTxKXA37sysOj0ueJeeX3J79LuJU=, Current=+dnl/HqeUWZoa90RTxKXA37sysOj0ueJeeX3J79LuJU=
2026-06-29 22:17:26.263 +00:00 [INF] Executed DbCommand (2ms) [Parameters=[@__jti_0='?', @__userId_1='?' (DbType = Int32)], CommandType='"Text"', CommandTimeout='30']
SELECT a."ID", a."CreatedAt", a."DeviceFingerprint", a."ExpiresAt", a."IpAddress", a."IsRevoked", a."UserID", a.jti
FROM "AccessTokens" AS a
WHERE a.jti = @__jti_0 AND a."UserID" = @__userId_1 AND NOT (a."IsRevoked") AND a."ExpiresAt" > now()
LIMIT 1
2026-06-29 22:17:26.264 +00:00 [INF] Executing endpoint 'API.Controllers.UserController.Get (API)'
2026-06-29 22:17:26.264 +00:00 [INF] Route matched with {action = "Get", controller = "User"}. Executing controller action with signature System.Threading.Tasks.Task`1[API.Utils.PagedResult`1[API.DTO.UserDTO]] Get(Int32, Int32) on controller API.Controllers.UserController (API).
2026-06-29 22:17:26.266 +00:00 [INF] Executed DbCommand (1ms) [Parameters=[], CommandType='"Text"', CommandTimeout='30']
SELECT count(*)::int
FROM "Users" AS u
WHERE u."Role" <> 'Admin'
2026-06-29 22:17:26.268 +00:00 [INF] Executed DbCommand (1ms) [Parameters=[@__p_1='?' (DbType = Int32), @__p_0='?' (DbType = Int32)], CommandType='"Text"', CommandTimeout='30']
SELECT u."ID", u."Username", u."Email", u."RegisteredAt", u."Role"
FROM "Users" AS u
WHERE u."Role" <> 'Admin'
ORDER BY u."ID"
LIMIT @__p_1 OFFSET @__p_0
2026-06-29 22:17:26.268 +00:00 [INF] Executing ObjectResult, writing value of type 'API.Utils.PagedResult`1[[API.DTO.UserDTO, API, Version=1.0.0.0, Culture=neutral, PublicKeyToken=null]]'.
2026-06-29 22:17:26.269 +00:00 [INF] Executed action API.Controllers.UserController.Get (API) in 4.2834ms
2026-06-29 22:17:26.269 +00:00 [INF] Executed endpoint 'API.Controllers.UserController.Get (API)'
2026-06-29 22:17:26.269 +00:00 [INF] Request finished HTTP/1.1 GET http://192.168.1.4:8080/api/user?page=1&limit=10 - 200 null application/json; charset=utf-8 45.8373ms
2026-06-29 22:17:31.792 +00:00 [INF] Request starting HTTP/1.1 OPTIONS http://192.168.1.4:8080/api/user - null null
2026-06-29 22:17:31.792 +00:00 [INF] CORS policy execution successful.
2026-06-29 22:17:31.793 +00:00 [INF] Request finished HTTP/1.1 OPTIONS http://192.168.1.4:8080/api/user - 204 null null 1.0281ms
2026-06-29 22:17:31.795 +00:00 [INF] Request starting HTTP/1.1 PUT http://192.168.1.4:8080/api/user - application/json 87
2026-06-29 22:17:31.795 +00:00 [INF] CORS policy execution successful.
2026-06-29 22:17:31.796 +00:00 [INF] ====== OnMessageReceived START ======
2026-06-29 22:17:31.796 +00:00 [INF] Available cookies: 2
2026-06-29 22:17:31.796 +00:00 [INF] Cookie: adminToken = 844 chars
2026-06-29 22:17:31.796 +00:00 [INF] Cookie: adminRefreshToken = 44 chars
2026-06-29 22:17:31.797 +00:00 [INF] Admin token found in cookies, length: 844
2026-06-29 22:17:31.797 +00:00 [INF] Admin token set in context
2026-06-29 22:17:31.797 +00:00 [INF] ====== OnMessageReceived END - Token set: true ======
2026-06-29 22:17:31.797 +00:00 [INF] Token validated successfully for user: lengyelnorbi
2026-06-29 22:17:31.797 +00:00 [INF] Device fingerprint headers - UA: Mozilla/5.0 (Windows NT 10.0; Win64; x64) AppleWebKit/537.36 (KHTML, like Gecko) Chrome/149.0.0.0 Safari/537.36, Accept: */*, Encoding: gzip, deflate
2026-06-29 22:17:31.798 +00:00 [INF] Device fingerprint validation: Stored=+dnl/HqeUWZoa90RTxKXA37sysOj0ueJeeX3J79LuJU=, Current=+dnl/HqeUWZoa90RTxKXA37sysOj0ueJeeX3J79LuJU=
2026-06-29 22:17:31.800 +00:00 [INF] Executed DbCommand (1ms) [Parameters=[@__jti_0='?', @__userId_1='?' (DbType = Int32)], CommandType='"Text"', CommandTimeout='30']
SELECT a."ID", a."CreatedAt", a."DeviceFingerprint", a."ExpiresAt", a."IpAddress", a."IsRevoked", a."UserID", a.jti
FROM "AccessTokens" AS a
WHERE a.jti = @__jti_0 AND a."UserID" = @__userId_1 AND NOT (a."IsRevoked") AND a."ExpiresAt" > now()
LIMIT 1
2026-06-29 22:17:31.803 +00:00 [INF] Executing endpoint 'API.Controllers.UserController.UpdateUserAsync (API)'
2026-06-29 22:17:31.805 +00:00 [INF] Route matched with {action = "UpdateUser", controller = "User"}. Executing controller action with signature System.Threading.Tasks.Task`1[Microsoft.AspNetCore.Mvc.IActionResult] UpdateUserAsync(API.Models.RequestModels.UpdateUserRequest) on controller API.Controllers.UserController (API).
2026-06-29 22:17:31.811 +00:00 [INF] API.Models.RequestModels.UpdateUserRequest
2026-06-29 22:17:31.812 +00:00 [INF] Executing BadRequestObjectResult, writing value of type 'System.String'.
2026-06-29 22:17:31.812 +00:00 [INF] Executed action API.Controllers.UserController.UpdateUserAsync (API) in 6.841ms
2026-06-29 22:17:31.812 +00:00 [INF] Executed endpoint 'API.Controllers.UserController.UpdateUserAsync (API)'
2026-06-29 22:17:31.812 +00:00 [INF] Request finished HTTP/1.1 PUT http://192.168.1.4:8080/api/user - 400 null text/plain; charset=utf-8 17.3957ms
2026-06-29 22:18:46.892 +00:00 [INF] Request starting HTTP/1.1 GET http://192.168.1.4:8080/api/user?page=1&limit=10 - null null
2026-06-29 22:18:46.892 +00:00 [INF] CORS policy execution successful.
2026-06-29 22:18:46.893 +00:00 [INF] ====== OnMessageReceived START ======
2026-06-29 22:18:46.893 +00:00 [INF] Available cookies: 2
2026-06-29 22:18:46.893 +00:00 [INF] Cookie: adminToken = 844 chars
2026-06-29 22:18:46.893 +00:00 [INF] Cookie: adminRefreshToken = 44 chars
2026-06-29 22:18:46.893 +00:00 [INF] Admin token found in cookies, length: 844
2026-06-29 22:18:46.894 +00:00 [INF] Request starting HTTP/1.1 GET http://192.168.1.4:8080/api/user?page=1&limit=10 - null null
2026-06-29 22:18:46.894 +00:00 [INF] Admin token set in context
2026-06-29 22:18:46.894 +00:00 [INF] CORS policy execution successful.
2026-06-29 22:18:46.894 +00:00 [INF] ====== OnMessageReceived END - Token set: true ======
2026-06-29 22:18:46.895 +00:00 [INF] ====== OnMessageReceived START ======
2026-06-29 22:18:46.895 +00:00 [INF] Available cookies: 2
2026-06-29 22:18:46.895 +00:00 [INF] Token validated successfully for user: lengyelnorbi
2026-06-29 22:18:46.895 +00:00 [INF] Cookie: adminToken = 844 chars
2026-06-29 22:18:46.895 +00:00 [INF] Device fingerprint headers - UA: Mozilla/5.0 (Windows NT 10.0; Win64; x64) AppleWebKit/537.36 (KHTML, like Gecko) Chrome/149.0.0.0 Safari/537.36, Accept: application/json, text/plain, */*, Encoding: gzip, deflate
2026-06-29 22:18:46.896 +00:00 [INF] Cookie: adminRefreshToken = 44 chars
2026-06-29 22:18:46.896 +00:00 [INF] Device fingerprint validation: Stored=+dnl/HqeUWZoa90RTxKXA37sysOj0ueJeeX3J79LuJU=, Current=+dnl/HqeUWZoa90RTxKXA37sysOj0ueJeeX3J79LuJU=
2026-06-29 22:18:46.896 +00:00 [INF] Admin token found in cookies, length: 844
2026-06-29 22:18:46.898 +00:00 [INF] Admin token set in context
2026-06-29 22:18:46.898 +00:00 [INF] ====== OnMessageReceived END - Token set: true ======
2026-06-29 22:18:46.898 +00:00 [INF] Token validated successfully for user: lengyelnorbi
2026-06-29 22:18:46.898 +00:00 [INF] Device fingerprint headers - UA: Mozilla/5.0 (Windows NT 10.0; Win64; x64) AppleWebKit/537.36 (KHTML, like Gecko) Chrome/149.0.0.0 Safari/537.36, Accept: application/json, text/plain, */*, Encoding: gzip, deflate
2026-06-29 22:18:46.899 +00:00 [INF] Device fingerprint validation: Stored=+dnl/HqeUWZoa90RTxKXA37sysOj0ueJeeX3J79LuJU=, Current=+dnl/HqeUWZoa90RTxKXA37sysOj0ueJeeX3J79LuJU=
2026-06-29 22:18:46.899 +00:00 [INF] Executed DbCommand (2ms) [Parameters=[@__jti_0='?', @__userId_1='?' (DbType = Int32)], CommandType='"Text"', CommandTimeout='30']
SELECT a."ID", a."CreatedAt", a."DeviceFingerprint", a."ExpiresAt", a."IpAddress", a."IsRevoked", a."UserID", a.jti
FROM "AccessTokens" AS a
WHERE a.jti = @__jti_0 AND a."UserID" = @__userId_1 AND NOT (a."IsRevoked") AND a."ExpiresAt" > now()
LIMIT 1
2026-06-29 22:18:46.900 +00:00 [INF] Executing endpoint 'API.Controllers.UserController.Get (API)'
2026-06-29 22:18:46.900 +00:00 [INF] Route matched with {action = "Get", controller = "User"}. Executing controller action with signature System.Threading.Tasks.Task`1[API.Utils.PagedResult`1[API.DTO.UserDTO]] Get(Int32, Int32) on controller API.Controllers.UserController (API).
2026-06-29 22:18:46.901 +00:00 [INF] Executed DbCommand (2ms) [Parameters=[@__jti_0='?', @__userId_1='?' (DbType = Int32)], CommandType='"Text"', CommandTimeout='30']
SELECT a."ID", a."CreatedAt", a."DeviceFingerprint", a."ExpiresAt", a."IpAddress", a."IsRevoked", a."UserID", a.jti
FROM "AccessTokens" AS a
WHERE a.jti = @__jti_0 AND a."UserID" = @__userId_1 AND NOT (a."IsRevoked") AND a."ExpiresAt" > now()
LIMIT 1
2026-06-29 22:18:46.902 +00:00 [INF] Executing endpoint 'API.Controllers.UserController.Get (API)'
2026-06-29 22:18:46.902 +00:00 [INF] Route matched with {action = "Get", controller = "User"}. Executing controller action with signature System.Threading.Tasks.Task`1[API.Utils.PagedResult`1[API.DTO.UserDTO]] Get(Int32, Int32) on controller API.Controllers.UserController (API).
2026-06-29 22:18:46.903 +00:00 [INF] Executed DbCommand (1ms) [Parameters=[], CommandType='"Text"', CommandTimeout='30']
SELECT count(*)::int
FROM "Users" AS u
WHERE u."Role" <> 'Admin'
2026-06-29 22:18:46.903 +00:00 [INF] Executed DbCommand (1ms) [Parameters=[], CommandType='"Text"', CommandTimeout='30']
SELECT count(*)::int
FROM "Users" AS u
WHERE u."Role" <> 'Admin'
2026-06-29 22:18:46.904 +00:00 [INF] Executed DbCommand (1ms) [Parameters=[@__p_1='?' (DbType = Int32), @__p_0='?' (DbType = Int32)], CommandType='"Text"', CommandTimeout='30']
SELECT u."ID", u."Username", u."Email", u."RegisteredAt", u."Role"
FROM "Users" AS u
WHERE u."Role" <> 'Admin'
ORDER BY u."ID"
LIMIT @__p_1 OFFSET @__p_0
2026-06-29 22:18:46.904 +00:00 [INF] Executing ObjectResult, writing value of type 'API.Utils.PagedResult`1[[API.DTO.UserDTO, API, Version=1.0.0.0, Culture=neutral, PublicKeyToken=null]]'.
2026-06-29 22:18:46.905 +00:00 [INF] Executed action API.Controllers.UserController.Get (API) in 4.1867ms
2026-06-29 22:18:46.905 +00:00 [INF] Executed DbCommand (1ms) [Parameters=[@__p_1='?' (DbType = Int32), @__p_0='?' (DbType = Int32)], CommandType='"Text"', CommandTimeout='30']
SELECT u."ID", u."Username", u."Email", u."RegisteredAt", u."Role"
FROM "Users" AS u
WHERE u."Role" <> 'Admin'
ORDER BY u."ID"
LIMIT @__p_1 OFFSET @__p_0
2026-06-29 22:18:46.905 +00:00 [INF] Executed endpoint 'API.Controllers.UserController.Get (API)'
2026-06-29 22:18:46.905 +00:00 [INF] Executing ObjectResult, writing value of type 'API.Utils.PagedResult`1[[API.DTO.UserDTO, API, Version=1.0.0.0, Culture=neutral, PublicKeyToken=null]]'.
2026-06-29 22:18:46.905 +00:00 [INF] Request finished HTTP/1.1 GET http://192.168.1.4:8080/api/user?page=1&limit=10 - 200 null application/json; charset=utf-8 13.2837ms
2026-06-29 22:18:46.906 +00:00 [INF] Executed action API.Controllers.UserController.Get (API) in 3.4884ms
2026-06-29 22:18:46.906 +00:00 [INF] Executed endpoint 'API.Controllers.UserController.Get (API)'
2026-06-29 22:18:46.906 +00:00 [INF] Request finished HTTP/1.1 GET http://192.168.1.4:8080/api/user?page=1&limit=10 - 200 null application/json; charset=utf-8 12.457ms
2026-06-29 22:18:48.123 +00:00 [INF] Request starting HTTP/1.1 GET http://192.168.1.4:8080/api/user?page=1&limit=10 - null null
2026-06-29 22:18:48.123 +00:00 [INF] CORS policy execution successful.
2026-06-29 22:18:48.124 +00:00 [INF] ====== OnMessageReceived START ======
2026-06-29 22:18:48.124 +00:00 [INF] Available cookies: 2
2026-06-29 22:18:48.124 +00:00 [INF] Cookie: adminToken = 844 chars
2026-06-29 22:18:48.124 +00:00 [INF] Cookie: adminRefreshToken = 44 chars
2026-06-29 22:18:48.125 +00:00 [INF] Admin token found in cookies, length: 844
2026-06-29 22:18:48.125 +00:00 [INF] Admin token set in context
2026-06-29 22:18:48.125 +00:00 [INF] ====== OnMessageReceived END - Token set: true ======
2026-06-29 22:18:48.125 +00:00 [INF] Token validated successfully for user: lengyelnorbi
2026-06-29 22:18:48.125 +00:00 [INF] Device fingerprint headers - UA: Mozilla/5.0 (Windows NT 10.0; Win64; x64) AppleWebKit/537.36 (KHTML, like Gecko) Chrome/149.0.0.0 Safari/537.36, Accept: application/json, text/plain, */*, Encoding: gzip, deflate
2026-06-29 22:18:48.126 +00:00 [INF] Device fingerprint validation: Stored=+dnl/HqeUWZoa90RTxKXA37sysOj0ueJeeX3J79LuJU=, Current=+dnl/HqeUWZoa90RTxKXA37sysOj0ueJeeX3J79LuJU=
2026-06-29 22:18:48.129 +00:00 [INF] Executed DbCommand (2ms) [Parameters=[@__jti_0='?', @__userId_1='?' (DbType = Int32)], CommandType='"Text"', CommandTimeout='30']
SELECT a."ID", a."CreatedAt", a."DeviceFingerprint", a."ExpiresAt", a."IpAddress", a."IsRevoked", a."UserID", a.jti
FROM "AccessTokens" AS a
WHERE a.jti = @__jti_0 AND a."UserID" = @__userId_1 AND NOT (a."IsRevoked") AND a."ExpiresAt" > now()
LIMIT 1
2026-06-29 22:18:48.129 +00:00 [INF] Executing endpoint 'API.Controllers.UserController.Get (API)'
2026-06-29 22:18:48.129 +00:00 [INF] Route matched with {action = "Get", controller = "User"}. Executing controller action with signature System.Threading.Tasks.Task`1[API.Utils.PagedResult`1[API.DTO.UserDTO]] Get(Int32, Int32) on controller API.Controllers.UserController (API).
2026-06-29 22:18:48.131 +00:00 [INF] Executed DbCommand (1ms) [Parameters=[], CommandType='"Text"', CommandTimeout='30']
SELECT count(*)::int
FROM "Users" AS u
WHERE u."Role" <> 'Admin'
2026-06-29 22:18:48.133 +00:00 [INF] Executed DbCommand (1ms) [Parameters=[@__p_1='?' (DbType = Int32), @__p_0='?' (DbType = Int32)], CommandType='"Text"', CommandTimeout='30']
SELECT u."ID", u."Username", u."Email", u."RegisteredAt", u."Role"
FROM "Users" AS u
WHERE u."Role" <> 'Admin'
ORDER BY u."ID"
LIMIT @__p_1 OFFSET @__p_0
2026-06-29 22:18:48.133 +00:00 [INF] Executing ObjectResult, writing value of type 'API.Utils.PagedResult`1[[API.DTO.UserDTO, API, Version=1.0.0.0, Culture=neutral, PublicKeyToken=null]]'.
2026-06-29 22:18:48.134 +00:00 [INF] Executed action API.Controllers.UserController.Get (API) in 4.0337ms
2026-06-29 22:18:48.134 +00:00 [INF] Executed endpoint 'API.Controllers.UserController.Get (API)'
2026-06-29 22:18:48.134 +00:00 [INF] Request finished HTTP/1.1 GET http://192.168.1.4:8080/api/user?page=1&limit=10 - 200 null application/json; charset=utf-8 11.0434ms
2026-06-29 22:18:52.281 +00:00 [INF] Request starting HTTP/1.1 OPTIONS http://192.168.1.4:8080/api/password/generate-password - null null
2026-06-29 22:18:52.282 +00:00 [INF] CORS policy execution successful.
2026-06-29 22:18:52.283 +00:00 [INF] Request finished HTTP/1.1 OPTIONS http://192.168.1.4:8080/api/password/generate-password - 204 null null 1.4659ms
2026-06-29 22:18:52.285 +00:00 [INF] Request starting HTTP/1.1 POST http://192.168.1.4:8080/api/password/generate-password - application/json 0
2026-06-29 22:18:52.285 +00:00 [INF] CORS policy execution successful.
2026-06-29 22:18:52.286 +00:00 [INF] ====== OnMessageReceived START ======
2026-06-29 22:18:52.286 +00:00 [INF] Available cookies: 2
2026-06-29 22:18:52.286 +00:00 [INF] Cookie: adminToken = 844 chars
2026-06-29 22:18:52.286 +00:00 [INF] Cookie: adminRefreshToken = 44 chars
2026-06-29 22:18:52.286 +00:00 [INF] Admin token found in cookies, length: 844
2026-06-29 22:18:52.286 +00:00 [INF] Admin token set in context
2026-06-29 22:18:52.287 +00:00 [INF] ====== OnMessageReceived END - Token set: true ======
2026-06-29 22:18:52.287 +00:00 [INF] Token validated successfully for user: lengyelnorbi
2026-06-29 22:18:52.287 +00:00 [INF] Device fingerprint headers - UA: Mozilla/5.0 (Windows NT 10.0; Win64; x64) AppleWebKit/537.36 (KHTML, like Gecko) Chrome/149.0.0.0 Safari/537.36, Accept: */*, Encoding: gzip, deflate
2026-06-29 22:18:52.288 +00:00 [INF] Device fingerprint validation: Stored=+dnl/HqeUWZoa90RTxKXA37sysOj0ueJeeX3J79LuJU=, Current=+dnl/HqeUWZoa90RTxKXA37sysOj0ueJeeX3J79LuJU=
2026-06-29 22:18:52.291 +00:00 [INF] Executed DbCommand (2ms) [Parameters=[@__jti_0='?', @__userId_1='?' (DbType = Int32)], CommandType='"Text"', CommandTimeout='30']
SELECT a."ID", a."CreatedAt", a."DeviceFingerprint", a."ExpiresAt", a."IpAddress", a."IsRevoked", a."UserID", a.jti
FROM "AccessTokens" AS a
WHERE a.jti = @__jti_0 AND a."UserID" = @__userId_1 AND NOT (a."IsRevoked") AND a."ExpiresAt" > now()
LIMIT 1
2026-06-29 22:18:52.292 +00:00 [INF] Executing endpoint 'API.Controllers.PasswordController.GeneratePassword (API)'
2026-06-29 22:18:52.294 +00:00 [INF] Route matched with {action = "GeneratePassword", controller = "Password"}. Executing controller action with signature System.Threading.Tasks.Task`1[Microsoft.AspNetCore.Mvc.IActionResult] GeneratePassword() on controller API.Controllers.PasswordController (API).
2026-06-29 22:18:52.296 +00:00 [INF] Executing OkObjectResult, writing value of type '<>f__AnonymousType4`1[[System.String, System.Private.CoreLib, Version=9.0.0.0, Culture=neutral, PublicKeyToken=7cec85d7bea7798e]]'.
2026-06-29 22:18:52.297 +00:00 [INF] Executed action API.Controllers.PasswordController.GeneratePassword (API) in 2.73ms
2026-06-29 22:18:52.297 +00:00 [INF] Executed endpoint 'API.Controllers.PasswordController.GeneratePassword (API)'
2026-06-29 22:18:52.298 +00:00 [INF] Request finished HTTP/1.1 POST http://192.168.1.4:8080/api/password/generate-password - 200 null application/json; charset=utf-8 12.8399ms
2026-06-29 22:18:53.593 +00:00 [INF] Request starting HTTP/1.1 OPTIONS http://192.168.1.4:8080/api/user - null null
2026-06-29 22:18:53.596 +00:00 [INF] CORS policy execution successful.
2026-06-29 22:18:53.597 +00:00 [INF] Request finished HTTP/1.1 OPTIONS http://192.168.1.4:8080/api/user - 204 null null 3.796ms
2026-06-29 22:18:53.599 +00:00 [INF] Request starting HTTP/1.1 PUT http://192.168.1.4:8080/api/user - application/json 97
2026-06-29 22:18:53.601 +00:00 [INF] CORS policy execution successful.
2026-06-29 22:18:53.601 +00:00 [INF] ====== OnMessageReceived START ======
2026-06-29 22:18:53.601 +00:00 [INF] Available cookies: 2
2026-06-29 22:18:53.601 +00:00 [INF] Cookie: adminToken = 844 chars
2026-06-29 22:18:53.602 +00:00 [INF] Cookie: adminRefreshToken = 44 chars
2026-06-29 22:18:53.602 +00:00 [INF] Admin token found in cookies, length: 844
2026-06-29 22:18:53.602 +00:00 [INF] Admin token set in context
2026-06-29 22:18:53.602 +00:00 [INF] ====== OnMessageReceived END - Token set: true ======
2026-06-29 22:18:53.603 +00:00 [INF] Token validated successfully for user: lengyelnorbi
2026-06-29 22:18:53.603 +00:00 [INF] Device fingerprint headers - UA: Mozilla/5.0 (Windows NT 10.0; Win64; x64) AppleWebKit/537.36 (KHTML, like Gecko) Chrome/149.0.0.0 Safari/537.36, Accept: */*, Encoding: gzip, deflate
2026-06-29 22:18:53.603 +00:00 [INF] Device fingerprint validation: Stored=+dnl/HqeUWZoa90RTxKXA37sysOj0ueJeeX3J79LuJU=, Current=+dnl/HqeUWZoa90RTxKXA37sysOj0ueJeeX3J79LuJU=
2026-06-29 22:18:53.606 +00:00 [INF] Executed DbCommand (2ms) [Parameters=[@__jti_0='?', @__userId_1='?' (DbType = Int32)], CommandType='"Text"', CommandTimeout='30']
SELECT a."ID", a."CreatedAt", a."DeviceFingerprint", a."ExpiresAt", a."IpAddress", a."IsRevoked", a."UserID", a.jti
FROM "AccessTokens" AS a
WHERE a.jti = @__jti_0 AND a."UserID" = @__userId_1 AND NOT (a."IsRevoked") AND a."ExpiresAt" > now()
LIMIT 1
2026-06-29 22:18:53.610 +00:00 [INF] Executing endpoint 'API.Controllers.UserController.UpdateUserAsync (API)'
2026-06-29 22:18:53.611 +00:00 [INF] Route matched with {action = "UpdateUser", controller = "User"}. Executing controller action with signature System.Threading.Tasks.Task`1[Microsoft.AspNetCore.Mvc.IActionResult] UpdateUserAsync(API.Models.RequestModels.UpdateUserRequest) on controller API.Controllers.UserController (API).
2026-06-29 22:18:53.611 +00:00 [INF] API.Models.RequestModels.UpdateUserRequest
2026-06-29 22:18:53.612 +00:00 [INF] Executing BadRequestObjectResult, writing value of type 'System.String'.
2026-06-29 22:18:53.612 +00:00 [INF] Executed action API.Controllers.UserController.UpdateUserAsync (API) in 0.9475ms
2026-06-29 22:18:53.612 +00:00 [INF] Executed endpoint 'API.Controllers.UserController.UpdateUserAsync (API)'
2026-06-29 22:18:53.612 +00:00 [INF] Request finished HTTP/1.1 PUT http://192.168.1.4:8080/api/user - 400 null text/plain; charset=utf-8 13.267ms
2026-06-29 22:20:02.449 +00:00 [INF] Application is shutting down...
2026-06-29 22:20:03.279 +00:00 [WRN] Storing keys in a directory '/home/app/.aspnet/DataProtection-Keys' that may not be persisted outside of the container. Protected data will be unavailable when container is destroyed. For more information go to https://aka.ms/aspnet/dataprotectionwarning
2026-06-29 22:20:03.303 +00:00 [INF] User profile is available. Using '/home/app/.aspnet/DataProtection-Keys' as key repository; keys will not be encrypted at rest.
2026-06-29 22:20:03.313 +00:00 [INF] Creating key {34a165ac-a53a-46e3-af03-dd93ba7a0e5d} with creation date 2026-06-29 22:20:03Z, activation date 2026-06-29 22:20:03Z, and expiration date 2026-09-27 22:20:03Z.
2026-06-29 22:20:03.335 +00:00 [WRN] No XML encryptor configured. Key {34a165ac-a53a-46e3-af03-dd93ba7a0e5d} may be persisted to storage in unencrypted form.
2026-06-29 22:20:03.338 +00:00 [INF] Writing data to file '/home/app/.aspnet/DataProtection-Keys/key-34a165ac-a53a-46e3-af03-dd93ba7a0e5d.xml'.
2026-06-29 22:20:03.386 +00:00 [INF] Now listening on: http://[::]:8080
2026-06-29 22:20:03.387 +00:00 [INF] Application started. Press Ctrl+C to shut down.
2026-06-29 22:20:03.388 +00:00 [INF] Hosting environment: Development
2026-06-29 22:20:03.388 +00:00 [INF] Content root path: /app
2026-06-29 22:20:19.456 +00:00 [INF] Request starting HTTP/1.1 GET http://192.168.1.4:8080/api/user?page=1&limit=10 - null null
2026-06-29 22:20:19.456 +00:00 [INF] Request starting HTTP/1.1 GET http://192.168.1.4:8080/api/user?page=1&limit=10 - null null
2026-06-29 22:20:19.474 +00:00 [WRN] Failed to determine the https port for redirect.
2026-06-29 22:20:19.477 +00:00 [INF] CORS policy execution successful.
2026-06-29 22:20:19.477 +00:00 [INF] CORS policy execution successful.
2026-06-29 22:20:19.492 +00:00 [INF] ====== OnMessageReceived START ======
2026-06-29 22:20:19.492 +00:00 [INF] ====== OnMessageReceived START ======
2026-06-29 22:20:19.493 +00:00 [INF] Available cookies: 2
2026-06-29 22:20:19.493 +00:00 [INF] Available cookies: 2
2026-06-29 22:20:19.494 +00:00 [INF] Cookie: adminToken = 844 chars
2026-06-29 22:20:19.494 +00:00 [INF] Cookie: adminToken = 844 chars
2026-06-29 22:20:19.494 +00:00 [INF] Cookie: adminRefreshToken = 44 chars
2026-06-29 22:20:19.494 +00:00 [INF] Cookie: adminRefreshToken = 44 chars
2026-06-29 22:20:19.494 +00:00 [INF] Admin token found in cookies, length: 844
2026-06-29 22:20:19.495 +00:00 [INF] Admin token found in cookies, length: 844
2026-06-29 22:20:19.495 +00:00 [INF] Admin token set in context
2026-06-29 22:20:19.495 +00:00 [INF] Admin token set in context
2026-06-29 22:20:19.495 +00:00 [INF] ====== OnMessageReceived END - Token set: true ======
2026-06-29 22:20:19.495 +00:00 [INF] ====== OnMessageReceived END - Token set: true ======
2026-06-29 22:20:19.529 +00:00 [INF] Token validated successfully for user: lengyelnorbi
2026-06-29 22:20:19.529 +00:00 [INF] Token validated successfully for user: lengyelnorbi
2026-06-29 22:20:19.530 +00:00 [INF] Device fingerprint headers - UA: Mozilla/5.0 (Windows NT 10.0; Win64; x64) AppleWebKit/537.36 (KHTML, like Gecko) Chrome/149.0.0.0 Safari/537.36, Accept: application/json, text/plain, */*, Encoding: gzip, deflate
2026-06-29 22:20:19.530 +00:00 [INF] Device fingerprint headers - UA: Mozilla/5.0 (Windows NT 10.0; Win64; x64) AppleWebKit/537.36 (KHTML, like Gecko) Chrome/149.0.0.0 Safari/537.36, Accept: application/json, text/plain, */*, Encoding: gzip, deflate
2026-06-29 22:20:19.530 +00:00 [INF] Device fingerprint validation: Stored=+dnl/HqeUWZoa90RTxKXA37sysOj0ueJeeX3J79LuJU=, Current=+dnl/HqeUWZoa90RTxKXA37sysOj0ueJeeX3J79LuJU=
2026-06-29 22:20:19.530 +00:00 [INF] Device fingerprint validation: Stored=+dnl/HqeUWZoa90RTxKXA37sysOj0ueJeeX3J79LuJU=, Current=+dnl/HqeUWZoa90RTxKXA37sysOj0ueJeeX3J79LuJU=
2026-06-29 22:20:20.019 +00:00 [INF] Request starting HTTP/1.1 GET http://192.168.1.4:8080/api/user?page=1&limit=10 - null null
2026-06-29 22:20:20.039 +00:00 [INF] CORS policy execution successful.
2026-06-29 22:20:20.048 +00:00 [INF] ====== OnMessageReceived START ======
2026-06-29 22:20:20.048 +00:00 [INF] Available cookies: 2
2026-06-29 22:20:20.049 +00:00 [INF] Cookie: adminToken = 844 chars
2026-06-29 22:20:20.050 +00:00 [INF] Cookie: adminRefreshToken = 44 chars
2026-06-29 22:20:20.050 +00:00 [INF] Admin token found in cookies, length: 844
2026-06-29 22:20:20.050 +00:00 [INF] Admin token set in context
2026-06-29 22:20:20.050 +00:00 [INF] ====== OnMessageReceived END - Token set: true ======
2026-06-29 22:20:20.051 +00:00 [INF] Token validated successfully for user: lengyelnorbi
2026-06-29 22:20:20.052 +00:00 [INF] Device fingerprint headers - UA: Mozilla/5.0 (Windows NT 10.0; Win64; x64) AppleWebKit/537.36 (KHTML, like Gecko) Chrome/149.0.0.0 Safari/537.36, Accept: application/json, text/plain, */*, Encoding: gzip, deflate
2026-06-29 22:20:20.052 +00:00 [INF] Device fingerprint validation: Stored=+dnl/HqeUWZoa90RTxKXA37sysOj0ueJeeX3J79LuJU=, Current=+dnl/HqeUWZoa90RTxKXA37sysOj0ueJeeX3J79LuJU=
2026-06-29 22:20:20.300 +00:00 [INF] Executed DbCommand (33ms) [Parameters=[@__jti_0='?', @__userId_1='?' (DbType = Int32)], CommandType='"Text"', CommandTimeout='30']
SELECT a."ID", a."CreatedAt", a."DeviceFingerprint", a."ExpiresAt", a."IpAddress", a."IsRevoked", a."UserID", a.jti
FROM "AccessTokens" AS a
WHERE a.jti = @__jti_0 AND a."UserID" = @__userId_1 AND NOT (a."IsRevoked") AND a."ExpiresAt" > now()
LIMIT 1
2026-06-29 22:20:20.300 +00:00 [INF] Executed DbCommand (33ms) [Parameters=[@__jti_0='?', @__userId_1='?' (DbType = Int32)], CommandType='"Text"', CommandTimeout='30']
SELECT a."ID", a."CreatedAt", a."DeviceFingerprint", a."ExpiresAt", a."IpAddress", a."IsRevoked", a."UserID", a.jti
FROM "AccessTokens" AS a
WHERE a.jti = @__jti_0 AND a."UserID" = @__userId_1 AND NOT (a."IsRevoked") AND a."ExpiresAt" > now()
LIMIT 1
2026-06-29 22:20:20.300 +00:00 [INF] Executed DbCommand (33ms) [Parameters=[@__jti_0='?', @__userId_1='?' (DbType = Int32)], CommandType='"Text"', CommandTimeout='30']
SELECT a."ID", a."CreatedAt", a."DeviceFingerprint", a."ExpiresAt", a."IpAddress", a."IsRevoked", a."UserID", a.jti
FROM "AccessTokens" AS a
WHERE a.jti = @__jti_0 AND a."UserID" = @__userId_1 AND NOT (a."IsRevoked") AND a."ExpiresAt" > now()
LIMIT 1
2026-06-29 22:20:20.355 +00:00 [INF] Executing endpoint 'API.Controllers.UserController.Get (API)'
2026-06-29 22:20:20.355 +00:00 [INF] Executing endpoint 'API.Controllers.UserController.Get (API)'
2026-06-29 22:20:20.355 +00:00 [INF] Executing endpoint 'API.Controllers.UserController.Get (API)'
2026-06-29 22:20:20.375 +00:00 [INF] Route matched with {action = "Get", controller = "User"}. Executing controller action with signature System.Threading.Tasks.Task`1[API.Utils.PagedResult`1[API.DTO.UserDTO]] Get(Int32, Int32) on controller API.Controllers.UserController (API).
2026-06-29 22:20:20.375 +00:00 [INF] Route matched with {action = "Get", controller = "User"}. Executing controller action with signature System.Threading.Tasks.Task`1[API.Utils.PagedResult`1[API.DTO.UserDTO]] Get(Int32, Int32) on controller API.Controllers.UserController (API).
2026-06-29 22:20:20.375 +00:00 [INF] Route matched with {action = "Get", controller = "User"}. Executing controller action with signature System.Threading.Tasks.Task`1[API.Utils.PagedResult`1[API.DTO.UserDTO]] Get(Int32, Int32) on controller API.Controllers.UserController (API).
2026-06-29 22:20:20.405 +00:00 [INF] Executed DbCommand (3ms) [Parameters=[], CommandType='"Text"', CommandTimeout='30']
SELECT count(*)::int
FROM "Users" AS u
WHERE u."Role" <> 'Admin'
2026-06-29 22:20:20.405 +00:00 [INF] Executed DbCommand (3ms) [Parameters=[], CommandType='"Text"', CommandTimeout='30']
SELECT count(*)::int
FROM "Users" AS u
WHERE u."Role" <> 'Admin'
2026-06-29 22:20:20.405 +00:00 [INF] Executed DbCommand (3ms) [Parameters=[], CommandType='"Text"', CommandTimeout='30']
SELECT count(*)::int
FROM "Users" AS u
WHERE u."Role" <> 'Admin'
2026-06-29 22:20:20.418 +00:00 [INF] Executed DbCommand (2ms) [Parameters=[@__p_1='?' (DbType = Int32), @__p_0='?' (DbType = Int32)], CommandType='"Text"', CommandTimeout='30']
SELECT u."ID", u."Username", u."Email", u."RegisteredAt", u."Role"
FROM "Users" AS u
WHERE u."Role" <> 'Admin'
ORDER BY u."ID"
LIMIT @__p_1 OFFSET @__p_0
2026-06-29 22:20:20.418 +00:00 [INF] Executed DbCommand (2ms) [Parameters=[@__p_1='?' (DbType = Int32), @__p_0='?' (DbType = Int32)], CommandType='"Text"', CommandTimeout='30']
SELECT u."ID", u."Username", u."Email", u."RegisteredAt", u."Role"
FROM "Users" AS u
WHERE u."Role" <> 'Admin'
ORDER BY u."ID"
LIMIT @__p_1 OFFSET @__p_0
2026-06-29 22:20:20.418 +00:00 [INF] Executed DbCommand (2ms) [Parameters=[@__p_1='?' (DbType = Int32), @__p_0='?' (DbType = Int32)], CommandType='"Text"', CommandTimeout='30']
SELECT u."ID", u."Username", u."Email", u."RegisteredAt", u."Role"
FROM "Users" AS u
WHERE u."Role" <> 'Admin'
ORDER BY u."ID"
LIMIT @__p_1 OFFSET @__p_0
2026-06-29 22:20:20.425 +00:00 [INF] Executing ObjectResult, writing value of type 'API.Utils.PagedResult`1[[API.DTO.UserDTO, API, Version=1.0.0.0, Culture=neutral, PublicKeyToken=null]]'.
2026-06-29 22:20:20.425 +00:00 [INF] Executing ObjectResult, writing value of type 'API.Utils.PagedResult`1[[API.DTO.UserDTO, API, Version=1.0.0.0, Culture=neutral, PublicKeyToken=null]]'.
2026-06-29 22:20:20.425 +00:00 [INF] Executing ObjectResult, writing value of type 'API.Utils.PagedResult`1[[API.DTO.UserDTO, API, Version=1.0.0.0, Culture=neutral, PublicKeyToken=null]]'.
2026-06-29 22:20:20.455 +00:00 [INF] Executed action API.Controllers.UserController.Get (API) in 78.0787ms
2026-06-29 22:20:20.455 +00:00 [INF] Executed action API.Controllers.UserController.Get (API) in 78.6183ms
2026-06-29 22:20:20.455 +00:00 [INF] Executed action API.Controllers.UserController.Get (API) in 78.7989ms
2026-06-29 22:20:20.458 +00:00 [INF] Executed endpoint 'API.Controllers.UserController.Get (API)'
2026-06-29 22:20:20.458 +00:00 [INF] Executed endpoint 'API.Controllers.UserController.Get (API)'
2026-06-29 22:20:20.458 +00:00 [INF] Executed endpoint 'API.Controllers.UserController.Get (API)'
2026-06-29 22:20:20.463 +00:00 [INF] Request finished HTTP/1.1 GET http://192.168.1.4:8080/api/user?page=1&limit=10 - 200 null application/json; charset=utf-8 443.6976ms
2026-06-29 22:20:20.463 +00:00 [INF] Request finished HTTP/1.1 GET http://192.168.1.4:8080/api/user?page=1&limit=10 - 200 null application/json; charset=utf-8 1007.8484ms
2026-06-29 22:20:20.463 +00:00 [INF] Request finished HTTP/1.1 GET http://192.168.1.4:8080/api/user?page=1&limit=10 - 499 null application/json; charset=utf-8 1007.8978ms
2026-06-29 22:20:22.012 +00:00 [INF] Request starting HTTP/1.1 GET http://192.168.1.4:8080/api/user?page=1&limit=10 - null null
2026-06-29 22:20:22.013 +00:00 [INF] CORS policy execution successful.
2026-06-29 22:20:22.013 +00:00 [INF] ====== OnMessageReceived START ======
2026-06-29 22:20:22.014 +00:00 [INF] Available cookies: 2
2026-06-29 22:20:22.014 +00:00 [INF] Cookie: adminToken = 844 chars
2026-06-29 22:20:22.014 +00:00 [INF] Request starting HTTP/1.1 GET http://192.168.1.4:8080/api/user?page=1&limit=10 - null null
2026-06-29 22:20:22.014 +00:00 [INF] Cookie: adminRefreshToken = 44 chars
2026-06-29 22:20:22.014 +00:00 [INF] CORS policy execution successful.
2026-06-29 22:20:22.014 +00:00 [INF] Admin token found in cookies, length: 844
2026-06-29 22:20:22.015 +00:00 [INF] ====== OnMessageReceived START ======
2026-06-29 22:20:22.015 +00:00 [INF] Admin token set in context
2026-06-29 22:20:22.015 +00:00 [INF] Available cookies: 2
2026-06-29 22:20:22.015 +00:00 [INF] ====== OnMessageReceived END - Token set: true ======
2026-06-29 22:20:22.015 +00:00 [INF] Cookie: adminToken = 844 chars
2026-06-29 22:20:22.016 +00:00 [INF] Token validated successfully for user: lengyelnorbi
2026-06-29 22:20:22.016 +00:00 [INF] Cookie: adminRefreshToken = 44 chars
2026-06-29 22:20:22.016 +00:00 [INF] Device fingerprint headers - UA: Mozilla/5.0 (Windows NT 10.0; Win64; x64) AppleWebKit/537.36 (KHTML, like Gecko) Chrome/149.0.0.0 Safari/537.36, Accept: application/json, text/plain, */*, Encoding: gzip, deflate
2026-06-29 22:20:22.017 +00:00 [INF] Admin token found in cookies, length: 844
2026-06-29 22:20:22.017 +00:00 [INF] Device fingerprint validation: Stored=+dnl/HqeUWZoa90RTxKXA37sysOj0ueJeeX3J79LuJU=, Current=+dnl/HqeUWZoa90RTxKXA37sysOj0ueJeeX3J79LuJU=
2026-06-29 22:20:22.017 +00:00 [INF] Admin token set in context
2026-06-29 22:20:22.017 +00:00 [INF] ====== OnMessageReceived END - Token set: true ======
2026-06-29 22:20:22.018 +00:00 [INF] Token validated successfully for user: lengyelnorbi
2026-06-29 22:20:22.018 +00:00 [INF] Device fingerprint headers - UA: Mozilla/5.0 (Windows NT 10.0; Win64; x64) AppleWebKit/537.36 (KHTML, like Gecko) Chrome/149.0.0.0 Safari/537.36, Accept: application/json, text/plain, */*, Encoding: gzip, deflate
2026-06-29 22:20:22.018 +00:00 [INF] Device fingerprint validation: Stored=+dnl/HqeUWZoa90RTxKXA37sysOj0ueJeeX3J79LuJU=, Current=+dnl/HqeUWZoa90RTxKXA37sysOj0ueJeeX3J79LuJU=
2026-06-29 22:20:22.027 +00:00 [INF] Executed DbCommand (2ms) [Parameters=[@__jti_0='?', @__userId_1='?' (DbType = Int32)], CommandType='"Text"', CommandTimeout='30']
SELECT a."ID", a."CreatedAt", a."DeviceFingerprint", a."ExpiresAt", a."IpAddress", a."IsRevoked", a."UserID", a.jti
FROM "AccessTokens" AS a
WHERE a.jti = @__jti_0 AND a."UserID" = @__userId_1 AND NOT (a."IsRevoked") AND a."ExpiresAt" > now()
LIMIT 1
2026-06-29 22:20:22.027 +00:00 [INF] Executed DbCommand (2ms) [Parameters=[@__jti_0='?', @__userId_1='?' (DbType = Int32)], CommandType='"Text"', CommandTimeout='30']
SELECT a."ID", a."CreatedAt", a."DeviceFingerprint", a."ExpiresAt", a."IpAddress", a."IsRevoked", a."UserID", a.jti
FROM "AccessTokens" AS a
WHERE a.jti = @__jti_0 AND a."UserID" = @__userId_1 AND NOT (a."IsRevoked") AND a."ExpiresAt" > now()
LIMIT 1
2026-06-29 22:20:22.028 +00:00 [INF] Executing endpoint 'API.Controllers.UserController.Get (API)'
2026-06-29 22:20:22.028 +00:00 [INF] Executing endpoint 'API.Controllers.UserController.Get (API)'
2026-06-29 22:20:22.029 +00:00 [INF] Route matched with {action = "Get", controller = "User"}. Executing controller action with signature System.Threading.Tasks.Task`1[API.Utils.PagedResult`1[API.DTO.UserDTO]] Get(Int32, Int32) on controller API.Controllers.UserController (API).
2026-06-29 22:20:22.029 +00:00 [INF] Route matched with {action = "Get", controller = "User"}. Executing controller action with signature System.Threading.Tasks.Task`1[API.Utils.PagedResult`1[API.DTO.UserDTO]] Get(Int32, Int32) on controller API.Controllers.UserController (API).
2026-06-29 22:20:22.031 +00:00 [INF] Executed DbCommand (1ms) [Parameters=[], CommandType='"Text"', CommandTimeout='30']
SELECT count(*)::int
FROM "Users" AS u
WHERE u."Role" <> 'Admin'
2026-06-29 22:20:22.031 +00:00 [INF] Executed DbCommand (1ms) [Parameters=[], CommandType='"Text"', CommandTimeout='30']
SELECT count(*)::int
FROM "Users" AS u
WHERE u."Role" <> 'Admin'
2026-06-29 22:20:22.033 +00:00 [INF] Executed DbCommand (1ms) [Parameters=[@__p_1='?' (DbType = Int32), @__p_0='?' (DbType = Int32)], CommandType='"Text"', CommandTimeout='30']
SELECT u."ID", u."Username", u."Email", u."RegisteredAt", u."Role"
FROM "Users" AS u
WHERE u."Role" <> 'Admin'
ORDER BY u."ID"
LIMIT @__p_1 OFFSET @__p_0
2026-06-29 22:20:22.033 +00:00 [INF] Executed DbCommand (1ms) [Parameters=[@__p_1='?' (DbType = Int32), @__p_0='?' (DbType = Int32)], CommandType='"Text"', CommandTimeout='30']
SELECT u."ID", u."Username", u."Email", u."RegisteredAt", u."Role"
FROM "Users" AS u
WHERE u."Role" <> 'Admin'
ORDER BY u."ID"
LIMIT @__p_1 OFFSET @__p_0
2026-06-29 22:20:22.034 +00:00 [INF] Executing ObjectResult, writing value of type 'API.Utils.PagedResult`1[[API.DTO.UserDTO, API, Version=1.0.0.0, Culture=neutral, PublicKeyToken=null]]'.
2026-06-29 22:20:22.034 +00:00 [INF] Executing ObjectResult, writing value of type 'API.Utils.PagedResult`1[[API.DTO.UserDTO, API, Version=1.0.0.0, Culture=neutral, PublicKeyToken=null]]'.
2026-06-29 22:20:22.034 +00:00 [INF] Executed action API.Controllers.UserController.Get (API) in 5.3921ms
2026-06-29 22:20:22.034 +00:00 [INF] Executed action API.Controllers.UserController.Get (API) in 5.2033ms
2026-06-29 22:20:22.035 +00:00 [INF] Executed endpoint 'API.Controllers.UserController.Get (API)'
2026-06-29 22:20:22.035 +00:00 [INF] Executed endpoint 'API.Controllers.UserController.Get (API)'
2026-06-29 22:20:22.035 +00:00 [INF] Request finished HTTP/1.1 GET http://192.168.1.4:8080/api/user?page=1&limit=10 - 200 null application/json; charset=utf-8 21.563ms
2026-06-29 22:20:22.036 +00:00 [INF] Request finished HTTP/1.1 GET http://192.168.1.4:8080/api/user?page=1&limit=10 - 200 null application/json; charset=utf-8 23.3463ms
2026-06-29 22:20:23.100 +00:00 [INF] Request starting HTTP/1.1 GET http://192.168.1.4:8080/api/user?page=1&limit=10 - null null
2026-06-29 22:20:23.106 +00:00 [INF] CORS policy execution successful.
2026-06-29 22:20:23.106 +00:00 [INF] ====== OnMessageReceived START ======
2026-06-29 22:20:23.106 +00:00 [INF] Available cookies: 2
2026-06-29 22:20:23.107 +00:00 [INF] Cookie: adminToken = 844 chars
2026-06-29 22:20:23.107 +00:00 [INF] Cookie: adminRefreshToken = 44 chars
2026-06-29 22:20:23.107 +00:00 [INF] Admin token found in cookies, length: 844
2026-06-29 22:20:23.107 +00:00 [INF] Admin token set in context
2026-06-29 22:20:23.107 +00:00 [INF] ====== OnMessageReceived END - Token set: true ======
2026-06-29 22:20:23.108 +00:00 [INF] Token validated successfully for user: lengyelnorbi
2026-06-29 22:20:23.108 +00:00 [INF] Device fingerprint headers - UA: Mozilla/5.0 (Windows NT 10.0; Win64; x64) AppleWebKit/537.36 (KHTML, like Gecko) Chrome/149.0.0.0 Safari/537.36, Accept: application/json, text/plain, */*, Encoding: gzip, deflate
2026-06-29 22:20:23.108 +00:00 [INF] Device fingerprint validation: Stored=+dnl/HqeUWZoa90RTxKXA37sysOj0ueJeeX3J79LuJU=, Current=+dnl/HqeUWZoa90RTxKXA37sysOj0ueJeeX3J79LuJU=
2026-06-29 22:20:23.112 +00:00 [INF] Executed DbCommand (2ms) [Parameters=[@__jti_0='?', @__userId_1='?' (DbType = Int32)], CommandType='"Text"', CommandTimeout='30']
SELECT a."ID", a."CreatedAt", a."DeviceFingerprint", a."ExpiresAt", a."IpAddress", a."IsRevoked", a."UserID", a.jti
FROM "AccessTokens" AS a
WHERE a.jti = @__jti_0 AND a."UserID" = @__userId_1 AND NOT (a."IsRevoked") AND a."ExpiresAt" > now()
LIMIT 1
2026-06-29 22:20:23.112 +00:00 [INF] Executing endpoint 'API.Controllers.UserController.Get (API)'
2026-06-29 22:20:23.112 +00:00 [INF] Route matched with {action = "Get", controller = "User"}. Executing controller action with signature System.Threading.Tasks.Task`1[API.Utils.PagedResult`1[API.DTO.UserDTO]] Get(Int32, Int32) on controller API.Controllers.UserController (API).
2026-06-29 22:20:23.114 +00:00 [INF] Executed DbCommand (1ms) [Parameters=[], CommandType='"Text"', CommandTimeout='30']
SELECT count(*)::int
FROM "Users" AS u
WHERE u."Role" <> 'Admin'
2026-06-29 22:20:23.116 +00:00 [INF] Executed DbCommand (1ms) [Parameters=[@__p_1='?' (DbType = Int32), @__p_0='?' (DbType = Int32)], CommandType='"Text"', CommandTimeout='30']
SELECT u."ID", u."Username", u."Email", u."RegisteredAt", u."Role"
FROM "Users" AS u
WHERE u."Role" <> 'Admin'
ORDER BY u."ID"
LIMIT @__p_1 OFFSET @__p_0
2026-06-29 22:20:23.116 +00:00 [INF] Executing ObjectResult, writing value of type 'API.Utils.PagedResult`1[[API.DTO.UserDTO, API, Version=1.0.0.0, Culture=neutral, PublicKeyToken=null]]'.
2026-06-29 22:20:23.117 +00:00 [INF] Executed action API.Controllers.UserController.Get (API) in 3.9809ms
2026-06-29 22:20:23.117 +00:00 [INF] Executed endpoint 'API.Controllers.UserController.Get (API)'
2026-06-29 22:20:23.117 +00:00 [INF] Request finished HTTP/1.1 GET http://192.168.1.4:8080/api/user?page=1&limit=10 - 200 null application/json; charset=utf-8 16.6783ms
2026-06-29 22:20:27.006 +00:00 [INF] Request starting HTTP/1.1 OPTIONS http://192.168.1.4:8080/api/password/generate-password - null null
2026-06-29 22:20:27.007 +00:00 [INF] CORS policy execution successful.
2026-06-29 22:20:27.008 +00:00 [INF] Request finished HTTP/1.1 OPTIONS http://192.168.1.4:8080/api/password/generate-password - 204 null null 1.7153ms
2026-06-29 22:20:27.009 +00:00 [INF] Request starting HTTP/1.1 POST http://192.168.1.4:8080/api/password/generate-password - application/json 0
2026-06-29 22:20:27.010 +00:00 [INF] CORS policy execution successful.
2026-06-29 22:20:27.010 +00:00 [INF] ====== OnMessageReceived START ======
2026-06-29 22:20:27.010 +00:00 [INF] Available cookies: 2
2026-06-29 22:20:27.010 +00:00 [INF] Cookie: adminToken = 844 chars
2026-06-29 22:20:27.011 +00:00 [INF] Cookie: adminRefreshToken = 44 chars
2026-06-29 22:20:27.011 +00:00 [INF] Admin token found in cookies, length: 844
2026-06-29 22:20:27.011 +00:00 [INF] Admin token set in context
2026-06-29 22:20:27.011 +00:00 [INF] ====== OnMessageReceived END - Token set: true ======
2026-06-29 22:20:27.012 +00:00 [INF] Token validated successfully for user: lengyelnorbi
2026-06-29 22:20:27.012 +00:00 [INF] Device fingerprint headers - UA: Mozilla/5.0 (Windows NT 10.0; Win64; x64) AppleWebKit/537.36 (KHTML, like Gecko) Chrome/149.0.0.0 Safari/537.36, Accept: */*, Encoding: gzip, deflate
2026-06-29 22:20:27.012 +00:00 [INF] Device fingerprint validation: Stored=+dnl/HqeUWZoa90RTxKXA37sysOj0ueJeeX3J79LuJU=, Current=+dnl/HqeUWZoa90RTxKXA37sysOj0ueJeeX3J79LuJU=
2026-06-29 22:20:27.015 +00:00 [INF] Executed DbCommand (1ms) [Parameters=[@__jti_0='?', @__userId_1='?' (DbType = Int32)], CommandType='"Text"', CommandTimeout='30']
SELECT a."ID", a."CreatedAt", a."DeviceFingerprint", a."ExpiresAt", a."IpAddress", a."IsRevoked", a."UserID", a.jti
FROM "AccessTokens" AS a
WHERE a.jti = @__jti_0 AND a."UserID" = @__userId_1 AND NOT (a."IsRevoked") AND a."ExpiresAt" > now()
LIMIT 1
2026-06-29 22:20:27.018 +00:00 [INF] Executing endpoint 'API.Controllers.PasswordController.GeneratePassword (API)'
2026-06-29 22:20:27.020 +00:00 [INF] Route matched with {action = "GeneratePassword", controller = "Password"}. Executing controller action with signature System.Threading.Tasks.Task`1[Microsoft.AspNetCore.Mvc.IActionResult] GeneratePassword() on controller API.Controllers.PasswordController (API).
2026-06-29 22:20:27.022 +00:00 [INF] Executing OkObjectResult, writing value of type '<>f__AnonymousType4`1[[System.String, System.Private.CoreLib, Version=9.0.0.0, Culture=neutral, PublicKeyToken=7cec85d7bea7798e]]'.
2026-06-29 22:20:27.025 +00:00 [INF] Executed action API.Controllers.PasswordController.GeneratePassword (API) in 4.7351ms
2026-06-29 22:20:27.025 +00:00 [INF] Executed endpoint 'API.Controllers.PasswordController.GeneratePassword (API)'
2026-06-29 22:20:27.026 +00:00 [INF] Request finished HTTP/1.1 POST http://192.168.1.4:8080/api/password/generate-password - 200 null application/json; charset=utf-8 16.5182ms
2026-06-29 22:20:27.768 +00:00 [INF] Request starting HTTP/1.1 OPTIONS http://192.168.1.4:8080/api/user - null null
2026-06-29 22:20:27.768 +00:00 [INF] CORS policy execution successful.
2026-06-29 22:20:27.769 +00:00 [INF] Request finished HTTP/1.1 OPTIONS http://192.168.1.4:8080/api/user - 204 null null 0.8072ms
2026-06-29 22:20:27.770 +00:00 [INF] Request starting HTTP/1.1 PUT http://192.168.1.4:8080/api/user - application/json 97
2026-06-29 22:20:27.771 +00:00 [INF] CORS policy execution successful.
2026-06-29 22:20:27.771 +00:00 [INF] ====== OnMessageReceived START ======
2026-06-29 22:20:27.771 +00:00 [INF] Available cookies: 2
2026-06-29 22:20:27.771 +00:00 [INF] Cookie: adminToken = 844 chars
2026-06-29 22:20:27.771 +00:00 [INF] Cookie: adminRefreshToken = 44 chars
2026-06-29 22:20:27.771 +00:00 [INF] Admin token found in cookies, length: 844
2026-06-29 22:20:27.772 +00:00 [INF] Admin token set in context
2026-06-29 22:20:27.772 +00:00 [INF] ====== OnMessageReceived END - Token set: true ======
2026-06-29 22:20:27.772 +00:00 [INF] Token validated successfully for user: lengyelnorbi
2026-06-29 22:20:27.772 +00:00 [INF] Device fingerprint headers - UA: Mozilla/5.0 (Windows NT 10.0; Win64; x64) AppleWebKit/537.36 (KHTML, like Gecko) Chrome/149.0.0.0 Safari/537.36, Accept: */*, Encoding: gzip, deflate
2026-06-29 22:20:27.773 +00:00 [INF] Device fingerprint validation: Stored=+dnl/HqeUWZoa90RTxKXA37sysOj0ueJeeX3J79LuJU=, Current=+dnl/HqeUWZoa90RTxKXA37sysOj0ueJeeX3J79LuJU=
2026-06-29 22:20:27.776 +00:00 [INF] Executed DbCommand (2ms) [Parameters=[@__jti_0='?', @__userId_1='?' (DbType = Int32)], CommandType='"Text"', CommandTimeout='30']
SELECT a."ID", a."CreatedAt", a."DeviceFingerprint", a."ExpiresAt", a."IpAddress", a."IsRevoked", a."UserID", a.jti
FROM "AccessTokens" AS a
WHERE a.jti = @__jti_0 AND a."UserID" = @__userId_1 AND NOT (a."IsRevoked") AND a."ExpiresAt" > now()
LIMIT 1
2026-06-29 22:20:27.778 +00:00 [INF] Executing endpoint 'API.Controllers.UserController.UpdateUserAsync (API)'
2026-06-29 22:20:27.780 +00:00 [INF] Route matched with {action = "UpdateUser", controller = "User"}. Executing controller action with signature System.Threading.Tasks.Task`1[Microsoft.AspNetCore.Mvc.IActionResult] UpdateUserAsync(API.Models.RequestModels.UpdateUserRequest) on controller API.Controllers.UserController (API).
2026-06-29 22:20:27.798 +00:00 [INF] API.Models.RequestModels.UpdateUserRequest
2026-06-29 22:20:27.798 +00:00 [INF] Executing BadRequestObjectResult, writing value of type 'System.String'.
2026-06-29 22:20:27.799 +00:00 [INF] Executed action API.Controllers.UserController.UpdateUserAsync (API) in 18.3996ms
2026-06-29 22:20:27.799 +00:00 [INF] Executed endpoint 'API.Controllers.UserController.UpdateUserAsync (API)'
2026-06-29 22:20:27.799 +00:00 [INF] Request finished HTTP/1.1 PUT http://192.168.1.4:8080/api/user - 400 null text/plain; charset=utf-8 29.0352ms
2026-06-29 22:23:50.002 +00:00 [INF] Request starting HTTP/1.1 OPTIONS http://192.168.1.4:8080/api/auth/refresh - null null
2026-06-29 22:23:50.003 +00:00 [INF] CORS policy execution successful.
2026-06-29 22:23:50.003 +00:00 [INF] Request finished HTTP/1.1 OPTIONS http://192.168.1.4:8080/api/auth/refresh - 204 null null 1.354ms
2026-06-29 22:23:50.005 +00:00 [INF] Request starting HTTP/1.1 POST http://192.168.1.4:8080/api/auth/refresh - application/json 18
2026-06-29 22:23:50.006 +00:00 [INF] CORS policy execution successful.
2026-06-29 22:23:50.006 +00:00 [INF] ====== OnMessageReceived START ======
2026-06-29 22:23:50.007 +00:00 [INF] Available cookies: 1
2026-06-29 22:23:50.007 +00:00 [INF] Cookie: adminRefreshToken = 44 chars
2026-06-29 22:23:50.007 +00:00 [WRN] NO TOKEN FOUND IN COOKIES!
2026-06-29 22:23:50.008 +00:00 [INF] ====== OnMessageReceived END - Token set: false ======
2026-06-29 22:23:50.010 +00:00 [INF] Authorization failed. These requirements were not met:
DenyAnonymousAuthorizationRequirement: Requires an authenticated user.
2026-06-29 22:23:50.012 +00:00 [INF] AuthenticationScheme: Bearer was challenged.
2026-06-29 22:23:50.013 +00:00 [INF] Request finished HTTP/1.1 POST http://192.168.1.4:8080/api/auth/refresh - 401 0 null 7.2977ms
2026-06-29 22:23:54.328 +00:00 [INF] Request starting HTTP/1.1 OPTIONS http://192.168.1.4:8080/api/auth - null null
2026-06-29 22:23:54.329 +00:00 [INF] CORS policy execution successful.
2026-06-29 22:23:54.329 +00:00 [INF] Request finished HTTP/1.1 OPTIONS http://192.168.1.4:8080/api/auth - 204 null null 0.6552ms
2026-06-29 22:23:54.330 +00:00 [INF] Request starting HTTP/1.1 POST http://192.168.1.4:8080/api/auth - application/json 74
2026-06-29 22:23:54.330 +00:00 [INF] CORS policy execution successful.
2026-06-29 22:23:54.330 +00:00 [INF] ====== OnMessageReceived START ======
2026-06-29 22:23:54.331 +00:00 [INF] Available cookies: 1
2026-06-29 22:23:54.331 +00:00 [INF] Cookie: adminRefreshToken = 44 chars
2026-06-29 22:23:54.331 +00:00 [WRN] NO TOKEN FOUND IN COOKIES!
2026-06-29 22:23:54.331 +00:00 [INF] ====== OnMessageReceived END - Token set: false ======
2026-06-29 22:23:54.331 +00:00 [INF] Executing endpoint 'API.Controllers.AuthController.Authenticate (API)'
2026-06-29 22:23:54.334 +00:00 [INF] Route matched with {action = "Authenticate", controller = "Auth"}. Executing controller action with signature System.Threading.Tasks.Task`1[Microsoft.AspNetCore.Mvc.IActionResult] Authenticate(API.Models.RequestModels.LoginRequest) on controller API.Controllers.AuthController (API).
2026-06-29 22:23:54.338 +00:00 [INF] Authentication attempt for email: lengyelnorbi5@gmail.com
2026-06-29 22:23:54.338 +00:00 [INF] Fetching user by email from database...
2026-06-29 22:23:54.345 +00:00 [INF] Executed DbCommand (2ms) [Parameters=[@__email_0='?'], CommandType='"Text"', CommandTimeout='30']
SELECT u."ID", u."Email", u."PasswordHash", u."RegisteredAt", u."Role", u."Username"
FROM "Users" AS u
WHERE u."Email" = @__email_0
LIMIT 1
2026-06-29 22:23:54.356 +00:00 [INF] Mozilla/5.0 (Windows NT 10.0; Win64; x64) AppleWebKit/537.36 (KHTML, like Gecko) Chrome/149.0.0.0 Safari/537.36
2026-06-29 22:23:54.359 +00:00 [INF] Fetching user by email from database...
2026-06-29 22:23:54.361 +00:00 [INF] Executed DbCommand (2ms) [Parameters=[@__email_0='?'], CommandType='"Text"', CommandTimeout='30']
SELECT u."ID", u."Email", u."PasswordHash", u."RegisteredAt", u."Role", u."Username"
FROM "Users" AS u
WHERE u."Email" = @__email_0
LIMIT 1
2026-06-29 22:23:54.787 +00:00 [INF] Executed DbCommand (5ms) [Parameters=[@p0='?' (DbType = DateTime), @p1='?', @p2='?' (DbType = DateTime), @p3='?', @p4='?' (DbType = Int32), @p5='?'], CommandType='"Text"', CommandTimeout='30']
INSERT INTO "AccessTokens" ("CreatedAt", "DeviceFingerprint", "ExpiresAt", "IpAddress", "UserID", jti)
VALUES (@p0, @p1, @p2, @p3, @p4, @p5)
RETURNING "ID", "IsRevoked";
2026-06-29 22:23:54.816 +00:00 [INF] Executed DbCommand (3ms) [Parameters=[@p0='?' (DbType = DateTime), @p1='?', @p2='?' (DbType = DateTime), @p3='?', @p4='?', @p5='?' (DbType = Int32)], CommandType='"Text"', CommandTimeout='30']
INSERT INTO "RefreshTokens" ("CreatedAt", "DeviceFingerprint", "ExpiresAt", "IpAddress", "TokenHash", "UserID")
VALUES (@p0, @p1, @p2, @p3, @p4, @p5)
RETURNING "ID", "IsRevoked";
2026-06-29 22:23:54.818 +00:00 [INF] Admin user lengyelnorbi5@gmail.com authenticated successfully from admin panel at "2026-06-29T22:23:54.8184128Z"
2026-06-29 22:23:54.820 +00:00 [INF] --------------------------------------------------------------------
2026-06-29 22:23:54.820 +00:00 [INF] eyJhbGciOiJIUzI1NiIsInR5cCI6IkpXVCJ9.eyJodHRwOi8vc2NoZW1hcy54bWxzb2FwLm9yZy93cy8yMDA1LzA1L2lkZW50aXR5L2NsYWltcy9uYW1laWRlbnRpZmllciI6IjEiLCJodHRwOi8vc2NoZW1hcy54bWxzb2FwLm9yZy93cy8yMDA1LzA1L2lkZW50aXR5L2NsYWltcy9lbWFpbGFkZHJlc3MiOiJsZW5neWVsbm9yYmk1QGdtYWlsLmNvbSIsImh0dHA6Ly9zY2hlbWFzLnhtbHNvYXAub3JnL3dzLzIwMDUvMDUvaWRlbnRpdHkvY2xhaW1zL25hbWUiOiJsZW5neWVsbm9yYmkiLCJqdGkiOiJkYjMzZDBlOS1hYjg1LTRiODMtOWYyYS04ZTdlYjcwNzU5MjEiLCJpYXQiOjE3ODI3NzE4MzQsImV4cCI6MTc4Mjc3MjEzNCwiaHR0cDovL3NjaGVtYXMubWljcm9zb2Z0LmNvbS93cy8yMDA4LzA2L2lkZW50aXR5L2NsYWltcy9yb2xlIjoiQWRtaW4iLCJTb3VyY2UiOiJhZG1pbiIsIkRldmljZUlkIjoiK2RubC9IcWVVV1pvYTkwUlR4S1hBMzdzeXNPajB1ZUplZVgzSjc5THVKVT0iLCJJUEFkZHJlc3MiOiI6OmZmZmY6MTcyLjIwLjAuMSIsIlRva2VuVmVyc2lvbiI6IjEiLCJpc3MiOiJNdXNpY1BsYXllckFQSSIsImF1ZCI6Ik11c2ljUGxheWVyQ2xpZW50In0.lYpjQJ-eDRaMH78BaeEE_fxrYjsfHrCKqyEVTXY18AY
2026-06-29 22:23:54.820 +00:00 [INF] M4JQjqxI0vNieaxiW+8U4tKxAdb2DRVDj/Qr2PMgZb0=
2026-06-29 22:23:54.820 +00:00 [INF] Source: admin
2026-06-29 22:23:54.821 +00:00 [INF] Access Token expires at: "2026-06-29T22:28:54.7284847Z"
2026-06-29 22:23:54.821 +00:00 [INF] Refresh Token expires at: "2026-06-30T06:23:54.8025511Z"
2026-06-29 22:23:54.821 +00:00 [INF] tokenCookieName: adminToken
2026-06-29 22:23:54.821 +00:00 [INF] refreshTokenCookieName: adminRefreshToken
2026-06-29 22:23:54.821 +00:00 [INF] Refresh token hash stored in cookie: M4JQjqxI0vNieaxiW+8U4tKxAdb2DRVDj/Qr2PMgZb0=
2026-06-29 22:23:54.821 +00:00 [INF] --------------------------------------------------------------------
2026-06-29 22:23:54.822 +00:00 [INF] Executing OkObjectResult, writing value of type '<>f__AnonymousType1`4[[System.Boolean, System.Private.CoreLib, Version=9.0.0.0, Culture=neutral, PublicKeyToken=7cec85d7bea7798e],[System.Int32, System.Private.CoreLib, Version=9.0.0.0, Culture=neutral, PublicKeyToken=7cec85d7bea7798e],[System.Int32, System.Private.CoreLib, Version=9.0.0.0, Culture=neutral, PublicKeyToken=7cec85d7bea7798e],[<>f__AnonymousType2`3[[System.Int32, System.Private.CoreLib, Version=9.0.0.0, Culture=neutral, PublicKeyToken=7cec85d7bea7798e],[System.String, System.Private.CoreLib, Version=9.0.0.0, Culture=neutral, PublicKeyToken=7cec85d7bea7798e],[System.String, System.Private.CoreLib, Version=9.0.0.0, Culture=neutral, PublicKeyToken=7cec85d7bea7798e]], API, Version=1.0.0.0, Culture=neutral, PublicKeyToken=null]]'.
2026-06-29 22:23:54.825 +00:00 [INF] Executed action API.Controllers.AuthController.Authenticate (API) in 490.953ms
2026-06-29 22:23:54.826 +00:00 [INF] Executed endpoint 'API.Controllers.AuthController.Authenticate (API)'
2026-06-29 22:23:54.826 +00:00 [INF] Request finished HTTP/1.1 POST http://192.168.1.4:8080/api/auth - 200 null application/json; charset=utf-8 495.7503ms
2026-06-29 22:23:55.868 +00:00 [INF] Request starting HTTP/1.1 GET http://192.168.1.4:8080/api/user?page=1&limit=10 - null null
2026-06-29 22:23:55.869 +00:00 [INF] CORS policy execution successful.
2026-06-29 22:23:55.869 +00:00 [INF] ====== OnMessageReceived START ======
2026-06-29 22:23:55.869 +00:00 [INF] Available cookies: 2
2026-06-29 22:23:55.869 +00:00 [INF] Cookie: adminToken = 844 chars
2026-06-29 22:23:55.869 +00:00 [INF] Cookie: adminRefreshToken = 44 chars
2026-06-29 22:23:55.870 +00:00 [INF] Admin token found in cookies, length: 844
2026-06-29 22:23:55.870 +00:00 [INF] Admin token set in context
2026-06-29 22:23:55.871 +00:00 [INF] ====== OnMessageReceived END - Token set: true ======
2026-06-29 22:23:55.871 +00:00 [INF] Token validated successfully for user: lengyelnorbi
2026-06-29 22:23:55.871 +00:00 [INF] Request starting HTTP/1.1 GET http://192.168.1.4:8080/api/user?page=1&limit=10 - null null
2026-06-29 22:23:55.871 +00:00 [INF] Device fingerprint headers - UA: Mozilla/5.0 (Windows NT 10.0; Win64; x64) AppleWebKit/537.36 (KHTML, like Gecko) Chrome/149.0.0.0 Safari/537.36, Accept: application/json, text/plain, */*, Encoding: gzip, deflate
2026-06-29 22:23:55.872 +00:00 [INF] CORS policy execution successful.
2026-06-29 22:23:55.872 +00:00 [INF] Device fingerprint validation: Stored=+dnl/HqeUWZoa90RTxKXA37sysOj0ueJeeX3J79LuJU=, Current=+dnl/HqeUWZoa90RTxKXA37sysOj0ueJeeX3J79LuJU=
2026-06-29 22:23:55.872 +00:00 [INF] ====== OnMessageReceived START ======
2026-06-29 22:23:55.872 +00:00 [INF] Available cookies: 2
2026-06-29 22:23:55.873 +00:00 [INF] Cookie: adminToken = 844 chars
2026-06-29 22:23:55.873 +00:00 [INF] Cookie: adminRefreshToken = 44 chars
2026-06-29 22:23:55.873 +00:00 [INF] Admin token found in cookies, length: 844
2026-06-29 22:23:55.873 +00:00 [INF] Admin token set in context
2026-06-29 22:23:55.873 +00:00 [INF] ====== OnMessageReceived END - Token set: true ======
2026-06-29 22:23:55.874 +00:00 [INF] Token validated successfully for user: lengyelnorbi
2026-06-29 22:23:55.874 +00:00 [INF] Device fingerprint headers - UA: Mozilla/5.0 (Windows NT 10.0; Win64; x64) AppleWebKit/537.36 (KHTML, like Gecko) Chrome/149.0.0.0 Safari/537.36, Accept: application/json, text/plain, */*, Encoding: gzip, deflate
2026-06-29 22:23:55.874 +00:00 [INF] Device fingerprint validation: Stored=+dnl/HqeUWZoa90RTxKXA37sysOj0ueJeeX3J79LuJU=, Current=+dnl/HqeUWZoa90RTxKXA37sysOj0ueJeeX3J79LuJU=
2026-06-29 22:23:55.875 +00:00 [INF] Executed DbCommand (2ms) [Parameters=[@__jti_0='?', @__userId_1='?' (DbType = Int32)], CommandType='"Text"', CommandTimeout='30']
SELECT a."ID", a."CreatedAt", a."DeviceFingerprint", a."ExpiresAt", a."IpAddress", a."IsRevoked", a."UserID", a.jti
FROM "AccessTokens" AS a
WHERE a.jti = @__jti_0 AND a."UserID" = @__userId_1 AND NOT (a."IsRevoked") AND a."ExpiresAt" > now()
LIMIT 1
2026-06-29 22:23:55.875 +00:00 [INF] Executing endpoint 'API.Controllers.UserController.Get (API)'
2026-06-29 22:23:55.876 +00:00 [INF] Route matched with {action = "Get", controller = "User"}. Executing controller action with signature System.Threading.Tasks.Task`1[API.Utils.PagedResult`1[API.DTO.UserDTO]] Get(Int32, Int32) on controller API.Controllers.UserController (API).
2026-06-29 22:23:55.877 +00:00 [INF] Executed DbCommand (2ms) [Parameters=[@__jti_0='?', @__userId_1='?' (DbType = Int32)], CommandType='"Text"', CommandTimeout='30']
SELECT a."ID", a."CreatedAt", a."DeviceFingerprint", a."ExpiresAt", a."IpAddress", a."IsRevoked", a."UserID", a.jti
FROM "AccessTokens" AS a
WHERE a.jti = @__jti_0 AND a."UserID" = @__userId_1 AND NOT (a."IsRevoked") AND a."ExpiresAt" > now()
LIMIT 1
2026-06-29 22:23:55.877 +00:00 [INF] Executing endpoint 'API.Controllers.UserController.Get (API)'
2026-06-29 22:23:55.878 +00:00 [INF] Executed DbCommand (1ms) [Parameters=[], CommandType='"Text"', CommandTimeout='30']
SELECT count(*)::int
FROM "Users" AS u
WHERE u."Role" <> 'Admin'
2026-06-29 22:23:55.878 +00:00 [INF] Route matched with {action = "Get", controller = "User"}. Executing controller action with signature System.Threading.Tasks.Task`1[API.Utils.PagedResult`1[API.DTO.UserDTO]] Get(Int32, Int32) on controller API.Controllers.UserController (API).
2026-06-29 22:23:55.879 +00:00 [INF] Executed DbCommand (1ms) [Parameters=[], CommandType='"Text"', CommandTimeout='30']
SELECT count(*)::int
FROM "Users" AS u
WHERE u."Role" <> 'Admin'
2026-06-29 22:23:55.879 +00:00 [INF] Executed DbCommand (1ms) [Parameters=[@__p_1='?' (DbType = Int32), @__p_0='?' (DbType = Int32)], CommandType='"Text"', CommandTimeout='30']
SELECT u."ID", u."Username", u."Email", u."RegisteredAt", u."Role"
FROM "Users" AS u
WHERE u."Role" <> 'Admin'
ORDER BY u."ID"
LIMIT @__p_1 OFFSET @__p_0
2026-06-29 22:23:55.880 +00:00 [INF] Executing ObjectResult, writing value of type 'API.Utils.PagedResult`1[[API.DTO.UserDTO, API, Version=1.0.0.0, Culture=neutral, PublicKeyToken=null]]'.
2026-06-29 22:23:55.880 +00:00 [INF] Executed action API.Controllers.UserController.Get (API) in 4.2729ms
2026-06-29 22:23:55.880 +00:00 [INF] Executed endpoint 'API.Controllers.UserController.Get (API)'
2026-06-29 22:23:55.880 +00:00 [INF] Request finished HTTP/1.1 GET http://192.168.1.4:8080/api/user?page=1&limit=10 - 200 null application/json; charset=utf-8 12.2257ms
2026-06-29 22:23:55.881 +00:00 [INF] Executed DbCommand (1ms) [Parameters=[@__p_1='?' (DbType = Int32), @__p_0='?' (DbType = Int32)], CommandType='"Text"', CommandTimeout='30']
SELECT u."ID", u."Username", u."Email", u."RegisteredAt", u."Role"
FROM "Users" AS u
WHERE u."Role" <> 'Admin'
ORDER BY u."ID"
LIMIT @__p_1 OFFSET @__p_0
2026-06-29 22:23:55.881 +00:00 [INF] Executing ObjectResult, writing value of type 'API.Utils.PagedResult`1[[API.DTO.UserDTO, API, Version=1.0.0.0, Culture=neutral, PublicKeyToken=null]]'.
2026-06-29 22:23:55.881 +00:00 [INF] Executed action API.Controllers.UserController.Get (API) in 3.2275ms
2026-06-29 22:23:55.881 +00:00 [INF] Executed endpoint 'API.Controllers.UserController.Get (API)'
2026-06-29 22:23:55.882 +00:00 [INF] Request finished HTTP/1.1 GET http://192.168.1.4:8080/api/user?page=1&limit=10 - 200 null application/json; charset=utf-8 10.1809ms
2026-06-29 22:24:03.873 +00:00 [INF] Request starting HTTP/1.1 OPTIONS http://192.168.1.4:8080/api/password/generate-password - null null
2026-06-29 22:24:03.873 +00:00 [INF] CORS policy execution successful.
2026-06-29 22:24:03.873 +00:00 [INF] Request finished HTTP/1.1 OPTIONS http://192.168.1.4:8080/api/password/generate-password - 204 null null 0.6599ms
2026-06-29 22:24:03.875 +00:00 [INF] Request starting HTTP/1.1 POST http://192.168.1.4:8080/api/password/generate-password - application/json 0
2026-06-29 22:24:03.875 +00:00 [INF] CORS policy execution successful.
2026-06-29 22:24:03.875 +00:00 [INF] ====== OnMessageReceived START ======
2026-06-29 22:24:03.875 +00:00 [INF] Available cookies: 2
2026-06-29 22:24:03.876 +00:00 [INF] Cookie: adminToken = 844 chars
2026-06-29 22:24:03.876 +00:00 [INF] Cookie: adminRefreshToken = 44 chars
2026-06-29 22:24:03.876 +00:00 [INF] Admin token found in cookies, length: 844
2026-06-29 22:24:03.876 +00:00 [INF] Admin token set in context
2026-06-29 22:24:03.876 +00:00 [INF] ====== OnMessageReceived END - Token set: true ======
2026-06-29 22:24:03.877 +00:00 [INF] Token validated successfully for user: lengyelnorbi
2026-06-29 22:24:03.877 +00:00 [INF] Device fingerprint headers - UA: Mozilla/5.0 (Windows NT 10.0; Win64; x64) AppleWebKit/537.36 (KHTML, like Gecko) Chrome/149.0.0.0 Safari/537.36, Accept: */*, Encoding: gzip, deflate
2026-06-29 22:24:03.877 +00:00 [INF] Device fingerprint validation: Stored=+dnl/HqeUWZoa90RTxKXA37sysOj0ueJeeX3J79LuJU=, Current=+dnl/HqeUWZoa90RTxKXA37sysOj0ueJeeX3J79LuJU=
2026-06-29 22:24:03.880 +00:00 [INF] Executed DbCommand (2ms) [Parameters=[@__jti_0='?', @__userId_1='?' (DbType = Int32)], CommandType='"Text"', CommandTimeout='30']
SELECT a."ID", a."CreatedAt", a."DeviceFingerprint", a."ExpiresAt", a."IpAddress", a."IsRevoked", a."UserID", a.jti
FROM "AccessTokens" AS a
WHERE a.jti = @__jti_0 AND a."UserID" = @__userId_1 AND NOT (a."IsRevoked") AND a."ExpiresAt" > now()
LIMIT 1
2026-06-29 22:24:03.881 +00:00 [INF] Executing endpoint 'API.Controllers.PasswordController.GeneratePassword (API)'
2026-06-29 22:24:03.881 +00:00 [INF] Route matched with {action = "GeneratePassword", controller = "Password"}. Executing controller action with signature System.Threading.Tasks.Task`1[Microsoft.AspNetCore.Mvc.IActionResult] GeneratePassword() on controller API.Controllers.PasswordController (API).
2026-06-29 22:24:03.882 +00:00 [INF] Executing OkObjectResult, writing value of type '<>f__AnonymousType4`1[[System.String, System.Private.CoreLib, Version=9.0.0.0, Culture=neutral, PublicKeyToken=7cec85d7bea7798e]]'.
2026-06-29 22:24:03.882 +00:00 [INF] Executed action API.Controllers.PasswordController.GeneratePassword (API) in 0.5506ms
2026-06-29 22:24:03.882 +00:00 [INF] Executed endpoint 'API.Controllers.PasswordController.GeneratePassword (API)'
2026-06-29 22:24:03.883 +00:00 [INF] Request finished HTTP/1.1 POST http://192.168.1.4:8080/api/password/generate-password - 200 null application/json; charset=utf-8 7.7929ms
2026-06-29 22:24:05.235 +00:00 [INF] Request starting HTTP/1.1 OPTIONS http://192.168.1.4:8080/api/user - null null
2026-06-29 22:24:05.235 +00:00 [INF] CORS policy execution successful.
2026-06-29 22:24:05.235 +00:00 [INF] Request finished HTTP/1.1 OPTIONS http://192.168.1.4:8080/api/user - 204 null null 0.6353ms
2026-06-29 22:24:05.237 +00:00 [INF] Request starting HTTP/1.1 POST http://192.168.1.4:8080/api/user - application/json 130
2026-06-29 22:24:05.237 +00:00 [INF] CORS policy execution successful.
2026-06-29 22:24:05.237 +00:00 [INF] ====== OnMessageReceived START ======
2026-06-29 22:24:05.237 +00:00 [INF] Available cookies: 2
2026-06-29 22:24:05.238 +00:00 [INF] Cookie: adminToken = 844 chars
2026-06-29 22:24:05.238 +00:00 [INF] Cookie: adminRefreshToken = 44 chars
2026-06-29 22:24:05.238 +00:00 [INF] Admin token found in cookies, length: 844
2026-06-29 22:24:05.238 +00:00 [INF] Admin token set in context
2026-06-29 22:24:05.238 +00:00 [INF] ====== OnMessageReceived END - Token set: true ======
2026-06-29 22:24:05.239 +00:00 [INF] Token validated successfully for user: lengyelnorbi
2026-06-29 22:24:05.239 +00:00 [INF] Device fingerprint headers - UA: Mozilla/5.0 (Windows NT 10.0; Win64; x64) AppleWebKit/537.36 (KHTML, like Gecko) Chrome/149.0.0.0 Safari/537.36, Accept: */*, Encoding: gzip, deflate
2026-06-29 22:24:05.239 +00:00 [INF] Device fingerprint validation: Stored=+dnl/HqeUWZoa90RTxKXA37sysOj0ueJeeX3J79LuJU=, Current=+dnl/HqeUWZoa90RTxKXA37sysOj0ueJeeX3J79LuJU=
2026-06-29 22:24:05.242 +00:00 [INF] Executed DbCommand (2ms) [Parameters=[@__jti_0='?', @__userId_1='?' (DbType = Int32)], CommandType='"Text"', CommandTimeout='30']
SELECT a."ID", a."CreatedAt", a."DeviceFingerprint", a."ExpiresAt", a."IpAddress", a."IsRevoked", a."UserID", a.jti
FROM "AccessTokens" AS a
WHERE a.jti = @__jti_0 AND a."UserID" = @__userId_1 AND NOT (a."IsRevoked") AND a."ExpiresAt" > now()
LIMIT 1
2026-06-29 22:24:05.243 +00:00 [INF] Executing endpoint 'API.Controllers.UserController.CreateUserAsync (API)'
2026-06-29 22:24:05.246 +00:00 [INF] Route matched with {action = "CreateUser", controller = "User"}. Executing controller action with signature System.Threading.Tasks.Task`1[Microsoft.AspNetCore.Mvc.IActionResult] CreateUserAsync(API.Models.RequestModels.CreateUserRequest) on controller API.Controllers.UserController (API).
2026-06-29 22:24:05.443 +00:00 [INF] UserDTO [ID=0, Username=lengyelnorbi533335_1782771841503, Email=lengyelnorbi533335@gmail.com, PasswordHash=$2a$12$RrRp5v1d1MvCA1mtNtFlI.cfbvYSK8WA05mGeFb86mUZe0nIU0ib6, RegisteredAt=06/29/2026, Role=User, Jti=]
2026-06-29 22:24:05.444 +00:00 [INF] UserDTO [ID=0, Username=lengyelnorbi533335_1782771841503, Email=lengyelnorbi533335@gmail.com, PasswordHash=$2a$12$RrRp5v1d1MvCA1mtNtFlI.cfbvYSK8WA05mGeFb86mUZe0nIU0ib6, RegisteredAt=06/29/2026, Role=User, Jti=]
2026-06-29 22:24:05.447 +00:00 [INF] UserDTO [ID=0, Username=lengyelnorbi533335_1782771841503, Email=lengyelnorbi533335@gmail.com, PasswordHash=$2a$12$RrRp5v1d1MvCA1mtNtFlI.cfbvYSK8WA05mGeFb86mUZe0nIU0ib6, RegisteredAt=06/29/2026, Role=User, Jti=]
2026-06-29 22:24:05.453 +00:00 [INF] Executed DbCommand (5ms) [Parameters=[@p0='?', @p1='?', @p2='?' (DbType = Date), @p3='?', @p4='?'], CommandType='"Text"', CommandTimeout='30']
INSERT INTO "Users" ("Email", "PasswordHash", "RegisteredAt", "Role", "Username")
VALUES (@p0, @p1, @p2, @p3, @p4)
RETURNING "ID";
2026-06-29 22:24:05.455 +00:00 [INF] User created successfully
2026-06-29 22:24:05.456 +00:00 [INF] UserDTO [ID=4, Username=lengyelnorbi533335_1782771841503, Email=lengyelnorbi533335@gmail.com, PasswordHash=$2a$12$RrRp5v1d1MvCA1mtNtFlI.cfbvYSK8WA05mGeFb86mUZe0nIU0ib6, RegisteredAt=06/29/2026, Role=User, Jti=]
2026-06-29 22:24:05.456 +00:00 [INF] Executing ObjectResult, writing value of type 'System.String'.
2026-06-29 22:24:05.456 +00:00 [INF] Executed action API.Controllers.UserController.CreateUserAsync (API) in 210.217ms
2026-06-29 22:24:05.456 +00:00 [INF] Executed endpoint 'API.Controllers.UserController.CreateUserAsync (API)'
2026-06-29 22:24:05.456 +00:00 [INF] Request finished HTTP/1.1 POST http://192.168.1.4:8080/api/user - 201 null text/plain; charset=utf-8 219.6843ms
2026-06-29 22:28:25.346 +00:00 [INF] Request starting HTTP/1.1 OPTIONS http://192.168.1.4:8080/api/auth/refresh - null null
2026-06-29 22:28:25.347 +00:00 [INF] CORS policy execution successful.
2026-06-29 22:28:25.349 +00:00 [INF] Request finished HTTP/1.1 OPTIONS http://192.168.1.4:8080/api/auth/refresh - 204 null null 2.8179ms
2026-06-29 22:28:25.352 +00:00 [INF] Request starting HTTP/1.1 POST http://192.168.1.4:8080/api/auth/refresh - application/json 18
2026-06-29 22:28:25.353 +00:00 [INF] CORS policy execution successful.
2026-06-29 22:28:25.354 +00:00 [INF] ====== OnMessageReceived START ======
2026-06-29 22:28:25.354 +00:00 [INF] Available cookies: 2
2026-06-29 22:28:25.354 +00:00 [INF] Cookie: adminToken = 844 chars
2026-06-29 22:28:25.354 +00:00 [INF] Cookie: adminRefreshToken = 44 chars
2026-06-29 22:28:25.354 +00:00 [INF] Admin token found in cookies, length: 844
2026-06-29 22:28:25.354 +00:00 [INF] Admin token set in context
2026-06-29 22:28:25.355 +00:00 [INF] ====== OnMessageReceived END - Token set: true ======
2026-06-29 22:28:25.355 +00:00 [INF] Token validated successfully for user: lengyelnorbi
2026-06-29 22:28:25.355 +00:00 [INF] Device fingerprint headers - UA: Mozilla/5.0 (Windows NT 10.0; Win64; x64) AppleWebKit/537.36 (KHTML, like Gecko) Chrome/149.0.0.0 Safari/537.36, Accept: */*, Encoding: gzip, deflate
2026-06-29 22:28:25.355 +00:00 [INF] Device fingerprint validation: Stored=+dnl/HqeUWZoa90RTxKXA37sysOj0ueJeeX3J79LuJU=, Current=+dnl/HqeUWZoa90RTxKXA37sysOj0ueJeeX3J79LuJU=
2026-06-29 22:28:25.367 +00:00 [INF] Executed DbCommand (2ms) [Parameters=[@__jti_0='?', @__userId_1='?' (DbType = Int32)], CommandType='"Text"', CommandTimeout='30']
SELECT a."ID", a."CreatedAt", a."DeviceFingerprint", a."ExpiresAt", a."IpAddress", a."IsRevoked", a."UserID", a.jti
FROM "AccessTokens" AS a
WHERE a.jti = @__jti_0 AND a."UserID" = @__userId_1 AND NOT (a."IsRevoked") AND a."ExpiresAt" > now()
LIMIT 1
2026-06-29 22:28:25.368 +00:00 [INF] Executing endpoint 'API.Controllers.AuthController.RefreshToken (API)'
2026-06-29 22:28:25.371 +00:00 [INF] Route matched with {action = "RefreshToken", controller = "Auth"}. Executing controller action with signature System.Threading.Tasks.Task`1[Microsoft.AspNetCore.Mvc.IActionResult] RefreshToken(API.Models.RequestModels.RefreshRequest) on controller API.Controllers.AuthController (API).
2026-06-29 22:28:25.374 +00:00 [INF] Token refresh attempt at "2026-06-29T22:28:25.3740657Z"
2026-06-29 22:28:25.374 +00:00 [INF] Refreshing admin token at "2026-06-29T22:28:25.3743634Z"
2026-06-29 22:28:25.382 +00:00 [INF] Executed DbCommand (2ms) [Parameters=[@__tokenHash_0='?'], CommandType='"Text"', CommandTimeout='30']
SELECT r."ID", r."CreatedAt", r."DeviceFingerprint", r."ExpiresAt", r."IpAddress", r."IsRevoked", r."TokenHash", r."UserID"
FROM "RefreshTokens" AS r
WHERE r."TokenHash" = @__tokenHash_0 AND NOT (r."IsRevoked") AND r."ExpiresAt" > now()
ORDER BY r."CreatedAt" DESC
LIMIT 1
2026-06-29 22:28:25.383 +00:00 [INF] Mozilla/5.0 (Windows NT 10.0; Win64; x64) AppleWebKit/537.36 (KHTML, like Gecko) Chrome/149.0.0.0 Safari/537.36
2026-06-29 22:28:25.384 +00:00 [INF] Fetching user by ID from database...
2026-06-29 22:28:25.389 +00:00 [INF] Executed DbCommand (2ms) [Parameters=[@__id_0='?' (DbType = Int32)], CommandType='"Text"', CommandTimeout='30']
SELECT u."ID", u."Email", u."PasswordHash", u."RegisteredAt", u."Role", u."Username"
FROM "Users" AS u
WHERE u."ID" = @__id_0
LIMIT 1
2026-06-29 22:28:25.394 +00:00 [INF] Executed DbCommand (3ms) [Parameters=[@p0='?' (DbType = DateTime), @p1='?', @p2='?' (DbType = DateTime), @p3='?', @p4='?' (DbType = Int32), @p5='?'], CommandType='"Text"', CommandTimeout='30']
INSERT INTO "AccessTokens" ("CreatedAt", "DeviceFingerprint", "ExpiresAt", "IpAddress", "UserID", jti)
VALUES (@p0, @p1, @p2, @p3, @p4, @p5)
RETURNING "ID", "IsRevoked";
2026-06-29 22:28:25.400 +00:00 [INF] Executed DbCommand (1ms) [Parameters=[@__jti_0='?', @__userID_1='?' (DbType = Int32), @__deviceFingerprint_2='?', @__ipAddress_3='?'], CommandType='"Text"', CommandTimeout='30']
SELECT a."ID", a."CreatedAt", a."DeviceFingerprint", a."ExpiresAt", a."IpAddress", a."IsRevoked", a."UserID", a.jti
FROM "AccessTokens" AS a
WHERE a.jti = @__jti_0 AND a."UserID" = @__userID_1 AND a."DeviceFingerprint" = @__deviceFingerprint_2 AND a."IpAddress" = @__ipAddress_3
LIMIT 1
2026-06-29 22:28:25.401 +00:00 [INF] Attempting to revoke access token with jti db33d0e9-ab85-4b83-9f2a-8e7eb7075921 for user 1 from device +dnl/HqeUWZoa90RTxKXA37sysOj0ueJeeX3J79LuJU= and IP ::ffff:172.20.0.1
2026-06-29 22:28:25.401 +00:00 [INF] Access token found: API.Models.AccessToken
2026-06-29 22:28:25.406 +00:00 [INF] Executed DbCommand (2ms) [Parameters=[@p1='?' (DbType = Int32), @p0='?' (DbType = Boolean)], CommandType='"Text"', CommandTimeout='30']
UPDATE "AccessTokens" SET "IsRevoked" = @p0
WHERE "ID" = @p1;
2026-06-29 22:28:25.407 +00:00 [INF] Access token AccessToken for user 1 revoked: true
2026-06-29 22:28:25.410 +00:00 [INF] Executed DbCommand (2ms) [Parameters=[@p0='?' (DbType = DateTime), @p1='?', @p2='?' (DbType = DateTime), @p3='?', @p4='?', @p5='?' (DbType = Int32)], CommandType='"Text"', CommandTimeout='30']
INSERT INTO "RefreshTokens" ("CreatedAt", "DeviceFingerprint", "ExpiresAt", "IpAddress", "TokenHash", "UserID")
VALUES (@p0, @p1, @p2, @p3, @p4, @p5)
RETURNING "ID", "IsRevoked";
2026-06-29 22:28:25.415 +00:00 [INF] Executed DbCommand (1ms) [Parameters=[@__tokenHash_0='?', @__userId_1='?' (DbType = Int32), @__deviceFingerprint_2='?', @__ipAddress_3='?'], CommandType='"Text"', CommandTimeout='30']
SELECT r."ID", r."CreatedAt", r."DeviceFingerprint", r."ExpiresAt", r."IpAddress", r."IsRevoked", r."TokenHash", r."UserID"
FROM "RefreshTokens" AS r
WHERE r."TokenHash" = @__tokenHash_0 AND r."UserID" = @__userId_1 AND r."DeviceFingerprint" = @__deviceFingerprint_2 AND r."IpAddress" = @__ipAddress_3
LIMIT 1
2026-06-29 22:28:25.418 +00:00 [INF] Executed DbCommand (2ms) [Parameters=[@p1='?' (DbType = Int32), @p0='?' (DbType = Boolean)], CommandType='"Text"', CommandTimeout='30']
UPDATE "RefreshTokens" SET "IsRevoked" = @p0
WHERE "ID" = @p1;
2026-06-29 22:28:25.418 +00:00 [INF] Refresh token M4JQjqxI0vNieaxiW+8U4tKxAdb2DRVDj/Qr2PMgZb0= for user 1 revoked: true
2026-06-29 22:28:25.418 +00:00 [INF] Token refreshed successfully for user 1 at "2026-06-29T22:28:25.4188897Z"
2026-06-29 22:28:25.419 +00:00 [INF] Executing OkObjectResult, writing value of type '<>f__AnonymousType3`2[[System.Boolean, System.Private.CoreLib, Version=9.0.0.0, Culture=neutral, PublicKeyToken=7cec85d7bea7798e],[System.Int32, System.Private.CoreLib, Version=9.0.0.0, Culture=neutral, PublicKeyToken=7cec85d7bea7798e]]'.
2026-06-29 22:28:25.420 +00:00 [INF] Executed action API.Controllers.AuthController.RefreshToken (API) in 49.1381ms
2026-06-29 22:28:25.420 +00:00 [INF] Executed endpoint 'API.Controllers.AuthController.RefreshToken (API)'
2026-06-29 22:28:25.421 +00:00 [INF] Request finished HTTP/1.1 POST http://192.168.1.4:8080/api/auth/refresh - 200 null application/json; charset=utf-8 68.8961ms
2026-06-29 22:29:07.898 +00:00 [INF] Application is shutting down...
2026-06-29 22:29:08.775 +00:00 [WRN] Storing keys in a directory '/home/app/.aspnet/DataProtection-Keys' that may not be persisted outside of the container. Protected data will be unavailable when container is destroyed. For more information go to https://aka.ms/aspnet/dataprotectionwarning
2026-06-29 22:29:08.799 +00:00 [INF] User profile is available. Using '/home/app/.aspnet/DataProtection-Keys' as key repository; keys will not be encrypted at rest.
2026-06-29 22:29:08.808 +00:00 [INF] Creating key {60f0220e-6c92-4ff6-8f76-ffd617da3a04} with creation date 2026-06-29 22:29:08Z, activation date 2026-06-29 22:29:08Z, and expiration date 2026-09-27 22:29:08Z.
2026-06-29 22:29:08.842 +00:00 [WRN] No XML encryptor configured. Key {60f0220e-6c92-4ff6-8f76-ffd617da3a04} may be persisted to storage in unencrypted form.
2026-06-29 22:29:08.844 +00:00 [INF] Writing data to file '/home/app/.aspnet/DataProtection-Keys/key-60f0220e-6c92-4ff6-8f76-ffd617da3a04.xml'.
2026-06-29 22:29:08.892 +00:00 [INF] Now listening on: http://[::]:8080
2026-06-29 22:29:08.893 +00:00 [INF] Application started. Press Ctrl+C to shut down.
2026-06-29 22:29:08.894 +00:00 [INF] Hosting environment: Development
2026-06-29 22:29:08.894 +00:00 [INF] Content root path: /app
2026-06-29 22:29:10.350 +00:00 [INF] Request starting HTTP/1.1 GET http://192.168.1.4:8080/api/user?page=1&limit=10 - null null
2026-06-29 22:29:10.350 +00:00 [INF] Request starting HTTP/1.1 GET http://192.168.1.4:8080/api/user?page=1&limit=10 - null null
2026-06-29 22:29:10.363 +00:00 [WRN] Failed to determine the https port for redirect.
2026-06-29 22:29:10.366 +00:00 [INF] CORS policy execution successful.
2026-06-29 22:29:10.366 +00:00 [INF] CORS policy execution successful.
2026-06-29 22:29:10.380 +00:00 [INF] ====== OnMessageReceived START ======
2026-06-29 22:29:10.380 +00:00 [INF] ====== OnMessageReceived START ======
2026-06-29 22:29:10.382 +00:00 [INF] Available cookies: 2
2026-06-29 22:29:10.382 +00:00 [INF] Available cookies: 2
2026-06-29 22:29:10.383 +00:00 [INF] Cookie: adminToken = 844 chars
2026-06-29 22:29:10.383 +00:00 [INF] Cookie: adminToken = 844 chars
2026-06-29 22:29:10.383 +00:00 [INF] Cookie: adminRefreshToken = 44 chars
2026-06-29 22:29:10.383 +00:00 [INF] Cookie: adminRefreshToken = 44 chars
2026-06-29 22:29:10.384 +00:00 [INF] Admin token found in cookies, length: 844
2026-06-29 22:29:10.384 +00:00 [INF] Admin token found in cookies, length: 844
2026-06-29 22:29:10.384 +00:00 [INF] Admin token set in context
2026-06-29 22:29:10.384 +00:00 [INF] Admin token set in context
2026-06-29 22:29:10.384 +00:00 [INF] ====== OnMessageReceived END - Token set: true ======
2026-06-29 22:29:10.384 +00:00 [INF] ====== OnMessageReceived END - Token set: true ======
2026-06-29 22:29:10.417 +00:00 [INF] Token validated successfully for user: lengyelnorbi
2026-06-29 22:29:10.417 +00:00 [INF] Token validated successfully for user: lengyelnorbi
2026-06-29 22:29:10.418 +00:00 [INF] Device fingerprint headers - UA: Mozilla/5.0 (Windows NT 10.0; Win64; x64) AppleWebKit/537.36 (KHTML, like Gecko) Chrome/149.0.0.0 Safari/537.36, Accept: application/json, text/plain, */*, Encoding: gzip, deflate
2026-06-29 22:29:10.418 +00:00 [INF] Device fingerprint headers - UA: Mozilla/5.0 (Windows NT 10.0; Win64; x64) AppleWebKit/537.36 (KHTML, like Gecko) Chrome/149.0.0.0 Safari/537.36, Accept: application/json, text/plain, */*, Encoding: gzip, deflate
2026-06-29 22:29:10.418 +00:00 [INF] Device fingerprint validation: Stored=+dnl/HqeUWZoa90RTxKXA37sysOj0ueJeeX3J79LuJU=, Current=+dnl/HqeUWZoa90RTxKXA37sysOj0ueJeeX3J79LuJU=
2026-06-29 22:29:10.418 +00:00 [INF] Device fingerprint validation: Stored=+dnl/HqeUWZoa90RTxKXA37sysOj0ueJeeX3J79LuJU=, Current=+dnl/HqeUWZoa90RTxKXA37sysOj0ueJeeX3J79LuJU=
2026-06-29 22:29:11.085 +00:00 [INF] Executed DbCommand (33ms) [Parameters=[@__jti_0='?', @__userId_1='?' (DbType = Int32)], CommandType='"Text"', CommandTimeout='30']
SELECT a."ID", a."CreatedAt", a."DeviceFingerprint", a."ExpiresAt", a."IpAddress", a."IsRevoked", a."UserID", a.jti
FROM "AccessTokens" AS a
WHERE a.jti = @__jti_0 AND a."UserID" = @__userId_1 AND NOT (a."IsRevoked") AND a."ExpiresAt" > now()
LIMIT 1
2026-06-29 22:29:11.085 +00:00 [INF] Executed DbCommand (34ms) [Parameters=[@__jti_0='?', @__userId_1='?' (DbType = Int32)], CommandType='"Text"', CommandTimeout='30']
SELECT a."ID", a."CreatedAt", a."DeviceFingerprint", a."ExpiresAt", a."IpAddress", a."IsRevoked", a."UserID", a.jti
FROM "AccessTokens" AS a
WHERE a.jti = @__jti_0 AND a."UserID" = @__userId_1 AND NOT (a."IsRevoked") AND a."ExpiresAt" > now()
LIMIT 1
2026-06-29 22:29:11.138 +00:00 [INF] Executing endpoint 'API.Controllers.UserController.Get (API)'
2026-06-29 22:29:11.138 +00:00 [INF] Executing endpoint 'API.Controllers.UserController.Get (API)'
2026-06-29 22:29:11.151 +00:00 [INF] Route matched with {action = "Get", controller = "User"}. Executing controller action with signature System.Threading.Tasks.Task`1[API.Utils.PagedResult`1[API.DTO.UserDTO]] Get(Int32, Int32) on controller API.Controllers.UserController (API).
2026-06-29 22:29:11.151 +00:00 [INF] Route matched with {action = "Get", controller = "User"}. Executing controller action with signature System.Threading.Tasks.Task`1[API.Utils.PagedResult`1[API.DTO.UserDTO]] Get(Int32, Int32) on controller API.Controllers.UserController (API).
2026-06-29 22:29:11.180 +00:00 [INF] Executed DbCommand (2ms) [Parameters=[], CommandType='"Text"', CommandTimeout='30']
SELECT count(*)::int
FROM "Users" AS u
WHERE u."Role" <> 'Admin'
2026-06-29 22:29:11.180 +00:00 [INF] Executed DbCommand (2ms) [Parameters=[], CommandType='"Text"', CommandTimeout='30']
SELECT count(*)::int
FROM "Users" AS u
WHERE u."Role" <> 'Admin'
2026-06-29 22:29:11.192 +00:00 [INF] Executed DbCommand (2ms) [Parameters=[@__p_1='?' (DbType = Int32), @__p_0='?' (DbType = Int32)], CommandType='"Text"', CommandTimeout='30']
SELECT u."ID", u."Username", u."Email", u."RegisteredAt", u."Role"
FROM "Users" AS u
WHERE u."Role" <> 'Admin'
ORDER BY u."ID"
LIMIT @__p_1 OFFSET @__p_0
2026-06-29 22:29:11.192 +00:00 [INF] Executed DbCommand (2ms) [Parameters=[@__p_1='?' (DbType = Int32), @__p_0='?' (DbType = Int32)], CommandType='"Text"', CommandTimeout='30']
SELECT u."ID", u."Username", u."Email", u."RegisteredAt", u."Role"
FROM "Users" AS u
WHERE u."Role" <> 'Admin'
ORDER BY u."ID"
LIMIT @__p_1 OFFSET @__p_0
2026-06-29 22:29:11.198 +00:00 [INF] Executing ObjectResult, writing value of type 'API.Utils.PagedResult`1[[API.DTO.UserDTO, API, Version=1.0.0.0, Culture=neutral, PublicKeyToken=null]]'.
2026-06-29 22:29:11.198 +00:00 [INF] Executing ObjectResult, writing value of type 'API.Utils.PagedResult`1[[API.DTO.UserDTO, API, Version=1.0.0.0, Culture=neutral, PublicKeyToken=null]]'.
2026-06-29 22:29:11.229 +00:00 [INF] Executed action API.Controllers.UserController.Get (API) in 75.5249ms
2026-06-29 22:29:11.229 +00:00 [INF] Executed action API.Controllers.UserController.Get (API) in 75.3734ms
2026-06-29 22:29:11.232 +00:00 [INF] Executed endpoint 'API.Controllers.UserController.Get (API)'
2026-06-29 22:29:11.232 +00:00 [INF] Executed endpoint 'API.Controllers.UserController.Get (API)'
2026-06-29 22:29:11.237 +00:00 [INF] Request finished HTTP/1.1 GET http://192.168.1.4:8080/api/user?page=1&limit=10 - 200 null application/json; charset=utf-8 888.2071ms
2026-06-29 22:29:11.237 +00:00 [INF] Request finished HTTP/1.1 GET http://192.168.1.4:8080/api/user?page=1&limit=10 - 200 null application/json; charset=utf-8 888.213ms
2026-06-29 22:29:13.673 +00:00 [INF] Request starting HTTP/1.1 GET http://192.168.1.4:8080/api/user?page=1&limit=10 - null null
2026-06-29 22:29:13.675 +00:00 [INF] CORS policy execution successful.
2026-06-29 22:29:13.676 +00:00 [INF] ====== OnMessageReceived START ======
2026-06-29 22:29:13.677 +00:00 [INF] Available cookies: 2
2026-06-29 22:29:13.677 +00:00 [INF] Cookie: adminToken = 844 chars
2026-06-29 22:29:13.677 +00:00 [INF] Cookie: adminRefreshToken = 44 chars
2026-06-29 22:29:13.678 +00:00 [INF] Admin token found in cookies, length: 844
2026-06-29 22:29:13.678 +00:00 [INF] Admin token set in context
2026-06-29 22:29:13.678 +00:00 [INF] ====== OnMessageReceived END - Token set: true ======
2026-06-29 22:29:13.680 +00:00 [INF] Token validated successfully for user: lengyelnorbi
2026-06-29 22:29:13.681 +00:00 [INF] Device fingerprint headers - UA: Mozilla/5.0 (Windows NT 10.0; Win64; x64) AppleWebKit/537.36 (KHTML, like Gecko) Chrome/149.0.0.0 Safari/537.36, Accept: application/json, text/plain, */*, Encoding: gzip, deflate
2026-06-29 22:29:13.681 +00:00 [INF] Device fingerprint validation: Stored=+dnl/HqeUWZoa90RTxKXA37sysOj0ueJeeX3J79LuJU=, Current=+dnl/HqeUWZoa90RTxKXA37sysOj0ueJeeX3J79LuJU=
2026-06-29 22:29:13.724 +00:00 [INF] Executed DbCommand (2ms) [Parameters=[@__jti_0='?', @__userId_1='?' (DbType = Int32)], CommandType='"Text"', CommandTimeout='30']
SELECT a."ID", a."CreatedAt", a."DeviceFingerprint", a."ExpiresAt", a."IpAddress", a."IsRevoked", a."UserID", a.jti
FROM "AccessTokens" AS a
WHERE a.jti = @__jti_0 AND a."UserID" = @__userId_1 AND NOT (a."IsRevoked") AND a."ExpiresAt" > now()
LIMIT 1
2026-06-29 22:29:13.726 +00:00 [INF] Executing endpoint 'API.Controllers.UserController.Get (API)'
2026-06-29 22:29:13.727 +00:00 [INF] Route matched with {action = "Get", controller = "User"}. Executing controller action with signature System.Threading.Tasks.Task`1[API.Utils.PagedResult`1[API.DTO.UserDTO]] Get(Int32, Int32) on controller API.Controllers.UserController (API).
2026-06-29 22:29:13.731 +00:00 [INF] Executed DbCommand (2ms) [Parameters=[], CommandType='"Text"', CommandTimeout='30']
SELECT count(*)::int
FROM "Users" AS u
WHERE u."Role" <> 'Admin'
2026-06-29 22:29:13.733 +00:00 [INF] Executed DbCommand (2ms) [Parameters=[@__p_1='?' (DbType = Int32), @__p_0='?' (DbType = Int32)], CommandType='"Text"', CommandTimeout='30']
SELECT u."ID", u."Username", u."Email", u."RegisteredAt", u."Role"
FROM "Users" AS u
WHERE u."Role" <> 'Admin'
ORDER BY u."ID"
LIMIT @__p_1 OFFSET @__p_0
2026-06-29 22:29:13.734 +00:00 [INF] Executing ObjectResult, writing value of type 'API.Utils.PagedResult`1[[API.DTO.UserDTO, API, Version=1.0.0.0, Culture=neutral, PublicKeyToken=null]]'.
2026-06-29 22:29:13.735 +00:00 [INF] Executed action API.Controllers.UserController.Get (API) in 7.534ms
2026-06-29 22:29:13.735 +00:00 [INF] Executed endpoint 'API.Controllers.UserController.Get (API)'
2026-06-29 22:29:13.736 +00:00 [INF] Request finished HTTP/1.1 GET http://192.168.1.4:8080/api/user?page=1&limit=10 - 200 null application/json; charset=utf-8 62.3976ms
2026-06-29 22:29:15.286 +00:00 [INF] Request starting HTTP/1.1 OPTIONS http://192.168.1.4:8080/api/password/generate-password - null null
2026-06-29 22:29:15.287 +00:00 [INF] CORS policy execution successful.
2026-06-29 22:29:15.288 +00:00 [INF] Request finished HTTP/1.1 OPTIONS http://192.168.1.4:8080/api/password/generate-password - 204 null null 2.3927ms
2026-06-29 22:29:15.291 +00:00 [INF] Request starting HTTP/1.1 POST http://192.168.1.4:8080/api/password/generate-password - application/json 0
2026-06-29 22:29:15.291 +00:00 [INF] CORS policy execution successful.
2026-06-29 22:29:15.291 +00:00 [INF] ====== OnMessageReceived START ======
2026-06-29 22:29:15.292 +00:00 [INF] Available cookies: 2
2026-06-29 22:29:15.292 +00:00 [INF] Cookie: adminToken = 844 chars
2026-06-29 22:29:15.292 +00:00 [INF] Cookie: adminRefreshToken = 44 chars
2026-06-29 22:29:15.292 +00:00 [INF] Admin token found in cookies, length: 844
2026-06-29 22:29:15.292 +00:00 [INF] Admin token set in context
2026-06-29 22:29:15.292 +00:00 [INF] ====== OnMessageReceived END - Token set: true ======
2026-06-29 22:29:15.293 +00:00 [INF] Token validated successfully for user: lengyelnorbi
2026-06-29 22:29:15.293 +00:00 [INF] Device fingerprint headers - UA: Mozilla/5.0 (Windows NT 10.0; Win64; x64) AppleWebKit/537.36 (KHTML, like Gecko) Chrome/149.0.0.0 Safari/537.36, Accept: */*, Encoding: gzip, deflate
2026-06-29 22:29:15.293 +00:00 [INF] Device fingerprint validation: Stored=+dnl/HqeUWZoa90RTxKXA37sysOj0ueJeeX3J79LuJU=, Current=+dnl/HqeUWZoa90RTxKXA37sysOj0ueJeeX3J79LuJU=
2026-06-29 22:29:15.296 +00:00 [INF] Executed DbCommand (2ms) [Parameters=[@__jti_0='?', @__userId_1='?' (DbType = Int32)], CommandType='"Text"', CommandTimeout='30']
SELECT a."ID", a."CreatedAt", a."DeviceFingerprint", a."ExpiresAt", a."IpAddress", a."IsRevoked", a."UserID", a.jti
FROM "AccessTokens" AS a
WHERE a.jti = @__jti_0 AND a."UserID" = @__userId_1 AND NOT (a."IsRevoked") AND a."ExpiresAt" > now()
LIMIT 1
2026-06-29 22:29:15.299 +00:00 [INF] Executing endpoint 'API.Controllers.PasswordController.GeneratePassword (API)'
2026-06-29 22:29:15.302 +00:00 [INF] Route matched with {action = "GeneratePassword", controller = "Password"}. Executing controller action with signature System.Threading.Tasks.Task`1[Microsoft.AspNetCore.Mvc.IActionResult] GeneratePassword() on controller API.Controllers.PasswordController (API).
2026-06-29 22:29:15.304 +00:00 [INF] Executing OkObjectResult, writing value of type '<>f__AnonymousType4`1[[System.String, System.Private.CoreLib, Version=9.0.0.0, Culture=neutral, PublicKeyToken=7cec85d7bea7798e]]'.
2026-06-29 22:29:15.308 +00:00 [INF] Executed action API.Controllers.PasswordController.GeneratePassword (API) in 5.3719ms
2026-06-29 22:29:15.309 +00:00 [INF] Executed endpoint 'API.Controllers.PasswordController.GeneratePassword (API)'
2026-06-29 22:29:15.309 +00:00 [INF] Request finished HTTP/1.1 POST http://192.168.1.4:8080/api/password/generate-password - 200 null application/json; charset=utf-8 18.4818ms
2026-06-29 22:29:19.931 +00:00 [INF] Request starting HTTP/1.1 OPTIONS http://192.168.1.4:8080/api/user - null null
2026-06-29 22:29:19.932 +00:00 [INF] CORS policy execution successful.
2026-06-29 22:29:19.932 +00:00 [INF] Request finished HTTP/1.1 OPTIONS http://192.168.1.4:8080/api/user - 204 null null 0.7421ms
2026-06-29 22:29:19.934 +00:00 [INF] Request starting HTTP/1.1 PUT http://192.168.1.4:8080/api/user - application/json 99
2026-06-29 22:29:19.935 +00:00 [INF] CORS policy execution successful.
2026-06-29 22:29:19.935 +00:00 [INF] ====== OnMessageReceived START ======
2026-06-29 22:29:19.935 +00:00 [INF] Available cookies: 2
2026-06-29 22:29:19.935 +00:00 [INF] Cookie: adminToken = 844 chars
2026-06-29 22:29:19.935 +00:00 [INF] Cookie: adminRefreshToken = 44 chars
2026-06-29 22:29:19.935 +00:00 [INF] Admin token found in cookies, length: 844
2026-06-29 22:29:19.936 +00:00 [INF] Admin token set in context
2026-06-29 22:29:19.936 +00:00 [INF] ====== OnMessageReceived END - Token set: true ======
2026-06-29 22:29:19.936 +00:00 [INF] Token validated successfully for user: lengyelnorbi
2026-06-29 22:29:19.936 +00:00 [INF] Device fingerprint headers - UA: Mozilla/5.0 (Windows NT 10.0; Win64; x64) AppleWebKit/537.36 (KHTML, like Gecko) Chrome/149.0.0.0 Safari/537.36, Accept: */*, Encoding: gzip, deflate
2026-06-29 22:29:19.936 +00:00 [INF] Device fingerprint validation: Stored=+dnl/HqeUWZoa90RTxKXA37sysOj0ueJeeX3J79LuJU=, Current=+dnl/HqeUWZoa90RTxKXA37sysOj0ueJeeX3J79LuJU=
2026-06-29 22:29:19.939 +00:00 [INF] Executed DbCommand (2ms) [Parameters=[@__jti_0='?', @__userId_1='?' (DbType = Int32)], CommandType='"Text"', CommandTimeout='30']
SELECT a."ID", a."CreatedAt", a."DeviceFingerprint", a."ExpiresAt", a."IpAddress", a."IsRevoked", a."UserID", a.jti
FROM "AccessTokens" AS a
WHERE a.jti = @__jti_0 AND a."UserID" = @__userId_1 AND NOT (a."IsRevoked") AND a."ExpiresAt" > now()
LIMIT 1
2026-06-29 22:29:19.942 +00:00 [INF] Executing endpoint 'API.Controllers.UserController.UpdateUserAsync (API)'
2026-06-29 22:29:19.944 +00:00 [INF] Route matched with {action = "UpdateUser", controller = "User"}. Executing controller action with signature System.Threading.Tasks.Task`1[Microsoft.AspNetCore.Mvc.IActionResult] UpdateUserAsync(API.Models.RequestModels.UpdateUserRequest) on controller API.Controllers.UserController (API).
2026-06-29 22:29:19.960 +00:00 [INF] Executing BadRequestObjectResult, writing value of type 'Microsoft.AspNetCore.Mvc.ValidationProblemDetails'.
2026-06-29 22:29:19.973 +00:00 [INF] Executed action API.Controllers.UserController.UpdateUserAsync (API) in 28.8455ms
2026-06-29 22:29:19.974 +00:00 [INF] Executed endpoint 'API.Controllers.UserController.UpdateUserAsync (API)'
2026-06-29 22:29:19.974 +00:00 [INF] Request finished HTTP/1.1 PUT http://192.168.1.4:8080/api/user - 400 null application/problem+json; charset=utf-8 39.4922ms
2026-06-29 22:32:44.222 +00:00 [INF] Application is shutting down...
2026-06-29 22:32:45.089 +00:00 [WRN] Storing keys in a directory '/home/app/.aspnet/DataProtection-Keys' that may not be persisted outside of the container. Protected data will be unavailable when container is destroyed. For more information go to https://aka.ms/aspnet/dataprotectionwarning
2026-06-29 22:32:45.115 +00:00 [INF] User profile is available. Using '/home/app/.aspnet/DataProtection-Keys' as key repository; keys will not be encrypted at rest.
2026-06-29 22:32:45.127 +00:00 [INF] Creating key {9e2161d0-cb20-404e-8fbe-96c996b69ffe} with creation date 2026-06-29 22:32:45Z, activation date 2026-06-29 22:32:45Z, and expiration date 2026-09-27 22:32:45Z.
2026-06-29 22:32:45.167 +00:00 [WRN] No XML encryptor configured. Key {9e2161d0-cb20-404e-8fbe-96c996b69ffe} may be persisted to storage in unencrypted form.
2026-06-29 22:32:45.170 +00:00 [INF] Writing data to file '/home/app/.aspnet/DataProtection-Keys/key-9e2161d0-cb20-404e-8fbe-96c996b69ffe.xml'.
2026-06-29 22:32:45.218 +00:00 [INF] Now listening on: http://[::]:8080
2026-06-29 22:32:45.220 +00:00 [INF] Application started. Press Ctrl+C to shut down.
2026-06-29 22:32:45.220 +00:00 [INF] Hosting environment: Development
2026-06-29 22:32:45.220 +00:00 [INF] Content root path: /app
2026-06-29 22:32:49.513 +00:00 [INF] Request starting HTTP/1.1 GET http://192.168.1.4:8080/api/user?page=1&limit=10 - null null
2026-06-29 22:32:49.513 +00:00 [INF] Request starting HTTP/1.1 GET http://192.168.1.4:8080/api/user?page=1&limit=10 - null null
2026-06-29 22:32:49.528 +00:00 [WRN] Failed to determine the https port for redirect.
2026-06-29 22:32:49.531 +00:00 [INF] CORS policy execution successful.
2026-06-29 22:32:49.531 +00:00 [INF] CORS policy execution successful.
2026-06-29 22:32:49.556 +00:00 [INF] ====== OnMessageReceived START ======
2026-06-29 22:32:49.556 +00:00 [INF] ====== OnMessageReceived START ======
2026-06-29 22:32:49.564 +00:00 [INF] Available cookies: 2
2026-06-29 22:32:49.564 +00:00 [INF] Available cookies: 2
2026-06-29 22:32:49.565 +00:00 [INF] Cookie: adminToken = 844 chars
2026-06-29 22:32:49.565 +00:00 [INF] Cookie: adminToken = 844 chars
2026-06-29 22:32:49.565 +00:00 [INF] Cookie: adminRefreshToken = 44 chars
2026-06-29 22:32:49.565 +00:00 [INF] Cookie: adminRefreshToken = 44 chars
2026-06-29 22:32:49.569 +00:00 [INF] Admin token found in cookies, length: 844
2026-06-29 22:32:49.571 +00:00 [INF] Admin token found in cookies, length: 844
2026-06-29 22:32:49.572 +00:00 [INF] Admin token set in context
2026-06-29 22:32:49.581 +00:00 [INF] Admin token set in context
2026-06-29 22:32:49.582 +00:00 [INF] ====== OnMessageReceived END - Token set: true ======
2026-06-29 22:32:49.582 +00:00 [INF] ====== OnMessageReceived END - Token set: true ======
2026-06-29 22:32:49.630 +00:00 [INF] Token validated successfully for user: lengyelnorbi
2026-06-29 22:32:49.630 +00:00 [INF] Token validated successfully for user: lengyelnorbi
2026-06-29 22:32:49.632 +00:00 [INF] Device fingerprint headers - UA: Mozilla/5.0 (Windows NT 10.0; Win64; x64) AppleWebKit/537.36 (KHTML, like Gecko) Chrome/149.0.0.0 Safari/537.36, Accept: application/json, text/plain, */*, Encoding: gzip, deflate
2026-06-29 22:32:49.632 +00:00 [INF] Device fingerprint headers - UA: Mozilla/5.0 (Windows NT 10.0; Win64; x64) AppleWebKit/537.36 (KHTML, like Gecko) Chrome/149.0.0.0 Safari/537.36, Accept: application/json, text/plain, */*, Encoding: gzip, deflate
2026-06-29 22:32:49.633 +00:00 [INF] Device fingerprint validation: Stored=+dnl/HqeUWZoa90RTxKXA37sysOj0ueJeeX3J79LuJU=, Current=+dnl/HqeUWZoa90RTxKXA37sysOj0ueJeeX3J79LuJU=
2026-06-29 22:32:49.633 +00:00 [INF] Device fingerprint validation: Stored=+dnl/HqeUWZoa90RTxKXA37sysOj0ueJeeX3J79LuJU=, Current=+dnl/HqeUWZoa90RTxKXA37sysOj0ueJeeX3J79LuJU=
2026-06-29 22:32:50.300 +00:00 [INF] Executed DbCommand (30ms) [Parameters=[@__jti_0='?', @__userId_1='?' (DbType = Int32)], CommandType='"Text"', CommandTimeout='30']
SELECT a."ID", a."CreatedAt", a."DeviceFingerprint", a."ExpiresAt", a."IpAddress", a."IsRevoked", a."UserID", a.jti
FROM "AccessTokens" AS a
WHERE a.jti = @__jti_0 AND a."UserID" = @__userId_1 AND NOT (a."IsRevoked") AND a."ExpiresAt" > now()
LIMIT 1
2026-06-29 22:32:50.300 +00:00 [INF] Executed DbCommand (30ms) [Parameters=[@__jti_0='?', @__userId_1='?' (DbType = Int32)], CommandType='"Text"', CommandTimeout='30']
SELECT a."ID", a."CreatedAt", a."DeviceFingerprint", a."ExpiresAt", a."IpAddress", a."IsRevoked", a."UserID", a.jti
FROM "AccessTokens" AS a
WHERE a.jti = @__jti_0 AND a."UserID" = @__userId_1 AND NOT (a."IsRevoked") AND a."ExpiresAt" > now()
LIMIT 1
2026-06-29 22:32:50.354 +00:00 [INF] Executing endpoint 'API.Controllers.UserController.Get (API)'
2026-06-29 22:32:50.354 +00:00 [INF] Executing endpoint 'API.Controllers.UserController.Get (API)'
2026-06-29 22:32:50.366 +00:00 [INF] Route matched with {action = "Get", controller = "User"}. Executing controller action with signature System.Threading.Tasks.Task`1[API.Utils.PagedResult`1[API.DTO.UserDTO]] Get(Int32, Int32) on controller API.Controllers.UserController (API).
2026-06-29 22:32:50.366 +00:00 [INF] Route matched with {action = "Get", controller = "User"}. Executing controller action with signature System.Threading.Tasks.Task`1[API.Utils.PagedResult`1[API.DTO.UserDTO]] Get(Int32, Int32) on controller API.Controllers.UserController (API).
2026-06-29 22:32:50.396 +00:00 [INF] Executed DbCommand (3ms) [Parameters=[], CommandType='"Text"', CommandTimeout='30']
SELECT count(*)::int
FROM "Users" AS u
WHERE u."Role" <> 'Admin'
2026-06-29 22:32:50.396 +00:00 [INF] Executed DbCommand (3ms) [Parameters=[], CommandType='"Text"', CommandTimeout='30']
SELECT count(*)::int
FROM "Users" AS u
WHERE u."Role" <> 'Admin'
2026-06-29 22:32:50.407 +00:00 [INF] Executed DbCommand (2ms) [Parameters=[@__p_1='?' (DbType = Int32), @__p_0='?' (DbType = Int32)], CommandType='"Text"', CommandTimeout='30']
SELECT u."ID", u."Username", u."Email", u."RegisteredAt", u."Role"
FROM "Users" AS u
WHERE u."Role" <> 'Admin'
ORDER BY u."ID"
LIMIT @__p_1 OFFSET @__p_0
2026-06-29 22:32:50.407 +00:00 [INF] Executed DbCommand (2ms) [Parameters=[@__p_1='?' (DbType = Int32), @__p_0='?' (DbType = Int32)], CommandType='"Text"', CommandTimeout='30']
SELECT u."ID", u."Username", u."Email", u."RegisteredAt", u."Role"
FROM "Users" AS u
WHERE u."Role" <> 'Admin'
ORDER BY u."ID"
LIMIT @__p_1 OFFSET @__p_0
2026-06-29 22:32:50.413 +00:00 [INF] Executing ObjectResult, writing value of type 'API.Utils.PagedResult`1[[API.DTO.UserDTO, API, Version=1.0.0.0, Culture=neutral, PublicKeyToken=null]]'.
2026-06-29 22:32:50.413 +00:00 [INF] Executing ObjectResult, writing value of type 'API.Utils.PagedResult`1[[API.DTO.UserDTO, API, Version=1.0.0.0, Culture=neutral, PublicKeyToken=null]]'.
2026-06-29 22:32:50.444 +00:00 [INF] Executed action API.Controllers.UserController.Get (API) in 75.4651ms
2026-06-29 22:32:50.444 +00:00 [INF] Executed action API.Controllers.UserController.Get (API) in 75.3402ms
2026-06-29 22:32:50.454 +00:00 [INF] Executed endpoint 'API.Controllers.UserController.Get (API)'
2026-06-29 22:32:50.454 +00:00 [INF] Executed endpoint 'API.Controllers.UserController.Get (API)'
2026-06-29 22:32:50.460 +00:00 [INF] Request finished HTTP/1.1 GET http://192.168.1.4:8080/api/user?page=1&limit=10 - 200 null application/json; charset=utf-8 948.6581ms
2026-06-29 22:32:50.460 +00:00 [INF] Request finished HTTP/1.1 GET http://192.168.1.4:8080/api/user?page=1&limit=10 - 200 null application/json; charset=utf-8 948.631ms
2026-06-29 22:32:51.780 +00:00 [INF] Request starting HTTP/1.1 GET http://192.168.1.4:8080/api/user?page=1&limit=10 - null null
2026-06-29 22:32:51.782 +00:00 [INF] CORS policy execution successful.
2026-06-29 22:32:51.785 +00:00 [INF] ====== OnMessageReceived START ======
2026-06-29 22:32:51.785 +00:00 [INF] Available cookies: 2
2026-06-29 22:32:51.786 +00:00 [INF] Cookie: adminToken = 844 chars
2026-06-29 22:32:51.786 +00:00 [INF] Cookie: adminRefreshToken = 44 chars
2026-06-29 22:32:51.786 +00:00 [INF] Admin token found in cookies, length: 844
2026-06-29 22:32:51.786 +00:00 [INF] Admin token set in context
2026-06-29 22:32:51.787 +00:00 [INF] ====== OnMessageReceived END - Token set: true ======
2026-06-29 22:32:51.788 +00:00 [INF] Token validated successfully for user: lengyelnorbi
2026-06-29 22:32:51.788 +00:00 [INF] Device fingerprint headers - UA: Mozilla/5.0 (Windows NT 10.0; Win64; x64) AppleWebKit/537.36 (KHTML, like Gecko) Chrome/149.0.0.0 Safari/537.36, Accept: application/json, text/plain, */*, Encoding: gzip, deflate
2026-06-29 22:32:51.789 +00:00 [INF] Device fingerprint validation: Stored=+dnl/HqeUWZoa90RTxKXA37sysOj0ueJeeX3J79LuJU=, Current=+dnl/HqeUWZoa90RTxKXA37sysOj0ueJeeX3J79LuJU=
2026-06-29 22:32:51.832 +00:00 [INF] Executed DbCommand (2ms) [Parameters=[@__jti_0='?', @__userId_1='?' (DbType = Int32)], CommandType='"Text"', CommandTimeout='30']
SELECT a."ID", a."CreatedAt", a."DeviceFingerprint", a."ExpiresAt", a."IpAddress", a."IsRevoked", a."UserID", a.jti
FROM "AccessTokens" AS a
WHERE a.jti = @__jti_0 AND a."UserID" = @__userId_1 AND NOT (a."IsRevoked") AND a."ExpiresAt" > now()
LIMIT 1
2026-06-29 22:32:51.833 +00:00 [INF] Executing endpoint 'API.Controllers.UserController.Get (API)'
2026-06-29 22:32:51.834 +00:00 [INF] Route matched with {action = "Get", controller = "User"}. Executing controller action with signature System.Threading.Tasks.Task`1[API.Utils.PagedResult`1[API.DTO.UserDTO]] Get(Int32, Int32) on controller API.Controllers.UserController (API).
2026-06-29 22:32:51.836 +00:00 [INF] Executed DbCommand (1ms) [Parameters=[], CommandType='"Text"', CommandTimeout='30']
SELECT count(*)::int
FROM "Users" AS u
WHERE u."Role" <> 'Admin'
2026-06-29 22:32:51.838 +00:00 [INF] Executed DbCommand (1ms) [Parameters=[@__p_1='?' (DbType = Int32), @__p_0='?' (DbType = Int32)], CommandType='"Text"', CommandTimeout='30']
SELECT u."ID", u."Username", u."Email", u."RegisteredAt", u."Role"
FROM "Users" AS u
WHERE u."Role" <> 'Admin'
ORDER BY u."ID"
LIMIT @__p_1 OFFSET @__p_0
2026-06-29 22:32:51.839 +00:00 [INF] Executing ObjectResult, writing value of type 'API.Utils.PagedResult`1[[API.DTO.UserDTO, API, Version=1.0.0.0, Culture=neutral, PublicKeyToken=null]]'.
2026-06-29 22:32:51.839 +00:00 [INF] Executed action API.Controllers.UserController.Get (API) in 5.5536ms
2026-06-29 22:32:51.840 +00:00 [INF] Executed endpoint 'API.Controllers.UserController.Get (API)'
2026-06-29 22:32:51.840 +00:00 [INF] Request finished HTTP/1.1 GET http://192.168.1.4:8080/api/user?page=1&limit=10 - 200 null application/json; charset=utf-8 60.0989ms
2026-06-29 22:32:55.422 +00:00 [INF] Request starting HTTP/1.1 OPTIONS http://192.168.1.4:8080/api/auth/refresh - null null
2026-06-29 22:32:55.423 +00:00 [INF] CORS policy execution successful.
2026-06-29 22:32:55.424 +00:00 [INF] Request finished HTTP/1.1 OPTIONS http://192.168.1.4:8080/api/auth/refresh - 204 null null 1.2021ms
2026-06-29 22:32:55.425 +00:00 [INF] Request starting HTTP/1.1 POST http://192.168.1.4:8080/api/auth/refresh - application/json 18
2026-06-29 22:32:55.426 +00:00 [INF] CORS policy execution successful.
2026-06-29 22:32:55.426 +00:00 [INF] ====== OnMessageReceived START ======
2026-06-29 22:32:55.427 +00:00 [INF] Available cookies: 2
2026-06-29 22:32:55.427 +00:00 [INF] Cookie: adminToken = 844 chars
2026-06-29 22:32:55.427 +00:00 [INF] Cookie: adminRefreshToken = 44 chars
2026-06-29 22:32:55.427 +00:00 [INF] Admin token found in cookies, length: 844
2026-06-29 22:32:55.427 +00:00 [INF] Admin token set in context
2026-06-29 22:32:55.428 +00:00 [INF] ====== OnMessageReceived END - Token set: true ======
2026-06-29 22:32:55.428 +00:00 [INF] Token validated successfully for user: lengyelnorbi
2026-06-29 22:32:55.428 +00:00 [INF] Device fingerprint headers - UA: Mozilla/5.0 (Windows NT 10.0; Win64; x64) AppleWebKit/537.36 (KHTML, like Gecko) Chrome/149.0.0.0 Safari/537.36, Accept: */*, Encoding: gzip, deflate
2026-06-29 22:32:55.428 +00:00 [INF] Device fingerprint validation: Stored=+dnl/HqeUWZoa90RTxKXA37sysOj0ueJeeX3J79LuJU=, Current=+dnl/HqeUWZoa90RTxKXA37sysOj0ueJeeX3J79LuJU=
2026-06-29 22:32:55.431 +00:00 [INF] Executed DbCommand (2ms) [Parameters=[@__jti_0='?', @__userId_1='?' (DbType = Int32)], CommandType='"Text"', CommandTimeout='30']
SELECT a."ID", a."CreatedAt", a."DeviceFingerprint", a."ExpiresAt", a."IpAddress", a."IsRevoked", a."UserID", a.jti
FROM "AccessTokens" AS a
WHERE a.jti = @__jti_0 AND a."UserID" = @__userId_1 AND NOT (a."IsRevoked") AND a."ExpiresAt" > now()
LIMIT 1
2026-06-29 22:32:55.434 +00:00 [INF] Executing endpoint 'API.Controllers.AuthController.RefreshToken (API)'
2026-06-29 22:32:55.437 +00:00 [INF] Route matched with {action = "RefreshToken", controller = "Auth"}. Executing controller action with signature System.Threading.Tasks.Task`1[Microsoft.AspNetCore.Mvc.IActionResult] RefreshToken(API.Models.RequestModels.RefreshRequest) on controller API.Controllers.AuthController (API).
2026-06-29 22:32:55.456 +00:00 [INF] Token refresh attempt at "2026-06-29T22:32:55.4559708Z"
2026-06-29 22:32:55.456 +00:00 [INF] Refreshing admin token at "2026-06-29T22:32:55.4566827Z"
2026-06-29 22:32:55.464 +00:00 [INF] Executed DbCommand (2ms) [Parameters=[@__tokenHash_0='?'], CommandType='"Text"', CommandTimeout='30']
SELECT r."ID", r."CreatedAt", r."DeviceFingerprint", r."ExpiresAt", r."IpAddress", r."IsRevoked", r."TokenHash", r."UserID"
FROM "RefreshTokens" AS r
WHERE r."TokenHash" = @__tokenHash_0 AND NOT (r."IsRevoked") AND r."ExpiresAt" > now()
ORDER BY r."CreatedAt" DESC
LIMIT 1
2026-06-29 22:32:55.472 +00:00 [INF] Mozilla/5.0 (Windows NT 10.0; Win64; x64) AppleWebKit/537.36 (KHTML, like Gecko) Chrome/149.0.0.0 Safari/537.36
2026-06-29 22:32:55.476 +00:00 [INF] Fetching user by ID from database...
2026-06-29 22:32:55.482 +00:00 [INF] Executed DbCommand (2ms) [Parameters=[@__id_0='?' (DbType = Int32)], CommandType='"Text"', CommandTimeout='30']
SELECT u."ID", u."Email", u."PasswordHash", u."RegisteredAt", u."Role", u."Username"
FROM "Users" AS u
WHERE u."ID" = @__id_0
LIMIT 1
2026-06-29 22:32:55.556 +00:00 [INF] Executed DbCommand (4ms) [Parameters=[@p0='?' (DbType = DateTime), @p1='?', @p2='?' (DbType = DateTime), @p3='?', @p4='?' (DbType = Int32), @p5='?'], CommandType='"Text"', CommandTimeout='30']
INSERT INTO "AccessTokens" ("CreatedAt", "DeviceFingerprint", "ExpiresAt", "IpAddress", "UserID", jti)
VALUES (@p0, @p1, @p2, @p3, @p4, @p5)
RETURNING "ID", "IsRevoked";
2026-06-29 22:32:55.577 +00:00 [INF] Executed DbCommand (2ms) [Parameters=[@__jti_0='?', @__userID_1='?' (DbType = Int32), @__deviceFingerprint_2='?', @__ipAddress_3='?'], CommandType='"Text"', CommandTimeout='30']
SELECT a."ID", a."CreatedAt", a."DeviceFingerprint", a."ExpiresAt", a."IpAddress", a."IsRevoked", a."UserID", a.jti
FROM "AccessTokens" AS a
WHERE a.jti = @__jti_0 AND a."UserID" = @__userID_1 AND a."DeviceFingerprint" = @__deviceFingerprint_2 AND a."IpAddress" = @__ipAddress_3
LIMIT 1
2026-06-29 22:32:55.578 +00:00 [INF] Attempting to revoke access token with jti 7a318fe1-aafa-4b0b-98ec-ca3b460e2215 for user 1 from device +dnl/HqeUWZoa90RTxKXA37sysOj0ueJeeX3J79LuJU= and IP ::ffff:172.20.0.1
2026-06-29 22:32:55.578 +00:00 [INF] Access token found: API.Models.AccessToken
2026-06-29 22:32:55.583 +00:00 [INF] Executed DbCommand (2ms) [Parameters=[@p1='?' (DbType = Int32), @p0='?' (DbType = Boolean)], CommandType='"Text"', CommandTimeout='30']
UPDATE "AccessTokens" SET "IsRevoked" = @p0
WHERE "ID" = @p1;
2026-06-29 22:32:55.584 +00:00 [INF] Access token AccessToken for user 1 revoked: true
2026-06-29 22:32:55.589 +00:00 [INF] Executed DbCommand (3ms) [Parameters=[@p0='?' (DbType = DateTime), @p1='?', @p2='?' (DbType = DateTime), @p3='?', @p4='?', @p5='?' (DbType = Int32)], CommandType='"Text"', CommandTimeout='30']
INSERT INTO "RefreshTokens" ("CreatedAt", "DeviceFingerprint", "ExpiresAt", "IpAddress", "TokenHash", "UserID")
VALUES (@p0, @p1, @p2, @p3, @p4, @p5)
RETURNING "ID", "IsRevoked";
2026-06-29 22:32:55.596 +00:00 [INF] Executed DbCommand (1ms) [Parameters=[@__tokenHash_0='?', @__userId_1='?' (DbType = Int32), @__deviceFingerprint_2='?', @__ipAddress_3='?'], CommandType='"Text"', CommandTimeout='30']
SELECT r."ID", r."CreatedAt", r."DeviceFingerprint", r."ExpiresAt", r."IpAddress", r."IsRevoked", r."TokenHash", r."UserID"
FROM "RefreshTokens" AS r
WHERE r."TokenHash" = @__tokenHash_0 AND r."UserID" = @__userId_1 AND r."DeviceFingerprint" = @__deviceFingerprint_2 AND r."IpAddress" = @__ipAddress_3
LIMIT 1
2026-06-29 22:32:55.599 +00:00 [INF] Executed DbCommand (2ms) [Parameters=[@p1='?' (DbType = Int32), @p0='?' (DbType = Boolean)], CommandType='"Text"', CommandTimeout='30']
UPDATE "RefreshTokens" SET "IsRevoked" = @p0
WHERE "ID" = @p1;
2026-06-29 22:32:55.599 +00:00 [INF] Refresh token z549TwH+Q9umKo71s9q+L3Y4jKcSQxaIgIL8Ic7zX3A= for user 1 revoked: true
2026-06-29 22:32:55.601 +00:00 [INF] Token refreshed successfully for user 1 at "2026-06-29T22:32:55.6015657Z"
2026-06-29 22:32:55.602 +00:00 [INF] Executing OkObjectResult, writing value of type '<>f__AnonymousType3`2[[System.Boolean, System.Private.CoreLib, Version=9.0.0.0, Culture=neutral, PublicKeyToken=7cec85d7bea7798e],[System.Int32, System.Private.CoreLib, Version=9.0.0.0, Culture=neutral, PublicKeyToken=7cec85d7bea7798e]]'.
2026-06-29 22:32:55.605 +00:00 [INF] Executed action API.Controllers.AuthController.RefreshToken (API) in 167.068ms
2026-06-29 22:32:55.605 +00:00 [INF] Executed endpoint 'API.Controllers.AuthController.RefreshToken (API)'
2026-06-29 22:32:55.605 +00:00 [INF] Request finished HTTP/1.1 POST http://192.168.1.4:8080/api/auth/refresh - 200 null application/json; charset=utf-8 179.6874ms
2026-06-29 22:32:56.860 +00:00 [INF] Request starting HTTP/1.1 OPTIONS http://192.168.1.4:8080/api/password/generate-password - null null
2026-06-29 22:32:56.861 +00:00 [INF] CORS policy execution successful.
2026-06-29 22:32:56.861 +00:00 [INF] Request finished HTTP/1.1 OPTIONS http://192.168.1.4:8080/api/password/generate-password - 204 null null 1.3197ms
2026-06-29 22:32:56.864 +00:00 [INF] Request starting HTTP/1.1 POST http://192.168.1.4:8080/api/password/generate-password - application/json 0
2026-06-29 22:32:56.864 +00:00 [INF] CORS policy execution successful.
2026-06-29 22:32:56.865 +00:00 [INF] ====== OnMessageReceived START ======
2026-06-29 22:32:56.865 +00:00 [INF] Available cookies: 2
2026-06-29 22:32:56.865 +00:00 [INF] Cookie: adminToken = 844 chars
2026-06-29 22:32:56.865 +00:00 [INF] Cookie: adminRefreshToken = 44 chars
2026-06-29 22:32:56.866 +00:00 [INF] Admin token found in cookies, length: 844
2026-06-29 22:32:56.866 +00:00 [INF] Admin token set in context
2026-06-29 22:32:56.866 +00:00 [INF] ====== OnMessageReceived END - Token set: true ======
2026-06-29 22:32:56.866 +00:00 [INF] Token validated successfully for user: lengyelnorbi
2026-06-29 22:32:56.866 +00:00 [INF] Device fingerprint headers - UA: Mozilla/5.0 (Windows NT 10.0; Win64; x64) AppleWebKit/537.36 (KHTML, like Gecko) Chrome/149.0.0.0 Safari/537.36, Accept: */*, Encoding: gzip, deflate
2026-06-29 22:32:56.867 +00:00 [INF] Device fingerprint validation: Stored=+dnl/HqeUWZoa90RTxKXA37sysOj0ueJeeX3J79LuJU=, Current=+dnl/HqeUWZoa90RTxKXA37sysOj0ueJeeX3J79LuJU=
2026-06-29 22:32:56.870 +00:00 [INF] Executed DbCommand (2ms) [Parameters=[@__jti_0='?', @__userId_1='?' (DbType = Int32)], CommandType='"Text"', CommandTimeout='30']
SELECT a."ID", a."CreatedAt", a."DeviceFingerprint", a."ExpiresAt", a."IpAddress", a."IsRevoked", a."UserID", a.jti
FROM "AccessTokens" AS a
WHERE a.jti = @__jti_0 AND a."UserID" = @__userId_1 AND NOT (a."IsRevoked") AND a."ExpiresAt" > now()
LIMIT 1
2026-06-29 22:32:56.872 +00:00 [INF] Executing endpoint 'API.Controllers.PasswordController.GeneratePassword (API)'
2026-06-29 22:32:56.874 +00:00 [INF] Route matched with {action = "GeneratePassword", controller = "Password"}. Executing controller action with signature System.Threading.Tasks.Task`1[Microsoft.AspNetCore.Mvc.IActionResult] GeneratePassword() on controller API.Controllers.PasswordController (API).
2026-06-29 22:32:56.875 +00:00 [INF] Executing OkObjectResult, writing value of type '<>f__AnonymousType4`1[[System.String, System.Private.CoreLib, Version=9.0.0.0, Culture=neutral, PublicKeyToken=7cec85d7bea7798e]]'.
2026-06-29 22:32:56.876 +00:00 [INF] Executed action API.Controllers.PasswordController.GeneratePassword (API) in 2.2842ms
2026-06-29 22:32:56.876 +00:00 [INF] Executed endpoint 'API.Controllers.PasswordController.GeneratePassword (API)'
2026-06-29 22:32:56.877 +00:00 [INF] Request finished HTTP/1.1 POST http://192.168.1.4:8080/api/password/generate-password - 200 null application/json; charset=utf-8 12.7915ms
2026-06-29 22:32:58.065 +00:00 [INF] Request starting HTTP/1.1 OPTIONS http://192.168.1.4:8080/api/user - null null
2026-06-29 22:32:58.065 +00:00 [INF] CORS policy execution successful.
2026-06-29 22:32:58.066 +00:00 [INF] Request finished HTTP/1.1 OPTIONS http://192.168.1.4:8080/api/user - 204 null null 0.6891ms
2026-06-29 22:32:58.067 +00:00 [INF] Request starting HTTP/1.1 PUT http://192.168.1.4:8080/api/user - application/json 104
2026-06-29 22:32:58.068 +00:00 [INF] CORS policy execution successful.
2026-06-29 22:32:58.068 +00:00 [INF] ====== OnMessageReceived START ======
2026-06-29 22:32:58.068 +00:00 [INF] Available cookies: 2
2026-06-29 22:32:58.068 +00:00 [INF] Cookie: adminToken = 844 chars
2026-06-29 22:32:58.069 +00:00 [INF] Cookie: adminRefreshToken = 44 chars
2026-06-29 22:32:58.069 +00:00 [INF] Admin token found in cookies, length: 844
2026-06-29 22:32:58.069 +00:00 [INF] Admin token set in context
2026-06-29 22:32:58.069 +00:00 [INF] ====== OnMessageReceived END - Token set: true ======
2026-06-29 22:32:58.070 +00:00 [INF] Token validated successfully for user: lengyelnorbi
2026-06-29 22:32:58.070 +00:00 [INF] Device fingerprint headers - UA: Mozilla/5.0 (Windows NT 10.0; Win64; x64) AppleWebKit/537.36 (KHTML, like Gecko) Chrome/149.0.0.0 Safari/537.36, Accept: */*, Encoding: gzip, deflate
2026-06-29 22:32:58.070 +00:00 [INF] Device fingerprint validation: Stored=+dnl/HqeUWZoa90RTxKXA37sysOj0ueJeeX3J79LuJU=, Current=+dnl/HqeUWZoa90RTxKXA37sysOj0ueJeeX3J79LuJU=
2026-06-29 22:32:58.073 +00:00 [INF] Executed DbCommand (2ms) [Parameters=[@__jti_0='?', @__userId_1='?' (DbType = Int32)], CommandType='"Text"', CommandTimeout='30']
SELECT a."ID", a."CreatedAt", a."DeviceFingerprint", a."ExpiresAt", a."IpAddress", a."IsRevoked", a."UserID", a.jti
FROM "AccessTokens" AS a
WHERE a.jti = @__jti_0 AND a."UserID" = @__userId_1 AND NOT (a."IsRevoked") AND a."ExpiresAt" > now()
LIMIT 1
2026-06-29 22:32:58.075 +00:00 [INF] Executing endpoint 'API.Controllers.UserController.UpdateUserAsync (API)'
2026-06-29 22:32:58.076 +00:00 [INF] Route matched with {action = "UpdateUser", controller = "User"}. Executing controller action with signature System.Threading.Tasks.Task`1[Microsoft.AspNetCore.Mvc.IActionResult] UpdateUserAsync(API.Models.RequestModels.UpdateUserRequest) on controller API.Controllers.UserController (API).
2026-06-29 22:32:58.081 +00:00 [WRN] Model validation error for field 'UserUpdateDTO': The UserUpdateDTO field is required.
2026-06-29 22:32:58.082 +00:00 [INF] Executing BadRequestObjectResult, writing value of type 'Microsoft.AspNetCore.Mvc.SerializableError'.
2026-06-29 22:32:58.087 +00:00 [INF] Executed action API.Controllers.UserController.UpdateUserAsync (API) in 10.5165ms
2026-06-29 22:32:58.087 +00:00 [INF] Executed endpoint 'API.Controllers.UserController.UpdateUserAsync (API)'
2026-06-29 22:32:58.088 +00:00 [INF] Request finished HTTP/1.1 PUT http://192.168.1.4:8080/api/user - 400 null application/json; charset=utf-8 20.349ms
2026-06-29 22:34:01.473 +00:00 [INF] Application is shutting down...
2026-06-29 22:34:02.288 +00:00 [WRN] Storing keys in a directory '/home/app/.aspnet/DataProtection-Keys' that may not be persisted outside of the container. Protected data will be unavailable when container is destroyed. For more information go to https://aka.ms/aspnet/dataprotectionwarning
2026-06-29 22:34:02.311 +00:00 [INF] User profile is available. Using '/home/app/.aspnet/DataProtection-Keys' as key repository; keys will not be encrypted at rest.
2026-06-29 22:34:02.322 +00:00 [INF] Creating key {de4087dc-b590-46bf-b72d-56ba2a6dd301} with creation date 2026-06-29 22:34:02Z, activation date 2026-06-29 22:34:02Z, and expiration date 2026-09-27 22:34:02Z.
2026-06-29 22:34:02.357 +00:00 [WRN] No XML encryptor configured. Key {de4087dc-b590-46bf-b72d-56ba2a6dd301} may be persisted to storage in unencrypted form.
2026-06-29 22:34:02.359 +00:00 [INF] Writing data to file '/home/app/.aspnet/DataProtection-Keys/key-de4087dc-b590-46bf-b72d-56ba2a6dd301.xml'.
2026-06-29 22:34:02.407 +00:00 [INF] Now listening on: http://[::]:8080
2026-06-29 22:34:02.409 +00:00 [INF] Application started. Press Ctrl+C to shut down.
2026-06-29 22:34:02.410 +00:00 [INF] Hosting environment: Development
2026-06-29 22:34:02.410 +00:00 [INF] Content root path: /app
2026-06-29 22:34:06.094 +00:00 [INF] Request starting HTTP/1.1 GET http://192.168.1.4:8080/api/user?page=1&limit=10 - null null
2026-06-29 22:34:06.094 +00:00 [INF] Request starting HTTP/1.1 GET http://192.168.1.4:8080/api/user?page=1&limit=10 - null null
2026-06-29 22:34:06.109 +00:00 [WRN] Failed to determine the https port for redirect.
2026-06-29 22:34:06.111 +00:00 [INF] CORS policy execution successful.
2026-06-29 22:34:06.111 +00:00 [INF] CORS policy execution successful.
2026-06-29 22:34:06.126 +00:00 [INF] ====== OnMessageReceived START ======
2026-06-29 22:34:06.126 +00:00 [INF] ====== OnMessageReceived START ======
2026-06-29 22:34:06.127 +00:00 [INF] Available cookies: 2
2026-06-29 22:34:06.127 +00:00 [INF] Available cookies: 2
2026-06-29 22:34:06.128 +00:00 [INF] Cookie: adminToken = 844 chars
2026-06-29 22:34:06.128 +00:00 [INF] Cookie: adminToken = 844 chars
2026-06-29 22:34:06.128 +00:00 [INF] Cookie: adminRefreshToken = 44 chars
2026-06-29 22:34:06.128 +00:00 [INF] Cookie: adminRefreshToken = 44 chars
2026-06-29 22:34:06.129 +00:00 [INF] Admin token found in cookies, length: 844
2026-06-29 22:34:06.129 +00:00 [INF] Admin token found in cookies, length: 844
2026-06-29 22:34:06.129 +00:00 [INF] Admin token set in context
2026-06-29 22:34:06.129 +00:00 [INF] Admin token set in context
2026-06-29 22:34:06.129 +00:00 [INF] ====== OnMessageReceived END - Token set: true ======
2026-06-29 22:34:06.129 +00:00 [INF] ====== OnMessageReceived END - Token set: true ======
2026-06-29 22:34:06.161 +00:00 [INF] Token validated successfully for user: lengyelnorbi
2026-06-29 22:34:06.162 +00:00 [INF] Token validated successfully for user: lengyelnorbi
2026-06-29 22:34:06.170 +00:00 [INF] Device fingerprint headers - UA: Mozilla/5.0 (Windows NT 10.0; Win64; x64) AppleWebKit/537.36 (KHTML, like Gecko) Chrome/149.0.0.0 Safari/537.36, Accept: application/json, text/plain, */*, Encoding: gzip, deflate
2026-06-29 22:34:06.171 +00:00 [INF] Device fingerprint headers - UA: Mozilla/5.0 (Windows NT 10.0; Win64; x64) AppleWebKit/537.36 (KHTML, like Gecko) Chrome/149.0.0.0 Safari/537.36, Accept: application/json, text/plain, */*, Encoding: gzip, deflate
2026-06-29 22:34:06.172 +00:00 [INF] Device fingerprint validation: Stored=+dnl/HqeUWZoa90RTxKXA37sysOj0ueJeeX3J79LuJU=, Current=+dnl/HqeUWZoa90RTxKXA37sysOj0ueJeeX3J79LuJU=
2026-06-29 22:34:06.172 +00:00 [INF] Device fingerprint validation: Stored=+dnl/HqeUWZoa90RTxKXA37sysOj0ueJeeX3J79LuJU=, Current=+dnl/HqeUWZoa90RTxKXA37sysOj0ueJeeX3J79LuJU=
2026-06-29 22:34:06.895 +00:00 [INF] Executed DbCommand (31ms) [Parameters=[@__jti_0='?', @__userId_1='?' (DbType = Int32)], CommandType='"Text"', CommandTimeout='30']
SELECT a."ID", a."CreatedAt", a."DeviceFingerprint", a."ExpiresAt", a."IpAddress", a."IsRevoked", a."UserID", a.jti
FROM "AccessTokens" AS a
WHERE a.jti = @__jti_0 AND a."UserID" = @__userId_1 AND NOT (a."IsRevoked") AND a."ExpiresAt" > now()
LIMIT 1
2026-06-29 22:34:06.895 +00:00 [INF] Executed DbCommand (31ms) [Parameters=[@__jti_0='?', @__userId_1='?' (DbType = Int32)], CommandType='"Text"', CommandTimeout='30']
SELECT a."ID", a."CreatedAt", a."DeviceFingerprint", a."ExpiresAt", a."IpAddress", a."IsRevoked", a."UserID", a.jti
FROM "AccessTokens" AS a
WHERE a.jti = @__jti_0 AND a."UserID" = @__userId_1 AND NOT (a."IsRevoked") AND a."ExpiresAt" > now()
LIMIT 1
2026-06-29 22:34:06.947 +00:00 [INF] Executing endpoint 'API.Controllers.UserController.Get (API)'
2026-06-29 22:34:06.947 +00:00 [INF] Executing endpoint 'API.Controllers.UserController.Get (API)'
2026-06-29 22:34:06.958 +00:00 [INF] Route matched with {action = "Get", controller = "User"}. Executing controller action with signature System.Threading.Tasks.Task`1[API.Utils.PagedResult`1[API.DTO.UserDTO]] Get(Int32, Int32) on controller API.Controllers.UserController (API).
2026-06-29 22:34:06.958 +00:00 [INF] Route matched with {action = "Get", controller = "User"}. Executing controller action with signature System.Threading.Tasks.Task`1[API.Utils.PagedResult`1[API.DTO.UserDTO]] Get(Int32, Int32) on controller API.Controllers.UserController (API).
2026-06-29 22:34:06.985 +00:00 [INF] Executed DbCommand (3ms) [Parameters=[], CommandType='"Text"', CommandTimeout='30']
SELECT count(*)::int
FROM "Users" AS u
WHERE u."Role" <> 'Admin'
2026-06-29 22:34:06.985 +00:00 [INF] Executed DbCommand (3ms) [Parameters=[], CommandType='"Text"', CommandTimeout='30']
SELECT count(*)::int
FROM "Users" AS u
WHERE u."Role" <> 'Admin'
2026-06-29 22:34:06.996 +00:00 [INF] Executed DbCommand (1ms) [Parameters=[@__p_1='?' (DbType = Int32), @__p_0='?' (DbType = Int32)], CommandType='"Text"', CommandTimeout='30']
SELECT u."ID", u."Username", u."Email", u."RegisteredAt", u."Role"
FROM "Users" AS u
WHERE u."Role" <> 'Admin'
ORDER BY u."ID"
LIMIT @__p_1 OFFSET @__p_0
2026-06-29 22:34:06.996 +00:00 [INF] Executed DbCommand (1ms) [Parameters=[@__p_1='?' (DbType = Int32), @__p_0='?' (DbType = Int32)], CommandType='"Text"', CommandTimeout='30']
SELECT u."ID", u."Username", u."Email", u."RegisteredAt", u."Role"
FROM "Users" AS u
WHERE u."Role" <> 'Admin'
ORDER BY u."ID"
LIMIT @__p_1 OFFSET @__p_0
2026-06-29 22:34:07.003 +00:00 [INF] Executing ObjectResult, writing value of type 'API.Utils.PagedResult`1[[API.DTO.UserDTO, API, Version=1.0.0.0, Culture=neutral, PublicKeyToken=null]]'.
2026-06-29 22:34:07.003 +00:00 [INF] Executing ObjectResult, writing value of type 'API.Utils.PagedResult`1[[API.DTO.UserDTO, API, Version=1.0.0.0, Culture=neutral, PublicKeyToken=null]]'.
2026-06-29 22:34:07.034 +00:00 [INF] Executed action API.Controllers.UserController.Get (API) in 74.2056ms
2026-06-29 22:34:07.034 +00:00 [INF] Executed action API.Controllers.UserController.Get (API) in 74.3371ms
2026-06-29 22:34:07.037 +00:00 [INF] Executed endpoint 'API.Controllers.UserController.Get (API)'
2026-06-29 22:34:07.037 +00:00 [INF] Executed endpoint 'API.Controllers.UserController.Get (API)'
2026-06-29 22:34:07.044 +00:00 [INF] Request finished HTTP/1.1 GET http://192.168.1.4:8080/api/user?page=1&limit=10 - 200 null application/json; charset=utf-8 950.4382ms
2026-06-29 22:34:07.044 +00:00 [INF] Request finished HTTP/1.1 GET http://192.168.1.4:8080/api/user?page=1&limit=10 - 200 null application/json; charset=utf-8 950.4771ms
2026-06-29 22:34:10.449 +00:00 [INF] Request starting HTTP/1.1 GET http://192.168.1.4:8080/api/user?page=1&limit=10 - null null
2026-06-29 22:34:10.452 +00:00 [INF] CORS policy execution successful.
2026-06-29 22:34:10.454 +00:00 [INF] ====== OnMessageReceived START ======
2026-06-29 22:34:10.454 +00:00 [INF] Available cookies: 2
2026-06-29 22:34:10.454 +00:00 [INF] Cookie: adminToken = 844 chars
2026-06-29 22:34:10.455 +00:00 [INF] Cookie: adminRefreshToken = 44 chars
2026-06-29 22:34:10.455 +00:00 [INF] Admin token found in cookies, length: 844
2026-06-29 22:34:10.455 +00:00 [INF] Admin token set in context
2026-06-29 22:34:10.455 +00:00 [INF] ====== OnMessageReceived END - Token set: true ======
2026-06-29 22:34:10.456 +00:00 [INF] Token validated successfully for user: lengyelnorbi
2026-06-29 22:34:10.457 +00:00 [INF] Device fingerprint headers - UA: Mozilla/5.0 (Windows NT 10.0; Win64; x64) AppleWebKit/537.36 (KHTML, like Gecko) Chrome/149.0.0.0 Safari/537.36, Accept: application/json, text/plain, */*, Encoding: gzip, deflate
2026-06-29 22:34:10.457 +00:00 [INF] Device fingerprint validation: Stored=+dnl/HqeUWZoa90RTxKXA37sysOj0ueJeeX3J79LuJU=, Current=+dnl/HqeUWZoa90RTxKXA37sysOj0ueJeeX3J79LuJU=
2026-06-29 22:34:10.498 +00:00 [INF] Executed DbCommand (1ms) [Parameters=[@__jti_0='?', @__userId_1='?' (DbType = Int32)], CommandType='"Text"', CommandTimeout='30']
SELECT a."ID", a."CreatedAt", a."DeviceFingerprint", a."ExpiresAt", a."IpAddress", a."IsRevoked", a."UserID", a.jti
FROM "AccessTokens" AS a
WHERE a.jti = @__jti_0 AND a."UserID" = @__userId_1 AND NOT (a."IsRevoked") AND a."ExpiresAt" > now()
LIMIT 1
2026-06-29 22:34:10.499 +00:00 [INF] Executing endpoint 'API.Controllers.UserController.Get (API)'
2026-06-29 22:34:10.499 +00:00 [INF] Route matched with {action = "Get", controller = "User"}. Executing controller action with signature System.Threading.Tasks.Task`1[API.Utils.PagedResult`1[API.DTO.UserDTO]] Get(Int32, Int32) on controller API.Controllers.UserController (API).
2026-06-29 22:34:10.501 +00:00 [INF] Executed DbCommand (1ms) [Parameters=[], CommandType='"Text"', CommandTimeout='30']
SELECT count(*)::int
FROM "Users" AS u
WHERE u."Role" <> 'Admin'
2026-06-29 22:34:10.503 +00:00 [INF] Executed DbCommand (1ms) [Parameters=[@__p_1='?' (DbType = Int32), @__p_0='?' (DbType = Int32)], CommandType='"Text"', CommandTimeout='30']
SELECT u."ID", u."Username", u."Email", u."RegisteredAt", u."Role"
FROM "Users" AS u
WHERE u."Role" <> 'Admin'
ORDER BY u."ID"
LIMIT @__p_1 OFFSET @__p_0
2026-06-29 22:34:10.504 +00:00 [INF] Executing ObjectResult, writing value of type 'API.Utils.PagedResult`1[[API.DTO.UserDTO, API, Version=1.0.0.0, Culture=neutral, PublicKeyToken=null]]'.
2026-06-29 22:34:10.504 +00:00 [INF] Executed action API.Controllers.UserController.Get (API) in 4.8934ms
2026-06-29 22:34:10.504 +00:00 [INF] Executed endpoint 'API.Controllers.UserController.Get (API)'
2026-06-29 22:34:10.505 +00:00 [INF] Request finished HTTP/1.1 GET http://192.168.1.4:8080/api/user?page=1&limit=10 - 200 null application/json; charset=utf-8 56.0168ms
2026-06-29 22:34:14.778 +00:00 [INF] Request starting HTTP/1.1 OPTIONS http://192.168.1.4:8080/api/password/generate-password - null null
2026-06-29 22:34:14.778 +00:00 [INF] CORS policy execution successful.
2026-06-29 22:34:14.779 +00:00 [INF] Request finished HTTP/1.1 OPTIONS http://192.168.1.4:8080/api/password/generate-password - 204 null null 1.6626ms
2026-06-29 22:34:14.781 +00:00 [INF] Request starting HTTP/1.1 POST http://192.168.1.4:8080/api/password/generate-password - application/json 0
2026-06-29 22:34:14.782 +00:00 [INF] CORS policy execution successful.
2026-06-29 22:34:14.782 +00:00 [INF] ====== OnMessageReceived START ======
2026-06-29 22:34:14.782 +00:00 [INF] Available cookies: 2
2026-06-29 22:34:14.783 +00:00 [INF] Cookie: adminToken = 844 chars
2026-06-29 22:34:14.783 +00:00 [INF] Cookie: adminRefreshToken = 44 chars
2026-06-29 22:34:14.783 +00:00 [INF] Admin token found in cookies, length: 844
2026-06-29 22:34:14.783 +00:00 [INF] Admin token set in context
2026-06-29 22:34:14.783 +00:00 [INF] ====== OnMessageReceived END - Token set: true ======
2026-06-29 22:34:14.784 +00:00 [INF] Token validated successfully for user: lengyelnorbi
2026-06-29 22:34:14.784 +00:00 [INF] Device fingerprint headers - UA: Mozilla/5.0 (Windows NT 10.0; Win64; x64) AppleWebKit/537.36 (KHTML, like Gecko) Chrome/149.0.0.0 Safari/537.36, Accept: */*, Encoding: gzip, deflate
2026-06-29 22:34:14.784 +00:00 [INF] Device fingerprint validation: Stored=+dnl/HqeUWZoa90RTxKXA37sysOj0ueJeeX3J79LuJU=, Current=+dnl/HqeUWZoa90RTxKXA37sysOj0ueJeeX3J79LuJU=
2026-06-29 22:34:14.787 +00:00 [INF] Executed DbCommand (1ms) [Parameters=[@__jti_0='?', @__userId_1='?' (DbType = Int32)], CommandType='"Text"', CommandTimeout='30']
SELECT a."ID", a."CreatedAt", a."DeviceFingerprint", a."ExpiresAt", a."IpAddress", a."IsRevoked", a."UserID", a.jti
FROM "AccessTokens" AS a
WHERE a.jti = @__jti_0 AND a."UserID" = @__userId_1 AND NOT (a."IsRevoked") AND a."ExpiresAt" > now()
LIMIT 1
2026-06-29 22:34:14.790 +00:00 [INF] Executing endpoint 'API.Controllers.PasswordController.GeneratePassword (API)'
2026-06-29 22:34:14.793 +00:00 [INF] Route matched with {action = "GeneratePassword", controller = "Password"}. Executing controller action with signature System.Threading.Tasks.Task`1[Microsoft.AspNetCore.Mvc.IActionResult] GeneratePassword() on controller API.Controllers.PasswordController (API).
2026-06-29 22:34:14.794 +00:00 [INF] Executing OkObjectResult, writing value of type '<>f__AnonymousType4`1[[System.String, System.Private.CoreLib, Version=9.0.0.0, Culture=neutral, PublicKeyToken=7cec85d7bea7798e]]'.
2026-06-29 22:34:14.799 +00:00 [INF] Executed action API.Controllers.PasswordController.GeneratePassword (API) in 6.5006ms
2026-06-29 22:34:14.800 +00:00 [INF] Executed endpoint 'API.Controllers.PasswordController.GeneratePassword (API)'
2026-06-29 22:34:14.800 +00:00 [INF] Request finished HTTP/1.1 POST http://192.168.1.4:8080/api/password/generate-password - 200 null application/json; charset=utf-8 18.8223ms
2026-06-29 22:34:15.462 +00:00 [INF] Request starting HTTP/1.1 OPTIONS http://192.168.1.4:8080/api/user - null null
2026-06-29 22:34:15.463 +00:00 [INF] CORS policy execution successful.
2026-06-29 22:34:15.463 +00:00 [INF] Request finished HTTP/1.1 OPTIONS http://192.168.1.4:8080/api/user - 204 null null 0.6795ms
2026-06-29 22:34:15.465 +00:00 [INF] Request starting HTTP/1.1 PUT http://192.168.1.4:8080/api/user - application/json 105
2026-06-29 22:34:15.466 +00:00 [INF] CORS policy execution successful.
2026-06-29 22:34:15.466 +00:00 [INF] ====== OnMessageReceived START ======
2026-06-29 22:34:15.466 +00:00 [INF] Available cookies: 2
2026-06-29 22:34:15.466 +00:00 [INF] Cookie: adminToken = 844 chars
2026-06-29 22:34:15.467 +00:00 [INF] Cookie: adminRefreshToken = 44 chars
2026-06-29 22:34:15.467 +00:00 [INF] Admin token found in cookies, length: 844
2026-06-29 22:34:15.467 +00:00 [INF] Admin token set in context
2026-06-29 22:34:15.467 +00:00 [INF] ====== OnMessageReceived END - Token set: true ======
2026-06-29 22:34:15.467 +00:00 [INF] Token validated successfully for user: lengyelnorbi
2026-06-29 22:34:15.468 +00:00 [INF] Device fingerprint headers - UA: Mozilla/5.0 (Windows NT 10.0; Win64; x64) AppleWebKit/537.36 (KHTML, like Gecko) Chrome/149.0.0.0 Safari/537.36, Accept: */*, Encoding: gzip, deflate
2026-06-29 22:34:15.468 +00:00 [INF] Device fingerprint validation: Stored=+dnl/HqeUWZoa90RTxKXA37sysOj0ueJeeX3J79LuJU=, Current=+dnl/HqeUWZoa90RTxKXA37sysOj0ueJeeX3J79LuJU=
2026-06-29 22:34:15.471 +00:00 [INF] Executed DbCommand (2ms) [Parameters=[@__jti_0='?', @__userId_1='?' (DbType = Int32)], CommandType='"Text"', CommandTimeout='30']
SELECT a."ID", a."CreatedAt", a."DeviceFingerprint", a."ExpiresAt", a."IpAddress", a."IsRevoked", a."UserID", a.jti
FROM "AccessTokens" AS a
WHERE a.jti = @__jti_0 AND a."UserID" = @__userId_1 AND NOT (a."IsRevoked") AND a."ExpiresAt" > now()
LIMIT 1
2026-06-29 22:34:15.473 +00:00 [INF] Executing endpoint 'API.Controllers.UserController.UpdateUserAsync (API)'
2026-06-29 22:34:15.475 +00:00 [INF] Route matched with {action = "UpdateUser", controller = "User"}. Executing controller action with signature System.Threading.Tasks.Task`1[Microsoft.AspNetCore.Mvc.IActionResult] UpdateUserAsync(API.Models.RequestModels.UpdateUserRequest) on controller API.Controllers.UserController (API).
2026-06-29 22:34:15.493 +00:00 [INF] API.Models.RequestModels.UpdateUserRequest
2026-06-29 22:34:15.494 +00:00 [INF] Executing BadRequestObjectResult, writing value of type 'System.String'.
2026-06-29 22:34:15.494 +00:00 [INF] Executed action API.Controllers.UserController.UpdateUserAsync (API) in 18.4815ms
2026-06-29 22:34:15.494 +00:00 [INF] Executed endpoint 'API.Controllers.UserController.UpdateUserAsync (API)'
2026-06-29 22:34:15.495 +00:00 [INF] Request finished HTTP/1.1 PUT http://192.168.1.4:8080/api/user - 400 null text/plain; charset=utf-8 29.3219ms
2026-06-29 22:36:54.423 +00:00 [INF] Application is shutting down...
2026-06-29 22:36:55.256 +00:00 [WRN] Storing keys in a directory '/home/app/.aspnet/DataProtection-Keys' that may not be persisted outside of the container. Protected data will be unavailable when container is destroyed. For more information go to https://aka.ms/aspnet/dataprotectionwarning
2026-06-29 22:36:55.280 +00:00 [INF] User profile is available. Using '/home/app/.aspnet/DataProtection-Keys' as key repository; keys will not be encrypted at rest.
2026-06-29 22:36:55.291 +00:00 [INF] Creating key {96e57bc8-3b43-4c5d-9315-cdb0aaad0cae} with creation date 2026-06-29 22:36:55Z, activation date 2026-06-29 22:36:55Z, and expiration date 2026-09-27 22:36:55Z.
2026-06-29 22:36:55.328 +00:00 [WRN] No XML encryptor configured. Key {96e57bc8-3b43-4c5d-9315-cdb0aaad0cae} may be persisted to storage in unencrypted form.
2026-06-29 22:36:55.331 +00:00 [INF] Writing data to file '/home/app/.aspnet/DataProtection-Keys/key-96e57bc8-3b43-4c5d-9315-cdb0aaad0cae.xml'.
2026-06-29 22:36:55.384 +00:00 [INF] Now listening on: http://[::]:8080
2026-06-29 22:36:55.386 +00:00 [INF] Application started. Press Ctrl+C to shut down.
2026-06-29 22:36:55.387 +00:00 [INF] Hosting environment: Development
2026-06-29 22:36:55.387 +00:00 [INF] Content root path: /app
2026-06-29 22:36:57.797 +00:00 [INF] Request starting HTTP/1.1 GET http://192.168.1.4:8080/api/user?page=1&limit=10 - null null
2026-06-29 22:36:57.797 +00:00 [INF] Request starting HTTP/1.1 GET http://192.168.1.4:8080/api/user?page=1&limit=10 - null null
2026-06-29 22:36:57.811 +00:00 [WRN] Failed to determine the https port for redirect.
2026-06-29 22:36:57.814 +00:00 [INF] CORS policy execution successful.
2026-06-29 22:36:57.814 +00:00 [INF] CORS policy execution successful.
2026-06-29 22:36:57.828 +00:00 [INF] ====== OnMessageReceived START ======
2026-06-29 22:36:57.828 +00:00 [INF] ====== OnMessageReceived START ======
2026-06-29 22:36:57.830 +00:00 [INF] Available cookies: 2
2026-06-29 22:36:57.830 +00:00 [INF] Available cookies: 2
2026-06-29 22:36:57.831 +00:00 [INF] Cookie: adminToken = 844 chars
2026-06-29 22:36:57.831 +00:00 [INF] Cookie: adminToken = 844 chars
2026-06-29 22:36:57.831 +00:00 [INF] Cookie: adminRefreshToken = 44 chars
2026-06-29 22:36:57.831 +00:00 [INF] Cookie: adminRefreshToken = 44 chars
2026-06-29 22:36:57.831 +00:00 [INF] Admin token found in cookies, length: 844
2026-06-29 22:36:57.831 +00:00 [INF] Admin token found in cookies, length: 844
2026-06-29 22:36:57.832 +00:00 [INF] Admin token set in context
2026-06-29 22:36:57.832 +00:00 [INF] Admin token set in context
2026-06-29 22:36:57.832 +00:00 [INF] ====== OnMessageReceived END - Token set: true ======
2026-06-29 22:36:57.832 +00:00 [INF] ====== OnMessageReceived END - Token set: true ======
2026-06-29 22:36:57.864 +00:00 [INF] Token validated successfully for user: lengyelnorbi
2026-06-29 22:36:57.864 +00:00 [INF] Token validated successfully for user: lengyelnorbi
2026-06-29 22:36:57.865 +00:00 [INF] Device fingerprint headers - UA: Mozilla/5.0 (Windows NT 10.0; Win64; x64) AppleWebKit/537.36 (KHTML, like Gecko) Chrome/149.0.0.0 Safari/537.36, Accept: application/json, text/plain, */*, Encoding: gzip, deflate
2026-06-29 22:36:57.865 +00:00 [INF] Device fingerprint headers - UA: Mozilla/5.0 (Windows NT 10.0; Win64; x64) AppleWebKit/537.36 (KHTML, like Gecko) Chrome/149.0.0.0 Safari/537.36, Accept: application/json, text/plain, */*, Encoding: gzip, deflate
2026-06-29 22:36:57.865 +00:00 [INF] Device fingerprint validation: Stored=+dnl/HqeUWZoa90RTxKXA37sysOj0ueJeeX3J79LuJU=, Current=+dnl/HqeUWZoa90RTxKXA37sysOj0ueJeeX3J79LuJU=
2026-06-29 22:36:57.865 +00:00 [INF] Device fingerprint validation: Stored=+dnl/HqeUWZoa90RTxKXA37sysOj0ueJeeX3J79LuJU=, Current=+dnl/HqeUWZoa90RTxKXA37sysOj0ueJeeX3J79LuJU=
2026-06-29 22:36:58.545 +00:00 [INF] Executed DbCommand (37ms) [Parameters=[@__jti_0='?', @__userId_1='?' (DbType = Int32)], CommandType='"Text"', CommandTimeout='30']
SELECT a."ID", a."CreatedAt", a."DeviceFingerprint", a."ExpiresAt", a."IpAddress", a."IsRevoked", a."UserID", a.jti
FROM "AccessTokens" AS a
WHERE a.jti = @__jti_0 AND a."UserID" = @__userId_1 AND NOT (a."IsRevoked") AND a."ExpiresAt" > now()
LIMIT 1
2026-06-29 22:36:58.545 +00:00 [INF] Executed DbCommand (37ms) [Parameters=[@__jti_0='?', @__userId_1='?' (DbType = Int32)], CommandType='"Text"', CommandTimeout='30']
SELECT a."ID", a."CreatedAt", a."DeviceFingerprint", a."ExpiresAt", a."IpAddress", a."IsRevoked", a."UserID", a.jti
FROM "AccessTokens" AS a
WHERE a.jti = @__jti_0 AND a."UserID" = @__userId_1 AND NOT (a."IsRevoked") AND a."ExpiresAt" > now()
LIMIT 1
2026-06-29 22:36:58.599 +00:00 [INF] Executing endpoint 'API.Controllers.UserController.Get (API)'
2026-06-29 22:36:58.599 +00:00 [INF] Executing endpoint 'API.Controllers.UserController.Get (API)'
2026-06-29 22:36:58.612 +00:00 [INF] Route matched with {action = "Get", controller = "User"}. Executing controller action with signature System.Threading.Tasks.Task`1[API.Utils.PagedResult`1[API.DTO.UserDTO]] Get(Int32, Int32) on controller API.Controllers.UserController (API).
2026-06-29 22:36:58.612 +00:00 [INF] Route matched with {action = "Get", controller = "User"}. Executing controller action with signature System.Threading.Tasks.Task`1[API.Utils.PagedResult`1[API.DTO.UserDTO]] Get(Int32, Int32) on controller API.Controllers.UserController (API).
2026-06-29 22:36:58.641 +00:00 [INF] Executed DbCommand (3ms) [Parameters=[], CommandType='"Text"', CommandTimeout='30']
SELECT count(*)::int
FROM "Users" AS u
WHERE u."Role" <> 'Admin'
2026-06-29 22:36:58.641 +00:00 [INF] Executed DbCommand (3ms) [Parameters=[], CommandType='"Text"', CommandTimeout='30']
SELECT count(*)::int
FROM "Users" AS u
WHERE u."Role" <> 'Admin'
2026-06-29 22:36:58.653 +00:00 [INF] Executed DbCommand (1ms) [Parameters=[@__p_1='?' (DbType = Int32), @__p_0='?' (DbType = Int32)], CommandType='"Text"', CommandTimeout='30']
SELECT u."ID", u."Username", u."Email", u."RegisteredAt", u."Role"
FROM "Users" AS u
WHERE u."Role" <> 'Admin'
ORDER BY u."ID"
LIMIT @__p_1 OFFSET @__p_0
2026-06-29 22:36:58.653 +00:00 [INF] Executed DbCommand (2ms) [Parameters=[@__p_1='?' (DbType = Int32), @__p_0='?' (DbType = Int32)], CommandType='"Text"', CommandTimeout='30']
SELECT u."ID", u."Username", u."Email", u."RegisteredAt", u."Role"
FROM "Users" AS u
WHERE u."Role" <> 'Admin'
ORDER BY u."ID"
LIMIT @__p_1 OFFSET @__p_0
2026-06-29 22:36:58.660 +00:00 [INF] Executing ObjectResult, writing value of type 'API.Utils.PagedResult`1[[API.DTO.UserDTO, API, Version=1.0.0.0, Culture=neutral, PublicKeyToken=null]]'.
2026-06-29 22:36:58.660 +00:00 [INF] Executing ObjectResult, writing value of type 'API.Utils.PagedResult`1[[API.DTO.UserDTO, API, Version=1.0.0.0, Culture=neutral, PublicKeyToken=null]]'.
2026-06-29 22:36:58.702 +00:00 [INF] Executed action API.Controllers.UserController.Get (API) in 87.9675ms
2026-06-29 22:36:58.702 +00:00 [INF] Executed action API.Controllers.UserController.Get (API) in 88.0814ms
2026-06-29 22:36:58.705 +00:00 [INF] Executed endpoint 'API.Controllers.UserController.Get (API)'
2026-06-29 22:36:58.705 +00:00 [INF] Executed endpoint 'API.Controllers.UserController.Get (API)'
2026-06-29 22:36:58.711 +00:00 [INF] Request finished HTTP/1.1 GET http://192.168.1.4:8080/api/user?page=1&limit=10 - 200 null application/json; charset=utf-8 915.3774ms
2026-06-29 22:36:58.711 +00:00 [INF] Request finished HTTP/1.1 GET http://192.168.1.4:8080/api/user?page=1&limit=10 - 200 null application/json; charset=utf-8 915.4123ms
2026-06-29 22:37:01.016 +00:00 [INF] Request starting HTTP/1.1 GET http://192.168.1.4:8080/api/user?page=1&limit=10 - null null
2026-06-29 22:37:01.018 +00:00 [INF] CORS policy execution successful.
2026-06-29 22:37:01.020 +00:00 [INF] ====== OnMessageReceived START ======
2026-06-29 22:37:01.020 +00:00 [INF] Available cookies: 2
2026-06-29 22:37:01.020 +00:00 [INF] Cookie: adminToken = 844 chars
2026-06-29 22:37:01.021 +00:00 [INF] Cookie: adminRefreshToken = 44 chars
2026-06-29 22:37:01.021 +00:00 [INF] Admin token found in cookies, length: 844
2026-06-29 22:37:01.021 +00:00 [INF] Admin token set in context
2026-06-29 22:37:01.021 +00:00 [INF] ====== OnMessageReceived END - Token set: true ======
2026-06-29 22:37:01.022 +00:00 [INF] Token validated successfully for user: lengyelnorbi
2026-06-29 22:37:01.022 +00:00 [INF] Device fingerprint headers - UA: Mozilla/5.0 (Windows NT 10.0; Win64; x64) AppleWebKit/537.36 (KHTML, like Gecko) Chrome/149.0.0.0 Safari/537.36, Accept: application/json, text/plain, */*, Encoding: gzip, deflate
2026-06-29 22:37:01.023 +00:00 [INF] Device fingerprint validation: Stored=+dnl/HqeUWZoa90RTxKXA37sysOj0ueJeeX3J79LuJU=, Current=+dnl/HqeUWZoa90RTxKXA37sysOj0ueJeeX3J79LuJU=
2026-06-29 22:37:01.069 +00:00 [INF] Executed DbCommand (2ms) [Parameters=[@__jti_0='?', @__userId_1='?' (DbType = Int32)], CommandType='"Text"', CommandTimeout='30']
SELECT a."ID", a."CreatedAt", a."DeviceFingerprint", a."ExpiresAt", a."IpAddress", a."IsRevoked", a."UserID", a.jti
FROM "AccessTokens" AS a
WHERE a.jti = @__jti_0 AND a."UserID" = @__userId_1 AND NOT (a."IsRevoked") AND a."ExpiresAt" > now()
LIMIT 1
2026-06-29 22:37:01.070 +00:00 [INF] Executing endpoint 'API.Controllers.UserController.Get (API)'
2026-06-29 22:37:01.071 +00:00 [INF] Route matched with {action = "Get", controller = "User"}. Executing controller action with signature System.Threading.Tasks.Task`1[API.Utils.PagedResult`1[API.DTO.UserDTO]] Get(Int32, Int32) on controller API.Controllers.UserController (API).
2026-06-29 22:37:01.073 +00:00 [INF] Executed DbCommand (1ms) [Parameters=[], CommandType='"Text"', CommandTimeout='30']
SELECT count(*)::int
FROM "Users" AS u
WHERE u."Role" <> 'Admin'
2026-06-29 22:37:01.076 +00:00 [INF] Executed DbCommand (2ms) [Parameters=[@__p_1='?' (DbType = Int32), @__p_0='?' (DbType = Int32)], CommandType='"Text"', CommandTimeout='30']
SELECT u."ID", u."Username", u."Email", u."RegisteredAt", u."Role"
FROM "Users" AS u
WHERE u."Role" <> 'Admin'
ORDER BY u."ID"
LIMIT @__p_1 OFFSET @__p_0
2026-06-29 22:37:01.076 +00:00 [INF] Executing ObjectResult, writing value of type 'API.Utils.PagedResult`1[[API.DTO.UserDTO, API, Version=1.0.0.0, Culture=neutral, PublicKeyToken=null]]'.
2026-06-29 22:37:01.077 +00:00 [INF] Executed action API.Controllers.UserController.Get (API) in 6.1076ms
2026-06-29 22:37:01.077 +00:00 [INF] Executed endpoint 'API.Controllers.UserController.Get (API)'
2026-06-29 22:37:01.078 +00:00 [INF] Request finished HTTP/1.1 GET http://192.168.1.4:8080/api/user?page=1&limit=10 - 200 null application/json; charset=utf-8 61.114ms
2026-06-29 22:37:04.418 +00:00 [INF] Request starting HTTP/1.1 OPTIONS http://192.168.1.4:8080/api/password/generate-password - null null
2026-06-29 22:37:04.419 +00:00 [INF] CORS policy execution successful.
2026-06-29 22:37:04.420 +00:00 [INF] Request finished HTTP/1.1 OPTIONS http://192.168.1.4:8080/api/password/generate-password - 204 null null 1.8993ms
2026-06-29 22:37:04.422 +00:00 [INF] Request starting HTTP/1.1 POST http://192.168.1.4:8080/api/password/generate-password - application/json 0
2026-06-29 22:37:04.422 +00:00 [INF] CORS policy execution successful.
2026-06-29 22:37:04.423 +00:00 [INF] ====== OnMessageReceived START ======
2026-06-29 22:37:04.423 +00:00 [INF] Available cookies: 2
2026-06-29 22:37:04.423 +00:00 [INF] Cookie: adminToken = 844 chars
2026-06-29 22:37:04.424 +00:00 [INF] Cookie: adminRefreshToken = 44 chars
2026-06-29 22:37:04.424 +00:00 [INF] Admin token found in cookies, length: 844
2026-06-29 22:37:04.424 +00:00 [INF] Admin token set in context
2026-06-29 22:37:04.424 +00:00 [INF] ====== OnMessageReceived END - Token set: true ======
2026-06-29 22:37:04.425 +00:00 [INF] Token validated successfully for user: lengyelnorbi
2026-06-29 22:37:04.425 +00:00 [INF] Device fingerprint headers - UA: Mozilla/5.0 (Windows NT 10.0; Win64; x64) AppleWebKit/537.36 (KHTML, like Gecko) Chrome/149.0.0.0 Safari/537.36, Accept: */*, Encoding: gzip, deflate
2026-06-29 22:37:04.425 +00:00 [INF] Device fingerprint validation: Stored=+dnl/HqeUWZoa90RTxKXA37sysOj0ueJeeX3J79LuJU=, Current=+dnl/HqeUWZoa90RTxKXA37sysOj0ueJeeX3J79LuJU=
2026-06-29 22:37:04.428 +00:00 [INF] Executed DbCommand (2ms) [Parameters=[@__jti_0='?', @__userId_1='?' (DbType = Int32)], CommandType='"Text"', CommandTimeout='30']
SELECT a."ID", a."CreatedAt", a."DeviceFingerprint", a."ExpiresAt", a."IpAddress", a."IsRevoked", a."UserID", a.jti
FROM "AccessTokens" AS a
WHERE a.jti = @__jti_0 AND a."UserID" = @__userId_1 AND NOT (a."IsRevoked") AND a."ExpiresAt" > now()
LIMIT 1
2026-06-29 22:37:04.431 +00:00 [INF] Executing endpoint 'API.Controllers.PasswordController.GeneratePassword (API)'
2026-06-29 22:37:04.434 +00:00 [INF] Route matched with {action = "GeneratePassword", controller = "Password"}. Executing controller action with signature System.Threading.Tasks.Task`1[Microsoft.AspNetCore.Mvc.IActionResult] GeneratePassword() on controller API.Controllers.PasswordController (API).
2026-06-29 22:37:04.436 +00:00 [INF] Executing OkObjectResult, writing value of type '<>f__AnonymousType4`1[[System.String, System.Private.CoreLib, Version=9.0.0.0, Culture=neutral, PublicKeyToken=7cec85d7bea7798e]]'.
2026-06-29 22:37:04.440 +00:00 [INF] Executed action API.Controllers.PasswordController.GeneratePassword (API) in 5.92ms
2026-06-29 22:37:04.440 +00:00 [INF] Executed endpoint 'API.Controllers.PasswordController.GeneratePassword (API)'
2026-06-29 22:37:04.441 +00:00 [INF] Request finished HTTP/1.1 POST http://192.168.1.4:8080/api/password/generate-password - 200 null application/json; charset=utf-8 18.9797ms
2026-06-29 22:37:05.014 +00:00 [INF] Request starting HTTP/1.1 OPTIONS http://192.168.1.4:8080/api/user - null null
2026-06-29 22:37:05.015 +00:00 [INF] CORS policy execution successful.
2026-06-29 22:37:05.015 +00:00 [INF] Request finished HTTP/1.1 OPTIONS http://192.168.1.4:8080/api/user - 204 null null 0.7797ms
2026-06-29 22:37:05.018 +00:00 [INF] Request starting HTTP/1.1 PUT http://192.168.1.4:8080/api/user - application/json 107
2026-06-29 22:37:05.019 +00:00 [INF] CORS policy execution successful.
2026-06-29 22:37:05.019 +00:00 [INF] ====== OnMessageReceived START ======
2026-06-29 22:37:05.019 +00:00 [INF] Available cookies: 2
2026-06-29 22:37:05.020 +00:00 [INF] Cookie: adminToken = 844 chars
2026-06-29 22:37:05.020 +00:00 [INF] Cookie: adminRefreshToken = 44 chars
2026-06-29 22:37:05.020 +00:00 [INF] Admin token found in cookies, length: 844
2026-06-29 22:37:05.020 +00:00 [INF] Admin token set in context
2026-06-29 22:37:05.020 +00:00 [INF] ====== OnMessageReceived END - Token set: true ======
2026-06-29 22:37:05.021 +00:00 [INF] Token validated successfully for user: lengyelnorbi
2026-06-29 22:37:05.021 +00:00 [INF] Device fingerprint headers - UA: Mozilla/5.0 (Windows NT 10.0; Win64; x64) AppleWebKit/537.36 (KHTML, like Gecko) Chrome/149.0.0.0 Safari/537.36, Accept: */*, Encoding: gzip, deflate
2026-06-29 22:37:05.021 +00:00 [INF] Device fingerprint validation: Stored=+dnl/HqeUWZoa90RTxKXA37sysOj0ueJeeX3J79LuJU=, Current=+dnl/HqeUWZoa90RTxKXA37sysOj0ueJeeX3J79LuJU=
2026-06-29 22:37:05.024 +00:00 [INF] Executed DbCommand (2ms) [Parameters=[@__jti_0='?', @__userId_1='?' (DbType = Int32)], CommandType='"Text"', CommandTimeout='30']
SELECT a."ID", a."CreatedAt", a."DeviceFingerprint", a."ExpiresAt", a."IpAddress", a."IsRevoked", a."UserID", a.jti
FROM "AccessTokens" AS a
WHERE a.jti = @__jti_0 AND a."UserID" = @__userId_1 AND NOT (a."IsRevoked") AND a."ExpiresAt" > now()
LIMIT 1
2026-06-29 22:37:05.027 +00:00 [INF] Executing endpoint 'API.Controllers.UserController.UpdateUserAsync (API)'
2026-06-29 22:37:05.030 +00:00 [INF] Route matched with {action = "UpdateUser", controller = "User"}. Executing controller action with signature System.Threading.Tasks.Task`1[Microsoft.AspNetCore.Mvc.IActionResult] UpdateUserAsync(API.Models.RequestModels.UpdateUserRequest) on controller API.Controllers.UserController (API).
2026-06-29 22:37:05.051 +00:00 [INF] API.Models.RequestModels.UpdateUserRequest
2026-06-29 22:37:05.052 +00:00 [INF] API.Models.RequestModels.UpdateUserRequest
2026-06-29 22:37:05.064 +00:00 [INF] Executed DbCommand (2ms) [Parameters=[@__p_0='?' (DbType = Int32)], CommandType='"Text"', CommandTimeout='30']
SELECT u."ID", u."Email", u."PasswordHash", u."RegisteredAt", u."Role", u."Username"
FROM "Users" AS u
WHERE u."ID" = @__p_0
LIMIT 1
2026-06-29 22:37:05.065 +00:00 [WRN] User with ID 0 not found
2026-06-29 22:37:05.066 +00:00 [INF] Executing BadRequestObjectResult, writing value of type 'System.String'.
2026-06-29 22:37:05.066 +00:00 [INF] Executed action API.Controllers.UserController.UpdateUserAsync (API) in 35.7666ms
2026-06-29 22:37:05.067 +00:00 [INF] Executed endpoint 'API.Controllers.UserController.UpdateUserAsync (API)'
2026-06-29 22:37:05.067 +00:00 [INF] Request finished HTTP/1.1 PUT http://192.168.1.4:8080/api/user - 400 null text/plain; charset=utf-8 48.3913ms
2026-06-29 22:39:06.285 +00:00 [INF] Request starting HTTP/1.1 OPTIONS http://192.168.1.4:8080/api/auth/refresh - null null
2026-06-29 22:39:06.286 +00:00 [INF] CORS policy execution successful.
2026-06-29 22:39:06.286 +00:00 [INF] Request finished HTTP/1.1 OPTIONS http://192.168.1.4:8080/api/auth/refresh - 204 null null 0.9147ms
2026-06-29 22:39:06.289 +00:00 [INF] Request starting HTTP/1.1 POST http://192.168.1.4:8080/api/auth/refresh - application/json 18
2026-06-29 22:39:06.290 +00:00 [INF] CORS policy execution successful.
2026-06-29 22:39:06.290 +00:00 [INF] ====== OnMessageReceived START ======
2026-06-29 22:39:06.291 +00:00 [INF] Available cookies: 1
2026-06-29 22:39:06.291 +00:00 [INF] Cookie: adminRefreshToken = 44 chars
2026-06-29 22:39:06.291 +00:00 [WRN] NO TOKEN FOUND IN COOKIES!
2026-06-29 22:39:06.291 +00:00 [INF] ====== OnMessageReceived END - Token set: false ======
2026-06-29 22:39:06.293 +00:00 [INF] Authorization failed. These requirements were not met:
DenyAnonymousAuthorizationRequirement: Requires an authenticated user.
2026-06-29 22:39:06.295 +00:00 [INF] AuthenticationScheme: Bearer was challenged.
2026-06-29 22:39:06.296 +00:00 [INF] Request finished HTTP/1.1 POST http://192.168.1.4:8080/api/auth/refresh - 401 0 null 6.4945ms
2026-06-29 22:39:09.637 +00:00 [INF] Application is shutting down...
2026-06-29 22:39:10.474 +00:00 [WRN] Storing keys in a directory '/home/app/.aspnet/DataProtection-Keys' that may not be persisted outside of the container. Protected data will be unavailable when container is destroyed. For more information go to https://aka.ms/aspnet/dataprotectionwarning
2026-06-29 22:39:10.497 +00:00 [INF] User profile is available. Using '/home/app/.aspnet/DataProtection-Keys' as key repository; keys will not be encrypted at rest.
2026-06-29 22:39:10.508 +00:00 [INF] Creating key {e0a063ad-14f6-4d58-92c3-bb7bf6cb096b} with creation date 2026-06-29 22:39:10Z, activation date 2026-06-29 22:39:10Z, and expiration date 2026-09-27 22:39:10Z.
2026-06-29 22:39:10.545 +00:00 [WRN] No XML encryptor configured. Key {e0a063ad-14f6-4d58-92c3-bb7bf6cb096b} may be persisted to storage in unencrypted form.
2026-06-29 22:39:10.547 +00:00 [INF] Writing data to file '/home/app/.aspnet/DataProtection-Keys/key-e0a063ad-14f6-4d58-92c3-bb7bf6cb096b.xml'.
2026-06-29 22:39:10.596 +00:00 [INF] Now listening on: http://[::]:8080
2026-06-29 22:39:10.598 +00:00 [INF] Application started. Press Ctrl+C to shut down.
2026-06-29 22:39:10.598 +00:00 [INF] Hosting environment: Development
2026-06-29 22:39:10.598 +00:00 [INF] Content root path: /app
2026-06-29 22:39:12.881 +00:00 [INF] Request starting HTTP/1.1 OPTIONS http://192.168.1.4:8080/api/auth - null null
2026-06-29 22:39:12.894 +00:00 [WRN] Failed to determine the https port for redirect.
2026-06-29 22:39:12.897 +00:00 [INF] CORS policy execution successful.
2026-06-29 22:39:12.904 +00:00 [INF] Request starting HTTP/1.1 POST http://192.168.1.4:8080/api/auth - application/json 74
2026-06-29 22:39:12.901 +00:00 [INF] Request finished HTTP/1.1 OPTIONS http://192.168.1.4:8080/api/auth - 204 null null 20.4063ms
2026-06-29 22:39:12.907 +00:00 [INF] CORS policy execution successful.
2026-06-29 22:39:12.922 +00:00 [INF] ====== OnMessageReceived START ======
2026-06-29 22:39:12.924 +00:00 [INF] Available cookies: 1
2026-06-29 22:39:12.924 +00:00 [INF] Cookie: adminRefreshToken = 44 chars
2026-06-29 22:39:12.924 +00:00 [WRN] NO TOKEN FOUND IN COOKIES!
2026-06-29 22:39:12.925 +00:00 [INF] ====== OnMessageReceived END - Token set: false ======
2026-06-29 22:39:12.927 +00:00 [INF] Executing endpoint 'API.Controllers.AuthController.Authenticate (API)'
2026-06-29 22:39:12.943 +00:00 [INF] Route matched with {action = "Authenticate", controller = "Auth"}. Executing controller action with signature System.Threading.Tasks.Task`1[Microsoft.AspNetCore.Mvc.IActionResult] Authenticate(API.Models.RequestModels.LoginRequest) on controller API.Controllers.AuthController (API).
2026-06-29 22:39:13.031 +00:00 [INF] Authentication attempt for email: lengyelnorbi5@gmail.com
2026-06-29 22:39:13.032 +00:00 [INF] Fetching user by email from database...
2026-06-29 22:39:13.583 +00:00 [INF] Executed DbCommand (24ms) [Parameters=[@__email_0='?'], CommandType='"Text"', CommandTimeout='30']
SELECT u."ID", u."Email", u."PasswordHash", u."RegisteredAt", u."Role", u."Username"
FROM "Users" AS u
WHERE u."Email" = @__email_0
LIMIT 1
2026-06-29 22:39:13.623 +00:00 [INF] Mozilla/5.0 (Windows NT 10.0; Win64; x64) AppleWebKit/537.36 (KHTML, like Gecko) Chrome/149.0.0.0 Safari/537.36
2026-06-29 22:39:13.626 +00:00 [INF] Fetching user by email from database...
2026-06-29 22:39:13.630 +00:00 [INF] Executed DbCommand (2ms) [Parameters=[@__email_0='?'], CommandType='"Text"', CommandTimeout='30']
SELECT u."ID", u."Email", u."PasswordHash", u."RegisteredAt", u."Role", u."Username"
FROM "Users" AS u
WHERE u."Email" = @__email_0
LIMIT 1
2026-06-29 22:39:14.176 +00:00 [INF] Executed DbCommand (7ms) [Parameters=[@p0='?' (DbType = DateTime), @p1='?', @p2='?' (DbType = DateTime), @p3='?', @p4='?' (DbType = Int32), @p5='?'], CommandType='"Text"', CommandTimeout='30']
INSERT INTO "AccessTokens" ("CreatedAt", "DeviceFingerprint", "ExpiresAt", "IpAddress", "UserID", jti)
VALUES (@p0, @p1, @p2, @p3, @p4, @p5)
RETURNING "ID", "IsRevoked";
2026-06-29 22:39:14.211 +00:00 [INF] Executed DbCommand (3ms) [Parameters=[@p0='?' (DbType = DateTime), @p1='?', @p2='?' (DbType = DateTime), @p3='?', @p4='?', @p5='?' (DbType = Int32)], CommandType='"Text"', CommandTimeout='30']
INSERT INTO "RefreshTokens" ("CreatedAt", "DeviceFingerprint", "ExpiresAt", "IpAddress", "TokenHash", "UserID")
VALUES (@p0, @p1, @p2, @p3, @p4, @p5)
RETURNING "ID", "IsRevoked";
2026-06-29 22:39:14.213 +00:00 [INF] Admin user lengyelnorbi5@gmail.com authenticated successfully from admin panel at "2026-06-29T22:39:14.2137399Z"
2026-06-29 22:39:14.215 +00:00 [INF] --------------------------------------------------------------------
2026-06-29 22:39:14.215 +00:00 [INF] eyJhbGciOiJIUzI1NiIsInR5cCI6IkpXVCJ9.eyJodHRwOi8vc2NoZW1hcy54bWxzb2FwLm9yZy93cy8yMDA1LzA1L2lkZW50aXR5L2NsYWltcy9uYW1laWRlbnRpZmllciI6IjEiLCJodHRwOi8vc2NoZW1hcy54bWxzb2FwLm9yZy93cy8yMDA1LzA1L2lkZW50aXR5L2NsYWltcy9lbWFpbGFkZHJlc3MiOiJsZW5neWVsbm9yYmk1QGdtYWlsLmNvbSIsImh0dHA6Ly9zY2hlbWFzLnhtbHNvYXAub3JnL3dzLzIwMDUvMDUvaWRlbnRpdHkvY2xhaW1zL25hbWUiOiJsZW5neWVsbm9yYmkiLCJqdGkiOiI0NTcwYzQzZC0xZjA2LTQ2ZDctODA2Ni01NWI0NmQ0ODBiNmMiLCJpYXQiOjE3ODI3NzI3NTQsImV4cCI6MTc4Mjc3MzA1NCwiaHR0cDovL3NjaGVtYXMubWljcm9zb2Z0LmNvbS93cy8yMDA4LzA2L2lkZW50aXR5L2NsYWltcy9yb2xlIjoiQWRtaW4iLCJTb3VyY2UiOiJhZG1pbiIsIkRldmljZUlkIjoiK2RubC9IcWVVV1pvYTkwUlR4S1hBMzdzeXNPajB1ZUplZVgzSjc5THVKVT0iLCJJUEFkZHJlc3MiOiI6OmZmZmY6MTcyLjIwLjAuMSIsIlRva2VuVmVyc2lvbiI6IjEiLCJpc3MiOiJNdXNpY1BsYXllckFQSSIsImF1ZCI6Ik11c2ljUGxheWVyQ2xpZW50In0.TnaitH6RsKMP-sUWCtm3T6YLKtRQM0D1hIMze4zhycs
2026-06-29 22:39:14.215 +00:00 [INF] ALZc+lgWbfBhlwcIpsxtbYnAvr8iMjf3U9eOUHPLrIc=
2026-06-29 22:39:14.216 +00:00 [INF] Source: admin
2026-06-29 22:39:14.216 +00:00 [INF] Access Token expires at: "2026-06-29T22:44:14.1077529Z"
2026-06-29 22:39:14.216 +00:00 [INF] Refresh Token expires at: "2026-06-30T06:39:14.1963396Z"
2026-06-29 22:39:14.216 +00:00 [INF] tokenCookieName: adminToken
2026-06-29 22:39:14.216 +00:00 [INF] refreshTokenCookieName: adminRefreshToken
2026-06-29 22:39:14.216 +00:00 [INF] Refresh token hash stored in cookie: ALZc+lgWbfBhlwcIpsxtbYnAvr8iMjf3U9eOUHPLrIc=
2026-06-29 22:39:14.217 +00:00 [INF] --------------------------------------------------------------------
2026-06-29 22:39:14.220 +00:00 [INF] Executing OkObjectResult, writing value of type '<>f__AnonymousType1`4[[System.Boolean, System.Private.CoreLib, Version=9.0.0.0, Culture=neutral, PublicKeyToken=7cec85d7bea7798e],[System.Int32, System.Private.CoreLib, Version=9.0.0.0, Culture=neutral, PublicKeyToken=7cec85d7bea7798e],[System.Int32, System.Private.CoreLib, Version=9.0.0.0, Culture=neutral, PublicKeyToken=7cec85d7bea7798e],[<>f__AnonymousType2`3[[System.Int32, System.Private.CoreLib, Version=9.0.0.0, Culture=neutral, PublicKeyToken=7cec85d7bea7798e],[System.String, System.Private.CoreLib, Version=9.0.0.0, Culture=neutral, PublicKeyToken=7cec85d7bea7798e],[System.String, System.Private.CoreLib, Version=9.0.0.0, Culture=neutral, PublicKeyToken=7cec85d7bea7798e]], API, Version=1.0.0.0, Culture=neutral, PublicKeyToken=null]]'.
2026-06-29 22:39:14.232 +00:00 [INF] Executed action API.Controllers.AuthController.Authenticate (API) in 1287.2903ms
2026-06-29 22:39:14.232 +00:00 [INF] Executed endpoint 'API.Controllers.AuthController.Authenticate (API)'
2026-06-29 22:39:14.236 +00:00 [INF] Request finished HTTP/1.1 POST http://192.168.1.4:8080/api/auth - 200 null application/json; charset=utf-8 1331.9893ms
2026-06-29 22:39:15.117 +00:00 [INF] Request starting HTTP/1.1 GET http://192.168.1.4:8080/api/user?page=1&limit=10 - null null
2026-06-29 22:39:15.118 +00:00 [INF] CORS policy execution successful.
2026-06-29 22:39:15.119 +00:00 [INF] ====== OnMessageReceived START ======
2026-06-29 22:39:15.127 +00:00 [INF] Available cookies: 2
2026-06-29 22:39:15.127 +00:00 [INF] Request starting HTTP/1.1 GET http://192.168.1.4:8080/api/user?page=1&limit=10 - null null
2026-06-29 22:39:15.128 +00:00 [INF] Cookie: adminToken = 844 chars
2026-06-29 22:39:15.128 +00:00 [INF] CORS policy execution successful.
2026-06-29 22:39:15.128 +00:00 [INF] Cookie: adminRefreshToken = 44 chars
2026-06-29 22:39:15.129 +00:00 [INF] Admin token found in cookies, length: 844
2026-06-29 22:39:15.129 +00:00 [INF] Admin token set in context
2026-06-29 22:39:15.129 +00:00 [INF] ====== OnMessageReceived END - Token set: true ======
2026-06-29 22:39:15.130 +00:00 [INF] ====== OnMessageReceived START ======
2026-06-29 22:39:15.130 +00:00 [INF] Available cookies: 2
2026-06-29 22:39:15.130 +00:00 [INF] Cookie: adminToken = 844 chars
2026-06-29 22:39:15.130 +00:00 [INF] Cookie: adminRefreshToken = 44 chars
2026-06-29 22:39:15.131 +00:00 [INF] Admin token found in cookies, length: 844
2026-06-29 22:39:15.131 +00:00 [INF] Admin token set in context
2026-06-29 22:39:15.131 +00:00 [INF] ====== OnMessageReceived END - Token set: true ======
2026-06-29 22:39:15.152 +00:00 [INF] Token validated successfully for user: lengyelnorbi
2026-06-29 22:39:15.152 +00:00 [INF] Token validated successfully for user: lengyelnorbi
2026-06-29 22:39:15.153 +00:00 [INF] Device fingerprint headers - UA: Mozilla/5.0 (Windows NT 10.0; Win64; x64) AppleWebKit/537.36 (KHTML, like Gecko) Chrome/149.0.0.0 Safari/537.36, Accept: application/json, text/plain, */*, Encoding: gzip, deflate
2026-06-29 22:39:15.153 +00:00 [INF] Device fingerprint headers - UA: Mozilla/5.0 (Windows NT 10.0; Win64; x64) AppleWebKit/537.36 (KHTML, like Gecko) Chrome/149.0.0.0 Safari/537.36, Accept: application/json, text/plain, */*, Encoding: gzip, deflate
2026-06-29 22:39:15.153 +00:00 [INF] Device fingerprint validation: Stored=+dnl/HqeUWZoa90RTxKXA37sysOj0ueJeeX3J79LuJU=, Current=+dnl/HqeUWZoa90RTxKXA37sysOj0ueJeeX3J79LuJU=
2026-06-29 22:39:15.153 +00:00 [INF] Device fingerprint validation: Stored=+dnl/HqeUWZoa90RTxKXA37sysOj0ueJeeX3J79LuJU=, Current=+dnl/HqeUWZoa90RTxKXA37sysOj0ueJeeX3J79LuJU=
2026-06-29 22:39:15.186 +00:00 [INF] Executed DbCommand (2ms) [Parameters=[@__jti_0='?', @__userId_1='?' (DbType = Int32)], CommandType='"Text"', CommandTimeout='30']
SELECT a."ID", a."CreatedAt", a."DeviceFingerprint", a."ExpiresAt", a."IpAddress", a."IsRevoked", a."UserID", a.jti
FROM "AccessTokens" AS a
WHERE a.jti = @__jti_0 AND a."UserID" = @__userId_1 AND NOT (a."IsRevoked") AND a."ExpiresAt" > now()
LIMIT 1
2026-06-29 22:39:15.190 +00:00 [INF] Executing endpoint 'API.Controllers.UserController.Get (API)'
2026-06-29 22:39:15.193 +00:00 [INF] Route matched with {action = "Get", controller = "User"}. Executing controller action with signature System.Threading.Tasks.Task`1[API.Utils.PagedResult`1[API.DTO.UserDTO]] Get(Int32, Int32) on controller API.Controllers.UserController (API).
2026-06-29 22:39:15.195 +00:00 [INF] Executed DbCommand (3ms) [Parameters=[@__jti_0='?', @__userId_1='?' (DbType = Int32)], CommandType='"Text"', CommandTimeout='30']
SELECT a."ID", a."CreatedAt", a."DeviceFingerprint", a."ExpiresAt", a."IpAddress", a."IsRevoked", a."UserID", a.jti
FROM "AccessTokens" AS a
WHERE a.jti = @__jti_0 AND a."UserID" = @__userId_1 AND NOT (a."IsRevoked") AND a."ExpiresAt" > now()
LIMIT 1
2026-06-29 22:39:15.196 +00:00 [INF] Executing endpoint 'API.Controllers.UserController.Get (API)'
2026-06-29 22:39:15.196 +00:00 [INF] Route matched with {action = "Get", controller = "User"}. Executing controller action with signature System.Threading.Tasks.Task`1[API.Utils.PagedResult`1[API.DTO.UserDTO]] Get(Int32, Int32) on controller API.Controllers.UserController (API).
2026-06-29 22:39:15.219 +00:00 [INF] Executed DbCommand (5ms) [Parameters=[], CommandType='"Text"', CommandTimeout='30']
SELECT count(*)::int
FROM "Users" AS u
WHERE u."Role" <> 'Admin'
2026-06-29 22:39:15.219 +00:00 [INF] Executed DbCommand (5ms) [Parameters=[], CommandType='"Text"', CommandTimeout='30']
SELECT count(*)::int
FROM "Users" AS u
WHERE u."Role" <> 'Admin'
2026-06-29 22:39:15.231 +00:00 [INF] Executed DbCommand (2ms) [Parameters=[@__p_1='?' (DbType = Int32), @__p_0='?' (DbType = Int32)], CommandType='"Text"', CommandTimeout='30']
SELECT u."ID", u."Username", u."Email", u."RegisteredAt", u."Role"
FROM "Users" AS u
WHERE u."Role" <> 'Admin'
ORDER BY u."ID"
LIMIT @__p_1 OFFSET @__p_0
2026-06-29 22:39:15.231 +00:00 [INF] Executed DbCommand (2ms) [Parameters=[@__p_1='?' (DbType = Int32), @__p_0='?' (DbType = Int32)], CommandType='"Text"', CommandTimeout='30']
SELECT u."ID", u."Username", u."Email", u."RegisteredAt", u."Role"
FROM "Users" AS u
WHERE u."Role" <> 'Admin'
ORDER BY u."ID"
LIMIT @__p_1 OFFSET @__p_0
2026-06-29 22:39:15.233 +00:00 [INF] Executing ObjectResult, writing value of type 'API.Utils.PagedResult`1[[API.DTO.UserDTO, API, Version=1.0.0.0, Culture=neutral, PublicKeyToken=null]]'.
2026-06-29 22:39:15.233 +00:00 [INF] Executing ObjectResult, writing value of type 'API.Utils.PagedResult`1[[API.DTO.UserDTO, API, Version=1.0.0.0, Culture=neutral, PublicKeyToken=null]]'.
2026-06-29 22:39:15.243 +00:00 [INF] Executed action API.Controllers.UserController.Get (API) in 46.8066ms
2026-06-29 22:39:15.243 +00:00 [INF] Executed action API.Controllers.UserController.Get (API) in 50.2612ms
2026-06-29 22:39:15.244 +00:00 [INF] Executed endpoint 'API.Controllers.UserController.Get (API)'
2026-06-29 22:39:15.245 +00:00 [INF] Executed endpoint 'API.Controllers.UserController.Get (API)'
2026-06-29 22:39:15.245 +00:00 [INF] Request finished HTTP/1.1 GET http://192.168.1.4:8080/api/user?page=1&limit=10 - 200 null application/json; charset=utf-8 128.1429ms
2026-06-29 22:39:15.245 +00:00 [INF] Request finished HTTP/1.1 GET http://192.168.1.4:8080/api/user?page=1&limit=10 - 200 null application/json; charset=utf-8 118.0529ms
2026-06-29 22:39:16.411 +00:00 [INF] Request starting HTTP/1.1 GET http://192.168.1.4:8080/api/user?page=1&limit=10 - null null
2026-06-29 22:39:16.411 +00:00 [INF] CORS policy execution successful.
2026-06-29 22:39:16.411 +00:00 [INF] ====== OnMessageReceived START ======
2026-06-29 22:39:16.412 +00:00 [INF] Available cookies: 2
2026-06-29 22:39:16.412 +00:00 [INF] Cookie: adminToken = 844 chars
2026-06-29 22:39:16.412 +00:00 [INF] Cookie: adminRefreshToken = 44 chars
2026-06-29 22:39:16.412 +00:00 [INF] Admin token found in cookies, length: 844
2026-06-29 22:39:16.412 +00:00 [INF] Admin token set in context
2026-06-29 22:39:16.412 +00:00 [INF] ====== OnMessageReceived END - Token set: true ======
2026-06-29 22:39:16.414 +00:00 [INF] Token validated successfully for user: lengyelnorbi
2026-06-29 22:39:16.414 +00:00 [INF] Device fingerprint headers - UA: Mozilla/5.0 (Windows NT 10.0; Win64; x64) AppleWebKit/537.36 (KHTML, like Gecko) Chrome/149.0.0.0 Safari/537.36, Accept: application/json, text/plain, */*, Encoding: gzip, deflate
2026-06-29 22:39:16.414 +00:00 [INF] Device fingerprint validation: Stored=+dnl/HqeUWZoa90RTxKXA37sysOj0ueJeeX3J79LuJU=, Current=+dnl/HqeUWZoa90RTxKXA37sysOj0ueJeeX3J79LuJU=
2026-06-29 22:39:16.442 +00:00 [INF] Executed DbCommand (2ms) [Parameters=[@__jti_0='?', @__userId_1='?' (DbType = Int32)], CommandType='"Text"', CommandTimeout='30']
SELECT a."ID", a."CreatedAt", a."DeviceFingerprint", a."ExpiresAt", a."IpAddress", a."IsRevoked", a."UserID", a.jti
FROM "AccessTokens" AS a
WHERE a.jti = @__jti_0 AND a."UserID" = @__userId_1 AND NOT (a."IsRevoked") AND a."ExpiresAt" > now()
LIMIT 1
2026-06-29 22:39:16.443 +00:00 [INF] Executing endpoint 'API.Controllers.UserController.Get (API)'
2026-06-29 22:39:16.443 +00:00 [INF] Route matched with {action = "Get", controller = "User"}. Executing controller action with signature System.Threading.Tasks.Task`1[API.Utils.PagedResult`1[API.DTO.UserDTO]] Get(Int32, Int32) on controller API.Controllers.UserController (API).
2026-06-29 22:39:16.446 +00:00 [INF] Executed DbCommand (2ms) [Parameters=[], CommandType='"Text"', CommandTimeout='30']
SELECT count(*)::int
FROM "Users" AS u
WHERE u."Role" <> 'Admin'
2026-06-29 22:39:16.448 +00:00 [INF] Executed DbCommand (1ms) [Parameters=[@__p_1='?' (DbType = Int32), @__p_0='?' (DbType = Int32)], CommandType='"Text"', CommandTimeout='30']
SELECT u."ID", u."Username", u."Email", u."RegisteredAt", u."Role"
FROM "Users" AS u
WHERE u."Role" <> 'Admin'
ORDER BY u."ID"
LIMIT @__p_1 OFFSET @__p_0
2026-06-29 22:39:16.448 +00:00 [INF] Executing ObjectResult, writing value of type 'API.Utils.PagedResult`1[[API.DTO.UserDTO, API, Version=1.0.0.0, Culture=neutral, PublicKeyToken=null]]'.
2026-06-29 22:39:16.448 +00:00 [INF] Executed action API.Controllers.UserController.Get (API) in 5.0591ms
2026-06-29 22:39:16.449 +00:00 [INF] Executed endpoint 'API.Controllers.UserController.Get (API)'
2026-06-29 22:39:16.449 +00:00 [INF] Request finished HTTP/1.1 GET http://192.168.1.4:8080/api/user?page=1&limit=10 - 200 null application/json; charset=utf-8 38.0613ms
2026-06-29 22:39:20.428 +00:00 [INF] Request starting HTTP/1.1 OPTIONS http://192.168.1.4:8080/api/password/generate-password - null null
2026-06-29 22:39:20.429 +00:00 [INF] CORS policy execution successful.
2026-06-29 22:39:20.429 +00:00 [INF] Request finished HTTP/1.1 OPTIONS http://192.168.1.4:8080/api/password/generate-password - 204 null null 1.1681ms
2026-06-29 22:39:20.431 +00:00 [INF] Request starting HTTP/1.1 POST http://192.168.1.4:8080/api/password/generate-password - application/json 0
2026-06-29 22:39:20.431 +00:00 [INF] CORS policy execution successful.
2026-06-29 22:39:20.431 +00:00 [INF] ====== OnMessageReceived START ======
2026-06-29 22:39:20.431 +00:00 [INF] Available cookies: 2
2026-06-29 22:39:20.432 +00:00 [INF] Cookie: adminToken = 844 chars
2026-06-29 22:39:20.432 +00:00 [INF] Cookie: adminRefreshToken = 44 chars
2026-06-29 22:39:20.432 +00:00 [INF] Admin token found in cookies, length: 844
2026-06-29 22:39:20.432 +00:00 [INF] Admin token set in context
2026-06-29 22:39:20.433 +00:00 [INF] ====== OnMessageReceived END - Token set: true ======
2026-06-29 22:39:20.433 +00:00 [INF] Token validated successfully for user: lengyelnorbi
2026-06-29 22:39:20.433 +00:00 [INF] Device fingerprint headers - UA: Mozilla/5.0 (Windows NT 10.0; Win64; x64) AppleWebKit/537.36 (KHTML, like Gecko) Chrome/149.0.0.0 Safari/537.36, Accept: */*, Encoding: gzip, deflate
2026-06-29 22:39:20.434 +00:00 [INF] Device fingerprint validation: Stored=+dnl/HqeUWZoa90RTxKXA37sysOj0ueJeeX3J79LuJU=, Current=+dnl/HqeUWZoa90RTxKXA37sysOj0ueJeeX3J79LuJU=
2026-06-29 22:39:20.436 +00:00 [INF] Executed DbCommand (1ms) [Parameters=[@__jti_0='?', @__userId_1='?' (DbType = Int32)], CommandType='"Text"', CommandTimeout='30']
SELECT a."ID", a."CreatedAt", a."DeviceFingerprint", a."ExpiresAt", a."IpAddress", a."IsRevoked", a."UserID", a.jti
FROM "AccessTokens" AS a
WHERE a.jti = @__jti_0 AND a."UserID" = @__userId_1 AND NOT (a."IsRevoked") AND a."ExpiresAt" > now()
LIMIT 1
2026-06-29 22:39:20.440 +00:00 [INF] Executing endpoint 'API.Controllers.PasswordController.GeneratePassword (API)'
2026-06-29 22:39:20.442 +00:00 [INF] Route matched with {action = "GeneratePassword", controller = "Password"}. Executing controller action with signature System.Threading.Tasks.Task`1[Microsoft.AspNetCore.Mvc.IActionResult] GeneratePassword() on controller API.Controllers.PasswordController (API).
2026-06-29 22:39:20.443 +00:00 [INF] Executing OkObjectResult, writing value of type '<>f__AnonymousType4`1[[System.String, System.Private.CoreLib, Version=9.0.0.0, Culture=neutral, PublicKeyToken=7cec85d7bea7798e]]'.
2026-06-29 22:39:20.444 +00:00 [INF] Executed action API.Controllers.PasswordController.GeneratePassword (API) in 1.8638ms
2026-06-29 22:39:20.444 +00:00 [INF] Executed endpoint 'API.Controllers.PasswordController.GeneratePassword (API)'
2026-06-29 22:39:20.445 +00:00 [INF] Request finished HTTP/1.1 POST http://192.168.1.4:8080/api/password/generate-password - 200 null application/json; charset=utf-8 14.1177ms
2026-06-29 22:39:20.924 +00:00 [INF] Request starting HTTP/1.1 OPTIONS http://192.168.1.4:8080/api/user - null null
2026-06-29 22:39:20.924 +00:00 [INF] CORS policy execution successful.
2026-06-29 22:39:20.925 +00:00 [INF] Request finished HTTP/1.1 OPTIONS http://192.168.1.4:8080/api/user - 204 null null 0.8174ms
2026-06-29 22:39:20.927 +00:00 [INF] Request starting HTTP/1.1 PUT http://192.168.1.4:8080/api/user - application/json 105
2026-06-29 22:39:20.927 +00:00 [INF] CORS policy execution successful.
2026-06-29 22:39:20.927 +00:00 [INF] ====== OnMessageReceived START ======
2026-06-29 22:39:20.927 +00:00 [INF] Available cookies: 2
2026-06-29 22:39:20.928 +00:00 [INF] Cookie: adminToken = 844 chars
2026-06-29 22:39:20.928 +00:00 [INF] Cookie: adminRefreshToken = 44 chars
2026-06-29 22:39:20.928 +00:00 [INF] Admin token found in cookies, length: 844
2026-06-29 22:39:20.928 +00:00 [INF] Admin token set in context
2026-06-29 22:39:20.928 +00:00 [INF] ====== OnMessageReceived END - Token set: true ======
2026-06-29 22:39:20.929 +00:00 [INF] Token validated successfully for user: lengyelnorbi
2026-06-29 22:39:20.929 +00:00 [INF] Device fingerprint headers - UA: Mozilla/5.0 (Windows NT 10.0; Win64; x64) AppleWebKit/537.36 (KHTML, like Gecko) Chrome/149.0.0.0 Safari/537.36, Accept: */*, Encoding: gzip, deflate
2026-06-29 22:39:20.929 +00:00 [INF] Device fingerprint validation: Stored=+dnl/HqeUWZoa90RTxKXA37sysOj0ueJeeX3J79LuJU=, Current=+dnl/HqeUWZoa90RTxKXA37sysOj0ueJeeX3J79LuJU=
2026-06-29 22:39:20.931 +00:00 [INF] Executed DbCommand (1ms) [Parameters=[@__jti_0='?', @__userId_1='?' (DbType = Int32)], CommandType='"Text"', CommandTimeout='30']
SELECT a."ID", a."CreatedAt", a."DeviceFingerprint", a."ExpiresAt", a."IpAddress", a."IsRevoked", a."UserID", a.jti
FROM "AccessTokens" AS a
WHERE a.jti = @__jti_0 AND a."UserID" = @__userId_1 AND NOT (a."IsRevoked") AND a."ExpiresAt" > now()
LIMIT 1
2026-06-29 22:39:20.934 +00:00 [INF] Executing endpoint 'API.Controllers.UserController.UpdateUserAsync (API)'
2026-06-29 22:39:20.936 +00:00 [INF] Route matched with {action = "UpdateUser", controller = "User"}. Executing controller action with signature System.Threading.Tasks.Task`1[Microsoft.AspNetCore.Mvc.IActionResult] UpdateUserAsync(API.Models.RequestModels.UpdateUserRequest) on controller API.Controllers.UserController (API).
2026-06-29 22:39:20.941 +00:00 [WRN] Updating user with ID: 4, Email: lengyelnorbi531233123335@gmail.com, Username: lengyelnorbi
2026-06-29 22:39:20.941 +00:00 [INF] API.Models.RequestModels.UpdateUserRequest
2026-06-29 22:39:20.952 +00:00 [INF] Executed DbCommand (2ms) [Parameters=[@__p_0='?' (DbType = Int32)], CommandType='"Text"', CommandTimeout='30']
SELECT u."ID", u."Email", u."PasswordHash", u."RegisteredAt", u."Role", u."Username"
FROM "Users" AS u
WHERE u."ID" = @__p_0
LIMIT 1
2026-06-29 22:39:20.952 +00:00 [WRN] User with ID 0 not found
2026-06-29 22:39:20.953 +00:00 [INF] Executing BadRequestObjectResult, writing value of type 'System.String'.
2026-06-29 22:39:20.954 +00:00 [INF] Executed action API.Controllers.UserController.UpdateUserAsync (API) in 17.3705ms
2026-06-29 22:39:20.954 +00:00 [INF] Executed endpoint 'API.Controllers.UserController.UpdateUserAsync (API)'
2026-06-29 22:39:20.954 +00:00 [INF] Request finished HTTP/1.1 PUT http://192.168.1.4:8080/api/user - 400 null text/plain; charset=utf-8 27.4291ms
2026-06-29 22:42:19.055 +00:00 [INF] Application is shutting down...
