2026-05-21 15:28:40.001 +00:00 [WRN] Storing keys in a directory '/home/app/.aspnet/DataProtection-Keys' that may not be persisted outside of the container. Protected data will be unavailable when container is destroyed. For more information go to https://aka.ms/aspnet/dataprotectionwarning
2026-05-21 15:28:40.048 +00:00 [WRN] No XML encryptor configured. Key {dba5f9ce-9ca6-40a9-85f2-99510b32740e} may be persisted to storage in unencrypted form.
2026-05-21 15:28:58.814 +00:00 [WRN] Failed to determine the https port for redirect.
2026-05-21 15:29:02.385 +00:00 [WRN] Missing claims for logout - UserId: 0, JTI: null, DeviceId: null, IPAddress: null
2026-05-21 15:32:10.932 +00:00 [WRN] Storing keys in a directory '/home/app/.aspnet/DataProtection-Keys' that may not be persisted outside of the container. Protected data will be unavailable when container is destroyed. For more information go to https://aka.ms/aspnet/dataprotectionwarning
2026-05-21 15:32:10.973 +00:00 [WRN] No XML encryptor configured. Key {caef565d-6fe9-4042-bcc7-c5e425fefdf2} may be persisted to storage in unencrypted form.
2026-05-21 15:32:20.987 +00:00 [WRN] Failed to determine the https port for redirect.
2026-05-21 15:32:24.614 +00:00 [WRN] Missing claims for logout - UserId: 0, JTI: null, DeviceId: null, IPAddress: null
2026-05-21 15:34:02.561 +00:00 [WRN] Storing keys in a directory '/home/app/.aspnet/DataProtection-Keys' that may not be persisted outside of the container. Protected data will be unavailable when container is destroyed. For more information go to https://aka.ms/aspnet/dataprotectionwarning
2026-05-21 15:34:02.599 +00:00 [WRN] No XML encryptor configured. Key {268cab61-9dab-4b80-bf23-05a863602bb8} may be persisted to storage in unencrypted form.
2026-05-21 15:34:27.438 +00:00 [WRN] Failed to determine the https port for redirect.
2026-05-21 15:34:31.020 +00:00 [WRN] Missing claims for logout - UserId: 0, JTI: null, DeviceId: null, IPAddress: null
2026-05-21 15:35:21.443 +00:00 [WRN] Storing keys in a directory '/home/app/.aspnet/DataProtection-Keys' that may not be persisted outside of the container. Protected data will be unavailable when container is destroyed. For more information go to https://aka.ms/aspnet/dataprotectionwarning
2026-05-21 15:35:21.466 +00:00 [INF] User profile is available. Using '/home/app/.aspnet/DataProtection-Keys' as key repository; keys will not be encrypted at rest.
2026-05-21 15:35:21.477 +00:00 [INF] Creating key {f051c89a-b2ef-4dae-9dcb-714bd2795e92} with creation date 2026-05-21 15:35:21Z, activation date 2026-05-21 15:35:21Z, and expiration date 2026-08-19 15:35:21Z.
2026-05-21 15:35:21.485 +00:00 [WRN] No XML encryptor configured. Key {f051c89a-b2ef-4dae-9dcb-714bd2795e92} may be persisted to storage in unencrypted form.
2026-05-21 15:35:21.487 +00:00 [INF] Writing data to file '/home/app/.aspnet/DataProtection-Keys/key-f051c89a-b2ef-4dae-9dcb-714bd2795e92.xml'.
2026-05-21 15:35:21.537 +00:00 [INF] Now listening on: http://[::]:8080
2026-05-21 15:35:21.538 +00:00 [INF] Application started. Press Ctrl+C to shut down.
2026-05-21 15:35:21.539 +00:00 [INF] Hosting environment: Production
2026-05-21 15:35:21.539 +00:00 [INF] Content root path: /app
2026-05-21 15:35:47.021 +00:00 [INF] Request starting HTTP/1.1 OPTIONS http://localhost:8080/api/auth - null null
2026-05-21 15:35:47.043 +00:00 [WRN] Failed to determine the https port for redirect.
2026-05-21 15:35:47.046 +00:00 [INF] CORS policy execution successful.
2026-05-21 15:35:47.050 +00:00 [INF] Request finished HTTP/1.1 OPTIONS http://localhost:8080/api/auth - 204 null null 30.3932ms
2026-05-21 15:35:47.058 +00:00 [INF] Request starting HTTP/1.1 POST http://localhost:8080/api/auth - application/json 57
2026-05-21 15:35:47.061 +00:00 [INF] CORS policy execution successful.
2026-05-21 15:35:47.092 +00:00 [INF] Failed to validate the token.
System.ArgumentException: IDX14101: Unable to decode the payload '[PII of type 'Microsoft.IdentityModel.Logging.SecurityArtifact' is hidden. For more details, see https://aka.ms/IdentityModel/PII.]' as Base64Url encoded string.
 ---> System.Text.Json.JsonException: IDX11020: The JSON value of type: 'String', could not be converted to 'JsonTokenType.String'. Reading: 'Microsoft.IdentityModel.JsonWebTokens.JsonWebToken.iat', Position: '298', CurrentDepth: '1', BytesConsumed: '319'.
   at Microsoft.IdentityModel.Tokens.Json.JsonSerializerPrimitives.ReadLong(Utf8JsonReader& reader, String propertyName, String className, Boolean read)
   at Microsoft.IdentityModel.JsonWebTokens.JsonWebToken.ReadPayloadValue(Utf8JsonReader& reader, IDictionary`2 claims)
   at Microsoft.IdentityModel.JsonWebTokens.JsonWebToken.CreatePayloadClaimSet(ReadOnlySpan`1 byteSpan)
   at Microsoft.IdentityModel.JsonWebTokens.JsonWebToken.CreateClaimSet(ReadOnlySpan`1 strSpan, Int32 startIndex, Int32 length, Boolean createHeaderClaimSet)
   at Microsoft.IdentityModel.JsonWebTokens.JsonWebToken.ReadToken(ReadOnlyMemory`1 encodedTokenMemory)
   --- End of inner exception stack trace ---
   at Microsoft.IdentityModel.JsonWebTokens.JsonWebToken.ReadToken(ReadOnlyMemory`1 encodedTokenMemory)
   at Microsoft.IdentityModel.JsonWebTokens.JsonWebToken..ctor(String jwtEncodedString)
   at Microsoft.IdentityModel.JsonWebTokens.JsonWebTokenHandler.ReadToken(String token, TokenValidationParameters validationParameters)
2026-05-21 15:35:47.099 +00:00 [INF] Authentication failed: IDX14101: Unable to decode the payload '[PII of type 'Microsoft.IdentityModel.Logging.SecurityArtifact' is hidden. For more details, see https://aka.ms/IdentityModel/PII.]' as Base64Url encoded string.
2026-05-21 15:35:47.101 +00:00 [INF] Bearer was not authenticated. Failure message: IDX14101: Unable to decode the payload '[PII of type 'Microsoft.IdentityModel.Logging.SecurityArtifact' is hidden. For more details, see https://aka.ms/IdentityModel/PII.]' as Base64Url encoded string.
2026-05-21 15:35:47.103 +00:00 [INF] Executing endpoint 'API.Controllers.AuthController.Authenticate (API)'
2026-05-21 15:35:47.118 +00:00 [INF] Route matched with {action = "Authenticate", controller = "Auth"}. Executing controller action with signature System.Threading.Tasks.Task`1[Microsoft.AspNetCore.Mvc.IActionResult] Authenticate(API.Models.LoginRequest) on controller API.Controllers.AuthController (API).
2026-05-21 15:35:47.218 +00:00 [INF] Authentication attempt for email: lengyelnorbi5@gmail.com
2026-05-21 15:35:47.219 +00:00 [INF] Fetching user by email from database...
2026-05-21 15:35:47.803 +00:00 [INF] Executed DbCommand (27ms) [Parameters=[@__email_0='?'], CommandType='"Text"', CommandTimeout='30']
SELECT u."ID", u."Email", u."PasswordHash", u."RegisteredAt", u."Role", u."Username"
FROM "Users" AS u
WHERE u."Email" = @__email_0
LIMIT 1
2026-05-21 15:35:47.849 +00:00 [INF] Fetching user by email from database...
2026-05-21 15:35:47.853 +00:00 [INF] Executed DbCommand (2ms) [Parameters=[@__email_0='?'], CommandType='"Text"', CommandTimeout='30']
SELECT u."ID", u."Email", u."PasswordHash", u."RegisteredAt", u."Role", u."Username"
FROM "Users" AS u
WHERE u."Email" = @__email_0
LIMIT 1
2026-05-21 15:35:48.344 +00:00 [INF] Password verification completed: Valid
2026-05-21 15:35:48.416 +00:00 [INF] Executed DbCommand (5ms) [Parameters=[@p0='?' (DbType = DateTime), @p1='?', @p2='?' (DbType = DateTime), @p3='?', @p4='?' (DbType = Int32), @p5='?'], CommandType='"Text"', CommandTimeout='30']
INSERT INTO "AccessTokens" ("CreatedAt", "DeviceFingerprint", "ExpiresAt", "IpAddress", "UserID", jti)
VALUES (@p0, @p1, @p2, @p3, @p4, @p5)
RETURNING "ID", "IsRevoked";
2026-05-21 15:35:48.456 +00:00 [INF] Executed DbCommand (3ms) [Parameters=[@p0='?' (DbType = DateTime), @p1='?', @p2='?' (DbType = DateTime), @p3='?', @p4='?', @p5='?' (DbType = Int32)], CommandType='"Text"', CommandTimeout='30']
INSERT INTO "RefreshTokens" ("CreatedAt", "DeviceFingerprint", "ExpiresAt", "IpAddress", "TokenHash", "UserID")
VALUES (@p0, @p1, @p2, @p3, @p4, @p5)
RETURNING "ID", "IsRevoked";
2026-05-21 15:35:48.463 +00:00 [INF] Executing OkObjectResult, writing value of type '<>f__AnonymousType1`3[[System.Boolean, System.Private.CoreLib, Version=9.0.0.0, Culture=neutral, PublicKeyToken=7cec85d7bea7798e],[System.Int32, System.Private.CoreLib, Version=9.0.0.0, Culture=neutral, PublicKeyToken=7cec85d7bea7798e],[<>f__AnonymousType2`4[[System.Int32, System.Private.CoreLib, Version=9.0.0.0, Culture=neutral, PublicKeyToken=7cec85d7bea7798e],[System.String, System.Private.CoreLib, Version=9.0.0.0, Culture=neutral, PublicKeyToken=7cec85d7bea7798e],[System.String, System.Private.CoreLib, Version=9.0.0.0, Culture=neutral, PublicKeyToken=7cec85d7bea7798e],[System.String, System.Private.CoreLib, Version=9.0.0.0, Culture=neutral, PublicKeyToken=7cec85d7bea7798e]], API, Version=1.0.0.0, Culture=neutral, PublicKeyToken=null]]'.
2026-05-21 15:35:48.477 +00:00 [INF] Executed action API.Controllers.AuthController.Authenticate (API) in 1356.9738ms
2026-05-21 15:35:48.477 +00:00 [INF] Executed endpoint 'API.Controllers.AuthController.Authenticate (API)'
2026-05-21 15:35:48.483 +00:00 [INF] Request finished HTTP/1.1 POST http://localhost:8080/api/auth - 200 null application/json; charset=utf-8 1425.5285ms
2026-05-21 15:35:48.505 +00:00 [INF] Request starting HTTP/1.1 GET http://localhost:8080/api/music - null null
2026-05-21 15:35:48.506 +00:00 [INF] CORS policy execution successful.
2026-05-21 15:35:48.506 +00:00 [INF] Request starting HTTP/1.1 GET http://localhost:8080/api/music - null null
2026-05-21 15:35:48.509 +00:00 [INF] Failed to validate the token.
System.ArgumentException: IDX14101: Unable to decode the payload '[PII of type 'Microsoft.IdentityModel.Logging.SecurityArtifact' is hidden. For more details, see https://aka.ms/IdentityModel/PII.]' as Base64Url encoded string.
 ---> System.Text.Json.JsonException: IDX11020: The JSON value of type: 'String', could not be converted to 'JsonTokenType.String'. Reading: 'Microsoft.IdentityModel.JsonWebTokens.JsonWebToken.iat', Position: '298', CurrentDepth: '1', BytesConsumed: '319'.
   at Microsoft.IdentityModel.Tokens.Json.JsonSerializerPrimitives.ReadLong(Utf8JsonReader& reader, String propertyName, String className, Boolean read)
   at Microsoft.IdentityModel.JsonWebTokens.JsonWebToken.ReadPayloadValue(Utf8JsonReader& reader, IDictionary`2 claims)
   at Microsoft.IdentityModel.JsonWebTokens.JsonWebToken.CreatePayloadClaimSet(ReadOnlySpan`1 byteSpan)
   at Microsoft.IdentityModel.JsonWebTokens.JsonWebToken.CreateClaimSet(ReadOnlySpan`1 strSpan, Int32 startIndex, Int32 length, Boolean createHeaderClaimSet)
   at Microsoft.IdentityModel.JsonWebTokens.JsonWebToken.ReadToken(ReadOnlyMemory`1 encodedTokenMemory)
   --- End of inner exception stack trace ---
   at Microsoft.IdentityModel.JsonWebTokens.JsonWebToken.ReadToken(ReadOnlyMemory`1 encodedTokenMemory)
   at Microsoft.IdentityModel.JsonWebTokens.JsonWebToken..ctor(String jwtEncodedString)
   at Microsoft.IdentityModel.JsonWebTokens.JsonWebTokenHandler.ReadToken(String token, TokenValidationParameters validationParameters)
2026-05-21 15:35:48.509 +00:00 [INF] CORS policy execution successful.
2026-05-21 15:35:48.509 +00:00 [INF] Authentication failed: IDX14101: Unable to decode the payload '[PII of type 'Microsoft.IdentityModel.Logging.SecurityArtifact' is hidden. For more details, see https://aka.ms/IdentityModel/PII.]' as Base64Url encoded string.
2026-05-21 15:35:48.509 +00:00 [INF] Bearer was not authenticated. Failure message: IDX14101: Unable to decode the payload '[PII of type 'Microsoft.IdentityModel.Logging.SecurityArtifact' is hidden. For more details, see https://aka.ms/IdentityModel/PII.]' as Base64Url encoded string.
2026-05-21 15:35:48.511 +00:00 [INF] Failed to validate the token.
System.ArgumentException: IDX14101: Unable to decode the payload '[PII of type 'Microsoft.IdentityModel.Logging.SecurityArtifact' is hidden. For more details, see https://aka.ms/IdentityModel/PII.]' as Base64Url encoded string.
 ---> System.Text.Json.JsonException: IDX11020: The JSON value of type: 'String', could not be converted to 'JsonTokenType.String'. Reading: 'Microsoft.IdentityModel.JsonWebTokens.JsonWebToken.iat', Position: '298', CurrentDepth: '1', BytesConsumed: '319'.
   at Microsoft.IdentityModel.Tokens.Json.JsonSerializerPrimitives.ReadLong(Utf8JsonReader& reader, String propertyName, String className, Boolean read)
   at Microsoft.IdentityModel.JsonWebTokens.JsonWebToken.ReadPayloadValue(Utf8JsonReader& reader, IDictionary`2 claims)
   at Microsoft.IdentityModel.JsonWebTokens.JsonWebToken.CreatePayloadClaimSet(ReadOnlySpan`1 byteSpan)
   at Microsoft.IdentityModel.JsonWebTokens.JsonWebToken.CreateClaimSet(ReadOnlySpan`1 strSpan, Int32 startIndex, Int32 length, Boolean createHeaderClaimSet)
   at Microsoft.IdentityModel.JsonWebTokens.JsonWebToken.ReadToken(ReadOnlyMemory`1 encodedTokenMemory)
   --- End of inner exception stack trace ---
   at Microsoft.IdentityModel.JsonWebTokens.JsonWebToken.ReadToken(ReadOnlyMemory`1 encodedTokenMemory)
   at Microsoft.IdentityModel.JsonWebTokens.JsonWebToken..ctor(String jwtEncodedString)
   at Microsoft.IdentityModel.JsonWebTokens.JsonWebTokenHandler.ReadToken(String token, TokenValidationParameters validationParameters)
2026-05-21 15:35:48.512 +00:00 [INF] Authorization failed. These requirements were not met:
DenyAnonymousAuthorizationRequirement: Requires an authenticated user.
2026-05-21 15:35:48.513 +00:00 [INF] Authentication failed: IDX14101: Unable to decode the payload '[PII of type 'Microsoft.IdentityModel.Logging.SecurityArtifact' is hidden. For more details, see https://aka.ms/IdentityModel/PII.]' as Base64Url encoded string.
2026-05-21 15:35:48.515 +00:00 [INF] AuthenticationScheme: Bearer was challenged.
2026-05-21 15:35:48.515 +00:00 [INF] Bearer was not authenticated. Failure message: IDX14101: Unable to decode the payload '[PII of type 'Microsoft.IdentityModel.Logging.SecurityArtifact' is hidden. For more details, see https://aka.ms/IdentityModel/PII.]' as Base64Url encoded string.
2026-05-21 15:35:48.515 +00:00 [INF] Request finished HTTP/1.1 GET http://localhost:8080/api/music - 401 0 null 10.1884ms
2026-05-21 15:35:48.516 +00:00 [INF] Authorization failed. These requirements were not met:
DenyAnonymousAuthorizationRequirement: Requires an authenticated user.
2026-05-21 15:35:48.516 +00:00 [INF] AuthenticationScheme: Bearer was challenged.
2026-05-21 15:35:48.517 +00:00 [INF] Request finished HTTP/1.1 GET http://localhost:8080/api/music - 401 0 null 10.4434ms
2026-05-21 15:35:48.640 +00:00 [INF] Request starting HTTP/1.1 POST http://localhost:8080/api/auth/logout - null 0
2026-05-21 15:35:48.641 +00:00 [INF] CORS policy execution successful.
2026-05-21 15:35:48.642 +00:00 [INF] Failed to validate the token.
System.ArgumentException: IDX14101: Unable to decode the payload '[PII of type 'Microsoft.IdentityModel.Logging.SecurityArtifact' is hidden. For more details, see https://aka.ms/IdentityModel/PII.]' as Base64Url encoded string.
 ---> System.Text.Json.JsonException: IDX11020: The JSON value of type: 'String', could not be converted to 'JsonTokenType.String'. Reading: 'Microsoft.IdentityModel.JsonWebTokens.JsonWebToken.iat', Position: '298', CurrentDepth: '1', BytesConsumed: '319'.
   at Microsoft.IdentityModel.Tokens.Json.JsonSerializerPrimitives.ReadLong(Utf8JsonReader& reader, String propertyName, String className, Boolean read)
   at Microsoft.IdentityModel.JsonWebTokens.JsonWebToken.ReadPayloadValue(Utf8JsonReader& reader, IDictionary`2 claims)
   at Microsoft.IdentityModel.JsonWebTokens.JsonWebToken.CreatePayloadClaimSet(ReadOnlySpan`1 byteSpan)
   at Microsoft.IdentityModel.JsonWebTokens.JsonWebToken.CreateClaimSet(ReadOnlySpan`1 strSpan, Int32 startIndex, Int32 length, Boolean createHeaderClaimSet)
   at Microsoft.IdentityModel.JsonWebTokens.JsonWebToken.ReadToken(ReadOnlyMemory`1 encodedTokenMemory)
   --- End of inner exception stack trace ---
   at Microsoft.IdentityModel.JsonWebTokens.JsonWebToken.ReadToken(ReadOnlyMemory`1 encodedTokenMemory)
   at Microsoft.IdentityModel.JsonWebTokens.JsonWebToken..ctor(String jwtEncodedString)
   at Microsoft.IdentityModel.JsonWebTokens.JsonWebTokenHandler.ReadToken(String token, TokenValidationParameters validationParameters)
2026-05-21 15:35:48.642 +00:00 [INF] Authentication failed: IDX14101: Unable to decode the payload '[PII of type 'Microsoft.IdentityModel.Logging.SecurityArtifact' is hidden. For more details, see https://aka.ms/IdentityModel/PII.]' as Base64Url encoded string.
2026-05-21 15:35:48.642 +00:00 [INF] Bearer was not authenticated. Failure message: IDX14101: Unable to decode the payload '[PII of type 'Microsoft.IdentityModel.Logging.SecurityArtifact' is hidden. For more details, see https://aka.ms/IdentityModel/PII.]' as Base64Url encoded string.
2026-05-21 15:35:48.643 +00:00 [INF] Executing endpoint 'API.Controllers.AuthController.Logout (API)'
2026-05-21 15:35:48.646 +00:00 [INF] Route matched with {action = "Logout", controller = "Auth"}. Executing controller action with signature System.Threading.Tasks.Task`1[Microsoft.AspNetCore.Mvc.IActionResult] Logout() on controller API.Controllers.AuthController (API).
2026-05-21 15:35:48.655 +00:00 [WRN] Missing claims for logout - UserId: 0, JTI: null, DeviceId: null, IPAddress: null
2026-05-21 15:35:48.656 +00:00 [INF] Executing UnauthorizedObjectResult, writing value of type '<>f__AnonymousType0`1[[System.String, System.Private.CoreLib, Version=9.0.0.0, Culture=neutral, PublicKeyToken=7cec85d7bea7798e]]'.
2026-05-21 15:35:48.657 +00:00 [INF] Executed action API.Controllers.AuthController.Logout (API) in 10.4645ms
2026-05-21 15:35:48.657 +00:00 [INF] Executed endpoint 'API.Controllers.AuthController.Logout (API)'
2026-05-21 15:35:48.657 +00:00 [INF] Request finished HTTP/1.1 POST http://localhost:8080/api/auth/logout - 401 null application/json; charset=utf-8 16.9559ms
2026-05-21 15:38:28.923 +00:00 [INF] Request starting HTTP/1.1 POST http://localhost:8080/api/auth/refresh - null 0
2026-05-21 15:38:28.924 +00:00 [INF] CORS policy execution successful.
2026-05-21 15:38:28.925 +00:00 [INF] Failed to validate the token.
System.ArgumentException: IDX14101: Unable to decode the payload '[PII of type 'Microsoft.IdentityModel.Logging.SecurityArtifact' is hidden. For more details, see https://aka.ms/IdentityModel/PII.]' as Base64Url encoded string.
 ---> System.Text.Json.JsonException: IDX11020: The JSON value of type: 'String', could not be converted to 'JsonTokenType.String'. Reading: 'Microsoft.IdentityModel.JsonWebTokens.JsonWebToken.iat', Position: '298', CurrentDepth: '1', BytesConsumed: '319'.
   at Microsoft.IdentityModel.Tokens.Json.JsonSerializerPrimitives.ReadLong(Utf8JsonReader& reader, String propertyName, String className, Boolean read)
   at Microsoft.IdentityModel.JsonWebTokens.JsonWebToken.ReadPayloadValue(Utf8JsonReader& reader, IDictionary`2 claims)
   at Microsoft.IdentityModel.JsonWebTokens.JsonWebToken.CreatePayloadClaimSet(ReadOnlySpan`1 byteSpan)
   at Microsoft.IdentityModel.JsonWebTokens.JsonWebToken.CreateClaimSet(ReadOnlySpan`1 strSpan, Int32 startIndex, Int32 length, Boolean createHeaderClaimSet)
   at Microsoft.IdentityModel.JsonWebTokens.JsonWebToken.ReadToken(ReadOnlyMemory`1 encodedTokenMemory)
   --- End of inner exception stack trace ---
   at Microsoft.IdentityModel.JsonWebTokens.JsonWebToken.ReadToken(ReadOnlyMemory`1 encodedTokenMemory)
   at Microsoft.IdentityModel.JsonWebTokens.JsonWebToken..ctor(String jwtEncodedString)
   at Microsoft.IdentityModel.JsonWebTokens.JsonWebTokenHandler.ReadToken(String token, TokenValidationParameters validationParameters)
2026-05-21 15:38:28.925 +00:00 [INF] Authentication failed: IDX14101: Unable to decode the payload '[PII of type 'Microsoft.IdentityModel.Logging.SecurityArtifact' is hidden. For more details, see https://aka.ms/IdentityModel/PII.]' as Base64Url encoded string.
2026-05-21 15:38:28.925 +00:00 [INF] Bearer was not authenticated. Failure message: IDX14101: Unable to decode the payload '[PII of type 'Microsoft.IdentityModel.Logging.SecurityArtifact' is hidden. For more details, see https://aka.ms/IdentityModel/PII.]' as Base64Url encoded string.
2026-05-21 15:38:28.925 +00:00 [INF] Executing endpoint 'API.Controllers.AuthController.RefreshToken (API)'
2026-05-21 15:38:28.928 +00:00 [INF] Route matched with {action = "RefreshToken", controller = "Auth"}. Executing controller action with signature System.Threading.Tasks.Task`1[Microsoft.AspNetCore.Mvc.IActionResult] RefreshToken() on controller API.Controllers.AuthController (API).
2026-05-21 15:38:28.965 +00:00 [INF] Executed DbCommand (3ms) [Parameters=[@__tokenHash_0='?'], CommandType='"Text"', CommandTimeout='30']
SELECT r."ID", r."CreatedAt", r."DeviceFingerprint", r."ExpiresAt", r."IpAddress", r."IsRevoked", r."TokenHash", r."UserID"
FROM "RefreshTokens" AS r
WHERE r."TokenHash" = @__tokenHash_0 AND NOT (r."IsRevoked") AND r."ExpiresAt" > now()
ORDER BY r."CreatedAt" DESC
LIMIT 1
2026-05-21 15:38:28.969 +00:00 [INF] Fetching user by ID from database...
2026-05-21 15:38:28.974 +00:00 [INF] Executed DbCommand (2ms) [Parameters=[@__id_0='?' (DbType = Int32)], CommandType='"Text"', CommandTimeout='30']
SELECT u."ID", u."Email", u."PasswordHash", u."RegisteredAt", u."Role", u."Username"
FROM "Users" AS u
WHERE u."ID" = @__id_0
LIMIT 1
2026-05-21 15:38:28.982 +00:00 [INF] Executed DbCommand (4ms) [Parameters=[@p0='?' (DbType = DateTime), @p1='?', @p2='?' (DbType = DateTime), @p3='?', @p4='?' (DbType = Int32), @p5='?'], CommandType='"Text"', CommandTimeout='30']
INSERT INTO "AccessTokens" ("CreatedAt", "DeviceFingerprint", "ExpiresAt", "IpAddress", "UserID", jti)
VALUES (@p0, @p1, @p2, @p3, @p4, @p5)
RETURNING "ID", "IsRevoked";
2026-05-21 15:38:28.992 +00:00 [INF] Executed DbCommand (2ms) [Parameters=[@__jti_0='?', @__userID_1='?' (DbType = Int32), @__deviceFingerprint_2='?', @__ipAddress_3='?'], CommandType='"Text"', CommandTimeout='30']
SELECT a."ID", a."CreatedAt", a."DeviceFingerprint", a."ExpiresAt", a."IpAddress", a."IsRevoked", a."UserID", a.jti
FROM "AccessTokens" AS a
WHERE a.jti = @__jti_0 AND NOT (a."IsRevoked") AND a."UserID" = @__userID_1 AND a."DeviceFingerprint" = @__deviceFingerprint_2 AND a."IpAddress" = @__ipAddress_3
2026-05-21 15:38:28.997 +00:00 [INF] Executed DbCommand (2ms) [Parameters=[@p0='?' (DbType = DateTime), @p1='?', @p2='?' (DbType = DateTime), @p3='?', @p4='?', @p5='?' (DbType = Int32)], CommandType='"Text"', CommandTimeout='30']
INSERT INTO "RefreshTokens" ("CreatedAt", "DeviceFingerprint", "ExpiresAt", "IpAddress", "TokenHash", "UserID")
VALUES (@p0, @p1, @p2, @p3, @p4, @p5)
RETURNING "ID", "IsRevoked";
2026-05-21 15:38:29.004 +00:00 [INF] Executed DbCommand (2ms) [Parameters=[@__tokenHash_0='?', @__userId_1='?' (DbType = Int32), @__deviceFingerprint_2='?', @__ipAddress_3='?'], CommandType='"Text"', CommandTimeout='30']
SELECT r."ID", r."CreatedAt", r."DeviceFingerprint", r."ExpiresAt", r."IpAddress", r."IsRevoked", r."TokenHash", r."UserID"
FROM "RefreshTokens" AS r
WHERE r."TokenHash" = @__tokenHash_0 AND NOT (r."IsRevoked") AND r."UserID" = @__userId_1 AND r."DeviceFingerprint" = @__deviceFingerprint_2 AND r."IpAddress" = @__ipAddress_3
2026-05-21 15:38:29.008 +00:00 [INF] Token refreshed successfully for user 1 at "2026-05-21T15:38:29.0089302Z"
2026-05-21 15:38:29.009 +00:00 [INF] Executing OkObjectResult, writing value of type '<>f__AnonymousType3`2[[System.Boolean, System.Private.CoreLib, Version=9.0.0.0, Culture=neutral, PublicKeyToken=7cec85d7bea7798e],[System.Int32, System.Private.CoreLib, Version=9.0.0.0, Culture=neutral, PublicKeyToken=7cec85d7bea7798e]]'.
2026-05-21 15:38:29.010 +00:00 [INF] Executed DbCommand (3ms) [Parameters=[@p1='?' (DbType = Int32), @p0='?' (DbType = Boolean)], CommandType='"Text"', CommandTimeout='30']
UPDATE "RefreshTokens" SET "IsRevoked" = @p0
WHERE "ID" = @p1;
2026-05-21 15:38:29.011 +00:00 [INF] Executed action API.Controllers.AuthController.RefreshToken (API) in 83.2246ms
2026-05-21 15:38:29.012 +00:00 [INF] Executed endpoint 'API.Controllers.AuthController.RefreshToken (API)'
2026-05-21 15:38:29.012 +00:00 [INF] Request finished HTTP/1.1 POST http://localhost:8080/api/auth/refresh - 200 null application/json; charset=utf-8 89.0326ms
2026-05-21 15:39:48.542 +00:00 [INF] Request starting HTTP/1.1 POST http://localhost:8080/api/auth/refresh - null 0
2026-05-21 15:39:48.543 +00:00 [INF] CORS policy execution successful.
2026-05-21 15:39:48.544 +00:00 [INF] Failed to validate the token.
System.ArgumentException: IDX14101: Unable to decode the payload '[PII of type 'Microsoft.IdentityModel.Logging.SecurityArtifact' is hidden. For more details, see https://aka.ms/IdentityModel/PII.]' as Base64Url encoded string.
 ---> System.Text.Json.JsonException: IDX11020: The JSON value of type: 'String', could not be converted to 'JsonTokenType.String'. Reading: 'Microsoft.IdentityModel.JsonWebTokens.JsonWebToken.iat', Position: '298', CurrentDepth: '1', BytesConsumed: '319'.
   at Microsoft.IdentityModel.Tokens.Json.JsonSerializerPrimitives.ReadLong(Utf8JsonReader& reader, String propertyName, String className, Boolean read)
   at Microsoft.IdentityModel.JsonWebTokens.JsonWebToken.ReadPayloadValue(Utf8JsonReader& reader, IDictionary`2 claims)
   at Microsoft.IdentityModel.JsonWebTokens.JsonWebToken.CreatePayloadClaimSet(ReadOnlySpan`1 byteSpan)
   at Microsoft.IdentityModel.JsonWebTokens.JsonWebToken.CreateClaimSet(ReadOnlySpan`1 strSpan, Int32 startIndex, Int32 length, Boolean createHeaderClaimSet)
   at Microsoft.IdentityModel.JsonWebTokens.JsonWebToken.ReadToken(ReadOnlyMemory`1 encodedTokenMemory)
   --- End of inner exception stack trace ---
   at Microsoft.IdentityModel.JsonWebTokens.JsonWebToken.ReadToken(ReadOnlyMemory`1 encodedTokenMemory)
   at Microsoft.IdentityModel.JsonWebTokens.JsonWebToken..ctor(String jwtEncodedString)
   at Microsoft.IdentityModel.JsonWebTokens.JsonWebTokenHandler.ReadToken(String token, TokenValidationParameters validationParameters)
2026-05-21 15:39:48.544 +00:00 [INF] Authentication failed: IDX14101: Unable to decode the payload '[PII of type 'Microsoft.IdentityModel.Logging.SecurityArtifact' is hidden. For more details, see https://aka.ms/IdentityModel/PII.]' as Base64Url encoded string.
2026-05-21 15:39:48.545 +00:00 [INF] Bearer was not authenticated. Failure message: IDX14101: Unable to decode the payload '[PII of type 'Microsoft.IdentityModel.Logging.SecurityArtifact' is hidden. For more details, see https://aka.ms/IdentityModel/PII.]' as Base64Url encoded string.
2026-05-21 15:39:48.545 +00:00 [INF] Executing endpoint 'API.Controllers.AuthController.RefreshToken (API)'
2026-05-21 15:39:48.545 +00:00 [INF] Route matched with {action = "RefreshToken", controller = "Auth"}. Executing controller action with signature System.Threading.Tasks.Task`1[Microsoft.AspNetCore.Mvc.IActionResult] RefreshToken() on controller API.Controllers.AuthController (API).
2026-05-21 15:39:48.580 +00:00 [INF] Executed DbCommand (2ms) [Parameters=[@__tokenHash_0='?'], CommandType='"Text"', CommandTimeout='30']
SELECT r."ID", r."CreatedAt", r."DeviceFingerprint", r."ExpiresAt", r."IpAddress", r."IsRevoked", r."TokenHash", r."UserID"
FROM "RefreshTokens" AS r
WHERE r."TokenHash" = @__tokenHash_0 AND NOT (r."IsRevoked") AND r."ExpiresAt" > now()
ORDER BY r."CreatedAt" DESC
LIMIT 1
2026-05-21 15:39:48.581 +00:00 [INF] Fetching user by ID from database...
2026-05-21 15:39:48.582 +00:00 [INF] Executed DbCommand (1ms) [Parameters=[@__id_0='?' (DbType = Int32)], CommandType='"Text"', CommandTimeout='30']
SELECT u."ID", u."Email", u."PasswordHash", u."RegisteredAt", u."Role", u."Username"
FROM "Users" AS u
WHERE u."ID" = @__id_0
LIMIT 1
2026-05-21 15:39:48.586 +00:00 [INF] Executed DbCommand (2ms) [Parameters=[@p0='?' (DbType = DateTime), @p1='?', @p2='?' (DbType = DateTime), @p3='?', @p4='?' (DbType = Int32), @p5='?'], CommandType='"Text"', CommandTimeout='30']
INSERT INTO "AccessTokens" ("CreatedAt", "DeviceFingerprint", "ExpiresAt", "IpAddress", "UserID", jti)
VALUES (@p0, @p1, @p2, @p3, @p4, @p5)
RETURNING "ID", "IsRevoked";
2026-05-21 15:39:48.588 +00:00 [INF] Executed DbCommand (1ms) [Parameters=[@__jti_0='?', @__userID_1='?' (DbType = Int32), @__deviceFingerprint_2='?', @__ipAddress_3='?'], CommandType='"Text"', CommandTimeout='30']
SELECT a."ID", a."CreatedAt", a."DeviceFingerprint", a."ExpiresAt", a."IpAddress", a."IsRevoked", a."UserID", a.jti
FROM "AccessTokens" AS a
WHERE a.jti = @__jti_0 AND NOT (a."IsRevoked") AND a."UserID" = @__userID_1 AND a."DeviceFingerprint" = @__deviceFingerprint_2 AND a."IpAddress" = @__ipAddress_3
2026-05-21 15:39:48.591 +00:00 [INF] Executed DbCommand (2ms) [Parameters=[@p0='?' (DbType = DateTime), @p1='?', @p2='?' (DbType = DateTime), @p3='?', @p4='?', @p5='?' (DbType = Int32)], CommandType='"Text"', CommandTimeout='30']
INSERT INTO "RefreshTokens" ("CreatedAt", "DeviceFingerprint", "ExpiresAt", "IpAddress", "TokenHash", "UserID")
VALUES (@p0, @p1, @p2, @p3, @p4, @p5)
RETURNING "ID", "IsRevoked";
2026-05-21 15:39:48.592 +00:00 [INF] Executed DbCommand (1ms) [Parameters=[@__tokenHash_0='?', @__userId_1='?' (DbType = Int32), @__deviceFingerprint_2='?', @__ipAddress_3='?'], CommandType='"Text"', CommandTimeout='30']
SELECT r."ID", r."CreatedAt", r."DeviceFingerprint", r."ExpiresAt", r."IpAddress", r."IsRevoked", r."TokenHash", r."UserID"
FROM "RefreshTokens" AS r
WHERE r."TokenHash" = @__tokenHash_0 AND NOT (r."IsRevoked") AND r."UserID" = @__userId_1 AND r."DeviceFingerprint" = @__deviceFingerprint_2 AND r."IpAddress" = @__ipAddress_3
2026-05-21 15:39:48.593 +00:00 [INF] Token refreshed successfully for user 1 at "2026-05-21T15:39:48.5938972Z"
2026-05-21 15:39:48.594 +00:00 [INF] Executing OkObjectResult, writing value of type '<>f__AnonymousType3`2[[System.Boolean, System.Private.CoreLib, Version=9.0.0.0, Culture=neutral, PublicKeyToken=7cec85d7bea7798e],[System.Int32, System.Private.CoreLib, Version=9.0.0.0, Culture=neutral, PublicKeyToken=7cec85d7bea7798e]]'.
2026-05-21 15:39:48.595 +00:00 [INF] Executed action API.Controllers.AuthController.RefreshToken (API) in 48.952ms
2026-05-21 15:39:48.595 +00:00 [INF] Executed endpoint 'API.Controllers.AuthController.RefreshToken (API)'
2026-05-21 15:39:48.596 +00:00 [INF] Executed DbCommand (2ms) [Parameters=[@p1='?' (DbType = Int32), @p0='?' (DbType = Boolean)], CommandType='"Text"', CommandTimeout='30']
UPDATE "RefreshTokens" SET "IsRevoked" = @p0
WHERE "ID" = @p1;
2026-05-21 15:39:48.596 +00:00 [INF] Request finished HTTP/1.1 POST http://localhost:8080/api/auth/refresh - 200 null application/json; charset=utf-8 54.1761ms
2026-05-21 15:42:18.511 +00:00 [INF] Application is shutting down...
2026-05-21 15:42:30.667 +00:00 [WRN] Storing keys in a directory '/home/app/.aspnet/DataProtection-Keys' that may not be persisted outside of the container. Protected data will be unavailable when container is destroyed. For more information go to https://aka.ms/aspnet/dataprotectionwarning
2026-05-21 15:42:30.691 +00:00 [INF] User profile is available. Using '/home/app/.aspnet/DataProtection-Keys' as key repository; keys will not be encrypted at rest.
2026-05-21 15:42:30.702 +00:00 [INF] Creating key {8c9fac2f-2e7d-45a0-9d8d-29b028ca7386} with creation date 2026-05-21 15:42:30Z, activation date 2026-05-21 15:42:30Z, and expiration date 2026-08-19 15:42:30Z.
2026-05-21 15:42:30.712 +00:00 [WRN] No XML encryptor configured. Key {8c9fac2f-2e7d-45a0-9d8d-29b028ca7386} may be persisted to storage in unencrypted form.
2026-05-21 15:42:30.715 +00:00 [INF] Writing data to file '/home/app/.aspnet/DataProtection-Keys/key-8c9fac2f-2e7d-45a0-9d8d-29b028ca7386.xml'.
2026-05-21 15:42:30.775 +00:00 [INF] Now listening on: http://[::]:8080
2026-05-21 15:42:30.777 +00:00 [INF] Application started. Press Ctrl+C to shut down.
2026-05-21 15:42:30.777 +00:00 [INF] Hosting environment: Production
2026-05-21 15:42:30.777 +00:00 [INF] Content root path: /app
2026-05-21 15:42:43.661 +00:00 [INF] Request starting HTTP/1.1 OPTIONS http://localhost:8080/api/auth - null null
2026-05-21 15:42:43.678 +00:00 [WRN] Failed to determine the https port for redirect.
2026-05-21 15:42:43.681 +00:00 [INF] CORS policy execution successful.
2026-05-21 15:42:43.690 +00:00 [INF] Request starting HTTP/1.1 POST http://localhost:8080/api/auth - application/json 57
2026-05-21 15:42:43.686 +00:00 [INF] Request finished HTTP/1.1 OPTIONS http://localhost:8080/api/auth - 204 null null 26.0294ms
2026-05-21 15:42:43.692 +00:00 [INF] CORS policy execution successful.
2026-05-21 15:42:43.725 +00:00 [INF] Failed to validate the token.
System.ArgumentException: IDX14101: Unable to decode the payload '[PII of type 'Microsoft.IdentityModel.Logging.SecurityArtifact' is hidden. For more details, see https://aka.ms/IdentityModel/PII.]' as Base64Url encoded string.
 ---> System.Text.Json.JsonException: IDX11020: The JSON value of type: 'String', could not be converted to 'JsonTokenType.String'. Reading: 'Microsoft.IdentityModel.JsonWebTokens.JsonWebToken.iat', Position: '298', CurrentDepth: '1', BytesConsumed: '319'.
   at Microsoft.IdentityModel.Tokens.Json.JsonSerializerPrimitives.ReadLong(Utf8JsonReader& reader, String propertyName, String className, Boolean read)
   at Microsoft.IdentityModel.JsonWebTokens.JsonWebToken.ReadPayloadValue(Utf8JsonReader& reader, IDictionary`2 claims)
   at Microsoft.IdentityModel.JsonWebTokens.JsonWebToken.CreatePayloadClaimSet(ReadOnlySpan`1 byteSpan)
   at Microsoft.IdentityModel.JsonWebTokens.JsonWebToken.CreateClaimSet(ReadOnlySpan`1 strSpan, Int32 startIndex, Int32 length, Boolean createHeaderClaimSet)
   at Microsoft.IdentityModel.JsonWebTokens.JsonWebToken.ReadToken(ReadOnlyMemory`1 encodedTokenMemory)
   --- End of inner exception stack trace ---
   at Microsoft.IdentityModel.JsonWebTokens.JsonWebToken.ReadToken(ReadOnlyMemory`1 encodedTokenMemory)
   at Microsoft.IdentityModel.JsonWebTokens.JsonWebToken..ctor(String jwtEncodedString)
   at Microsoft.IdentityModel.JsonWebTokens.JsonWebTokenHandler.ReadToken(String token, TokenValidationParameters validationParameters)
2026-05-21 15:42:43.732 +00:00 [INF] Authentication failed: IDX14101: Unable to decode the payload '[PII of type 'Microsoft.IdentityModel.Logging.SecurityArtifact' is hidden. For more details, see https://aka.ms/IdentityModel/PII.]' as Base64Url encoded string.
2026-05-21 15:42:43.734 +00:00 [INF] Bearer was not authenticated. Failure message: IDX14101: Unable to decode the payload '[PII of type 'Microsoft.IdentityModel.Logging.SecurityArtifact' is hidden. For more details, see https://aka.ms/IdentityModel/PII.]' as Base64Url encoded string.
2026-05-21 15:42:43.736 +00:00 [INF] Executing endpoint 'API.Controllers.AuthController.Authenticate (API)'
2026-05-21 15:42:43.751 +00:00 [INF] Route matched with {action = "Authenticate", controller = "Auth"}. Executing controller action with signature System.Threading.Tasks.Task`1[Microsoft.AspNetCore.Mvc.IActionResult] Authenticate(API.Models.LoginRequest) on controller API.Controllers.AuthController (API).
2026-05-21 15:42:43.850 +00:00 [INF] Authentication attempt for email: lengyelnorbi5@gmail.com
2026-05-21 15:42:43.851 +00:00 [INF] Fetching user by email from database...
2026-05-21 15:42:44.438 +00:00 [INF] Executed DbCommand (27ms) [Parameters=[@__email_0='?'], CommandType='"Text"', CommandTimeout='30']
SELECT u."ID", u."Email", u."PasswordHash", u."RegisteredAt", u."Role", u."Username"
FROM "Users" AS u
WHERE u."Email" = @__email_0
LIMIT 1
2026-05-21 15:42:44.486 +00:00 [INF] Fetching user by email from database...
2026-05-21 15:42:44.490 +00:00 [INF] Executed DbCommand (2ms) [Parameters=[@__email_0='?'], CommandType='"Text"', CommandTimeout='30']
SELECT u."ID", u."Email", u."PasswordHash", u."RegisteredAt", u."Role", u."Username"
FROM "Users" AS u
WHERE u."Email" = @__email_0
LIMIT 1
2026-05-21 15:42:44.992 +00:00 [INF] Password verification completed: Valid
2026-05-21 15:42:45.072 +00:00 [INF] Executed DbCommand (6ms) [Parameters=[@p0='?' (DbType = DateTime), @p1='?', @p2='?' (DbType = DateTime), @p3='?', @p4='?' (DbType = Int32), @p5='?'], CommandType='"Text"', CommandTimeout='30']
INSERT INTO "AccessTokens" ("CreatedAt", "DeviceFingerprint", "ExpiresAt", "IpAddress", "UserID", jti)
VALUES (@p0, @p1, @p2, @p3, @p4, @p5)
RETURNING "ID", "IsRevoked";
2026-05-21 15:42:45.114 +00:00 [INF] Executed DbCommand (3ms) [Parameters=[@p0='?' (DbType = DateTime), @p1='?', @p2='?' (DbType = DateTime), @p3='?', @p4='?', @p5='?' (DbType = Int32)], CommandType='"Text"', CommandTimeout='30']
INSERT INTO "RefreshTokens" ("CreatedAt", "DeviceFingerprint", "ExpiresAt", "IpAddress", "TokenHash", "UserID")
VALUES (@p0, @p1, @p2, @p3, @p4, @p5)
RETURNING "ID", "IsRevoked";
2026-05-21 15:42:45.121 +00:00 [INF] Executing OkObjectResult, writing value of type '<>f__AnonymousType1`3[[System.Boolean, System.Private.CoreLib, Version=9.0.0.0, Culture=neutral, PublicKeyToken=7cec85d7bea7798e],[System.Int32, System.Private.CoreLib, Version=9.0.0.0, Culture=neutral, PublicKeyToken=7cec85d7bea7798e],[<>f__AnonymousType2`4[[System.Int32, System.Private.CoreLib, Version=9.0.0.0, Culture=neutral, PublicKeyToken=7cec85d7bea7798e],[System.String, System.Private.CoreLib, Version=9.0.0.0, Culture=neutral, PublicKeyToken=7cec85d7bea7798e],[System.String, System.Private.CoreLib, Version=9.0.0.0, Culture=neutral, PublicKeyToken=7cec85d7bea7798e],[System.String, System.Private.CoreLib, Version=9.0.0.0, Culture=neutral, PublicKeyToken=7cec85d7bea7798e]], API, Version=1.0.0.0, Culture=neutral, PublicKeyToken=null]]'.
2026-05-21 15:42:45.135 +00:00 [INF] Executed action API.Controllers.AuthController.Authenticate (API) in 1382.0772ms
2026-05-21 15:42:45.135 +00:00 [INF] Executed endpoint 'API.Controllers.AuthController.Authenticate (API)'
2026-05-21 15:42:45.141 +00:00 [INF] Request finished HTTP/1.1 POST http://localhost:8080/api/auth - 200 null application/json; charset=utf-8 1451.1748ms
2026-05-21 15:42:45.168 +00:00 [INF] Request starting HTTP/1.1 GET http://localhost:8080/api/music - null null
2026-05-21 15:42:45.169 +00:00 [INF] CORS policy execution successful.
2026-05-21 15:42:45.173 +00:00 [INF] Request starting HTTP/1.1 GET http://localhost:8080/api/music - null null
2026-05-21 15:42:45.173 +00:00 [INF] CORS policy execution successful.
2026-05-21 15:42:45.184 +00:00 [INF] Token validated successfully for user: lengyelnorbi
2026-05-21 15:42:45.184 +00:00 [INF] Token validated successfully for user: lengyelnorbi
2026-05-21 15:42:45.184 +00:00 [INF] Device fingerprint validation: Stored=LNqk+nFaeU1JYV6pgde0MhQRAQ+rYMCnZrJ/DGase4I=, Current=
2026-05-21 15:42:45.185 +00:00 [INF] Device fingerprint validation: Stored=LNqk+nFaeU1JYV6pgde0MhQRAQ+rYMCnZrJ/DGase4I=, Current=
2026-05-21 15:42:45.185 +00:00 [WRN] Device fingerprint mismatch: Stored=LNqk+nFaeU1JYV6pgde0MhQRAQ+rYMCnZrJ/DGase4I=, Current=
2026-05-21 15:42:45.185 +00:00 [WRN] Device fingerprint mismatch: Stored=LNqk+nFaeU1JYV6pgde0MhQRAQ+rYMCnZrJ/DGase4I=, Current=
2026-05-21 15:42:45.185 +00:00 [INF] Bearer was not authenticated. Failure message: Device fingerprint mismatch
2026-05-21 15:42:45.185 +00:00 [INF] Bearer was not authenticated. Failure message: Device fingerprint mismatch
2026-05-21 15:42:45.189 +00:00 [INF] Authorization failed. These requirements were not met:
DenyAnonymousAuthorizationRequirement: Requires an authenticated user.
2026-05-21 15:42:45.189 +00:00 [INF] Authorization failed. These requirements were not met:
DenyAnonymousAuthorizationRequirement: Requires an authenticated user.
2026-05-21 15:42:45.192 +00:00 [INF] AuthenticationScheme: Bearer was challenged.
2026-05-21 15:42:45.192 +00:00 [INF] AuthenticationScheme: Bearer was challenged.
2026-05-21 15:42:45.192 +00:00 [INF] Request finished HTTP/1.1 GET http://localhost:8080/api/music - 401 0 null 23.7205ms
2026-05-21 15:42:45.192 +00:00 [INF] Request finished HTTP/1.1 GET http://localhost:8080/api/music - 401 0 null 19.4504ms
2026-05-21 15:42:45.240 +00:00 [INF] Request starting HTTP/1.1 POST http://localhost:8080/api/auth/logout - null 0
2026-05-21 15:42:45.240 +00:00 [INF] CORS policy execution successful.
2026-05-21 15:42:45.241 +00:00 [INF] Token validated successfully for user: lengyelnorbi
2026-05-21 15:42:45.241 +00:00 [INF] Device fingerprint validation: Stored=LNqk+nFaeU1JYV6pgde0MhQRAQ+rYMCnZrJ/DGase4I=, Current=
2026-05-21 15:42:45.241 +00:00 [WRN] Device fingerprint mismatch: Stored=LNqk+nFaeU1JYV6pgde0MhQRAQ+rYMCnZrJ/DGase4I=, Current=
2026-05-21 15:42:45.242 +00:00 [INF] Bearer was not authenticated. Failure message: Device fingerprint mismatch
2026-05-21 15:42:45.242 +00:00 [INF] Executing endpoint 'API.Controllers.AuthController.Logout (API)'
2026-05-21 15:42:45.245 +00:00 [INF] Route matched with {action = "Logout", controller = "Auth"}. Executing controller action with signature System.Threading.Tasks.Task`1[Microsoft.AspNetCore.Mvc.IActionResult] Logout() on controller API.Controllers.AuthController (API).
2026-05-21 15:42:45.254 +00:00 [WRN] Missing claims for logout - UserId: 0, JTI: null, DeviceId: null, IPAddress: null
2026-05-21 15:42:45.255 +00:00 [INF] Executing UnauthorizedObjectResult, writing value of type '<>f__AnonymousType0`1[[System.String, System.Private.CoreLib, Version=9.0.0.0, Culture=neutral, PublicKeyToken=7cec85d7bea7798e]]'.
2026-05-21 15:42:45.256 +00:00 [INF] Executed action API.Controllers.AuthController.Logout (API) in 10.5587ms
2026-05-21 15:42:45.256 +00:00 [INF] Executed endpoint 'API.Controllers.AuthController.Logout (API)'
2026-05-21 15:42:45.257 +00:00 [INF] Request finished HTTP/1.1 POST http://localhost:8080/api/auth/logout - 401 null application/json; charset=utf-8 16.7476ms
2026-05-21 15:43:48.652 +00:00 [INF] Request starting HTTP/1.1 POST http://localhost:8080/api/auth/refresh - null 0
2026-05-21 15:43:48.653 +00:00 [INF] CORS policy execution successful.
2026-05-21 15:43:48.654 +00:00 [INF] Token validated successfully for user: lengyelnorbi
2026-05-21 15:43:48.654 +00:00 [INF] Device fingerprint validation: Stored=LNqk+nFaeU1JYV6pgde0MhQRAQ+rYMCnZrJ/DGase4I=, Current=
2026-05-21 15:43:48.654 +00:00 [WRN] Device fingerprint mismatch: Stored=LNqk+nFaeU1JYV6pgde0MhQRAQ+rYMCnZrJ/DGase4I=, Current=
2026-05-21 15:43:48.654 +00:00 [INF] Bearer was not authenticated. Failure message: Device fingerprint mismatch
2026-05-21 15:43:48.654 +00:00 [INF] Executing endpoint 'API.Controllers.AuthController.RefreshToken (API)'
2026-05-21 15:43:48.656 +00:00 [INF] Route matched with {action = "RefreshToken", controller = "Auth"}. Executing controller action with signature System.Threading.Tasks.Task`1[Microsoft.AspNetCore.Mvc.IActionResult] RefreshToken() on controller API.Controllers.AuthController (API).
2026-05-21 15:43:48.685 +00:00 [INF] Executed DbCommand (2ms) [Parameters=[@__tokenHash_0='?'], CommandType='"Text"', CommandTimeout='30']
SELECT r."ID", r."CreatedAt", r."DeviceFingerprint", r."ExpiresAt", r."IpAddress", r."IsRevoked", r."TokenHash", r."UserID"
FROM "RefreshTokens" AS r
WHERE r."TokenHash" = @__tokenHash_0 AND NOT (r."IsRevoked") AND r."ExpiresAt" > now()
ORDER BY r."CreatedAt" DESC
LIMIT 1
2026-05-21 15:43:48.688 +00:00 [INF] Fetching user by ID from database...
2026-05-21 15:43:48.693 +00:00 [INF] Executed DbCommand (1ms) [Parameters=[@__id_0='?' (DbType = Int32)], CommandType='"Text"', CommandTimeout='30']
SELECT u."ID", u."Email", u."PasswordHash", u."RegisteredAt", u."Role", u."Username"
FROM "Users" AS u
WHERE u."ID" = @__id_0
LIMIT 1
2026-05-21 15:43:48.700 +00:00 [INF] Executed DbCommand (2ms) [Parameters=[@p0='?' (DbType = DateTime), @p1='?', @p2='?' (DbType = DateTime), @p3='?', @p4='?' (DbType = Int32), @p5='?'], CommandType='"Text"', CommandTimeout='30']
INSERT INTO "AccessTokens" ("CreatedAt", "DeviceFingerprint", "ExpiresAt", "IpAddress", "UserID", jti)
VALUES (@p0, @p1, @p2, @p3, @p4, @p5)
RETURNING "ID", "IsRevoked";
2026-05-21 15:43:48.709 +00:00 [INF] Executed DbCommand (2ms) [Parameters=[@__jti_0='?', @__userID_1='?' (DbType = Int32), @__deviceFingerprint_2='?', @__ipAddress_3='?'], CommandType='"Text"', CommandTimeout='30']
SELECT a."ID", a."CreatedAt", a."DeviceFingerprint", a."ExpiresAt", a."IpAddress", a."IsRevoked", a."UserID", a.jti
FROM "AccessTokens" AS a
WHERE a.jti = @__jti_0 AND NOT (a."IsRevoked") AND a."UserID" = @__userID_1 AND a."DeviceFingerprint" = @__deviceFingerprint_2 AND a."IpAddress" = @__ipAddress_3
2026-05-21 15:43:48.714 +00:00 [INF] Executed DbCommand (2ms) [Parameters=[@p0='?' (DbType = DateTime), @p1='?', @p2='?' (DbType = DateTime), @p3='?', @p4='?', @p5='?' (DbType = Int32)], CommandType='"Text"', CommandTimeout='30']
INSERT INTO "RefreshTokens" ("CreatedAt", "DeviceFingerprint", "ExpiresAt", "IpAddress", "TokenHash", "UserID")
VALUES (@p0, @p1, @p2, @p3, @p4, @p5)
RETURNING "ID", "IsRevoked";
2026-05-21 15:43:48.721 +00:00 [INF] Executed DbCommand (2ms) [Parameters=[@__tokenHash_0='?', @__userId_1='?' (DbType = Int32), @__deviceFingerprint_2='?', @__ipAddress_3='?'], CommandType='"Text"', CommandTimeout='30']
SELECT r."ID", r."CreatedAt", r."DeviceFingerprint", r."ExpiresAt", r."IpAddress", r."IsRevoked", r."TokenHash", r."UserID"
FROM "RefreshTokens" AS r
WHERE r."TokenHash" = @__tokenHash_0 AND NOT (r."IsRevoked") AND r."UserID" = @__userId_1 AND r."DeviceFingerprint" = @__deviceFingerprint_2 AND r."IpAddress" = @__ipAddress_3
2026-05-21 15:43:48.726 +00:00 [INF] Token refreshed successfully for user 1 at "2026-05-21T15:43:48.7264785Z"
2026-05-21 15:43:48.727 +00:00 [INF] Executing OkObjectResult, writing value of type '<>f__AnonymousType3`2[[System.Boolean, System.Private.CoreLib, Version=9.0.0.0, Culture=neutral, PublicKeyToken=7cec85d7bea7798e],[System.Int32, System.Private.CoreLib, Version=9.0.0.0, Culture=neutral, PublicKeyToken=7cec85d7bea7798e]]'.
2026-05-21 15:43:48.728 +00:00 [INF] Executed DbCommand (3ms) [Parameters=[@p1='?' (DbType = Int32), @p0='?' (DbType = Boolean)], CommandType='"Text"', CommandTimeout='30']
UPDATE "RefreshTokens" SET "IsRevoked" = @p0
WHERE "ID" = @p1;
2026-05-21 15:43:48.728 +00:00 [INF] Executed action API.Controllers.AuthController.RefreshToken (API) in 71.6136ms
2026-05-21 15:43:48.728 +00:00 [INF] Executed endpoint 'API.Controllers.AuthController.RefreshToken (API)'
2026-05-21 15:43:48.729 +00:00 [INF] Request finished HTTP/1.1 POST http://localhost:8080/api/auth/refresh - 200 null application/json; charset=utf-8 76.8126ms
2026-05-21 15:46:45.173 +00:00 [INF] Request starting HTTP/1.1 POST http://localhost:8080/api/auth/refresh - null 0
2026-05-21 15:46:45.173 +00:00 [INF] CORS policy execution successful.
2026-05-21 15:46:45.174 +00:00 [INF] Token validated successfully for user: lengyelnorbi
2026-05-21 15:46:45.174 +00:00 [INF] Device fingerprint validation: Stored=LNqk+nFaeU1JYV6pgde0MhQRAQ+rYMCnZrJ/DGase4I=, Current=
2026-05-21 15:46:45.175 +00:00 [WRN] Device fingerprint mismatch: Stored=LNqk+nFaeU1JYV6pgde0MhQRAQ+rYMCnZrJ/DGase4I=, Current=
2026-05-21 15:46:45.175 +00:00 [INF] Bearer was not authenticated. Failure message: Device fingerprint mismatch
2026-05-21 15:46:45.175 +00:00 [INF] Executing endpoint 'API.Controllers.AuthController.RefreshToken (API)'
2026-05-21 15:46:45.176 +00:00 [INF] Route matched with {action = "RefreshToken", controller = "Auth"}. Executing controller action with signature System.Threading.Tasks.Task`1[Microsoft.AspNetCore.Mvc.IActionResult] RefreshToken() on controller API.Controllers.AuthController (API).
2026-05-21 15:46:45.211 +00:00 [INF] Executed DbCommand (2ms) [Parameters=[@__tokenHash_0='?'], CommandType='"Text"', CommandTimeout='30']
SELECT r."ID", r."CreatedAt", r."DeviceFingerprint", r."ExpiresAt", r."IpAddress", r."IsRevoked", r."TokenHash", r."UserID"
FROM "RefreshTokens" AS r
WHERE r."TokenHash" = @__tokenHash_0 AND NOT (r."IsRevoked") AND r."ExpiresAt" > now()
ORDER BY r."CreatedAt" DESC
LIMIT 1
2026-05-21 15:46:45.212 +00:00 [INF] Fetching user by ID from database...
2026-05-21 15:46:45.214 +00:00 [INF] Executed DbCommand (2ms) [Parameters=[@__id_0='?' (DbType = Int32)], CommandType='"Text"', CommandTimeout='30']
SELECT u."ID", u."Email", u."PasswordHash", u."RegisteredAt", u."Role", u."Username"
FROM "Users" AS u
WHERE u."ID" = @__id_0
LIMIT 1
2026-05-21 15:46:45.218 +00:00 [INF] Executed DbCommand (2ms) [Parameters=[@p0='?' (DbType = DateTime), @p1='?', @p2='?' (DbType = DateTime), @p3='?', @p4='?' (DbType = Int32), @p5='?'], CommandType='"Text"', CommandTimeout='30']
INSERT INTO "AccessTokens" ("CreatedAt", "DeviceFingerprint", "ExpiresAt", "IpAddress", "UserID", jti)
VALUES (@p0, @p1, @p2, @p3, @p4, @p5)
RETURNING "ID", "IsRevoked";
2026-05-21 15:46:45.220 +00:00 [INF] Executed DbCommand (2ms) [Parameters=[@__jti_0='?', @__userID_1='?' (DbType = Int32), @__deviceFingerprint_2='?', @__ipAddress_3='?'], CommandType='"Text"', CommandTimeout='30']
SELECT a."ID", a."CreatedAt", a."DeviceFingerprint", a."ExpiresAt", a."IpAddress", a."IsRevoked", a."UserID", a.jti
FROM "AccessTokens" AS a
WHERE a.jti = @__jti_0 AND NOT (a."IsRevoked") AND a."UserID" = @__userID_1 AND a."DeviceFingerprint" = @__deviceFingerprint_2 AND a."IpAddress" = @__ipAddress_3
2026-05-21 15:46:45.224 +00:00 [INF] Executed DbCommand (2ms) [Parameters=[@p0='?' (DbType = DateTime), @p1='?', @p2='?' (DbType = DateTime), @p3='?', @p4='?', @p5='?' (DbType = Int32)], CommandType='"Text"', CommandTimeout='30']
INSERT INTO "RefreshTokens" ("CreatedAt", "DeviceFingerprint", "ExpiresAt", "IpAddress", "TokenHash", "UserID")
VALUES (@p0, @p1, @p2, @p3, @p4, @p5)
RETURNING "ID", "IsRevoked";
2026-05-21 15:46:45.226 +00:00 [INF] Executed DbCommand (1ms) [Parameters=[@__tokenHash_0='?', @__userId_1='?' (DbType = Int32), @__deviceFingerprint_2='?', @__ipAddress_3='?'], CommandType='"Text"', CommandTimeout='30']
SELECT r."ID", r."CreatedAt", r."DeviceFingerprint", r."ExpiresAt", r."IpAddress", r."IsRevoked", r."TokenHash", r."UserID"
FROM "RefreshTokens" AS r
WHERE r."TokenHash" = @__tokenHash_0 AND NOT (r."IsRevoked") AND r."UserID" = @__userId_1 AND r."DeviceFingerprint" = @__deviceFingerprint_2 AND r."IpAddress" = @__ipAddress_3
2026-05-21 15:46:45.227 +00:00 [INF] Token refreshed successfully for user 1 at "2026-05-21T15:46:45.2278240Z"
2026-05-21 15:46:45.228 +00:00 [INF] Executing OkObjectResult, writing value of type '<>f__AnonymousType3`2[[System.Boolean, System.Private.CoreLib, Version=9.0.0.0, Culture=neutral, PublicKeyToken=7cec85d7bea7798e],[System.Int32, System.Private.CoreLib, Version=9.0.0.0, Culture=neutral, PublicKeyToken=7cec85d7bea7798e]]'.
2026-05-21 15:46:45.228 +00:00 [INF] Executed action API.Controllers.AuthController.RefreshToken (API) in 51.8685ms
2026-05-21 15:46:45.228 +00:00 [INF] Executed endpoint 'API.Controllers.AuthController.RefreshToken (API)'
2026-05-21 15:46:45.231 +00:00 [ERR] Failed executing DbCommand (3ms) [Parameters=[@p1='?' (DbType = Int32), @p0='?' (DbType = Boolean)], CommandType='"Text"', CommandTimeout='30']
UPDATE "RefreshTokens" SET "IsRevoked" = @p0
WHERE "ID" = @p1;
2026-05-21 15:47:29.617 +00:00 [INF] Application is shutting down...
2026-05-21 15:47:42.385 +00:00 [WRN] Storing keys in a directory '/home/app/.aspnet/DataProtection-Keys' that may not be persisted outside of the container. Protected data will be unavailable when container is destroyed. For more information go to https://aka.ms/aspnet/dataprotectionwarning
2026-05-21 15:47:42.409 +00:00 [INF] User profile is available. Using '/home/app/.aspnet/DataProtection-Keys' as key repository; keys will not be encrypted at rest.
2026-05-21 15:47:42.420 +00:00 [INF] Creating key {cb813f47-8f22-4667-918d-a84edfc62f0b} with creation date 2026-05-21 15:47:42Z, activation date 2026-05-21 15:47:42Z, and expiration date 2026-08-19 15:47:42Z.
2026-05-21 15:47:42.429 +00:00 [WRN] No XML encryptor configured. Key {cb813f47-8f22-4667-918d-a84edfc62f0b} may be persisted to storage in unencrypted form.
2026-05-21 15:47:42.432 +00:00 [INF] Writing data to file '/home/app/.aspnet/DataProtection-Keys/key-cb813f47-8f22-4667-918d-a84edfc62f0b.xml'.
2026-05-21 15:47:42.480 +00:00 [INF] Now listening on: http://[::]:8080
2026-05-21 15:47:42.482 +00:00 [INF] Application started. Press Ctrl+C to shut down.
2026-05-21 15:47:42.482 +00:00 [INF] Hosting environment: Production
2026-05-21 15:47:42.482 +00:00 [INF] Content root path: /app
2026-05-21 15:47:48.773 +00:00 [INF] Request starting HTTP/1.1 POST http://localhost:8080/api/auth/refresh - null 0
2026-05-21 15:47:48.790 +00:00 [WRN] Failed to determine the https port for redirect.
2026-05-21 15:47:48.793 +00:00 [INF] CORS policy execution successful.
2026-05-21 15:47:48.838 +00:00 [INF] Token validated successfully for user: lengyelnorbi
2026-05-21 15:47:48.839 +00:00 [INF] Device fingerprint validation: Stored=LNqk+nFaeU1JYV6pgde0MhQRAQ+rYMCnZrJ/DGase4I=, Current=LNqk+nFaeU1JYV6pgde0MhQRAQ+rYMCnZrJ/DGase4I=
2026-05-21 15:47:48.842 +00:00 [INF] Executing endpoint 'API.Controllers.AuthController.RefreshToken (API)'
2026-05-21 15:47:48.853 +00:00 [INF] Route matched with {action = "RefreshToken", controller = "Auth"}. Executing controller action with signature System.Threading.Tasks.Task`1[Microsoft.AspNetCore.Mvc.IActionResult] RefreshToken() on controller API.Controllers.AuthController (API).
2026-05-21 15:47:49.501 +00:00 [INF] Executed DbCommand (26ms) [Parameters=[@__tokenHash_0='?'], CommandType='"Text"', CommandTimeout='30']
SELECT r."ID", r."CreatedAt", r."DeviceFingerprint", r."ExpiresAt", r."IpAddress", r."IsRevoked", r."TokenHash", r."UserID"
FROM "RefreshTokens" AS r
WHERE r."TokenHash" = @__tokenHash_0 AND NOT (r."IsRevoked") AND r."ExpiresAt" > now()
ORDER BY r."CreatedAt" DESC
LIMIT 1
2026-05-21 15:47:49.548 +00:00 [INF] Fetching user by ID from database...
2026-05-21 15:47:49.559 +00:00 [INF] Executed DbCommand (3ms) [Parameters=[@__id_0='?' (DbType = Int32)], CommandType='"Text"', CommandTimeout='30']
SELECT u."ID", u."Email", u."PasswordHash", u."RegisteredAt", u."Role", u."Username"
FROM "Users" AS u
WHERE u."ID" = @__id_0
LIMIT 1
2026-05-21 15:47:49.654 +00:00 [INF] Executed DbCommand (4ms) [Parameters=[@p0='?' (DbType = DateTime), @p1='?', @p2='?' (DbType = DateTime), @p3='?', @p4='?' (DbType = Int32), @p5='?'], CommandType='"Text"', CommandTimeout='30']
INSERT INTO "AccessTokens" ("CreatedAt", "DeviceFingerprint", "ExpiresAt", "IpAddress", "UserID", jti)
VALUES (@p0, @p1, @p2, @p3, @p4, @p5)
RETURNING "ID", "IsRevoked";
2026-05-21 15:47:49.677 +00:00 [INF] Executed DbCommand (2ms) [Parameters=[@__jti_0='?', @__userID_1='?' (DbType = Int32), @__deviceFingerprint_2='?', @__ipAddress_3='?'], CommandType='"Text"', CommandTimeout='30']
SELECT a."ID", a."CreatedAt", a."DeviceFingerprint", a."ExpiresAt", a."IpAddress", a."IsRevoked", a."UserID", a.jti
FROM "AccessTokens" AS a
WHERE a.jti = @__jti_0 AND NOT (a."IsRevoked") AND a."UserID" = @__userID_1 AND a."DeviceFingerprint" = @__deviceFingerprint_2 AND a."IpAddress" = @__ipAddress_3
2026-05-21 15:47:49.683 +00:00 [INF] Executed DbCommand (2ms) [Parameters=[@p0='?' (DbType = DateTime), @p1='?', @p2='?' (DbType = DateTime), @p3='?', @p4='?', @p5='?' (DbType = Int32)], CommandType='"Text"', CommandTimeout='30']
INSERT INTO "RefreshTokens" ("CreatedAt", "DeviceFingerprint", "ExpiresAt", "IpAddress", "TokenHash", "UserID")
VALUES (@p0, @p1, @p2, @p3, @p4, @p5)
RETURNING "ID", "IsRevoked";
2026-05-21 15:47:49.690 +00:00 [INF] Executed DbCommand (1ms) [Parameters=[@__tokenHash_0='?', @__userId_1='?' (DbType = Int32), @__deviceFingerprint_2='?', @__ipAddress_3='?'], CommandType='"Text"', CommandTimeout='30']
SELECT r."ID", r."CreatedAt", r."DeviceFingerprint", r."ExpiresAt", r."IpAddress", r."IsRevoked", r."TokenHash", r."UserID"
FROM "RefreshTokens" AS r
WHERE r."TokenHash" = @__tokenHash_0 AND NOT (r."IsRevoked") AND r."UserID" = @__userId_1 AND r."DeviceFingerprint" = @__deviceFingerprint_2 AND r."IpAddress" = @__ipAddress_3
2026-05-21 15:47:49.695 +00:00 [INF] Executed DbCommand (2ms) [Parameters=[@p1='?' (DbType = Int32), @p0='?' (DbType = Boolean)], CommandType='"Text"', CommandTimeout='30']
UPDATE "RefreshTokens" SET "IsRevoked" = @p0
WHERE "ID" = @p1;
2026-05-21 15:47:49.695 +00:00 [INF] Token refreshed successfully for user 1 at "2026-05-21T15:47:49.6949697Z"
2026-05-21 15:47:49.700 +00:00 [INF] Executing OkObjectResult, writing value of type '<>f__AnonymousType3`2[[System.Boolean, System.Private.CoreLib, Version=9.0.0.0, Culture=neutral, PublicKeyToken=7cec85d7bea7798e],[System.Int32, System.Private.CoreLib, Version=9.0.0.0, Culture=neutral, PublicKeyToken=7cec85d7bea7798e]]'.
2026-05-21 15:47:49.733 +00:00 [INF] Executed action API.Controllers.AuthController.RefreshToken (API) in 878.1673ms
2026-05-21 15:47:49.736 +00:00 [INF] Executed endpoint 'API.Controllers.AuthController.RefreshToken (API)'
2026-05-21 15:47:49.742 +00:00 [INF] Request finished HTTP/1.1 POST http://localhost:8080/api/auth/refresh - 200 null application/json; charset=utf-8 970.7446ms
2026-05-21 15:48:15.907 +00:00 [INF] Request starting HTTP/1.1 GET http://localhost:8080/api/music - null 0
2026-05-21 15:48:15.907 +00:00 [INF] Request starting HTTP/1.1 GET http://localhost:8080/api/music - null 0
2026-05-21 15:48:15.912 +00:00 [INF] Authorization failed. These requirements were not met:
DenyAnonymousAuthorizationRequirement: Requires an authenticated user.
2026-05-21 15:48:15.912 +00:00 [INF] Authorization failed. These requirements were not met:
DenyAnonymousAuthorizationRequirement: Requires an authenticated user.
2026-05-21 15:48:15.915 +00:00 [INF] AuthenticationScheme: Bearer was challenged.
2026-05-21 15:48:15.915 +00:00 [INF] AuthenticationScheme: Bearer was challenged.
2026-05-21 15:48:15.915 +00:00 [INF] Request finished HTTP/1.1 GET http://localhost:8080/api/music - 401 0 null 8.2169ms
2026-05-21 15:48:15.915 +00:00 [INF] Request finished HTTP/1.1 GET http://localhost:8080/api/music - 401 0 null 8.2622ms
2026-05-21 15:48:15.951 +00:00 [INF] Request starting HTTP/1.1 POST http://localhost:8080/api/auth/logout - null 0
2026-05-21 15:48:15.952 +00:00 [INF] Executing endpoint 'API.Controllers.AuthController.Logout (API)'
2026-05-21 15:48:15.957 +00:00 [INF] Route matched with {action = "Logout", controller = "Auth"}. Executing controller action with signature System.Threading.Tasks.Task`1[Microsoft.AspNetCore.Mvc.IActionResult] Logout() on controller API.Controllers.AuthController (API).
2026-05-21 15:48:15.964 +00:00 [WRN] Refresh token missing from cookies
2026-05-21 15:48:15.965 +00:00 [INF] Executing UnauthorizedObjectResult, writing value of type '<>f__AnonymousType0`1[[System.String, System.Private.CoreLib, Version=9.0.0.0, Culture=neutral, PublicKeyToken=7cec85d7bea7798e]]'.
2026-05-21 15:48:15.969 +00:00 [INF] Executed action API.Controllers.AuthController.Logout (API) in 12.3796ms
2026-05-21 15:48:15.970 +00:00 [INF] Executed endpoint 'API.Controllers.AuthController.Logout (API)'
2026-05-21 15:48:15.970 +00:00 [INF] Request finished HTTP/1.1 POST http://localhost:8080/api/auth/logout - 401 null application/json; charset=utf-8 19.2005ms
2026-05-21 15:48:37.971 +00:00 [INF] Request starting HTTP/1.1 OPTIONS http://localhost:8080/api/auth - null null
2026-05-21 15:48:37.971 +00:00 [INF] CORS policy execution successful.
2026-05-21 15:48:37.973 +00:00 [INF] Request finished HTTP/1.1 OPTIONS http://localhost:8080/api/auth - 204 null null 2.5648ms
2026-05-21 15:48:37.980 +00:00 [INF] Request starting HTTP/1.1 POST http://localhost:8080/api/auth - application/json 57
2026-05-21 15:48:37.980 +00:00 [INF] CORS policy execution successful.
2026-05-21 15:48:37.982 +00:00 [INF] Token validated successfully for user: lengyelnorbi
2026-05-21 15:48:37.982 +00:00 [INF] Device fingerprint validation: Stored=LNqk+nFaeU1JYV6pgde0MhQRAQ+rYMCnZrJ/DGase4I=, Current=LNqk+nFaeU1JYV6pgde0MhQRAQ+rYMCnZrJ/DGase4I=
2026-05-21 15:48:37.982 +00:00 [INF] Executing endpoint 'API.Controllers.AuthController.Authenticate (API)'
2026-05-21 15:48:37.989 +00:00 [INF] Route matched with {action = "Authenticate", controller = "Auth"}. Executing controller action with signature System.Threading.Tasks.Task`1[Microsoft.AspNetCore.Mvc.IActionResult] Authenticate(API.Models.LoginRequest) on controller API.Controllers.AuthController (API).
2026-05-21 15:48:38.013 +00:00 [INF] Authentication attempt for email: lengyelnorbi5@gmail.com
2026-05-21 15:48:38.014 +00:00 [INF] Fetching user by email from database...
2026-05-21 15:48:38.030 +00:00 [INF] Executed DbCommand (2ms) [Parameters=[@__email_0='?'], CommandType='"Text"', CommandTimeout='30']
SELECT u."ID", u."Email", u."PasswordHash", u."RegisteredAt", u."Role", u."Username"
FROM "Users" AS u
WHERE u."Email" = @__email_0
LIMIT 1
2026-05-21 15:48:38.032 +00:00 [INF] Fetching user by email from database...
2026-05-21 15:48:38.035 +00:00 [INF] Executed DbCommand (1ms) [Parameters=[@__email_0='?'], CommandType='"Text"', CommandTimeout='30']
SELECT u."ID", u."Email", u."PasswordHash", u."RegisteredAt", u."Role", u."Username"
FROM "Users" AS u
WHERE u."Email" = @__email_0
LIMIT 1
2026-05-21 15:48:38.422 +00:00 [INF] Password verification completed: Valid
2026-05-21 15:48:38.427 +00:00 [INF] Executed DbCommand (2ms) [Parameters=[@p0='?' (DbType = DateTime), @p1='?', @p2='?' (DbType = DateTime), @p3='?', @p4='?' (DbType = Int32), @p5='?'], CommandType='"Text"', CommandTimeout='30']
INSERT INTO "AccessTokens" ("CreatedAt", "DeviceFingerprint", "ExpiresAt", "IpAddress", "UserID", jti)
VALUES (@p0, @p1, @p2, @p3, @p4, @p5)
RETURNING "ID", "IsRevoked";
2026-05-21 15:48:38.430 +00:00 [INF] Executed DbCommand (2ms) [Parameters=[@p0='?' (DbType = DateTime), @p1='?', @p2='?' (DbType = DateTime), @p3='?', @p4='?', @p5='?' (DbType = Int32)], CommandType='"Text"', CommandTimeout='30']
INSERT INTO "RefreshTokens" ("CreatedAt", "DeviceFingerprint", "ExpiresAt", "IpAddress", "TokenHash", "UserID")
VALUES (@p0, @p1, @p2, @p3, @p4, @p5)
RETURNING "ID", "IsRevoked";
2026-05-21 15:48:38.431 +00:00 [INF] Executing OkObjectResult, writing value of type '<>f__AnonymousType1`3[[System.Boolean, System.Private.CoreLib, Version=9.0.0.0, Culture=neutral, PublicKeyToken=7cec85d7bea7798e],[System.Int32, System.Private.CoreLib, Version=9.0.0.0, Culture=neutral, PublicKeyToken=7cec85d7bea7798e],[<>f__AnonymousType2`4[[System.Int32, System.Private.CoreLib, Version=9.0.0.0, Culture=neutral, PublicKeyToken=7cec85d7bea7798e],[System.String, System.Private.CoreLib, Version=9.0.0.0, Culture=neutral, PublicKeyToken=7cec85d7bea7798e],[System.String, System.Private.CoreLib, Version=9.0.0.0, Culture=neutral, PublicKeyToken=7cec85d7bea7798e],[System.String, System.Private.CoreLib, Version=9.0.0.0, Culture=neutral, PublicKeyToken=7cec85d7bea7798e]], API, Version=1.0.0.0, Culture=neutral, PublicKeyToken=null]]'.
2026-05-21 15:48:38.433 +00:00 [INF] Executed action API.Controllers.AuthController.Authenticate (API) in 443.7421ms
2026-05-21 15:48:38.433 +00:00 [INF] Executed endpoint 'API.Controllers.AuthController.Authenticate (API)'
2026-05-21 15:48:38.434 +00:00 [INF] Request finished HTTP/1.1 POST http://localhost:8080/api/auth - 200 null application/json; charset=utf-8 453.7283ms
2026-05-21 15:48:40.575 +00:00 [INF] Request starting HTTP/1.1 GET http://localhost:8080/api/music - null null
2026-05-21 15:48:40.576 +00:00 [INF] CORS policy execution successful.
2026-05-21 15:48:40.576 +00:00 [INF] Token validated successfully for user: lengyelnorbi
2026-05-21 15:48:40.576 +00:00 [INF] Device fingerprint validation: Stored=LNqk+nFaeU1JYV6pgde0MhQRAQ+rYMCnZrJ/DGase4I=, Current=29TbDfKPMW4n5XIy1/TgDVCtGupDrJ0XRU8jUvd12Ug=
2026-05-21 15:48:40.577 +00:00 [WRN] Device fingerprint mismatch: Stored=LNqk+nFaeU1JYV6pgde0MhQRAQ+rYMCnZrJ/DGase4I=, Current=29TbDfKPMW4n5XIy1/TgDVCtGupDrJ0XRU8jUvd12Ug=
2026-05-21 15:48:40.577 +00:00 [INF] Bearer was not authenticated. Failure message: Device fingerprint mismatch
2026-05-21 15:48:40.577 +00:00 [INF] Request starting HTTP/1.1 GET http://localhost:8080/api/music - null null
2026-05-21 15:48:40.577 +00:00 [INF] CORS policy execution successful.
2026-05-21 15:48:40.578 +00:00 [INF] Token validated successfully for user: lengyelnorbi
2026-05-21 15:48:40.578 +00:00 [INF] Device fingerprint validation: Stored=LNqk+nFaeU1JYV6pgde0MhQRAQ+rYMCnZrJ/DGase4I=, Current=29TbDfKPMW4n5XIy1/TgDVCtGupDrJ0XRU8jUvd12Ug=
2026-05-21 15:48:40.578 +00:00 [WRN] Device fingerprint mismatch: Stored=LNqk+nFaeU1JYV6pgde0MhQRAQ+rYMCnZrJ/DGase4I=, Current=29TbDfKPMW4n5XIy1/TgDVCtGupDrJ0XRU8jUvd12Ug=
2026-05-21 15:48:40.578 +00:00 [INF] Authorization failed. These requirements were not met:
DenyAnonymousAuthorizationRequirement: Requires an authenticated user.
2026-05-21 15:48:40.578 +00:00 [INF] Bearer was not authenticated. Failure message: Device fingerprint mismatch
2026-05-21 15:48:40.579 +00:00 [INF] Authorization failed. These requirements were not met:
DenyAnonymousAuthorizationRequirement: Requires an authenticated user.
2026-05-21 15:48:40.579 +00:00 [INF] AuthenticationScheme: Bearer was challenged.
2026-05-21 15:48:40.579 +00:00 [INF] AuthenticationScheme: Bearer was challenged.
2026-05-21 15:48:40.580 +00:00 [INF] Request finished HTTP/1.1 GET http://localhost:8080/api/music - 401 0 null 2.8437ms
2026-05-21 15:48:40.580 +00:00 [INF] Request finished HTTP/1.1 GET http://localhost:8080/api/music - 401 0 null 5.032ms
2026-05-21 15:48:40.633 +00:00 [INF] Request starting HTTP/1.1 POST http://localhost:8080/api/auth/logout - null 0
2026-05-21 15:48:40.634 +00:00 [INF] CORS policy execution successful.
2026-05-21 15:48:40.634 +00:00 [INF] Token validated successfully for user: lengyelnorbi
2026-05-21 15:48:40.634 +00:00 [INF] Device fingerprint validation: Stored=LNqk+nFaeU1JYV6pgde0MhQRAQ+rYMCnZrJ/DGase4I=, Current=LNqk+nFaeU1JYV6pgde0MhQRAQ+rYMCnZrJ/DGase4I=
2026-05-21 15:48:40.635 +00:00 [INF] Executing endpoint 'API.Controllers.AuthController.Logout (API)'
2026-05-21 15:48:40.635 +00:00 [INF] Route matched with {action = "Logout", controller = "Auth"}. Executing controller action with signature System.Threading.Tasks.Task`1[Microsoft.AspNetCore.Mvc.IActionResult] Logout() on controller API.Controllers.AuthController (API).
2026-05-21 15:48:40.672 +00:00 [INF] Executed DbCommand (2ms) [Parameters=[@__jti_0='?', @__userID_1='?' (DbType = Int32), @__deviceFingerprint_2='?', @__ipAddress_3='?'], CommandType='"Text"', CommandTimeout='30']
SELECT a."ID", a."CreatedAt", a."DeviceFingerprint", a."ExpiresAt", a."IpAddress", a."IsRevoked", a."UserID", a.jti
FROM "AccessTokens" AS a
WHERE a.jti = @__jti_0 AND NOT (a."IsRevoked") AND a."UserID" = @__userID_1 AND a."DeviceFingerprint" = @__deviceFingerprint_2 AND a."IpAddress" = @__ipAddress_3
2026-05-21 15:48:40.676 +00:00 [INF] Executed DbCommand (2ms) [Parameters=[@p1='?' (DbType = Int32), @p0='?' (DbType = Boolean)], CommandType='"Text"', CommandTimeout='30']
UPDATE "AccessTokens" SET "IsRevoked" = @p0
WHERE "ID" = @p1;
2026-05-21 15:48:40.687 +00:00 [ERR] An exception occurred while iterating over the results of a query for context type 'API.Data.MusicPlayerDbContext'.
System.InvalidOperationException: A second operation was started on this context instance before a previous operation completed. This is usually caused by different threads concurrently using the same instance of DbContext. For more information on how to avoid threading issues with DbContext, see https://go.microsoft.com/fwlink/?linkid=2097913.
   at Microsoft.EntityFrameworkCore.Infrastructure.Internal.ConcurrencyDetector.EnterCriticalSection()
   at Microsoft.EntityFrameworkCore.Query.Internal.SingleQueryingEnumerable`1.AsyncEnumerator.MoveNextAsync()
System.InvalidOperationException: A second operation was started on this context instance before a previous operation completed. This is usually caused by different threads concurrently using the same instance of DbContext. For more information on how to avoid threading issues with DbContext, see https://go.microsoft.com/fwlink/?linkid=2097913.
   at Microsoft.EntityFrameworkCore.Infrastructure.Internal.ConcurrencyDetector.EnterCriticalSection()
   at Microsoft.EntityFrameworkCore.Query.Internal.SingleQueryingEnumerable`1.AsyncEnumerator.MoveNextAsync()
2026-05-21 15:48:40.689 +00:00 [INF] User 1 logged out successfully at "2026-05-21T15:48:40.6892153Z"
2026-05-21 15:48:40.690 +00:00 [INF] Executing OkObjectResult, writing value of type 'System.Int32'.
2026-05-21 15:48:40.691 +00:00 [INF] Executed action API.Controllers.AuthController.Logout (API) in 55.942ms
2026-05-21 15:48:40.692 +00:00 [INF] Executed endpoint 'API.Controllers.AuthController.Logout (API)'
2026-05-21 15:48:40.692 +00:00 [INF] Request finished HTTP/1.1 POST http://localhost:8080/api/auth/logout - 200 null application/json; charset=utf-8 58.7339ms
2026-05-21 15:51:40.851 +00:00 [INF] Application is shutting down...
2026-05-21 15:51:52.606 +00:00 [WRN] Storing keys in a directory '/home/app/.aspnet/DataProtection-Keys' that may not be persisted outside of the container. Protected data will be unavailable when container is destroyed. For more information go to https://aka.ms/aspnet/dataprotectionwarning
2026-05-21 15:51:52.630 +00:00 [INF] User profile is available. Using '/home/app/.aspnet/DataProtection-Keys' as key repository; keys will not be encrypted at rest.
2026-05-21 15:51:52.641 +00:00 [INF] Creating key {1eca5af0-55c1-454b-839a-45dda06e60ea} with creation date 2026-05-21 15:51:52Z, activation date 2026-05-21 15:51:52Z, and expiration date 2026-08-19 15:51:52Z.
2026-05-21 15:51:52.651 +00:00 [WRN] No XML encryptor configured. Key {1eca5af0-55c1-454b-839a-45dda06e60ea} may be persisted to storage in unencrypted form.
2026-05-21 15:51:52.654 +00:00 [INF] Writing data to file '/home/app/.aspnet/DataProtection-Keys/key-1eca5af0-55c1-454b-839a-45dda06e60ea.xml'.
2026-05-21 15:51:52.722 +00:00 [INF] Now listening on: http://[::]:8080
2026-05-21 15:51:52.724 +00:00 [INF] Application started. Press Ctrl+C to shut down.
2026-05-21 15:51:52.724 +00:00 [INF] Hosting environment: Production
2026-05-21 15:51:52.725 +00:00 [INF] Content root path: /app
2026-05-21 15:52:06.872 +00:00 [INF] Request starting HTTP/1.1 OPTIONS http://localhost:8080/api/auth - null null
2026-05-21 15:52:06.891 +00:00 [WRN] Failed to determine the https port for redirect.
2026-05-21 15:52:06.894 +00:00 [INF] CORS policy execution successful.
2026-05-21 15:52:06.902 +00:00 [INF] Request starting HTTP/1.1 POST http://localhost:8080/api/auth - application/json 57
2026-05-21 15:52:06.904 +00:00 [INF] CORS policy execution successful.
2026-05-21 15:52:06.898 +00:00 [INF] Request finished HTTP/1.1 OPTIONS http://localhost:8080/api/auth - 204 null null 26.4101ms
2026-05-21 15:52:06.921 +00:00 [INF] Executing endpoint 'API.Controllers.AuthController.Authenticate (API)'
2026-05-21 15:52:06.934 +00:00 [INF] Route matched with {action = "Authenticate", controller = "Auth"}. Executing controller action with signature System.Threading.Tasks.Task`1[Microsoft.AspNetCore.Mvc.IActionResult] Authenticate(API.Models.LoginRequest) on controller API.Controllers.AuthController (API).
2026-05-21 15:52:07.037 +00:00 [INF] Authentication attempt for email: lengyelnorbi5@gmail.com
2026-05-21 15:52:07.038 +00:00 [INF] Fetching user by email from database...
2026-05-21 15:52:07.604 +00:00 [INF] Executed DbCommand (24ms) [Parameters=[@__email_0='?'], CommandType='"Text"', CommandTimeout='30']
SELECT u."ID", u."Email", u."PasswordHash", u."RegisteredAt", u."Role", u."Username"
FROM "Users" AS u
WHERE u."Email" = @__email_0
LIMIT 1
2026-05-21 15:52:07.645 +00:00 [INF] Fetching user by email from database...
2026-05-21 15:52:07.649 +00:00 [INF] Executed DbCommand (2ms) [Parameters=[@__email_0='?'], CommandType='"Text"', CommandTimeout='30']
SELECT u."ID", u."Email", u."PasswordHash", u."RegisteredAt", u."Role", u."Username"
FROM "Users" AS u
WHERE u."Email" = @__email_0
LIMIT 1
2026-05-21 15:52:08.161 +00:00 [INF] Password verification completed: Valid
2026-05-21 15:52:08.235 +00:00 [INF] Executed DbCommand (5ms) [Parameters=[@p0='?' (DbType = DateTime), @p1='?', @p2='?' (DbType = DateTime), @p3='?', @p4='?' (DbType = Int32), @p5='?'], CommandType='"Text"', CommandTimeout='30']
INSERT INTO "AccessTokens" ("CreatedAt", "DeviceFingerprint", "ExpiresAt", "IpAddress", "UserID", jti)
VALUES (@p0, @p1, @p2, @p3, @p4, @p5)
RETURNING "ID", "IsRevoked";
2026-05-21 15:52:08.272 +00:00 [INF] Executed DbCommand (2ms) [Parameters=[@p0='?' (DbType = DateTime), @p1='?', @p2='?' (DbType = DateTime), @p3='?', @p4='?', @p5='?' (DbType = Int32)], CommandType='"Text"', CommandTimeout='30']
INSERT INTO "RefreshTokens" ("CreatedAt", "DeviceFingerprint", "ExpiresAt", "IpAddress", "TokenHash", "UserID")
VALUES (@p0, @p1, @p2, @p3, @p4, @p5)
RETURNING "ID", "IsRevoked";
2026-05-21 15:52:08.280 +00:00 [INF] Executing OkObjectResult, writing value of type '<>f__AnonymousType1`3[[System.Boolean, System.Private.CoreLib, Version=9.0.0.0, Culture=neutral, PublicKeyToken=7cec85d7bea7798e],[System.Int32, System.Private.CoreLib, Version=9.0.0.0, Culture=neutral, PublicKeyToken=7cec85d7bea7798e],[<>f__AnonymousType2`4[[System.Int32, System.Private.CoreLib, Version=9.0.0.0, Culture=neutral, PublicKeyToken=7cec85d7bea7798e],[System.String, System.Private.CoreLib, Version=9.0.0.0, Culture=neutral, PublicKeyToken=7cec85d7bea7798e],[System.String, System.Private.CoreLib, Version=9.0.0.0, Culture=neutral, PublicKeyToken=7cec85d7bea7798e],[System.String, System.Private.CoreLib, Version=9.0.0.0, Culture=neutral, PublicKeyToken=7cec85d7bea7798e]], API, Version=1.0.0.0, Culture=neutral, PublicKeyToken=null]]'.
2026-05-21 15:52:08.293 +00:00 [INF] Executed action API.Controllers.AuthController.Authenticate (API) in 1355.8692ms
2026-05-21 15:52:08.293 +00:00 [INF] Executed endpoint 'API.Controllers.AuthController.Authenticate (API)'
2026-05-21 15:52:08.297 +00:00 [INF] Request finished HTTP/1.1 POST http://localhost:8080/api/auth - 200 null application/json; charset=utf-8 1395.6919ms
2026-05-21 15:52:10.383 +00:00 [INF] Request starting HTTP/1.1 GET http://localhost:8080/api/music - null null
2026-05-21 15:52:10.384 +00:00 [INF] Request starting HTTP/1.1 GET http://localhost:8080/api/music - null null
2026-05-21 15:52:10.384 +00:00 [INF] CORS policy execution successful.
2026-05-21 15:52:10.384 +00:00 [INF] CORS policy execution successful.
2026-05-21 15:52:10.407 +00:00 [INF] Token validated successfully for user: lengyelnorbi
2026-05-21 15:52:10.407 +00:00 [INF] Token validated successfully for user: lengyelnorbi
2026-05-21 15:52:10.408 +00:00 [INF] Device fingerprint validation: Stored=LNqk+nFaeU1JYV6pgde0MhQRAQ+rYMCnZrJ/DGase4I=, Current=::ffff:172.20.0.1
2026-05-21 15:52:10.408 +00:00 [INF] Device fingerprint validation: Stored=LNqk+nFaeU1JYV6pgde0MhQRAQ+rYMCnZrJ/DGase4I=, Current=::ffff:172.20.0.1
2026-05-21 15:52:10.408 +00:00 [WRN] Device fingerprint mismatch: Stored=LNqk+nFaeU1JYV6pgde0MhQRAQ+rYMCnZrJ/DGase4I=, Current=::ffff:172.20.0.1
2026-05-21 15:52:10.408 +00:00 [WRN] Device fingerprint mismatch: Stored=LNqk+nFaeU1JYV6pgde0MhQRAQ+rYMCnZrJ/DGase4I=, Current=::ffff:172.20.0.1
2026-05-21 15:52:10.408 +00:00 [INF] Bearer was not authenticated. Failure message: Device fingerprint mismatch
2026-05-21 15:52:10.409 +00:00 [INF] Bearer was not authenticated. Failure message: Device fingerprint mismatch
2026-05-21 15:52:10.412 +00:00 [INF] Authorization failed. These requirements were not met:
DenyAnonymousAuthorizationRequirement: Requires an authenticated user.
2026-05-21 15:52:10.412 +00:00 [INF] Authorization failed. These requirements were not met:
DenyAnonymousAuthorizationRequirement: Requires an authenticated user.
2026-05-21 15:52:10.415 +00:00 [INF] AuthenticationScheme: Bearer was challenged.
2026-05-21 15:52:10.415 +00:00 [INF] AuthenticationScheme: Bearer was challenged.
2026-05-21 15:52:10.415 +00:00 [INF] Request finished HTTP/1.1 GET http://localhost:8080/api/music - 401 0 null 31.8243ms
2026-05-21 15:52:10.415 +00:00 [INF] Request finished HTTP/1.1 GET http://localhost:8080/api/music - 401 0 null 32.1643ms
2026-05-21 15:52:10.445 +00:00 [INF] Request starting HTTP/1.1 POST http://localhost:8080/api/auth/logout - null 0
2026-05-21 15:52:10.445 +00:00 [INF] CORS policy execution successful.
2026-05-21 15:52:10.446 +00:00 [INF] Token validated successfully for user: lengyelnorbi
2026-05-21 15:52:10.447 +00:00 [INF] Device fingerprint validation: Stored=LNqk+nFaeU1JYV6pgde0MhQRAQ+rYMCnZrJ/DGase4I=, Current=::ffff:172.20.0.1
2026-05-21 15:52:10.447 +00:00 [WRN] Device fingerprint mismatch: Stored=LNqk+nFaeU1JYV6pgde0MhQRAQ+rYMCnZrJ/DGase4I=, Current=::ffff:172.20.0.1
2026-05-21 15:52:10.447 +00:00 [INF] Bearer was not authenticated. Failure message: Device fingerprint mismatch
2026-05-21 15:52:10.447 +00:00 [INF] Executing endpoint 'API.Controllers.AuthController.Logout (API)'
2026-05-21 15:52:10.450 +00:00 [INF] Route matched with {action = "Logout", controller = "Auth"}. Executing controller action with signature System.Threading.Tasks.Task`1[Microsoft.AspNetCore.Mvc.IActionResult] Logout() on controller API.Controllers.AuthController (API).
2026-05-21 15:52:10.458 +00:00 [WRN] Missing claims for logout - UserId: 0, JTI: null, DeviceId: null, IPAddress: null
2026-05-21 15:52:10.458 +00:00 [INF] Executing UnauthorizedObjectResult, writing value of type '<>f__AnonymousType0`1[[System.String, System.Private.CoreLib, Version=9.0.0.0, Culture=neutral, PublicKeyToken=7cec85d7bea7798e]]'.
2026-05-21 15:52:10.459 +00:00 [INF] Executed action API.Controllers.AuthController.Logout (API) in 9.2746ms
2026-05-21 15:52:10.460 +00:00 [INF] Executed endpoint 'API.Controllers.AuthController.Logout (API)'
2026-05-21 15:52:10.460 +00:00 [INF] Request finished HTTP/1.1 POST http://localhost:8080/api/auth/logout - 401 null application/json; charset=utf-8 15.3939ms
2026-05-21 15:55:26.096 +00:00 [INF] Application is shutting down...
2026-05-21 15:55:37.905 +00:00 [WRN] Storing keys in a directory '/home/app/.aspnet/DataProtection-Keys' that may not be persisted outside of the container. Protected data will be unavailable when container is destroyed. For more information go to https://aka.ms/aspnet/dataprotectionwarning
2026-05-21 15:55:37.929 +00:00 [INF] User profile is available. Using '/home/app/.aspnet/DataProtection-Keys' as key repository; keys will not be encrypted at rest.
2026-05-21 15:55:37.942 +00:00 [INF] Creating key {75b80892-e599-45fe-a056-9004d98ba8a2} with creation date 2026-05-21 15:55:37Z, activation date 2026-05-21 15:55:37Z, and expiration date 2026-08-19 15:55:37Z.
2026-05-21 15:55:37.951 +00:00 [WRN] No XML encryptor configured. Key {75b80892-e599-45fe-a056-9004d98ba8a2} may be persisted to storage in unencrypted form.
2026-05-21 15:55:37.953 +00:00 [INF] Writing data to file '/home/app/.aspnet/DataProtection-Keys/key-75b80892-e599-45fe-a056-9004d98ba8a2.xml'.
2026-05-21 15:55:38.021 +00:00 [INF] Now listening on: http://[::]:8080
2026-05-21 15:55:38.023 +00:00 [INF] Application started. Press Ctrl+C to shut down.
2026-05-21 15:55:38.024 +00:00 [INF] Hosting environment: Production
2026-05-21 15:55:38.024 +00:00 [INF] Content root path: /app
2026-05-21 15:56:03.446 +00:00 [INF] Request starting HTTP/1.1 OPTIONS http://localhost:8080/api/auth - null null
2026-05-21 15:56:03.463 +00:00 [WRN] Failed to determine the https port for redirect.
2026-05-21 15:56:03.465 +00:00 [INF] CORS policy execution successful.
2026-05-21 15:56:03.470 +00:00 [INF] Request finished HTTP/1.1 OPTIONS http://localhost:8080/api/auth - 204 null null 25.2521ms
2026-05-21 15:56:03.527 +00:00 [INF] Request starting HTTP/1.1 POST http://localhost:8080/api/auth - application/json 57
2026-05-21 15:56:03.528 +00:00 [INF] CORS policy execution successful.
2026-05-21 15:56:03.570 +00:00 [INF] Token validated successfully for user: lengyelnorbi
2026-05-21 15:56:03.571 +00:00 [INF] Device fingerprint validation: Stored=LNqk+nFaeU1JYV6pgde0MhQRAQ+rYMCnZrJ/DGase4I=, Current=LNqk+nFaeU1JYV6pgde0MhQRAQ+rYMCnZrJ/DGase4I=
2026-05-21 15:56:03.574 +00:00 [INF] Executing endpoint 'API.Controllers.AuthController.Authenticate (API)'
2026-05-21 15:56:03.586 +00:00 [INF] Route matched with {action = "Authenticate", controller = "Auth"}. Executing controller action with signature System.Threading.Tasks.Task`1[Microsoft.AspNetCore.Mvc.IActionResult] Authenticate(API.Models.LoginRequest) on controller API.Controllers.AuthController (API).
2026-05-21 15:56:03.679 +00:00 [INF] Authentication attempt for email: lengyelnorbi5@gmail.com
2026-05-21 15:56:03.679 +00:00 [INF] Fetching user by email from database...
2026-05-21 15:56:04.253 +00:00 [INF] Executed DbCommand (27ms) [Parameters=[@__email_0='?'], CommandType='"Text"', CommandTimeout='30']
SELECT u."ID", u."Email", u."PasswordHash", u."RegisteredAt", u."Role", u."Username"
FROM "Users" AS u
WHERE u."Email" = @__email_0
LIMIT 1
2026-05-21 15:56:04.307 +00:00 [INF] Fetching user by email from database...
2026-05-21 15:56:04.312 +00:00 [INF] Executed DbCommand (2ms) [Parameters=[@__email_0='?'], CommandType='"Text"', CommandTimeout='30']
SELECT u."ID", u."Email", u."PasswordHash", u."RegisteredAt", u."Role", u."Username"
FROM "Users" AS u
WHERE u."Email" = @__email_0
LIMIT 1
2026-05-21 15:56:04.790 +00:00 [INF] Password verification completed: Valid
2026-05-21 15:56:04.866 +00:00 [INF] Executed DbCommand (6ms) [Parameters=[@p0='?' (DbType = DateTime), @p1='?', @p2='?' (DbType = DateTime), @p3='?', @p4='?' (DbType = Int32), @p5='?'], CommandType='"Text"', CommandTimeout='30']
INSERT INTO "AccessTokens" ("CreatedAt", "DeviceFingerprint", "ExpiresAt", "IpAddress", "UserID", jti)
VALUES (@p0, @p1, @p2, @p3, @p4, @p5)
RETURNING "ID", "IsRevoked";
2026-05-21 15:56:04.905 +00:00 [INF] Executed DbCommand (3ms) [Parameters=[@p0='?' (DbType = DateTime), @p1='?', @p2='?' (DbType = DateTime), @p3='?', @p4='?', @p5='?' (DbType = Int32)], CommandType='"Text"', CommandTimeout='30']
INSERT INTO "RefreshTokens" ("CreatedAt", "DeviceFingerprint", "ExpiresAt", "IpAddress", "TokenHash", "UserID")
VALUES (@p0, @p1, @p2, @p3, @p4, @p5)
RETURNING "ID", "IsRevoked";
2026-05-21 15:56:04.914 +00:00 [INF] Executing OkObjectResult, writing value of type '<>f__AnonymousType1`3[[System.Boolean, System.Private.CoreLib, Version=9.0.0.0, Culture=neutral, PublicKeyToken=7cec85d7bea7798e],[System.Int32, System.Private.CoreLib, Version=9.0.0.0, Culture=neutral, PublicKeyToken=7cec85d7bea7798e],[<>f__AnonymousType2`4[[System.Int32, System.Private.CoreLib, Version=9.0.0.0, Culture=neutral, PublicKeyToken=7cec85d7bea7798e],[System.String, System.Private.CoreLib, Version=9.0.0.0, Culture=neutral, PublicKeyToken=7cec85d7bea7798e],[System.String, System.Private.CoreLib, Version=9.0.0.0, Culture=neutral, PublicKeyToken=7cec85d7bea7798e],[System.String, System.Private.CoreLib, Version=9.0.0.0, Culture=neutral, PublicKeyToken=7cec85d7bea7798e]], API, Version=1.0.0.0, Culture=neutral, PublicKeyToken=null]]'.
2026-05-21 15:56:04.931 +00:00 [INF] Executed action API.Controllers.AuthController.Authenticate (API) in 1342.4933ms
2026-05-21 15:56:04.931 +00:00 [INF] Executed endpoint 'API.Controllers.AuthController.Authenticate (API)'
2026-05-21 15:56:04.937 +00:00 [INF] Request finished HTTP/1.1 POST http://localhost:8080/api/auth - 200 null application/json; charset=utf-8 1410.9237ms
2026-05-21 15:56:04.960 +00:00 [INF] Request starting HTTP/1.1 GET http://localhost:8080/api/music - null null
2026-05-21 15:56:04.961 +00:00 [INF] Request starting HTTP/1.1 GET http://localhost:8080/api/music - null null
2026-05-21 15:56:04.961 +00:00 [INF] CORS policy execution successful.
2026-05-21 15:56:04.961 +00:00 [INF] CORS policy execution successful.
2026-05-21 15:56:04.963 +00:00 [INF] Token validated successfully for user: lengyelnorbi
2026-05-21 15:56:04.963 +00:00 [INF] Token validated successfully for user: lengyelnorbi
2026-05-21 15:56:04.963 +00:00 [INF] Device fingerprint validation: Stored=LNqk+nFaeU1JYV6pgde0MhQRAQ+rYMCnZrJ/DGase4I=, Current=29TbDfKPMW4n5XIy1/TgDVCtGupDrJ0XRU8jUvd12Ug=
2026-05-21 15:56:04.963 +00:00 [INF] Device fingerprint validation: Stored=LNqk+nFaeU1JYV6pgde0MhQRAQ+rYMCnZrJ/DGase4I=, Current=29TbDfKPMW4n5XIy1/TgDVCtGupDrJ0XRU8jUvd12Ug=
2026-05-21 15:56:04.963 +00:00 [WRN] Device fingerprint mismatch: Stored=LNqk+nFaeU1JYV6pgde0MhQRAQ+rYMCnZrJ/DGase4I=, Current=29TbDfKPMW4n5XIy1/TgDVCtGupDrJ0XRU8jUvd12Ug=
2026-05-21 15:56:04.964 +00:00 [WRN] Device fingerprint mismatch: Stored=LNqk+nFaeU1JYV6pgde0MhQRAQ+rYMCnZrJ/DGase4I=, Current=29TbDfKPMW4n5XIy1/TgDVCtGupDrJ0XRU8jUvd12Ug=
2026-05-21 15:56:04.964 +00:00 [INF] Bearer was not authenticated. Failure message: Device fingerprint mismatch
2026-05-21 15:56:04.964 +00:00 [INF] Bearer was not authenticated. Failure message: Device fingerprint mismatch
2026-05-21 15:56:04.967 +00:00 [INF] Authorization failed. These requirements were not met:
DenyAnonymousAuthorizationRequirement: Requires an authenticated user.
2026-05-21 15:56:04.967 +00:00 [INF] Authorization failed. These requirements were not met:
DenyAnonymousAuthorizationRequirement: Requires an authenticated user.
2026-05-21 15:56:04.970 +00:00 [INF] AuthenticationScheme: Bearer was challenged.
2026-05-21 15:56:04.970 +00:00 [INF] AuthenticationScheme: Bearer was challenged.
2026-05-21 15:56:04.970 +00:00 [INF] Request finished HTTP/1.1 GET http://localhost:8080/api/music - 401 0 null 9.5007ms
2026-05-21 15:56:04.970 +00:00 [INF] Request finished HTTP/1.1 GET http://localhost:8080/api/music - 401 0 null 10.2821ms
2026-05-21 15:56:05.097 +00:00 [INF] Request starting HTTP/1.1 POST http://localhost:8080/api/auth/logout - null 0
2026-05-21 15:56:05.098 +00:00 [INF] CORS policy execution successful.
2026-05-21 15:56:05.099 +00:00 [INF] Token validated successfully for user: lengyelnorbi
2026-05-21 15:56:05.100 +00:00 [INF] Device fingerprint validation: Stored=LNqk+nFaeU1JYV6pgde0MhQRAQ+rYMCnZrJ/DGase4I=, Current=LNqk+nFaeU1JYV6pgde0MhQRAQ+rYMCnZrJ/DGase4I=
2026-05-21 15:56:05.100 +00:00 [INF] Executing endpoint 'API.Controllers.AuthController.Logout (API)'
2026-05-21 15:56:05.103 +00:00 [INF] Route matched with {action = "Logout", controller = "Auth"}. Executing controller action with signature System.Threading.Tasks.Task`1[Microsoft.AspNetCore.Mvc.IActionResult] Logout() on controller API.Controllers.AuthController (API).
2026-05-21 15:56:05.131 +00:00 [INF] Executed DbCommand (2ms) [Parameters=[@__jti_0='?', @__userID_1='?' (DbType = Int32), @__deviceFingerprint_2='?', @__ipAddress_3='?'], CommandType='"Text"', CommandTimeout='30']
SELECT a."ID", a."CreatedAt", a."DeviceFingerprint", a."ExpiresAt", a."IpAddress", a."IsRevoked", a."UserID", a.jti
FROM "AccessTokens" AS a
WHERE a.jti = @__jti_0 AND NOT (a."IsRevoked") AND a."UserID" = @__userID_1 AND a."DeviceFingerprint" = @__deviceFingerprint_2 AND a."IpAddress" = @__ipAddress_3
2026-05-21 15:56:05.138 +00:00 [INF] Executed DbCommand (3ms) [Parameters=[@p1='?' (DbType = Int32), @p0='?' (DbType = Boolean)], CommandType='"Text"', CommandTimeout='30']
UPDATE "AccessTokens" SET "IsRevoked" = @p0
WHERE "ID" = @p1;
2026-05-21 15:56:05.143 +00:00 [INF] Executed DbCommand (2ms) [Parameters=[@__tokenHash_0='?', @__userId_1='?' (DbType = Int32), @__deviceFingerprint_2='?', @__ipAddress_3='?'], CommandType='"Text"', CommandTimeout='30']
SELECT r."ID", r."CreatedAt", r."DeviceFingerprint", r."ExpiresAt", r."IpAddress", r."IsRevoked", r."TokenHash", r."UserID"
FROM "RefreshTokens" AS r
WHERE r."TokenHash" = @__tokenHash_0 AND NOT (r."IsRevoked") AND r."UserID" = @__userId_1 AND r."DeviceFingerprint" = @__deviceFingerprint_2 AND r."IpAddress" = @__ipAddress_3
2026-05-21 15:56:05.147 +00:00 [INF] Executed DbCommand (2ms) [Parameters=[@p1='?' (DbType = Int32), @p0='?' (DbType = Boolean)], CommandType='"Text"', CommandTimeout='30']
UPDATE "RefreshTokens" SET "IsRevoked" = @p0
WHERE "ID" = @p1;
2026-05-21 15:56:05.156 +00:00 [ERR] An exception occurred in the database while saving changes for context type 'API.Data.MusicPlayerDbContext'.
System.InvalidOperationException: A second operation was started on this context instance before a previous operation completed. This is usually caused by different threads concurrently using the same instance of DbContext. For more information on how to avoid threading issues with DbContext, see https://go.microsoft.com/fwlink/?linkid=2097913.
   at Microsoft.EntityFrameworkCore.Infrastructure.Internal.ConcurrencyDetector.EnterCriticalSection()
   at Microsoft.EntityFrameworkCore.ChangeTracking.Internal.StateManager.SaveChangesAsync(IList`1 entriesToSave, CancellationToken cancellationToken)
   at Microsoft.EntityFrameworkCore.ChangeTracking.Internal.StateManager.SaveChangesAsync(StateManager stateManager, Boolean acceptAllChangesOnSuccess, CancellationToken cancellationToken)
   at Npgsql.EntityFrameworkCore.PostgreSQL.Storage.Internal.NpgsqlExecutionStrategy.ExecuteAsync[TState,TResult](TState state, Func`4 operation, Func`4 verifySucceeded, CancellationToken cancellationToken)
   at Microsoft.EntityFrameworkCore.DbContext.SaveChangesAsync(Boolean acceptAllChangesOnSuccess, CancellationToken cancellationToken)
System.InvalidOperationException: A second operation was started on this context instance before a previous operation completed. This is usually caused by different threads concurrently using the same instance of DbContext. For more information on how to avoid threading issues with DbContext, see https://go.microsoft.com/fwlink/?linkid=2097913.
   at Microsoft.EntityFrameworkCore.Infrastructure.Internal.ConcurrencyDetector.EnterCriticalSection()
   at Microsoft.EntityFrameworkCore.ChangeTracking.Internal.StateManager.SaveChangesAsync(IList`1 entriesToSave, CancellationToken cancellationToken)
   at Microsoft.EntityFrameworkCore.ChangeTracking.Internal.StateManager.SaveChangesAsync(StateManager stateManager, Boolean acceptAllChangesOnSuccess, CancellationToken cancellationToken)
   at Npgsql.EntityFrameworkCore.PostgreSQL.Storage.Internal.NpgsqlExecutionStrategy.ExecuteAsync[TState,TResult](TState state, Func`4 operation, Func`4 verifySucceeded, CancellationToken cancellationToken)
   at Microsoft.EntityFrameworkCore.DbContext.SaveChangesAsync(Boolean acceptAllChangesOnSuccess, CancellationToken cancellationToken)
2026-05-21 15:56:05.158 +00:00 [INF] User 1 logged out successfully at "2026-05-21T15:56:05.1582136Z"
2026-05-21 15:56:05.159 +00:00 [INF] Executing OkObjectResult, writing value of type 'System.Int32'.
2026-05-21 15:56:05.161 +00:00 [INF] Executed action API.Controllers.AuthController.Logout (API) in 57.4822ms
2026-05-21 15:56:05.161 +00:00 [INF] Executed endpoint 'API.Controllers.AuthController.Logout (API)'
2026-05-21 15:56:05.162 +00:00 [INF] Request finished HTTP/1.1 POST http://localhost:8080/api/auth/logout - 200 null application/json; charset=utf-8 71.8038ms
2026-05-21 15:56:08.299 +00:00 [INF] Request starting HTTP/1.1 POST http://localhost:8080/api/auth/refresh - null 0
2026-05-21 15:56:08.299 +00:00 [INF] CORS policy execution successful.
2026-05-21 15:56:08.300 +00:00 [INF] Executing endpoint 'API.Controllers.AuthController.RefreshToken (API)'
2026-05-21 15:56:08.302 +00:00 [INF] Route matched with {action = "RefreshToken", controller = "Auth"}. Executing controller action with signature System.Threading.Tasks.Task`1[Microsoft.AspNetCore.Mvc.IActionResult] RefreshToken() on controller API.Controllers.AuthController (API).
2026-05-21 15:56:08.305 +00:00 [WRN] Refresh token missing from cookies
2026-05-21 15:56:08.306 +00:00 [INF] Executing UnauthorizedObjectResult, writing value of type '<>f__AnonymousType0`1[[System.String, System.Private.CoreLib, Version=9.0.0.0, Culture=neutral, PublicKeyToken=7cec85d7bea7798e]]'.
2026-05-21 15:56:08.307 +00:00 [INF] Executed action API.Controllers.AuthController.RefreshToken (API) in 4.7534ms
2026-05-21 15:56:08.307 +00:00 [INF] Executed endpoint 'API.Controllers.AuthController.RefreshToken (API)'
2026-05-21 15:56:08.308 +00:00 [INF] Request finished HTTP/1.1 POST http://localhost:8080/api/auth/refresh - 401 null application/json; charset=utf-8 9.1944ms
2026-05-21 15:56:08.312 +00:00 [INF] Request starting HTTP/1.1 POST http://localhost:8080/api/auth/logout - null 0
2026-05-21 15:56:08.312 +00:00 [INF] CORS policy execution successful.
2026-05-21 15:56:08.313 +00:00 [INF] Executing endpoint 'API.Controllers.AuthController.Logout (API)'
2026-05-21 15:56:08.313 +00:00 [INF] Route matched with {action = "Logout", controller = "Auth"}. Executing controller action with signature System.Threading.Tasks.Task`1[Microsoft.AspNetCore.Mvc.IActionResult] Logout() on controller API.Controllers.AuthController (API).
2026-05-21 15:56:08.313 +00:00 [WRN] Refresh token missing from cookies
2026-05-21 15:56:08.314 +00:00 [INF] Executing UnauthorizedObjectResult, writing value of type '<>f__AnonymousType0`1[[System.String, System.Private.CoreLib, Version=9.0.0.0, Culture=neutral, PublicKeyToken=7cec85d7bea7798e]]'.
2026-05-21 15:56:08.314 +00:00 [INF] Executed action API.Controllers.AuthController.Logout (API) in 0.8917ms
2026-05-21 15:56:08.314 +00:00 [INF] Executed endpoint 'API.Controllers.AuthController.Logout (API)'
2026-05-21 15:56:08.315 +00:00 [INF] Request finished HTTP/1.1 POST http://localhost:8080/api/auth/logout - 401 null application/json; charset=utf-8 2.8268ms
2026-05-21 15:59:21.073 +00:00 [INF] Application is shutting down...
2026-05-21 15:59:32.716 +00:00 [WRN] Storing keys in a directory '/home/app/.aspnet/DataProtection-Keys' that may not be persisted outside of the container. Protected data will be unavailable when container is destroyed. For more information go to https://aka.ms/aspnet/dataprotectionwarning
2026-05-21 15:59:32.740 +00:00 [INF] User profile is available. Using '/home/app/.aspnet/DataProtection-Keys' as key repository; keys will not be encrypted at rest.
2026-05-21 15:59:32.751 +00:00 [INF] Creating key {43b2a743-993f-493d-b2f4-fdb998b7ded5} with creation date 2026-05-21 15:59:32Z, activation date 2026-05-21 15:59:32Z, and expiration date 2026-08-19 15:59:32Z.
2026-05-21 15:59:32.760 +00:00 [WRN] No XML encryptor configured. Key {43b2a743-993f-493d-b2f4-fdb998b7ded5} may be persisted to storage in unencrypted form.
2026-05-21 15:59:32.762 +00:00 [INF] Writing data to file '/home/app/.aspnet/DataProtection-Keys/key-43b2a743-993f-493d-b2f4-fdb998b7ded5.xml'.
2026-05-21 15:59:32.814 +00:00 [INF] Now listening on: http://[::]:8080
2026-05-21 15:59:32.816 +00:00 [INF] Application started. Press Ctrl+C to shut down.
2026-05-21 15:59:32.816 +00:00 [INF] Hosting environment: Production
2026-05-21 15:59:32.816 +00:00 [INF] Content root path: /app
2026-05-21 15:59:50.451 +00:00 [INF] Request starting HTTP/1.1 OPTIONS http://localhost:8080/api/auth - null null
2026-05-21 15:59:50.468 +00:00 [WRN] Failed to determine the https port for redirect.
2026-05-21 15:59:50.472 +00:00 [INF] CORS policy execution successful.
2026-05-21 15:59:50.476 +00:00 [INF] Request finished HTTP/1.1 OPTIONS http://localhost:8080/api/auth - 204 null null 25.9366ms
2026-05-21 15:59:50.483 +00:00 [INF] Request starting HTTP/1.1 POST http://localhost:8080/api/auth - application/json 57
2026-05-21 15:59:50.485 +00:00 [INF] CORS policy execution successful.
2026-05-21 15:59:50.501 +00:00 [INF] Executing endpoint 'API.Controllers.AuthController.Authenticate (API)'
2026-05-21 15:59:50.515 +00:00 [INF] Route matched with {action = "Authenticate", controller = "Auth"}. Executing controller action with signature System.Threading.Tasks.Task`1[Microsoft.AspNetCore.Mvc.IActionResult] Authenticate(API.Models.LoginRequest) on controller API.Controllers.AuthController (API).
2026-05-21 15:59:50.616 +00:00 [INF] Authentication attempt for email: lengyelnorbi5@gmail.com
2026-05-21 15:59:50.617 +00:00 [INF] Fetching user by email from database...
2026-05-21 15:59:51.159 +00:00 [INF] Executed DbCommand (22ms) [Parameters=[@__email_0='?'], CommandType='"Text"', CommandTimeout='30']
SELECT u."ID", u."Email", u."PasswordHash", u."RegisteredAt", u."Role", u."Username"
FROM "Users" AS u
WHERE u."Email" = @__email_0
LIMIT 1
2026-05-21 15:59:51.205 +00:00 [INF] Fetching user by email from database...
2026-05-21 15:59:51.210 +00:00 [INF] Executed DbCommand (2ms) [Parameters=[@__email_0='?'], CommandType='"Text"', CommandTimeout='30']
SELECT u."ID", u."Email", u."PasswordHash", u."RegisteredAt", u."Role", u."Username"
FROM "Users" AS u
WHERE u."Email" = @__email_0
LIMIT 1
2026-05-21 15:59:51.668 +00:00 [INF] Password verification completed: Valid
2026-05-21 15:59:51.742 +00:00 [INF] Executed DbCommand (5ms) [Parameters=[@p0='?' (DbType = DateTime), @p1='?', @p2='?' (DbType = DateTime), @p3='?', @p4='?' (DbType = Int32), @p5='?'], CommandType='"Text"', CommandTimeout='30']
INSERT INTO "AccessTokens" ("CreatedAt", "DeviceFingerprint", "ExpiresAt", "IpAddress", "UserID", jti)
VALUES (@p0, @p1, @p2, @p3, @p4, @p5)
RETURNING "ID", "IsRevoked";
2026-05-21 15:59:51.785 +00:00 [INF] Executed DbCommand (3ms) [Parameters=[@p0='?' (DbType = DateTime), @p1='?', @p2='?' (DbType = DateTime), @p3='?', @p4='?', @p5='?' (DbType = Int32)], CommandType='"Text"', CommandTimeout='30']
INSERT INTO "RefreshTokens" ("CreatedAt", "DeviceFingerprint", "ExpiresAt", "IpAddress", "TokenHash", "UserID")
VALUES (@p0, @p1, @p2, @p3, @p4, @p5)
RETURNING "ID", "IsRevoked";
2026-05-21 15:59:51.792 +00:00 [INF] Executing OkObjectResult, writing value of type '<>f__AnonymousType1`3[[System.Boolean, System.Private.CoreLib, Version=9.0.0.0, Culture=neutral, PublicKeyToken=7cec85d7bea7798e],[System.Int32, System.Private.CoreLib, Version=9.0.0.0, Culture=neutral, PublicKeyToken=7cec85d7bea7798e],[<>f__AnonymousType2`4[[System.Int32, System.Private.CoreLib, Version=9.0.0.0, Culture=neutral, PublicKeyToken=7cec85d7bea7798e],[System.String, System.Private.CoreLib, Version=9.0.0.0, Culture=neutral, PublicKeyToken=7cec85d7bea7798e],[System.String, System.Private.CoreLib, Version=9.0.0.0, Culture=neutral, PublicKeyToken=7cec85d7bea7798e],[System.String, System.Private.CoreLib, Version=9.0.0.0, Culture=neutral, PublicKeyToken=7cec85d7bea7798e]], API, Version=1.0.0.0, Culture=neutral, PublicKeyToken=null]]'.
2026-05-21 15:59:51.805 +00:00 [INF] Executed action API.Controllers.AuthController.Authenticate (API) in 1288.1483ms
2026-05-21 15:59:51.806 +00:00 [INF] Executed endpoint 'API.Controllers.AuthController.Authenticate (API)'
2026-05-21 15:59:51.812 +00:00 [INF] Request finished HTTP/1.1 POST http://localhost:8080/api/auth - 200 null application/json; charset=utf-8 1328.736ms
2026-05-21 15:59:53.899 +00:00 [INF] Request starting HTTP/1.1 GET http://localhost:8080/api/music - null null
2026-05-21 15:59:53.900 +00:00 [INF] Request starting HTTP/1.1 GET http://localhost:8080/api/music - null null
2026-05-21 15:59:53.900 +00:00 [INF] CORS policy execution successful.
2026-05-21 15:59:53.900 +00:00 [INF] CORS policy execution successful.
2026-05-21 15:59:53.924 +00:00 [INF] Token validated successfully for user: lengyelnorbi
2026-05-21 15:59:53.924 +00:00 [INF] Token validated successfully for user: lengyelnorbi
2026-05-21 15:59:53.925 +00:00 [INF] Device fingerprint headers - UA: Mozilla/5.0 (Windows NT 10.0; Win64; x64; rv:151.0) Gecko/20100101 Firefox/151.0, Accept: application/json, text/plain, */*, Encoding: gzip, deflate, br, zstd
2026-05-21 15:59:53.925 +00:00 [INF] Device fingerprint headers - UA: Mozilla/5.0 (Windows NT 10.0; Win64; x64; rv:151.0) Gecko/20100101 Firefox/151.0, Accept: application/json, text/plain, */*, Encoding: gzip, deflate, br, zstd
2026-05-21 15:59:53.925 +00:00 [INF] Device fingerprint validation: Stored=LNqk+nFaeU1JYV6pgde0MhQRAQ+rYMCnZrJ/DGase4I=, Current=29TbDfKPMW4n5XIy1/TgDVCtGupDrJ0XRU8jUvd12Ug=
2026-05-21 15:59:53.925 +00:00 [INF] Device fingerprint validation: Stored=LNqk+nFaeU1JYV6pgde0MhQRAQ+rYMCnZrJ/DGase4I=, Current=29TbDfKPMW4n5XIy1/TgDVCtGupDrJ0XRU8jUvd12Ug=
2026-05-21 15:59:53.925 +00:00 [WRN] Device fingerprint mismatch: Stored=LNqk+nFaeU1JYV6pgde0MhQRAQ+rYMCnZrJ/DGase4I=, Current=29TbDfKPMW4n5XIy1/TgDVCtGupDrJ0XRU8jUvd12Ug=
2026-05-21 15:59:53.925 +00:00 [WRN] Device fingerprint mismatch: Stored=LNqk+nFaeU1JYV6pgde0MhQRAQ+rYMCnZrJ/DGase4I=, Current=29TbDfKPMW4n5XIy1/TgDVCtGupDrJ0XRU8jUvd12Ug=
2026-05-21 15:59:53.926 +00:00 [INF] Bearer was not authenticated. Failure message: Device fingerprint mismatch
2026-05-21 15:59:53.926 +00:00 [INF] Bearer was not authenticated. Failure message: Device fingerprint mismatch
2026-05-21 15:59:53.929 +00:00 [INF] Authorization failed. These requirements were not met:
DenyAnonymousAuthorizationRequirement: Requires an authenticated user.
2026-05-21 15:59:53.929 +00:00 [INF] Authorization failed. These requirements were not met:
DenyAnonymousAuthorizationRequirement: Requires an authenticated user.
2026-05-21 15:59:53.932 +00:00 [INF] AuthenticationScheme: Bearer was challenged.
2026-05-21 15:59:53.932 +00:00 [INF] AuthenticationScheme: Bearer was challenged.
2026-05-21 15:59:53.932 +00:00 [INF] Request finished HTTP/1.1 GET http://localhost:8080/api/music - 401 0 null 32.4524ms
2026-05-21 15:59:53.932 +00:00 [INF] Request finished HTTP/1.1 GET http://localhost:8080/api/music - 401 0 null 33.2898ms
2026-05-21 15:59:53.969 +00:00 [INF] Request starting HTTP/1.1 POST http://localhost:8080/api/auth/logout - null 0
2026-05-21 15:59:53.969 +00:00 [INF] CORS policy execution successful.
2026-05-21 15:59:53.971 +00:00 [INF] Token validated successfully for user: lengyelnorbi
2026-05-21 15:59:53.971 +00:00 [INF] Device fingerprint headers - UA: Mozilla/5.0 (Windows NT 10.0; Win64; x64; rv:151.0) Gecko/20100101 Firefox/151.0, Accept: */*, Encoding: gzip, deflate, br, zstd
2026-05-21 15:59:53.972 +00:00 [INF] Device fingerprint validation: Stored=LNqk+nFaeU1JYV6pgde0MhQRAQ+rYMCnZrJ/DGase4I=, Current=LNqk+nFaeU1JYV6pgde0MhQRAQ+rYMCnZrJ/DGase4I=
2026-05-21 15:59:53.973 +00:00 [INF] Executing endpoint 'API.Controllers.AuthController.Logout (API)'
2026-05-21 15:59:53.975 +00:00 [INF] Route matched with {action = "Logout", controller = "Auth"}. Executing controller action with signature System.Threading.Tasks.Task`1[Microsoft.AspNetCore.Mvc.IActionResult] Logout() on controller API.Controllers.AuthController (API).
2026-05-21 15:59:54.004 +00:00 [INF] Executed DbCommand (2ms) [Parameters=[@__jti_0='?', @__userID_1='?' (DbType = Int32), @__deviceFingerprint_2='?', @__ipAddress_3='?'], CommandType='"Text"', CommandTimeout='30']
SELECT a."ID", a."CreatedAt", a."DeviceFingerprint", a."ExpiresAt", a."IpAddress", a."IsRevoked", a."UserID", a.jti
FROM "AccessTokens" AS a
WHERE a.jti = @__jti_0 AND NOT (a."IsRevoked") AND a."UserID" = @__userID_1 AND a."DeviceFingerprint" = @__deviceFingerprint_2 AND a."IpAddress" = @__ipAddress_3
2026-05-21 15:59:54.012 +00:00 [INF] Executed DbCommand (2ms) [Parameters=[@p1='?' (DbType = Int32), @p0='?' (DbType = Boolean)], CommandType='"Text"', CommandTimeout='30']
UPDATE "AccessTokens" SET "IsRevoked" = @p0
WHERE "ID" = @p1;
2026-05-21 15:59:54.017 +00:00 [INF] Executed DbCommand (2ms) [Parameters=[@__tokenHash_0='?', @__userId_1='?' (DbType = Int32), @__deviceFingerprint_2='?', @__ipAddress_3='?'], CommandType='"Text"', CommandTimeout='30']
SELECT r."ID", r."CreatedAt", r."DeviceFingerprint", r."ExpiresAt", r."IpAddress", r."IsRevoked", r."TokenHash", r."UserID"
FROM "RefreshTokens" AS r
WHERE r."TokenHash" = @__tokenHash_0 AND NOT (r."IsRevoked") AND r."UserID" = @__userId_1 AND r."DeviceFingerprint" = @__deviceFingerprint_2 AND r."IpAddress" = @__ipAddress_3
2026-05-21 15:59:54.020 +00:00 [INF] Executed DbCommand (2ms) [Parameters=[@p1='?' (DbType = Int32), @p0='?' (DbType = Boolean)], CommandType='"Text"', CommandTimeout='30']
UPDATE "RefreshTokens" SET "IsRevoked" = @p0
WHERE "ID" = @p1;
2026-05-21 15:59:54.027 +00:00 [ERR] An exception occurred in the database while saving changes for context type 'API.Data.MusicPlayerDbContext'.
System.InvalidOperationException: A second operation was started on this context instance before a previous operation completed. This is usually caused by different threads concurrently using the same instance of DbContext. For more information on how to avoid threading issues with DbContext, see https://go.microsoft.com/fwlink/?linkid=2097913.
   at Microsoft.EntityFrameworkCore.Infrastructure.Internal.ConcurrencyDetector.EnterCriticalSection()
   at Microsoft.EntityFrameworkCore.ChangeTracking.Internal.StateManager.SaveChangesAsync(IList`1 entriesToSave, CancellationToken cancellationToken)
   at Microsoft.EntityFrameworkCore.ChangeTracking.Internal.StateManager.SaveChangesAsync(StateManager stateManager, Boolean acceptAllChangesOnSuccess, CancellationToken cancellationToken)
   at Npgsql.EntityFrameworkCore.PostgreSQL.Storage.Internal.NpgsqlExecutionStrategy.ExecuteAsync[TState,TResult](TState state, Func`4 operation, Func`4 verifySucceeded, CancellationToken cancellationToken)
   at Microsoft.EntityFrameworkCore.DbContext.SaveChangesAsync(Boolean acceptAllChangesOnSuccess, CancellationToken cancellationToken)
System.InvalidOperationException: A second operation was started on this context instance before a previous operation completed. This is usually caused by different threads concurrently using the same instance of DbContext. For more information on how to avoid threading issues with DbContext, see https://go.microsoft.com/fwlink/?linkid=2097913.
   at Microsoft.EntityFrameworkCore.Infrastructure.Internal.ConcurrencyDetector.EnterCriticalSection()
   at Microsoft.EntityFrameworkCore.ChangeTracking.Internal.StateManager.SaveChangesAsync(IList`1 entriesToSave, CancellationToken cancellationToken)
   at Microsoft.EntityFrameworkCore.ChangeTracking.Internal.StateManager.SaveChangesAsync(StateManager stateManager, Boolean acceptAllChangesOnSuccess, CancellationToken cancellationToken)
   at Npgsql.EntityFrameworkCore.PostgreSQL.Storage.Internal.NpgsqlExecutionStrategy.ExecuteAsync[TState,TResult](TState state, Func`4 operation, Func`4 verifySucceeded, CancellationToken cancellationToken)
   at Microsoft.EntityFrameworkCore.DbContext.SaveChangesAsync(Boolean acceptAllChangesOnSuccess, CancellationToken cancellationToken)
2026-05-21 15:59:54.028 +00:00 [INF] User 1 logged out successfully at "2026-05-21T15:59:54.0286811Z"
2026-05-21 15:59:54.029 +00:00 [INF] Executing OkObjectResult, writing value of type 'System.Int32'.
2026-05-21 15:59:54.033 +00:00 [INF] Executed action API.Controllers.AuthController.Logout (API) in 58.3212ms
2026-05-21 15:59:54.033 +00:00 [INF] Executed endpoint 'API.Controllers.AuthController.Logout (API)'
2026-05-21 15:59:54.034 +00:00 [INF] Request finished HTTP/1.1 POST http://localhost:8080/api/auth/logout - 200 null application/json; charset=utf-8 65.8873ms
2026-05-21 16:02:00.627 +00:00 [INF] Application is shutting down...
2026-05-21 16:02:12.569 +00:00 [WRN] Storing keys in a directory '/home/app/.aspnet/DataProtection-Keys' that may not be persisted outside of the container. Protected data will be unavailable when container is destroyed. For more information go to https://aka.ms/aspnet/dataprotectionwarning
2026-05-21 16:02:12.592 +00:00 [INF] User profile is available. Using '/home/app/.aspnet/DataProtection-Keys' as key repository; keys will not be encrypted at rest.
2026-05-21 16:02:12.603 +00:00 [INF] Creating key {0724ffeb-dd0f-44be-ae21-22c506e2e817} with creation date 2026-05-21 16:02:12Z, activation date 2026-05-21 16:02:12Z, and expiration date 2026-08-19 16:02:12Z.
2026-05-21 16:02:12.612 +00:00 [WRN] No XML encryptor configured. Key {0724ffeb-dd0f-44be-ae21-22c506e2e817} may be persisted to storage in unencrypted form.
2026-05-21 16:02:12.615 +00:00 [INF] Writing data to file '/home/app/.aspnet/DataProtection-Keys/key-0724ffeb-dd0f-44be-ae21-22c506e2e817.xml'.
2026-05-21 16:02:12.665 +00:00 [INF] Now listening on: http://[::]:8080
2026-05-21 16:02:12.666 +00:00 [INF] Application started. Press Ctrl+C to shut down.
2026-05-21 16:02:12.667 +00:00 [INF] Hosting environment: Production
2026-05-21 16:02:12.667 +00:00 [INF] Content root path: /app
2026-05-21 16:02:14.051 +00:00 [INF] Request starting HTTP/1.1 OPTIONS http://localhost:8080/api/auth - null null
2026-05-21 16:02:14.070 +00:00 [WRN] Failed to determine the https port for redirect.
2026-05-21 16:02:14.074 +00:00 [INF] CORS policy execution successful.
2026-05-21 16:02:14.078 +00:00 [INF] Request finished HTTP/1.1 OPTIONS http://localhost:8080/api/auth - 204 null null 28.1545ms
2026-05-21 16:02:14.241 +00:00 [INF] Request starting HTTP/1.1 POST http://localhost:8080/api/auth - application/json 57
2026-05-21 16:02:14.244 +00:00 [INF] CORS policy execution successful.
2026-05-21 16:02:14.264 +00:00 [INF] Executing endpoint 'API.Controllers.AuthController.Authenticate (API)'
2026-05-21 16:02:14.281 +00:00 [INF] Route matched with {action = "Authenticate", controller = "Auth"}. Executing controller action with signature System.Threading.Tasks.Task`1[Microsoft.AspNetCore.Mvc.IActionResult] Authenticate(API.Models.LoginRequest) on controller API.Controllers.AuthController (API).
2026-05-21 16:02:14.390 +00:00 [INF] Authentication attempt for email: lengyelnorbi5@gmail.com
2026-05-21 16:02:14.391 +00:00 [INF] Fetching user by email from database...
2026-05-21 16:02:14.977 +00:00 [INF] Executed DbCommand (27ms) [Parameters=[@__email_0='?'], CommandType='"Text"', CommandTimeout='30']
SELECT u."ID", u."Email", u."PasswordHash", u."RegisteredAt", u."Role", u."Username"
FROM "Users" AS u
WHERE u."Email" = @__email_0
LIMIT 1
2026-05-21 16:02:15.027 +00:00 [INF] Mozilla/5.0 (Windows NT 10.0; Win64; x64; rv:151.0) Gecko/20100101 Firefox/151.0
2026-05-21 16:02:15.031 +00:00 [INF] Fetching user by email from database...
2026-05-21 16:02:15.036 +00:00 [INF] Executed DbCommand (2ms) [Parameters=[@__email_0='?'], CommandType='"Text"', CommandTimeout='30']
SELECT u."ID", u."Email", u."PasswordHash", u."RegisteredAt", u."Role", u."Username"
FROM "Users" AS u
WHERE u."Email" = @__email_0
LIMIT 1
2026-05-21 16:02:15.604 +00:00 [INF] Password verification completed: Valid
2026-05-21 16:02:15.692 +00:00 [INF] Executed DbCommand (6ms) [Parameters=[@p0='?' (DbType = DateTime), @p1='?', @p2='?' (DbType = DateTime), @p3='?', @p4='?' (DbType = Int32), @p5='?'], CommandType='"Text"', CommandTimeout='30']
INSERT INTO "AccessTokens" ("CreatedAt", "DeviceFingerprint", "ExpiresAt", "IpAddress", "UserID", jti)
VALUES (@p0, @p1, @p2, @p3, @p4, @p5)
RETURNING "ID", "IsRevoked";
2026-05-21 16:02:15.743 +00:00 [INF] Executed DbCommand (5ms) [Parameters=[@p0='?' (DbType = DateTime), @p1='?', @p2='?' (DbType = DateTime), @p3='?', @p4='?', @p5='?' (DbType = Int32)], CommandType='"Text"', CommandTimeout='30']
INSERT INTO "RefreshTokens" ("CreatedAt", "DeviceFingerprint", "ExpiresAt", "IpAddress", "TokenHash", "UserID")
VALUES (@p0, @p1, @p2, @p3, @p4, @p5)
RETURNING "ID", "IsRevoked";
2026-05-21 16:02:15.751 +00:00 [INF] Executing OkObjectResult, writing value of type '<>f__AnonymousType1`3[[System.Boolean, System.Private.CoreLib, Version=9.0.0.0, Culture=neutral, PublicKeyToken=7cec85d7bea7798e],[System.Int32, System.Private.CoreLib, Version=9.0.0.0, Culture=neutral, PublicKeyToken=7cec85d7bea7798e],[<>f__AnonymousType2`4[[System.Int32, System.Private.CoreLib, Version=9.0.0.0, Culture=neutral, PublicKeyToken=7cec85d7bea7798e],[System.String, System.Private.CoreLib, Version=9.0.0.0, Culture=neutral, PublicKeyToken=7cec85d7bea7798e],[System.String, System.Private.CoreLib, Version=9.0.0.0, Culture=neutral, PublicKeyToken=7cec85d7bea7798e],[System.String, System.Private.CoreLib, Version=9.0.0.0, Culture=neutral, PublicKeyToken=7cec85d7bea7798e]], API, Version=1.0.0.0, Culture=neutral, PublicKeyToken=null]]'.
2026-05-21 16:02:15.767 +00:00 [INF] Executed action API.Controllers.AuthController.Authenticate (API) in 1483.4698ms
2026-05-21 16:02:15.768 +00:00 [INF] Executed endpoint 'API.Controllers.AuthController.Authenticate (API)'
2026-05-21 16:02:15.773 +00:00 [INF] Request finished HTTP/1.1 POST http://localhost:8080/api/auth - 200 null application/json; charset=utf-8 1531.708ms
2026-05-21 16:02:15.797 +00:00 [INF] Request starting HTTP/1.1 GET http://localhost:8080/api/music - null null
2026-05-21 16:02:15.797 +00:00 [INF] Request starting HTTP/1.1 GET http://localhost:8080/api/music - null null
2026-05-21 16:02:15.797 +00:00 [INF] CORS policy execution successful.
2026-05-21 16:02:15.797 +00:00 [INF] CORS policy execution successful.
2026-05-21 16:02:15.820 +00:00 [INF] Token validated successfully for user: lengyelnorbi
2026-05-21 16:02:15.820 +00:00 [INF] Token validated successfully for user: lengyelnorbi
2026-05-21 16:02:15.821 +00:00 [INF] Device fingerprint headers - UA: Mozilla/5.0 (Windows NT 10.0; Win64; x64; rv:151.0) Gecko/20100101 Firefox/151.0, Accept: application/json, text/plain, */*, Encoding: gzip, deflate, br, zstd
2026-05-21 16:02:15.821 +00:00 [INF] Device fingerprint headers - UA: Mozilla/5.0 (Windows NT 10.0; Win64; x64; rv:151.0) Gecko/20100101 Firefox/151.0, Accept: application/json, text/plain, */*, Encoding: gzip, deflate, br, zstd
2026-05-21 16:02:15.821 +00:00 [INF] Device fingerprint validation: Stored=LNqk+nFaeU1JYV6pgde0MhQRAQ+rYMCnZrJ/DGase4I=, Current=29TbDfKPMW4n5XIy1/TgDVCtGupDrJ0XRU8jUvd12Ug=
2026-05-21 16:02:15.821 +00:00 [INF] Device fingerprint validation: Stored=LNqk+nFaeU1JYV6pgde0MhQRAQ+rYMCnZrJ/DGase4I=, Current=29TbDfKPMW4n5XIy1/TgDVCtGupDrJ0XRU8jUvd12Ug=
2026-05-21 16:02:15.822 +00:00 [WRN] Device fingerprint mismatch: Stored=LNqk+nFaeU1JYV6pgde0MhQRAQ+rYMCnZrJ/DGase4I=, Current=29TbDfKPMW4n5XIy1/TgDVCtGupDrJ0XRU8jUvd12Ug=
2026-05-21 16:02:15.822 +00:00 [WRN] Device fingerprint mismatch: Stored=LNqk+nFaeU1JYV6pgde0MhQRAQ+rYMCnZrJ/DGase4I=, Current=29TbDfKPMW4n5XIy1/TgDVCtGupDrJ0XRU8jUvd12Ug=
2026-05-21 16:02:15.822 +00:00 [INF] Bearer was not authenticated. Failure message: Device fingerprint mismatch
2026-05-21 16:02:15.822 +00:00 [INF] Bearer was not authenticated. Failure message: Device fingerprint mismatch
2026-05-21 16:02:15.826 +00:00 [INF] Authorization failed. These requirements were not met:
DenyAnonymousAuthorizationRequirement: Requires an authenticated user.
2026-05-21 16:02:15.826 +00:00 [INF] Authorization failed. These requirements were not met:
DenyAnonymousAuthorizationRequirement: Requires an authenticated user.
2026-05-21 16:02:15.829 +00:00 [INF] AuthenticationScheme: Bearer was challenged.
2026-05-21 16:02:15.829 +00:00 [INF] AuthenticationScheme: Bearer was challenged.
2026-05-21 16:02:15.829 +00:00 [INF] Request finished HTTP/1.1 GET http://localhost:8080/api/music - 401 0 null 32.1079ms
2026-05-21 16:02:15.829 +00:00 [INF] Request finished HTTP/1.1 GET http://localhost:8080/api/music - 401 0 null 32.6985ms
2026-05-21 16:02:15.870 +00:00 [INF] Request starting HTTP/1.1 POST http://localhost:8080/api/auth/logout - null 0
2026-05-21 16:02:15.870 +00:00 [INF] CORS policy execution successful.
2026-05-21 16:02:15.872 +00:00 [INF] Token validated successfully for user: lengyelnorbi
2026-05-21 16:02:15.872 +00:00 [INF] Device fingerprint headers - UA: Mozilla/5.0 (Windows NT 10.0; Win64; x64; rv:151.0) Gecko/20100101 Firefox/151.0, Accept: */*, Encoding: gzip, deflate, br, zstd
2026-05-21 16:02:15.873 +00:00 [INF] Device fingerprint validation: Stored=LNqk+nFaeU1JYV6pgde0MhQRAQ+rYMCnZrJ/DGase4I=, Current=LNqk+nFaeU1JYV6pgde0MhQRAQ+rYMCnZrJ/DGase4I=
2026-05-21 16:02:15.873 +00:00 [INF] Executing endpoint 'API.Controllers.AuthController.Logout (API)'
2026-05-21 16:02:15.876 +00:00 [INF] Route matched with {action = "Logout", controller = "Auth"}. Executing controller action with signature System.Threading.Tasks.Task`1[Microsoft.AspNetCore.Mvc.IActionResult] Logout() on controller API.Controllers.AuthController (API).
2026-05-21 16:02:15.904 +00:00 [INF] Executed DbCommand (2ms) [Parameters=[@__jti_0='?', @__userID_1='?' (DbType = Int32), @__deviceFingerprint_2='?', @__ipAddress_3='?'], CommandType='"Text"', CommandTimeout='30']
SELECT a."ID", a."CreatedAt", a."DeviceFingerprint", a."ExpiresAt", a."IpAddress", a."IsRevoked", a."UserID", a.jti
FROM "AccessTokens" AS a
WHERE a.jti = @__jti_0 AND NOT (a."IsRevoked") AND a."UserID" = @__userID_1 AND a."DeviceFingerprint" = @__deviceFingerprint_2 AND a."IpAddress" = @__ipAddress_3
2026-05-21 16:02:15.912 +00:00 [INF] Executed DbCommand (2ms) [Parameters=[@p1='?' (DbType = Int32), @p0='?' (DbType = Boolean)], CommandType='"Text"', CommandTimeout='30']
UPDATE "AccessTokens" SET "IsRevoked" = @p0
WHERE "ID" = @p1;
2026-05-21 16:02:15.916 +00:00 [INF] Executed DbCommand (1ms) [Parameters=[@__tokenHash_0='?', @__userId_1='?' (DbType = Int32), @__deviceFingerprint_2='?', @__ipAddress_3='?'], CommandType='"Text"', CommandTimeout='30']
SELECT r."ID", r."CreatedAt", r."DeviceFingerprint", r."ExpiresAt", r."IpAddress", r."IsRevoked", r."TokenHash", r."UserID"
FROM "RefreshTokens" AS r
WHERE r."TokenHash" = @__tokenHash_0 AND NOT (r."IsRevoked") AND r."UserID" = @__userId_1 AND r."DeviceFingerprint" = @__deviceFingerprint_2 AND r."IpAddress" = @__ipAddress_3
2026-05-21 16:02:15.919 +00:00 [INF] Executed DbCommand (2ms) [Parameters=[@p1='?' (DbType = Int32), @p0='?' (DbType = Boolean)], CommandType='"Text"', CommandTimeout='30']
UPDATE "RefreshTokens" SET "IsRevoked" = @p0
WHERE "ID" = @p1;
2026-05-21 16:02:15.926 +00:00 [ERR] An exception occurred in the database while saving changes for context type 'API.Data.MusicPlayerDbContext'.
System.InvalidOperationException: A second operation was started on this context instance before a previous operation completed. This is usually caused by different threads concurrently using the same instance of DbContext. For more information on how to avoid threading issues with DbContext, see https://go.microsoft.com/fwlink/?linkid=2097913.
   at Microsoft.EntityFrameworkCore.Infrastructure.Internal.ConcurrencyDetector.EnterCriticalSection()
   at Microsoft.EntityFrameworkCore.ChangeTracking.Internal.StateManager.SaveChangesAsync(IList`1 entriesToSave, CancellationToken cancellationToken)
   at Microsoft.EntityFrameworkCore.ChangeTracking.Internal.StateManager.SaveChangesAsync(StateManager stateManager, Boolean acceptAllChangesOnSuccess, CancellationToken cancellationToken)
   at Npgsql.EntityFrameworkCore.PostgreSQL.Storage.Internal.NpgsqlExecutionStrategy.ExecuteAsync[TState,TResult](TState state, Func`4 operation, Func`4 verifySucceeded, CancellationToken cancellationToken)
   at Microsoft.EntityFrameworkCore.DbContext.SaveChangesAsync(Boolean acceptAllChangesOnSuccess, CancellationToken cancellationToken)
System.InvalidOperationException: A second operation was started on this context instance before a previous operation completed. This is usually caused by different threads concurrently using the same instance of DbContext. For more information on how to avoid threading issues with DbContext, see https://go.microsoft.com/fwlink/?linkid=2097913.
   at Microsoft.EntityFrameworkCore.Infrastructure.Internal.ConcurrencyDetector.EnterCriticalSection()
   at Microsoft.EntityFrameworkCore.ChangeTracking.Internal.StateManager.SaveChangesAsync(IList`1 entriesToSave, CancellationToken cancellationToken)
   at Microsoft.EntityFrameworkCore.ChangeTracking.Internal.StateManager.SaveChangesAsync(StateManager stateManager, Boolean acceptAllChangesOnSuccess, CancellationToken cancellationToken)
   at Npgsql.EntityFrameworkCore.PostgreSQL.Storage.Internal.NpgsqlExecutionStrategy.ExecuteAsync[TState,TResult](TState state, Func`4 operation, Func`4 verifySucceeded, CancellationToken cancellationToken)
   at Microsoft.EntityFrameworkCore.DbContext.SaveChangesAsync(Boolean acceptAllChangesOnSuccess, CancellationToken cancellationToken)
2026-05-21 16:02:15.927 +00:00 [INF] User 1 logged out successfully at "2026-05-21T16:02:15.9275267Z"
2026-05-21 16:02:15.928 +00:00 [INF] Executing OkObjectResult, writing value of type 'System.Int32'.
2026-05-21 16:02:15.930 +00:00 [INF] Executed action API.Controllers.AuthController.Logout (API) in 53.7322ms
2026-05-21 16:02:15.930 +00:00 [INF] Executed endpoint 'API.Controllers.AuthController.Logout (API)'
2026-05-21 16:02:15.931 +00:00 [INF] Request finished HTTP/1.1 POST http://localhost:8080/api/auth/logout - 200 null application/json; charset=utf-8 60.5265ms
2026-05-21 16:03:51.869 +00:00 [INF] Request starting HTTP/1.1 POST http://localhost:8080/api/auth/refresh - null 0
2026-05-21 16:03:51.869 +00:00 [INF] CORS policy execution successful.
2026-05-21 16:03:51.870 +00:00 [INF] Executing endpoint 'API.Controllers.AuthController.RefreshToken (API)'
2026-05-21 16:03:51.872 +00:00 [INF] Route matched with {action = "RefreshToken", controller = "Auth"}. Executing controller action with signature System.Threading.Tasks.Task`1[Microsoft.AspNetCore.Mvc.IActionResult] RefreshToken() on controller API.Controllers.AuthController (API).
2026-05-21 16:03:51.876 +00:00 [WRN] Refresh token missing from cookies
2026-05-21 16:03:51.876 +00:00 [INF] Executing UnauthorizedObjectResult, writing value of type '<>f__AnonymousType0`1[[System.String, System.Private.CoreLib, Version=9.0.0.0, Culture=neutral, PublicKeyToken=7cec85d7bea7798e]]'.
2026-05-21 16:03:51.877 +00:00 [INF] Executed action API.Controllers.AuthController.RefreshToken (API) in 4.6711ms
2026-05-21 16:03:51.877 +00:00 [INF] Executed endpoint 'API.Controllers.AuthController.RefreshToken (API)'
2026-05-21 16:03:51.878 +00:00 [INF] Request finished HTTP/1.1 POST http://localhost:8080/api/auth/refresh - 401 null application/json; charset=utf-8 9.2108ms
2026-05-21 16:03:51.885 +00:00 [INF] Request starting HTTP/1.1 POST http://localhost:8080/api/auth/logout - null 0
2026-05-21 16:03:51.885 +00:00 [INF] CORS policy execution successful.
2026-05-21 16:03:51.886 +00:00 [INF] Executing endpoint 'API.Controllers.AuthController.Logout (API)'
2026-05-21 16:03:51.886 +00:00 [INF] Route matched with {action = "Logout", controller = "Auth"}. Executing controller action with signature System.Threading.Tasks.Task`1[Microsoft.AspNetCore.Mvc.IActionResult] Logout() on controller API.Controllers.AuthController (API).
2026-05-21 16:03:51.887 +00:00 [WRN] Refresh token missing from cookies
2026-05-21 16:03:51.887 +00:00 [INF] Executing UnauthorizedObjectResult, writing value of type '<>f__AnonymousType0`1[[System.String, System.Private.CoreLib, Version=9.0.0.0, Culture=neutral, PublicKeyToken=7cec85d7bea7798e]]'.
2026-05-21 16:03:51.887 +00:00 [INF] Executed action API.Controllers.AuthController.Logout (API) in 0.8566ms
2026-05-21 16:03:51.887 +00:00 [INF] Executed endpoint 'API.Controllers.AuthController.Logout (API)'
2026-05-21 16:03:51.888 +00:00 [INF] Request finished HTTP/1.1 POST http://localhost:8080/api/auth/logout - 401 null application/json; charset=utf-8 2.6469ms
2026-05-21 16:06:15.850 +00:00 [INF] Request starting HTTP/1.1 POST http://localhost:8080/api/auth/refresh - null 0
2026-05-21 16:06:15.850 +00:00 [INF] CORS policy execution successful.
2026-05-21 16:06:15.851 +00:00 [INF] Executing endpoint 'API.Controllers.AuthController.RefreshToken (API)'
2026-05-21 16:06:15.851 +00:00 [INF] Route matched with {action = "RefreshToken", controller = "Auth"}. Executing controller action with signature System.Threading.Tasks.Task`1[Microsoft.AspNetCore.Mvc.IActionResult] RefreshToken() on controller API.Controllers.AuthController (API).
2026-05-21 16:06:15.852 +00:00 [WRN] Refresh token missing from cookies
2026-05-21 16:06:15.852 +00:00 [INF] Executing UnauthorizedObjectResult, writing value of type '<>f__AnonymousType0`1[[System.String, System.Private.CoreLib, Version=9.0.0.0, Culture=neutral, PublicKeyToken=7cec85d7bea7798e]]'.
2026-05-21 16:06:15.852 +00:00 [INF] Executed action API.Controllers.AuthController.RefreshToken (API) in 0.9614ms
2026-05-21 16:06:15.853 +00:00 [INF] Executed endpoint 'API.Controllers.AuthController.RefreshToken (API)'
2026-05-21 16:06:15.853 +00:00 [INF] Request finished HTTP/1.1 POST http://localhost:8080/api/auth/refresh - 401 null application/json; charset=utf-8 3.128ms
2026-05-21 16:06:15.858 +00:00 [INF] Request starting HTTP/1.1 POST http://localhost:8080/api/auth/logout - null 0
2026-05-21 16:06:15.858 +00:00 [INF] CORS policy execution successful.
2026-05-21 16:06:15.859 +00:00 [INF] Executing endpoint 'API.Controllers.AuthController.Logout (API)'
2026-05-21 16:06:15.859 +00:00 [INF] Route matched with {action = "Logout", controller = "Auth"}. Executing controller action with signature System.Threading.Tasks.Task`1[Microsoft.AspNetCore.Mvc.IActionResult] Logout() on controller API.Controllers.AuthController (API).
2026-05-21 16:06:15.860 +00:00 [WRN] Refresh token missing from cookies
2026-05-21 16:06:15.860 +00:00 [INF] Executing UnauthorizedObjectResult, writing value of type '<>f__AnonymousType0`1[[System.String, System.Private.CoreLib, Version=9.0.0.0, Culture=neutral, PublicKeyToken=7cec85d7bea7798e]]'.
2026-05-21 16:06:15.860 +00:00 [INF] Executed action API.Controllers.AuthController.Logout (API) in 0.6657ms
2026-05-21 16:06:15.860 +00:00 [INF] Executed endpoint 'API.Controllers.AuthController.Logout (API)'
2026-05-21 16:06:15.860 +00:00 [INF] Request finished HTTP/1.1 POST http://localhost:8080/api/auth/logout - 401 null application/json; charset=utf-8 2.4009ms
2026-05-21 16:08:43.417 +00:00 [INF] Application is shutting down...
2026-05-21 16:08:55.639 +00:00 [WRN] Storing keys in a directory '/home/app/.aspnet/DataProtection-Keys' that may not be persisted outside of the container. Protected data will be unavailable when container is destroyed. For more information go to https://aka.ms/aspnet/dataprotectionwarning
2026-05-21 16:08:55.664 +00:00 [INF] User profile is available. Using '/home/app/.aspnet/DataProtection-Keys' as key repository; keys will not be encrypted at rest.
2026-05-21 16:08:55.677 +00:00 [INF] Creating key {5f2661ad-e02c-4d4d-a777-ad448c7f2c0e} with creation date 2026-05-21 16:08:55Z, activation date 2026-05-21 16:08:55Z, and expiration date 2026-08-19 16:08:55Z.
2026-05-21 16:08:55.685 +00:00 [WRN] No XML encryptor configured. Key {5f2661ad-e02c-4d4d-a777-ad448c7f2c0e} may be persisted to storage in unencrypted form.
2026-05-21 16:08:55.688 +00:00 [INF] Writing data to file '/home/app/.aspnet/DataProtection-Keys/key-5f2661ad-e02c-4d4d-a777-ad448c7f2c0e.xml'.
2026-05-21 16:08:55.754 +00:00 [INF] Now listening on: http://[::]:8080
2026-05-21 16:08:55.757 +00:00 [INF] Application started. Press Ctrl+C to shut down.
2026-05-21 16:08:55.758 +00:00 [INF] Hosting environment: Production
2026-05-21 16:08:55.758 +00:00 [INF] Content root path: /app
2026-05-21 16:09:39.843 +00:00 [INF] Request starting HTTP/1.1 OPTIONS http://localhost:8080/api/auth - null null
2026-05-21 16:09:39.859 +00:00 [WRN] Failed to determine the https port for redirect.
2026-05-21 16:09:39.863 +00:00 [INF] CORS policy execution successful.
2026-05-21 16:09:39.872 +00:00 [INF] Request starting HTTP/1.1 POST http://localhost:8080/api/auth - application/json 57
2026-05-21 16:09:39.867 +00:00 [INF] Request finished HTTP/1.1 OPTIONS http://localhost:8080/api/auth - 204 null null 24.1431ms
2026-05-21 16:09:39.874 +00:00 [INF] CORS policy execution successful.
2026-05-21 16:09:39.889 +00:00 [INF] Executing endpoint 'API.Controllers.AuthController.Authenticate (API)'
2026-05-21 16:09:39.902 +00:00 [INF] Route matched with {action = "Authenticate", controller = "Auth"}. Executing controller action with signature System.Threading.Tasks.Task`1[Microsoft.AspNetCore.Mvc.IActionResult] Authenticate(API.Models.LoginRequest) on controller API.Controllers.AuthController (API).
2026-05-21 16:09:40.001 +00:00 [INF] Authentication attempt for email: lengyelnorbi5@gmail.com
2026-05-21 16:09:40.002 +00:00 [INF] Fetching user by email from database...
2026-05-21 16:09:40.624 +00:00 [INF] Executed DbCommand (26ms) [Parameters=[@__email_0='?'], CommandType='"Text"', CommandTimeout='30']
SELECT u."ID", u."Email", u."PasswordHash", u."RegisteredAt", u."Role", u."Username"
FROM "Users" AS u
WHERE u."Email" = @__email_0
LIMIT 1
2026-05-21 16:09:40.672 +00:00 [INF] Mozilla/5.0 (Windows NT 10.0; Win64; x64; rv:151.0) Gecko/20100101 Firefox/151.0
2026-05-21 16:09:40.675 +00:00 [INF] Fetching user by email from database...
2026-05-21 16:09:40.680 +00:00 [INF] Executed DbCommand (2ms) [Parameters=[@__email_0='?'], CommandType='"Text"', CommandTimeout='30']
SELECT u."ID", u."Email", u."PasswordHash", u."RegisteredAt", u."Role", u."Username"
FROM "Users" AS u
WHERE u."Email" = @__email_0
LIMIT 1
2026-05-21 16:09:41.224 +00:00 [INF] Password verification completed: Valid
2026-05-21 16:09:41.300 +00:00 [INF] Executed DbCommand (5ms) [Parameters=[@p0='?' (DbType = DateTime), @p1='?', @p2='?' (DbType = DateTime), @p3='?', @p4='?' (DbType = Int32), @p5='?'], CommandType='"Text"', CommandTimeout='30']
INSERT INTO "AccessTokens" ("CreatedAt", "DeviceFingerprint", "ExpiresAt", "IpAddress", "UserID", jti)
VALUES (@p0, @p1, @p2, @p3, @p4, @p5)
RETURNING "ID", "IsRevoked";
2026-05-21 16:09:41.341 +00:00 [INF] Executed DbCommand (3ms) [Parameters=[@p0='?' (DbType = DateTime), @p1='?', @p2='?' (DbType = DateTime), @p3='?', @p4='?', @p5='?' (DbType = Int32)], CommandType='"Text"', CommandTimeout='30']
INSERT INTO "RefreshTokens" ("CreatedAt", "DeviceFingerprint", "ExpiresAt", "IpAddress", "TokenHash", "UserID")
VALUES (@p0, @p1, @p2, @p3, @p4, @p5)
RETURNING "ID", "IsRevoked";
2026-05-21 16:09:41.350 +00:00 [INF] Executing OkObjectResult, writing value of type '<>f__AnonymousType1`3[[System.Boolean, System.Private.CoreLib, Version=9.0.0.0, Culture=neutral, PublicKeyToken=7cec85d7bea7798e],[System.Int32, System.Private.CoreLib, Version=9.0.0.0, Culture=neutral, PublicKeyToken=7cec85d7bea7798e],[<>f__AnonymousType2`4[[System.Int32, System.Private.CoreLib, Version=9.0.0.0, Culture=neutral, PublicKeyToken=7cec85d7bea7798e],[System.String, System.Private.CoreLib, Version=9.0.0.0, Culture=neutral, PublicKeyToken=7cec85d7bea7798e],[System.String, System.Private.CoreLib, Version=9.0.0.0, Culture=neutral, PublicKeyToken=7cec85d7bea7798e],[System.String, System.Private.CoreLib, Version=9.0.0.0, Culture=neutral, PublicKeyToken=7cec85d7bea7798e]], API, Version=1.0.0.0, Culture=neutral, PublicKeyToken=null]]'.
2026-05-21 16:09:41.362 +00:00 [INF] Executed action API.Controllers.AuthController.Authenticate (API) in 1458.2775ms
2026-05-21 16:09:41.363 +00:00 [INF] Executed endpoint 'API.Controllers.AuthController.Authenticate (API)'
2026-05-21 16:09:41.368 +00:00 [INF] Request finished HTTP/1.1 POST http://localhost:8080/api/auth - 200 null application/json; charset=utf-8 1496.2339ms
2026-05-21 16:09:43.452 +00:00 [INF] Request starting HTTP/1.1 GET http://localhost:8080/api/music - null null
2026-05-21 16:09:43.452 +00:00 [INF] Request starting HTTP/1.1 GET http://localhost:8080/api/music - null null
2026-05-21 16:09:43.453 +00:00 [INF] CORS policy execution successful.
2026-05-21 16:09:43.453 +00:00 [INF] CORS policy execution successful.
2026-05-21 16:09:43.478 +00:00 [INF] Token validated successfully for user: lengyelnorbi
2026-05-21 16:09:43.478 +00:00 [INF] Token validated successfully for user: lengyelnorbi
2026-05-21 16:09:43.478 +00:00 [INF] Device fingerprint headers - UA: Mozilla/5.0 (Windows NT 10.0; Win64; x64; rv:151.0) Gecko/20100101 Firefox/151.0, Accept: application/json, text/plain, */*, Encoding: gzip, deflate, br, zstd
2026-05-21 16:09:43.478 +00:00 [INF] Device fingerprint headers - UA: Mozilla/5.0 (Windows NT 10.0; Win64; x64; rv:151.0) Gecko/20100101 Firefox/151.0, Accept: application/json, text/plain, */*, Encoding: gzip, deflate, br, zstd
2026-05-21 16:09:43.478 +00:00 [INF] Device fingerprint validation: Stored=/a2uf4z8rcBIhIr7KGbd6aahMr80Bhj+9uyLiYNZ66A=, Current=/a2uf4z8rcBIhIr7KGbd6aahMr80Bhj+9uyLiYNZ66A=
2026-05-21 16:09:43.479 +00:00 [INF] Device fingerprint validation: Stored=/a2uf4z8rcBIhIr7KGbd6aahMr80Bhj+9uyLiYNZ66A=, Current=/a2uf4z8rcBIhIr7KGbd6aahMr80Bhj+9uyLiYNZ66A=
2026-05-21 16:09:43.482 +00:00 [INF] Executing endpoint 'API.Controllers.MusicController.Get (API)'
2026-05-21 16:09:43.482 +00:00 [INF] Executing endpoint 'API.Controllers.MusicController.Get (API)'
2026-05-21 16:09:43.485 +00:00 [INF] Route matched with {action = "Get", controller = "Music"}. Executing controller action with signature System.Threading.Tasks.Task`1[System.Collections.Generic.IEnumerable`1[API.Models.Music]] Get() on controller API.Controllers.MusicController (API).
2026-05-21 16:09:43.485 +00:00 [INF] Route matched with {action = "Get", controller = "Music"}. Executing controller action with signature System.Threading.Tasks.Task`1[System.Collections.Generic.IEnumerable`1[API.Models.Music]] Get() on controller API.Controllers.MusicController (API).
2026-05-21 16:09:43.493 +00:00 [INF] Fetching music data from database...
2026-05-21 16:09:43.493 +00:00 [INF] Fetching music data from database...
2026-05-21 16:09:43.511 +00:00 [INF] Executed DbCommand (4ms) [Parameters=[], CommandType='"Text"', CommandTimeout='30']
SELECT m."ID", m."AddedAt", m."File_id", m."Title"
FROM "Musics" AS m
2026-05-21 16:09:43.517 +00:00 [INF] Executed DbCommand (2ms) [Parameters=[], CommandType='"Text"', CommandTimeout='30']
SELECT m."ID", m."AddedAt", m."File_id", m."Title"
FROM "Musics" AS m
2026-05-21 16:09:43.517 +00:00 [INF] Fetched 2 music records.
2026-05-21 16:09:43.518 +00:00 [INF] Fetched 2 music records.
2026-05-21 16:09:43.519 +00:00 [INF] Executing ObjectResult, writing value of type 'System.Collections.Generic.List`1[[API.Models.Music, API, Version=1.0.0.0, Culture=neutral, PublicKeyToken=null]]'.
2026-05-21 16:09:43.519 +00:00 [INF] Executing ObjectResult, writing value of type 'System.Collections.Generic.List`1[[API.Models.Music, API, Version=1.0.0.0, Culture=neutral, PublicKeyToken=null]]'.
2026-05-21 16:09:43.531 +00:00 [INF] Executed action API.Controllers.MusicController.Get (API) in 45.2083ms
2026-05-21 16:09:43.531 +00:00 [INF] Executed action API.Controllers.MusicController.Get (API) in 45.0563ms
2026-05-21 16:09:43.531 +00:00 [INF] Executed endpoint 'API.Controllers.MusicController.Get (API)'
2026-05-21 16:09:43.532 +00:00 [INF] Executed endpoint 'API.Controllers.MusicController.Get (API)'
2026-05-21 16:09:43.532 +00:00 [INF] Request finished HTTP/1.1 GET http://localhost:8080/api/music - 200 null application/json; charset=utf-8 79.4608ms
2026-05-21 16:09:43.532 +00:00 [INF] Request finished HTTP/1.1 GET http://localhost:8080/api/music - 200 null application/json; charset=utf-8 80.2094ms
2026-05-21 16:11:16.631 +00:00 [INF] Request starting HTTP/1.1 GET http://localhost:8080/api/music - null 0
2026-05-21 16:11:16.631 +00:00 [INF] Request starting HTTP/1.1 GET http://localhost:8080/api/music - null 0
2026-05-21 16:11:16.634 +00:00 [INF] Authorization failed. These requirements were not met:
DenyAnonymousAuthorizationRequirement: Requires an authenticated user.
2026-05-21 16:11:16.635 +00:00 [INF] Authorization failed. These requirements were not met:
DenyAnonymousAuthorizationRequirement: Requires an authenticated user.
2026-05-21 16:11:16.637 +00:00 [INF] AuthenticationScheme: Bearer was challenged.
2026-05-21 16:11:16.637 +00:00 [INF] AuthenticationScheme: Bearer was challenged.
2026-05-21 16:11:16.638 +00:00 [INF] Request finished HTTP/1.1 GET http://localhost:8080/api/music - 401 0 null 7.1759ms
2026-05-21 16:11:16.638 +00:00 [INF] Request finished HTTP/1.1 GET http://localhost:8080/api/music - 401 0 null 6.8941ms
2026-05-21 16:11:16.670 +00:00 [INF] Request starting HTTP/1.1 POST http://localhost:8080/api/auth/logout - null 0
2026-05-21 16:11:16.671 +00:00 [INF] Executing endpoint 'API.Controllers.AuthController.Logout (API)'
2026-05-21 16:11:16.674 +00:00 [INF] Route matched with {action = "Logout", controller = "Auth"}. Executing controller action with signature System.Threading.Tasks.Task`1[Microsoft.AspNetCore.Mvc.IActionResult] Logout() on controller API.Controllers.AuthController (API).
2026-05-21 16:11:16.677 +00:00 [INF] Request starting HTTP/1.1 POST http://localhost:8080/api/auth/logout - null 0
2026-05-21 16:11:16.677 +00:00 [WRN] Refresh token missing from cookies
2026-05-21 16:11:16.677 +00:00 [INF] Executing endpoint 'API.Controllers.AuthController.Logout (API)'
2026-05-21 16:11:16.677 +00:00 [INF] Executing UnauthorizedObjectResult, writing value of type '<>f__AnonymousType0`1[[System.String, System.Private.CoreLib, Version=9.0.0.0, Culture=neutral, PublicKeyToken=7cec85d7bea7798e]]'.
2026-05-21 16:11:16.678 +00:00 [INF] Route matched with {action = "Logout", controller = "Auth"}. Executing controller action with signature System.Threading.Tasks.Task`1[Microsoft.AspNetCore.Mvc.IActionResult] Logout() on controller API.Controllers.AuthController (API).
2026-05-21 16:11:16.679 +00:00 [INF] Executed action API.Controllers.AuthController.Logout (API) in 4.1313ms
2026-05-21 16:11:16.680 +00:00 [WRN] Refresh token missing from cookies
2026-05-21 16:11:16.680 +00:00 [INF] Executed endpoint 'API.Controllers.AuthController.Logout (API)'
2026-05-21 16:11:16.681 +00:00 [INF] Executing UnauthorizedObjectResult, writing value of type '<>f__AnonymousType0`1[[System.String, System.Private.CoreLib, Version=9.0.0.0, Culture=neutral, PublicKeyToken=7cec85d7bea7798e]]'.
2026-05-21 16:11:16.681 +00:00 [INF] Request finished HTTP/1.1 POST http://localhost:8080/api/auth/logout - 401 null application/json; charset=utf-8 10.4742ms
2026-05-21 16:11:16.681 +00:00 [INF] Executed action API.Controllers.AuthController.Logout (API) in 2.9027ms
2026-05-21 16:11:16.681 +00:00 [INF] Executed endpoint 'API.Controllers.AuthController.Logout (API)'
2026-05-21 16:11:16.682 +00:00 [INF] Request finished HTTP/1.1 POST http://localhost:8080/api/auth/logout - 401 null application/json; charset=utf-8 4.7998ms
2026-05-21 16:11:35.964 +00:00 [INF] Request starting HTTP/1.1 GET http://localhost:8080/api/music - null 0
2026-05-21 16:11:35.964 +00:00 [INF] Request starting HTTP/1.1 GET http://localhost:8080/api/music - null 0
2026-05-21 16:11:35.965 +00:00 [INF] Authorization failed. These requirements were not met:
DenyAnonymousAuthorizationRequirement: Requires an authenticated user.
2026-05-21 16:11:35.965 +00:00 [INF] Authorization failed. These requirements were not met:
DenyAnonymousAuthorizationRequirement: Requires an authenticated user.
2026-05-21 16:11:35.965 +00:00 [INF] AuthenticationScheme: Bearer was challenged.
2026-05-21 16:11:35.965 +00:00 [INF] AuthenticationScheme: Bearer was challenged.
2026-05-21 16:11:35.966 +00:00 [INF] Request finished HTTP/1.1 GET http://localhost:8080/api/music - 401 0 null 1.1561ms
2026-05-21 16:11:35.966 +00:00 [INF] Request finished HTTP/1.1 GET http://localhost:8080/api/music - 401 0 null 1.4423ms
2026-05-21 16:11:35.973 +00:00 [INF] Request starting HTTP/1.1 POST http://localhost:8080/api/auth/logout - null 0
2026-05-21 16:11:35.974 +00:00 [INF] Executing endpoint 'API.Controllers.AuthController.Logout (API)'
2026-05-21 16:11:35.974 +00:00 [INF] Route matched with {action = "Logout", controller = "Auth"}. Executing controller action with signature System.Threading.Tasks.Task`1[Microsoft.AspNetCore.Mvc.IActionResult] Logout() on controller API.Controllers.AuthController (API).
2026-05-21 16:11:35.975 +00:00 [WRN] Refresh token missing from cookies
2026-05-21 16:11:35.975 +00:00 [INF] Executing UnauthorizedObjectResult, writing value of type '<>f__AnonymousType0`1[[System.String, System.Private.CoreLib, Version=9.0.0.0, Culture=neutral, PublicKeyToken=7cec85d7bea7798e]]'.
2026-05-21 16:11:35.975 +00:00 [INF] Executed action API.Controllers.AuthController.Logout (API) in 0.9768ms
2026-05-21 16:11:35.976 +00:00 [INF] Executed endpoint 'API.Controllers.AuthController.Logout (API)'
2026-05-21 16:11:35.976 +00:00 [INF] Request finished HTTP/1.1 POST http://localhost:8080/api/auth/logout - 401 null application/json; charset=utf-8 2.853ms
2026-05-21 16:11:54.090 +00:00 [INF] Request starting HTTP/1.1 OPTIONS http://localhost:8080/api/auth - null null
2026-05-21 16:11:54.093 +00:00 [INF] CORS policy execution successful.
2026-05-21 16:11:54.094 +00:00 [INF] Request finished HTTP/1.1 OPTIONS http://localhost:8080/api/auth - 204 null null 4.2626ms
2026-05-21 16:11:54.100 +00:00 [INF] Request starting HTTP/1.1 POST http://localhost:8080/api/auth - application/json 57
2026-05-21 16:11:54.101 +00:00 [INF] CORS policy execution successful.
2026-05-21 16:11:54.101 +00:00 [INF] Token validated successfully for user: lengyelnorbi
2026-05-21 16:11:54.102 +00:00 [INF] Device fingerprint headers - UA: Mozilla/5.0 (Windows NT 10.0; Win64; x64; rv:151.0) Gecko/20100101 Firefox/151.0, Accept: */*, Encoding: gzip, deflate, br, zstd
2026-05-21 16:11:54.102 +00:00 [INF] Device fingerprint validation: Stored=/a2uf4z8rcBIhIr7KGbd6aahMr80Bhj+9uyLiYNZ66A=, Current=/a2uf4z8rcBIhIr7KGbd6aahMr80Bhj+9uyLiYNZ66A=
2026-05-21 16:11:54.102 +00:00 [INF] Executing endpoint 'API.Controllers.AuthController.Authenticate (API)'
2026-05-21 16:11:54.102 +00:00 [INF] Route matched with {action = "Authenticate", controller = "Auth"}. Executing controller action with signature System.Threading.Tasks.Task`1[Microsoft.AspNetCore.Mvc.IActionResult] Authenticate(API.Models.LoginRequest) on controller API.Controllers.AuthController (API).
2026-05-21 16:11:54.103 +00:00 [INF] Authentication attempt for email: lengyelnorbi5@gmail.com
2026-05-21 16:11:54.104 +00:00 [INF] Fetching user by email from database...
2026-05-21 16:11:54.138 +00:00 [INF] Executed DbCommand (2ms) [Parameters=[@__email_0='?'], CommandType='"Text"', CommandTimeout='30']
SELECT u."ID", u."Email", u."PasswordHash", u."RegisteredAt", u."Role", u."Username"
FROM "Users" AS u
WHERE u."Email" = @__email_0
LIMIT 1
2026-05-21 16:11:54.139 +00:00 [INF] Mozilla/5.0 (Windows NT 10.0; Win64; x64; rv:151.0) Gecko/20100101 Firefox/151.0
2026-05-21 16:11:54.139 +00:00 [INF] Fetching user by email from database...
2026-05-21 16:11:54.142 +00:00 [INF] Executed DbCommand (2ms) [Parameters=[@__email_0='?'], CommandType='"Text"', CommandTimeout='30']
SELECT u."ID", u."Email", u."PasswordHash", u."RegisteredAt", u."Role", u."Username"
FROM "Users" AS u
WHERE u."Email" = @__email_0
LIMIT 1
2026-05-21 16:11:54.334 +00:00 [INF] Password verification completed: Valid
2026-05-21 16:11:54.338 +00:00 [INF] Executed DbCommand (3ms) [Parameters=[@p0='?' (DbType = DateTime), @p1='?', @p2='?' (DbType = DateTime), @p3='?', @p4='?' (DbType = Int32), @p5='?'], CommandType='"Text"', CommandTimeout='30']
INSERT INTO "AccessTokens" ("CreatedAt", "DeviceFingerprint", "ExpiresAt", "IpAddress", "UserID", jti)
VALUES (@p0, @p1, @p2, @p3, @p4, @p5)
RETURNING "ID", "IsRevoked";
2026-05-21 16:11:54.342 +00:00 [INF] Executed DbCommand (2ms) [Parameters=[@p0='?' (DbType = DateTime), @p1='?', @p2='?' (DbType = DateTime), @p3='?', @p4='?', @p5='?' (DbType = Int32)], CommandType='"Text"', CommandTimeout='30']
INSERT INTO "RefreshTokens" ("CreatedAt", "DeviceFingerprint", "ExpiresAt", "IpAddress", "TokenHash", "UserID")
VALUES (@p0, @p1, @p2, @p3, @p4, @p5)
RETURNING "ID", "IsRevoked";
2026-05-21 16:11:54.343 +00:00 [INF] Executing OkObjectResult, writing value of type '<>f__AnonymousType1`3[[System.Boolean, System.Private.CoreLib, Version=9.0.0.0, Culture=neutral, PublicKeyToken=7cec85d7bea7798e],[System.Int32, System.Private.CoreLib, Version=9.0.0.0, Culture=neutral, PublicKeyToken=7cec85d7bea7798e],[<>f__AnonymousType2`4[[System.Int32, System.Private.CoreLib, Version=9.0.0.0, Culture=neutral, PublicKeyToken=7cec85d7bea7798e],[System.String, System.Private.CoreLib, Version=9.0.0.0, Culture=neutral, PublicKeyToken=7cec85d7bea7798e],[System.String, System.Private.CoreLib, Version=9.0.0.0, Culture=neutral, PublicKeyToken=7cec85d7bea7798e],[System.String, System.Private.CoreLib, Version=9.0.0.0, Culture=neutral, PublicKeyToken=7cec85d7bea7798e]], API, Version=1.0.0.0, Culture=neutral, PublicKeyToken=null]]'.
2026-05-21 16:11:54.343 +00:00 [INF] Executed action API.Controllers.AuthController.Authenticate (API) in 240.6304ms
2026-05-21 16:11:54.343 +00:00 [INF] Executed endpoint 'API.Controllers.AuthController.Authenticate (API)'
2026-05-21 16:11:54.344 +00:00 [INF] Request finished HTTP/1.1 POST http://localhost:8080/api/auth - 200 null application/json; charset=utf-8 243.5868ms
2026-05-21 16:11:56.599 +00:00 [INF] Request starting HTTP/1.1 GET http://localhost:8080/api/music - null null
2026-05-21 16:11:56.599 +00:00 [INF] CORS policy execution successful.
2026-05-21 16:11:56.600 +00:00 [INF] Token validated successfully for user: lengyelnorbi
2026-05-21 16:11:56.600 +00:00 [INF] Device fingerprint headers - UA: Mozilla/5.0 (Windows NT 10.0; Win64; x64; rv:151.0) Gecko/20100101 Firefox/151.0, Accept: application/json, text/plain, */*, Encoding: gzip, deflate, br, zstd
2026-05-21 16:11:56.600 +00:00 [INF] Device fingerprint validation: Stored=/a2uf4z8rcBIhIr7KGbd6aahMr80Bhj+9uyLiYNZ66A=, Current=/a2uf4z8rcBIhIr7KGbd6aahMr80Bhj+9uyLiYNZ66A=
2026-05-21 16:11:56.601 +00:00 [INF] Executing endpoint 'API.Controllers.MusicController.Get (API)'
2026-05-21 16:11:56.601 +00:00 [INF] Route matched with {action = "Get", controller = "Music"}. Executing controller action with signature System.Threading.Tasks.Task`1[System.Collections.Generic.IEnumerable`1[API.Models.Music]] Get() on controller API.Controllers.MusicController (API).
2026-05-21 16:11:56.602 +00:00 [INF] Fetching music data from database...
2026-05-21 16:11:56.604 +00:00 [INF] Executed DbCommand (1ms) [Parameters=[], CommandType='"Text"', CommandTimeout='30']
SELECT m."ID", m."AddedAt", m."File_id", m."Title"
FROM "Musics" AS m
2026-05-21 16:11:56.605 +00:00 [INF] Request starting HTTP/1.1 GET http://localhost:8080/api/music - null null
2026-05-21 16:11:56.605 +00:00 [INF] Fetched 2 music records.
2026-05-21 16:11:56.605 +00:00 [INF] CORS policy execution successful.
2026-05-21 16:11:56.605 +00:00 [INF] Executing ObjectResult, writing value of type 'System.Collections.Generic.List`1[[API.Models.Music, API, Version=1.0.0.0, Culture=neutral, PublicKeyToken=null]]'.
2026-05-21 16:11:56.606 +00:00 [INF] Token validated successfully for user: lengyelnorbi
2026-05-21 16:11:56.606 +00:00 [INF] Executed action API.Controllers.MusicController.Get (API) in 4.4648ms
2026-05-21 16:11:56.606 +00:00 [INF] Device fingerprint headers - UA: Mozilla/5.0 (Windows NT 10.0; Win64; x64; rv:151.0) Gecko/20100101 Firefox/151.0, Accept: application/json, text/plain, */*, Encoding: gzip, deflate, br, zstd
2026-05-21 16:11:56.606 +00:00 [INF] Executed endpoint 'API.Controllers.MusicController.Get (API)'
2026-05-21 16:11:56.606 +00:00 [INF] Device fingerprint validation: Stored=/a2uf4z8rcBIhIr7KGbd6aahMr80Bhj+9uyLiYNZ66A=, Current=/a2uf4z8rcBIhIr7KGbd6aahMr80Bhj+9uyLiYNZ66A=
2026-05-21 16:11:56.606 +00:00 [INF] Request finished HTTP/1.1 GET http://localhost:8080/api/music - 200 null application/json; charset=utf-8 7.3627ms
2026-05-21 16:11:56.607 +00:00 [INF] Executing endpoint 'API.Controllers.MusicController.Get (API)'
2026-05-21 16:11:56.607 +00:00 [INF] Route matched with {action = "Get", controller = "Music"}. Executing controller action with signature System.Threading.Tasks.Task`1[System.Collections.Generic.IEnumerable`1[API.Models.Music]] Get() on controller API.Controllers.MusicController (API).
2026-05-21 16:11:56.607 +00:00 [INF] Fetching music data from database...
2026-05-21 16:11:56.609 +00:00 [INF] Executed DbCommand (1ms) [Parameters=[], CommandType='"Text"', CommandTimeout='30']
SELECT m."ID", m."AddedAt", m."File_id", m."Title"
FROM "Musics" AS m
2026-05-21 16:11:56.609 +00:00 [INF] Fetched 2 music records.
2026-05-21 16:11:56.610 +00:00 [INF] Executing ObjectResult, writing value of type 'System.Collections.Generic.List`1[[API.Models.Music, API, Version=1.0.0.0, Culture=neutral, PublicKeyToken=null]]'.
2026-05-21 16:11:56.610 +00:00 [INF] Executed action API.Controllers.MusicController.Get (API) in 2.9741ms
2026-05-21 16:11:56.610 +00:00 [INF] Executed endpoint 'API.Controllers.MusicController.Get (API)'
2026-05-21 16:11:56.611 +00:00 [INF] Request finished HTTP/1.1 GET http://localhost:8080/api/music - 200 null application/json; charset=utf-8 6.0345ms
2026-05-21 16:12:09.111 +00:00 [INF] Request starting HTTP/1.1 GET http://localhost:8080/api/music - null 0
2026-05-21 16:12:09.111 +00:00 [INF] Request starting HTTP/1.1 GET http://localhost:8080/api/music - null 0
2026-05-21 16:12:09.111 +00:00 [INF] Authorization failed. These requirements were not met:
DenyAnonymousAuthorizationRequirement: Requires an authenticated user.
2026-05-21 16:12:09.111 +00:00 [INF] Authorization failed. These requirements were not met:
DenyAnonymousAuthorizationRequirement: Requires an authenticated user.
2026-05-21 16:12:09.111 +00:00 [INF] AuthenticationScheme: Bearer was challenged.
2026-05-21 16:12:09.112 +00:00 [INF] AuthenticationScheme: Bearer was challenged.
2026-05-21 16:12:09.112 +00:00 [INF] Request finished HTTP/1.1 GET http://localhost:8080/api/music - 401 0 null 1.5982ms
2026-05-21 16:12:09.112 +00:00 [INF] Request finished HTTP/1.1 GET http://localhost:8080/api/music - 401 0 null 1.8893ms
2026-05-21 16:12:09.120 +00:00 [INF] Request starting HTTP/1.1 POST http://localhost:8080/api/auth/logout - null 0
2026-05-21 16:12:09.120 +00:00 [INF] Executing endpoint 'API.Controllers.AuthController.Logout (API)'
2026-05-21 16:12:09.120 +00:00 [INF] Route matched with {action = "Logout", controller = "Auth"}. Executing controller action with signature System.Threading.Tasks.Task`1[Microsoft.AspNetCore.Mvc.IActionResult] Logout() on controller API.Controllers.AuthController (API).
2026-05-21 16:12:09.121 +00:00 [WRN] Refresh token missing from cookies
2026-05-21 16:12:09.121 +00:00 [INF] Executing UnauthorizedObjectResult, writing value of type '<>f__AnonymousType0`1[[System.String, System.Private.CoreLib, Version=9.0.0.0, Culture=neutral, PublicKeyToken=7cec85d7bea7798e]]'.
2026-05-21 16:12:09.121 +00:00 [INF] Executed action API.Controllers.AuthController.Logout (API) in 0.8394ms
2026-05-21 16:12:09.122 +00:00 [INF] Executed endpoint 'API.Controllers.AuthController.Logout (API)'
2026-05-21 16:12:09.122 +00:00 [INF] Request finished HTTP/1.1 POST http://localhost:8080/api/auth/logout - 401 null application/json; charset=utf-8 2.3501ms
2026-05-21 16:12:20.567 +00:00 [INF] Request starting HTTP/1.1 GET http://localhost:8080/api/music - null 0
2026-05-21 16:12:20.567 +00:00 [INF] Request starting HTTP/1.1 GET http://localhost:8080/api/music - null 0
2026-05-21 16:12:20.567 +00:00 [INF] Authorization failed. These requirements were not met:
DenyAnonymousAuthorizationRequirement: Requires an authenticated user.
2026-05-21 16:12:20.567 +00:00 [INF] Authorization failed. These requirements were not met:
DenyAnonymousAuthorizationRequirement: Requires an authenticated user.
2026-05-21 16:12:20.567 +00:00 [INF] AuthenticationScheme: Bearer was challenged.
2026-05-21 16:12:20.568 +00:00 [INF] AuthenticationScheme: Bearer was challenged.
2026-05-21 16:12:20.568 +00:00 [INF] Request finished HTTP/1.1 GET http://localhost:8080/api/music - 401 0 null 1.0808ms
2026-05-21 16:12:20.568 +00:00 [INF] Request finished HTTP/1.1 GET http://localhost:8080/api/music - 401 0 null 1.1782ms
2026-05-21 16:12:20.575 +00:00 [INF] Request starting HTTP/1.1 POST http://localhost:8080/api/auth/logout - null 0
2026-05-21 16:12:20.576 +00:00 [INF] Executing endpoint 'API.Controllers.AuthController.Logout (API)'
2026-05-21 16:12:20.576 +00:00 [INF] Route matched with {action = "Logout", controller = "Auth"}. Executing controller action with signature System.Threading.Tasks.Task`1[Microsoft.AspNetCore.Mvc.IActionResult] Logout() on controller API.Controllers.AuthController (API).
2026-05-21 16:12:20.577 +00:00 [WRN] Refresh token missing from cookies
2026-05-21 16:12:20.577 +00:00 [INF] Executing UnauthorizedObjectResult, writing value of type '<>f__AnonymousType0`1[[System.String, System.Private.CoreLib, Version=9.0.0.0, Culture=neutral, PublicKeyToken=7cec85d7bea7798e]]'.
2026-05-21 16:12:20.577 +00:00 [INF] Executed action API.Controllers.AuthController.Logout (API) in 0.8345ms
2026-05-21 16:12:20.577 +00:00 [INF] Executed endpoint 'API.Controllers.AuthController.Logout (API)'
2026-05-21 16:12:20.578 +00:00 [INF] Request finished HTTP/1.1 POST http://localhost:8080/api/auth/logout - 401 null application/json; charset=utf-8 2.4038ms
2026-05-21 16:12:41.951 +00:00 [INF] Request starting HTTP/1.1 GET http://localhost:8080/api/music - null 0
2026-05-21 16:12:41.951 +00:00 [INF] Request starting HTTP/1.1 GET http://localhost:8080/api/music - null 0
2026-05-21 16:12:41.952 +00:00 [INF] Authorization failed. These requirements were not met:
DenyAnonymousAuthorizationRequirement: Requires an authenticated user.
2026-05-21 16:12:41.952 +00:00 [INF] Authorization failed. These requirements were not met:
DenyAnonymousAuthorizationRequirement: Requires an authenticated user.
2026-05-21 16:12:41.952 +00:00 [INF] AuthenticationScheme: Bearer was challenged.
2026-05-21 16:12:41.952 +00:00 [INF] AuthenticationScheme: Bearer was challenged.
2026-05-21 16:12:41.953 +00:00 [INF] Request finished HTTP/1.1 GET http://localhost:8080/api/music - 401 0 null 1.6551ms
2026-05-21 16:12:41.953 +00:00 [INF] Request finished HTTP/1.1 GET http://localhost:8080/api/music - 401 0 null 1.7291ms
2026-05-21 16:12:41.988 +00:00 [INF] Request starting HTTP/1.1 POST http://localhost:8080/api/auth/logout - null 0
2026-05-21 16:12:41.989 +00:00 [INF] Executing endpoint 'API.Controllers.AuthController.Logout (API)'
2026-05-21 16:12:41.989 +00:00 [INF] Route matched with {action = "Logout", controller = "Auth"}. Executing controller action with signature System.Threading.Tasks.Task`1[Microsoft.AspNetCore.Mvc.IActionResult] Logout() on controller API.Controllers.AuthController (API).
2026-05-21 16:12:41.990 +00:00 [WRN] Refresh token missing from cookies
2026-05-21 16:12:41.990 +00:00 [INF] Executing UnauthorizedObjectResult, writing value of type '<>f__AnonymousType0`1[[System.String, System.Private.CoreLib, Version=9.0.0.0, Culture=neutral, PublicKeyToken=7cec85d7bea7798e]]'.
2026-05-21 16:12:41.990 +00:00 [INF] Executed action API.Controllers.AuthController.Logout (API) in 0.975ms
2026-05-21 16:12:41.991 +00:00 [INF] Executed endpoint 'API.Controllers.AuthController.Logout (API)'
2026-05-21 16:12:41.991 +00:00 [INF] Request finished HTTP/1.1 POST http://localhost:8080/api/auth/logout - 401 null application/json; charset=utf-8 2.4909ms
2026-05-21 16:13:08.254 +00:00 [INF] Request starting HTTP/1.1 OPTIONS http://localhost:8080/api/auth - null null
2026-05-21 16:13:08.254 +00:00 [INF] CORS policy execution successful.
2026-05-21 16:13:08.255 +00:00 [INF] Request finished HTTP/1.1 OPTIONS http://localhost:8080/api/auth - 204 null null 0.802ms
2026-05-21 16:13:08.284 +00:00 [INF] Request starting HTTP/1.1 POST http://localhost:8080/api/auth - application/json 57
2026-05-21 16:13:08.285 +00:00 [INF] CORS policy execution successful.
2026-05-21 16:13:08.285 +00:00 [INF] Token validated successfully for user: lengyelnorbi
2026-05-21 16:13:08.285 +00:00 [INF] Device fingerprint headers - UA: Mozilla/5.0 (Windows NT 10.0; Win64; x64; rv:151.0) Gecko/20100101 Firefox/151.0, Accept: */*, Encoding: gzip, deflate, br, zstd
2026-05-21 16:13:08.286 +00:00 [INF] Device fingerprint validation: Stored=/a2uf4z8rcBIhIr7KGbd6aahMr80Bhj+9uyLiYNZ66A=, Current=/a2uf4z8rcBIhIr7KGbd6aahMr80Bhj+9uyLiYNZ66A=
2026-05-21 16:13:08.286 +00:00 [INF] Executing endpoint 'API.Controllers.AuthController.Authenticate (API)'
2026-05-21 16:13:08.286 +00:00 [INF] Route matched with {action = "Authenticate", controller = "Auth"}. Executing controller action with signature System.Threading.Tasks.Task`1[Microsoft.AspNetCore.Mvc.IActionResult] Authenticate(API.Models.LoginRequest) on controller API.Controllers.AuthController (API).
2026-05-21 16:13:08.287 +00:00 [INF] Authentication attempt for email: lengyelnorbi5@gmail.com
2026-05-21 16:13:08.287 +00:00 [INF] Fetching user by email from database...
2026-05-21 16:13:08.290 +00:00 [INF] Executed DbCommand (2ms) [Parameters=[@__email_0='?'], CommandType='"Text"', CommandTimeout='30']
SELECT u."ID", u."Email", u."PasswordHash", u."RegisteredAt", u."Role", u."Username"
FROM "Users" AS u
WHERE u."Email" = @__email_0
LIMIT 1
2026-05-21 16:13:08.291 +00:00 [INF] Mozilla/5.0 (Windows NT 10.0; Win64; x64; rv:151.0) Gecko/20100101 Firefox/151.0
2026-05-21 16:13:08.291 +00:00 [INF] Fetching user by email from database...
2026-05-21 16:13:08.293 +00:00 [INF] Executed DbCommand (1ms) [Parameters=[@__email_0='?'], CommandType='"Text"', CommandTimeout='30']
SELECT u."ID", u."Email", u."PasswordHash", u."RegisteredAt", u."Role", u."Username"
FROM "Users" AS u
WHERE u."Email" = @__email_0
LIMIT 1
2026-05-21 16:13:08.485 +00:00 [INF] Password verification completed: Valid
2026-05-21 16:13:08.489 +00:00 [INF] Executed DbCommand (2ms) [Parameters=[@p0='?' (DbType = DateTime), @p1='?', @p2='?' (DbType = DateTime), @p3='?', @p4='?' (DbType = Int32), @p5='?'], CommandType='"Text"', CommandTimeout='30']
INSERT INTO "AccessTokens" ("CreatedAt", "DeviceFingerprint", "ExpiresAt", "IpAddress", "UserID", jti)
VALUES (@p0, @p1, @p2, @p3, @p4, @p5)
RETURNING "ID", "IsRevoked";
2026-05-21 16:13:08.492 +00:00 [INF] Executed DbCommand (2ms) [Parameters=[@p0='?' (DbType = DateTime), @p1='?', @p2='?' (DbType = DateTime), @p3='?', @p4='?', @p5='?' (DbType = Int32)], CommandType='"Text"', CommandTimeout='30']
INSERT INTO "RefreshTokens" ("CreatedAt", "DeviceFingerprint", "ExpiresAt", "IpAddress", "TokenHash", "UserID")
VALUES (@p0, @p1, @p2, @p3, @p4, @p5)
RETURNING "ID", "IsRevoked";
2026-05-21 16:13:08.493 +00:00 [INF] Executing OkObjectResult, writing value of type '<>f__AnonymousType1`3[[System.Boolean, System.Private.CoreLib, Version=9.0.0.0, Culture=neutral, PublicKeyToken=7cec85d7bea7798e],[System.Int32, System.Private.CoreLib, Version=9.0.0.0, Culture=neutral, PublicKeyToken=7cec85d7bea7798e],[<>f__AnonymousType2`4[[System.Int32, System.Private.CoreLib, Version=9.0.0.0, Culture=neutral, PublicKeyToken=7cec85d7bea7798e],[System.String, System.Private.CoreLib, Version=9.0.0.0, Culture=neutral, PublicKeyToken=7cec85d7bea7798e],[System.String, System.Private.CoreLib, Version=9.0.0.0, Culture=neutral, PublicKeyToken=7cec85d7bea7798e],[System.String, System.Private.CoreLib, Version=9.0.0.0, Culture=neutral, PublicKeyToken=7cec85d7bea7798e]], API, Version=1.0.0.0, Culture=neutral, PublicKeyToken=null]]'.
2026-05-21 16:13:08.493 +00:00 [INF] Executed action API.Controllers.AuthController.Authenticate (API) in 206.5512ms
2026-05-21 16:13:08.493 +00:00 [INF] Executed endpoint 'API.Controllers.AuthController.Authenticate (API)'
2026-05-21 16:13:08.493 +00:00 [INF] Request finished HTTP/1.1 POST http://localhost:8080/api/auth - 200 null application/json; charset=utf-8 209.2529ms
2026-05-21 16:13:10.641 +00:00 [INF] Request starting HTTP/1.1 GET http://localhost:8080/api/music - null null
2026-05-21 16:13:10.641 +00:00 [INF] Request starting HTTP/1.1 GET http://localhost:8080/api/music - null null
2026-05-21 16:13:10.642 +00:00 [INF] CORS policy execution successful.
2026-05-21 16:13:10.642 +00:00 [INF] CORS policy execution successful.
2026-05-21 16:13:10.642 +00:00 [INF] Token validated successfully for user: lengyelnorbi
2026-05-21 16:13:10.642 +00:00 [INF] Token validated successfully for user: lengyelnorbi
2026-05-21 16:13:10.643 +00:00 [INF] Device fingerprint headers - UA: Mozilla/5.0 (Windows NT 10.0; Win64; x64; rv:151.0) Gecko/20100101 Firefox/151.0, Accept: application/json, text/plain, */*, Encoding: gzip, deflate, br, zstd
2026-05-21 16:13:10.643 +00:00 [INF] Device fingerprint headers - UA: Mozilla/5.0 (Windows NT 10.0; Win64; x64; rv:151.0) Gecko/20100101 Firefox/151.0, Accept: application/json, text/plain, */*, Encoding: gzip, deflate, br, zstd
2026-05-21 16:13:10.643 +00:00 [INF] Device fingerprint validation: Stored=/a2uf4z8rcBIhIr7KGbd6aahMr80Bhj+9uyLiYNZ66A=, Current=/a2uf4z8rcBIhIr7KGbd6aahMr80Bhj+9uyLiYNZ66A=
2026-05-21 16:13:10.643 +00:00 [INF] Device fingerprint validation: Stored=/a2uf4z8rcBIhIr7KGbd6aahMr80Bhj+9uyLiYNZ66A=, Current=/a2uf4z8rcBIhIr7KGbd6aahMr80Bhj+9uyLiYNZ66A=
2026-05-21 16:13:10.644 +00:00 [INF] Executing endpoint 'API.Controllers.MusicController.Get (API)'
2026-05-21 16:13:10.644 +00:00 [INF] Executing endpoint 'API.Controllers.MusicController.Get (API)'
2026-05-21 16:13:10.644 +00:00 [INF] Route matched with {action = "Get", controller = "Music"}. Executing controller action with signature System.Threading.Tasks.Task`1[System.Collections.Generic.IEnumerable`1[API.Models.Music]] Get() on controller API.Controllers.MusicController (API).
2026-05-21 16:13:10.644 +00:00 [INF] Route matched with {action = "Get", controller = "Music"}. Executing controller action with signature System.Threading.Tasks.Task`1[System.Collections.Generic.IEnumerable`1[API.Models.Music]] Get() on controller API.Controllers.MusicController (API).
2026-05-21 16:13:10.644 +00:00 [INF] Fetching music data from database...
2026-05-21 16:13:10.644 +00:00 [INF] Fetching music data from database...
2026-05-21 16:13:10.646 +00:00 [INF] Executed DbCommand (1ms) [Parameters=[], CommandType='"Text"', CommandTimeout='30']
SELECT m."ID", m."AddedAt", m."File_id", m."Title"
FROM "Musics" AS m
2026-05-21 16:13:10.646 +00:00 [INF] Executed DbCommand (1ms) [Parameters=[], CommandType='"Text"', CommandTimeout='30']
SELECT m."ID", m."AddedAt", m."File_id", m."Title"
FROM "Musics" AS m
2026-05-21 16:13:10.647 +00:00 [INF] Fetched 2 music records.
2026-05-21 16:13:10.647 +00:00 [INF] Fetched 2 music records.
2026-05-21 16:13:10.647 +00:00 [INF] Executing ObjectResult, writing value of type 'System.Collections.Generic.List`1[[API.Models.Music, API, Version=1.0.0.0, Culture=neutral, PublicKeyToken=null]]'.
2026-05-21 16:13:10.647 +00:00 [INF] Executing ObjectResult, writing value of type 'System.Collections.Generic.List`1[[API.Models.Music, API, Version=1.0.0.0, Culture=neutral, PublicKeyToken=null]]'.
2026-05-21 16:13:10.647 +00:00 [INF] Executed action API.Controllers.MusicController.Get (API) in 3.314ms
2026-05-21 16:13:10.647 +00:00 [INF] Executed action API.Controllers.MusicController.Get (API) in 3.1558ms
2026-05-21 16:13:10.648 +00:00 [INF] Executed endpoint 'API.Controllers.MusicController.Get (API)'
2026-05-21 16:13:10.648 +00:00 [INF] Executed endpoint 'API.Controllers.MusicController.Get (API)'
2026-05-21 16:13:10.648 +00:00 [INF] Request finished HTTP/1.1 GET http://localhost:8080/api/music - 200 null application/json; charset=utf-8 6.7553ms
2026-05-21 16:13:10.648 +00:00 [INF] Request finished HTTP/1.1 GET http://localhost:8080/api/music - 200 null application/json; charset=utf-8 6.9572ms
2026-05-21 16:13:12.532 +00:00 [INF] Request starting HTTP/1.1 GET http://localhost:8080/api/music - null 0
2026-05-21 16:13:12.532 +00:00 [INF] Request starting HTTP/1.1 GET http://localhost:8080/api/music - null 0
2026-05-21 16:13:12.532 +00:00 [INF] Authorization failed. These requirements were not met:
DenyAnonymousAuthorizationRequirement: Requires an authenticated user.
2026-05-21 16:13:12.532 +00:00 [INF] Authorization failed. These requirements were not met:
DenyAnonymousAuthorizationRequirement: Requires an authenticated user.
2026-05-21 16:13:12.533 +00:00 [INF] AuthenticationScheme: Bearer was challenged.
2026-05-21 16:13:12.533 +00:00 [INF] AuthenticationScheme: Bearer was challenged.
2026-05-21 16:13:12.533 +00:00 [INF] Request finished HTTP/1.1 GET http://localhost:8080/api/music - 401 0 null 1.2919ms
2026-05-21 16:13:12.534 +00:00 [INF] Request finished HTTP/1.1 GET http://localhost:8080/api/music - 401 0 null 1.5052ms
2026-05-21 16:13:12.543 +00:00 [INF] Request starting HTTP/1.1 POST http://localhost:8080/api/auth/logout - null 0
2026-05-21 16:13:12.543 +00:00 [INF] Executing endpoint 'API.Controllers.AuthController.Logout (API)'
2026-05-21 16:13:12.543 +00:00 [INF] Route matched with {action = "Logout", controller = "Auth"}. Executing controller action with signature System.Threading.Tasks.Task`1[Microsoft.AspNetCore.Mvc.IActionResult] Logout() on controller API.Controllers.AuthController (API).
2026-05-21 16:13:12.544 +00:00 [WRN] Refresh token missing from cookies
2026-05-21 16:13:12.544 +00:00 [INF] Executing UnauthorizedObjectResult, writing value of type '<>f__AnonymousType0`1[[System.String, System.Private.CoreLib, Version=9.0.0.0, Culture=neutral, PublicKeyToken=7cec85d7bea7798e]]'.
2026-05-21 16:13:12.544 +00:00 [INF] Executed action API.Controllers.AuthController.Logout (API) in 0.8002ms
2026-05-21 16:13:12.545 +00:00 [INF] Executed endpoint 'API.Controllers.AuthController.Logout (API)'
2026-05-21 16:13:12.545 +00:00 [INF] Request finished HTTP/1.1 POST http://localhost:8080/api/auth/logout - 401 null application/json; charset=utf-8 2.172ms
2026-05-21 16:14:51.022 +00:00 [INF] Request starting HTTP/1.1 OPTIONS http://localhost:8080/api/auth - null null
2026-05-21 16:14:51.027 +00:00 [INF] CORS policy execution successful.
2026-05-21 16:14:51.027 +00:00 [INF] Request finished HTTP/1.1 OPTIONS http://localhost:8080/api/auth - 204 null null 4.8613ms
2026-05-21 16:14:51.039 +00:00 [INF] Request starting HTTP/1.1 POST http://localhost:8080/api/auth - application/json 57
2026-05-21 16:14:51.039 +00:00 [INF] CORS policy execution successful.
2026-05-21 16:14:51.040 +00:00 [INF] Token validated successfully for user: lengyelnorbi
2026-05-21 16:14:51.040 +00:00 [INF] Device fingerprint headers - UA: Mozilla/5.0 (Windows NT 10.0; Win64; x64; rv:151.0) Gecko/20100101 Firefox/151.0, Accept: */*, Encoding: gzip, deflate, br, zstd
2026-05-21 16:14:51.040 +00:00 [INF] Device fingerprint validation: Stored=/a2uf4z8rcBIhIr7KGbd6aahMr80Bhj+9uyLiYNZ66A=, Current=/a2uf4z8rcBIhIr7KGbd6aahMr80Bhj+9uyLiYNZ66A=
2026-05-21 16:14:51.040 +00:00 [INF] Executing endpoint 'API.Controllers.AuthController.Authenticate (API)'
2026-05-21 16:14:51.041 +00:00 [INF] Route matched with {action = "Authenticate", controller = "Auth"}. Executing controller action with signature System.Threading.Tasks.Task`1[Microsoft.AspNetCore.Mvc.IActionResult] Authenticate(API.Models.LoginRequest) on controller API.Controllers.AuthController (API).
2026-05-21 16:14:51.041 +00:00 [INF] Authentication attempt for email: lengyelnorbi5@gmail.com
2026-05-21 16:14:51.041 +00:00 [INF] Fetching user by email from database...
2026-05-21 16:14:51.054 +00:00 [INF] Executed DbCommand (2ms) [Parameters=[@__email_0='?'], CommandType='"Text"', CommandTimeout='30']
SELECT u."ID", u."Email", u."PasswordHash", u."RegisteredAt", u."Role", u."Username"
FROM "Users" AS u
WHERE u."Email" = @__email_0
LIMIT 1
2026-05-21 16:14:51.054 +00:00 [INF] Mozilla/5.0 (Windows NT 10.0; Win64; x64; rv:151.0) Gecko/20100101 Firefox/151.0
2026-05-21 16:14:51.054 +00:00 [INF] Fetching user by email from database...
2026-05-21 16:14:51.057 +00:00 [INF] Executed DbCommand (2ms) [Parameters=[@__email_0='?'], CommandType='"Text"', CommandTimeout='30']
SELECT u."ID", u."Email", u."PasswordHash", u."RegisteredAt", u."Role", u."Username"
FROM "Users" AS u
WHERE u."Email" = @__email_0
LIMIT 1
2026-05-21 16:14:51.250 +00:00 [INF] Password verification completed: Valid
2026-05-21 16:14:51.255 +00:00 [INF] Executed DbCommand (3ms) [Parameters=[@p0='?' (DbType = DateTime), @p1='?', @p2='?' (DbType = DateTime), @p3='?', @p4='?' (DbType = Int32), @p5='?'], CommandType='"Text"', CommandTimeout='30']
INSERT INTO "AccessTokens" ("CreatedAt", "DeviceFingerprint", "ExpiresAt", "IpAddress", "UserID", jti)
VALUES (@p0, @p1, @p2, @p3, @p4, @p5)
RETURNING "ID", "IsRevoked";
2026-05-21 16:14:51.258 +00:00 [INF] Executed DbCommand (2ms) [Parameters=[@p0='?' (DbType = DateTime), @p1='?', @p2='?' (DbType = DateTime), @p3='?', @p4='?', @p5='?' (DbType = Int32)], CommandType='"Text"', CommandTimeout='30']
INSERT INTO "RefreshTokens" ("CreatedAt", "DeviceFingerprint", "ExpiresAt", "IpAddress", "TokenHash", "UserID")
VALUES (@p0, @p1, @p2, @p3, @p4, @p5)
RETURNING "ID", "IsRevoked";
2026-05-21 16:14:51.259 +00:00 [INF] Executing OkObjectResult, writing value of type '<>f__AnonymousType1`3[[System.Boolean, System.Private.CoreLib, Version=9.0.0.0, Culture=neutral, PublicKeyToken=7cec85d7bea7798e],[System.Int32, System.Private.CoreLib, Version=9.0.0.0, Culture=neutral, PublicKeyToken=7cec85d7bea7798e],[<>f__AnonymousType2`4[[System.Int32, System.Private.CoreLib, Version=9.0.0.0, Culture=neutral, PublicKeyToken=7cec85d7bea7798e],[System.String, System.Private.CoreLib, Version=9.0.0.0, Culture=neutral, PublicKeyToken=7cec85d7bea7798e],[System.String, System.Private.CoreLib, Version=9.0.0.0, Culture=neutral, PublicKeyToken=7cec85d7bea7798e],[System.String, System.Private.CoreLib, Version=9.0.0.0, Culture=neutral, PublicKeyToken=7cec85d7bea7798e]], API, Version=1.0.0.0, Culture=neutral, PublicKeyToken=null]]'.
2026-05-21 16:14:51.259 +00:00 [INF] Executed action API.Controllers.AuthController.Authenticate (API) in 218.4237ms
2026-05-21 16:14:51.259 +00:00 [INF] Executed endpoint 'API.Controllers.AuthController.Authenticate (API)'
2026-05-21 16:14:51.260 +00:00 [INF] Request finished HTTP/1.1 POST http://localhost:8080/api/auth - 200 null application/json; charset=utf-8 220.6555ms
2026-05-21 16:14:53.360 +00:00 [INF] Request starting HTTP/1.1 GET http://localhost:8080/api/music - null null
2026-05-21 16:14:53.360 +00:00 [INF] Request starting HTTP/1.1 GET http://localhost:8080/api/music - null null
2026-05-21 16:14:53.360 +00:00 [INF] CORS policy execution successful.
2026-05-21 16:14:53.360 +00:00 [INF] CORS policy execution successful.
2026-05-21 16:14:53.361 +00:00 [INF] Token validated successfully for user: lengyelnorbi
2026-05-21 16:14:53.361 +00:00 [INF] Token validated successfully for user: lengyelnorbi
2026-05-21 16:14:53.362 +00:00 [INF] Device fingerprint headers - UA: Mozilla/5.0 (Windows NT 10.0; Win64; x64; rv:151.0) Gecko/20100101 Firefox/151.0, Accept: application/json, text/plain, */*, Encoding: gzip, deflate, br, zstd
2026-05-21 16:14:53.362 +00:00 [INF] Device fingerprint headers - UA: Mozilla/5.0 (Windows NT 10.0; Win64; x64; rv:151.0) Gecko/20100101 Firefox/151.0, Accept: application/json, text/plain, */*, Encoding: gzip, deflate, br, zstd
2026-05-21 16:14:53.362 +00:00 [INF] Device fingerprint validation: Stored=/a2uf4z8rcBIhIr7KGbd6aahMr80Bhj+9uyLiYNZ66A=, Current=/a2uf4z8rcBIhIr7KGbd6aahMr80Bhj+9uyLiYNZ66A=
2026-05-21 16:14:53.362 +00:00 [INF] Device fingerprint validation: Stored=/a2uf4z8rcBIhIr7KGbd6aahMr80Bhj+9uyLiYNZ66A=, Current=/a2uf4z8rcBIhIr7KGbd6aahMr80Bhj+9uyLiYNZ66A=
2026-05-21 16:14:53.363 +00:00 [INF] Executing endpoint 'API.Controllers.MusicController.Get (API)'
2026-05-21 16:14:53.363 +00:00 [INF] Executing endpoint 'API.Controllers.MusicController.Get (API)'
2026-05-21 16:14:53.363 +00:00 [INF] Route matched with {action = "Get", controller = "Music"}. Executing controller action with signature System.Threading.Tasks.Task`1[System.Collections.Generic.IEnumerable`1[API.Models.Music]] Get() on controller API.Controllers.MusicController (API).
2026-05-21 16:14:53.363 +00:00 [INF] Route matched with {action = "Get", controller = "Music"}. Executing controller action with signature System.Threading.Tasks.Task`1[System.Collections.Generic.IEnumerable`1[API.Models.Music]] Get() on controller API.Controllers.MusicController (API).
2026-05-21 16:14:53.364 +00:00 [INF] Fetching music data from database...
2026-05-21 16:14:53.364 +00:00 [INF] Fetching music data from database...
2026-05-21 16:14:53.366 +00:00 [INF] Executed DbCommand (1ms) [Parameters=[], CommandType='"Text"', CommandTimeout='30']
SELECT m."ID", m."AddedAt", m."File_id", m."Title"
FROM "Musics" AS m
2026-05-21 16:14:53.366 +00:00 [INF] Fetched 2 music records.
2026-05-21 16:14:53.366 +00:00 [INF] Executing ObjectResult, writing value of type 'System.Collections.Generic.List`1[[API.Models.Music, API, Version=1.0.0.0, Culture=neutral, PublicKeyToken=null]]'.
2026-05-21 16:14:53.367 +00:00 [INF] Executed action API.Controllers.MusicController.Get (API) in 3.2177ms
2026-05-21 16:14:53.367 +00:00 [INF] Executed endpoint 'API.Controllers.MusicController.Get (API)'
2026-05-21 16:14:53.367 +00:00 [INF] Request finished HTTP/1.1 GET http://localhost:8080/api/music - 200 null application/json; charset=utf-8 7.186ms
2026-05-21 16:14:53.374 +00:00 [INF] Executed DbCommand (1ms) [Parameters=[], CommandType='"Text"', CommandTimeout='30']
SELECT m."ID", m."AddedAt", m."File_id", m."Title"
FROM "Musics" AS m
2026-05-21 16:14:53.375 +00:00 [INF] Fetched 2 music records.
2026-05-21 16:14:53.375 +00:00 [INF] Executing ObjectResult, writing value of type 'System.Collections.Generic.List`1[[API.Models.Music, API, Version=1.0.0.0, Culture=neutral, PublicKeyToken=null]]'.
2026-05-21 16:14:53.375 +00:00 [INF] Executed action API.Controllers.MusicController.Get (API) in 11.9131ms
2026-05-21 16:14:53.376 +00:00 [INF] Executed endpoint 'API.Controllers.MusicController.Get (API)'
2026-05-21 16:14:53.376 +00:00 [INF] Request finished HTTP/1.1 GET http://localhost:8080/api/music - 200 null application/json; charset=utf-8 16.1894ms
2026-05-21 16:14:54.092 +00:00 [INF] Request starting HTTP/1.1 GET http://localhost:8080/api/music - null 0
2026-05-21 16:14:54.092 +00:00 [INF] Request starting HTTP/1.1 GET http://localhost:8080/api/music - null 0
2026-05-21 16:14:54.093 +00:00 [INF] Authorization failed. These requirements were not met:
DenyAnonymousAuthorizationRequirement: Requires an authenticated user.
2026-05-21 16:14:54.093 +00:00 [INF] Authorization failed. These requirements were not met:
DenyAnonymousAuthorizationRequirement: Requires an authenticated user.
2026-05-21 16:14:54.093 +00:00 [INF] AuthenticationScheme: Bearer was challenged.
2026-05-21 16:14:54.093 +00:00 [INF] AuthenticationScheme: Bearer was challenged.
2026-05-21 16:14:54.093 +00:00 [INF] Request finished HTTP/1.1 GET http://localhost:8080/api/music - 401 0 null 1.2058ms
2026-05-21 16:14:54.094 +00:00 [INF] Request finished HTTP/1.1 GET http://localhost:8080/api/music - 401 0 null 1.3146ms
2026-05-21 16:14:54.102 +00:00 [INF] Request starting HTTP/1.1 POST http://localhost:8080/api/auth/logout - null 0
2026-05-21 16:14:54.103 +00:00 [INF] Executing endpoint 'API.Controllers.AuthController.Logout (API)'
2026-05-21 16:14:54.103 +00:00 [INF] Route matched with {action = "Logout", controller = "Auth"}. Executing controller action with signature System.Threading.Tasks.Task`1[Microsoft.AspNetCore.Mvc.IActionResult] Logout() on controller API.Controllers.AuthController (API).
2026-05-21 16:14:54.103 +00:00 [WRN] Refresh token missing from cookies
2026-05-21 16:14:54.104 +00:00 [INF] Executing UnauthorizedObjectResult, writing value of type '<>f__AnonymousType0`1[[System.String, System.Private.CoreLib, Version=9.0.0.0, Culture=neutral, PublicKeyToken=7cec85d7bea7798e]]'.
2026-05-21 16:14:54.104 +00:00 [INF] Executed action API.Controllers.AuthController.Logout (API) in 1.2043ms
2026-05-21 16:14:54.105 +00:00 [INF] Executed endpoint 'API.Controllers.AuthController.Logout (API)'
2026-05-21 16:14:54.105 +00:00 [INF] Request finished HTTP/1.1 POST http://localhost:8080/api/auth/logout - 401 null application/json; charset=utf-8 2.6167ms
2026-05-21 16:16:38.222 +00:00 [INF] Request starting HTTP/1.1 OPTIONS http://localhost:8080/api/auth - null null
2026-05-21 16:16:38.222 +00:00 [INF] CORS policy execution successful.
2026-05-21 16:16:38.223 +00:00 [INF] Request finished HTTP/1.1 OPTIONS http://localhost:8080/api/auth - 204 null null 1.0675ms
2026-05-21 16:16:38.242 +00:00 [INF] Request starting HTTP/1.1 POST http://localhost:8080/api/auth - application/json 57
2026-05-21 16:16:38.247 +00:00 [INF] CORS policy execution successful.
2026-05-21 16:16:38.248 +00:00 [INF] Token validated successfully for user: lengyelnorbi
2026-05-21 16:16:38.248 +00:00 [INF] Device fingerprint headers - UA: Mozilla/5.0 (Windows NT 10.0; Win64; x64; rv:151.0) Gecko/20100101 Firefox/151.0, Accept: */*, Encoding: gzip, deflate, br, zstd
2026-05-21 16:16:38.249 +00:00 [INF] Device fingerprint validation: Stored=/a2uf4z8rcBIhIr7KGbd6aahMr80Bhj+9uyLiYNZ66A=, Current=/a2uf4z8rcBIhIr7KGbd6aahMr80Bhj+9uyLiYNZ66A=
2026-05-21 16:16:38.249 +00:00 [INF] Executing endpoint 'API.Controllers.AuthController.Authenticate (API)'
2026-05-21 16:16:38.249 +00:00 [INF] Route matched with {action = "Authenticate", controller = "Auth"}. Executing controller action with signature System.Threading.Tasks.Task`1[Microsoft.AspNetCore.Mvc.IActionResult] Authenticate(API.Models.LoginRequest) on controller API.Controllers.AuthController (API).
2026-05-21 16:16:38.250 +00:00 [INF] Authentication attempt for email: lengyelnorbi5@gmail.com
2026-05-21 16:16:38.250 +00:00 [INF] Fetching user by email from database...
2026-05-21 16:16:38.252 +00:00 [INF] Executed DbCommand (1ms) [Parameters=[@__email_0='?'], CommandType='"Text"', CommandTimeout='30']
SELECT u."ID", u."Email", u."PasswordHash", u."RegisteredAt", u."Role", u."Username"
FROM "Users" AS u
WHERE u."Email" = @__email_0
LIMIT 1
2026-05-21 16:16:38.253 +00:00 [INF] Mozilla/5.0 (Windows NT 10.0; Win64; x64; rv:151.0) Gecko/20100101 Firefox/151.0
2026-05-21 16:16:38.253 +00:00 [INF] Fetching user by email from database...
2026-05-21 16:16:38.255 +00:00 [INF] Executed DbCommand (2ms) [Parameters=[@__email_0='?'], CommandType='"Text"', CommandTimeout='30']
SELECT u."ID", u."Email", u."PasswordHash", u."RegisteredAt", u."Role", u."Username"
FROM "Users" AS u
WHERE u."Email" = @__email_0
LIMIT 1
2026-05-21 16:16:38.449 +00:00 [INF] Password verification completed: Valid
2026-05-21 16:16:38.454 +00:00 [INF] Executed DbCommand (3ms) [Parameters=[@p0='?' (DbType = DateTime), @p1='?', @p2='?' (DbType = DateTime), @p3='?', @p4='?' (DbType = Int32), @p5='?'], CommandType='"Text"', CommandTimeout='30']
INSERT INTO "AccessTokens" ("CreatedAt", "DeviceFingerprint", "ExpiresAt", "IpAddress", "UserID", jti)
VALUES (@p0, @p1, @p2, @p3, @p4, @p5)
RETURNING "ID", "IsRevoked";
2026-05-21 16:16:38.461 +00:00 [INF] Executed DbCommand (3ms) [Parameters=[@p0='?' (DbType = DateTime), @p1='?', @p2='?' (DbType = DateTime), @p3='?', @p4='?', @p5='?' (DbType = Int32)], CommandType='"Text"', CommandTimeout='30']
INSERT INTO "RefreshTokens" ("CreatedAt", "DeviceFingerprint", "ExpiresAt", "IpAddress", "TokenHash", "UserID")
VALUES (@p0, @p1, @p2, @p3, @p4, @p5)
RETURNING "ID", "IsRevoked";
2026-05-21 16:16:38.461 +00:00 [INF] Executing OkObjectResult, writing value of type '<>f__AnonymousType1`3[[System.Boolean, System.Private.CoreLib, Version=9.0.0.0, Culture=neutral, PublicKeyToken=7cec85d7bea7798e],[System.Int32, System.Private.CoreLib, Version=9.0.0.0, Culture=neutral, PublicKeyToken=7cec85d7bea7798e],[<>f__AnonymousType2`4[[System.Int32, System.Private.CoreLib, Version=9.0.0.0, Culture=neutral, PublicKeyToken=7cec85d7bea7798e],[System.String, System.Private.CoreLib, Version=9.0.0.0, Culture=neutral, PublicKeyToken=7cec85d7bea7798e],[System.String, System.Private.CoreLib, Version=9.0.0.0, Culture=neutral, PublicKeyToken=7cec85d7bea7798e],[System.String, System.Private.CoreLib, Version=9.0.0.0, Culture=neutral, PublicKeyToken=7cec85d7bea7798e]], API, Version=1.0.0.0, Culture=neutral, PublicKeyToken=null]]'.
2026-05-21 16:16:38.461 +00:00 [INF] Executed action API.Controllers.AuthController.Authenticate (API) in 212.0354ms
2026-05-21 16:16:38.462 +00:00 [INF] Executed endpoint 'API.Controllers.AuthController.Authenticate (API)'
2026-05-21 16:16:38.462 +00:00 [INF] Request finished HTTP/1.1 POST http://localhost:8080/api/auth - 200 null application/json; charset=utf-8 219.7389ms
2026-05-21 16:16:38.516 +00:00 [INF] Request starting HTTP/1.1 GET http://localhost:8080/api/music - null null
2026-05-21 16:16:38.516 +00:00 [INF] Request starting HTTP/1.1 GET http://localhost:8080/api/music - null null
2026-05-21 16:16:38.517 +00:00 [INF] CORS policy execution successful.
2026-05-21 16:16:38.517 +00:00 [INF] CORS policy execution successful.
2026-05-21 16:16:38.517 +00:00 [INF] Token validated successfully for user: lengyelnorbi
2026-05-21 16:16:38.518 +00:00 [INF] Token validated successfully for user: lengyelnorbi
2026-05-21 16:16:38.518 +00:00 [INF] Device fingerprint headers - UA: Mozilla/5.0 (Windows NT 10.0; Win64; x64; rv:151.0) Gecko/20100101 Firefox/151.0, Accept: application/json, text/plain, */*, Encoding: gzip, deflate, br, zstd
2026-05-21 16:16:38.518 +00:00 [INF] Device fingerprint headers - UA: Mozilla/5.0 (Windows NT 10.0; Win64; x64; rv:151.0) Gecko/20100101 Firefox/151.0, Accept: application/json, text/plain, */*, Encoding: gzip, deflate, br, zstd
2026-05-21 16:16:38.518 +00:00 [INF] Device fingerprint validation: Stored=/a2uf4z8rcBIhIr7KGbd6aahMr80Bhj+9uyLiYNZ66A=, Current=/a2uf4z8rcBIhIr7KGbd6aahMr80Bhj+9uyLiYNZ66A=
2026-05-21 16:16:38.518 +00:00 [INF] Device fingerprint validation: Stored=/a2uf4z8rcBIhIr7KGbd6aahMr80Bhj+9uyLiYNZ66A=, Current=/a2uf4z8rcBIhIr7KGbd6aahMr80Bhj+9uyLiYNZ66A=
2026-05-21 16:16:38.519 +00:00 [INF] Executing endpoint 'API.Controllers.MusicController.Get (API)'
2026-05-21 16:16:38.519 +00:00 [INF] Executing endpoint 'API.Controllers.MusicController.Get (API)'
2026-05-21 16:16:38.519 +00:00 [INF] Route matched with {action = "Get", controller = "Music"}. Executing controller action with signature System.Threading.Tasks.Task`1[System.Collections.Generic.IEnumerable`1[API.Models.Music]] Get() on controller API.Controllers.MusicController (API).
2026-05-21 16:16:38.519 +00:00 [INF] Route matched with {action = "Get", controller = "Music"}. Executing controller action with signature System.Threading.Tasks.Task`1[System.Collections.Generic.IEnumerable`1[API.Models.Music]] Get() on controller API.Controllers.MusicController (API).
2026-05-21 16:16:38.520 +00:00 [INF] Fetching music data from database...
2026-05-21 16:16:38.520 +00:00 [INF] Fetching music data from database...
2026-05-21 16:16:38.522 +00:00 [INF] Executed DbCommand (1ms) [Parameters=[], CommandType='"Text"', CommandTimeout='30']
SELECT m."ID", m."AddedAt", m."File_id", m."Title"
FROM "Musics" AS m
2026-05-21 16:16:38.522 +00:00 [INF] Executed DbCommand (1ms) [Parameters=[], CommandType='"Text"', CommandTimeout='30']
SELECT m."ID", m."AddedAt", m."File_id", m."Title"
FROM "Musics" AS m
2026-05-21 16:16:38.523 +00:00 [INF] Fetched 2 music records.
2026-05-21 16:16:38.523 +00:00 [INF] Fetched 2 music records.
2026-05-21 16:16:38.523 +00:00 [INF] Executing ObjectResult, writing value of type 'System.Collections.Generic.List`1[[API.Models.Music, API, Version=1.0.0.0, Culture=neutral, PublicKeyToken=null]]'.
2026-05-21 16:16:38.523 +00:00 [INF] Executing ObjectResult, writing value of type 'System.Collections.Generic.List`1[[API.Models.Music, API, Version=1.0.0.0, Culture=neutral, PublicKeyToken=null]]'.
2026-05-21 16:16:38.523 +00:00 [INF] Executed action API.Controllers.MusicController.Get (API) in 3.5947ms
2026-05-21 16:16:38.523 +00:00 [INF] Executed action API.Controllers.MusicController.Get (API) in 3.753ms
2026-05-21 16:16:38.524 +00:00 [INF] Executed endpoint 'API.Controllers.MusicController.Get (API)'
2026-05-21 16:16:38.524 +00:00 [INF] Executed endpoint 'API.Controllers.MusicController.Get (API)'
2026-05-21 16:16:38.524 +00:00 [INF] Request finished HTTP/1.1 GET http://localhost:8080/api/music - 200 null application/json; charset=utf-8 7.5823ms
2026-05-21 16:16:38.524 +00:00 [INF] Request finished HTTP/1.1 GET http://localhost:8080/api/music - 200 null application/json; charset=utf-8 7.8035ms
2026-05-21 16:16:40.936 +00:00 [INF] Request starting HTTP/1.1 GET http://localhost:8080/api/music - null 0
2026-05-21 16:16:40.936 +00:00 [INF] Request starting HTTP/1.1 GET http://localhost:8080/api/music - null 0
2026-05-21 16:16:40.936 +00:00 [INF] Authorization failed. These requirements were not met:
DenyAnonymousAuthorizationRequirement: Requires an authenticated user.
2026-05-21 16:16:40.936 +00:00 [INF] Authorization failed. These requirements were not met:
DenyAnonymousAuthorizationRequirement: Requires an authenticated user.
2026-05-21 16:16:40.937 +00:00 [INF] AuthenticationScheme: Bearer was challenged.
2026-05-21 16:16:40.937 +00:00 [INF] AuthenticationScheme: Bearer was challenged.
2026-05-21 16:16:40.937 +00:00 [INF] Request finished HTTP/1.1 GET http://localhost:8080/api/music - 401 0 null 1.281ms
2026-05-21 16:16:40.937 +00:00 [INF] Request finished HTTP/1.1 GET http://localhost:8080/api/music - 401 0 null 1.5691ms
2026-05-21 16:16:41.390 +00:00 [INF] Request starting HTTP/1.1 GET http://localhost:8080/api/music - null null
2026-05-21 16:16:41.390 +00:00 [INF] CORS policy execution successful.
2026-05-21 16:16:41.391 +00:00 [INF] Request starting HTTP/1.1 GET http://localhost:8080/api/music - null null
2026-05-21 16:16:41.391 +00:00 [INF] Token validated successfully for user: lengyelnorbi
2026-05-21 16:16:41.391 +00:00 [INF] CORS policy execution successful.
2026-05-21 16:16:41.391 +00:00 [INF] Device fingerprint headers - UA: Mozilla/5.0 (Windows NT 10.0; Win64; x64; rv:151.0) Gecko/20100101 Firefox/151.0, Accept: application/json, text/plain, */*, Encoding: gzip, deflate, br, zstd
2026-05-21 16:16:41.392 +00:00 [INF] Device fingerprint validation: Stored=/a2uf4z8rcBIhIr7KGbd6aahMr80Bhj+9uyLiYNZ66A=, Current=/a2uf4z8rcBIhIr7KGbd6aahMr80Bhj+9uyLiYNZ66A=
2026-05-21 16:16:41.392 +00:00 [INF] Token validated successfully for user: lengyelnorbi
2026-05-21 16:16:41.392 +00:00 [INF] Executing endpoint 'API.Controllers.MusicController.Get (API)'
2026-05-21 16:16:41.392 +00:00 [INF] Device fingerprint headers - UA: Mozilla/5.0 (Windows NT 10.0; Win64; x64; rv:151.0) Gecko/20100101 Firefox/151.0, Accept: application/json, text/plain, */*, Encoding: gzip, deflate, br, zstd
2026-05-21 16:16:41.392 +00:00 [INF] Route matched with {action = "Get", controller = "Music"}. Executing controller action with signature System.Threading.Tasks.Task`1[System.Collections.Generic.IEnumerable`1[API.Models.Music]] Get() on controller API.Controllers.MusicController (API).
2026-05-21 16:16:41.393 +00:00 [INF] Device fingerprint validation: Stored=/a2uf4z8rcBIhIr7KGbd6aahMr80Bhj+9uyLiYNZ66A=, Current=/a2uf4z8rcBIhIr7KGbd6aahMr80Bhj+9uyLiYNZ66A=
2026-05-21 16:16:41.393 +00:00 [INF] Executing endpoint 'API.Controllers.MusicController.Get (API)'
2026-05-21 16:16:41.393 +00:00 [INF] Fetching music data from database...
2026-05-21 16:16:41.393 +00:00 [INF] Route matched with {action = "Get", controller = "Music"}. Executing controller action with signature System.Threading.Tasks.Task`1[System.Collections.Generic.IEnumerable`1[API.Models.Music]] Get() on controller API.Controllers.MusicController (API).
2026-05-21 16:16:41.394 +00:00 [INF] Fetching music data from database...
2026-05-21 16:16:41.395 +00:00 [INF] Executed DbCommand (1ms) [Parameters=[], CommandType='"Text"', CommandTimeout='30']
SELECT m."ID", m."AddedAt", m."File_id", m."Title"
FROM "Musics" AS m
2026-05-21 16:16:41.395 +00:00 [INF] Executed DbCommand (1ms) [Parameters=[], CommandType='"Text"', CommandTimeout='30']
SELECT m."ID", m."AddedAt", m."File_id", m."Title"
FROM "Musics" AS m
2026-05-21 16:16:41.395 +00:00 [INF] Fetched 2 music records.
2026-05-21 16:16:41.396 +00:00 [INF] Fetched 2 music records.
2026-05-21 16:16:41.396 +00:00 [INF] Executing ObjectResult, writing value of type 'System.Collections.Generic.List`1[[API.Models.Music, API, Version=1.0.0.0, Culture=neutral, PublicKeyToken=null]]'.
2026-05-21 16:16:41.396 +00:00 [INF] Executing ObjectResult, writing value of type 'System.Collections.Generic.List`1[[API.Models.Music, API, Version=1.0.0.0, Culture=neutral, PublicKeyToken=null]]'.
2026-05-21 16:16:41.396 +00:00 [INF] Executed action API.Controllers.MusicController.Get (API) in 2.7199ms
2026-05-21 16:16:41.396 +00:00 [INF] Executed action API.Controllers.MusicController.Get (API) in 3.548ms
2026-05-21 16:16:41.396 +00:00 [INF] Executed endpoint 'API.Controllers.MusicController.Get (API)'
2026-05-21 16:16:41.397 +00:00 [INF] Executed endpoint 'API.Controllers.MusicController.Get (API)'
2026-05-21 16:16:41.397 +00:00 [INF] Request finished HTTP/1.1 GET http://localhost:8080/api/music - 200 null application/json; charset=utf-8 6.2476ms
2026-05-21 16:16:41.397 +00:00 [INF] Request finished HTTP/1.1 GET http://localhost:8080/api/music - 200 null application/json; charset=utf-8 7.2598ms
2026-05-21 16:16:49.590 +00:00 [INF] Request starting HTTP/1.1 GET http://localhost:8080/api/music - null 0
2026-05-21 16:16:49.590 +00:00 [INF] Request starting HTTP/1.1 GET http://localhost:8080/api/music - null 0
2026-05-21 16:16:49.592 +00:00 [INF] Authorization failed. These requirements were not met:
DenyAnonymousAuthorizationRequirement: Requires an authenticated user.
2026-05-21 16:16:49.592 +00:00 [INF] Authorization failed. These requirements were not met:
DenyAnonymousAuthorizationRequirement: Requires an authenticated user.
2026-05-21 16:16:49.592 +00:00 [INF] AuthenticationScheme: Bearer was challenged.
2026-05-21 16:16:49.593 +00:00 [INF] AuthenticationScheme: Bearer was challenged.
2026-05-21 16:16:49.593 +00:00 [INF] Request finished HTTP/1.1 GET http://localhost:8080/api/music - 401 0 null 3.1467ms
2026-05-21 16:16:49.593 +00:00 [INF] Request finished HTTP/1.1 GET http://localhost:8080/api/music - 401 0 null 3.1199ms
2026-05-21 16:16:49.900 +00:00 [INF] Request starting HTTP/1.1 GET http://localhost:8080/api/music - null null
2026-05-21 16:16:49.900 +00:00 [INF] Request starting HTTP/1.1 GET http://localhost:8080/api/music - null null
2026-05-21 16:16:49.900 +00:00 [INF] CORS policy execution successful.
2026-05-21 16:16:49.901 +00:00 [INF] CORS policy execution successful.
2026-05-21 16:16:49.901 +00:00 [INF] Token validated successfully for user: lengyelnorbi
2026-05-21 16:16:49.901 +00:00 [INF] Token validated successfully for user: lengyelnorbi
2026-05-21 16:16:49.901 +00:00 [INF] Device fingerprint headers - UA: Mozilla/5.0 (Windows NT 10.0; Win64; x64; rv:151.0) Gecko/20100101 Firefox/151.0, Accept: application/json, text/plain, */*, Encoding: gzip, deflate, br, zstd
2026-05-21 16:16:49.902 +00:00 [INF] Device fingerprint headers - UA: Mozilla/5.0 (Windows NT 10.0; Win64; x64; rv:151.0) Gecko/20100101 Firefox/151.0, Accept: application/json, text/plain, */*, Encoding: gzip, deflate, br, zstd
2026-05-21 16:16:49.902 +00:00 [INF] Device fingerprint validation: Stored=/a2uf4z8rcBIhIr7KGbd6aahMr80Bhj+9uyLiYNZ66A=, Current=/a2uf4z8rcBIhIr7KGbd6aahMr80Bhj+9uyLiYNZ66A=
2026-05-21 16:16:49.902 +00:00 [INF] Device fingerprint validation: Stored=/a2uf4z8rcBIhIr7KGbd6aahMr80Bhj+9uyLiYNZ66A=, Current=/a2uf4z8rcBIhIr7KGbd6aahMr80Bhj+9uyLiYNZ66A=
2026-05-21 16:16:49.902 +00:00 [INF] Executing endpoint 'API.Controllers.MusicController.Get (API)'
2026-05-21 16:16:49.902 +00:00 [INF] Executing endpoint 'API.Controllers.MusicController.Get (API)'
2026-05-21 16:16:49.903 +00:00 [INF] Route matched with {action = "Get", controller = "Music"}. Executing controller action with signature System.Threading.Tasks.Task`1[System.Collections.Generic.IEnumerable`1[API.Models.Music]] Get() on controller API.Controllers.MusicController (API).
2026-05-21 16:16:49.903 +00:00 [INF] Route matched with {action = "Get", controller = "Music"}. Executing controller action with signature System.Threading.Tasks.Task`1[System.Collections.Generic.IEnumerable`1[API.Models.Music]] Get() on controller API.Controllers.MusicController (API).
2026-05-21 16:16:49.903 +00:00 [INF] Fetching music data from database...
2026-05-21 16:16:49.903 +00:00 [INF] Fetching music data from database...
2026-05-21 16:16:49.905 +00:00 [INF] Executed DbCommand (1ms) [Parameters=[], CommandType='"Text"', CommandTimeout='30']
SELECT m."ID", m."AddedAt", m."File_id", m."Title"
FROM "Musics" AS m
2026-05-21 16:16:49.905 +00:00 [INF] Executed DbCommand (1ms) [Parameters=[], CommandType='"Text"', CommandTimeout='30']
SELECT m."ID", m."AddedAt", m."File_id", m."Title"
FROM "Musics" AS m
2026-05-21 16:16:49.906 +00:00 [INF] Fetched 2 music records.
2026-05-21 16:16:49.906 +00:00 [INF] Fetched 2 music records.
2026-05-21 16:16:49.906 +00:00 [INF] Executing ObjectResult, writing value of type 'System.Collections.Generic.List`1[[API.Models.Music, API, Version=1.0.0.0, Culture=neutral, PublicKeyToken=null]]'.
2026-05-21 16:16:49.906 +00:00 [INF] Executing ObjectResult, writing value of type 'System.Collections.Generic.List`1[[API.Models.Music, API, Version=1.0.0.0, Culture=neutral, PublicKeyToken=null]]'.
2026-05-21 16:16:49.907 +00:00 [INF] Executed action API.Controllers.MusicController.Get (API) in 3.2151ms
2026-05-21 16:16:49.907 +00:00 [INF] Executed action API.Controllers.MusicController.Get (API) in 3.7285ms
2026-05-21 16:16:49.907 +00:00 [INF] Executed endpoint 'API.Controllers.MusicController.Get (API)'
2026-05-21 16:16:49.907 +00:00 [INF] Executed endpoint 'API.Controllers.MusicController.Get (API)'
2026-05-21 16:16:49.907 +00:00 [INF] Request finished HTTP/1.1 GET http://localhost:8080/api/music - 200 null application/json; charset=utf-8 7.1316ms
2026-05-21 16:16:49.907 +00:00 [INF] Request finished HTTP/1.1 GET http://localhost:8080/api/music - 200 null application/json; charset=utf-8 7.3228ms
2026-05-21 16:41:17.253 +00:00 [INF] Request starting HTTP/1.1 GET http://localhost:8080/api/music - null 0
2026-05-21 16:41:17.253 +00:00 [INF] Request starting HTTP/1.1 GET http://localhost:8080/api/music - null 0
2026-05-21 16:41:17.254 +00:00 [INF] Authorization failed. These requirements were not met:
DenyAnonymousAuthorizationRequirement: Requires an authenticated user.
2026-05-21 16:41:17.254 +00:00 [INF] Authorization failed. These requirements were not met:
DenyAnonymousAuthorizationRequirement: Requires an authenticated user.
2026-05-21 16:41:17.254 +00:00 [INF] AuthenticationScheme: Bearer was challenged.
2026-05-21 16:41:17.254 +00:00 [INF] AuthenticationScheme: Bearer was challenged.
2026-05-21 16:41:17.254 +00:00 [INF] Request finished HTTP/1.1 GET http://localhost:8080/api/music - 401 0 null 1.6677ms
2026-05-21 16:41:17.254 +00:00 [INF] Request finished HTTP/1.1 GET http://localhost:8080/api/music - 401 0 null 1.817ms
2026-05-21 16:41:17.619 +00:00 [INF] Request starting HTTP/1.1 GET http://localhost:8080/api/music - null null
2026-05-21 16:41:17.619 +00:00 [INF] Request starting HTTP/1.1 GET http://localhost:8080/api/music - null null
2026-05-21 16:41:17.620 +00:00 [INF] CORS policy execution successful.
2026-05-21 16:41:17.620 +00:00 [INF] CORS policy execution successful.
2026-05-21 16:41:17.620 +00:00 [INF] Authorization failed. These requirements were not met:
DenyAnonymousAuthorizationRequirement: Requires an authenticated user.
2026-05-21 16:41:17.620 +00:00 [INF] Authorization failed. These requirements were not met:
DenyAnonymousAuthorizationRequirement: Requires an authenticated user.
2026-05-21 16:41:17.621 +00:00 [INF] AuthenticationScheme: Bearer was challenged.
2026-05-21 16:41:17.621 +00:00 [INF] AuthenticationScheme: Bearer was challenged.
2026-05-21 16:41:17.621 +00:00 [INF] Request finished HTTP/1.1 GET http://localhost:8080/api/music - 401 0 null 1.5848ms
2026-05-21 16:41:17.621 +00:00 [INF] Request finished HTTP/1.1 GET http://localhost:8080/api/music - 401 0 null 1.9479ms
2026-05-21 16:41:17.699 +00:00 [INF] Request starting HTTP/1.1 POST http://localhost:8080/api/auth/logout - null 0
2026-05-21 16:41:17.699 +00:00 [INF] Request starting HTTP/1.1 POST http://localhost:8080/api/auth/logout - null 0
2026-05-21 16:41:17.700 +00:00 [INF] CORS policy execution successful.
2026-05-21 16:41:17.700 +00:00 [INF] CORS policy execution successful.
2026-05-21 16:41:17.700 +00:00 [INF] Executing endpoint 'API.Controllers.AuthController.Logout (API)'
2026-05-21 16:41:17.701 +00:00 [INF] Executing endpoint 'API.Controllers.AuthController.Logout (API)'
2026-05-21 16:41:17.701 +00:00 [INF] Route matched with {action = "Logout", controller = "Auth"}. Executing controller action with signature System.Threading.Tasks.Task`1[Microsoft.AspNetCore.Mvc.IActionResult] Logout() on controller API.Controllers.AuthController (API).
2026-05-21 16:41:17.701 +00:00 [INF] Route matched with {action = "Logout", controller = "Auth"}. Executing controller action with signature System.Threading.Tasks.Task`1[Microsoft.AspNetCore.Mvc.IActionResult] Logout() on controller API.Controllers.AuthController (API).
2026-05-21 16:41:17.702 +00:00 [WRN] Refresh token missing from cookies
2026-05-21 16:41:17.702 +00:00 [WRN] Refresh token missing from cookies
2026-05-21 16:41:17.702 +00:00 [INF] Executing UnauthorizedObjectResult, writing value of type '<>f__AnonymousType0`1[[System.String, System.Private.CoreLib, Version=9.0.0.0, Culture=neutral, PublicKeyToken=7cec85d7bea7798e]]'.
2026-05-21 16:41:17.702 +00:00 [INF] Executing UnauthorizedObjectResult, writing value of type '<>f__AnonymousType0`1[[System.String, System.Private.CoreLib, Version=9.0.0.0, Culture=neutral, PublicKeyToken=7cec85d7bea7798e]]'.
2026-05-21 16:41:17.702 +00:00 [INF] Executed action API.Controllers.AuthController.Logout (API) in 0.926ms
2026-05-21 16:41:17.702 +00:00 [INF] Executed action API.Controllers.AuthController.Logout (API) in 1.1153ms
2026-05-21 16:41:17.703 +00:00 [INF] Executed endpoint 'API.Controllers.AuthController.Logout (API)'
2026-05-21 16:41:17.703 +00:00 [INF] Executed endpoint 'API.Controllers.AuthController.Logout (API)'
2026-05-21 16:41:17.703 +00:00 [INF] Request finished HTTP/1.1 POST http://localhost:8080/api/auth/logout - 401 null application/json; charset=utf-8 3.601ms
2026-05-21 16:41:17.703 +00:00 [INF] Request finished HTTP/1.1 POST http://localhost:8080/api/auth/logout - 401 null application/json; charset=utf-8 3.7526ms
2026-05-21 17:01:35.633 +00:00 [INF] Request starting HTTP/1.1 OPTIONS http://localhost:8080/api/auth - null null
2026-05-21 17:01:35.634 +00:00 [INF] CORS policy execution successful.
2026-05-21 17:01:35.635 +00:00 [INF] Request finished HTTP/1.1 OPTIONS http://localhost:8080/api/auth - 204 null null 2.494ms
2026-05-21 17:01:35.646 +00:00 [INF] Request starting HTTP/1.1 POST http://localhost:8080/api/auth - application/json 57
2026-05-21 17:01:35.647 +00:00 [INF] CORS policy execution successful.
2026-05-21 17:01:35.647 +00:00 [INF] Executing endpoint 'API.Controllers.AuthController.Authenticate (API)'
2026-05-21 17:01:35.648 +00:00 [INF] Route matched with {action = "Authenticate", controller = "Auth"}. Executing controller action with signature System.Threading.Tasks.Task`1[Microsoft.AspNetCore.Mvc.IActionResult] Authenticate(API.Models.LoginRequest) on controller API.Controllers.AuthController (API).
2026-05-21 17:01:35.652 +00:00 [INF] Authentication attempt for email: lengyelnorbi5@gmail.com
2026-05-21 17:01:35.652 +00:00 [INF] Fetching user by email from database...
2026-05-21 17:01:35.683 +00:00 [INF] Executed DbCommand (5ms) [Parameters=[@__email_0='?'], CommandType='"Text"', CommandTimeout='30']
SELECT u."ID", u."Email", u."PasswordHash", u."RegisteredAt", u."Role", u."Username"
FROM "Users" AS u
WHERE u."Email" = @__email_0
LIMIT 1
2026-05-21 17:01:35.686 +00:00 [INF] Mozilla/5.0 (Windows NT 10.0; Win64; x64; rv:151.0) Gecko/20100101 Firefox/151.0
2026-05-21 17:01:35.687 +00:00 [INF] Fetching user by email from database...
2026-05-21 17:01:35.690 +00:00 [INF] Executed DbCommand (2ms) [Parameters=[@__email_0='?'], CommandType='"Text"', CommandTimeout='30']
SELECT u."ID", u."Email", u."PasswordHash", u."RegisteredAt", u."Role", u."Username"
FROM "Users" AS u
WHERE u."Email" = @__email_0
LIMIT 1
2026-05-21 17:01:35.886 +00:00 [INF] Password verification completed: Valid
2026-05-21 17:01:35.899 +00:00 [INF] Executed DbCommand (6ms) [Parameters=[@p0='?' (DbType = DateTime), @p1='?', @p2='?' (DbType = DateTime), @p3='?', @p4='?' (DbType = Int32), @p5='?'], CommandType='"Text"', CommandTimeout='30']
INSERT INTO "AccessTokens" ("CreatedAt", "DeviceFingerprint", "ExpiresAt", "IpAddress", "UserID", jti)
VALUES (@p0, @p1, @p2, @p3, @p4, @p5)
RETURNING "ID", "IsRevoked";
2026-05-21 17:01:35.905 +00:00 [INF] Executed DbCommand (3ms) [Parameters=[@p0='?' (DbType = DateTime), @p1='?', @p2='?' (DbType = DateTime), @p3='?', @p4='?', @p5='?' (DbType = Int32)], CommandType='"Text"', CommandTimeout='30']
INSERT INTO "RefreshTokens" ("CreatedAt", "DeviceFingerprint", "ExpiresAt", "IpAddress", "TokenHash", "UserID")
VALUES (@p0, @p1, @p2, @p3, @p4, @p5)
RETURNING "ID", "IsRevoked";
2026-05-21 17:01:35.906 +00:00 [INF] Executing OkObjectResult, writing value of type '<>f__AnonymousType1`3[[System.Boolean, System.Private.CoreLib, Version=9.0.0.0, Culture=neutral, PublicKeyToken=7cec85d7bea7798e],[System.Int32, System.Private.CoreLib, Version=9.0.0.0, Culture=neutral, PublicKeyToken=7cec85d7bea7798e],[<>f__AnonymousType2`4[[System.Int32, System.Private.CoreLib, Version=9.0.0.0, Culture=neutral, PublicKeyToken=7cec85d7bea7798e],[System.String, System.Private.CoreLib, Version=9.0.0.0, Culture=neutral, PublicKeyToken=7cec85d7bea7798e],[System.String, System.Private.CoreLib, Version=9.0.0.0, Culture=neutral, PublicKeyToken=7cec85d7bea7798e],[System.String, System.Private.CoreLib, Version=9.0.0.0, Culture=neutral, PublicKeyToken=7cec85d7bea7798e]], API, Version=1.0.0.0, Culture=neutral, PublicKeyToken=null]]'.
2026-05-21 17:01:35.907 +00:00 [INF] Executed action API.Controllers.AuthController.Authenticate (API) in 258.8988ms
2026-05-21 17:01:35.907 +00:00 [INF] Executed endpoint 'API.Controllers.AuthController.Authenticate (API)'
2026-05-21 17:01:35.907 +00:00 [INF] Request finished HTTP/1.1 POST http://localhost:8080/api/auth - 200 null application/json; charset=utf-8 261.2362ms
2026-05-21 17:01:35.953 +00:00 [INF] Request starting HTTP/1.1 GET http://localhost:8080/api/music - null null
2026-05-21 17:01:35.953 +00:00 [INF] CORS policy execution successful.
2026-05-21 17:01:35.955 +00:00 [INF] Token validated successfully for user: lengyelnorbi
2026-05-21 17:01:35.955 +00:00 [INF] Device fingerprint headers - UA: Mozilla/5.0 (Windows NT 10.0; Win64; x64; rv:151.0) Gecko/20100101 Firefox/151.0, Accept: application/json, text/plain, */*, Encoding: gzip, deflate, br, zstd
2026-05-21 17:01:35.956 +00:00 [INF] Device fingerprint validation: Stored=/a2uf4z8rcBIhIr7KGbd6aahMr80Bhj+9uyLiYNZ66A=, Current=/a2uf4z8rcBIhIr7KGbd6aahMr80Bhj+9uyLiYNZ66A=
2026-05-21 17:01:35.956 +00:00 [INF] Executing endpoint 'API.Controllers.MusicController.Get (API)'
2026-05-21 17:01:35.956 +00:00 [INF] Route matched with {action = "Get", controller = "Music"}. Executing controller action with signature System.Threading.Tasks.Task`1[System.Collections.Generic.IEnumerable`1[API.Models.Music]] Get() on controller API.Controllers.MusicController (API).
2026-05-21 17:01:35.957 +00:00 [INF] Fetching music data from database...
2026-05-21 17:01:35.959 +00:00 [INF] Request starting HTTP/1.1 GET http://localhost:8080/api/music - null null
2026-05-21 17:01:35.959 +00:00 [INF] CORS policy execution successful.
2026-05-21 17:01:35.960 +00:00 [INF] Token validated successfully for user: lengyelnorbi
2026-05-21 17:01:35.960 +00:00 [INF] Executed DbCommand (2ms) [Parameters=[], CommandType='"Text"', CommandTimeout='30']
SELECT m."ID", m."AddedAt", m."File_id", m."Title"
FROM "Musics" AS m
2026-05-21 17:01:35.960 +00:00 [INF] Device fingerprint headers - UA: Mozilla/5.0 (Windows NT 10.0; Win64; x64; rv:151.0) Gecko/20100101 Firefox/151.0, Accept: application/json, text/plain, */*, Encoding: gzip, deflate, br, zstd
2026-05-21 17:01:35.960 +00:00 [INF] Device fingerprint validation: Stored=/a2uf4z8rcBIhIr7KGbd6aahMr80Bhj+9uyLiYNZ66A=, Current=/a2uf4z8rcBIhIr7KGbd6aahMr80Bhj+9uyLiYNZ66A=
2026-05-21 17:01:35.961 +00:00 [INF] Fetched 2 music records.
2026-05-21 17:01:35.961 +00:00 [INF] Executing endpoint 'API.Controllers.MusicController.Get (API)'
2026-05-21 17:01:35.961 +00:00 [INF] Executing ObjectResult, writing value of type 'System.Collections.Generic.List`1[[API.Models.Music, API, Version=1.0.0.0, Culture=neutral, PublicKeyToken=null]]'.
2026-05-21 17:01:35.961 +00:00 [INF] Route matched with {action = "Get", controller = "Music"}. Executing controller action with signature System.Threading.Tasks.Task`1[System.Collections.Generic.IEnumerable`1[API.Models.Music]] Get() on controller API.Controllers.MusicController (API).
2026-05-21 17:01:35.962 +00:00 [INF] Fetching music data from database...
2026-05-21 17:01:35.962 +00:00 [INF] Executed action API.Controllers.MusicController.Get (API) in 5.4126ms
2026-05-21 17:01:35.962 +00:00 [INF] Executed endpoint 'API.Controllers.MusicController.Get (API)'
2026-05-21 17:01:35.962 +00:00 [INF] Request finished HTTP/1.1 GET http://localhost:8080/api/music - 200 null application/json; charset=utf-8 9.6309ms
2026-05-21 17:01:35.963 +00:00 [INF] Executed DbCommand (1ms) [Parameters=[], CommandType='"Text"', CommandTimeout='30']
SELECT m."ID", m."AddedAt", m."File_id", m."Title"
FROM "Musics" AS m
2026-05-21 17:01:35.964 +00:00 [INF] Fetched 2 music records.
2026-05-21 17:01:35.964 +00:00 [INF] Executing ObjectResult, writing value of type 'System.Collections.Generic.List`1[[API.Models.Music, API, Version=1.0.0.0, Culture=neutral, PublicKeyToken=null]]'.
2026-05-21 17:01:35.964 +00:00 [INF] Executed action API.Controllers.MusicController.Get (API) in 2.9404ms
2026-05-21 17:01:35.964 +00:00 [INF] Executed endpoint 'API.Controllers.MusicController.Get (API)'
2026-05-21 17:01:35.965 +00:00 [INF] Request finished HTTP/1.1 GET http://localhost:8080/api/music - 200 null application/json; charset=utf-8 5.781ms
2026-05-21 17:05:36.174 +00:00 [INF] Request starting HTTP/1.1 POST http://localhost:8080/api/auth/refresh - null 0
2026-05-21 17:05:36.175 +00:00 [INF] CORS policy execution successful.
2026-05-21 17:05:36.176 +00:00 [INF] Token validated successfully for user: lengyelnorbi
2026-05-21 17:05:36.176 +00:00 [INF] Device fingerprint headers - UA: Mozilla/5.0 (Windows NT 10.0; Win64; x64; rv:151.0) Gecko/20100101 Firefox/151.0, Accept: */*, Encoding: gzip, deflate, br, zstd
2026-05-21 17:05:36.177 +00:00 [INF] Device fingerprint validation: Stored=/a2uf4z8rcBIhIr7KGbd6aahMr80Bhj+9uyLiYNZ66A=, Current=/a2uf4z8rcBIhIr7KGbd6aahMr80Bhj+9uyLiYNZ66A=
2026-05-21 17:05:36.177 +00:00 [INF] Executing endpoint 'API.Controllers.AuthController.RefreshToken (API)'
2026-05-21 17:05:36.182 +00:00 [INF] Route matched with {action = "RefreshToken", controller = "Auth"}. Executing controller action with signature System.Threading.Tasks.Task`1[Microsoft.AspNetCore.Mvc.IActionResult] RefreshToken() on controller API.Controllers.AuthController (API).
2026-05-21 17:05:36.218 +00:00 [INF] Executed DbCommand (3ms) [Parameters=[@__tokenHash_0='?'], CommandType='"Text"', CommandTimeout='30']
SELECT r."ID", r."CreatedAt", r."DeviceFingerprint", r."ExpiresAt", r."IpAddress", r."IsRevoked", r."TokenHash", r."UserID"
FROM "RefreshTokens" AS r
WHERE r."TokenHash" = @__tokenHash_0 AND NOT (r."IsRevoked") AND r."ExpiresAt" > now()
ORDER BY r."CreatedAt" DESC
LIMIT 1
2026-05-21 17:05:36.222 +00:00 [INF] Mozilla/5.0 (Windows NT 10.0; Win64; x64; rv:151.0) Gecko/20100101 Firefox/151.0
2026-05-21 17:05:36.224 +00:00 [INF] Fetching user by ID from database...
2026-05-21 17:05:36.229 +00:00 [INF] Executed DbCommand (2ms) [Parameters=[@__id_0='?' (DbType = Int32)], CommandType='"Text"', CommandTimeout='30']
SELECT u."ID", u."Email", u."PasswordHash", u."RegisteredAt", u."Role", u."Username"
FROM "Users" AS u
WHERE u."ID" = @__id_0
LIMIT 1
2026-05-21 17:05:36.237 +00:00 [INF] Executed DbCommand (3ms) [Parameters=[@p0='?' (DbType = DateTime), @p1='?', @p2='?' (DbType = DateTime), @p3='?', @p4='?' (DbType = Int32), @p5='?'], CommandType='"Text"', CommandTimeout='30']
INSERT INTO "AccessTokens" ("CreatedAt", "DeviceFingerprint", "ExpiresAt", "IpAddress", "UserID", jti)
VALUES (@p0, @p1, @p2, @p3, @p4, @p5)
RETURNING "ID", "IsRevoked";
2026-05-21 17:05:36.246 +00:00 [INF] Executed DbCommand (2ms) [Parameters=[@__jti_0='?', @__userID_1='?' (DbType = Int32), @__deviceFingerprint_2='?', @__ipAddress_3='?'], CommandType='"Text"', CommandTimeout='30']
SELECT a."ID", a."CreatedAt", a."DeviceFingerprint", a."ExpiresAt", a."IpAddress", a."IsRevoked", a."UserID", a.jti
FROM "AccessTokens" AS a
WHERE a.jti = @__jti_0 AND NOT (a."IsRevoked") AND a."UserID" = @__userID_1 AND a."DeviceFingerprint" = @__deviceFingerprint_2 AND a."IpAddress" = @__ipAddress_3
2026-05-21 17:05:36.251 +00:00 [INF] Executed DbCommand (2ms) [Parameters=[@p0='?' (DbType = DateTime), @p1='?', @p2='?' (DbType = DateTime), @p3='?', @p4='?', @p5='?' (DbType = Int32)], CommandType='"Text"', CommandTimeout='30']
INSERT INTO "RefreshTokens" ("CreatedAt", "DeviceFingerprint", "ExpiresAt", "IpAddress", "TokenHash", "UserID")
VALUES (@p0, @p1, @p2, @p3, @p4, @p5)
RETURNING "ID", "IsRevoked";
2026-05-21 17:05:36.257 +00:00 [INF] Executed DbCommand (1ms) [Parameters=[@__tokenHash_0='?', @__userId_1='?' (DbType = Int32), @__deviceFingerprint_2='?', @__ipAddress_3='?'], CommandType='"Text"', CommandTimeout='30']
SELECT r."ID", r."CreatedAt", r."DeviceFingerprint", r."ExpiresAt", r."IpAddress", r."IsRevoked", r."TokenHash", r."UserID"
FROM "RefreshTokens" AS r
WHERE r."TokenHash" = @__tokenHash_0 AND NOT (r."IsRevoked") AND r."UserID" = @__userId_1 AND r."DeviceFingerprint" = @__deviceFingerprint_2 AND r."IpAddress" = @__ipAddress_3
2026-05-21 17:05:36.263 +00:00 [INF] Token refreshed successfully for user 1 at "2026-05-21T17:05:36.2632675Z"
2026-05-21 17:05:36.264 +00:00 [INF] Executing OkObjectResult, writing value of type '<>f__AnonymousType3`2[[System.Boolean, System.Private.CoreLib, Version=9.0.0.0, Culture=neutral, PublicKeyToken=7cec85d7bea7798e],[System.Int32, System.Private.CoreLib, Version=9.0.0.0, Culture=neutral, PublicKeyToken=7cec85d7bea7798e]]'.
2026-05-21 17:05:36.265 +00:00 [INF] Executed DbCommand (3ms) [Parameters=[@p1='?' (DbType = Int32), @p0='?' (DbType = Boolean)], CommandType='"Text"', CommandTimeout='30']
UPDATE "RefreshTokens" SET "IsRevoked" = @p0
WHERE "ID" = @p1;
2026-05-21 17:05:36.267 +00:00 [INF] Executed action API.Controllers.AuthController.RefreshToken (API) in 84.4451ms
2026-05-21 17:05:36.267 +00:00 [INF] Executed endpoint 'API.Controllers.AuthController.RefreshToken (API)'
2026-05-21 17:05:36.268 +00:00 [INF] Request finished HTTP/1.1 POST http://localhost:8080/api/auth/refresh - 200 null application/json; charset=utf-8 93.2515ms
2026-05-21 17:09:36.487 +00:00 [INF] Request starting HTTP/1.1 POST http://localhost:8080/api/auth/refresh - null 0
2026-05-21 17:09:36.487 +00:00 [INF] CORS policy execution successful.
2026-05-21 17:09:36.488 +00:00 [INF] Token validated successfully for user: lengyelnorbi
2026-05-21 17:09:36.488 +00:00 [INF] Device fingerprint headers - UA: Mozilla/5.0 (Windows NT 10.0; Win64; x64; rv:151.0) Gecko/20100101 Firefox/151.0, Accept: */*, Encoding: gzip, deflate, br, zstd
2026-05-21 17:09:36.489 +00:00 [INF] Device fingerprint validation: Stored=/a2uf4z8rcBIhIr7KGbd6aahMr80Bhj+9uyLiYNZ66A=, Current=/a2uf4z8rcBIhIr7KGbd6aahMr80Bhj+9uyLiYNZ66A=
2026-05-21 17:09:36.489 +00:00 [INF] Executing endpoint 'API.Controllers.AuthController.RefreshToken (API)'
2026-05-21 17:09:36.489 +00:00 [INF] Route matched with {action = "RefreshToken", controller = "Auth"}. Executing controller action with signature System.Threading.Tasks.Task`1[Microsoft.AspNetCore.Mvc.IActionResult] RefreshToken() on controller API.Controllers.AuthController (API).
2026-05-21 17:09:36.504 +00:00 [INF] Executed DbCommand (3ms) [Parameters=[@__tokenHash_0='?'], CommandType='"Text"', CommandTimeout='30']
SELECT r."ID", r."CreatedAt", r."DeviceFingerprint", r."ExpiresAt", r."IpAddress", r."IsRevoked", r."TokenHash", r."UserID"
FROM "RefreshTokens" AS r
WHERE r."TokenHash" = @__tokenHash_0 AND NOT (r."IsRevoked") AND r."ExpiresAt" > now()
ORDER BY r."CreatedAt" DESC
LIMIT 1
2026-05-21 17:09:36.504 +00:00 [INF] Mozilla/5.0 (Windows NT 10.0; Win64; x64; rv:151.0) Gecko/20100101 Firefox/151.0
2026-05-21 17:09:36.504 +00:00 [INF] Fetching user by ID from database...
2026-05-21 17:09:36.506 +00:00 [INF] Executed DbCommand (1ms) [Parameters=[@__id_0='?' (DbType = Int32)], CommandType='"Text"', CommandTimeout='30']
SELECT u."ID", u."Email", u."PasswordHash", u."RegisteredAt", u."Role", u."Username"
FROM "Users" AS u
WHERE u."ID" = @__id_0
LIMIT 1
2026-05-21 17:09:36.511 +00:00 [INF] Executed DbCommand (4ms) [Parameters=[@p0='?' (DbType = DateTime), @p1='?', @p2='?' (DbType = DateTime), @p3='?', @p4='?' (DbType = Int32), @p5='?'], CommandType='"Text"', CommandTimeout='30']
INSERT INTO "AccessTokens" ("CreatedAt", "DeviceFingerprint", "ExpiresAt", "IpAddress", "UserID", jti)
VALUES (@p0, @p1, @p2, @p3, @p4, @p5)
RETURNING "ID", "IsRevoked";
2026-05-21 17:09:36.513 +00:00 [INF] Executed DbCommand (1ms) [Parameters=[@__jti_0='?', @__userID_1='?' (DbType = Int32), @__deviceFingerprint_2='?', @__ipAddress_3='?'], CommandType='"Text"', CommandTimeout='30']
SELECT a."ID", a."CreatedAt", a."DeviceFingerprint", a."ExpiresAt", a."IpAddress", a."IsRevoked", a."UserID", a.jti
FROM "AccessTokens" AS a
WHERE a.jti = @__jti_0 AND NOT (a."IsRevoked") AND a."UserID" = @__userID_1 AND a."DeviceFingerprint" = @__deviceFingerprint_2 AND a."IpAddress" = @__ipAddress_3
2026-05-21 17:09:36.516 +00:00 [INF] Executed DbCommand (2ms) [Parameters=[@p0='?' (DbType = DateTime), @p1='?', @p2='?' (DbType = DateTime), @p3='?', @p4='?', @p5='?' (DbType = Int32)], CommandType='"Text"', CommandTimeout='30']
INSERT INTO "RefreshTokens" ("CreatedAt", "DeviceFingerprint", "ExpiresAt", "IpAddress", "TokenHash", "UserID")
VALUES (@p0, @p1, @p2, @p3, @p4, @p5)
RETURNING "ID", "IsRevoked";
2026-05-21 17:09:36.518 +00:00 [INF] Executed DbCommand (1ms) [Parameters=[@__tokenHash_0='?', @__userId_1='?' (DbType = Int32), @__deviceFingerprint_2='?', @__ipAddress_3='?'], CommandType='"Text"', CommandTimeout='30']
SELECT r."ID", r."CreatedAt", r."DeviceFingerprint", r."ExpiresAt", r."IpAddress", r."IsRevoked", r."TokenHash", r."UserID"
FROM "RefreshTokens" AS r
WHERE r."TokenHash" = @__tokenHash_0 AND NOT (r."IsRevoked") AND r."UserID" = @__userId_1 AND r."DeviceFingerprint" = @__deviceFingerprint_2 AND r."IpAddress" = @__ipAddress_3
2026-05-21 17:09:36.518 +00:00 [INF] Token refreshed successfully for user 1 at "2026-05-21T17:09:36.5188650Z"
2026-05-21 17:09:36.519 +00:00 [INF] Executing OkObjectResult, writing value of type '<>f__AnonymousType3`2[[System.Boolean, System.Private.CoreLib, Version=9.0.0.0, Culture=neutral, PublicKeyToken=7cec85d7bea7798e],[System.Int32, System.Private.CoreLib, Version=9.0.0.0, Culture=neutral, PublicKeyToken=7cec85d7bea7798e]]'.
2026-05-21 17:09:36.519 +00:00 [INF] Executed action API.Controllers.AuthController.RefreshToken (API) in 29.5125ms
2026-05-21 17:09:36.519 +00:00 [INF] Executed endpoint 'API.Controllers.AuthController.RefreshToken (API)'
2026-05-21 17:09:36.520 +00:00 [INF] Executed DbCommand (2ms) [Parameters=[@p1='?' (DbType = Int32), @p0='?' (DbType = Boolean)], CommandType='"Text"', CommandTimeout='30']
UPDATE "RefreshTokens" SET "IsRevoked" = @p0
WHERE "ID" = @p1;
2026-05-21 17:09:36.521 +00:00 [INF] Request finished HTTP/1.1 POST http://localhost:8080/api/auth/refresh - 200 null application/json; charset=utf-8 34.4065ms
2026-05-21 17:13:36.864 +00:00 [INF] Request starting HTTP/1.1 POST http://localhost:8080/api/auth/refresh - null 0
2026-05-21 17:13:36.864 +00:00 [INF] CORS policy execution successful.
2026-05-21 17:13:36.865 +00:00 [INF] Token validated successfully for user: lengyelnorbi
2026-05-21 17:13:36.865 +00:00 [INF] Device fingerprint headers - UA: Mozilla/5.0 (Windows NT 10.0; Win64; x64; rv:151.0) Gecko/20100101 Firefox/151.0, Accept: */*, Encoding: gzip, deflate, br, zstd
2026-05-21 17:13:36.865 +00:00 [INF] Device fingerprint validation: Stored=/a2uf4z8rcBIhIr7KGbd6aahMr80Bhj+9uyLiYNZ66A=, Current=/a2uf4z8rcBIhIr7KGbd6aahMr80Bhj+9uyLiYNZ66A=
2026-05-21 17:13:36.866 +00:00 [INF] Executing endpoint 'API.Controllers.AuthController.RefreshToken (API)'
2026-05-21 17:13:36.866 +00:00 [INF] Route matched with {action = "RefreshToken", controller = "Auth"}. Executing controller action with signature System.Threading.Tasks.Task`1[Microsoft.AspNetCore.Mvc.IActionResult] RefreshToken() on controller API.Controllers.AuthController (API).
2026-05-21 17:13:36.867 +00:00 [WRN] Refresh token missing from cookies
2026-05-21 17:13:36.867 +00:00 [INF] Executing UnauthorizedObjectResult, writing value of type '<>f__AnonymousType0`1[[System.String, System.Private.CoreLib, Version=9.0.0.0, Culture=neutral, PublicKeyToken=7cec85d7bea7798e]]'.
2026-05-21 17:13:36.867 +00:00 [INF] Executed action API.Controllers.AuthController.RefreshToken (API) in 1.0469ms
2026-05-21 17:13:36.868 +00:00 [INF] Executed endpoint 'API.Controllers.AuthController.RefreshToken (API)'
2026-05-21 17:13:36.868 +00:00 [INF] Request finished HTTP/1.1 POST http://localhost:8080/api/auth/refresh - 401 null application/json; charset=utf-8 4.1312ms
2026-05-21 17:13:36.874 +00:00 [INF] Request starting HTTP/1.1 POST http://localhost:8080/api/auth/logout - null 0
2026-05-21 17:13:36.874 +00:00 [INF] CORS policy execution successful.
2026-05-21 17:13:36.875 +00:00 [INF] Token validated successfully for user: lengyelnorbi
2026-05-21 17:13:36.875 +00:00 [INF] Device fingerprint headers - UA: Mozilla/5.0 (Windows NT 10.0; Win64; x64; rv:151.0) Gecko/20100101 Firefox/151.0, Accept: */*, Encoding: gzip, deflate, br, zstd
2026-05-21 17:13:36.875 +00:00 [INF] Device fingerprint validation: Stored=/a2uf4z8rcBIhIr7KGbd6aahMr80Bhj+9uyLiYNZ66A=, Current=/a2uf4z8rcBIhIr7KGbd6aahMr80Bhj+9uyLiYNZ66A=
2026-05-21 17:13:36.876 +00:00 [INF] Executing endpoint 'API.Controllers.AuthController.Logout (API)'
2026-05-21 17:13:36.876 +00:00 [INF] Route matched with {action = "Logout", controller = "Auth"}. Executing controller action with signature System.Threading.Tasks.Task`1[Microsoft.AspNetCore.Mvc.IActionResult] Logout() on controller API.Controllers.AuthController (API).
2026-05-21 17:13:36.877 +00:00 [WRN] Refresh token missing from cookies
2026-05-21 17:13:36.877 +00:00 [INF] Executing UnauthorizedObjectResult, writing value of type '<>f__AnonymousType0`1[[System.String, System.Private.CoreLib, Version=9.0.0.0, Culture=neutral, PublicKeyToken=7cec85d7bea7798e]]'.
2026-05-21 17:13:36.877 +00:00 [INF] Executed action API.Controllers.AuthController.Logout (API) in 0.6453ms
2026-05-21 17:13:36.877 +00:00 [INF] Executed endpoint 'API.Controllers.AuthController.Logout (API)'
2026-05-21 17:13:36.878 +00:00 [INF] Request finished HTTP/1.1 POST http://localhost:8080/api/auth/logout - 401 null application/json; charset=utf-8 3.5076ms
2026-05-21 17:14:12.985 +00:00 [INF] Request starting HTTP/1.1 OPTIONS http://localhost:8080/api/auth - null null
2026-05-21 17:14:12.986 +00:00 [INF] CORS policy execution successful.
2026-05-21 17:14:12.986 +00:00 [INF] Request finished HTTP/1.1 OPTIONS http://localhost:8080/api/auth - 204 null null 0.803ms
2026-05-21 17:14:13.010 +00:00 [INF] Request starting HTTP/1.1 POST http://localhost:8080/api/auth - application/json 57
2026-05-21 17:14:13.014 +00:00 [INF] CORS policy execution successful.
2026-05-21 17:14:13.015 +00:00 [INF] Token validated successfully for user: lengyelnorbi
2026-05-21 17:14:13.015 +00:00 [INF] Device fingerprint headers - UA: Mozilla/5.0 (Windows NT 10.0; Win64; x64; rv:151.0) Gecko/20100101 Firefox/151.0, Accept: */*, Encoding: gzip, deflate, br, zstd
2026-05-21 17:14:13.016 +00:00 [INF] Device fingerprint validation: Stored=/a2uf4z8rcBIhIr7KGbd6aahMr80Bhj+9uyLiYNZ66A=, Current=/a2uf4z8rcBIhIr7KGbd6aahMr80Bhj+9uyLiYNZ66A=
2026-05-21 17:14:13.016 +00:00 [INF] Executing endpoint 'API.Controllers.AuthController.Authenticate (API)'
2026-05-21 17:14:13.017 +00:00 [INF] Route matched with {action = "Authenticate", controller = "Auth"}. Executing controller action with signature System.Threading.Tasks.Task`1[Microsoft.AspNetCore.Mvc.IActionResult] Authenticate(API.Models.LoginRequest) on controller API.Controllers.AuthController (API).
2026-05-21 17:14:13.018 +00:00 [INF] Authentication attempt for email: lengyelnorbi5@gmail.com
2026-05-21 17:14:13.018 +00:00 [INF] Fetching user by email from database...
2026-05-21 17:14:13.020 +00:00 [INF] Executed DbCommand (1ms) [Parameters=[@__email_0='?'], CommandType='"Text"', CommandTimeout='30']
SELECT u."ID", u."Email", u."PasswordHash", u."RegisteredAt", u."Role", u."Username"
FROM "Users" AS u
WHERE u."Email" = @__email_0
LIMIT 1
2026-05-21 17:14:13.021 +00:00 [INF] Mozilla/5.0 (Windows NT 10.0; Win64; x64; rv:151.0) Gecko/20100101 Firefox/151.0
2026-05-21 17:14:13.022 +00:00 [INF] Fetching user by email from database...
2026-05-21 17:14:13.023 +00:00 [INF] Executed DbCommand (1ms) [Parameters=[@__email_0='?'], CommandType='"Text"', CommandTimeout='30']
SELECT u."ID", u."Email", u."PasswordHash", u."RegisteredAt", u."Role", u."Username"
FROM "Users" AS u
WHERE u."Email" = @__email_0
LIMIT 1
2026-05-21 17:14:13.214 +00:00 [INF] Password verification completed: Valid
2026-05-21 17:14:13.219 +00:00 [INF] Executed DbCommand (4ms) [Parameters=[@p0='?' (DbType = DateTime), @p1='?', @p2='?' (DbType = DateTime), @p3='?', @p4='?' (DbType = Int32), @p5='?'], CommandType='"Text"', CommandTimeout='30']
INSERT INTO "AccessTokens" ("CreatedAt", "DeviceFingerprint", "ExpiresAt", "IpAddress", "UserID", jti)
VALUES (@p0, @p1, @p2, @p3, @p4, @p5)
RETURNING "ID", "IsRevoked";
2026-05-21 17:14:13.223 +00:00 [INF] Executed DbCommand (2ms) [Parameters=[@p0='?' (DbType = DateTime), @p1='?', @p2='?' (DbType = DateTime), @p3='?', @p4='?', @p5='?' (DbType = Int32)], CommandType='"Text"', CommandTimeout='30']
INSERT INTO "RefreshTokens" ("CreatedAt", "DeviceFingerprint", "ExpiresAt", "IpAddress", "TokenHash", "UserID")
VALUES (@p0, @p1, @p2, @p3, @p4, @p5)
RETURNING "ID", "IsRevoked";
2026-05-21 17:14:13.223 +00:00 [INF] Executing OkObjectResult, writing value of type '<>f__AnonymousType1`3[[System.Boolean, System.Private.CoreLib, Version=9.0.0.0, Culture=neutral, PublicKeyToken=7cec85d7bea7798e],[System.Int32, System.Private.CoreLib, Version=9.0.0.0, Culture=neutral, PublicKeyToken=7cec85d7bea7798e],[<>f__AnonymousType2`4[[System.Int32, System.Private.CoreLib, Version=9.0.0.0, Culture=neutral, PublicKeyToken=7cec85d7bea7798e],[System.String, System.Private.CoreLib, Version=9.0.0.0, Culture=neutral, PublicKeyToken=7cec85d7bea7798e],[System.String, System.Private.CoreLib, Version=9.0.0.0, Culture=neutral, PublicKeyToken=7cec85d7bea7798e],[System.String, System.Private.CoreLib, Version=9.0.0.0, Culture=neutral, PublicKeyToken=7cec85d7bea7798e]], API, Version=1.0.0.0, Culture=neutral, PublicKeyToken=null]]'.
2026-05-21 17:14:13.224 +00:00 [INF] Executed action API.Controllers.AuthController.Authenticate (API) in 206.8877ms
2026-05-21 17:14:13.224 +00:00 [INF] Executed endpoint 'API.Controllers.AuthController.Authenticate (API)'
2026-05-21 17:14:13.224 +00:00 [INF] Request finished HTTP/1.1 POST http://localhost:8080/api/auth - 200 null application/json; charset=utf-8 214.4065ms
2026-05-21 17:14:13.255 +00:00 [INF] Request starting HTTP/1.1 GET http://localhost:8080/api/music - null null
2026-05-21 17:14:13.256 +00:00 [INF] CORS policy execution successful.
2026-05-21 17:14:13.256 +00:00 [INF] Token validated successfully for user: lengyelnorbi
2026-05-21 17:14:13.256 +00:00 [INF] Device fingerprint headers - UA: Mozilla/5.0 (Windows NT 10.0; Win64; x64; rv:151.0) Gecko/20100101 Firefox/151.0, Accept: application/json, text/plain, */*, Encoding: gzip, deflate, br, zstd
2026-05-21 17:14:13.256 +00:00 [INF] Request starting HTTP/1.1 GET http://localhost:8080/api/music - null null
2026-05-21 17:14:13.257 +00:00 [INF] Device fingerprint validation: Stored=/a2uf4z8rcBIhIr7KGbd6aahMr80Bhj+9uyLiYNZ66A=, Current=/a2uf4z8rcBIhIr7KGbd6aahMr80Bhj+9uyLiYNZ66A=
2026-05-21 17:14:13.257 +00:00 [INF] CORS policy execution successful.
2026-05-21 17:14:13.257 +00:00 [INF] Executing endpoint 'API.Controllers.MusicController.Get (API)'
2026-05-21 17:14:13.257 +00:00 [INF] Token validated successfully for user: lengyelnorbi
2026-05-21 17:14:13.258 +00:00 [INF] Route matched with {action = "Get", controller = "Music"}. Executing controller action with signature System.Threading.Tasks.Task`1[System.Collections.Generic.IEnumerable`1[API.Models.Music]] Get() on controller API.Controllers.MusicController (API).
2026-05-21 17:14:13.258 +00:00 [INF] Device fingerprint headers - UA: Mozilla/5.0 (Windows NT 10.0; Win64; x64; rv:151.0) Gecko/20100101 Firefox/151.0, Accept: application/json, text/plain, */*, Encoding: gzip, deflate, br, zstd
2026-05-21 17:14:13.258 +00:00 [INF] Fetching music data from database...
2026-05-21 17:14:13.258 +00:00 [INF] Device fingerprint validation: Stored=/a2uf4z8rcBIhIr7KGbd6aahMr80Bhj+9uyLiYNZ66A=, Current=/a2uf4z8rcBIhIr7KGbd6aahMr80Bhj+9uyLiYNZ66A=
2026-05-21 17:14:13.259 +00:00 [INF] Executing endpoint 'API.Controllers.MusicController.Get (API)'
2026-05-21 17:14:13.259 +00:00 [INF] Route matched with {action = "Get", controller = "Music"}. Executing controller action with signature System.Threading.Tasks.Task`1[System.Collections.Generic.IEnumerable`1[API.Models.Music]] Get() on controller API.Controllers.MusicController (API).
2026-05-21 17:14:13.259 +00:00 [INF] Fetching music data from database...
2026-05-21 17:14:13.260 +00:00 [INF] Executed DbCommand (2ms) [Parameters=[], CommandType='"Text"', CommandTimeout='30']
SELECT m."ID", m."AddedAt", m."File_id", m."Title"
FROM "Musics" AS m
2026-05-21 17:14:13.261 +00:00 [INF] Fetched 2 music records.
2026-05-21 17:14:13.261 +00:00 [INF] Executing ObjectResult, writing value of type 'System.Collections.Generic.List`1[[API.Models.Music, API, Version=1.0.0.0, Culture=neutral, PublicKeyToken=null]]'.
2026-05-21 17:14:13.262 +00:00 [INF] Executed action API.Controllers.MusicController.Get (API) in 3.9142ms
2026-05-21 17:14:13.262 +00:00 [INF] Executed endpoint 'API.Controllers.MusicController.Get (API)'
2026-05-21 17:14:13.262 +00:00 [INF] Request finished HTTP/1.1 GET http://localhost:8080/api/music - 200 null application/json; charset=utf-8 7.1004ms
2026-05-21 17:14:13.271 +00:00 [INF] Executed DbCommand (1ms) [Parameters=[], CommandType='"Text"', CommandTimeout='30']
SELECT m."ID", m."AddedAt", m."File_id", m."Title"
FROM "Musics" AS m
2026-05-21 17:14:13.271 +00:00 [INF] Fetched 2 music records.
2026-05-21 17:14:13.271 +00:00 [INF] Executing ObjectResult, writing value of type 'System.Collections.Generic.List`1[[API.Models.Music, API, Version=1.0.0.0, Culture=neutral, PublicKeyToken=null]]'.
2026-05-21 17:14:13.272 +00:00 [INF] Executed action API.Controllers.MusicController.Get (API) in 12.5818ms
2026-05-21 17:14:13.272 +00:00 [INF] Executed endpoint 'API.Controllers.MusicController.Get (API)'
2026-05-21 17:14:13.272 +00:00 [INF] Request finished HTTP/1.1 GET http://localhost:8080/api/music - 200 null application/json; charset=utf-8 15.7886ms
2026-05-21 17:14:17.253 +00:00 [INF] Request starting HTTP/1.1 GET http://localhost:8080/api/music - null 0
2026-05-21 17:14:17.253 +00:00 [INF] Request starting HTTP/1.1 GET http://localhost:8080/api/music - null 0
2026-05-21 17:14:17.253 +00:00 [INF] Authorization failed. These requirements were not met:
DenyAnonymousAuthorizationRequirement: Requires an authenticated user.
2026-05-21 17:14:17.253 +00:00 [INF] Authorization failed. These requirements were not met:
DenyAnonymousAuthorizationRequirement: Requires an authenticated user.
2026-05-21 17:14:17.254 +00:00 [INF] AuthenticationScheme: Bearer was challenged.
2026-05-21 17:14:17.254 +00:00 [INF] AuthenticationScheme: Bearer was challenged.
2026-05-21 17:14:17.254 +00:00 [INF] Request finished HTTP/1.1 GET http://localhost:8080/api/music - 401 0 null 1.5955ms
2026-05-21 17:14:17.254 +00:00 [INF] Request finished HTTP/1.1 GET http://localhost:8080/api/music - 401 0 null 1.8783ms
2026-05-21 17:14:17.657 +00:00 [INF] Request starting HTTP/1.1 GET http://localhost:8080/api/music - null null
2026-05-21 17:14:17.657 +00:00 [INF] Request starting HTTP/1.1 GET http://localhost:8080/api/music - null null
2026-05-21 17:14:17.658 +00:00 [INF] CORS policy execution successful.
2026-05-21 17:14:17.658 +00:00 [INF] CORS policy execution successful.
2026-05-21 17:14:17.659 +00:00 [INF] Token validated successfully for user: lengyelnorbi
2026-05-21 17:14:17.659 +00:00 [INF] Token validated successfully for user: lengyelnorbi
2026-05-21 17:14:17.659 +00:00 [INF] Device fingerprint headers - UA: Mozilla/5.0 (Windows NT 10.0; Win64; x64; rv:151.0) Gecko/20100101 Firefox/151.0, Accept: application/json, text/plain, */*, Encoding: gzip, deflate, br, zstd
2026-05-21 17:14:17.659 +00:00 [INF] Device fingerprint headers - UA: Mozilla/5.0 (Windows NT 10.0; Win64; x64; rv:151.0) Gecko/20100101 Firefox/151.0, Accept: application/json, text/plain, */*, Encoding: gzip, deflate, br, zstd
2026-05-21 17:14:17.659 +00:00 [INF] Device fingerprint validation: Stored=/a2uf4z8rcBIhIr7KGbd6aahMr80Bhj+9uyLiYNZ66A=, Current=/a2uf4z8rcBIhIr7KGbd6aahMr80Bhj+9uyLiYNZ66A=
2026-05-21 17:14:17.660 +00:00 [INF] Device fingerprint validation: Stored=/a2uf4z8rcBIhIr7KGbd6aahMr80Bhj+9uyLiYNZ66A=, Current=/a2uf4z8rcBIhIr7KGbd6aahMr80Bhj+9uyLiYNZ66A=
2026-05-21 17:14:17.660 +00:00 [INF] Executing endpoint 'API.Controllers.MusicController.Get (API)'
2026-05-21 17:14:17.660 +00:00 [INF] Executing endpoint 'API.Controllers.MusicController.Get (API)'
2026-05-21 17:14:17.660 +00:00 [INF] Route matched with {action = "Get", controller = "Music"}. Executing controller action with signature System.Threading.Tasks.Task`1[System.Collections.Generic.IEnumerable`1[API.Models.Music]] Get() on controller API.Controllers.MusicController (API).
2026-05-21 17:14:17.660 +00:00 [INF] Route matched with {action = "Get", controller = "Music"}. Executing controller action with signature System.Threading.Tasks.Task`1[System.Collections.Generic.IEnumerable`1[API.Models.Music]] Get() on controller API.Controllers.MusicController (API).
2026-05-21 17:14:17.661 +00:00 [INF] Fetching music data from database...
2026-05-21 17:14:17.661 +00:00 [INF] Fetching music data from database...
2026-05-21 17:14:17.663 +00:00 [INF] Executed DbCommand (1ms) [Parameters=[], CommandType='"Text"', CommandTimeout='30']
SELECT m."ID", m."AddedAt", m."File_id", m."Title"
FROM "Musics" AS m
2026-05-21 17:14:17.663 +00:00 [INF] Executed DbCommand (1ms) [Parameters=[], CommandType='"Text"', CommandTimeout='30']
SELECT m."ID", m."AddedAt", m."File_id", m."Title"
FROM "Musics" AS m
2026-05-21 17:14:17.663 +00:00 [INF] Fetched 2 music records.
2026-05-21 17:14:17.663 +00:00 [INF] Fetched 2 music records.
2026-05-21 17:14:17.663 +00:00 [INF] Executing ObjectResult, writing value of type 'System.Collections.Generic.List`1[[API.Models.Music, API, Version=1.0.0.0, Culture=neutral, PublicKeyToken=null]]'.
2026-05-21 17:14:17.663 +00:00 [INF] Executing ObjectResult, writing value of type 'System.Collections.Generic.List`1[[API.Models.Music, API, Version=1.0.0.0, Culture=neutral, PublicKeyToken=null]]'.
2026-05-21 17:14:17.664 +00:00 [INF] Executed action API.Controllers.MusicController.Get (API) in 2.774ms
2026-05-21 17:14:17.664 +00:00 [INF] Executed action API.Controllers.MusicController.Get (API) in 3.178ms
2026-05-21 17:14:17.664 +00:00 [INF] Executed endpoint 'API.Controllers.MusicController.Get (API)'
2026-05-21 17:14:17.664 +00:00 [INF] Executed endpoint 'API.Controllers.MusicController.Get (API)'
2026-05-21 17:14:17.664 +00:00 [INF] Request finished HTTP/1.1 GET http://localhost:8080/api/music - 200 null application/json; charset=utf-8 6.9448ms
2026-05-21 17:14:17.665 +00:00 [INF] Request finished HTTP/1.1 GET http://localhost:8080/api/music - 200 null application/json; charset=utf-8 7.1038ms
2026-05-21 17:24:34.224 +00:00 [INF] Request starting HTTP/1.1 GET http://localhost:8080/api/music - null 0
2026-05-21 17:24:34.224 +00:00 [INF] Request starting HTTP/1.1 GET http://localhost:8080/api/music - null 0
2026-05-21 17:24:34.225 +00:00 [INF] Authorization failed. These requirements were not met:
DenyAnonymousAuthorizationRequirement: Requires an authenticated user.
2026-05-21 17:24:34.225 +00:00 [INF] Authorization failed. These requirements were not met:
DenyAnonymousAuthorizationRequirement: Requires an authenticated user.
2026-05-21 17:24:34.225 +00:00 [INF] AuthenticationScheme: Bearer was challenged.
2026-05-21 17:24:34.226 +00:00 [INF] AuthenticationScheme: Bearer was challenged.
2026-05-21 17:24:34.226 +00:00 [INF] Request finished HTTP/1.1 GET http://localhost:8080/api/music - 401 0 null 1.6493ms
2026-05-21 17:24:34.226 +00:00 [INF] Request finished HTTP/1.1 GET http://localhost:8080/api/music - 401 0 null 1.9258ms
2026-05-21 17:24:34.504 +00:00 [INF] Request starting HTTP/1.1 GET http://localhost:8080/api/music - null null
2026-05-21 17:24:34.504 +00:00 [INF] Request starting HTTP/1.1 GET http://localhost:8080/api/music - null null
2026-05-21 17:24:34.504 +00:00 [INF] CORS policy execution successful.
2026-05-21 17:24:34.504 +00:00 [INF] CORS policy execution successful.
2026-05-21 17:24:34.505 +00:00 [INF] Authorization failed. These requirements were not met:
DenyAnonymousAuthorizationRequirement: Requires an authenticated user.
2026-05-21 17:24:34.505 +00:00 [INF] Authorization failed. These requirements were not met:
DenyAnonymousAuthorizationRequirement: Requires an authenticated user.
2026-05-21 17:24:34.505 +00:00 [INF] AuthenticationScheme: Bearer was challenged.
2026-05-21 17:24:34.506 +00:00 [INF] AuthenticationScheme: Bearer was challenged.
2026-05-21 17:24:34.506 +00:00 [INF] Request finished HTTP/1.1 GET http://localhost:8080/api/music - 401 0 null 2.0979ms
2026-05-21 17:24:34.506 +00:00 [INF] Request finished HTTP/1.1 GET http://localhost:8080/api/music - 401 0 null 2.4288ms
2026-05-21 17:24:34.684 +00:00 [INF] Request starting HTTP/1.1 POST http://localhost:8080/api/auth/logout - null 0
2026-05-21 17:24:34.684 +00:00 [INF] Request starting HTTP/1.1 POST http://localhost:8080/api/auth/logout - null 0
2026-05-21 17:24:34.684 +00:00 [INF] CORS policy execution successful.
2026-05-21 17:24:34.685 +00:00 [INF] CORS policy execution successful.
2026-05-21 17:24:34.685 +00:00 [INF] Executing endpoint 'API.Controllers.AuthController.Logout (API)'
2026-05-21 17:24:34.685 +00:00 [INF] Executing endpoint 'API.Controllers.AuthController.Logout (API)'
2026-05-21 17:24:34.686 +00:00 [INF] Route matched with {action = "Logout", controller = "Auth"}. Executing controller action with signature System.Threading.Tasks.Task`1[Microsoft.AspNetCore.Mvc.IActionResult] Logout() on controller API.Controllers.AuthController (API).
2026-05-21 17:24:34.686 +00:00 [INF] Route matched with {action = "Logout", controller = "Auth"}. Executing controller action with signature System.Threading.Tasks.Task`1[Microsoft.AspNetCore.Mvc.IActionResult] Logout() on controller API.Controllers.AuthController (API).
2026-05-21 17:24:34.687 +00:00 [WRN] Refresh token missing from cookies
2026-05-21 17:24:34.687 +00:00 [WRN] Refresh token missing from cookies
2026-05-21 17:24:34.687 +00:00 [INF] Executing UnauthorizedObjectResult, writing value of type '<>f__AnonymousType0`1[[System.String, System.Private.CoreLib, Version=9.0.0.0, Culture=neutral, PublicKeyToken=7cec85d7bea7798e]]'.
2026-05-21 17:24:34.687 +00:00 [INF] Executing UnauthorizedObjectResult, writing value of type '<>f__AnonymousType0`1[[System.String, System.Private.CoreLib, Version=9.0.0.0, Culture=neutral, PublicKeyToken=7cec85d7bea7798e]]'.
2026-05-21 17:24:34.687 +00:00 [INF] Executed action API.Controllers.AuthController.Logout (API) in 1.1396ms
2026-05-21 17:24:34.688 +00:00 [INF] Executed action API.Controllers.AuthController.Logout (API) in 1.3215ms
2026-05-21 17:24:34.688 +00:00 [INF] Executed endpoint 'API.Controllers.AuthController.Logout (API)'
2026-05-21 17:24:34.688 +00:00 [INF] Executed endpoint 'API.Controllers.AuthController.Logout (API)'
2026-05-21 17:24:34.688 +00:00 [INF] Request finished HTTP/1.1 POST http://localhost:8080/api/auth/logout - 401 null application/json; charset=utf-8 4.4277ms
2026-05-21 17:24:34.689 +00:00 [INF] Request finished HTTP/1.1 POST http://localhost:8080/api/auth/logout - 401 null application/json; charset=utf-8 4.803ms
2026-05-21 17:25:59.035 +00:00 [INF] Request starting HTTP/1.1 POST http://localhost:8080/api/auth/refresh - null 0
2026-05-21 17:25:59.035 +00:00 [INF] Executing endpoint 'API.Controllers.AuthController.RefreshToken (API)'
2026-05-21 17:25:59.036 +00:00 [INF] Route matched with {action = "RefreshToken", controller = "Auth"}. Executing controller action with signature System.Threading.Tasks.Task`1[Microsoft.AspNetCore.Mvc.IActionResult] RefreshToken() on controller API.Controllers.AuthController (API).
2026-05-21 17:25:59.036 +00:00 [WRN] Refresh token missing from cookies
2026-05-21 17:25:59.037 +00:00 [INF] Executing UnauthorizedObjectResult, writing value of type '<>f__AnonymousType0`1[[System.String, System.Private.CoreLib, Version=9.0.0.0, Culture=neutral, PublicKeyToken=7cec85d7bea7798e]]'.
2026-05-21 17:25:59.037 +00:00 [INF] Executed action API.Controllers.AuthController.RefreshToken (API) in 1.0701ms
2026-05-21 17:25:59.038 +00:00 [INF] Executed endpoint 'API.Controllers.AuthController.RefreshToken (API)'
2026-05-21 17:25:59.038 +00:00 [INF] Request finished HTTP/1.1 POST http://localhost:8080/api/auth/refresh - 401 null application/json; charset=utf-8 2.8792ms
2026-05-21 17:25:59.043 +00:00 [INF] Request starting HTTP/1.1 POST http://localhost:8080/api/auth/logout - null 0
2026-05-21 17:25:59.044 +00:00 [INF] Executing endpoint 'API.Controllers.AuthController.Logout (API)'
2026-05-21 17:25:59.044 +00:00 [INF] Route matched with {action = "Logout", controller = "Auth"}. Executing controller action with signature System.Threading.Tasks.Task`1[Microsoft.AspNetCore.Mvc.IActionResult] Logout() on controller API.Controllers.AuthController (API).
2026-05-21 17:25:59.045 +00:00 [WRN] Refresh token missing from cookies
2026-05-21 17:25:59.045 +00:00 [INF] Executing UnauthorizedObjectResult, writing value of type '<>f__AnonymousType0`1[[System.String, System.Private.CoreLib, Version=9.0.0.0, Culture=neutral, PublicKeyToken=7cec85d7bea7798e]]'.
2026-05-21 17:25:59.045 +00:00 [INF] Executed action API.Controllers.AuthController.Logout (API) in 1.0286ms
2026-05-21 17:25:59.046 +00:00 [INF] Executed endpoint 'API.Controllers.AuthController.Logout (API)'
2026-05-21 17:25:59.046 +00:00 [INF] Request finished HTTP/1.1 POST http://localhost:8080/api/auth/logout - 401 null application/json; charset=utf-8 2.6219ms
2026-05-21 17:25:59.166 +00:00 [INF] Request starting HTTP/1.1 POST http://localhost:8080/api/auth/refresh - null 0
2026-05-21 17:25:59.166 +00:00 [INF] CORS policy execution successful.
2026-05-21 17:25:59.167 +00:00 [INF] Executing endpoint 'API.Controllers.AuthController.RefreshToken (API)'
2026-05-21 17:25:59.167 +00:00 [INF] Route matched with {action = "RefreshToken", controller = "Auth"}. Executing controller action with signature System.Threading.Tasks.Task`1[Microsoft.AspNetCore.Mvc.IActionResult] RefreshToken() on controller API.Controllers.AuthController (API).
2026-05-21 17:25:59.167 +00:00 [WRN] Refresh token missing from cookies
2026-05-21 17:25:59.168 +00:00 [INF] Executing UnauthorizedObjectResult, writing value of type '<>f__AnonymousType0`1[[System.String, System.Private.CoreLib, Version=9.0.0.0, Culture=neutral, PublicKeyToken=7cec85d7bea7798e]]'.
2026-05-21 17:25:59.168 +00:00 [INF] Executed action API.Controllers.AuthController.RefreshToken (API) in 0.9079ms
2026-05-21 17:25:59.168 +00:00 [INF] Executed endpoint 'API.Controllers.AuthController.RefreshToken (API)'
2026-05-21 17:25:59.169 +00:00 [INF] Request finished HTTP/1.1 POST http://localhost:8080/api/auth/refresh - 401 null application/json; charset=utf-8 3.0791ms
2026-05-21 17:25:59.191 +00:00 [INF] Request starting HTTP/1.1 POST http://localhost:8080/api/auth/logout - null 0
2026-05-21 17:25:59.192 +00:00 [INF] CORS policy execution successful.
2026-05-21 17:25:59.192 +00:00 [INF] Executing endpoint 'API.Controllers.AuthController.Logout (API)'
2026-05-21 17:25:59.192 +00:00 [INF] Route matched with {action = "Logout", controller = "Auth"}. Executing controller action with signature System.Threading.Tasks.Task`1[Microsoft.AspNetCore.Mvc.IActionResult] Logout() on controller API.Controllers.AuthController (API).
2026-05-21 17:25:59.193 +00:00 [WRN] Refresh token missing from cookies
2026-05-21 17:25:59.193 +00:00 [INF] Executing UnauthorizedObjectResult, writing value of type '<>f__AnonymousType0`1[[System.String, System.Private.CoreLib, Version=9.0.0.0, Culture=neutral, PublicKeyToken=7cec85d7bea7798e]]'.
2026-05-21 17:25:59.194 +00:00 [INF] Executed action API.Controllers.AuthController.Logout (API) in 0.9513ms
2026-05-21 17:25:59.194 +00:00 [INF] Executed endpoint 'API.Controllers.AuthController.Logout (API)'
2026-05-21 17:25:59.194 +00:00 [INF] Request finished HTTP/1.1 POST http://localhost:8080/api/auth/logout - 401 null application/json; charset=utf-8 2.7649ms
2026-05-21 17:30:59.351 +00:00 [INF] Request starting HTTP/1.1 OPTIONS http://localhost:8080/api/auth - null null
2026-05-21 17:30:59.352 +00:00 [INF] CORS policy execution successful.
2026-05-21 17:30:59.352 +00:00 [INF] Request finished HTTP/1.1 OPTIONS http://localhost:8080/api/auth - 204 null null 1.2792ms
2026-05-21 17:30:59.361 +00:00 [INF] Request starting HTTP/1.1 POST http://localhost:8080/api/auth - application/json 57
2026-05-21 17:30:59.361 +00:00 [INF] CORS policy execution successful.
2026-05-21 17:30:59.362 +00:00 [INF] Executing endpoint 'API.Controllers.AuthController.Authenticate (API)'
2026-05-21 17:30:59.362 +00:00 [INF] Route matched with {action = "Authenticate", controller = "Auth"}. Executing controller action with signature System.Threading.Tasks.Task`1[Microsoft.AspNetCore.Mvc.IActionResult] Authenticate(API.Models.LoginRequest) on controller API.Controllers.AuthController (API).
2026-05-21 17:30:59.363 +00:00 [INF] Authentication attempt for email: lengyelnorbi5@gmail.com
2026-05-21 17:30:59.364 +00:00 [INF] Fetching user by email from database...
2026-05-21 17:30:59.377 +00:00 [INF] Executed DbCommand (3ms) [Parameters=[@__email_0='?'], CommandType='"Text"', CommandTimeout='30']
SELECT u."ID", u."Email", u."PasswordHash", u."RegisteredAt", u."Role", u."Username"
FROM "Users" AS u
WHERE u."Email" = @__email_0
LIMIT 1
2026-05-21 17:30:59.378 +00:00 [INF] Mozilla/5.0 (Windows NT 10.0; Win64; x64; rv:151.0) Gecko/20100101 Firefox/151.0
2026-05-21 17:30:59.379 +00:00 [INF] Fetching user by email from database...
2026-05-21 17:30:59.381 +00:00 [INF] Executed DbCommand (1ms) [Parameters=[@__email_0='?'], CommandType='"Text"', CommandTimeout='30']
SELECT u."ID", u."Email", u."PasswordHash", u."RegisteredAt", u."Role", u."Username"
FROM "Users" AS u
WHERE u."Email" = @__email_0
LIMIT 1
2026-05-21 17:30:59.574 +00:00 [INF] Password verification completed: Valid
2026-05-21 17:30:59.579 +00:00 [INF] Executed DbCommand (3ms) [Parameters=[@p0='?' (DbType = DateTime), @p1='?', @p2='?' (DbType = DateTime), @p3='?', @p4='?' (DbType = Int32), @p5='?'], CommandType='"Text"', CommandTimeout='30']
INSERT INTO "AccessTokens" ("CreatedAt", "DeviceFingerprint", "ExpiresAt", "IpAddress", "UserID", jti)
VALUES (@p0, @p1, @p2, @p3, @p4, @p5)
RETURNING "ID", "IsRevoked";
2026-05-21 17:30:59.582 +00:00 [INF] Executed DbCommand (2ms) [Parameters=[@p0='?' (DbType = DateTime), @p1='?', @p2='?' (DbType = DateTime), @p3='?', @p4='?', @p5='?' (DbType = Int32)], CommandType='"Text"', CommandTimeout='30']
INSERT INTO "RefreshTokens" ("CreatedAt", "DeviceFingerprint", "ExpiresAt", "IpAddress", "TokenHash", "UserID")
VALUES (@p0, @p1, @p2, @p3, @p4, @p5)
RETURNING "ID", "IsRevoked";
2026-05-21 17:30:59.583 +00:00 [INF] Executing OkObjectResult, writing value of type '<>f__AnonymousType1`3[[System.Boolean, System.Private.CoreLib, Version=9.0.0.0, Culture=neutral, PublicKeyToken=7cec85d7bea7798e],[System.Int32, System.Private.CoreLib, Version=9.0.0.0, Culture=neutral, PublicKeyToken=7cec85d7bea7798e],[<>f__AnonymousType2`4[[System.Int32, System.Private.CoreLib, Version=9.0.0.0, Culture=neutral, PublicKeyToken=7cec85d7bea7798e],[System.String, System.Private.CoreLib, Version=9.0.0.0, Culture=neutral, PublicKeyToken=7cec85d7bea7798e],[System.String, System.Private.CoreLib, Version=9.0.0.0, Culture=neutral, PublicKeyToken=7cec85d7bea7798e],[System.String, System.Private.CoreLib, Version=9.0.0.0, Culture=neutral, PublicKeyToken=7cec85d7bea7798e]], API, Version=1.0.0.0, Culture=neutral, PublicKeyToken=null]]'.
2026-05-21 17:30:59.583 +00:00 [INF] Executed action API.Controllers.AuthController.Authenticate (API) in 220.7896ms
2026-05-21 17:30:59.583 +00:00 [INF] Executed endpoint 'API.Controllers.AuthController.Authenticate (API)'
2026-05-21 17:30:59.583 +00:00 [INF] Request finished HTTP/1.1 POST http://localhost:8080/api/auth - 200 null application/json; charset=utf-8 222.6109ms
2026-05-21 17:30:59.653 +00:00 [INF] Request starting HTTP/1.1 GET http://localhost:8080/api/music - null null
2026-05-21 17:30:59.654 +00:00 [INF] CORS policy execution successful.
2026-05-21 17:30:59.654 +00:00 [INF] Token validated successfully for user: lengyelnorbi
2026-05-21 17:30:59.655 +00:00 [INF] Device fingerprint headers - UA: Mozilla/5.0 (Windows NT 10.0; Win64; x64; rv:151.0) Gecko/20100101 Firefox/151.0, Accept: application/json, text/plain, */*, Encoding: gzip, deflate, br, zstd
2026-05-21 17:30:59.655 +00:00 [INF] Device fingerprint validation: Stored=/a2uf4z8rcBIhIr7KGbd6aahMr80Bhj+9uyLiYNZ66A=, Current=/a2uf4z8rcBIhIr7KGbd6aahMr80Bhj+9uyLiYNZ66A=
2026-05-21 17:30:59.655 +00:00 [INF] Executing endpoint 'API.Controllers.MusicController.Get (API)'
2026-05-21 17:30:59.656 +00:00 [INF] Route matched with {action = "Get", controller = "Music"}. Executing controller action with signature System.Threading.Tasks.Task`1[System.Collections.Generic.IEnumerable`1[API.Models.Music]] Get() on controller API.Controllers.MusicController (API).
2026-05-21 17:30:59.656 +00:00 [INF] Fetching music data from database...
2026-05-21 17:30:59.659 +00:00 [INF] Executed DbCommand (1ms) [Parameters=[], CommandType='"Text"', CommandTimeout='30']
SELECT m."ID", m."AddedAt", m."File_id", m."Title"
FROM "Musics" AS m
2026-05-21 17:30:59.659 +00:00 [INF] Fetched 2 music records.
2026-05-21 17:30:59.660 +00:00 [INF] Executing ObjectResult, writing value of type 'System.Collections.Generic.List`1[[API.Models.Music, API, Version=1.0.0.0, Culture=neutral, PublicKeyToken=null]]'.
2026-05-21 17:30:59.660 +00:00 [INF] Executed action API.Controllers.MusicController.Get (API) in 4.3518ms
2026-05-21 17:30:59.661 +00:00 [INF] Executed endpoint 'API.Controllers.MusicController.Get (API)'
2026-05-21 17:30:59.661 +00:00 [INF] Request finished HTTP/1.1 GET http://localhost:8080/api/music - 200 null application/json; charset=utf-8 7.6522ms
2026-05-21 17:30:59.662 +00:00 [INF] Request starting HTTP/1.1 GET http://localhost:8080/api/music - null null
2026-05-21 17:30:59.662 +00:00 [INF] CORS policy execution successful.
2026-05-21 17:30:59.662 +00:00 [INF] Token validated successfully for user: lengyelnorbi
2026-05-21 17:30:59.663 +00:00 [INF] Device fingerprint headers - UA: Mozilla/5.0 (Windows NT 10.0; Win64; x64; rv:151.0) Gecko/20100101 Firefox/151.0, Accept: application/json, text/plain, */*, Encoding: gzip, deflate, br, zstd
2026-05-21 17:30:59.663 +00:00 [INF] Device fingerprint validation: Stored=/a2uf4z8rcBIhIr7KGbd6aahMr80Bhj+9uyLiYNZ66A=, Current=/a2uf4z8rcBIhIr7KGbd6aahMr80Bhj+9uyLiYNZ66A=
2026-05-21 17:30:59.663 +00:00 [INF] Executing endpoint 'API.Controllers.MusicController.Get (API)'
2026-05-21 17:30:59.663 +00:00 [INF] Route matched with {action = "Get", controller = "Music"}. Executing controller action with signature System.Threading.Tasks.Task`1[System.Collections.Generic.IEnumerable`1[API.Models.Music]] Get() on controller API.Controllers.MusicController (API).
2026-05-21 17:30:59.664 +00:00 [INF] Fetching music data from database...
2026-05-21 17:30:59.665 +00:00 [INF] Executed DbCommand (1ms) [Parameters=[], CommandType='"Text"', CommandTimeout='30']
SELECT m."ID", m."AddedAt", m."File_id", m."Title"
FROM "Musics" AS m
2026-05-21 17:30:59.666 +00:00 [INF] Fetched 2 music records.
2026-05-21 17:30:59.666 +00:00 [INF] Executing ObjectResult, writing value of type 'System.Collections.Generic.List`1[[API.Models.Music, API, Version=1.0.0.0, Culture=neutral, PublicKeyToken=null]]'.
2026-05-21 17:30:59.666 +00:00 [INF] Executed action API.Controllers.MusicController.Get (API) in 2.8314ms
2026-05-21 17:30:59.667 +00:00 [INF] Executed endpoint 'API.Controllers.MusicController.Get (API)'
2026-05-21 17:30:59.667 +00:00 [INF] Request finished HTTP/1.1 GET http://localhost:8080/api/music - 200 null application/json; charset=utf-8 5.4972ms
2026-05-21 17:31:38.863 +00:00 [INF] Request starting HTTP/1.1 GET http://localhost:8080/api/music - null 0
2026-05-21 17:31:38.863 +00:00 [INF] Request starting HTTP/1.1 GET http://localhost:8080/api/music - null 0
2026-05-21 17:31:38.864 +00:00 [INF] Authorization failed. These requirements were not met:
DenyAnonymousAuthorizationRequirement: Requires an authenticated user.
2026-05-21 17:31:38.864 +00:00 [INF] Authorization failed. These requirements were not met:
DenyAnonymousAuthorizationRequirement: Requires an authenticated user.
2026-05-21 17:31:38.864 +00:00 [INF] AuthenticationScheme: Bearer was challenged.
2026-05-21 17:31:38.864 +00:00 [INF] AuthenticationScheme: Bearer was challenged.
2026-05-21 17:31:38.865 +00:00 [INF] Request finished HTTP/1.1 GET http://localhost:8080/api/music - 401 0 null 1.1658ms
2026-05-21 17:31:38.865 +00:00 [INF] Request finished HTTP/1.1 GET http://localhost:8080/api/music - 401 0 null 1.3649ms
2026-05-21 17:31:39.179 +00:00 [INF] Request starting HTTP/1.1 GET http://localhost:8080/api/music - null null
2026-05-21 17:31:39.179 +00:00 [INF] Request starting HTTP/1.1 GET http://localhost:8080/api/music - null null
2026-05-21 17:31:39.179 +00:00 [INF] CORS policy execution successful.
2026-05-21 17:31:39.179 +00:00 [INF] CORS policy execution successful.
2026-05-21 17:31:39.180 +00:00 [INF] Token validated successfully for user: lengyelnorbi
2026-05-21 17:31:39.180 +00:00 [INF] Token validated successfully for user: lengyelnorbi
2026-05-21 17:31:39.181 +00:00 [INF] Device fingerprint headers - UA: Mozilla/5.0 (Windows NT 10.0; Win64; x64; rv:151.0) Gecko/20100101 Firefox/151.0, Accept: application/json, text/plain, */*, Encoding: gzip, deflate, br, zstd
2026-05-21 17:31:39.181 +00:00 [INF] Device fingerprint headers - UA: Mozilla/5.0 (Windows NT 10.0; Win64; x64; rv:151.0) Gecko/20100101 Firefox/151.0, Accept: application/json, text/plain, */*, Encoding: gzip, deflate, br, zstd
2026-05-21 17:31:39.181 +00:00 [INF] Device fingerprint validation: Stored=/a2uf4z8rcBIhIr7KGbd6aahMr80Bhj+9uyLiYNZ66A=, Current=/a2uf4z8rcBIhIr7KGbd6aahMr80Bhj+9uyLiYNZ66A=
2026-05-21 17:31:39.181 +00:00 [INF] Device fingerprint validation: Stored=/a2uf4z8rcBIhIr7KGbd6aahMr80Bhj+9uyLiYNZ66A=, Current=/a2uf4z8rcBIhIr7KGbd6aahMr80Bhj+9uyLiYNZ66A=
2026-05-21 17:31:39.182 +00:00 [INF] Executing endpoint 'API.Controllers.MusicController.Get (API)'
2026-05-21 17:31:39.182 +00:00 [INF] Executing endpoint 'API.Controllers.MusicController.Get (API)'
2026-05-21 17:31:39.182 +00:00 [INF] Route matched with {action = "Get", controller = "Music"}. Executing controller action with signature System.Threading.Tasks.Task`1[System.Collections.Generic.IEnumerable`1[API.Models.Music]] Get() on controller API.Controllers.MusicController (API).
2026-05-21 17:31:39.182 +00:00 [INF] Route matched with {action = "Get", controller = "Music"}. Executing controller action with signature System.Threading.Tasks.Task`1[System.Collections.Generic.IEnumerable`1[API.Models.Music]] Get() on controller API.Controllers.MusicController (API).
2026-05-21 17:31:39.183 +00:00 [INF] Fetching music data from database...
2026-05-21 17:31:39.184 +00:00 [INF] Fetching music data from database...
2026-05-21 17:31:39.185 +00:00 [INF] Executed DbCommand (1ms) [Parameters=[], CommandType='"Text"', CommandTimeout='30']
SELECT m."ID", m."AddedAt", m."File_id", m."Title"
FROM "Musics" AS m
2026-05-21 17:31:39.185 +00:00 [INF] Fetched 2 music records.
2026-05-21 17:31:39.186 +00:00 [INF] Executing ObjectResult, writing value of type 'System.Collections.Generic.List`1[[API.Models.Music, API, Version=1.0.0.0, Culture=neutral, PublicKeyToken=null]]'.
2026-05-21 17:31:39.186 +00:00 [INF] Executed action API.Controllers.MusicController.Get (API) in 3.5217ms
2026-05-21 17:31:39.186 +00:00 [INF] Executed endpoint 'API.Controllers.MusicController.Get (API)'
2026-05-21 17:31:39.187 +00:00 [INF] Request finished HTTP/1.1 GET http://localhost:8080/api/music - 200 null application/json; charset=utf-8 8.2279ms
2026-05-21 17:31:39.196 +00:00 [INF] Executed DbCommand (2ms) [Parameters=[], CommandType='"Text"', CommandTimeout='30']
SELECT m."ID", m."AddedAt", m."File_id", m."Title"
FROM "Musics" AS m
2026-05-21 17:31:39.196 +00:00 [INF] Fetched 2 music records.
2026-05-21 17:31:39.196 +00:00 [INF] Executing ObjectResult, writing value of type 'System.Collections.Generic.List`1[[API.Models.Music, API, Version=1.0.0.0, Culture=neutral, PublicKeyToken=null]]'.
2026-05-21 17:31:39.197 +00:00 [INF] Executed action API.Controllers.MusicController.Get (API) in 13.8766ms
2026-05-21 17:31:39.197 +00:00 [INF] Executed endpoint 'API.Controllers.MusicController.Get (API)'
2026-05-21 17:31:39.197 +00:00 [INF] Request finished HTTP/1.1 GET http://localhost:8080/api/music - 200 null application/json; charset=utf-8 18.1824ms
2026-05-21 17:34:59.595 +00:00 [INF] Request starting HTTP/1.1 POST http://localhost:8080/api/auth/refresh - null 0
2026-05-21 17:34:59.595 +00:00 [INF] CORS policy execution successful.
2026-05-21 17:34:59.597 +00:00 [INF] Token validated successfully for user: lengyelnorbi
2026-05-21 17:34:59.597 +00:00 [INF] Device fingerprint headers - UA: Mozilla/5.0 (Windows NT 10.0; Win64; x64; rv:151.0) Gecko/20100101 Firefox/151.0, Accept: */*, Encoding: gzip, deflate, br, zstd
2026-05-21 17:34:59.597 +00:00 [INF] Device fingerprint validation: Stored=/a2uf4z8rcBIhIr7KGbd6aahMr80Bhj+9uyLiYNZ66A=, Current=/a2uf4z8rcBIhIr7KGbd6aahMr80Bhj+9uyLiYNZ66A=
2026-05-21 17:34:59.598 +00:00 [INF] Executing endpoint 'API.Controllers.AuthController.RefreshToken (API)'
2026-05-21 17:34:59.599 +00:00 [INF] Route matched with {action = "RefreshToken", controller = "Auth"}. Executing controller action with signature System.Threading.Tasks.Task`1[Microsoft.AspNetCore.Mvc.IActionResult] RefreshToken() on controller API.Controllers.AuthController (API).
2026-05-21 17:34:59.603 +00:00 [INF] Executed DbCommand (2ms) [Parameters=[@__tokenHash_0='?'], CommandType='"Text"', CommandTimeout='30']
SELECT r."ID", r."CreatedAt", r."DeviceFingerprint", r."ExpiresAt", r."IpAddress", r."IsRevoked", r."TokenHash", r."UserID"
FROM "RefreshTokens" AS r
WHERE r."TokenHash" = @__tokenHash_0 AND NOT (r."IsRevoked") AND r."ExpiresAt" > now()
ORDER BY r."CreatedAt" DESC
LIMIT 1
2026-05-21 17:34:59.604 +00:00 [INF] Mozilla/5.0 (Windows NT 10.0; Win64; x64; rv:151.0) Gecko/20100101 Firefox/151.0
2026-05-21 17:34:59.604 +00:00 [INF] Fetching user by ID from database...
2026-05-21 17:34:59.606 +00:00 [INF] Executed DbCommand (2ms) [Parameters=[@__id_0='?' (DbType = Int32)], CommandType='"Text"', CommandTimeout='30']
SELECT u."ID", u."Email", u."PasswordHash", u."RegisteredAt", u."Role", u."Username"
FROM "Users" AS u
WHERE u."ID" = @__id_0
LIMIT 1
2026-05-21 17:34:59.609 +00:00 [INF] Executed DbCommand (2ms) [Parameters=[@p0='?' (DbType = DateTime), @p1='?', @p2='?' (DbType = DateTime), @p3='?', @p4='?' (DbType = Int32), @p5='?'], CommandType='"Text"', CommandTimeout='30']
INSERT INTO "AccessTokens" ("CreatedAt", "DeviceFingerprint", "ExpiresAt", "IpAddress", "UserID", jti)
VALUES (@p0, @p1, @p2, @p3, @p4, @p5)
RETURNING "ID", "IsRevoked";
2026-05-21 17:34:59.612 +00:00 [INF] Executed DbCommand (2ms) [Parameters=[@__jti_0='?', @__userID_1='?' (DbType = Int32), @__deviceFingerprint_2='?', @__ipAddress_3='?'], CommandType='"Text"', CommandTimeout='30']
SELECT a."ID", a."CreatedAt", a."DeviceFingerprint", a."ExpiresAt", a."IpAddress", a."IsRevoked", a."UserID", a.jti
FROM "AccessTokens" AS a
WHERE a.jti = @__jti_0 AND NOT (a."IsRevoked") AND a."UserID" = @__userID_1 AND a."DeviceFingerprint" = @__deviceFingerprint_2 AND a."IpAddress" = @__ipAddress_3
2026-05-21 17:34:59.614 +00:00 [INF] Executed DbCommand (2ms) [Parameters=[@p0='?' (DbType = DateTime), @p1='?', @p2='?' (DbType = DateTime), @p3='?', @p4='?', @p5='?' (DbType = Int32)], CommandType='"Text"', CommandTimeout='30']
INSERT INTO "RefreshTokens" ("CreatedAt", "DeviceFingerprint", "ExpiresAt", "IpAddress", "TokenHash", "UserID")
VALUES (@p0, @p1, @p2, @p3, @p4, @p5)
RETURNING "ID", "IsRevoked";
2026-05-21 17:34:59.616 +00:00 [INF] Executed DbCommand (1ms) [Parameters=[@__tokenHash_0='?', @__userId_1='?' (DbType = Int32), @__deviceFingerprint_2='?', @__ipAddress_3='?'], CommandType='"Text"', CommandTimeout='30']
SELECT r."ID", r."CreatedAt", r."DeviceFingerprint", r."ExpiresAt", r."IpAddress", r."IsRevoked", r."TokenHash", r."UserID"
FROM "RefreshTokens" AS r
WHERE r."TokenHash" = @__tokenHash_0 AND NOT (r."IsRevoked") AND r."UserID" = @__userId_1 AND r."DeviceFingerprint" = @__deviceFingerprint_2 AND r."IpAddress" = @__ipAddress_3
2026-05-21 17:34:59.617 +00:00 [INF] Token refreshed successfully for user 1 at "2026-05-21T17:34:59.6175616Z"
2026-05-21 17:34:59.618 +00:00 [INF] Executing OkObjectResult, writing value of type '<>f__AnonymousType3`2[[System.Boolean, System.Private.CoreLib, Version=9.0.0.0, Culture=neutral, PublicKeyToken=7cec85d7bea7798e],[System.Int32, System.Private.CoreLib, Version=9.0.0.0, Culture=neutral, PublicKeyToken=7cec85d7bea7798e]]'.
2026-05-21 17:34:59.618 +00:00 [INF] Executed action API.Controllers.AuthController.RefreshToken (API) in 19.1352ms
2026-05-21 17:34:59.618 +00:00 [INF] Executed endpoint 'API.Controllers.AuthController.RefreshToken (API)'
2026-05-21 17:34:59.622 +00:00 [ERR] Failed executing DbCommand (4ms) [Parameters=[@p1='?' (DbType = Int32), @p0='?' (DbType = Boolean)], CommandType='"Text"', CommandTimeout='30']
UPDATE "RefreshTokens" SET "IsRevoked" = @p0
WHERE "ID" = @p1;
2026-05-21 17:38:59.669 +00:00 [INF] Request starting HTTP/1.1 POST http://localhost:8080/api/auth/refresh - null 0
2026-05-21 17:38:59.670 +00:00 [INF] CORS policy execution successful.
2026-05-21 17:38:59.670 +00:00 [INF] Token validated successfully for user: lengyelnorbi
2026-05-21 17:38:59.670 +00:00 [INF] Device fingerprint headers - UA: Mozilla/5.0 (Windows NT 10.0; Win64; x64; rv:151.0) Gecko/20100101 Firefox/151.0, Accept: */*, Encoding: gzip, deflate, br, zstd
2026-05-21 17:38:59.671 +00:00 [INF] Device fingerprint validation: Stored=/a2uf4z8rcBIhIr7KGbd6aahMr80Bhj+9uyLiYNZ66A=, Current=/a2uf4z8rcBIhIr7KGbd6aahMr80Bhj+9uyLiYNZ66A=
2026-05-21 17:38:59.671 +00:00 [INF] Executing endpoint 'API.Controllers.AuthController.RefreshToken (API)'
2026-05-21 17:38:59.671 +00:00 [INF] Route matched with {action = "RefreshToken", controller = "Auth"}. Executing controller action with signature System.Threading.Tasks.Task`1[Microsoft.AspNetCore.Mvc.IActionResult] RefreshToken() on controller API.Controllers.AuthController (API).
2026-05-21 17:38:59.683 +00:00 [INF] Executed DbCommand (2ms) [Parameters=[@__tokenHash_0='?'], CommandType='"Text"', CommandTimeout='30']
SELECT r."ID", r."CreatedAt", r."DeviceFingerprint", r."ExpiresAt", r."IpAddress", r."IsRevoked", r."TokenHash", r."UserID"
FROM "RefreshTokens" AS r
WHERE r."TokenHash" = @__tokenHash_0 AND NOT (r."IsRevoked") AND r."ExpiresAt" > now()
ORDER BY r."CreatedAt" DESC
LIMIT 1
2026-05-21 17:38:59.684 +00:00 [INF] Mozilla/5.0 (Windows NT 10.0; Win64; x64; rv:151.0) Gecko/20100101 Firefox/151.0
2026-05-21 17:38:59.684 +00:00 [INF] Fetching user by ID from database...
2026-05-21 17:38:59.686 +00:00 [INF] Executed DbCommand (1ms) [Parameters=[@__id_0='?' (DbType = Int32)], CommandType='"Text"', CommandTimeout='30']
SELECT u."ID", u."Email", u."PasswordHash", u."RegisteredAt", u."Role", u."Username"
FROM "Users" AS u
WHERE u."ID" = @__id_0
LIMIT 1
2026-05-21 17:38:59.689 +00:00 [INF] Executed DbCommand (3ms) [Parameters=[@p0='?' (DbType = DateTime), @p1='?', @p2='?' (DbType = DateTime), @p3='?', @p4='?' (DbType = Int32), @p5='?'], CommandType='"Text"', CommandTimeout='30']
INSERT INTO "AccessTokens" ("CreatedAt", "DeviceFingerprint", "ExpiresAt", "IpAddress", "UserID", jti)
VALUES (@p0, @p1, @p2, @p3, @p4, @p5)
RETURNING "ID", "IsRevoked";
2026-05-21 17:38:59.691 +00:00 [INF] Executed DbCommand (1ms) [Parameters=[@__jti_0='?', @__userID_1='?' (DbType = Int32), @__deviceFingerprint_2='?', @__ipAddress_3='?'], CommandType='"Text"', CommandTimeout='30']
SELECT a."ID", a."CreatedAt", a."DeviceFingerprint", a."ExpiresAt", a."IpAddress", a."IsRevoked", a."UserID", a.jti
FROM "AccessTokens" AS a
WHERE a.jti = @__jti_0 AND NOT (a."IsRevoked") AND a."UserID" = @__userID_1 AND a."DeviceFingerprint" = @__deviceFingerprint_2 AND a."IpAddress" = @__ipAddress_3
2026-05-21 17:38:59.693 +00:00 [INF] Executed DbCommand (2ms) [Parameters=[@p0='?' (DbType = DateTime), @p1='?', @p2='?' (DbType = DateTime), @p3='?', @p4='?', @p5='?' (DbType = Int32)], CommandType='"Text"', CommandTimeout='30']
INSERT INTO "RefreshTokens" ("CreatedAt", "DeviceFingerprint", "ExpiresAt", "IpAddress", "TokenHash", "UserID")
VALUES (@p0, @p1, @p2, @p3, @p4, @p5)
RETURNING "ID", "IsRevoked";
2026-05-21 17:38:59.695 +00:00 [INF] Executed DbCommand (1ms) [Parameters=[@__tokenHash_0='?', @__userId_1='?' (DbType = Int32), @__deviceFingerprint_2='?', @__ipAddress_3='?'], CommandType='"Text"', CommandTimeout='30']
SELECT r."ID", r."CreatedAt", r."DeviceFingerprint", r."ExpiresAt", r."IpAddress", r."IsRevoked", r."TokenHash", r."UserID"
FROM "RefreshTokens" AS r
WHERE r."TokenHash" = @__tokenHash_0 AND NOT (r."IsRevoked") AND r."UserID" = @__userId_1 AND r."DeviceFingerprint" = @__deviceFingerprint_2 AND r."IpAddress" = @__ipAddress_3
2026-05-21 17:38:59.696 +00:00 [INF] Token refreshed successfully for user 1 at "2026-05-21T17:38:59.6962188Z"
2026-05-21 17:38:59.696 +00:00 [INF] Executing OkObjectResult, writing value of type '<>f__AnonymousType3`2[[System.Boolean, System.Private.CoreLib, Version=9.0.0.0, Culture=neutral, PublicKeyToken=7cec85d7bea7798e],[System.Int32, System.Private.CoreLib, Version=9.0.0.0, Culture=neutral, PublicKeyToken=7cec85d7bea7798e]]'.
2026-05-21 17:38:59.696 +00:00 [INF] Executed action API.Controllers.AuthController.RefreshToken (API) in 24.6163ms
2026-05-21 17:38:59.697 +00:00 [INF] Executed endpoint 'API.Controllers.AuthController.RefreshToken (API)'
2026-05-21 17:38:59.698 +00:00 [ERR] Failed executing DbCommand (2ms) [Parameters=[@p1='?' (DbType = Int32), @p0='?' (DbType = Boolean)], CommandType='"Text"', CommandTimeout='30']
UPDATE "RefreshTokens" SET "IsRevoked" = @p0
WHERE "ID" = @p1;
2026-05-21 17:42:59.730 +00:00 [INF] Request starting HTTP/1.1 POST http://localhost:8080/api/auth/refresh - null 0
2026-05-21 17:42:59.731 +00:00 [INF] CORS policy execution successful.
2026-05-21 17:42:59.731 +00:00 [INF] Token validated successfully for user: lengyelnorbi
2026-05-21 17:42:59.732 +00:00 [INF] Device fingerprint headers - UA: Mozilla/5.0 (Windows NT 10.0; Win64; x64; rv:151.0) Gecko/20100101 Firefox/151.0, Accept: */*, Encoding: gzip, deflate, br, zstd
2026-05-21 17:42:59.732 +00:00 [INF] Device fingerprint validation: Stored=/a2uf4z8rcBIhIr7KGbd6aahMr80Bhj+9uyLiYNZ66A=, Current=/a2uf4z8rcBIhIr7KGbd6aahMr80Bhj+9uyLiYNZ66A=
2026-05-21 17:42:59.732 +00:00 [INF] Executing endpoint 'API.Controllers.AuthController.RefreshToken (API)'
2026-05-21 17:42:59.732 +00:00 [INF] Route matched with {action = "RefreshToken", controller = "Auth"}. Executing controller action with signature System.Threading.Tasks.Task`1[Microsoft.AspNetCore.Mvc.IActionResult] RefreshToken() on controller API.Controllers.AuthController (API).
2026-05-21 17:42:59.733 +00:00 [WRN] Refresh token missing from cookies
2026-05-21 17:42:59.733 +00:00 [INF] Executing UnauthorizedObjectResult, writing value of type '<>f__AnonymousType0`1[[System.String, System.Private.CoreLib, Version=9.0.0.0, Culture=neutral, PublicKeyToken=7cec85d7bea7798e]]'.
2026-05-21 17:42:59.734 +00:00 [INF] Executed action API.Controllers.AuthController.RefreshToken (API) in 1.0116ms
2026-05-21 17:42:59.734 +00:00 [INF] Executed endpoint 'API.Controllers.AuthController.RefreshToken (API)'
2026-05-21 17:42:59.734 +00:00 [INF] Request finished HTTP/1.1 POST http://localhost:8080/api/auth/refresh - 401 null application/json; charset=utf-8 4.1106ms
2026-05-21 17:42:59.739 +00:00 [INF] Request starting HTTP/1.1 POST http://localhost:8080/api/auth/logout - null 0
2026-05-21 17:42:59.740 +00:00 [INF] CORS policy execution successful.
2026-05-21 17:42:59.740 +00:00 [INF] Token validated successfully for user: lengyelnorbi
2026-05-21 17:42:59.740 +00:00 [INF] Device fingerprint headers - UA: Mozilla/5.0 (Windows NT 10.0; Win64; x64; rv:151.0) Gecko/20100101 Firefox/151.0, Accept: */*, Encoding: gzip, deflate, br, zstd
2026-05-21 17:42:59.741 +00:00 [INF] Device fingerprint validation: Stored=/a2uf4z8rcBIhIr7KGbd6aahMr80Bhj+9uyLiYNZ66A=, Current=/a2uf4z8rcBIhIr7KGbd6aahMr80Bhj+9uyLiYNZ66A=
2026-05-21 17:42:59.741 +00:00 [INF] Executing endpoint 'API.Controllers.AuthController.Logout (API)'
2026-05-21 17:42:59.741 +00:00 [INF] Route matched with {action = "Logout", controller = "Auth"}. Executing controller action with signature System.Threading.Tasks.Task`1[Microsoft.AspNetCore.Mvc.IActionResult] Logout() on controller API.Controllers.AuthController (API).
2026-05-21 17:42:59.742 +00:00 [WRN] Refresh token missing from cookies
2026-05-21 17:42:59.742 +00:00 [INF] Executing UnauthorizedObjectResult, writing value of type '<>f__AnonymousType0`1[[System.String, System.Private.CoreLib, Version=9.0.0.0, Culture=neutral, PublicKeyToken=7cec85d7bea7798e]]'.
2026-05-21 17:42:59.742 +00:00 [INF] Executed action API.Controllers.AuthController.Logout (API) in 0.755ms
2026-05-21 17:42:59.742 +00:00 [INF] Executed endpoint 'API.Controllers.AuthController.Logout (API)'
2026-05-21 17:42:59.743 +00:00 [INF] Request finished HTTP/1.1 POST http://localhost:8080/api/auth/logout - 401 null application/json; charset=utf-8 3.114ms
2026-05-21 18:04:07.478 +00:00 [INF] Application is shutting down...
