2026-06-14 00:18:03.257 +00:00 [INF] Application is shutting down...
2026-06-14 14:59:22.348 +00:00 [WRN] Storing keys in a directory '/home/app/.aspnet/DataProtection-Keys' that may not be persisted outside of the container. Protected data will be unavailable when container is destroyed. For more information go to https://aka.ms/aspnet/dataprotectionwarning
2026-06-14 14:59:22.385 +00:00 [INF] User profile is available. Using '/home/app/.aspnet/DataProtection-Keys' as key repository; keys will not be encrypted at rest.
2026-06-14 14:59:22.522 +00:00 [INF] Now listening on: http://[::]:8080
2026-06-14 14:59:22.523 +00:00 [INF] Application started. Press Ctrl+C to shut down.
2026-06-14 14:59:22.524 +00:00 [INF] Hosting environment: Development
2026-06-14 14:59:22.524 +00:00 [INF] Content root path: /app
2026-06-14 15:00:10.668 +00:00 [INF] Request starting HTTP/1.1 OPTIONS http://192.168.1.6:8080/api/auth - null null
2026-06-14 15:00:10.680 +00:00 [WRN] Failed to determine the https port for redirect.
2026-06-14 15:00:10.683 +00:00 [INF] CORS policy execution successful.
2026-06-14 15:00:10.691 +00:00 [INF] Request starting HTTP/1.1 POST http://192.168.1.6:8080/api/auth - application/json 74
2026-06-14 15:00:10.687 +00:00 [INF] Request finished HTTP/1.1 OPTIONS http://192.168.1.6:8080/api/auth - 204 null null 19.7152ms
2026-06-14 15:00:10.693 +00:00 [INF] CORS policy execution successful.
2026-06-14 15:00:10.714 +00:00 [INF] ====== OnMessageReceived START ======
2026-06-14 15:00:10.715 +00:00 [INF] Available cookies: 0
2026-06-14 15:00:10.716 +00:00 [WRN] NO TOKEN FOUND IN COOKIES!
2026-06-14 15:00:10.716 +00:00 [INF] ====== OnMessageReceived END - Token set: false ======
2026-06-14 15:00:10.718 +00:00 [INF] Executing endpoint 'API.Controllers.AuthController.Authenticate (API)'
2026-06-14 15:00:10.730 +00:00 [INF] Route matched with {action = "Authenticate", controller = "Auth"}. Executing controller action with signature System.Threading.Tasks.Task`1[Microsoft.AspNetCore.Mvc.IActionResult] Authenticate(API.Models.RequestModels.LoginRequest) on controller API.Controllers.AuthController (API).
2026-06-14 15:00:10.827 +00:00 [INF] Authentication attempt for email: lengyelnorbi5@gmail.com
2026-06-14 15:00:10.828 +00:00 [INF] Fetching user by email from database...
2026-06-14 15:00:11.410 +00:00 [INF] Executed DbCommand (29ms) [Parameters=[@__email_0='?'], CommandType='"Text"', CommandTimeout='30']
SELECT u."ID", u."Email", u."PasswordHash", u."RegisteredAt", u."Role", u."Username"
FROM "Users" AS u
WHERE u."Email" = @__email_0
LIMIT 1
2026-06-14 15:00:11.449 +00:00 [INF] Mozilla/5.0 (Windows NT 10.0; Win64; x64; rv:151.0) Gecko/20100101 Firefox/151.0
2026-06-14 15:00:11.452 +00:00 [INF] Fetching user by email from database...
2026-06-14 15:00:11.456 +00:00 [INF] Executed DbCommand (2ms) [Parameters=[@__email_0='?'], CommandType='"Text"', CommandTimeout='30']
SELECT u."ID", u."Email", u."PasswordHash", u."RegisteredAt", u."Role", u."Username"
FROM "Users" AS u
WHERE u."Email" = @__email_0
LIMIT 1
2026-06-14 15:00:11.964 +00:00 [INF] Password verification completed: Valid
2026-06-14 15:00:12.036 +00:00 [INF] Executed DbCommand (11ms) [Parameters=[@p0='?' (DbType = DateTime), @p1='?', @p2='?' (DbType = DateTime), @p3='?', @p4='?' (DbType = Int32), @p5='?'], CommandType='"Text"', CommandTimeout='30']
INSERT INTO "AccessTokens" ("CreatedAt", "DeviceFingerprint", "ExpiresAt", "IpAddress", "UserID", jti)
VALUES (@p0, @p1, @p2, @p3, @p4, @p5)
RETURNING "ID", "IsRevoked";
2026-06-14 15:00:12.072 +00:00 [INF] Executed DbCommand (5ms) [Parameters=[@p0='?' (DbType = DateTime), @p1='?', @p2='?' (DbType = DateTime), @p3='?', @p4='?', @p5='?' (DbType = Int32)], CommandType='"Text"', CommandTimeout='30']
INSERT INTO "RefreshTokens" ("CreatedAt", "DeviceFingerprint", "ExpiresAt", "IpAddress", "TokenHash", "UserID")
VALUES (@p0, @p1, @p2, @p3, @p4, @p5)
RETURNING "ID", "IsRevoked";
2026-06-14 15:00:12.076 +00:00 [INF] Admin user lengyelnorbi5@gmail.com authenticated successfully from admin panel at "2026-06-14T15:00:12.0766537Z"
2026-06-14 15:00:12.078 +00:00 [INF] --------------------------------------------------------------------
2026-06-14 15:00:12.078 +00:00 [INF] eyJhbGciOiJIUzI1NiIsInR5cCI6IkpXVCJ9.eyJodHRwOi8vc2NoZW1hcy54bWxzb2FwLm9yZy93cy8yMDA1LzA1L2lkZW50aXR5L2NsYWltcy9uYW1laWRlbnRpZmllciI6IjEiLCJodHRwOi8vc2NoZW1hcy54bWxzb2FwLm9yZy93cy8yMDA1LzA1L2lkZW50aXR5L2NsYWltcy9lbWFpbGFkZHJlc3MiOiJsZW5neWVsbm9yYmk1QGdtYWlsLmNvbSIsImh0dHA6Ly9zY2hlbWFzLnhtbHNvYXAub3JnL3dzLzIwMDUvMDUvaWRlbnRpdHkvY2xhaW1zL25hbWUiOiJsZW5neWVsbm9yYmkiLCJqdGkiOiJiNjYxNDRkMC1hMmM1LTQzYjgtOWQ4MS0xYTExOTUwNzU0NTYiLCJpYXQiOjE3ODE0NDkyMTEsImV4cCI6MTc4MTQ0OTUxMSwiaHR0cDovL3NjaGVtYXMubWljcm9zb2Z0LmNvbS93cy8yMDA4LzA2L2lkZW50aXR5L2NsYWltcy9yb2xlIjoiQWRtaW4iLCJTb3VyY2UiOiJhZG1pbiIsIkRldmljZUlkIjoiL2EydWY0ejhyY0JJaElyN0tHYmQ2YWFoTXI4MEJoais5dXlMaVlOWjY2QT0iLCJJUEFkZHJlc3MiOiI6OmZmZmY6MTcyLjIwLjAuMSIsIlRva2VuVmVyc2lvbiI6IjEiLCJpc3MiOiJNdXNpY1BsYXllckFQSSIsImF1ZCI6Ik11c2ljUGxheWVyQ2xpZW50In0.MNlNIl1aJrjshatJZc-4KiCigd23n-g0jrqB0IqZdis
2026-06-14 15:00:12.078 +00:00 [INF] VhU9UVzZkTPVMY6QTCOXUO0WTL8hwm2WubY3ZGvnfeE=
2026-06-14 15:00:12.078 +00:00 [INF] Source: admin
2026-06-14 15:00:12.079 +00:00 [INF] Access Token expires at: "2026-06-14T15:05:11.9658341Z"
2026-06-14 15:00:12.079 +00:00 [INF] Refresh Token expires at: "2026-06-14T23:00:12.0572429Z"
2026-06-14 15:00:12.079 +00:00 [INF] tokenCookieName: adminToken
2026-06-14 15:00:12.079 +00:00 [INF] refreshTokenCookieName: adminRefreshToken
2026-06-14 15:00:12.079 +00:00 [INF] Refresh token hash stored in cookie: VhU9UVzZkTPVMY6QTCOXUO0WTL8hwm2WubY3ZGvnfeE=
2026-06-14 15:00:12.079 +00:00 [INF] --------------------------------------------------------------------
2026-06-14 15:00:12.083 +00:00 [INF] Executing OkObjectResult, writing value of type '<>f__AnonymousType1`4[[System.Boolean, System.Private.CoreLib, Version=9.0.0.0, Culture=neutral, PublicKeyToken=7cec85d7bea7798e],[System.Int32, System.Private.CoreLib, Version=9.0.0.0, Culture=neutral, PublicKeyToken=7cec85d7bea7798e],[System.Int32, System.Private.CoreLib, Version=9.0.0.0, Culture=neutral, PublicKeyToken=7cec85d7bea7798e],[<>f__AnonymousType2`3[[System.Int32, System.Private.CoreLib, Version=9.0.0.0, Culture=neutral, PublicKeyToken=7cec85d7bea7798e],[System.String, System.Private.CoreLib, Version=9.0.0.0, Culture=neutral, PublicKeyToken=7cec85d7bea7798e],[System.String, System.Private.CoreLib, Version=9.0.0.0, Culture=neutral, PublicKeyToken=7cec85d7bea7798e]], API, Version=1.0.0.0, Culture=neutral, PublicKeyToken=null]]'.
2026-06-14 15:00:12.096 +00:00 [INF] Executed action API.Controllers.AuthController.Authenticate (API) in 1363.9715ms
2026-06-14 15:00:12.096 +00:00 [INF] Executed endpoint 'API.Controllers.AuthController.Authenticate (API)'
2026-06-14 15:00:12.100 +00:00 [INF] Request finished HTTP/1.1 POST http://192.168.1.6:8080/api/auth - 200 null application/json; charset=utf-8 1408.8206ms
2026-06-14 15:00:16.513 +00:00 [INF] Request starting HTTP/1.1 GET http://192.168.1.6:8080/api/user?page=1&limit=10 - null null
2026-06-14 15:00:16.514 +00:00 [INF] CORS policy execution successful.
2026-06-14 15:00:16.514 +00:00 [INF] Request starting HTTP/1.1 GET http://192.168.1.6:8080/api/user - null null
2026-06-14 15:00:16.515 +00:00 [INF] ====== OnMessageReceived START ======
2026-06-14 15:00:16.515 +00:00 [INF] CORS policy execution successful.
2026-06-14 15:00:16.515 +00:00 [INF] Available cookies: 0
2026-06-14 15:00:16.515 +00:00 [WRN] NO TOKEN FOUND IN COOKIES!
2026-06-14 15:00:16.515 +00:00 [INF] ====== OnMessageReceived END - Token set: false ======
2026-06-14 15:00:16.516 +00:00 [INF] Executing endpoint 'API.Controllers.UserController.Get (API)'
2026-06-14 15:00:16.516 +00:00 [INF] ====== OnMessageReceived START ======
2026-06-14 15:00:16.516 +00:00 [INF] Available cookies: 0
2026-06-14 15:00:16.516 +00:00 [WRN] NO TOKEN FOUND IN COOKIES!
2026-06-14 15:00:16.516 +00:00 [INF] ====== OnMessageReceived END - Token set: false ======
2026-06-14 15:00:16.522 +00:00 [INF] Executing endpoint 'API.Controllers.UserController.Get (API)'
2026-06-14 15:00:16.524 +00:00 [INF] Route matched with {action = "Get", controller = "User"}. Executing controller action with signature System.Threading.Tasks.Task`1[System.Collections.Generic.IEnumerable`1[API.DTO.UserDTO]] Get() on controller API.Controllers.UserController (API).
2026-06-14 15:00:16.524 +00:00 [INF] Route matched with {action = "Get", controller = "User"}. Executing controller action with signature System.Threading.Tasks.Task`1[System.Collections.Generic.IEnumerable`1[API.DTO.UserDTO]] Get() on controller API.Controllers.UserController (API).
2026-06-14 15:00:16.532 +00:00 [INF] Fetching user data from database...
2026-06-14 15:00:16.532 +00:00 [INF] Fetching user data from database...
2026-06-14 15:00:16.545 +00:00 [INF] Executed DbCommand (1ms) [Parameters=[], CommandType='"Text"', CommandTimeout='30']
SELECT u."ID", u."Email", u."PasswordHash", u."RegisteredAt", u."Role", u."Username"
FROM "Users" AS u
2026-06-14 15:00:16.547 +00:00 [INF] Executing ObjectResult, writing value of type 'System.Collections.Generic.List`1[[API.DTO.UserDTO, API, Version=1.0.0.0, Culture=neutral, PublicKeyToken=null]]'.
2026-06-14 15:00:16.554 +00:00 [INF] Executed DbCommand (1ms) [Parameters=[], CommandType='"Text"', CommandTimeout='30']
SELECT u."ID", u."Email", u."PasswordHash", u."RegisteredAt", u."Role", u."Username"
FROM "Users" AS u
2026-06-14 15:00:16.555 +00:00 [INF] Executing ObjectResult, writing value of type 'System.Collections.Generic.List`1[[API.DTO.UserDTO, API, Version=1.0.0.0, Culture=neutral, PublicKeyToken=null]]'.
2026-06-14 15:00:16.559 +00:00 [INF] Executed action API.Controllers.UserController.Get (API) in 33.9814ms
2026-06-14 15:00:16.562 +00:00 [INF] Executed endpoint 'API.Controllers.UserController.Get (API)'
2026-06-14 15:00:16.562 +00:00 [INF] Executed action API.Controllers.UserController.Get (API) in 37.2525ms
2026-06-14 15:00:16.562 +00:00 [INF] Executed endpoint 'API.Controllers.UserController.Get (API)'
2026-06-14 15:00:16.562 +00:00 [INF] Request finished HTTP/1.1 GET http://192.168.1.6:8080/api/user?page=1&limit=10 - 200 null application/json; charset=utf-8 49.3214ms
2026-06-14 15:00:16.562 +00:00 [INF] Request finished HTTP/1.1 GET http://192.168.1.6:8080/api/user - 200 null application/json; charset=utf-8 48.1232ms
2026-06-14 15:04:42.182 +00:00 [INF] Request starting HTTP/1.1 OPTIONS http://192.168.1.6:8080/api/auth/refresh - null null
2026-06-14 15:04:42.183 +00:00 [INF] CORS policy execution successful.
2026-06-14 15:04:42.183 +00:00 [INF] Request finished HTTP/1.1 OPTIONS http://192.168.1.6:8080/api/auth/refresh - 204 null null 0.8358ms
2026-06-14 15:04:42.186 +00:00 [INF] Request starting HTTP/1.1 POST http://192.168.1.6:8080/api/auth/refresh - application/json 18
2026-06-14 15:04:42.186 +00:00 [INF] CORS policy execution successful.
2026-06-14 15:04:42.186 +00:00 [INF] ====== OnMessageReceived START ======
2026-06-14 15:04:42.187 +00:00 [INF] Available cookies: 0
2026-06-14 15:04:42.187 +00:00 [WRN] NO TOKEN FOUND IN COOKIES!
2026-06-14 15:04:42.187 +00:00 [INF] ====== OnMessageReceived END - Token set: false ======
2026-06-14 15:04:42.190 +00:00 [INF] Authorization failed. These requirements were not met:
DenyAnonymousAuthorizationRequirement: Requires an authenticated user.
2026-06-14 15:04:42.191 +00:00 [INF] AuthenticationScheme: Bearer was challenged.
2026-06-14 15:04:42.191 +00:00 [INF] Request finished HTTP/1.1 POST http://192.168.1.6:8080/api/auth/refresh - 401 0 null 5.9279ms
2026-06-14 15:09:24.332 +00:00 [INF] Request starting HTTP/1.1 OPTIONS http://192.168.1.6:8080/api/auth - null null
2026-06-14 15:09:24.332 +00:00 [INF] CORS policy execution successful.
2026-06-14 15:09:24.333 +00:00 [INF] Request finished HTTP/1.1 OPTIONS http://192.168.1.6:8080/api/auth - 204 null null 0.598ms
2026-06-14 15:09:24.336 +00:00 [INF] Request starting HTTP/1.1 POST http://192.168.1.6:8080/api/auth - application/json 74
2026-06-14 15:09:24.336 +00:00 [INF] CORS policy execution successful.
2026-06-14 15:09:24.336 +00:00 [INF] ====== OnMessageReceived START ======
2026-06-14 15:09:24.336 +00:00 [INF] Available cookies: 0
2026-06-14 15:09:24.336 +00:00 [WRN] NO TOKEN FOUND IN COOKIES!
2026-06-14 15:09:24.337 +00:00 [INF] ====== OnMessageReceived END - Token set: false ======
2026-06-14 15:09:24.337 +00:00 [INF] Executing endpoint 'API.Controllers.AuthController.Authenticate (API)'
2026-06-14 15:09:24.337 +00:00 [INF] Route matched with {action = "Authenticate", controller = "Auth"}. Executing controller action with signature System.Threading.Tasks.Task`1[Microsoft.AspNetCore.Mvc.IActionResult] Authenticate(API.Models.RequestModels.LoginRequest) on controller API.Controllers.AuthController (API).
2026-06-14 15:09:24.339 +00:00 [INF] Authentication attempt for email: lengyelnorbi5@gmail.com
2026-06-14 15:09:24.340 +00:00 [INF] Fetching user by email from database...
2026-06-14 15:09:24.385 +00:00 [INF] Executed DbCommand (9ms) [Parameters=[@__email_0='?'], CommandType='"Text"', CommandTimeout='30']
SELECT u."ID", u."Email", u."PasswordHash", u."RegisteredAt", u."Role", u."Username"
FROM "Users" AS u
WHERE u."Email" = @__email_0
LIMIT 1
2026-06-14 15:09:24.386 +00:00 [INF] Mozilla/5.0 (Windows NT 10.0; Win64; x64; rv:151.0) Gecko/20100101 Firefox/151.0
2026-06-14 15:09:24.386 +00:00 [INF] Fetching user by email from database...
2026-06-14 15:09:24.388 +00:00 [INF] Executed DbCommand (1ms) [Parameters=[@__email_0='?'], CommandType='"Text"', CommandTimeout='30']
SELECT u."ID", u."Email", u."PasswordHash", u."RegisteredAt", u."Role", u."Username"
FROM "Users" AS u
WHERE u."Email" = @__email_0
LIMIT 1
2026-06-14 15:09:24.581 +00:00 [INF] Password verification completed: Valid
2026-06-14 15:09:24.586 +00:00 [INF] Executed DbCommand (4ms) [Parameters=[@p0='?' (DbType = DateTime), @p1='?', @p2='?' (DbType = DateTime), @p3='?', @p4='?' (DbType = Int32), @p5='?'], CommandType='"Text"', CommandTimeout='30']
INSERT INTO "AccessTokens" ("CreatedAt", "DeviceFingerprint", "ExpiresAt", "IpAddress", "UserID", jti)
VALUES (@p0, @p1, @p2, @p3, @p4, @p5)
RETURNING "ID", "IsRevoked";
2026-06-14 15:09:24.588 +00:00 [INF] Executed DbCommand (2ms) [Parameters=[@p0='?' (DbType = DateTime), @p1='?', @p2='?' (DbType = DateTime), @p3='?', @p4='?', @p5='?' (DbType = Int32)], CommandType='"Text"', CommandTimeout='30']
INSERT INTO "RefreshTokens" ("CreatedAt", "DeviceFingerprint", "ExpiresAt", "IpAddress", "TokenHash", "UserID")
VALUES (@p0, @p1, @p2, @p3, @p4, @p5)
RETURNING "ID", "IsRevoked";
2026-06-14 15:09:24.588 +00:00 [INF] Admin user lengyelnorbi5@gmail.com authenticated successfully from admin panel at "2026-06-14T15:09:24.5887630Z"
2026-06-14 15:09:24.588 +00:00 [INF] --------------------------------------------------------------------
2026-06-14 15:09:24.589 +00:00 [INF] eyJhbGciOiJIUzI1NiIsInR5cCI6IkpXVCJ9.eyJodHRwOi8vc2NoZW1hcy54bWxzb2FwLm9yZy93cy8yMDA1LzA1L2lkZW50aXR5L2NsYWltcy9uYW1laWRlbnRpZmllciI6IjEiLCJodHRwOi8vc2NoZW1hcy54bWxzb2FwLm9yZy93cy8yMDA1LzA1L2lkZW50aXR5L2NsYWltcy9lbWFpbGFkZHJlc3MiOiJsZW5neWVsbm9yYmk1QGdtYWlsLmNvbSIsImh0dHA6Ly9zY2hlbWFzLnhtbHNvYXAub3JnL3dzLzIwMDUvMDUvaWRlbnRpdHkvY2xhaW1zL25hbWUiOiJsZW5neWVsbm9yYmkiLCJqdGkiOiJiNTg0MzgzMy1jZWQzLTRjMzktYTQ0NS0zNDlhOTFmMDgyZmEiLCJpYXQiOjE3ODE0NDk3NjQsImV4cCI6MTc4MTQ1MDA2NCwiaHR0cDovL3NjaGVtYXMubWljcm9zb2Z0LmNvbS93cy8yMDA4LzA2L2lkZW50aXR5L2NsYWltcy9yb2xlIjoiQWRtaW4iLCJTb3VyY2UiOiJhZG1pbiIsIkRldmljZUlkIjoiL2EydWY0ejhyY0JJaElyN0tHYmQ2YWFoTXI4MEJoais5dXlMaVlOWjY2QT0iLCJJUEFkZHJlc3MiOiI6OmZmZmY6MTcyLjIwLjAuMSIsIlRva2VuVmVyc2lvbiI6IjEiLCJpc3MiOiJNdXNpY1BsYXllckFQSSIsImF1ZCI6Ik11c2ljUGxheWVyQ2xpZW50In0.kI8QUVoWqxZNLFpVyDP4jpai7OjFu4nrY7EKn2Qau08
2026-06-14 15:09:24.589 +00:00 [INF] 17plEY2ngEv2suyliYnL7djvLfh2aDsRCLE35MU+798=
2026-06-14 15:09:24.589 +00:00 [INF] Source: admin
2026-06-14 15:09:24.589 +00:00 [INF] Access Token expires at: "2026-06-14T15:14:24.5817351Z"
2026-06-14 15:09:24.589 +00:00 [INF] Refresh Token expires at: "2026-06-14T23:09:24.5866620Z"
2026-06-14 15:09:24.589 +00:00 [INF] tokenCookieName: adminToken
2026-06-14 15:09:24.589 +00:00 [INF] refreshTokenCookieName: adminRefreshToken
2026-06-14 15:09:24.590 +00:00 [INF] Refresh token hash stored in cookie: 17plEY2ngEv2suyliYnL7djvLfh2aDsRCLE35MU+798=
2026-06-14 15:09:24.590 +00:00 [INF] --------------------------------------------------------------------
2026-06-14 15:09:24.590 +00:00 [INF] Executing OkObjectResult, writing value of type '<>f__AnonymousType1`4[[System.Boolean, System.Private.CoreLib, Version=9.0.0.0, Culture=neutral, PublicKeyToken=7cec85d7bea7798e],[System.Int32, System.Private.CoreLib, Version=9.0.0.0, Culture=neutral, PublicKeyToken=7cec85d7bea7798e],[System.Int32, System.Private.CoreLib, Version=9.0.0.0, Culture=neutral, PublicKeyToken=7cec85d7bea7798e],[<>f__AnonymousType2`3[[System.Int32, System.Private.CoreLib, Version=9.0.0.0, Culture=neutral, PublicKeyToken=7cec85d7bea7798e],[System.String, System.Private.CoreLib, Version=9.0.0.0, Culture=neutral, PublicKeyToken=7cec85d7bea7798e],[System.String, System.Private.CoreLib, Version=9.0.0.0, Culture=neutral, PublicKeyToken=7cec85d7bea7798e]], API, Version=1.0.0.0, Culture=neutral, PublicKeyToken=null]]'.
2026-06-14 15:09:24.590 +00:00 [INF] Executed action API.Controllers.AuthController.Authenticate (API) in 253.1026ms
2026-06-14 15:09:24.590 +00:00 [INF] Executed endpoint 'API.Controllers.AuthController.Authenticate (API)'
2026-06-14 15:09:24.591 +00:00 [INF] Request finished HTTP/1.1 POST http://192.168.1.6:8080/api/auth - 200 null application/json; charset=utf-8 254.9348ms
2026-06-14 15:09:27.822 +00:00 [INF] Request starting HTTP/1.1 GET http://192.168.1.6:8080/api/user?page=1&limit=10 - null null
2026-06-14 15:09:27.823 +00:00 [INF] CORS policy execution successful.
2026-06-14 15:09:27.823 +00:00 [INF] ====== OnMessageReceived START ======
2026-06-14 15:09:27.823 +00:00 [INF] Available cookies: 0
2026-06-14 15:09:27.823 +00:00 [WRN] NO TOKEN FOUND IN COOKIES!
2026-06-14 15:09:27.824 +00:00 [INF] ====== OnMessageReceived END - Token set: false ======
2026-06-14 15:09:27.824 +00:00 [INF] Executing endpoint 'API.Controllers.UserController.Get (API)'
2026-06-14 15:09:27.824 +00:00 [INF] Route matched with {action = "Get", controller = "User"}. Executing controller action with signature System.Threading.Tasks.Task`1[System.Collections.Generic.IEnumerable`1[API.DTO.UserDTO]] Get() on controller API.Controllers.UserController (API).
2026-06-14 15:09:27.826 +00:00 [INF] Fetching user data from database...
2026-06-14 15:09:27.826 +00:00 [INF] Request starting HTTP/1.1 GET http://192.168.1.6:8080/api/user?page=1&limit=10 - null null
2026-06-14 15:09:27.826 +00:00 [INF] CORS policy execution successful.
2026-06-14 15:09:27.826 +00:00 [INF] ====== OnMessageReceived START ======
2026-06-14 15:09:27.827 +00:00 [INF] Available cookies: 0
2026-06-14 15:09:27.827 +00:00 [WRN] NO TOKEN FOUND IN COOKIES!
2026-06-14 15:09:27.827 +00:00 [INF] ====== OnMessageReceived END - Token set: false ======
2026-06-14 15:09:27.827 +00:00 [INF] Executing endpoint 'API.Controllers.UserController.Get (API)'
2026-06-14 15:09:27.827 +00:00 [INF] Route matched with {action = "Get", controller = "User"}. Executing controller action with signature System.Threading.Tasks.Task`1[System.Collections.Generic.IEnumerable`1[API.DTO.UserDTO]] Get() on controller API.Controllers.UserController (API).
2026-06-14 15:09:27.828 +00:00 [INF] Fetching user data from database...
2026-06-14 15:09:27.828 +00:00 [INF] Executed DbCommand (1ms) [Parameters=[], CommandType='"Text"', CommandTimeout='30']
SELECT u."ID", u."Email", u."PasswordHash", u."RegisteredAt", u."Role", u."Username"
FROM "Users" AS u
2026-06-14 15:09:27.829 +00:00 [INF] Executing ObjectResult, writing value of type 'System.Collections.Generic.List`1[[API.DTO.UserDTO, API, Version=1.0.0.0, Culture=neutral, PublicKeyToken=null]]'.
2026-06-14 15:09:27.829 +00:00 [INF] Executed action API.Controllers.UserController.Get (API) in 4.6792ms
2026-06-14 15:09:27.829 +00:00 [INF] Executed endpoint 'API.Controllers.UserController.Get (API)'
2026-06-14 15:09:27.829 +00:00 [INF] Request finished HTTP/1.1 GET http://192.168.1.6:8080/api/user?page=1&limit=10 - 200 null application/json; charset=utf-8 7.1288ms
2026-06-14 15:09:27.838 +00:00 [INF] Executed DbCommand (2ms) [Parameters=[], CommandType='"Text"', CommandTimeout='30']
SELECT u."ID", u."Email", u."PasswordHash", u."RegisteredAt", u."Role", u."Username"
FROM "Users" AS u
2026-06-14 15:09:27.838 +00:00 [INF] Executing ObjectResult, writing value of type 'System.Collections.Generic.List`1[[API.DTO.UserDTO, API, Version=1.0.0.0, Culture=neutral, PublicKeyToken=null]]'.
2026-06-14 15:09:27.839 +00:00 [INF] Executed action API.Controllers.UserController.Get (API) in 11.1105ms
2026-06-14 15:09:27.839 +00:00 [INF] Executed endpoint 'API.Controllers.UserController.Get (API)'
2026-06-14 15:09:27.839 +00:00 [INF] Request finished HTTP/1.1 GET http://192.168.1.6:8080/api/user?page=1&limit=10 - 200 null application/json; charset=utf-8 13.0222ms
2026-06-14 15:09:31.311 +00:00 [INF] Request starting HTTP/1.1 GET http://192.168.1.6:8080/api/user?page=1&limit=10 - null null
2026-06-14 15:09:31.312 +00:00 [INF] CORS policy execution successful.
2026-06-14 15:09:31.312 +00:00 [INF] ====== OnMessageReceived START ======
2026-06-14 15:09:31.312 +00:00 [INF] Available cookies: 0
2026-06-14 15:09:31.312 +00:00 [WRN] NO TOKEN FOUND IN COOKIES!
2026-06-14 15:09:31.313 +00:00 [INF] ====== OnMessageReceived END - Token set: false ======
2026-06-14 15:09:31.313 +00:00 [INF] Executing endpoint 'API.Controllers.UserController.Get (API)'
2026-06-14 15:09:31.313 +00:00 [INF] Route matched with {action = "Get", controller = "User"}. Executing controller action with signature System.Threading.Tasks.Task`1[System.Collections.Generic.IEnumerable`1[API.DTO.UserDTO]] Get() on controller API.Controllers.UserController (API).
2026-06-14 15:09:31.313 +00:00 [INF] Fetching user data from database...
2026-06-14 15:09:31.315 +00:00 [INF] Executed DbCommand (1ms) [Parameters=[], CommandType='"Text"', CommandTimeout='30']
SELECT u."ID", u."Email", u."PasswordHash", u."RegisteredAt", u."Role", u."Username"
FROM "Users" AS u
2026-06-14 15:09:31.315 +00:00 [INF] Executing ObjectResult, writing value of type 'System.Collections.Generic.List`1[[API.DTO.UserDTO, API, Version=1.0.0.0, Culture=neutral, PublicKeyToken=null]]'.
2026-06-14 15:09:31.316 +00:00 [INF] Executed action API.Controllers.UserController.Get (API) in 2.6285ms
2026-06-14 15:09:31.316 +00:00 [INF] Executed endpoint 'API.Controllers.UserController.Get (API)'
2026-06-14 15:09:31.316 +00:00 [INF] Request finished HTTP/1.1 GET http://192.168.1.6:8080/api/user?page=1&limit=10 - 200 null application/json; charset=utf-8 4.6347ms
2026-06-14 15:09:31.753 +00:00 [INF] Request starting HTTP/1.1 GET http://192.168.1.6:8080/api/user?page=1&limit=10 - null null
2026-06-14 15:09:31.753 +00:00 [INF] CORS policy execution successful.
2026-06-14 15:09:31.753 +00:00 [INF] ====== OnMessageReceived START ======
2026-06-14 15:09:31.753 +00:00 [INF] Available cookies: 0
2026-06-14 15:09:31.753 +00:00 [WRN] NO TOKEN FOUND IN COOKIES!
2026-06-14 15:09:31.754 +00:00 [INF] ====== OnMessageReceived END - Token set: false ======
2026-06-14 15:09:31.754 +00:00 [INF] Executing endpoint 'API.Controllers.UserController.Get (API)'
2026-06-14 15:09:31.754 +00:00 [INF] Route matched with {action = "Get", controller = "User"}. Executing controller action with signature System.Threading.Tasks.Task`1[System.Collections.Generic.IEnumerable`1[API.DTO.UserDTO]] Get() on controller API.Controllers.UserController (API).
2026-06-14 15:09:31.754 +00:00 [INF] Fetching user data from database...
2026-06-14 15:09:31.756 +00:00 [INF] Executed DbCommand (1ms) [Parameters=[], CommandType='"Text"', CommandTimeout='30']
SELECT u."ID", u."Email", u."PasswordHash", u."RegisteredAt", u."Role", u."Username"
FROM "Users" AS u
2026-06-14 15:09:31.757 +00:00 [INF] Executing ObjectResult, writing value of type 'System.Collections.Generic.List`1[[API.DTO.UserDTO, API, Version=1.0.0.0, Culture=neutral, PublicKeyToken=null]]'.
2026-06-14 15:09:31.757 +00:00 [INF] Executed action API.Controllers.UserController.Get (API) in 2.7888ms
2026-06-14 15:09:31.757 +00:00 [INF] Executed endpoint 'API.Controllers.UserController.Get (API)'
2026-06-14 15:09:31.757 +00:00 [INF] Request finished HTTP/1.1 GET http://192.168.1.6:8080/api/user?page=1&limit=10 - 200 null application/json; charset=utf-8 4.8382ms
2026-06-14 15:11:04.405 +00:00 [INF] Application is shutting down...
2026-06-14 15:11:05.175 +00:00 [WRN] Storing keys in a directory '/home/app/.aspnet/DataProtection-Keys' that may not be persisted outside of the container. Protected data will be unavailable when container is destroyed. For more information go to https://aka.ms/aspnet/dataprotectionwarning
2026-06-14 15:11:05.197 +00:00 [INF] User profile is available. Using '/home/app/.aspnet/DataProtection-Keys' as key repository; keys will not be encrypted at rest.
2026-06-14 15:11:05.207 +00:00 [INF] Creating key {0982168a-0e90-49a4-a025-dea05d0b378e} with creation date 2026-06-14 15:11:05Z, activation date 2026-06-14 15:11:05Z, and expiration date 2026-09-12 15:11:05Z.
2026-06-14 15:11:05.242 +00:00 [WRN] No XML encryptor configured. Key {0982168a-0e90-49a4-a025-dea05d0b378e} may be persisted to storage in unencrypted form.
2026-06-14 15:11:05.244 +00:00 [INF] Writing data to file '/home/app/.aspnet/DataProtection-Keys/key-0982168a-0e90-49a4-a025-dea05d0b378e.xml'.
2026-06-14 15:11:05.290 +00:00 [INF] Now listening on: http://[::]:8080
2026-06-14 15:11:05.291 +00:00 [INF] Application started. Press Ctrl+C to shut down.
2026-06-14 15:11:05.292 +00:00 [INF] Hosting environment: Development
2026-06-14 15:11:05.292 +00:00 [INF] Content root path: /app
2026-06-14 15:11:15.122 +00:00 [INF] Request starting HTTP/1.1 GET http://192.168.1.6:8080/api/user?page=1&limit=10 - null null
2026-06-14 15:11:15.122 +00:00 [INF] Request starting HTTP/1.1 GET http://192.168.1.6:8080/api/user?page=1&limit=10 - null null
2026-06-14 15:11:15.135 +00:00 [WRN] Failed to determine the https port for redirect.
2026-06-14 15:11:15.138 +00:00 [INF] CORS policy execution successful.
2026-06-14 15:11:15.138 +00:00 [INF] CORS policy execution successful.
2026-06-14 15:11:15.153 +00:00 [INF] ====== OnMessageReceived START ======
2026-06-14 15:11:15.153 +00:00 [INF] ====== OnMessageReceived START ======
2026-06-14 15:11:15.153 +00:00 [INF] Available cookies: 0
2026-06-14 15:11:15.154 +00:00 [INF] Available cookies: 0
2026-06-14 15:11:15.154 +00:00 [WRN] NO TOKEN FOUND IN COOKIES!
2026-06-14 15:11:15.154 +00:00 [WRN] NO TOKEN FOUND IN COOKIES!
2026-06-14 15:11:15.154 +00:00 [INF] ====== OnMessageReceived END - Token set: false ======
2026-06-14 15:11:15.154 +00:00 [INF] ====== OnMessageReceived END - Token set: false ======
2026-06-14 15:11:15.157 +00:00 [INF] Executing endpoint 'API.Controllers.UserController.Get (API)'
2026-06-14 15:11:15.157 +00:00 [INF] Executing endpoint 'API.Controllers.UserController.Get (API)'
2026-06-14 15:11:15.172 +00:00 [INF] Route matched with {action = "Get", controller = "User"}. Executing controller action with signature System.Threading.Tasks.Task`1[System.Collections.Generic.IEnumerable`1[API.DTO.UserDTO]] Get(Int32, Int32) on controller API.Controllers.UserController (API).
2026-06-14 15:11:15.172 +00:00 [INF] Route matched with {action = "Get", controller = "User"}. Executing controller action with signature System.Threading.Tasks.Task`1[System.Collections.Generic.IEnumerable`1[API.DTO.UserDTO]] Get(Int32, Int32) on controller API.Controllers.UserController (API).
2026-06-14 15:11:15.247 +00:00 [INF] Fetching user data from database...
2026-06-14 15:11:15.247 +00:00 [INF] Fetching user data from database...
2026-06-14 15:11:15.649 +00:00 [WRN] The query uses a row limiting operator ('Skip'/'Take') without an 'OrderBy' operator. This may lead to unpredictable results. If the 'Distinct' operator is used after 'OrderBy', then make sure to use the 'OrderBy' operator after 'Distinct' as the ordering would otherwise get erased.
2026-06-14 15:11:15.650 +00:00 [WRN] The query uses a row limiting operator ('Skip'/'Take') without an 'OrderBy' operator. This may lead to unpredictable results. If the 'Distinct' operator is used after 'OrderBy', then make sure to use the 'OrderBy' operator after 'Distinct' as the ordering would otherwise get erased.
2026-06-14 15:11:15.831 +00:00 [INF] Executed DbCommand (30ms) [Parameters=[@__p_1='?' (DbType = Int32), @__p_0='?' (DbType = Int32)], CommandType='"Text"', CommandTimeout='30']
SELECT u."ID", u."Email", u."PasswordHash", u."RegisteredAt", u."Role", u."Username"
FROM "Users" AS u
LIMIT @__p_1 OFFSET @__p_0
2026-06-14 15:11:15.831 +00:00 [INF] Executed DbCommand (30ms) [Parameters=[@__p_1='?' (DbType = Int32), @__p_0='?' (DbType = Int32)], CommandType='"Text"', CommandTimeout='30']
SELECT u."ID", u."Email", u."PasswordHash", u."RegisteredAt", u."Role", u."Username"
FROM "Users" AS u
LIMIT @__p_1 OFFSET @__p_0
2026-06-14 15:11:15.886 +00:00 [INF] Executing ObjectResult, writing value of type 'System.Collections.Generic.List`1[[API.DTO.UserDTO, API, Version=1.0.0.0, Culture=neutral, PublicKeyToken=null]]'.
2026-06-14 15:11:15.886 +00:00 [INF] Executing ObjectResult, writing value of type 'System.Collections.Generic.List`1[[API.DTO.UserDTO, API, Version=1.0.0.0, Culture=neutral, PublicKeyToken=null]]'.
2026-06-14 15:11:15.918 +00:00 [INF] Executed action API.Controllers.UserController.Get (API) in 744.1575ms
2026-06-14 15:11:15.918 +00:00 [INF] Executed action API.Controllers.UserController.Get (API) in 744.2647ms
2026-06-14 15:11:15.921 +00:00 [INF] Executed endpoint 'API.Controllers.UserController.Get (API)'
2026-06-14 15:11:15.921 +00:00 [INF] Executed endpoint 'API.Controllers.UserController.Get (API)'
2026-06-14 15:11:15.927 +00:00 [INF] Request finished HTTP/1.1 GET http://192.168.1.6:8080/api/user?page=1&limit=10 - 499 null application/json; charset=utf-8 806.3523ms
2026-06-14 15:11:15.927 +00:00 [INF] Request finished HTTP/1.1 GET http://192.168.1.6:8080/api/user?page=1&limit=10 - 499 null application/json; charset=utf-8 806.3356ms
2026-06-14 15:11:16.767 +00:00 [INF] Request starting HTTP/1.1 GET http://192.168.1.6:8080/api/user?page=1&limit=10 - null null
2026-06-14 15:11:16.769 +00:00 [INF] CORS policy execution successful.
2026-06-14 15:11:16.771 +00:00 [INF] Request starting HTTP/1.1 GET http://192.168.1.6:8080/api/user?page=1&limit=10 - null null
2026-06-14 15:11:16.771 +00:00 [INF] ====== OnMessageReceived START ======
2026-06-14 15:11:16.771 +00:00 [INF] CORS policy execution successful.
2026-06-14 15:11:16.771 +00:00 [INF] Available cookies: 0
2026-06-14 15:11:16.771 +00:00 [INF] ====== OnMessageReceived START ======
2026-06-14 15:11:16.771 +00:00 [WRN] NO TOKEN FOUND IN COOKIES!
2026-06-14 15:11:16.771 +00:00 [INF] Available cookies: 0
2026-06-14 15:11:16.772 +00:00 [INF] ====== OnMessageReceived END - Token set: false ======
2026-06-14 15:11:16.772 +00:00 [WRN] NO TOKEN FOUND IN COOKIES!
2026-06-14 15:11:16.772 +00:00 [INF] Executing endpoint 'API.Controllers.UserController.Get (API)'
2026-06-14 15:11:16.772 +00:00 [INF] ====== OnMessageReceived END - Token set: false ======
2026-06-14 15:11:16.772 +00:00 [INF] Route matched with {action = "Get", controller = "User"}. Executing controller action with signature System.Threading.Tasks.Task`1[System.Collections.Generic.IEnumerable`1[API.DTO.UserDTO]] Get(Int32, Int32) on controller API.Controllers.UserController (API).
2026-06-14 15:11:16.772 +00:00 [INF] Executing endpoint 'API.Controllers.UserController.Get (API)'
2026-06-14 15:11:16.778 +00:00 [INF] Route matched with {action = "Get", controller = "User"}. Executing controller action with signature System.Threading.Tasks.Task`1[System.Collections.Generic.IEnumerable`1[API.DTO.UserDTO]] Get(Int32, Int32) on controller API.Controllers.UserController (API).
2026-06-14 15:11:16.781 +00:00 [INF] Fetching user data from database...
2026-06-14 15:11:16.781 +00:00 [INF] Fetching user data from database...
2026-06-14 15:11:16.826 +00:00 [INF] Executed DbCommand (11ms) [Parameters=[@__p_1='?' (DbType = Int32), @__p_0='?' (DbType = Int32)], CommandType='"Text"', CommandTimeout='30']
SELECT u."ID", u."Email", u."PasswordHash", u."RegisteredAt", u."Role", u."Username"
FROM "Users" AS u
LIMIT @__p_1 OFFSET @__p_0
2026-06-14 15:11:16.826 +00:00 [INF] Executed DbCommand (11ms) [Parameters=[@__p_1='?' (DbType = Int32), @__p_0='?' (DbType = Int32)], CommandType='"Text"', CommandTimeout='30']
SELECT u."ID", u."Email", u."PasswordHash", u."RegisteredAt", u."Role", u."Username"
FROM "Users" AS u
LIMIT @__p_1 OFFSET @__p_0
2026-06-14 15:11:16.827 +00:00 [INF] Executing ObjectResult, writing value of type 'System.Collections.Generic.List`1[[API.DTO.UserDTO, API, Version=1.0.0.0, Culture=neutral, PublicKeyToken=null]]'.
2026-06-14 15:11:16.827 +00:00 [INF] Executing ObjectResult, writing value of type 'System.Collections.Generic.List`1[[API.DTO.UserDTO, API, Version=1.0.0.0, Culture=neutral, PublicKeyToken=null]]'.
2026-06-14 15:11:16.829 +00:00 [INF] Executed action API.Controllers.UserController.Get (API) in 56.59ms
2026-06-14 15:11:16.829 +00:00 [INF] Executed action API.Controllers.UserController.Get (API) in 50.6662ms
2026-06-14 15:11:16.829 +00:00 [INF] Executed endpoint 'API.Controllers.UserController.Get (API)'
2026-06-14 15:11:16.830 +00:00 [INF] Executed endpoint 'API.Controllers.UserController.Get (API)'
2026-06-14 15:11:16.830 +00:00 [INF] Request finished HTTP/1.1 GET http://192.168.1.6:8080/api/user?page=1&limit=10 - 200 null application/json; charset=utf-8 59.2715ms
2026-06-14 15:11:16.830 +00:00 [INF] Request finished HTTP/1.1 GET http://192.168.1.6:8080/api/user?page=1&limit=10 - 200 null application/json; charset=utf-8 62.4382ms
2026-06-14 15:11:17.989 +00:00 [INF] Request starting HTTP/1.1 GET http://192.168.1.6:8080/api/user?page=1&limit=10 - null null
2026-06-14 15:11:17.989 +00:00 [INF] Request starting HTTP/1.1 GET http://192.168.1.6:8080/api/user?page=1&limit=10 - null null
2026-06-14 15:11:17.990 +00:00 [INF] CORS policy execution successful.
2026-06-14 15:11:17.990 +00:00 [INF] CORS policy execution successful.
2026-06-14 15:11:17.990 +00:00 [INF] ====== OnMessageReceived START ======
2026-06-14 15:11:17.990 +00:00 [INF] ====== OnMessageReceived START ======
2026-06-14 15:11:17.990 +00:00 [INF] Available cookies: 0
2026-06-14 15:11:17.990 +00:00 [INF] Available cookies: 0
2026-06-14 15:11:17.991 +00:00 [WRN] NO TOKEN FOUND IN COOKIES!
2026-06-14 15:11:17.991 +00:00 [WRN] NO TOKEN FOUND IN COOKIES!
2026-06-14 15:11:17.991 +00:00 [INF] ====== OnMessageReceived END - Token set: false ======
2026-06-14 15:11:17.991 +00:00 [INF] ====== OnMessageReceived END - Token set: false ======
2026-06-14 15:11:17.991 +00:00 [INF] Executing endpoint 'API.Controllers.UserController.Get (API)'
2026-06-14 15:11:17.991 +00:00 [INF] Executing endpoint 'API.Controllers.UserController.Get (API)'
2026-06-14 15:11:17.992 +00:00 [INF] Route matched with {action = "Get", controller = "User"}. Executing controller action with signature System.Threading.Tasks.Task`1[System.Collections.Generic.IEnumerable`1[API.DTO.UserDTO]] Get(Int32, Int32) on controller API.Controllers.UserController (API).
2026-06-14 15:11:17.992 +00:00 [INF] Route matched with {action = "Get", controller = "User"}. Executing controller action with signature System.Threading.Tasks.Task`1[System.Collections.Generic.IEnumerable`1[API.DTO.UserDTO]] Get(Int32, Int32) on controller API.Controllers.UserController (API).
2026-06-14 15:11:17.992 +00:00 [INF] Fetching user data from database...
2026-06-14 15:11:17.992 +00:00 [INF] Fetching user data from database...
2026-06-14 15:11:17.995 +00:00 [INF] Executed DbCommand (1ms) [Parameters=[@__p_1='?' (DbType = Int32), @__p_0='?' (DbType = Int32)], CommandType='"Text"', CommandTimeout='30']
SELECT u."ID", u."Email", u."PasswordHash", u."RegisteredAt", u."Role", u."Username"
FROM "Users" AS u
LIMIT @__p_1 OFFSET @__p_0
2026-06-14 15:11:17.995 +00:00 [INF] Executed DbCommand (1ms) [Parameters=[@__p_1='?' (DbType = Int32), @__p_0='?' (DbType = Int32)], CommandType='"Text"', CommandTimeout='30']
SELECT u."ID", u."Email", u."PasswordHash", u."RegisteredAt", u."Role", u."Username"
FROM "Users" AS u
LIMIT @__p_1 OFFSET @__p_0
2026-06-14 15:11:17.995 +00:00 [INF] Executing ObjectResult, writing value of type 'System.Collections.Generic.List`1[[API.DTO.UserDTO, API, Version=1.0.0.0, Culture=neutral, PublicKeyToken=null]]'.
2026-06-14 15:11:17.995 +00:00 [INF] Executing ObjectResult, writing value of type 'System.Collections.Generic.List`1[[API.DTO.UserDTO, API, Version=1.0.0.0, Culture=neutral, PublicKeyToken=null]]'.
2026-06-14 15:11:17.996 +00:00 [INF] Executed action API.Controllers.UserController.Get (API) in 3.8677ms
2026-06-14 15:11:17.996 +00:00 [INF] Executed action API.Controllers.UserController.Get (API) in 4ms
2026-06-14 15:11:17.996 +00:00 [INF] Executed endpoint 'API.Controllers.UserController.Get (API)'
2026-06-14 15:11:17.996 +00:00 [INF] Executed endpoint 'API.Controllers.UserController.Get (API)'
2026-06-14 15:11:17.996 +00:00 [INF] Request finished HTTP/1.1 GET http://192.168.1.6:8080/api/user?page=1&limit=10 - 200 null application/json; charset=utf-8 7.1841ms
2026-06-14 15:11:17.997 +00:00 [INF] Request finished HTTP/1.1 GET http://192.168.1.6:8080/api/user?page=1&limit=10 - 200 null application/json; charset=utf-8 7.3231ms
2026-06-14 15:11:19.642 +00:00 [INF] Request starting HTTP/1.1 GET http://192.168.1.6:8080/api/user?page=1&limit=10 - null null
2026-06-14 15:11:19.642 +00:00 [INF] CORS policy execution successful.
2026-06-14 15:11:19.643 +00:00 [INF] ====== OnMessageReceived START ======
2026-06-14 15:11:19.643 +00:00 [INF] Available cookies: 0
2026-06-14 15:11:19.643 +00:00 [WRN] NO TOKEN FOUND IN COOKIES!
2026-06-14 15:11:19.643 +00:00 [INF] ====== OnMessageReceived END - Token set: false ======
2026-06-14 15:11:19.643 +00:00 [INF] Executing endpoint 'API.Controllers.UserController.Get (API)'
2026-06-14 15:11:19.644 +00:00 [INF] Route matched with {action = "Get", controller = "User"}. Executing controller action with signature System.Threading.Tasks.Task`1[System.Collections.Generic.IEnumerable`1[API.DTO.UserDTO]] Get(Int32, Int32) on controller API.Controllers.UserController (API).
2026-06-14 15:11:19.644 +00:00 [INF] Fetching user data from database...
2026-06-14 15:11:19.646 +00:00 [INF] Request starting HTTP/1.1 GET http://192.168.1.6:8080/api/user?page=1&limit=10 - null null
2026-06-14 15:11:19.646 +00:00 [INF] CORS policy execution successful.
2026-06-14 15:11:19.646 +00:00 [INF] ====== OnMessageReceived START ======
2026-06-14 15:11:19.646 +00:00 [INF] Executed DbCommand (1ms) [Parameters=[@__p_1='?' (DbType = Int32), @__p_0='?' (DbType = Int32)], CommandType='"Text"', CommandTimeout='30']
SELECT u."ID", u."Email", u."PasswordHash", u."RegisteredAt", u."Role", u."Username"
FROM "Users" AS u
LIMIT @__p_1 OFFSET @__p_0
2026-06-14 15:11:19.646 +00:00 [INF] Available cookies: 0
2026-06-14 15:11:19.646 +00:00 [WRN] NO TOKEN FOUND IN COOKIES!
2026-06-14 15:11:19.647 +00:00 [INF] Executing ObjectResult, writing value of type 'System.Collections.Generic.List`1[[API.DTO.UserDTO, API, Version=1.0.0.0, Culture=neutral, PublicKeyToken=null]]'.
2026-06-14 15:11:19.647 +00:00 [INF] ====== OnMessageReceived END - Token set: false ======
2026-06-14 15:11:19.647 +00:00 [INF] Executed action API.Controllers.UserController.Get (API) in 3.1703ms
2026-06-14 15:11:19.647 +00:00 [INF] Executing endpoint 'API.Controllers.UserController.Get (API)'
2026-06-14 15:11:19.647 +00:00 [INF] Executed endpoint 'API.Controllers.UserController.Get (API)'
2026-06-14 15:11:19.647 +00:00 [INF] Route matched with {action = "Get", controller = "User"}. Executing controller action with signature System.Threading.Tasks.Task`1[System.Collections.Generic.IEnumerable`1[API.DTO.UserDTO]] Get(Int32, Int32) on controller API.Controllers.UserController (API).
2026-06-14 15:11:19.647 +00:00 [INF] Request finished HTTP/1.1 GET http://192.168.1.6:8080/api/user?page=1&limit=10 - 200 null application/json; charset=utf-8 5.5125ms
2026-06-14 15:11:19.648 +00:00 [INF] Fetching user data from database...
2026-06-14 15:11:19.649 +00:00 [INF] Executed DbCommand (1ms) [Parameters=[@__p_1='?' (DbType = Int32), @__p_0='?' (DbType = Int32)], CommandType='"Text"', CommandTimeout='30']
SELECT u."ID", u."Email", u."PasswordHash", u."RegisteredAt", u."Role", u."Username"
FROM "Users" AS u
LIMIT @__p_1 OFFSET @__p_0
2026-06-14 15:11:19.649 +00:00 [INF] Executing ObjectResult, writing value of type 'System.Collections.Generic.List`1[[API.DTO.UserDTO, API, Version=1.0.0.0, Culture=neutral, PublicKeyToken=null]]'.
2026-06-14 15:11:19.650 +00:00 [INF] Executed action API.Controllers.UserController.Get (API) in 2.1412ms
2026-06-14 15:11:19.650 +00:00 [INF] Executed endpoint 'API.Controllers.UserController.Get (API)'
2026-06-14 15:11:19.650 +00:00 [INF] Request finished HTTP/1.1 GET http://192.168.1.6:8080/api/user?page=1&limit=10 - 200 null application/json; charset=utf-8 4.2876ms
2026-06-14 15:11:33.292 +00:00 [INF] Request starting HTTP/1.1 GET http://192.168.1.6:8080/api/user?page=1&limit=10 - null null
2026-06-14 15:11:33.293 +00:00 [INF] CORS policy execution successful.
2026-06-14 15:11:33.293 +00:00 [INF] Request starting HTTP/1.1 GET http://192.168.1.6:8080/api/user?page=1&limit=10 - null null
2026-06-14 15:11:33.293 +00:00 [INF] ====== OnMessageReceived START ======
2026-06-14 15:11:33.293 +00:00 [INF] CORS policy execution successful.
2026-06-14 15:11:33.293 +00:00 [INF] Available cookies: 0
2026-06-14 15:11:33.294 +00:00 [INF] ====== OnMessageReceived START ======
2026-06-14 15:11:33.294 +00:00 [WRN] NO TOKEN FOUND IN COOKIES!
2026-06-14 15:11:33.294 +00:00 [INF] Available cookies: 0
2026-06-14 15:11:33.294 +00:00 [INF] ====== OnMessageReceived END - Token set: false ======
2026-06-14 15:11:33.294 +00:00 [WRN] NO TOKEN FOUND IN COOKIES!
2026-06-14 15:11:33.295 +00:00 [INF] Executing endpoint 'API.Controllers.UserController.Get (API)'
2026-06-14 15:11:33.295 +00:00 [INF] ====== OnMessageReceived END - Token set: false ======
2026-06-14 15:11:33.295 +00:00 [INF] Route matched with {action = "Get", controller = "User"}. Executing controller action with signature System.Threading.Tasks.Task`1[System.Collections.Generic.IEnumerable`1[API.DTO.UserDTO]] Get(Int32, Int32) on controller API.Controllers.UserController (API).
2026-06-14 15:11:33.295 +00:00 [INF] Executing endpoint 'API.Controllers.UserController.Get (API)'
2026-06-14 15:11:33.295 +00:00 [INF] Route matched with {action = "Get", controller = "User"}. Executing controller action with signature System.Threading.Tasks.Task`1[System.Collections.Generic.IEnumerable`1[API.DTO.UserDTO]] Get(Int32, Int32) on controller API.Controllers.UserController (API).
2026-06-14 15:11:33.296 +00:00 [INF] Fetching user data from database...
2026-06-14 15:11:33.296 +00:00 [INF] Fetching user data from database...
2026-06-14 15:11:33.298 +00:00 [INF] Executed DbCommand (2ms) [Parameters=[@__p_1='?' (DbType = Int32), @__p_0='?' (DbType = Int32)], CommandType='"Text"', CommandTimeout='30']
SELECT u."ID", u."Email", u."PasswordHash", u."RegisteredAt", u."Role", u."Username"
FROM "Users" AS u
LIMIT @__p_1 OFFSET @__p_0
2026-06-14 15:11:33.298 +00:00 [INF] Executed DbCommand (2ms) [Parameters=[@__p_1='?' (DbType = Int32), @__p_0='?' (DbType = Int32)], CommandType='"Text"', CommandTimeout='30']
SELECT u."ID", u."Email", u."PasswordHash", u."RegisteredAt", u."Role", u."Username"
FROM "Users" AS u
LIMIT @__p_1 OFFSET @__p_0
2026-06-14 15:11:33.299 +00:00 [INF] Executing ObjectResult, writing value of type 'System.Collections.Generic.List`1[[API.DTO.UserDTO, API, Version=1.0.0.0, Culture=neutral, PublicKeyToken=null]]'.
2026-06-14 15:11:33.299 +00:00 [INF] Executing ObjectResult, writing value of type 'System.Collections.Generic.List`1[[API.DTO.UserDTO, API, Version=1.0.0.0, Culture=neutral, PublicKeyToken=null]]'.
2026-06-14 15:11:33.299 +00:00 [INF] Executed action API.Controllers.UserController.Get (API) in 3.6375ms
2026-06-14 15:11:33.299 +00:00 [INF] Executed action API.Controllers.UserController.Get (API) in 4.3494ms
2026-06-14 15:11:33.300 +00:00 [INF] Executed endpoint 'API.Controllers.UserController.Get (API)'
2026-06-14 15:11:33.300 +00:00 [INF] Executed endpoint 'API.Controllers.UserController.Get (API)'
2026-06-14 15:11:33.300 +00:00 [INF] Request finished HTTP/1.1 GET http://192.168.1.6:8080/api/user?page=1&limit=10 - 200 null application/json; charset=utf-8 7.2032ms
2026-06-14 15:11:33.300 +00:00 [INF] Request finished HTTP/1.1 GET http://192.168.1.6:8080/api/user?page=1&limit=10 - 200 null application/json; charset=utf-8 8.109ms
2026-06-14 15:13:50.746 +00:00 [INF] Request starting HTTP/1.1 GET http://192.168.1.6:8080/api/user?page=1&limit=10 - null null
2026-06-14 15:13:50.746 +00:00 [INF] Request starting HTTP/1.1 GET http://192.168.1.6:8080/api/user?page=1&limit=10 - null null
2026-06-14 15:13:50.747 +00:00 [INF] CORS policy execution successful.
2026-06-14 15:13:50.747 +00:00 [INF] CORS policy execution successful.
2026-06-14 15:13:50.747 +00:00 [INF] ====== OnMessageReceived START ======
2026-06-14 15:13:50.747 +00:00 [INF] ====== OnMessageReceived START ======
2026-06-14 15:13:50.747 +00:00 [INF] Available cookies: 0
2026-06-14 15:13:50.747 +00:00 [INF] Available cookies: 0
2026-06-14 15:13:50.748 +00:00 [WRN] NO TOKEN FOUND IN COOKIES!
2026-06-14 15:13:50.748 +00:00 [WRN] NO TOKEN FOUND IN COOKIES!
2026-06-14 15:13:50.748 +00:00 [INF] ====== OnMessageReceived END - Token set: false ======
2026-06-14 15:13:50.748 +00:00 [INF] ====== OnMessageReceived END - Token set: false ======
2026-06-14 15:13:50.748 +00:00 [INF] Executing endpoint 'API.Controllers.UserController.Get (API)'
2026-06-14 15:13:50.748 +00:00 [INF] Executing endpoint 'API.Controllers.UserController.Get (API)'
2026-06-14 15:13:50.749 +00:00 [INF] Route matched with {action = "Get", controller = "User"}. Executing controller action with signature System.Threading.Tasks.Task`1[System.Collections.Generic.IEnumerable`1[API.DTO.UserDTO]] Get(Int32, Int32) on controller API.Controllers.UserController (API).
2026-06-14 15:13:50.749 +00:00 [INF] Route matched with {action = "Get", controller = "User"}. Executing controller action with signature System.Threading.Tasks.Task`1[System.Collections.Generic.IEnumerable`1[API.DTO.UserDTO]] Get(Int32, Int32) on controller API.Controllers.UserController (API).
2026-06-14 15:13:50.749 +00:00 [INF] Fetching user data from database...
2026-06-14 15:13:50.749 +00:00 [INF] Fetching user data from database...
2026-06-14 15:13:50.751 +00:00 [INF] Executed DbCommand (1ms) [Parameters=[@__p_1='?' (DbType = Int32), @__p_0='?' (DbType = Int32)], CommandType='"Text"', CommandTimeout='30']
SELECT u."ID", u."Email", u."PasswordHash", u."RegisteredAt", u."Role", u."Username"
FROM "Users" AS u
LIMIT @__p_1 OFFSET @__p_0
2026-06-14 15:13:50.751 +00:00 [INF] Executed DbCommand (1ms) [Parameters=[@__p_1='?' (DbType = Int32), @__p_0='?' (DbType = Int32)], CommandType='"Text"', CommandTimeout='30']
SELECT u."ID", u."Email", u."PasswordHash", u."RegisteredAt", u."Role", u."Username"
FROM "Users" AS u
LIMIT @__p_1 OFFSET @__p_0
2026-06-14 15:13:50.752 +00:00 [INF] Executing ObjectResult, writing value of type 'System.Collections.Generic.List`1[[API.DTO.UserDTO, API, Version=1.0.0.0, Culture=neutral, PublicKeyToken=null]]'.
2026-06-14 15:13:50.752 +00:00 [INF] Executing ObjectResult, writing value of type 'System.Collections.Generic.List`1[[API.DTO.UserDTO, API, Version=1.0.0.0, Culture=neutral, PublicKeyToken=null]]'.
2026-06-14 15:13:50.752 +00:00 [INF] Executed action API.Controllers.UserController.Get (API) in 3.1807ms
2026-06-14 15:13:50.752 +00:00 [INF] Executed action API.Controllers.UserController.Get (API) in 3.3883ms
2026-06-14 15:13:50.752 +00:00 [INF] Executed endpoint 'API.Controllers.UserController.Get (API)'
2026-06-14 15:13:50.752 +00:00 [INF] Executed endpoint 'API.Controllers.UserController.Get (API)'
2026-06-14 15:13:50.753 +00:00 [INF] Request finished HTTP/1.1 GET http://192.168.1.6:8080/api/user?page=1&limit=10 - 200 null application/json; charset=utf-8 6.4012ms
2026-06-14 15:13:50.753 +00:00 [INF] Request finished HTTP/1.1 GET http://192.168.1.6:8080/api/user?page=1&limit=10 - 200 null application/json; charset=utf-8 6.5401ms
2026-06-14 15:13:54.984 +00:00 [INF] Request starting HTTP/1.1 OPTIONS http://192.168.1.6:8080/api/auth/refresh - null null
2026-06-14 15:13:54.984 +00:00 [INF] CORS policy execution successful.
2026-06-14 15:13:54.985 +00:00 [INF] Request finished HTTP/1.1 OPTIONS http://192.168.1.6:8080/api/auth/refresh - 204 null null 1.2432ms
2026-06-14 15:13:54.987 +00:00 [INF] Request starting HTTP/1.1 POST http://192.168.1.6:8080/api/auth/refresh - application/json 18
2026-06-14 15:13:54.988 +00:00 [INF] CORS policy execution successful.
2026-06-14 15:13:54.988 +00:00 [INF] ====== OnMessageReceived START ======
2026-06-14 15:13:54.988 +00:00 [INF] Available cookies: 0
2026-06-14 15:13:54.988 +00:00 [WRN] NO TOKEN FOUND IN COOKIES!
2026-06-14 15:13:54.989 +00:00 [INF] ====== OnMessageReceived END - Token set: false ======
2026-06-14 15:13:54.991 +00:00 [INF] Authorization failed. These requirements were not met:
DenyAnonymousAuthorizationRequirement: Requires an authenticated user.
2026-06-14 15:13:54.992 +00:00 [INF] AuthenticationScheme: Bearer was challenged.
2026-06-14 15:13:54.993 +00:00 [INF] Request finished HTTP/1.1 POST http://192.168.1.6:8080/api/auth/refresh - 401 0 null 5.4612ms
2026-06-14 15:14:00.317 +00:00 [INF] Request starting HTTP/1.1 OPTIONS http://192.168.1.6:8080/api/auth - null null
2026-06-14 15:14:00.319 +00:00 [INF] CORS policy execution successful.
2026-06-14 15:14:00.320 +00:00 [INF] Request finished HTTP/1.1 OPTIONS http://192.168.1.6:8080/api/auth - 204 null null 3.1736ms
2026-06-14 15:14:00.325 +00:00 [INF] Request starting HTTP/1.1 POST http://192.168.1.6:8080/api/auth - application/json 74
2026-06-14 15:14:00.327 +00:00 [INF] CORS policy execution successful.
2026-06-14 15:14:00.327 +00:00 [INF] ====== OnMessageReceived START ======
2026-06-14 15:14:00.327 +00:00 [INF] Available cookies: 0
2026-06-14 15:14:00.328 +00:00 [WRN] NO TOKEN FOUND IN COOKIES!
2026-06-14 15:14:00.329 +00:00 [INF] ====== OnMessageReceived END - Token set: false ======
2026-06-14 15:14:00.329 +00:00 [INF] Executing endpoint 'API.Controllers.AuthController.Authenticate (API)'
2026-06-14 15:14:00.332 +00:00 [INF] Route matched with {action = "Authenticate", controller = "Auth"}. Executing controller action with signature System.Threading.Tasks.Task`1[Microsoft.AspNetCore.Mvc.IActionResult] Authenticate(API.Models.RequestModels.LoginRequest) on controller API.Controllers.AuthController (API).
2026-06-14 15:14:00.348 +00:00 [INF] Authentication attempt for email: lengyelnorbi5@gmail.com
2026-06-14 15:14:00.348 +00:00 [INF] Fetching user by email from database...
2026-06-14 15:14:00.372 +00:00 [INF] Executed DbCommand (3ms) [Parameters=[@__email_0='?'], CommandType='"Text"', CommandTimeout='30']
SELECT u."ID", u."Email", u."PasswordHash", u."RegisteredAt", u."Role", u."Username"
FROM "Users" AS u
WHERE u."Email" = @__email_0
LIMIT 1
2026-06-14 15:14:00.373 +00:00 [INF] Mozilla/5.0 (Windows NT 10.0; Win64; x64; rv:151.0) Gecko/20100101 Firefox/151.0
2026-06-14 15:14:00.376 +00:00 [INF] Fetching user by email from database...
2026-06-14 15:14:00.379 +00:00 [INF] Executed DbCommand (1ms) [Parameters=[@__email_0='?'], CommandType='"Text"', CommandTimeout='30']
SELECT u."ID", u."Email", u."PasswordHash", u."RegisteredAt", u."Role", u."Username"
FROM "Users" AS u
WHERE u."Email" = @__email_0
LIMIT 1
2026-06-14 15:14:00.743 +00:00 [INF] Password verification completed: Valid
2026-06-14 15:14:00.809 +00:00 [INF] Executed DbCommand (8ms) [Parameters=[@p0='?' (DbType = DateTime), @p1='?', @p2='?' (DbType = DateTime), @p3='?', @p4='?' (DbType = Int32), @p5='?'], CommandType='"Text"', CommandTimeout='30']
INSERT INTO "AccessTokens" ("CreatedAt", "DeviceFingerprint", "ExpiresAt", "IpAddress", "UserID", jti)
VALUES (@p0, @p1, @p2, @p3, @p4, @p5)
RETURNING "ID", "IsRevoked";
2026-06-14 15:14:00.836 +00:00 [INF] Executed DbCommand (2ms) [Parameters=[@p0='?' (DbType = DateTime), @p1='?', @p2='?' (DbType = DateTime), @p3='?', @p4='?', @p5='?' (DbType = Int32)], CommandType='"Text"', CommandTimeout='30']
INSERT INTO "RefreshTokens" ("CreatedAt", "DeviceFingerprint", "ExpiresAt", "IpAddress", "TokenHash", "UserID")
VALUES (@p0, @p1, @p2, @p3, @p4, @p5)
RETURNING "ID", "IsRevoked";
2026-06-14 15:14:00.838 +00:00 [INF] Admin user lengyelnorbi5@gmail.com authenticated successfully from admin panel at "2026-06-14T15:14:00.8381396Z"
2026-06-14 15:14:00.839 +00:00 [INF] --------------------------------------------------------------------
2026-06-14 15:14:00.839 +00:00 [INF] eyJhbGciOiJIUzI1NiIsInR5cCI6IkpXVCJ9.eyJodHRwOi8vc2NoZW1hcy54bWxzb2FwLm9yZy93cy8yMDA1LzA1L2lkZW50aXR5L2NsYWltcy9uYW1laWRlbnRpZmllciI6IjEiLCJodHRwOi8vc2NoZW1hcy54bWxzb2FwLm9yZy93cy8yMDA1LzA1L2lkZW50aXR5L2NsYWltcy9lbWFpbGFkZHJlc3MiOiJsZW5neWVsbm9yYmk1QGdtYWlsLmNvbSIsImh0dHA6Ly9zY2hlbWFzLnhtbHNvYXAub3JnL3dzLzIwMDUvMDUvaWRlbnRpdHkvY2xhaW1zL25hbWUiOiJsZW5neWVsbm9yYmkiLCJqdGkiOiI5MWJhYjY1ZS00MmJjLTQ1ODktYmY0Ny1kZTU1YTA1NDliNzYiLCJpYXQiOjE3ODE0NTAwNDAsImV4cCI6MTc4MTQ1MDM0MCwiaHR0cDovL3NjaGVtYXMubWljcm9zb2Z0LmNvbS93cy8yMDA4LzA2L2lkZW50aXR5L2NsYWltcy9yb2xlIjoiQWRtaW4iLCJTb3VyY2UiOiJhZG1pbiIsIkRldmljZUlkIjoiL2EydWY0ejhyY0JJaElyN0tHYmQ2YWFoTXI4MEJoais5dXlMaVlOWjY2QT0iLCJJUEFkZHJlc3MiOiI6OmZmZmY6MTcyLjIwLjAuMSIsIlRva2VuVmVyc2lvbiI6IjEiLCJpc3MiOiJNdXNpY1BsYXllckFQSSIsImF1ZCI6Ik11c2ljUGxheWVyQ2xpZW50In0.qiSjQp5phIF_jn4kFpt8I6lN-LBvYHLPCP9nLL594Ns
2026-06-14 15:14:00.839 +00:00 [INF] 27W+YCisDzSfN3tGN00ffY0TkMue37dvGr/2dY68ymY=
2026-06-14 15:14:00.839 +00:00 [INF] Source: admin
2026-06-14 15:14:00.840 +00:00 [INF] Access Token expires at: "2026-06-14T15:19:00.7447420Z"
2026-06-14 15:14:00.840 +00:00 [INF] Refresh Token expires at: "2026-06-14T23:14:00.8258542Z"
2026-06-14 15:14:00.840 +00:00 [INF] tokenCookieName: adminToken
2026-06-14 15:14:00.840 +00:00 [INF] refreshTokenCookieName: adminRefreshToken
2026-06-14 15:14:00.840 +00:00 [INF] Refresh token hash stored in cookie: 27W+YCisDzSfN3tGN00ffY0TkMue37dvGr/2dY68ymY=
2026-06-14 15:14:00.840 +00:00 [INF] --------------------------------------------------------------------
2026-06-14 15:14:00.841 +00:00 [INF] Executing OkObjectResult, writing value of type '<>f__AnonymousType1`4[[System.Boolean, System.Private.CoreLib, Version=9.0.0.0, Culture=neutral, PublicKeyToken=7cec85d7bea7798e],[System.Int32, System.Private.CoreLib, Version=9.0.0.0, Culture=neutral, PublicKeyToken=7cec85d7bea7798e],[System.Int32, System.Private.CoreLib, Version=9.0.0.0, Culture=neutral, PublicKeyToken=7cec85d7bea7798e],[<>f__AnonymousType2`3[[System.Int32, System.Private.CoreLib, Version=9.0.0.0, Culture=neutral, PublicKeyToken=7cec85d7bea7798e],[System.String, System.Private.CoreLib, Version=9.0.0.0, Culture=neutral, PublicKeyToken=7cec85d7bea7798e],[System.String, System.Private.CoreLib, Version=9.0.0.0, Culture=neutral, PublicKeyToken=7cec85d7bea7798e]], API, Version=1.0.0.0, Culture=neutral, PublicKeyToken=null]]'.
2026-06-14 15:14:00.844 +00:00 [INF] Executed action API.Controllers.AuthController.Authenticate (API) in 511.9737ms
2026-06-14 15:14:00.844 +00:00 [INF] Executed endpoint 'API.Controllers.AuthController.Authenticate (API)'
2026-06-14 15:14:00.844 +00:00 [INF] Request finished HTTP/1.1 POST http://192.168.1.6:8080/api/auth - 200 null application/json; charset=utf-8 519.3755ms
2026-06-14 15:14:01.852 +00:00 [INF] Request starting HTTP/1.1 GET http://192.168.1.6:8080/api/user?page=1&limit=10 - null null
2026-06-14 15:14:01.852 +00:00 [INF] Request starting HTTP/1.1 GET http://192.168.1.6:8080/api/user?page=1&limit=10 - null null
2026-06-14 15:14:01.852 +00:00 [INF] CORS policy execution successful.
2026-06-14 15:14:01.852 +00:00 [INF] CORS policy execution successful.
2026-06-14 15:14:01.852 +00:00 [INF] ====== OnMessageReceived START ======
2026-06-14 15:14:01.852 +00:00 [INF] ====== OnMessageReceived START ======
2026-06-14 15:14:01.853 +00:00 [INF] Available cookies: 0
2026-06-14 15:14:01.853 +00:00 [INF] Available cookies: 0
2026-06-14 15:14:01.853 +00:00 [WRN] NO TOKEN FOUND IN COOKIES!
2026-06-14 15:14:01.853 +00:00 [WRN] NO TOKEN FOUND IN COOKIES!
2026-06-14 15:14:01.853 +00:00 [INF] ====== OnMessageReceived END - Token set: false ======
2026-06-14 15:14:01.853 +00:00 [INF] ====== OnMessageReceived END - Token set: false ======
2026-06-14 15:14:01.854 +00:00 [INF] Executing endpoint 'API.Controllers.UserController.Get (API)'
2026-06-14 15:14:01.854 +00:00 [INF] Executing endpoint 'API.Controllers.UserController.Get (API)'
2026-06-14 15:14:01.854 +00:00 [INF] Route matched with {action = "Get", controller = "User"}. Executing controller action with signature System.Threading.Tasks.Task`1[System.Collections.Generic.IEnumerable`1[API.DTO.UserDTO]] Get(Int32, Int32) on controller API.Controllers.UserController (API).
2026-06-14 15:14:01.854 +00:00 [INF] Route matched with {action = "Get", controller = "User"}. Executing controller action with signature System.Threading.Tasks.Task`1[System.Collections.Generic.IEnumerable`1[API.DTO.UserDTO]] Get(Int32, Int32) on controller API.Controllers.UserController (API).
2026-06-14 15:14:01.854 +00:00 [INF] Fetching user data from database...
2026-06-14 15:14:01.854 +00:00 [INF] Fetching user data from database...
2026-06-14 15:14:01.856 +00:00 [INF] Executed DbCommand (1ms) [Parameters=[@__p_1='?' (DbType = Int32), @__p_0='?' (DbType = Int32)], CommandType='"Text"', CommandTimeout='30']
SELECT u."ID", u."Email", u."PasswordHash", u."RegisteredAt", u."Role", u."Username"
FROM "Users" AS u
LIMIT @__p_1 OFFSET @__p_0
2026-06-14 15:14:01.856 +00:00 [INF] Executed DbCommand (1ms) [Parameters=[@__p_1='?' (DbType = Int32), @__p_0='?' (DbType = Int32)], CommandType='"Text"', CommandTimeout='30']
SELECT u."ID", u."Email", u."PasswordHash", u."RegisteredAt", u."Role", u."Username"
FROM "Users" AS u
LIMIT @__p_1 OFFSET @__p_0
2026-06-14 15:14:01.856 +00:00 [INF] Executing ObjectResult, writing value of type 'System.Collections.Generic.List`1[[API.DTO.UserDTO, API, Version=1.0.0.0, Culture=neutral, PublicKeyToken=null]]'.
2026-06-14 15:14:01.856 +00:00 [INF] Executing ObjectResult, writing value of type 'System.Collections.Generic.List`1[[API.DTO.UserDTO, API, Version=1.0.0.0, Culture=neutral, PublicKeyToken=null]]'.
2026-06-14 15:14:01.857 +00:00 [INF] Executed action API.Controllers.UserController.Get (API) in 2.715ms
2026-06-14 15:14:01.857 +00:00 [INF] Executed action API.Controllers.UserController.Get (API) in 2.6644ms
2026-06-14 15:14:01.857 +00:00 [INF] Executed endpoint 'API.Controllers.UserController.Get (API)'
2026-06-14 15:14:01.857 +00:00 [INF] Executed endpoint 'API.Controllers.UserController.Get (API)'
2026-06-14 15:14:01.857 +00:00 [INF] Request finished HTTP/1.1 GET http://192.168.1.6:8080/api/user?page=1&limit=10 - 200 null application/json; charset=utf-8 5.7701ms
2026-06-14 15:14:01.858 +00:00 [INF] Request finished HTTP/1.1 GET http://192.168.1.6:8080/api/user?page=1&limit=10 - 200 null application/json; charset=utf-8 5.8147ms
2026-06-14 15:18:40.866 +00:00 [INF] Request starting HTTP/1.1 OPTIONS http://192.168.1.6:8080/api/auth/refresh - null null
2026-06-14 15:18:40.866 +00:00 [INF] CORS policy execution successful.
2026-06-14 15:18:40.866 +00:00 [INF] Request finished HTTP/1.1 OPTIONS http://192.168.1.6:8080/api/auth/refresh - 204 null null 0.6315ms
2026-06-14 15:18:40.868 +00:00 [INF] Request starting HTTP/1.1 POST http://192.168.1.6:8080/api/auth/refresh - application/json 18
2026-06-14 15:18:40.869 +00:00 [INF] CORS policy execution successful.
2026-06-14 15:18:40.869 +00:00 [INF] ====== OnMessageReceived START ======
2026-06-14 15:18:40.869 +00:00 [INF] Available cookies: 0
2026-06-14 15:18:40.869 +00:00 [WRN] NO TOKEN FOUND IN COOKIES!
2026-06-14 15:18:40.869 +00:00 [INF] ====== OnMessageReceived END - Token set: false ======
2026-06-14 15:18:40.870 +00:00 [INF] Authorization failed. These requirements were not met:
DenyAnonymousAuthorizationRequirement: Requires an authenticated user.
2026-06-14 15:18:40.870 +00:00 [INF] AuthenticationScheme: Bearer was challenged.
2026-06-14 15:18:40.871 +00:00 [INF] Request finished HTTP/1.1 POST http://192.168.1.6:8080/api/auth/refresh - 401 0 null 2.1706ms
2026-06-14 15:18:55.604 +00:00 [INF] Request starting HTTP/1.1 OPTIONS http://192.168.1.6:8080/api/auth - null null
2026-06-14 15:18:55.605 +00:00 [INF] CORS policy execution successful.
2026-06-14 15:18:55.605 +00:00 [INF] Request finished HTTP/1.1 OPTIONS http://192.168.1.6:8080/api/auth - 204 null null 0.5606ms
2026-06-14 15:18:55.616 +00:00 [INF] Request starting HTTP/1.1 POST http://192.168.1.6:8080/api/auth - application/json 74
2026-06-14 15:18:55.616 +00:00 [INF] CORS policy execution successful.
2026-06-14 15:18:55.616 +00:00 [INF] ====== OnMessageReceived START ======
2026-06-14 15:18:55.617 +00:00 [INF] Available cookies: 0
2026-06-14 15:18:55.617 +00:00 [WRN] NO TOKEN FOUND IN COOKIES!
2026-06-14 15:18:55.617 +00:00 [INF] ====== OnMessageReceived END - Token set: false ======
2026-06-14 15:18:55.617 +00:00 [INF] Executing endpoint 'API.Controllers.AuthController.Authenticate (API)'
2026-06-14 15:18:55.618 +00:00 [INF] Route matched with {action = "Authenticate", controller = "Auth"}. Executing controller action with signature System.Threading.Tasks.Task`1[Microsoft.AspNetCore.Mvc.IActionResult] Authenticate(API.Models.RequestModels.LoginRequest) on controller API.Controllers.AuthController (API).
2026-06-14 15:18:55.619 +00:00 [INF] Authentication attempt for email: lengyelnorbi5@gmail.com
2026-06-14 15:18:55.619 +00:00 [INF] Fetching user by email from database...
2026-06-14 15:18:55.632 +00:00 [INF] Executed DbCommand (2ms) [Parameters=[@__email_0='?'], CommandType='"Text"', CommandTimeout='30']
SELECT u."ID", u."Email", u."PasswordHash", u."RegisteredAt", u."Role", u."Username"
FROM "Users" AS u
WHERE u."Email" = @__email_0
LIMIT 1
2026-06-14 15:18:55.633 +00:00 [INF] Mozilla/5.0 (Windows NT 10.0; Win64; x64; rv:151.0) Gecko/20100101 Firefox/151.0
2026-06-14 15:18:55.633 +00:00 [INF] Fetching user by email from database...
2026-06-14 15:18:55.635 +00:00 [INF] Executed DbCommand (2ms) [Parameters=[@__email_0='?'], CommandType='"Text"', CommandTimeout='30']
SELECT u."ID", u."Email", u."PasswordHash", u."RegisteredAt", u."Role", u."Username"
FROM "Users" AS u
WHERE u."Email" = @__email_0
LIMIT 1
2026-06-14 15:18:55.829 +00:00 [INF] Password verification completed: Valid
2026-06-14 15:18:55.833 +00:00 [INF] Executed DbCommand (3ms) [Parameters=[@p0='?' (DbType = DateTime), @p1='?', @p2='?' (DbType = DateTime), @p3='?', @p4='?' (DbType = Int32), @p5='?'], CommandType='"Text"', CommandTimeout='30']
INSERT INTO "AccessTokens" ("CreatedAt", "DeviceFingerprint", "ExpiresAt", "IpAddress", "UserID", jti)
VALUES (@p0, @p1, @p2, @p3, @p4, @p5)
RETURNING "ID", "IsRevoked";
2026-06-14 15:18:55.836 +00:00 [INF] Executed DbCommand (2ms) [Parameters=[@p0='?' (DbType = DateTime), @p1='?', @p2='?' (DbType = DateTime), @p3='?', @p4='?', @p5='?' (DbType = Int32)], CommandType='"Text"', CommandTimeout='30']
INSERT INTO "RefreshTokens" ("CreatedAt", "DeviceFingerprint", "ExpiresAt", "IpAddress", "TokenHash", "UserID")
VALUES (@p0, @p1, @p2, @p3, @p4, @p5)
RETURNING "ID", "IsRevoked";
2026-06-14 15:18:55.837 +00:00 [INF] Admin user lengyelnorbi5@gmail.com authenticated successfully from admin panel at "2026-06-14T15:18:55.8370056Z"
2026-06-14 15:18:55.837 +00:00 [INF] --------------------------------------------------------------------
2026-06-14 15:18:55.837 +00:00 [INF] eyJhbGciOiJIUzI1NiIsInR5cCI6IkpXVCJ9.eyJodHRwOi8vc2NoZW1hcy54bWxzb2FwLm9yZy93cy8yMDA1LzA1L2lkZW50aXR5L2NsYWltcy9uYW1laWRlbnRpZmllciI6IjEiLCJodHRwOi8vc2NoZW1hcy54bWxzb2FwLm9yZy93cy8yMDA1LzA1L2lkZW50aXR5L2NsYWltcy9lbWFpbGFkZHJlc3MiOiJsZW5neWVsbm9yYmk1QGdtYWlsLmNvbSIsImh0dHA6Ly9zY2hlbWFzLnhtbHNvYXAub3JnL3dzLzIwMDUvMDUvaWRlbnRpdHkvY2xhaW1zL25hbWUiOiJsZW5neWVsbm9yYmkiLCJqdGkiOiJiYTJkYWRhZC0xNGEyLTRjMDItOTQ4NC01NjlmMzhkMDNjOWMiLCJpYXQiOjE3ODE0NTAzMzUsImV4cCI6MTc4MTQ1MDYzNSwiaHR0cDovL3NjaGVtYXMubWljcm9zb2Z0LmNvbS93cy8yMDA4LzA2L2lkZW50aXR5L2NsYWltcy9yb2xlIjoiQWRtaW4iLCJTb3VyY2UiOiJhZG1pbiIsIkRldmljZUlkIjoiL2EydWY0ejhyY0JJaElyN0tHYmQ2YWFoTXI4MEJoais5dXlMaVlOWjY2QT0iLCJJUEFkZHJlc3MiOiI6OmZmZmY6MTcyLjIwLjAuMSIsIlRva2VuVmVyc2lvbiI6IjEiLCJpc3MiOiJNdXNpY1BsYXllckFQSSIsImF1ZCI6Ik11c2ljUGxheWVyQ2xpZW50In0.qtfrM9o_lDjvYu6fv2alh8YhRxVB0zNC0U3PLX8HpcY
2026-06-14 15:18:55.837 +00:00 [INF] PHwzy68zci/gn0HIaFkiA1um4nSK3sfDBYgubwu0tCs=
2026-06-14 15:18:55.837 +00:00 [INF] Source: admin
2026-06-14 15:18:55.837 +00:00 [INF] Access Token expires at: "2026-06-14T15:23:55.8297156Z"
2026-06-14 15:18:55.837 +00:00 [INF] Refresh Token expires at: "2026-06-14T23:18:55.8343952Z"
2026-06-14 15:18:55.837 +00:00 [INF] tokenCookieName: adminToken
2026-06-14 15:18:55.838 +00:00 [INF] refreshTokenCookieName: adminRefreshToken
2026-06-14 15:18:55.838 +00:00 [INF] Refresh token hash stored in cookie: PHwzy68zci/gn0HIaFkiA1um4nSK3sfDBYgubwu0tCs=
2026-06-14 15:18:55.838 +00:00 [INF] --------------------------------------------------------------------
2026-06-14 15:18:55.838 +00:00 [INF] Executing OkObjectResult, writing value of type '<>f__AnonymousType1`4[[System.Boolean, System.Private.CoreLib, Version=9.0.0.0, Culture=neutral, PublicKeyToken=7cec85d7bea7798e],[System.Int32, System.Private.CoreLib, Version=9.0.0.0, Culture=neutral, PublicKeyToken=7cec85d7bea7798e],[System.Int32, System.Private.CoreLib, Version=9.0.0.0, Culture=neutral, PublicKeyToken=7cec85d7bea7798e],[<>f__AnonymousType2`3[[System.Int32, System.Private.CoreLib, Version=9.0.0.0, Culture=neutral, PublicKeyToken=7cec85d7bea7798e],[System.String, System.Private.CoreLib, Version=9.0.0.0, Culture=neutral, PublicKeyToken=7cec85d7bea7798e],[System.String, System.Private.CoreLib, Version=9.0.0.0, Culture=neutral, PublicKeyToken=7cec85d7bea7798e]], API, Version=1.0.0.0, Culture=neutral, PublicKeyToken=null]]'.
2026-06-14 15:18:55.838 +00:00 [INF] Executed action API.Controllers.AuthController.Authenticate (API) in 220.4891ms
2026-06-14 15:18:55.839 +00:00 [INF] Executed endpoint 'API.Controllers.AuthController.Authenticate (API)'
2026-06-14 15:18:55.839 +00:00 [INF] Request finished HTTP/1.1 POST http://192.168.1.6:8080/api/auth - 200 null application/json; charset=utf-8 223.2681ms
2026-06-14 15:20:18.749 +00:00 [INF] Application is shutting down...
2026-06-14 15:20:19.517 +00:00 [WRN] Storing keys in a directory '/home/app/.aspnet/DataProtection-Keys' that may not be persisted outside of the container. Protected data will be unavailable when container is destroyed. For more information go to https://aka.ms/aspnet/dataprotectionwarning
2026-06-14 15:20:19.539 +00:00 [INF] User profile is available. Using '/home/app/.aspnet/DataProtection-Keys' as key repository; keys will not be encrypted at rest.
2026-06-14 15:20:19.550 +00:00 [INF] Creating key {c19bfed3-161d-4f58-a9b5-7d842dad1815} with creation date 2026-06-14 15:20:19Z, activation date 2026-06-14 15:20:19Z, and expiration date 2026-09-12 15:20:19Z.
2026-06-14 15:20:19.574 +00:00 [WRN] No XML encryptor configured. Key {c19bfed3-161d-4f58-a9b5-7d842dad1815} may be persisted to storage in unencrypted form.
2026-06-14 15:20:19.577 +00:00 [INF] Writing data to file '/home/app/.aspnet/DataProtection-Keys/key-c19bfed3-161d-4f58-a9b5-7d842dad1815.xml'.
2026-06-14 15:20:19.623 +00:00 [INF] Now listening on: http://[::]:8080
2026-06-14 15:20:19.625 +00:00 [INF] Application started. Press Ctrl+C to shut down.
2026-06-14 15:20:19.625 +00:00 [INF] Hosting environment: Development
2026-06-14 15:20:19.626 +00:00 [INF] Content root path: /app
2026-06-14 15:20:35.130 +00:00 [INF] Request starting HTTP/1.1 GET http://192.168.1.6:8080/api/user?page=1&limit=10 - null null
2026-06-14 15:20:35.130 +00:00 [INF] Request starting HTTP/1.1 GET http://192.168.1.6:8080/api/user?page=1&limit=10 - null null
2026-06-14 15:20:35.142 +00:00 [WRN] Failed to determine the https port for redirect.
2026-06-14 15:20:35.146 +00:00 [INF] CORS policy execution successful.
2026-06-14 15:20:35.146 +00:00 [INF] CORS policy execution successful.
2026-06-14 15:20:35.160 +00:00 [INF] ====== OnMessageReceived START ======
2026-06-14 15:20:35.160 +00:00 [INF] ====== OnMessageReceived START ======
2026-06-14 15:20:35.161 +00:00 [INF] Available cookies: 0
2026-06-14 15:20:35.161 +00:00 [INF] Available cookies: 0
2026-06-14 15:20:35.161 +00:00 [WRN] NO TOKEN FOUND IN COOKIES!
2026-06-14 15:20:35.161 +00:00 [WRN] NO TOKEN FOUND IN COOKIES!
2026-06-14 15:20:35.162 +00:00 [INF] ====== OnMessageReceived END - Token set: false ======
2026-06-14 15:20:35.162 +00:00 [INF] ====== OnMessageReceived END - Token set: false ======
2026-06-14 15:20:35.164 +00:00 [INF] Executing endpoint 'API.Controllers.UserController.Get (API)'
2026-06-14 15:20:35.164 +00:00 [INF] Executing endpoint 'API.Controllers.UserController.Get (API)'
2026-06-14 15:20:35.178 +00:00 [INF] Route matched with {action = "Get", controller = "User"}. Executing controller action with signature System.Threading.Tasks.Task`1[API.Utils.PagedResult`1[API.DTO.UserDTO]] Get(Int32, Int32) on controller API.Controllers.UserController (API).
2026-06-14 15:20:35.178 +00:00 [INF] Route matched with {action = "Get", controller = "User"}. Executing controller action with signature System.Threading.Tasks.Task`1[API.Utils.PagedResult`1[API.DTO.UserDTO]] Get(Int32, Int32) on controller API.Controllers.UserController (API).
2026-06-14 15:20:35.477 +00:00 [INF] Executed action API.Controllers.UserController.Get (API) in 296.7323ms
2026-06-14 15:20:35.483 +00:00 [INF] Executed action API.Controllers.UserController.Get (API) in 303.558ms
2026-06-14 15:20:35.484 +00:00 [INF] Executed endpoint 'API.Controllers.UserController.Get (API)'
2026-06-14 15:20:35.484 +00:00 [INF] Executed endpoint 'API.Controllers.UserController.Get (API)'
2026-06-14 15:20:35.485 +00:00 [ERR] An unhandled exception has occurred while executing the request.
System.InvalidOperationException: The constructors 'UserDTO(int, string, string, DateOnly?, string)' and 'UserDTO(string, string, string, string, DateOnly?)' have the same number of parameters, and can both be used by Entity Framework. The constructor to be used must be configured in 'OnModelCreating'.
   at Microsoft.EntityFrameworkCore.Metadata.Internal.ConstructorBindingFactory.GetBindings[T](T type, Func`5 bindToProperty, Func`5 bind, InstantiationBinding& constructorBinding, InstantiationBinding& serviceOnlyBinding)
   at Microsoft.EntityFrameworkCore.Metadata.Internal.ConstructorBindingFactory.GetBindings(IMutableEntityType entityType, InstantiationBinding& constructorBinding, InstantiationBinding& serviceOnlyBinding)
   at Microsoft.EntityFrameworkCore.Metadata.Conventions.ConstructorBindingConvention.ProcessModelFinalizing(IConventionModelBuilder modelBuilder, IConventionContext`1 context)
   at Microsoft.EntityFrameworkCore.Metadata.Conventions.Internal.ConventionDispatcher.ImmediateConventionScope.OnModelFinalizing(IConventionModelBuilder modelBuilder)
   at Microsoft.EntityFrameworkCore.Metadata.Conventions.Internal.ConventionDispatcher.OnModelFinalizing(IConventionModelBuilder modelBuilder)
   at Microsoft.EntityFrameworkCore.Metadata.Internal.Model.FinalizeModel()
   at Microsoft.EntityFrameworkCore.Infrastructure.ModelRuntimeInitializer.Initialize(IModel model, Boolean designTime, IDiagnosticsLogger`1 validationLogger)
   at Microsoft.EntityFrameworkCore.Infrastructure.ModelSource.GetModel(DbContext context, ModelCreationDependencies modelCreationDependencies, Boolean designTime)
   at Microsoft.EntityFrameworkCore.Internal.DbContextServices.CreateModel(Boolean designTime)
   at Microsoft.EntityFrameworkCore.Internal.DbContextServices.get_Model()
   at Microsoft.EntityFrameworkCore.Infrastructure.EntityFrameworkServicesBuilder.<>c.<TryAddCoreServices>b__8_4(IServiceProvider p)
   at Microsoft.Extensions.DependencyInjection.ServiceLookup.CallSiteRuntimeResolver.VisitFactory(FactoryCallSite factoryCallSite, RuntimeResolverContext context)
   at Microsoft.Extensions.DependencyInjection.ServiceLookup.CallSiteVisitor`2.VisitCallSiteMain(ServiceCallSite callSite, TArgument argument)
   at Microsoft.Extensions.DependencyInjection.ServiceLookup.CallSiteRuntimeResolver.VisitCache(ServiceCallSite callSite, RuntimeResolverContext context, ServiceProviderEngineScope serviceProviderEngine, RuntimeResolverLock lockType)
   at Microsoft.Extensions.DependencyInjection.ServiceLookup.CallSiteRuntimeResolver.VisitScopeCache(ServiceCallSite callSite, RuntimeResolverContext context)
   at Microsoft.Extensions.DependencyInjection.ServiceLookup.CallSiteVisitor`2.VisitCallSite(ServiceCallSite callSite, TArgument argument)
   at Microsoft.Extensions.DependencyInjection.ServiceLookup.CallSiteRuntimeResolver.VisitConstructor(ConstructorCallSite constructorCallSite, RuntimeResolverContext context)
   at Microsoft.Extensions.DependencyInjection.ServiceLookup.CallSiteVisitor`2.VisitCallSiteMain(ServiceCallSite callSite, TArgument argument)
   at Microsoft.Extensions.DependencyInjection.ServiceLookup.CallSiteRuntimeResolver.VisitCache(ServiceCallSite callSite, RuntimeResolverContext context, ServiceProviderEngineScope serviceProviderEngine, RuntimeResolverLock lockType)
   at Microsoft.Extensions.DependencyInjection.ServiceLookup.CallSiteRuntimeResolver.VisitScopeCache(ServiceCallSite callSite, RuntimeResolverContext context)
   at Microsoft.Extensions.DependencyInjection.ServiceLookup.CallSiteVisitor`2.VisitCallSite(ServiceCallSite callSite, TArgument argument)
   at Microsoft.Extensions.DependencyInjection.ServiceLookup.CallSiteRuntimeResolver.VisitConstructor(ConstructorCallSite constructorCallSite, RuntimeResolverContext context)
   at Microsoft.Extensions.DependencyInjection.ServiceLookup.CallSiteVisitor`2.VisitCallSiteMain(ServiceCallSite callSite, TArgument argument)
   at Microsoft.Extensions.DependencyInjection.ServiceLookup.CallSiteRuntimeResolver.VisitCache(ServiceCallSite callSite, RuntimeResolverContext context, ServiceProviderEngineScope serviceProviderEngine, RuntimeResolverLock lockType)
   at Microsoft.Extensions.DependencyInjection.ServiceLookup.CallSiteRuntimeResolver.VisitScopeCache(ServiceCallSite callSite, RuntimeResolverContext context)
   at Microsoft.Extensions.DependencyInjection.ServiceLookup.CallSiteVisitor`2.VisitCallSite(ServiceCallSite callSite, TArgument argument)
   at Microsoft.Extensions.DependencyInjection.ServiceLookup.CallSiteRuntimeResolver.VisitConstructor(ConstructorCallSite constructorCallSite, RuntimeResolverContext context)
   at Microsoft.Extensions.DependencyInjection.ServiceLookup.CallSiteVisitor`2.VisitCallSiteMain(ServiceCallSite callSite, TArgument argument)
   at Microsoft.Extensions.DependencyInjection.ServiceLookup.CallSiteRuntimeResolver.VisitCache(ServiceCallSite callSite, RuntimeResolverContext context, ServiceProviderEngineScope serviceProviderEngine, RuntimeResolverLock lockType)
   at Microsoft.Extensions.DependencyInjection.ServiceLookup.CallSiteRuntimeResolver.VisitScopeCache(ServiceCallSite callSite, RuntimeResolverContext context)
   at Microsoft.Extensions.DependencyInjection.ServiceLookup.CallSiteVisitor`2.VisitCallSite(ServiceCallSite callSite, TArgument argument)
   at Microsoft.Extensions.DependencyInjection.ServiceLookup.CallSiteRuntimeResolver.VisitConstructor(ConstructorCallSite constructorCallSite, RuntimeResolverContext context)
   at Microsoft.Extensions.DependencyInjection.ServiceLookup.CallSiteVisitor`2.VisitCallSiteMain(ServiceCallSite callSite, TArgument argument)
   at Microsoft.Extensions.DependencyInjection.ServiceLookup.CallSiteRuntimeResolver.VisitCache(ServiceCallSite callSite, RuntimeResolverContext context, ServiceProviderEngineScope serviceProviderEngine, RuntimeResolverLock lockType)
   at Microsoft.Extensions.DependencyInjection.ServiceLookup.CallSiteRuntimeResolver.VisitScopeCache(ServiceCallSite callSite, RuntimeResolverContext context)
   at Microsoft.Extensions.DependencyInjection.ServiceLookup.CallSiteVisitor`2.VisitCallSite(ServiceCallSite callSite, TArgument argument)
   at Microsoft.Extensions.DependencyInjection.ServiceLookup.CallSiteRuntimeResolver.VisitConstructor(ConstructorCallSite constructorCallSite, RuntimeResolverContext context)
   at Microsoft.Extensions.DependencyInjection.ServiceLookup.CallSiteVisitor`2.VisitCallSiteMain(ServiceCallSite callSite, TArgument argument)
   at Microsoft.Extensions.DependencyInjection.ServiceLookup.CallSiteRuntimeResolver.VisitCache(ServiceCallSite callSite, RuntimeResolverContext context, ServiceProviderEngineScope serviceProviderEngine, RuntimeResolverLock lockType)
   at Microsoft.Extensions.DependencyInjection.ServiceLookup.CallSiteRuntimeResolver.VisitScopeCache(ServiceCallSite callSite, RuntimeResolverContext context)
   at Microsoft.Extensions.DependencyInjection.ServiceLookup.CallSiteVisitor`2.VisitCallSite(ServiceCallSite callSite, TArgument argument)
   at Microsoft.Extensions.DependencyInjection.ServiceLookup.CallSiteRuntimeResolver.Resolve(ServiceCallSite callSite, ServiceProviderEngineScope scope)
   at Microsoft.Extensions.DependencyInjection.ServiceLookup.DynamicServiceProviderEngine.<>c__DisplayClass2_0.<RealizeService>b__0(ServiceProviderEngineScope scope)
   at Microsoft.Extensions.DependencyInjection.ServiceProvider.GetService(ServiceIdentifier serviceIdentifier, ServiceProviderEngineScope serviceProviderEngineScope)
   at Microsoft.Extensions.DependencyInjection.ServiceLookup.ServiceProviderEngineScope.GetService(Type serviceType)
   at Microsoft.Extensions.DependencyInjection.ServiceProviderServiceExtensions.GetRequiredService(IServiceProvider provider, Type serviceType)
   at Microsoft.Extensions.DependencyInjection.ServiceProviderServiceExtensions.GetRequiredService[T](IServiceProvider provider)
   at Microsoft.EntityFrameworkCore.DbContext.get_DbContextDependencies()
   at Microsoft.EntityFrameworkCore.DbContext.get_ContextServices()
   at Microsoft.EntityFrameworkCore.DbContext.get_Model()
   at Microsoft.EntityFrameworkCore.Internal.InternalDbSet`1.get_EntityType()
   at Microsoft.EntityFrameworkCore.Internal.InternalDbSet`1.CheckState()
   at Microsoft.EntityFrameworkCore.Internal.InternalDbSet`1.get_EntityQueryable()
   at Microsoft.EntityFrameworkCore.Internal.InternalDbSet`1.System.Linq.IQueryable.get_Provider()
   at System.Linq.Queryable.Where[TSource](IQueryable`1 source, Expression`1 predicate)
   at API.Services.UserService.GetUsersAsync(Int32 page, Int32 limit) in /source/Services/UserService.cs:line 23
   at API.Controllers.UserController.Get(Int32 page, Int32 limit) in /source/Controllers/UserController.cs:line 30
   at lambda_method9(Closure, Object)
   at Microsoft.AspNetCore.Mvc.Infrastructure.ActionMethodExecutor.AwaitableObjectResultExecutor.Execute(ActionContext actionContext, IActionResultTypeMapper mapper, ObjectMethodExecutor executor, Object controller, Object[] arguments)
   at Microsoft.AspNetCore.Mvc.Infrastructure.ControllerActionInvoker.<InvokeActionMethodAsync>g__Awaited|12_0(ControllerActionInvoker invoker, ValueTask`1 actionResultValueTask)
   at Microsoft.AspNetCore.Mvc.Infrastructure.ControllerActionInvoker.<InvokeNextActionFilterAsync>g__Awaited|10_0(ControllerActionInvoker invoker, Task lastTask, State next, Scope scope, Object state, Boolean isCompleted)
   at Microsoft.AspNetCore.Mvc.Infrastructure.ControllerActionInvoker.Rethrow(ActionExecutedContextSealed context)
   at Microsoft.AspNetCore.Mvc.Infrastructure.ControllerActionInvoker.Next(State& next, Scope& scope, Object& state, Boolean& isCompleted)
   at Microsoft.AspNetCore.Mvc.Infrastructure.ControllerActionInvoker.InvokeInnerFilterAsync()
--- End of stack trace from previous location ---
   at Microsoft.AspNetCore.Mvc.Infrastructure.ResourceInvoker.<InvokeFilterPipelineAsync>g__Awaited|20_0(ResourceInvoker invoker, Task lastTask, State next, Scope scope, Object state, Boolean isCompleted)
   at Microsoft.AspNetCore.Mvc.Infrastructure.ResourceInvoker.<InvokeAsync>g__Logged|17_1(ResourceInvoker invoker)
   at Microsoft.AspNetCore.Mvc.Infrastructure.ResourceInvoker.<InvokeAsync>g__Logged|17_1(ResourceInvoker invoker)
   at Microsoft.AspNetCore.Routing.EndpointMiddleware.<Invoke>g__AwaitRequestTask|7_0(Endpoint endpoint, Task requestTask, ILogger logger)
   at Microsoft.AspNetCore.Authorization.AuthorizationMiddleware.Invoke(HttpContext context)
   at Microsoft.AspNetCore.Authentication.AuthenticationMiddleware.Invoke(HttpContext context)
   at Microsoft.AspNetCore.Diagnostics.DeveloperExceptionPageMiddlewareImpl.Invoke(HttpContext context)
2026-06-14 15:20:35.485 +00:00 [ERR] An unhandled exception has occurred while executing the request.
System.InvalidOperationException: The constructors 'UserDTO(int, string, string, DateOnly?, string)' and 'UserDTO(string, string, string, string, DateOnly?)' have the same number of parameters, and can both be used by Entity Framework. The constructor to be used must be configured in 'OnModelCreating'.
   at Microsoft.EntityFrameworkCore.Metadata.Internal.ConstructorBindingFactory.GetBindings[T](T type, Func`5 bindToProperty, Func`5 bind, InstantiationBinding& constructorBinding, InstantiationBinding& serviceOnlyBinding)
   at Microsoft.EntityFrameworkCore.Metadata.Internal.ConstructorBindingFactory.GetBindings(IMutableEntityType entityType, InstantiationBinding& constructorBinding, InstantiationBinding& serviceOnlyBinding)
   at Microsoft.EntityFrameworkCore.Metadata.Conventions.ConstructorBindingConvention.ProcessModelFinalizing(IConventionModelBuilder modelBuilder, IConventionContext`1 context)
   at Microsoft.EntityFrameworkCore.Metadata.Conventions.Internal.ConventionDispatcher.ImmediateConventionScope.OnModelFinalizing(IConventionModelBuilder modelBuilder)
   at Microsoft.EntityFrameworkCore.Metadata.Conventions.Internal.ConventionDispatcher.OnModelFinalizing(IConventionModelBuilder modelBuilder)
   at Microsoft.EntityFrameworkCore.Metadata.Internal.Model.FinalizeModel()
   at Microsoft.EntityFrameworkCore.Infrastructure.ModelRuntimeInitializer.Initialize(IModel model, Boolean designTime, IDiagnosticsLogger`1 validationLogger)
   at Microsoft.EntityFrameworkCore.Infrastructure.ModelSource.GetModel(DbContext context, ModelCreationDependencies modelCreationDependencies, Boolean designTime)
   at Microsoft.EntityFrameworkCore.Internal.DbContextServices.CreateModel(Boolean designTime)
   at Microsoft.EntityFrameworkCore.Internal.DbContextServices.get_Model()
   at Microsoft.EntityFrameworkCore.Infrastructure.EntityFrameworkServicesBuilder.<>c.<TryAddCoreServices>b__8_4(IServiceProvider p)
   at Microsoft.Extensions.DependencyInjection.ServiceLookup.CallSiteRuntimeResolver.VisitFactory(FactoryCallSite factoryCallSite, RuntimeResolverContext context)
   at Microsoft.Extensions.DependencyInjection.ServiceLookup.CallSiteVisitor`2.VisitCallSiteMain(ServiceCallSite callSite, TArgument argument)
   at Microsoft.Extensions.DependencyInjection.ServiceLookup.CallSiteRuntimeResolver.VisitCache(ServiceCallSite callSite, RuntimeResolverContext context, ServiceProviderEngineScope serviceProviderEngine, RuntimeResolverLock lockType)
   at Microsoft.Extensions.DependencyInjection.ServiceLookup.CallSiteRuntimeResolver.VisitScopeCache(ServiceCallSite callSite, RuntimeResolverContext context)
   at Microsoft.Extensions.DependencyInjection.ServiceLookup.CallSiteVisitor`2.VisitCallSite(ServiceCallSite callSite, TArgument argument)
   at Microsoft.Extensions.DependencyInjection.ServiceLookup.CallSiteRuntimeResolver.VisitConstructor(ConstructorCallSite constructorCallSite, RuntimeResolverContext context)
   at Microsoft.Extensions.DependencyInjection.ServiceLookup.CallSiteVisitor`2.VisitCallSiteMain(ServiceCallSite callSite, TArgument argument)
   at Microsoft.Extensions.DependencyInjection.ServiceLookup.CallSiteRuntimeResolver.VisitCache(ServiceCallSite callSite, RuntimeResolverContext context, ServiceProviderEngineScope serviceProviderEngine, RuntimeResolverLock lockType)
   at Microsoft.Extensions.DependencyInjection.ServiceLookup.CallSiteRuntimeResolver.VisitScopeCache(ServiceCallSite callSite, RuntimeResolverContext context)
   at Microsoft.Extensions.DependencyInjection.ServiceLookup.CallSiteVisitor`2.VisitCallSite(ServiceCallSite callSite, TArgument argument)
   at Microsoft.Extensions.DependencyInjection.ServiceLookup.CallSiteRuntimeResolver.VisitConstructor(ConstructorCallSite constructorCallSite, RuntimeResolverContext context)
   at Microsoft.Extensions.DependencyInjection.ServiceLookup.CallSiteVisitor`2.VisitCallSiteMain(ServiceCallSite callSite, TArgument argument)
   at Microsoft.Extensions.DependencyInjection.ServiceLookup.CallSiteRuntimeResolver.VisitCache(ServiceCallSite callSite, RuntimeResolverContext context, ServiceProviderEngineScope serviceProviderEngine, RuntimeResolverLock lockType)
   at Microsoft.Extensions.DependencyInjection.ServiceLookup.CallSiteRuntimeResolver.VisitScopeCache(ServiceCallSite callSite, RuntimeResolverContext context)
   at Microsoft.Extensions.DependencyInjection.ServiceLookup.CallSiteVisitor`2.VisitCallSite(ServiceCallSite callSite, TArgument argument)
   at Microsoft.Extensions.DependencyInjection.ServiceLookup.CallSiteRuntimeResolver.VisitConstructor(ConstructorCallSite constructorCallSite, RuntimeResolverContext context)
   at Microsoft.Extensions.DependencyInjection.ServiceLookup.CallSiteVisitor`2.VisitCallSiteMain(ServiceCallSite callSite, TArgument argument)
   at Microsoft.Extensions.DependencyInjection.ServiceLookup.CallSiteRuntimeResolver.VisitCache(ServiceCallSite callSite, RuntimeResolverContext context, ServiceProviderEngineScope serviceProviderEngine, RuntimeResolverLock lockType)
   at Microsoft.Extensions.DependencyInjection.ServiceLookup.CallSiteRuntimeResolver.VisitScopeCache(ServiceCallSite callSite, RuntimeResolverContext context)
   at Microsoft.Extensions.DependencyInjection.ServiceLookup.CallSiteVisitor`2.VisitCallSite(ServiceCallSite callSite, TArgument argument)
   at Microsoft.Extensions.DependencyInjection.ServiceLookup.CallSiteRuntimeResolver.VisitConstructor(ConstructorCallSite constructorCallSite, RuntimeResolverContext context)
   at Microsoft.Extensions.DependencyInjection.ServiceLookup.CallSiteVisitor`2.VisitCallSiteMain(ServiceCallSite callSite, TArgument argument)
   at Microsoft.Extensions.DependencyInjection.ServiceLookup.CallSiteRuntimeResolver.VisitCache(ServiceCallSite callSite, RuntimeResolverContext context, ServiceProviderEngineScope serviceProviderEngine, RuntimeResolverLock lockType)
   at Microsoft.Extensions.DependencyInjection.ServiceLookup.CallSiteRuntimeResolver.VisitScopeCache(ServiceCallSite callSite, RuntimeResolverContext context)
   at Microsoft.Extensions.DependencyInjection.ServiceLookup.CallSiteVisitor`2.VisitCallSite(ServiceCallSite callSite, TArgument argument)
   at Microsoft.Extensions.DependencyInjection.ServiceLookup.CallSiteRuntimeResolver.VisitConstructor(ConstructorCallSite constructorCallSite, RuntimeResolverContext context)
   at Microsoft.Extensions.DependencyInjection.ServiceLookup.CallSiteVisitor`2.VisitCallSiteMain(ServiceCallSite callSite, TArgument argument)
   at Microsoft.Extensions.DependencyInjection.ServiceLookup.CallSiteRuntimeResolver.VisitCache(ServiceCallSite callSite, RuntimeResolverContext context, ServiceProviderEngineScope serviceProviderEngine, RuntimeResolverLock lockType)
   at Microsoft.Extensions.DependencyInjection.ServiceLookup.CallSiteRuntimeResolver.VisitScopeCache(ServiceCallSite callSite, RuntimeResolverContext context)
   at Microsoft.Extensions.DependencyInjection.ServiceLookup.CallSiteVisitor`2.VisitCallSite(ServiceCallSite callSite, TArgument argument)
   at Microsoft.Extensions.DependencyInjection.ServiceLookup.CallSiteRuntimeResolver.Resolve(ServiceCallSite callSite, ServiceProviderEngineScope scope)
   at Microsoft.Extensions.DependencyInjection.ServiceLookup.DynamicServiceProviderEngine.<>c__DisplayClass2_0.<RealizeService>b__0(ServiceProviderEngineScope scope)
   at Microsoft.Extensions.DependencyInjection.ServiceProvider.GetService(ServiceIdentifier serviceIdentifier, ServiceProviderEngineScope serviceProviderEngineScope)
   at Microsoft.Extensions.DependencyInjection.ServiceLookup.ServiceProviderEngineScope.GetService(Type serviceType)
   at Microsoft.Extensions.DependencyInjection.ServiceProviderServiceExtensions.GetRequiredService(IServiceProvider provider, Type serviceType)
   at Microsoft.Extensions.DependencyInjection.ServiceProviderServiceExtensions.GetRequiredService[T](IServiceProvider provider)
   at Microsoft.EntityFrameworkCore.DbContext.get_DbContextDependencies()
   at Microsoft.EntityFrameworkCore.DbContext.get_ContextServices()
   at Microsoft.EntityFrameworkCore.DbContext.get_Model()
   at Microsoft.EntityFrameworkCore.Internal.InternalDbSet`1.get_EntityType()
   at Microsoft.EntityFrameworkCore.Internal.InternalDbSet`1.CheckState()
   at Microsoft.EntityFrameworkCore.Internal.InternalDbSet`1.get_EntityQueryable()
   at Microsoft.EntityFrameworkCore.Internal.InternalDbSet`1.System.Linq.IQueryable.get_Provider()
   at System.Linq.Queryable.Where[TSource](IQueryable`1 source, Expression`1 predicate)
   at API.Services.UserService.GetUsersAsync(Int32 page, Int32 limit) in /source/Services/UserService.cs:line 23
   at API.Controllers.UserController.Get(Int32 page, Int32 limit) in /source/Controllers/UserController.cs:line 30
   at lambda_method8(Closure, Object)
   at Microsoft.AspNetCore.Mvc.Infrastructure.ActionMethodExecutor.AwaitableObjectResultExecutor.Execute(ActionContext actionContext, IActionResultTypeMapper mapper, ObjectMethodExecutor executor, Object controller, Object[] arguments)
   at Microsoft.AspNetCore.Mvc.Infrastructure.ControllerActionInvoker.<InvokeActionMethodAsync>g__Awaited|12_0(ControllerActionInvoker invoker, ValueTask`1 actionResultValueTask)
   at Microsoft.AspNetCore.Mvc.Infrastructure.ControllerActionInvoker.<InvokeNextActionFilterAsync>g__Awaited|10_0(ControllerActionInvoker invoker, Task lastTask, State next, Scope scope, Object state, Boolean isCompleted)
   at Microsoft.AspNetCore.Mvc.Infrastructure.ControllerActionInvoker.Rethrow(ActionExecutedContextSealed context)
   at Microsoft.AspNetCore.Mvc.Infrastructure.ControllerActionInvoker.Next(State& next, Scope& scope, Object& state, Boolean& isCompleted)
   at Microsoft.AspNetCore.Mvc.Infrastructure.ControllerActionInvoker.InvokeInnerFilterAsync()
--- End of stack trace from previous location ---
   at Microsoft.AspNetCore.Mvc.Infrastructure.ResourceInvoker.<InvokeFilterPipelineAsync>g__Awaited|20_0(ResourceInvoker invoker, Task lastTask, State next, Scope scope, Object state, Boolean isCompleted)
   at Microsoft.AspNetCore.Mvc.Infrastructure.ResourceInvoker.<InvokeAsync>g__Logged|17_1(ResourceInvoker invoker)
   at Microsoft.AspNetCore.Mvc.Infrastructure.ResourceInvoker.<InvokeAsync>g__Logged|17_1(ResourceInvoker invoker)
   at Microsoft.AspNetCore.Routing.EndpointMiddleware.<Invoke>g__AwaitRequestTask|7_0(Endpoint endpoint, Task requestTask, ILogger logger)
   at Microsoft.AspNetCore.Authorization.AuthorizationMiddleware.Invoke(HttpContext context)
   at Microsoft.AspNetCore.Authentication.AuthenticationMiddleware.Invoke(HttpContext context)
   at Microsoft.AspNetCore.Routing.EndpointRoutingMiddleware.<Invoke>g__AwaitMatcher|10_0(EndpointRoutingMiddleware middleware, HttpContext httpContext, Task`1 matcherTask)
   at Microsoft.AspNetCore.Diagnostics.DeveloperExceptionPageMiddlewareImpl.Invoke(HttpContext context)
2026-06-14 15:20:35.503 +00:00 [INF] Request finished HTTP/1.1 GET http://192.168.1.6:8080/api/user?page=1&limit=10 - 500 null text/plain; charset=utf-8 373.954ms
2026-06-14 15:20:35.503 +00:00 [INF] Request finished HTTP/1.1 GET http://192.168.1.6:8080/api/user?page=1&limit=10 - 500 null text/plain; charset=utf-8 373.9538ms
2026-06-14 15:23:28.182 +00:00 [INF] Request starting HTTP/1.1 OPTIONS http://192.168.1.6:8080/api/auth/refresh - null null
2026-06-14 15:23:28.184 +00:00 [INF] CORS policy execution successful.
2026-06-14 15:23:28.184 +00:00 [INF] Request finished HTTP/1.1 OPTIONS http://192.168.1.6:8080/api/auth/refresh - 204 null null 2.0958ms
2026-06-14 15:23:28.188 +00:00 [INF] Request starting HTTP/1.1 POST http://192.168.1.6:8080/api/auth/refresh - application/json 18
2026-06-14 15:23:28.189 +00:00 [INF] CORS policy execution successful.
2026-06-14 15:23:28.190 +00:00 [INF] ====== OnMessageReceived START ======
2026-06-14 15:23:28.190 +00:00 [INF] Available cookies: 0
2026-06-14 15:23:28.191 +00:00 [WRN] NO TOKEN FOUND IN COOKIES!
2026-06-14 15:23:28.191 +00:00 [INF] ====== OnMessageReceived END - Token set: false ======
2026-06-14 15:23:28.193 +00:00 [INF] Authorization failed. These requirements were not met:
DenyAnonymousAuthorizationRequirement: Requires an authenticated user.
2026-06-14 15:23:28.195 +00:00 [INF] AuthenticationScheme: Bearer was challenged.
2026-06-14 15:23:28.195 +00:00 [INF] Request finished HTTP/1.1 POST http://192.168.1.6:8080/api/auth/refresh - 401 0 null 7.3275ms
2026-06-14 15:24:24.463 +00:00 [INF] Application is shutting down...
2026-06-14 15:24:25.264 +00:00 [WRN] Storing keys in a directory '/home/app/.aspnet/DataProtection-Keys' that may not be persisted outside of the container. Protected data will be unavailable when container is destroyed. For more information go to https://aka.ms/aspnet/dataprotectionwarning
2026-06-14 15:24:25.288 +00:00 [INF] User profile is available. Using '/home/app/.aspnet/DataProtection-Keys' as key repository; keys will not be encrypted at rest.
2026-06-14 15:24:25.298 +00:00 [INF] Creating key {f4c72184-5bf2-4358-bec4-8c0b14388483} with creation date 2026-06-14 15:24:25Z, activation date 2026-06-14 15:24:25Z, and expiration date 2026-09-12 15:24:25Z.
2026-06-14 15:24:25.342 +00:00 [WRN] No XML encryptor configured. Key {f4c72184-5bf2-4358-bec4-8c0b14388483} may be persisted to storage in unencrypted form.
2026-06-14 15:24:25.345 +00:00 [INF] Writing data to file '/home/app/.aspnet/DataProtection-Keys/key-f4c72184-5bf2-4358-bec4-8c0b14388483.xml'.
2026-06-14 15:24:25.392 +00:00 [INF] Now listening on: http://[::]:8080
2026-06-14 15:24:25.394 +00:00 [INF] Application started. Press Ctrl+C to shut down.
2026-06-14 15:24:25.394 +00:00 [INF] Hosting environment: Development
2026-06-14 15:24:25.394 +00:00 [INF] Content root path: /app
2026-06-14 15:24:33.373 +00:00 [INF] Request starting HTTP/1.1 OPTIONS http://192.168.1.6:8080/api/auth - null null
2026-06-14 15:24:33.384 +00:00 [WRN] Failed to determine the https port for redirect.
2026-06-14 15:24:33.386 +00:00 [INF] CORS policy execution successful.
2026-06-14 15:24:33.391 +00:00 [INF] Request finished HTTP/1.1 OPTIONS http://192.168.1.6:8080/api/auth - 204 null null 18.8335ms
2026-06-14 15:24:33.402 +00:00 [INF] Request starting HTTP/1.1 POST http://192.168.1.6:8080/api/auth - application/json 74
2026-06-14 15:24:33.404 +00:00 [INF] CORS policy execution successful.
2026-06-14 15:24:33.417 +00:00 [INF] ====== OnMessageReceived START ======
2026-06-14 15:24:33.418 +00:00 [INF] Available cookies: 0
2026-06-14 15:24:33.419 +00:00 [WRN] NO TOKEN FOUND IN COOKIES!
2026-06-14 15:24:33.419 +00:00 [INF] ====== OnMessageReceived END - Token set: false ======
2026-06-14 15:24:33.421 +00:00 [INF] Executing endpoint 'API.Controllers.AuthController.Authenticate (API)'
2026-06-14 15:24:33.432 +00:00 [INF] Route matched with {action = "Authenticate", controller = "Auth"}. Executing controller action with signature System.Threading.Tasks.Task`1[Microsoft.AspNetCore.Mvc.IActionResult] Authenticate(API.Models.RequestModels.LoginRequest) on controller API.Controllers.AuthController (API).
2026-06-14 15:24:33.512 +00:00 [INF] Authentication attempt for email: lengyelnorbi5@gmail.com
2026-06-14 15:24:33.514 +00:00 [INF] Fetching user by email from database...
2026-06-14 15:24:33.740 +00:00 [INF] Executed action API.Controllers.AuthController.Authenticate (API) in 306.2211ms
2026-06-14 15:24:33.741 +00:00 [INF] Executed endpoint 'API.Controllers.AuthController.Authenticate (API)'
2026-06-14 15:24:33.741 +00:00 [ERR] An unhandled exception has occurred while executing the request.
System.InvalidOperationException: The constructors 'UserDTO(int, string, string, DateOnly?, string)' and 'UserDTO(string, string, string, string, DateOnly?)' have the same number of parameters, and can both be used by Entity Framework. The constructor to be used must be configured in 'OnModelCreating'.
   at Microsoft.EntityFrameworkCore.Metadata.Internal.ConstructorBindingFactory.GetBindings[T](T type, Func`5 bindToProperty, Func`5 bind, InstantiationBinding& constructorBinding, InstantiationBinding& serviceOnlyBinding)
   at Microsoft.EntityFrameworkCore.Metadata.Internal.ConstructorBindingFactory.GetBindings(IMutableEntityType entityType, InstantiationBinding& constructorBinding, InstantiationBinding& serviceOnlyBinding)
   at Microsoft.EntityFrameworkCore.Metadata.Conventions.ConstructorBindingConvention.ProcessModelFinalizing(IConventionModelBuilder modelBuilder, IConventionContext`1 context)
   at Microsoft.EntityFrameworkCore.Metadata.Conventions.Internal.ConventionDispatcher.ImmediateConventionScope.OnModelFinalizing(IConventionModelBuilder modelBuilder)
   at Microsoft.EntityFrameworkCore.Metadata.Conventions.Internal.ConventionDispatcher.OnModelFinalizing(IConventionModelBuilder modelBuilder)
   at Microsoft.EntityFrameworkCore.Metadata.Internal.Model.FinalizeModel()
   at Microsoft.EntityFrameworkCore.Infrastructure.ModelRuntimeInitializer.Initialize(IModel model, Boolean designTime, IDiagnosticsLogger`1 validationLogger)
   at Microsoft.EntityFrameworkCore.Infrastructure.ModelSource.GetModel(DbContext context, ModelCreationDependencies modelCreationDependencies, Boolean designTime)
   at Microsoft.EntityFrameworkCore.Internal.DbContextServices.CreateModel(Boolean designTime)
   at Microsoft.EntityFrameworkCore.Internal.DbContextServices.get_Model()
   at Microsoft.EntityFrameworkCore.Infrastructure.EntityFrameworkServicesBuilder.<>c.<TryAddCoreServices>b__8_4(IServiceProvider p)
   at Microsoft.Extensions.DependencyInjection.ServiceLookup.CallSiteRuntimeResolver.VisitFactory(FactoryCallSite factoryCallSite, RuntimeResolverContext context)
   at Microsoft.Extensions.DependencyInjection.ServiceLookup.CallSiteVisitor`2.VisitCallSiteMain(ServiceCallSite callSite, TArgument argument)
   at Microsoft.Extensions.DependencyInjection.ServiceLookup.CallSiteRuntimeResolver.VisitCache(ServiceCallSite callSite, RuntimeResolverContext context, ServiceProviderEngineScope serviceProviderEngine, RuntimeResolverLock lockType)
   at Microsoft.Extensions.DependencyInjection.ServiceLookup.CallSiteRuntimeResolver.VisitScopeCache(ServiceCallSite callSite, RuntimeResolverContext context)
   at Microsoft.Extensions.DependencyInjection.ServiceLookup.CallSiteVisitor`2.VisitCallSite(ServiceCallSite callSite, TArgument argument)
   at Microsoft.Extensions.DependencyInjection.ServiceLookup.CallSiteRuntimeResolver.VisitConstructor(ConstructorCallSite constructorCallSite, RuntimeResolverContext context)
   at Microsoft.Extensions.DependencyInjection.ServiceLookup.CallSiteVisitor`2.VisitCallSiteMain(ServiceCallSite callSite, TArgument argument)
   at Microsoft.Extensions.DependencyInjection.ServiceLookup.CallSiteRuntimeResolver.VisitCache(ServiceCallSite callSite, RuntimeResolverContext context, ServiceProviderEngineScope serviceProviderEngine, RuntimeResolverLock lockType)
   at Microsoft.Extensions.DependencyInjection.ServiceLookup.CallSiteRuntimeResolver.VisitScopeCache(ServiceCallSite callSite, RuntimeResolverContext context)
   at Microsoft.Extensions.DependencyInjection.ServiceLookup.CallSiteVisitor`2.VisitCallSite(ServiceCallSite callSite, TArgument argument)
   at Microsoft.Extensions.DependencyInjection.ServiceLookup.CallSiteRuntimeResolver.VisitConstructor(ConstructorCallSite constructorCallSite, RuntimeResolverContext context)
   at Microsoft.Extensions.DependencyInjection.ServiceLookup.CallSiteVisitor`2.VisitCallSiteMain(ServiceCallSite callSite, TArgument argument)
   at Microsoft.Extensions.DependencyInjection.ServiceLookup.CallSiteRuntimeResolver.VisitCache(ServiceCallSite callSite, RuntimeResolverContext context, ServiceProviderEngineScope serviceProviderEngine, RuntimeResolverLock lockType)
   at Microsoft.Extensions.DependencyInjection.ServiceLookup.CallSiteRuntimeResolver.VisitScopeCache(ServiceCallSite callSite, RuntimeResolverContext context)
   at Microsoft.Extensions.DependencyInjection.ServiceLookup.CallSiteVisitor`2.VisitCallSite(ServiceCallSite callSite, TArgument argument)
   at Microsoft.Extensions.DependencyInjection.ServiceLookup.CallSiteRuntimeResolver.VisitConstructor(ConstructorCallSite constructorCallSite, RuntimeResolverContext context)
   at Microsoft.Extensions.DependencyInjection.ServiceLookup.CallSiteVisitor`2.VisitCallSiteMain(ServiceCallSite callSite, TArgument argument)
   at Microsoft.Extensions.DependencyInjection.ServiceLookup.CallSiteRuntimeResolver.VisitCache(ServiceCallSite callSite, RuntimeResolverContext context, ServiceProviderEngineScope serviceProviderEngine, RuntimeResolverLock lockType)
   at Microsoft.Extensions.DependencyInjection.ServiceLookup.CallSiteRuntimeResolver.VisitScopeCache(ServiceCallSite callSite, RuntimeResolverContext context)
   at Microsoft.Extensions.DependencyInjection.ServiceLookup.CallSiteVisitor`2.VisitCallSite(ServiceCallSite callSite, TArgument argument)
   at Microsoft.Extensions.DependencyInjection.ServiceLookup.CallSiteRuntimeResolver.VisitConstructor(ConstructorCallSite constructorCallSite, RuntimeResolverContext context)
   at Microsoft.Extensions.DependencyInjection.ServiceLookup.CallSiteVisitor`2.VisitCallSiteMain(ServiceCallSite callSite, TArgument argument)
   at Microsoft.Extensions.DependencyInjection.ServiceLookup.CallSiteRuntimeResolver.VisitCache(ServiceCallSite callSite, RuntimeResolverContext context, ServiceProviderEngineScope serviceProviderEngine, RuntimeResolverLock lockType)
   at Microsoft.Extensions.DependencyInjection.ServiceLookup.CallSiteRuntimeResolver.VisitScopeCache(ServiceCallSite callSite, RuntimeResolverContext context)
   at Microsoft.Extensions.DependencyInjection.ServiceLookup.CallSiteVisitor`2.VisitCallSite(ServiceCallSite callSite, TArgument argument)
   at Microsoft.Extensions.DependencyInjection.ServiceLookup.CallSiteRuntimeResolver.VisitConstructor(ConstructorCallSite constructorCallSite, RuntimeResolverContext context)
   at Microsoft.Extensions.DependencyInjection.ServiceLookup.CallSiteVisitor`2.VisitCallSiteMain(ServiceCallSite callSite, TArgument argument)
   at Microsoft.Extensions.DependencyInjection.ServiceLookup.CallSiteRuntimeResolver.VisitCache(ServiceCallSite callSite, RuntimeResolverContext context, ServiceProviderEngineScope serviceProviderEngine, RuntimeResolverLock lockType)
   at Microsoft.Extensions.DependencyInjection.ServiceLookup.CallSiteRuntimeResolver.VisitScopeCache(ServiceCallSite callSite, RuntimeResolverContext context)
   at Microsoft.Extensions.DependencyInjection.ServiceLookup.CallSiteVisitor`2.VisitCallSite(ServiceCallSite callSite, TArgument argument)
   at Microsoft.Extensions.DependencyInjection.ServiceLookup.CallSiteRuntimeResolver.Resolve(ServiceCallSite callSite, ServiceProviderEngineScope scope)
   at Microsoft.Extensions.DependencyInjection.ServiceLookup.DynamicServiceProviderEngine.<>c__DisplayClass2_0.<RealizeService>b__0(ServiceProviderEngineScope scope)
   at Microsoft.Extensions.DependencyInjection.ServiceProvider.GetService(ServiceIdentifier serviceIdentifier, ServiceProviderEngineScope serviceProviderEngineScope)
   at Microsoft.Extensions.DependencyInjection.ServiceLookup.ServiceProviderEngineScope.GetService(Type serviceType)
   at Microsoft.Extensions.DependencyInjection.ServiceProviderServiceExtensions.GetRequiredService(IServiceProvider provider, Type serviceType)
   at Microsoft.Extensions.DependencyInjection.ServiceProviderServiceExtensions.GetRequiredService[T](IServiceProvider provider)
   at Microsoft.EntityFrameworkCore.DbContext.get_DbContextDependencies()
   at Microsoft.EntityFrameworkCore.DbContext.get_ContextServices()
   at Microsoft.EntityFrameworkCore.DbContext.get_Model()
   at Microsoft.EntityFrameworkCore.Internal.InternalDbSet`1.get_EntityType()
   at Microsoft.EntityFrameworkCore.Internal.InternalDbSet`1.CheckState()
   at Microsoft.EntityFrameworkCore.Internal.InternalDbSet`1.get_EntityQueryable()
   at Microsoft.EntityFrameworkCore.Internal.InternalDbSet`1.System.Linq.IQueryable.get_Provider()
   at Microsoft.EntityFrameworkCore.EntityFrameworkQueryableExtensions.ExecuteAsync[TSource,TResult](MethodInfo operatorMethodInfo, IQueryable`1 source, Expression expression, CancellationToken cancellationToken)
   at Microsoft.EntityFrameworkCore.EntityFrameworkQueryableExtensions.ExecuteAsync[TSource,TResult](MethodInfo operatorMethodInfo, IQueryable`1 source, LambdaExpression expression, CancellationToken cancellationToken)
   at Microsoft.EntityFrameworkCore.EntityFrameworkQueryableExtensions.FirstOrDefaultAsync[TSource](IQueryable`1 source, Expression`1 predicate, CancellationToken cancellationToken)
   at API.Services.UserService.GetUserByEmailAsync(String email) in /source/Services/UserService.cs:line 70
   at API.Controllers.AuthController.Authenticate(LoginRequest request) in /source/Controllers/AuthController.cs:line 50
   at Microsoft.AspNetCore.Mvc.Infrastructure.ActionMethodExecutor.TaskOfIActionResultExecutor.Execute(ActionContext actionContext, IActionResultTypeMapper mapper, ObjectMethodExecutor executor, Object controller, Object[] arguments)
   at Microsoft.AspNetCore.Mvc.Infrastructure.ControllerActionInvoker.<InvokeActionMethodAsync>g__Awaited|12_0(ControllerActionInvoker invoker, ValueTask`1 actionResultValueTask)
   at Microsoft.AspNetCore.Mvc.Infrastructure.ControllerActionInvoker.<InvokeNextActionFilterAsync>g__Awaited|10_0(ControllerActionInvoker invoker, Task lastTask, State next, Scope scope, Object state, Boolean isCompleted)
   at Microsoft.AspNetCore.Mvc.Infrastructure.ControllerActionInvoker.Rethrow(ActionExecutedContextSealed context)
   at Microsoft.AspNetCore.Mvc.Infrastructure.ControllerActionInvoker.Next(State& next, Scope& scope, Object& state, Boolean& isCompleted)
   at Microsoft.AspNetCore.Mvc.Infrastructure.ControllerActionInvoker.InvokeInnerFilterAsync()
--- End of stack trace from previous location ---
   at Microsoft.AspNetCore.Mvc.Infrastructure.ResourceInvoker.<InvokeFilterPipelineAsync>g__Awaited|20_0(ResourceInvoker invoker, Task lastTask, State next, Scope scope, Object state, Boolean isCompleted)
   at Microsoft.AspNetCore.Mvc.Infrastructure.ResourceInvoker.<InvokeAsync>g__Logged|17_1(ResourceInvoker invoker)
   at Microsoft.AspNetCore.Mvc.Infrastructure.ResourceInvoker.<InvokeAsync>g__Logged|17_1(ResourceInvoker invoker)
   at Microsoft.AspNetCore.Routing.EndpointMiddleware.<Invoke>g__AwaitRequestTask|7_0(Endpoint endpoint, Task requestTask, ILogger logger)
   at Microsoft.AspNetCore.Authorization.AuthorizationMiddleware.Invoke(HttpContext context)
   at Microsoft.AspNetCore.Authentication.AuthenticationMiddleware.Invoke(HttpContext context)
   at Microsoft.AspNetCore.Diagnostics.DeveloperExceptionPageMiddlewareImpl.Invoke(HttpContext context)
2026-06-14 15:24:33.753 +00:00 [INF] Request finished HTTP/1.1 POST http://192.168.1.6:8080/api/auth - 500 null text/plain; charset=utf-8 350.9683ms
2026-06-14 15:24:38.293 +00:00 [INF] Request starting HTTP/1.1 OPTIONS http://192.168.1.6:8080/api/auth - null null
2026-06-14 15:24:38.294 +00:00 [INF] CORS policy execution successful.
2026-06-14 15:24:38.294 +00:00 [INF] Request finished HTTP/1.1 OPTIONS http://192.168.1.6:8080/api/auth - 204 null null 0.9687ms
2026-06-14 15:24:38.295 +00:00 [INF] Request starting HTTP/1.1 POST http://192.168.1.6:8080/api/auth - application/json 74
2026-06-14 15:24:38.296 +00:00 [INF] CORS policy execution successful.
2026-06-14 15:24:38.296 +00:00 [INF] ====== OnMessageReceived START ======
2026-06-14 15:24:38.296 +00:00 [INF] Available cookies: 0
2026-06-14 15:24:38.297 +00:00 [WRN] NO TOKEN FOUND IN COOKIES!
2026-06-14 15:24:38.297 +00:00 [INF] ====== OnMessageReceived END - Token set: false ======
2026-06-14 15:24:38.297 +00:00 [INF] Executing endpoint 'API.Controllers.AuthController.Authenticate (API)'
2026-06-14 15:24:38.297 +00:00 [INF] Route matched with {action = "Authenticate", controller = "Auth"}. Executing controller action with signature System.Threading.Tasks.Task`1[Microsoft.AspNetCore.Mvc.IActionResult] Authenticate(API.Models.RequestModels.LoginRequest) on controller API.Controllers.AuthController (API).
2026-06-14 15:24:38.304 +00:00 [INF] Authentication attempt for email: lengyelnorbi5@gmail.com
2026-06-14 15:24:38.305 +00:00 [INF] Fetching user by email from database...
2026-06-14 15:24:38.322 +00:00 [INF] Executed action API.Controllers.AuthController.Authenticate (API) in 24.6968ms
2026-06-14 15:24:38.322 +00:00 [INF] Executed endpoint 'API.Controllers.AuthController.Authenticate (API)'
2026-06-14 15:24:38.323 +00:00 [ERR] An unhandled exception has occurred while executing the request.
System.InvalidOperationException: The constructors 'UserDTO(int, string, string, DateOnly?, string)' and 'UserDTO(string, string, string, string, DateOnly?)' have the same number of parameters, and can both be used by Entity Framework. The constructor to be used must be configured in 'OnModelCreating'.
   at Microsoft.EntityFrameworkCore.Metadata.Internal.ConstructorBindingFactory.GetBindings[T](T type, Func`5 bindToProperty, Func`5 bind, InstantiationBinding& constructorBinding, InstantiationBinding& serviceOnlyBinding)
   at Microsoft.EntityFrameworkCore.Metadata.Internal.ConstructorBindingFactory.GetBindings(IMutableEntityType entityType, InstantiationBinding& constructorBinding, InstantiationBinding& serviceOnlyBinding)
   at Microsoft.EntityFrameworkCore.Metadata.Conventions.ConstructorBindingConvention.ProcessModelFinalizing(IConventionModelBuilder modelBuilder, IConventionContext`1 context)
   at Microsoft.EntityFrameworkCore.Metadata.Conventions.Internal.ConventionDispatcher.ImmediateConventionScope.OnModelFinalizing(IConventionModelBuilder modelBuilder)
   at Microsoft.EntityFrameworkCore.Metadata.Conventions.Internal.ConventionDispatcher.OnModelFinalizing(IConventionModelBuilder modelBuilder)
   at Microsoft.EntityFrameworkCore.Metadata.Internal.Model.FinalizeModel()
   at Microsoft.EntityFrameworkCore.Infrastructure.ModelRuntimeInitializer.Initialize(IModel model, Boolean designTime, IDiagnosticsLogger`1 validationLogger)
   at Microsoft.EntityFrameworkCore.Infrastructure.ModelSource.GetModel(DbContext context, ModelCreationDependencies modelCreationDependencies, Boolean designTime)
   at Microsoft.EntityFrameworkCore.Internal.DbContextServices.CreateModel(Boolean designTime)
   at Microsoft.EntityFrameworkCore.Internal.DbContextServices.get_Model()
   at Microsoft.EntityFrameworkCore.Infrastructure.EntityFrameworkServicesBuilder.<>c.<TryAddCoreServices>b__8_4(IServiceProvider p)
   at Microsoft.Extensions.DependencyInjection.ServiceLookup.CallSiteRuntimeResolver.VisitFactory(FactoryCallSite factoryCallSite, RuntimeResolverContext context)
   at Microsoft.Extensions.DependencyInjection.ServiceLookup.CallSiteVisitor`2.VisitCallSiteMain(ServiceCallSite callSite, TArgument argument)
   at Microsoft.Extensions.DependencyInjection.ServiceLookup.CallSiteRuntimeResolver.VisitCache(ServiceCallSite callSite, RuntimeResolverContext context, ServiceProviderEngineScope serviceProviderEngine, RuntimeResolverLock lockType)
   at Microsoft.Extensions.DependencyInjection.ServiceLookup.CallSiteRuntimeResolver.VisitScopeCache(ServiceCallSite callSite, RuntimeResolverContext context)
   at Microsoft.Extensions.DependencyInjection.ServiceLookup.CallSiteVisitor`2.VisitCallSite(ServiceCallSite callSite, TArgument argument)
   at Microsoft.Extensions.DependencyInjection.ServiceLookup.CallSiteRuntimeResolver.VisitConstructor(ConstructorCallSite constructorCallSite, RuntimeResolverContext context)
   at Microsoft.Extensions.DependencyInjection.ServiceLookup.CallSiteVisitor`2.VisitCallSiteMain(ServiceCallSite callSite, TArgument argument)
   at Microsoft.Extensions.DependencyInjection.ServiceLookup.CallSiteRuntimeResolver.VisitCache(ServiceCallSite callSite, RuntimeResolverContext context, ServiceProviderEngineScope serviceProviderEngine, RuntimeResolverLock lockType)
   at Microsoft.Extensions.DependencyInjection.ServiceLookup.CallSiteRuntimeResolver.VisitScopeCache(ServiceCallSite callSite, RuntimeResolverContext context)
   at Microsoft.Extensions.DependencyInjection.ServiceLookup.CallSiteVisitor`2.VisitCallSite(ServiceCallSite callSite, TArgument argument)
   at Microsoft.Extensions.DependencyInjection.ServiceLookup.CallSiteRuntimeResolver.VisitConstructor(ConstructorCallSite constructorCallSite, RuntimeResolverContext context)
   at Microsoft.Extensions.DependencyInjection.ServiceLookup.CallSiteVisitor`2.VisitCallSiteMain(ServiceCallSite callSite, TArgument argument)
   at Microsoft.Extensions.DependencyInjection.ServiceLookup.CallSiteRuntimeResolver.VisitCache(ServiceCallSite callSite, RuntimeResolverContext context, ServiceProviderEngineScope serviceProviderEngine, RuntimeResolverLock lockType)
   at Microsoft.Extensions.DependencyInjection.ServiceLookup.CallSiteRuntimeResolver.VisitScopeCache(ServiceCallSite callSite, RuntimeResolverContext context)
   at Microsoft.Extensions.DependencyInjection.ServiceLookup.CallSiteVisitor`2.VisitCallSite(ServiceCallSite callSite, TArgument argument)
   at Microsoft.Extensions.DependencyInjection.ServiceLookup.CallSiteRuntimeResolver.VisitConstructor(ConstructorCallSite constructorCallSite, RuntimeResolverContext context)
   at Microsoft.Extensions.DependencyInjection.ServiceLookup.CallSiteVisitor`2.VisitCallSiteMain(ServiceCallSite callSite, TArgument argument)
   at Microsoft.Extensions.DependencyInjection.ServiceLookup.CallSiteRuntimeResolver.VisitCache(ServiceCallSite callSite, RuntimeResolverContext context, ServiceProviderEngineScope serviceProviderEngine, RuntimeResolverLock lockType)
   at Microsoft.Extensions.DependencyInjection.ServiceLookup.CallSiteRuntimeResolver.VisitScopeCache(ServiceCallSite callSite, RuntimeResolverContext context)
   at Microsoft.Extensions.DependencyInjection.ServiceLookup.CallSiteVisitor`2.VisitCallSite(ServiceCallSite callSite, TArgument argument)
   at Microsoft.Extensions.DependencyInjection.ServiceLookup.CallSiteRuntimeResolver.VisitConstructor(ConstructorCallSite constructorCallSite, RuntimeResolverContext context)
   at Microsoft.Extensions.DependencyInjection.ServiceLookup.CallSiteVisitor`2.VisitCallSiteMain(ServiceCallSite callSite, TArgument argument)
   at Microsoft.Extensions.DependencyInjection.ServiceLookup.CallSiteRuntimeResolver.VisitCache(ServiceCallSite callSite, RuntimeResolverContext context, ServiceProviderEngineScope serviceProviderEngine, RuntimeResolverLock lockType)
   at Microsoft.Extensions.DependencyInjection.ServiceLookup.CallSiteRuntimeResolver.VisitScopeCache(ServiceCallSite callSite, RuntimeResolverContext context)
   at Microsoft.Extensions.DependencyInjection.ServiceLookup.CallSiteVisitor`2.VisitCallSite(ServiceCallSite callSite, TArgument argument)
   at Microsoft.Extensions.DependencyInjection.ServiceLookup.CallSiteRuntimeResolver.VisitConstructor(ConstructorCallSite constructorCallSite, RuntimeResolverContext context)
   at Microsoft.Extensions.DependencyInjection.ServiceLookup.CallSiteVisitor`2.VisitCallSiteMain(ServiceCallSite callSite, TArgument argument)
   at Microsoft.Extensions.DependencyInjection.ServiceLookup.CallSiteRuntimeResolver.VisitCache(ServiceCallSite callSite, RuntimeResolverContext context, ServiceProviderEngineScope serviceProviderEngine, RuntimeResolverLock lockType)
   at Microsoft.Extensions.DependencyInjection.ServiceLookup.CallSiteRuntimeResolver.VisitScopeCache(ServiceCallSite callSite, RuntimeResolverContext context)
   at Microsoft.Extensions.DependencyInjection.ServiceLookup.CallSiteVisitor`2.VisitCallSite(ServiceCallSite callSite, TArgument argument)
   at Microsoft.Extensions.DependencyInjection.ServiceLookup.CallSiteRuntimeResolver.Resolve(ServiceCallSite callSite, ServiceProviderEngineScope scope)
   at Microsoft.Extensions.DependencyInjection.ServiceLookup.DynamicServiceProviderEngine.<>c__DisplayClass2_0.<RealizeService>b__0(ServiceProviderEngineScope scope)
   at Microsoft.Extensions.DependencyInjection.ServiceProvider.GetService(ServiceIdentifier serviceIdentifier, ServiceProviderEngineScope serviceProviderEngineScope)
   at Microsoft.Extensions.DependencyInjection.ServiceLookup.ServiceProviderEngineScope.GetService(Type serviceType)
   at Microsoft.Extensions.DependencyInjection.ServiceProviderServiceExtensions.GetRequiredService(IServiceProvider provider, Type serviceType)
   at Microsoft.Extensions.DependencyInjection.ServiceProviderServiceExtensions.GetRequiredService[T](IServiceProvider provider)
   at Microsoft.EntityFrameworkCore.DbContext.get_DbContextDependencies()
   at Microsoft.EntityFrameworkCore.DbContext.get_ContextServices()
   at Microsoft.EntityFrameworkCore.DbContext.get_Model()
   at Microsoft.EntityFrameworkCore.Internal.InternalDbSet`1.get_EntityType()
   at Microsoft.EntityFrameworkCore.Internal.InternalDbSet`1.CheckState()
   at Microsoft.EntityFrameworkCore.Internal.InternalDbSet`1.get_EntityQueryable()
   at Microsoft.EntityFrameworkCore.Internal.InternalDbSet`1.System.Linq.IQueryable.get_Provider()
   at Microsoft.EntityFrameworkCore.EntityFrameworkQueryableExtensions.ExecuteAsync[TSource,TResult](MethodInfo operatorMethodInfo, IQueryable`1 source, Expression expression, CancellationToken cancellationToken)
   at Microsoft.EntityFrameworkCore.EntityFrameworkQueryableExtensions.ExecuteAsync[TSource,TResult](MethodInfo operatorMethodInfo, IQueryable`1 source, LambdaExpression expression, CancellationToken cancellationToken)
   at Microsoft.EntityFrameworkCore.EntityFrameworkQueryableExtensions.FirstOrDefaultAsync[TSource](IQueryable`1 source, Expression`1 predicate, CancellationToken cancellationToken)
   at API.Services.UserService.GetUserByEmailAsync(String email) in /source/Services/UserService.cs:line 70
   at API.Controllers.AuthController.Authenticate(LoginRequest request) in /source/Controllers/AuthController.cs:line 50
   at Microsoft.AspNetCore.Mvc.Infrastructure.ActionMethodExecutor.TaskOfIActionResultExecutor.Execute(ActionContext actionContext, IActionResultTypeMapper mapper, ObjectMethodExecutor executor, Object controller, Object[] arguments)
   at Microsoft.AspNetCore.Mvc.Infrastructure.ControllerActionInvoker.<InvokeActionMethodAsync>g__Awaited|12_0(ControllerActionInvoker invoker, ValueTask`1 actionResultValueTask)
   at Microsoft.AspNetCore.Mvc.Infrastructure.ControllerActionInvoker.<InvokeNextActionFilterAsync>g__Awaited|10_0(ControllerActionInvoker invoker, Task lastTask, State next, Scope scope, Object state, Boolean isCompleted)
   at Microsoft.AspNetCore.Mvc.Infrastructure.ControllerActionInvoker.Rethrow(ActionExecutedContextSealed context)
   at Microsoft.AspNetCore.Mvc.Infrastructure.ControllerActionInvoker.Next(State& next, Scope& scope, Object& state, Boolean& isCompleted)
   at Microsoft.AspNetCore.Mvc.Infrastructure.ControllerActionInvoker.InvokeInnerFilterAsync()
--- End of stack trace from previous location ---
   at Microsoft.AspNetCore.Mvc.Infrastructure.ResourceInvoker.<InvokeFilterPipelineAsync>g__Awaited|20_0(ResourceInvoker invoker, Task lastTask, State next, Scope scope, Object state, Boolean isCompleted)
   at Microsoft.AspNetCore.Mvc.Infrastructure.ResourceInvoker.<InvokeAsync>g__Logged|17_1(ResourceInvoker invoker)
   at Microsoft.AspNetCore.Mvc.Infrastructure.ResourceInvoker.<InvokeAsync>g__Logged|17_1(ResourceInvoker invoker)
   at Microsoft.AspNetCore.Routing.EndpointMiddleware.<Invoke>g__AwaitRequestTask|7_0(Endpoint endpoint, Task requestTask, ILogger logger)
   at Microsoft.AspNetCore.Authorization.AuthorizationMiddleware.Invoke(HttpContext context)
   at Microsoft.AspNetCore.Authentication.AuthenticationMiddleware.Invoke(HttpContext context)
   at Microsoft.AspNetCore.Diagnostics.DeveloperExceptionPageMiddlewareImpl.Invoke(HttpContext context)
2026-06-14 15:24:38.325 +00:00 [INF] Request finished HTTP/1.1 POST http://192.168.1.6:8080/api/auth - 500 null text/plain; charset=utf-8 29.3886ms
2026-06-14 15:24:56.861 +00:00 [INF] Request starting HTTP/1.1 OPTIONS http://192.168.1.6:8080/api/auth - null null
2026-06-14 15:24:56.862 +00:00 [INF] CORS policy execution successful.
2026-06-14 15:24:56.862 +00:00 [INF] Request finished HTTP/1.1 OPTIONS http://192.168.1.6:8080/api/auth - 204 null null 0.9009ms
2026-06-14 15:24:56.864 +00:00 [INF] Request starting HTTP/1.1 POST http://192.168.1.6:8080/api/auth - application/json 74
2026-06-14 15:24:56.865 +00:00 [INF] CORS policy execution successful.
2026-06-14 15:24:56.866 +00:00 [INF] ====== OnMessageReceived START ======
2026-06-14 15:24:56.866 +00:00 [INF] Available cookies: 0
2026-06-14 15:24:56.867 +00:00 [WRN] NO TOKEN FOUND IN COOKIES!
2026-06-14 15:24:56.867 +00:00 [INF] ====== OnMessageReceived END - Token set: false ======
2026-06-14 15:24:56.867 +00:00 [INF] Executing endpoint 'API.Controllers.AuthController.Authenticate (API)'
2026-06-14 15:24:56.867 +00:00 [INF] Route matched with {action = "Authenticate", controller = "Auth"}. Executing controller action with signature System.Threading.Tasks.Task`1[Microsoft.AspNetCore.Mvc.IActionResult] Authenticate(API.Models.RequestModels.LoginRequest) on controller API.Controllers.AuthController (API).
2026-06-14 15:24:56.870 +00:00 [INF] Authentication attempt for email: lengyelnorbi5@gmail.com
2026-06-14 15:24:56.871 +00:00 [INF] Fetching user by email from database...
2026-06-14 15:24:56.890 +00:00 [INF] Executed action API.Controllers.AuthController.Authenticate (API) in 22.7118ms
2026-06-14 15:24:56.891 +00:00 [INF] Executed endpoint 'API.Controllers.AuthController.Authenticate (API)'
2026-06-14 15:24:56.891 +00:00 [ERR] An unhandled exception has occurred while executing the request.
System.InvalidOperationException: The constructors 'UserDTO(int, string, string, DateOnly?, string)' and 'UserDTO(string, string, string, string, DateOnly?)' have the same number of parameters, and can both be used by Entity Framework. The constructor to be used must be configured in 'OnModelCreating'.
   at Microsoft.EntityFrameworkCore.Metadata.Internal.ConstructorBindingFactory.GetBindings[T](T type, Func`5 bindToProperty, Func`5 bind, InstantiationBinding& constructorBinding, InstantiationBinding& serviceOnlyBinding)
   at Microsoft.EntityFrameworkCore.Metadata.Internal.ConstructorBindingFactory.GetBindings(IMutableEntityType entityType, InstantiationBinding& constructorBinding, InstantiationBinding& serviceOnlyBinding)
   at Microsoft.EntityFrameworkCore.Metadata.Conventions.ConstructorBindingConvention.ProcessModelFinalizing(IConventionModelBuilder modelBuilder, IConventionContext`1 context)
   at Microsoft.EntityFrameworkCore.Metadata.Conventions.Internal.ConventionDispatcher.ImmediateConventionScope.OnModelFinalizing(IConventionModelBuilder modelBuilder)
   at Microsoft.EntityFrameworkCore.Metadata.Conventions.Internal.ConventionDispatcher.OnModelFinalizing(IConventionModelBuilder modelBuilder)
   at Microsoft.EntityFrameworkCore.Metadata.Internal.Model.FinalizeModel()
   at Microsoft.EntityFrameworkCore.Infrastructure.ModelRuntimeInitializer.Initialize(IModel model, Boolean designTime, IDiagnosticsLogger`1 validationLogger)
   at Microsoft.EntityFrameworkCore.Infrastructure.ModelSource.GetModel(DbContext context, ModelCreationDependencies modelCreationDependencies, Boolean designTime)
   at Microsoft.EntityFrameworkCore.Internal.DbContextServices.CreateModel(Boolean designTime)
   at Microsoft.EntityFrameworkCore.Internal.DbContextServices.get_Model()
   at Microsoft.EntityFrameworkCore.Infrastructure.EntityFrameworkServicesBuilder.<>c.<TryAddCoreServices>b__8_4(IServiceProvider p)
   at Microsoft.Extensions.DependencyInjection.ServiceLookup.CallSiteVisitor`2.VisitCallSiteMain(ServiceCallSite callSite, TArgument argument)
   at Microsoft.Extensions.DependencyInjection.ServiceLookup.CallSiteRuntimeResolver.VisitCache(ServiceCallSite callSite, RuntimeResolverContext context, ServiceProviderEngineScope serviceProviderEngine, RuntimeResolverLock lockType)
   at Microsoft.Extensions.DependencyInjection.ServiceLookup.CallSiteVisitor`2.VisitCallSite(ServiceCallSite callSite, TArgument argument)
   at Microsoft.Extensions.DependencyInjection.ServiceLookup.CallSiteVisitor`2.VisitCallSiteMain(ServiceCallSite callSite, TArgument argument)
   at Microsoft.Extensions.DependencyInjection.ServiceLookup.CallSiteRuntimeResolver.VisitCache(ServiceCallSite callSite, RuntimeResolverContext context, ServiceProviderEngineScope serviceProviderEngine, RuntimeResolverLock lockType)
   at Microsoft.Extensions.DependencyInjection.ServiceLookup.CallSiteVisitor`2.VisitCallSite(ServiceCallSite callSite, TArgument argument)
   at Microsoft.Extensions.DependencyInjection.ServiceLookup.CallSiteVisitor`2.VisitCallSiteMain(ServiceCallSite callSite, TArgument argument)
   at Microsoft.Extensions.DependencyInjection.ServiceLookup.CallSiteRuntimeResolver.VisitCache(ServiceCallSite callSite, RuntimeResolverContext context, ServiceProviderEngineScope serviceProviderEngine, RuntimeResolverLock lockType)
   at Microsoft.Extensions.DependencyInjection.ServiceLookup.CallSiteVisitor`2.VisitCallSite(ServiceCallSite callSite, TArgument argument)
   at Microsoft.Extensions.DependencyInjection.ServiceLookup.CallSiteVisitor`2.VisitCallSiteMain(ServiceCallSite callSite, TArgument argument)
   at Microsoft.Extensions.DependencyInjection.ServiceLookup.CallSiteRuntimeResolver.VisitCache(ServiceCallSite callSite, RuntimeResolverContext context, ServiceProviderEngineScope serviceProviderEngine, RuntimeResolverLock lockType)
   at Microsoft.Extensions.DependencyInjection.ServiceLookup.CallSiteVisitor`2.VisitCallSite(ServiceCallSite callSite, TArgument argument)
   at Microsoft.Extensions.DependencyInjection.ServiceLookup.CallSiteVisitor`2.VisitCallSiteMain(ServiceCallSite callSite, TArgument argument)
   at Microsoft.Extensions.DependencyInjection.ServiceLookup.CallSiteRuntimeResolver.VisitCache(ServiceCallSite callSite, RuntimeResolverContext context, ServiceProviderEngineScope serviceProviderEngine, RuntimeResolverLock lockType)
   at Microsoft.Extensions.DependencyInjection.ServiceLookup.CallSiteVisitor`2.VisitCallSite(ServiceCallSite callSite, TArgument argument)
   at Microsoft.Extensions.DependencyInjection.ServiceLookup.CallSiteVisitor`2.VisitCallSiteMain(ServiceCallSite callSite, TArgument argument)
   at Microsoft.Extensions.DependencyInjection.ServiceLookup.CallSiteRuntimeResolver.VisitCache(ServiceCallSite callSite, RuntimeResolverContext context, ServiceProviderEngineScope serviceProviderEngine, RuntimeResolverLock lockType)
   at Microsoft.Extensions.DependencyInjection.ServiceLookup.CallSiteVisitor`2.VisitCallSite(ServiceCallSite callSite, TArgument argument)
   at Microsoft.Extensions.DependencyInjection.ServiceLookup.CallSiteRuntimeResolver.Resolve(ServiceCallSite callSite, ServiceProviderEngineScope scope)
   at Microsoft.Extensions.DependencyInjection.ServiceLookup.DynamicServiceProviderEngine.<>c__DisplayClass2_0.<RealizeService>b__0(ServiceProviderEngineScope scope)
   at Microsoft.Extensions.DependencyInjection.ServiceProvider.GetService(ServiceIdentifier serviceIdentifier, ServiceProviderEngineScope serviceProviderEngineScope)
   at Microsoft.Extensions.DependencyInjection.ServiceLookup.ServiceProviderEngineScope.GetService(Type serviceType)
   at Microsoft.Extensions.DependencyInjection.ServiceProviderServiceExtensions.GetRequiredService(IServiceProvider provider, Type serviceType)
   at Microsoft.Extensions.DependencyInjection.ServiceProviderServiceExtensions.GetRequiredService[T](IServiceProvider provider)
   at Microsoft.EntityFrameworkCore.DbContext.get_DbContextDependencies()
   at Microsoft.EntityFrameworkCore.DbContext.get_ContextServices()
   at Microsoft.EntityFrameworkCore.DbContext.get_Model()
   at Microsoft.EntityFrameworkCore.Internal.InternalDbSet`1.get_EntityType()
   at Microsoft.EntityFrameworkCore.Internal.InternalDbSet`1.CheckState()
   at Microsoft.EntityFrameworkCore.Internal.InternalDbSet`1.get_EntityQueryable()
   at Microsoft.EntityFrameworkCore.Internal.InternalDbSet`1.System.Linq.IQueryable.get_Provider()
   at Microsoft.EntityFrameworkCore.EntityFrameworkQueryableExtensions.ExecuteAsync[TSource,TResult](MethodInfo operatorMethodInfo, IQueryable`1 source, Expression expression, CancellationToken cancellationToken)
   at Microsoft.EntityFrameworkCore.EntityFrameworkQueryableExtensions.ExecuteAsync[TSource,TResult](MethodInfo operatorMethodInfo, IQueryable`1 source, LambdaExpression expression, CancellationToken cancellationToken)
   at Microsoft.EntityFrameworkCore.EntityFrameworkQueryableExtensions.FirstOrDefaultAsync[TSource](IQueryable`1 source, Expression`1 predicate, CancellationToken cancellationToken)
   at API.Services.UserService.GetUserByEmailAsync(String email) in /source/Services/UserService.cs:line 70
   at API.Controllers.AuthController.Authenticate(LoginRequest request) in /source/Controllers/AuthController.cs:line 50
   at Microsoft.AspNetCore.Mvc.Infrastructure.ActionMethodExecutor.TaskOfIActionResultExecutor.Execute(ActionContext actionContext, IActionResultTypeMapper mapper, ObjectMethodExecutor executor, Object controller, Object[] arguments)
   at Microsoft.AspNetCore.Mvc.Infrastructure.ControllerActionInvoker.<InvokeActionMethodAsync>g__Awaited|12_0(ControllerActionInvoker invoker, ValueTask`1 actionResultValueTask)
   at Microsoft.AspNetCore.Mvc.Infrastructure.ControllerActionInvoker.<InvokeNextActionFilterAsync>g__Awaited|10_0(ControllerActionInvoker invoker, Task lastTask, State next, Scope scope, Object state, Boolean isCompleted)
   at Microsoft.AspNetCore.Mvc.Infrastructure.ControllerActionInvoker.Rethrow(ActionExecutedContextSealed context)
   at Microsoft.AspNetCore.Mvc.Infrastructure.ControllerActionInvoker.Next(State& next, Scope& scope, Object& state, Boolean& isCompleted)
   at Microsoft.AspNetCore.Mvc.Infrastructure.ControllerActionInvoker.InvokeInnerFilterAsync()
--- End of stack trace from previous location ---
   at Microsoft.AspNetCore.Mvc.Infrastructure.ResourceInvoker.<InvokeFilterPipelineAsync>g__Awaited|20_0(ResourceInvoker invoker, Task lastTask, State next, Scope scope, Object state, Boolean isCompleted)
   at Microsoft.AspNetCore.Mvc.Infrastructure.ResourceInvoker.<InvokeAsync>g__Logged|17_1(ResourceInvoker invoker)
   at Microsoft.AspNetCore.Mvc.Infrastructure.ResourceInvoker.<InvokeAsync>g__Logged|17_1(ResourceInvoker invoker)
   at Microsoft.AspNetCore.Routing.EndpointMiddleware.<Invoke>g__AwaitRequestTask|7_0(Endpoint endpoint, Task requestTask, ILogger logger)
   at Microsoft.AspNetCore.Authorization.AuthorizationMiddleware.Invoke(HttpContext context)
   at Microsoft.AspNetCore.Authentication.AuthenticationMiddleware.Invoke(HttpContext context)
   at Microsoft.AspNetCore.Diagnostics.DeveloperExceptionPageMiddlewareImpl.Invoke(HttpContext context)
2026-06-14 15:24:56.893 +00:00 [INF] Request finished HTTP/1.1 POST http://192.168.1.6:8080/api/auth - 500 null text/plain; charset=utf-8 28.6787ms
2026-06-14 15:25:12.459 +00:00 [INF] Request starting HTTP/1.1 OPTIONS http://192.168.1.6:8080/api/auth - null null
2026-06-14 15:25:12.459 +00:00 [INF] CORS policy execution successful.
2026-06-14 15:25:12.460 +00:00 [INF] Request finished HTTP/1.1 OPTIONS http://192.168.1.6:8080/api/auth - 204 null null 0.7361ms
2026-06-14 15:25:12.461 +00:00 [INF] Request starting HTTP/1.1 POST http://192.168.1.6:8080/api/auth - application/json 74
2026-06-14 15:25:12.462 +00:00 [INF] CORS policy execution successful.
2026-06-14 15:25:12.462 +00:00 [INF] ====== OnMessageReceived START ======
2026-06-14 15:25:12.462 +00:00 [INF] Available cookies: 0
2026-06-14 15:25:12.462 +00:00 [WRN] NO TOKEN FOUND IN COOKIES!
2026-06-14 15:25:12.463 +00:00 [INF] ====== OnMessageReceived END - Token set: false ======
2026-06-14 15:25:12.463 +00:00 [INF] Executing endpoint 'API.Controllers.AuthController.Authenticate (API)'
2026-06-14 15:25:12.463 +00:00 [INF] Route matched with {action = "Authenticate", controller = "Auth"}. Executing controller action with signature System.Threading.Tasks.Task`1[Microsoft.AspNetCore.Mvc.IActionResult] Authenticate(API.Models.RequestModels.LoginRequest) on controller API.Controllers.AuthController (API).
2026-06-14 15:25:12.464 +00:00 [INF] Authentication attempt for email: lengyelnorbi5@gmail.com
2026-06-14 15:25:12.464 +00:00 [INF] Fetching user by email from database...
2026-06-14 15:25:12.469 +00:00 [INF] Executed action API.Controllers.AuthController.Authenticate (API) in 5.6171ms
2026-06-14 15:25:12.469 +00:00 [INF] Executed endpoint 'API.Controllers.AuthController.Authenticate (API)'
2026-06-14 15:25:12.469 +00:00 [ERR] An unhandled exception has occurred while executing the request.
System.InvalidOperationException: The constructors 'UserDTO(int, string, string, DateOnly?, string)' and 'UserDTO(string, string, string, string, DateOnly?)' have the same number of parameters, and can both be used by Entity Framework. The constructor to be used must be configured in 'OnModelCreating'.
   at Microsoft.EntityFrameworkCore.Metadata.Internal.ConstructorBindingFactory.GetBindings[T](T type, Func`5 bindToProperty, Func`5 bind, InstantiationBinding& constructorBinding, InstantiationBinding& serviceOnlyBinding)
   at Microsoft.EntityFrameworkCore.Metadata.Internal.ConstructorBindingFactory.GetBindings(IMutableEntityType entityType, InstantiationBinding& constructorBinding, InstantiationBinding& serviceOnlyBinding)
   at Microsoft.EntityFrameworkCore.Metadata.Conventions.ConstructorBindingConvention.ProcessModelFinalizing(IConventionModelBuilder modelBuilder, IConventionContext`1 context)
   at Microsoft.EntityFrameworkCore.Metadata.Conventions.Internal.ConventionDispatcher.ImmediateConventionScope.OnModelFinalizing(IConventionModelBuilder modelBuilder)
   at Microsoft.EntityFrameworkCore.Metadata.Conventions.Internal.ConventionDispatcher.OnModelFinalizing(IConventionModelBuilder modelBuilder)
   at Microsoft.EntityFrameworkCore.Metadata.Internal.Model.FinalizeModel()
   at Microsoft.EntityFrameworkCore.Infrastructure.ModelRuntimeInitializer.Initialize(IModel model, Boolean designTime, IDiagnosticsLogger`1 validationLogger)
   at Microsoft.EntityFrameworkCore.Infrastructure.ModelSource.GetModel(DbContext context, ModelCreationDependencies modelCreationDependencies, Boolean designTime)
   at Microsoft.EntityFrameworkCore.Internal.DbContextServices.CreateModel(Boolean designTime)
   at Microsoft.EntityFrameworkCore.Internal.DbContextServices.get_Model()
   at Microsoft.EntityFrameworkCore.Infrastructure.EntityFrameworkServicesBuilder.<>c.<TryAddCoreServices>b__8_4(IServiceProvider p)
   at Microsoft.Extensions.DependencyInjection.ServiceLookup.CallSiteVisitor`2.VisitCallSiteMain(ServiceCallSite callSite, TArgument argument)
   at Microsoft.Extensions.DependencyInjection.ServiceLookup.CallSiteRuntimeResolver.VisitCache(ServiceCallSite callSite, RuntimeResolverContext context, ServiceProviderEngineScope serviceProviderEngine, RuntimeResolverLock lockType)
   at Microsoft.Extensions.DependencyInjection.ServiceLookup.CallSiteVisitor`2.VisitCallSite(ServiceCallSite callSite, TArgument argument)
   at Microsoft.Extensions.DependencyInjection.ServiceLookup.CallSiteVisitor`2.VisitCallSiteMain(ServiceCallSite callSite, TArgument argument)
   at Microsoft.Extensions.DependencyInjection.ServiceLookup.CallSiteRuntimeResolver.VisitCache(ServiceCallSite callSite, RuntimeResolverContext context, ServiceProviderEngineScope serviceProviderEngine, RuntimeResolverLock lockType)
   at Microsoft.Extensions.DependencyInjection.ServiceLookup.CallSiteVisitor`2.VisitCallSite(ServiceCallSite callSite, TArgument argument)
   at Microsoft.Extensions.DependencyInjection.ServiceLookup.CallSiteVisitor`2.VisitCallSiteMain(ServiceCallSite callSite, TArgument argument)
   at Microsoft.Extensions.DependencyInjection.ServiceLookup.CallSiteRuntimeResolver.VisitCache(ServiceCallSite callSite, RuntimeResolverContext context, ServiceProviderEngineScope serviceProviderEngine, RuntimeResolverLock lockType)
   at Microsoft.Extensions.DependencyInjection.ServiceLookup.CallSiteVisitor`2.VisitCallSite(ServiceCallSite callSite, TArgument argument)
   at Microsoft.Extensions.DependencyInjection.ServiceLookup.CallSiteVisitor`2.VisitCallSiteMain(ServiceCallSite callSite, TArgument argument)
   at Microsoft.Extensions.DependencyInjection.ServiceLookup.CallSiteRuntimeResolver.VisitCache(ServiceCallSite callSite, RuntimeResolverContext context, ServiceProviderEngineScope serviceProviderEngine, RuntimeResolverLock lockType)
   at Microsoft.Extensions.DependencyInjection.ServiceLookup.CallSiteVisitor`2.VisitCallSite(ServiceCallSite callSite, TArgument argument)
   at Microsoft.Extensions.DependencyInjection.ServiceLookup.CallSiteVisitor`2.VisitCallSiteMain(ServiceCallSite callSite, TArgument argument)
   at Microsoft.Extensions.DependencyInjection.ServiceLookup.CallSiteRuntimeResolver.VisitCache(ServiceCallSite callSite, RuntimeResolverContext context, ServiceProviderEngineScope serviceProviderEngine, RuntimeResolverLock lockType)
   at Microsoft.Extensions.DependencyInjection.ServiceLookup.CallSiteVisitor`2.VisitCallSite(ServiceCallSite callSite, TArgument argument)
   at Microsoft.Extensions.DependencyInjection.ServiceLookup.CallSiteVisitor`2.VisitCallSiteMain(ServiceCallSite callSite, TArgument argument)
   at Microsoft.Extensions.DependencyInjection.ServiceLookup.CallSiteRuntimeResolver.VisitCache(ServiceCallSite callSite, RuntimeResolverContext context, ServiceProviderEngineScope serviceProviderEngine, RuntimeResolverLock lockType)
   at Microsoft.Extensions.DependencyInjection.ServiceLookup.CallSiteVisitor`2.VisitCallSite(ServiceCallSite callSite, TArgument argument)
   at Microsoft.Extensions.DependencyInjection.ServiceLookup.CallSiteRuntimeResolver.Resolve(ServiceCallSite callSite, ServiceProviderEngineScope scope)
   at Microsoft.Extensions.DependencyInjection.ServiceLookup.DynamicServiceProviderEngine.<>c__DisplayClass2_0.<RealizeService>b__0(ServiceProviderEngineScope scope)
   at Microsoft.Extensions.DependencyInjection.ServiceLookup.ServiceProviderEngineScope.GetService(Type serviceType)
   at Microsoft.Extensions.DependencyInjection.ServiceProviderServiceExtensions.GetRequiredService(IServiceProvider provider, Type serviceType)
   at Microsoft.Extensions.DependencyInjection.ServiceProviderServiceExtensions.GetRequiredService[T](IServiceProvider provider)
   at Microsoft.EntityFrameworkCore.DbContext.get_DbContextDependencies()
   at Microsoft.EntityFrameworkCore.DbContext.get_ContextServices()
   at Microsoft.EntityFrameworkCore.DbContext.get_Model()
   at Microsoft.EntityFrameworkCore.Internal.InternalDbSet`1.get_EntityType()
   at Microsoft.EntityFrameworkCore.Internal.InternalDbSet`1.CheckState()
   at Microsoft.EntityFrameworkCore.Internal.InternalDbSet`1.get_EntityQueryable()
   at Microsoft.EntityFrameworkCore.Internal.InternalDbSet`1.System.Linq.IQueryable.get_Provider()
   at Microsoft.EntityFrameworkCore.EntityFrameworkQueryableExtensions.ExecuteAsync[TSource,TResult](MethodInfo operatorMethodInfo, IQueryable`1 source, Expression expression, CancellationToken cancellationToken)
   at Microsoft.EntityFrameworkCore.EntityFrameworkQueryableExtensions.ExecuteAsync[TSource,TResult](MethodInfo operatorMethodInfo, IQueryable`1 source, LambdaExpression expression, CancellationToken cancellationToken)
   at Microsoft.EntityFrameworkCore.EntityFrameworkQueryableExtensions.FirstOrDefaultAsync[TSource](IQueryable`1 source, Expression`1 predicate, CancellationToken cancellationToken)
   at API.Services.UserService.GetUserByEmailAsync(String email) in /source/Services/UserService.cs:line 70
   at API.Controllers.AuthController.Authenticate(LoginRequest request) in /source/Controllers/AuthController.cs:line 50
   at Microsoft.AspNetCore.Mvc.Infrastructure.ActionMethodExecutor.TaskOfIActionResultExecutor.Execute(ActionContext actionContext, IActionResultTypeMapper mapper, ObjectMethodExecutor executor, Object controller, Object[] arguments)
   at Microsoft.AspNetCore.Mvc.Infrastructure.ControllerActionInvoker.<InvokeActionMethodAsync>g__Awaited|12_0(ControllerActionInvoker invoker, ValueTask`1 actionResultValueTask)
   at Microsoft.AspNetCore.Mvc.Infrastructure.ControllerActionInvoker.<InvokeNextActionFilterAsync>g__Awaited|10_0(ControllerActionInvoker invoker, Task lastTask, State next, Scope scope, Object state, Boolean isCompleted)
   at Microsoft.AspNetCore.Mvc.Infrastructure.ControllerActionInvoker.Rethrow(ActionExecutedContextSealed context)
   at Microsoft.AspNetCore.Mvc.Infrastructure.ControllerActionInvoker.Next(State& next, Scope& scope, Object& state, Boolean& isCompleted)
   at Microsoft.AspNetCore.Mvc.Infrastructure.ControllerActionInvoker.InvokeInnerFilterAsync()
--- End of stack trace from previous location ---
   at Microsoft.AspNetCore.Mvc.Infrastructure.ResourceInvoker.<InvokeFilterPipelineAsync>g__Awaited|20_0(ResourceInvoker invoker, Task lastTask, State next, Scope scope, Object state, Boolean isCompleted)
   at Microsoft.AspNetCore.Mvc.Infrastructure.ResourceInvoker.<InvokeAsync>g__Logged|17_1(ResourceInvoker invoker)
   at Microsoft.AspNetCore.Mvc.Infrastructure.ResourceInvoker.<InvokeAsync>g__Logged|17_1(ResourceInvoker invoker)
   at Microsoft.AspNetCore.Routing.EndpointMiddleware.<Invoke>g__AwaitRequestTask|7_0(Endpoint endpoint, Task requestTask, ILogger logger)
   at Microsoft.AspNetCore.Authorization.AuthorizationMiddleware.Invoke(HttpContext context)
   at Microsoft.AspNetCore.Authentication.AuthenticationMiddleware.Invoke(HttpContext context)
   at Microsoft.AspNetCore.Diagnostics.DeveloperExceptionPageMiddlewareImpl.Invoke(HttpContext context)
2026-06-14 15:25:12.471 +00:00 [INF] Request finished HTTP/1.1 POST http://192.168.1.6:8080/api/auth - 500 null text/plain; charset=utf-8 9.8223ms
2026-06-14 15:27:03.146 +00:00 [INF] Application is shutting down...
2026-06-14 15:27:03.946 +00:00 [WRN] Storing keys in a directory '/home/app/.aspnet/DataProtection-Keys' that may not be persisted outside of the container. Protected data will be unavailable when container is destroyed. For more information go to https://aka.ms/aspnet/dataprotectionwarning
2026-06-14 15:27:03.971 +00:00 [INF] User profile is available. Using '/home/app/.aspnet/DataProtection-Keys' as key repository; keys will not be encrypted at rest.
2026-06-14 15:27:03.981 +00:00 [INF] Creating key {83097bce-d53c-465f-939d-9a4093ace880} with creation date 2026-06-14 15:27:03Z, activation date 2026-06-14 15:27:03Z, and expiration date 2026-09-12 15:27:03Z.
2026-06-14 15:27:04.008 +00:00 [WRN] No XML encryptor configured. Key {83097bce-d53c-465f-939d-9a4093ace880} may be persisted to storage in unencrypted form.
2026-06-14 15:27:04.011 +00:00 [INF] Writing data to file '/home/app/.aspnet/DataProtection-Keys/key-83097bce-d53c-465f-939d-9a4093ace880.xml'.
2026-06-14 15:27:04.059 +00:00 [INF] Now listening on: http://[::]:8080
2026-06-14 15:27:04.061 +00:00 [INF] Application started. Press Ctrl+C to shut down.
2026-06-14 15:27:04.061 +00:00 [INF] Hosting environment: Development
2026-06-14 15:27:04.061 +00:00 [INF] Content root path: /app
2026-06-14 15:27:20.016 +00:00 [INF] Request starting HTTP/1.1 OPTIONS http://192.168.1.6:8080/api/auth - null null
2026-06-14 15:27:20.027 +00:00 [WRN] Failed to determine the https port for redirect.
2026-06-14 15:27:20.029 +00:00 [INF] CORS policy execution successful.
2026-06-14 15:27:20.037 +00:00 [INF] Request starting HTTP/1.1 POST http://192.168.1.6:8080/api/auth - application/json 74
2026-06-14 15:27:20.039 +00:00 [INF] CORS policy execution successful.
2026-06-14 15:27:20.033 +00:00 [INF] Request finished HTTP/1.1 OPTIONS http://192.168.1.6:8080/api/auth - 204 null null 17.8582ms
2026-06-14 15:27:20.050 +00:00 [INF] ====== OnMessageReceived START ======
2026-06-14 15:27:20.051 +00:00 [INF] Available cookies: 0
2026-06-14 15:27:20.052 +00:00 [WRN] NO TOKEN FOUND IN COOKIES!
2026-06-14 15:27:20.052 +00:00 [INF] ====== OnMessageReceived END - Token set: false ======
2026-06-14 15:27:20.054 +00:00 [INF] Executing endpoint 'API.Controllers.AuthController.Authenticate (API)'
2026-06-14 15:27:20.065 +00:00 [INF] Route matched with {action = "Authenticate", controller = "Auth"}. Executing controller action with signature System.Threading.Tasks.Task`1[Microsoft.AspNetCore.Mvc.IActionResult] Authenticate(API.Models.RequestModels.LoginRequest) on controller API.Controllers.AuthController (API).
2026-06-14 15:27:20.142 +00:00 [INF] Authentication attempt for email: lengyelnorbi5@gmail.com
2026-06-14 15:27:20.142 +00:00 [INF] Fetching user by email from database...
2026-06-14 15:27:20.657 +00:00 [INF] Executed DbCommand (24ms) [Parameters=[@__email_0='?'], CommandType='"Text"', CommandTimeout='30']
SELECT u."ID", u."Email", u."PasswordHash", u."RegisteredAt", u."Role", u."Username"
FROM "Users" AS u
WHERE u."Email" = @__email_0
LIMIT 1
2026-06-14 15:27:20.695 +00:00 [INF] Mozilla/5.0 (Windows NT 10.0; Win64; x64; rv:151.0) Gecko/20100101 Firefox/151.0
2026-06-14 15:27:20.699 +00:00 [INF] Fetching user by email from database...
2026-06-14 15:27:20.702 +00:00 [INF] Executed DbCommand (1ms) [Parameters=[@__email_0='?'], CommandType='"Text"', CommandTimeout='30']
SELECT u."ID", u."Email", u."PasswordHash", u."RegisteredAt", u."Role", u."Username"
FROM "Users" AS u
WHERE u."Email" = @__email_0
LIMIT 1
2026-06-14 15:27:21.210 +00:00 [INF] Password verification completed: Valid
2026-06-14 15:27:21.282 +00:00 [INF] Executed DbCommand (7ms) [Parameters=[@p0='?' (DbType = DateTime), @p1='?', @p2='?' (DbType = DateTime), @p3='?', @p4='?' (DbType = Int32), @p5='?'], CommandType='"Text"', CommandTimeout='30']
INSERT INTO "AccessTokens" ("CreatedAt", "DeviceFingerprint", "ExpiresAt", "IpAddress", "UserID", jti)
VALUES (@p0, @p1, @p2, @p3, @p4, @p5)
RETURNING "ID", "IsRevoked";
2026-06-14 15:27:21.318 +00:00 [INF] Executed DbCommand (2ms) [Parameters=[@p0='?' (DbType = DateTime), @p1='?', @p2='?' (DbType = DateTime), @p3='?', @p4='?', @p5='?' (DbType = Int32)], CommandType='"Text"', CommandTimeout='30']
INSERT INTO "RefreshTokens" ("CreatedAt", "DeviceFingerprint", "ExpiresAt", "IpAddress", "TokenHash", "UserID")
VALUES (@p0, @p1, @p2, @p3, @p4, @p5)
RETURNING "ID", "IsRevoked";
2026-06-14 15:27:21.320 +00:00 [INF] Admin user lengyelnorbi5@gmail.com authenticated successfully from admin panel at "2026-06-14T15:27:21.3207689Z"
2026-06-14 15:27:21.322 +00:00 [INF] --------------------------------------------------------------------
2026-06-14 15:27:21.322 +00:00 [INF] eyJhbGciOiJIUzI1NiIsInR5cCI6IkpXVCJ9.eyJodHRwOi8vc2NoZW1hcy54bWxzb2FwLm9yZy93cy8yMDA1LzA1L2lkZW50aXR5L2NsYWltcy9uYW1laWRlbnRpZmllciI6IjEiLCJodHRwOi8vc2NoZW1hcy54bWxzb2FwLm9yZy93cy8yMDA1LzA1L2lkZW50aXR5L2NsYWltcy9lbWFpbGFkZHJlc3MiOiJsZW5neWVsbm9yYmk1QGdtYWlsLmNvbSIsImh0dHA6Ly9zY2hlbWFzLnhtbHNvYXAub3JnL3dzLzIwMDUvMDUvaWRlbnRpdHkvY2xhaW1zL25hbWUiOiJsZW5neWVsbm9yYmkiLCJqdGkiOiI4N2VlMTM2ZS1kNzc1LTQ2ZmItODk1MS1mOTI3MWJmNTc3N2MiLCJpYXQiOjE3ODE0NTA4NDEsImV4cCI6MTc4MTQ1MTE0MSwiaHR0cDovL3NjaGVtYXMubWljcm9zb2Z0LmNvbS93cy8yMDA4LzA2L2lkZW50aXR5L2NsYWltcy9yb2xlIjoiQWRtaW4iLCJTb3VyY2UiOiJhZG1pbiIsIkRldmljZUlkIjoiL2EydWY0ejhyY0JJaElyN0tHYmQ2YWFoTXI4MEJoais5dXlMaVlOWjY2QT0iLCJJUEFkZHJlc3MiOiI6OmZmZmY6MTcyLjIwLjAuMSIsIlRva2VuVmVyc2lvbiI6IjEiLCJpc3MiOiJNdXNpY1BsYXllckFQSSIsImF1ZCI6Ik11c2ljUGxheWVyQ2xpZW50In0.-9Jp1LbQqmuXopDp-QBci4Eld_RugJK5QR7Elc3IDRo
2026-06-14 15:27:21.323 +00:00 [INF] UjEdyIdTtf8JWB2T5hnGIow5l4uFkbAfEfReh7WknWo=
2026-06-14 15:27:21.323 +00:00 [INF] Source: admin
2026-06-14 15:27:21.323 +00:00 [INF] Access Token expires at: "2026-06-14T15:32:21.2118508Z"
2026-06-14 15:27:21.323 +00:00 [INF] Refresh Token expires at: "2026-06-14T23:27:21.3020673Z"
2026-06-14 15:27:21.323 +00:00 [INF] tokenCookieName: adminToken
2026-06-14 15:27:21.323 +00:00 [INF] refreshTokenCookieName: adminRefreshToken
2026-06-14 15:27:21.324 +00:00 [INF] Refresh token hash stored in cookie: UjEdyIdTtf8JWB2T5hnGIow5l4uFkbAfEfReh7WknWo=
2026-06-14 15:27:21.324 +00:00 [INF] --------------------------------------------------------------------
2026-06-14 15:27:21.328 +00:00 [INF] Executing OkObjectResult, writing value of type '<>f__AnonymousType1`4[[System.Boolean, System.Private.CoreLib, Version=9.0.0.0, Culture=neutral, PublicKeyToken=7cec85d7bea7798e],[System.Int32, System.Private.CoreLib, Version=9.0.0.0, Culture=neutral, PublicKeyToken=7cec85d7bea7798e],[System.Int32, System.Private.CoreLib, Version=9.0.0.0, Culture=neutral, PublicKeyToken=7cec85d7bea7798e],[<>f__AnonymousType2`3[[System.Int32, System.Private.CoreLib, Version=9.0.0.0, Culture=neutral, PublicKeyToken=7cec85d7bea7798e],[System.String, System.Private.CoreLib, Version=9.0.0.0, Culture=neutral, PublicKeyToken=7cec85d7bea7798e],[System.String, System.Private.CoreLib, Version=9.0.0.0, Culture=neutral, PublicKeyToken=7cec85d7bea7798e]], API, Version=1.0.0.0, Culture=neutral, PublicKeyToken=null]]'.
2026-06-14 15:27:21.341 +00:00 [INF] Executed action API.Controllers.AuthController.Authenticate (API) in 1274.2177ms
2026-06-14 15:27:21.341 +00:00 [INF] Executed endpoint 'API.Controllers.AuthController.Authenticate (API)'
2026-06-14 15:27:21.345 +00:00 [INF] Request finished HTTP/1.1 POST http://192.168.1.6:8080/api/auth - 200 null application/json; charset=utf-8 1308.3404ms
2026-06-14 15:27:24.724 +00:00 [INF] Request starting HTTP/1.1 GET http://192.168.1.6:8080/api/user?page=1&limit=10 - null null
2026-06-14 15:27:24.725 +00:00 [INF] CORS policy execution successful.
2026-06-14 15:27:24.726 +00:00 [INF] ====== OnMessageReceived START ======
2026-06-14 15:27:24.726 +00:00 [INF] Request starting HTTP/1.1 GET http://192.168.1.6:8080/api/user?page=1&limit=10 - null null
2026-06-14 15:27:24.727 +00:00 [INF] Available cookies: 0
2026-06-14 15:27:24.727 +00:00 [INF] CORS policy execution successful.
2026-06-14 15:27:24.727 +00:00 [WRN] NO TOKEN FOUND IN COOKIES!
2026-06-14 15:27:24.727 +00:00 [INF] ====== OnMessageReceived END - Token set: false ======
2026-06-14 15:27:24.727 +00:00 [INF] Executing endpoint 'API.Controllers.UserController.Get (API)'
2026-06-14 15:27:24.728 +00:00 [INF] ====== OnMessageReceived START ======
2026-06-14 15:27:24.728 +00:00 [INF] Available cookies: 0
2026-06-14 15:27:24.729 +00:00 [WRN] NO TOKEN FOUND IN COOKIES!
2026-06-14 15:27:24.729 +00:00 [INF] ====== OnMessageReceived END - Token set: false ======
2026-06-14 15:27:24.729 +00:00 [INF] Executing endpoint 'API.Controllers.UserController.Get (API)'
2026-06-14 15:27:24.738 +00:00 [INF] Route matched with {action = "Get", controller = "User"}. Executing controller action with signature System.Threading.Tasks.Task`1[API.Utils.PagedResult`1[API.DTO.UserDTO]] Get(Int32, Int32) on controller API.Controllers.UserController (API).
2026-06-14 15:27:24.738 +00:00 [INF] Route matched with {action = "Get", controller = "User"}. Executing controller action with signature System.Threading.Tasks.Task`1[API.Utils.PagedResult`1[API.DTO.UserDTO]] Get(Int32, Int32) on controller API.Controllers.UserController (API).
2026-06-14 15:27:24.780 +00:00 [INF] Executed DbCommand (7ms) [Parameters=[], CommandType='"Text"', CommandTimeout='30']
SELECT count(*)::int
FROM "AccessTokens" AS a
WHERE a."IsRevoked"
2026-06-14 15:27:24.783 +00:00 [INF] Executed DbCommand (2ms) [Parameters=[], CommandType='"Text"', CommandTimeout='30']
SELECT count(*)::int
FROM "AccessTokens" AS a
WHERE a."IsRevoked"
2026-06-14 15:27:24.788 +00:00 [WRN] The query uses a row limiting operator ('Skip'/'Take') without an 'OrderBy' operator. This may lead to unpredictable results. If the 'Distinct' operator is used after 'OrderBy', then make sure to use the 'OrderBy' operator after 'Distinct' as the ordering would otherwise get erased.
2026-06-14 15:27:24.789 +00:00 [WRN] The query uses a row limiting operator ('Skip'/'Take') without an 'OrderBy' operator. This may lead to unpredictable results. If the 'Distinct' operator is used after 'OrderBy', then make sure to use the 'OrderBy' operator after 'Distinct' as the ordering would otherwise get erased.
2026-06-14 15:27:24.813 +00:00 [INF] Executed DbCommand (2ms) [Parameters=[@__p_1='?' (DbType = Int32), @__p_0='?' (DbType = Int32)], CommandType='"Text"', CommandTimeout='30']
SELECT u."ID", u."Username", u."Email", u."RegisteredAt", u."Role"
FROM (
    SELECT a."UserID"
    FROM "AccessTokens" AS a
    WHERE a."IsRevoked"
    LIMIT @__p_1 OFFSET @__p_0
) AS a0
INNER JOIN "Users" AS u ON a0."UserID" = u."ID"
2026-06-14 15:27:24.814 +00:00 [INF] Executed DbCommand (2ms) [Parameters=[@__p_1='?' (DbType = Int32), @__p_0='?' (DbType = Int32)], CommandType='"Text"', CommandTimeout='30']
SELECT u."ID", u."Username", u."Email", u."RegisteredAt", u."Role"
FROM (
    SELECT a."UserID"
    FROM "AccessTokens" AS a
    WHERE a."IsRevoked"
    LIMIT @__p_1 OFFSET @__p_0
) AS a0
INNER JOIN "Users" AS u ON a0."UserID" = u."ID"
2026-06-14 15:27:24.815 +00:00 [INF] Executing ObjectResult, writing value of type 'API.Utils.PagedResult`1[[API.DTO.UserDTO, API, Version=1.0.0.0, Culture=neutral, PublicKeyToken=null]]'.
2026-06-14 15:27:24.815 +00:00 [INF] Executing ObjectResult, writing value of type 'API.Utils.PagedResult`1[[API.DTO.UserDTO, API, Version=1.0.0.0, Culture=neutral, PublicKeyToken=null]]'.
2026-06-14 15:27:24.825 +00:00 [INF] Executed action API.Controllers.UserController.Get (API) in 86.6317ms
2026-06-14 15:27:24.825 +00:00 [INF] Executed action API.Controllers.UserController.Get (API) in 86.7907ms
2026-06-14 15:27:24.826 +00:00 [INF] Executed endpoint 'API.Controllers.UserController.Get (API)'
2026-06-14 15:27:24.826 +00:00 [INF] Executed endpoint 'API.Controllers.UserController.Get (API)'
2026-06-14 15:27:24.826 +00:00 [INF] Request finished HTTP/1.1 GET http://192.168.1.6:8080/api/user?page=1&limit=10 - 200 null application/json; charset=utf-8 102.1369ms
2026-06-14 15:27:24.826 +00:00 [INF] Request finished HTTP/1.1 GET http://192.168.1.6:8080/api/user?page=1&limit=10 - 200 null application/json; charset=utf-8 99.8639ms
2026-06-14 15:28:45.389 +00:00 [INF] Application is shutting down...
2026-06-14 15:28:46.162 +00:00 [WRN] Storing keys in a directory '/home/app/.aspnet/DataProtection-Keys' that may not be persisted outside of the container. Protected data will be unavailable when container is destroyed. For more information go to https://aka.ms/aspnet/dataprotectionwarning
2026-06-14 15:28:46.183 +00:00 [INF] User profile is available. Using '/home/app/.aspnet/DataProtection-Keys' as key repository; keys will not be encrypted at rest.
2026-06-14 15:28:46.192 +00:00 [INF] Creating key {463e4c1d-3a86-46c8-b56b-ffe0f2ab582c} with creation date 2026-06-14 15:28:46Z, activation date 2026-06-14 15:28:46Z, and expiration date 2026-09-12 15:28:46Z.
2026-06-14 15:28:46.228 +00:00 [WRN] No XML encryptor configured. Key {463e4c1d-3a86-46c8-b56b-ffe0f2ab582c} may be persisted to storage in unencrypted form.
2026-06-14 15:28:46.230 +00:00 [INF] Writing data to file '/home/app/.aspnet/DataProtection-Keys/key-463e4c1d-3a86-46c8-b56b-ffe0f2ab582c.xml'.
2026-06-14 15:28:46.274 +00:00 [INF] Now listening on: http://[::]:8080
2026-06-14 15:28:46.275 +00:00 [INF] Application started. Press Ctrl+C to shut down.
2026-06-14 15:28:46.275 +00:00 [INF] Hosting environment: Development
2026-06-14 15:28:46.275 +00:00 [INF] Content root path: /app
2026-06-14 15:28:55.181 +00:00 [INF] Request starting HTTP/1.1 GET http://192.168.1.6:8080/api/user?page=1&limit=10 - null null
2026-06-14 15:28:55.181 +00:00 [INF] Request starting HTTP/1.1 GET http://192.168.1.6:8080/api/user?page=1&limit=10 - null null
2026-06-14 15:28:55.194 +00:00 [WRN] Failed to determine the https port for redirect.
2026-06-14 15:28:55.197 +00:00 [INF] CORS policy execution successful.
2026-06-14 15:28:55.197 +00:00 [INF] CORS policy execution successful.
2026-06-14 15:28:55.211 +00:00 [INF] ====== OnMessageReceived START ======
2026-06-14 15:28:55.211 +00:00 [INF] ====== OnMessageReceived START ======
2026-06-14 15:28:55.212 +00:00 [INF] Available cookies: 0
2026-06-14 15:28:55.212 +00:00 [INF] Available cookies: 0
2026-06-14 15:28:55.213 +00:00 [WRN] NO TOKEN FOUND IN COOKIES!
2026-06-14 15:28:55.213 +00:00 [WRN] NO TOKEN FOUND IN COOKIES!
2026-06-14 15:28:55.213 +00:00 [INF] ====== OnMessageReceived END - Token set: false ======
2026-06-14 15:28:55.213 +00:00 [INF] ====== OnMessageReceived END - Token set: false ======
2026-06-14 15:28:55.215 +00:00 [INF] Executing endpoint 'API.Controllers.UserController.Get (API)'
2026-06-14 15:28:55.215 +00:00 [INF] Executing endpoint 'API.Controllers.UserController.Get (API)'
2026-06-14 15:28:55.229 +00:00 [INF] Route matched with {action = "Get", controller = "User"}. Executing controller action with signature System.Threading.Tasks.Task`1[API.Utils.PagedResult`1[API.DTO.UserDTO]] Get(Int32, Int32) on controller API.Controllers.UserController (API).
2026-06-14 15:28:55.229 +00:00 [INF] Route matched with {action = "Get", controller = "User"}. Executing controller action with signature System.Threading.Tasks.Task`1[API.Utils.PagedResult`1[API.DTO.UserDTO]] Get(Int32, Int32) on controller API.Controllers.UserController (API).
2026-06-14 15:28:55.837 +00:00 [INF] Executed DbCommand (13ms) [Parameters=[], CommandType='"Text"', CommandTimeout='30']
SELECT count(*)::int
FROM "AccessTokens" AS a
2026-06-14 15:28:55.837 +00:00 [INF] Executed DbCommand (13ms) [Parameters=[], CommandType='"Text"', CommandTimeout='30']
SELECT count(*)::int
FROM "AccessTokens" AS a
2026-06-14 15:28:55.873 +00:00 [WRN] The query uses a row limiting operator ('Skip'/'Take') without an 'OrderBy' operator. This may lead to unpredictable results. If the 'Distinct' operator is used after 'OrderBy', then make sure to use the 'OrderBy' operator after 'Distinct' as the ordering would otherwise get erased.
2026-06-14 15:28:55.874 +00:00 [WRN] The query uses a row limiting operator ('Skip'/'Take') without an 'OrderBy' operator. This may lead to unpredictable results. If the 'Distinct' operator is used after 'OrderBy', then make sure to use the 'OrderBy' operator after 'Distinct' as the ordering would otherwise get erased.
2026-06-14 15:28:55.913 +00:00 [INF] Executed DbCommand (7ms) [Parameters=[@__p_1='?' (DbType = Int32), @__p_0='?' (DbType = Int32)], CommandType='"Text"', CommandTimeout='30']
SELECT u."ID", u."Username", u."Email", u."RegisteredAt", u."Role"
FROM (
    SELECT a."UserID"
    FROM "AccessTokens" AS a
    LIMIT @__p_1 OFFSET @__p_0
) AS a0
INNER JOIN "Users" AS u ON a0."UserID" = u."ID"
2026-06-14 15:28:55.913 +00:00 [INF] Executed DbCommand (7ms) [Parameters=[@__p_1='?' (DbType = Int32), @__p_0='?' (DbType = Int32)], CommandType='"Text"', CommandTimeout='30']
SELECT u."ID", u."Username", u."Email", u."RegisteredAt", u."Role"
FROM (
    SELECT a."UserID"
    FROM "AccessTokens" AS a
    LIMIT @__p_1 OFFSET @__p_0
) AS a0
INNER JOIN "Users" AS u ON a0."UserID" = u."ID"
2026-06-14 15:28:55.921 +00:00 [INF] Executing ObjectResult, writing value of type 'API.Utils.PagedResult`1[[API.DTO.UserDTO, API, Version=1.0.0.0, Culture=neutral, PublicKeyToken=null]]'.
2026-06-14 15:28:55.921 +00:00 [INF] Executing ObjectResult, writing value of type 'API.Utils.PagedResult`1[[API.DTO.UserDTO, API, Version=1.0.0.0, Culture=neutral, PublicKeyToken=null]]'.
2026-06-14 15:28:55.951 +00:00 [INF] Executed action API.Controllers.UserController.Get (API) in 719.3602ms
2026-06-14 15:28:55.951 +00:00 [INF] Executed action API.Controllers.UserController.Get (API) in 719.4812ms
2026-06-14 15:28:55.954 +00:00 [INF] Executed endpoint 'API.Controllers.UserController.Get (API)'
2026-06-14 15:28:55.954 +00:00 [INF] Executed endpoint 'API.Controllers.UserController.Get (API)'
2026-06-14 15:28:55.959 +00:00 [INF] Request finished HTTP/1.1 GET http://192.168.1.6:8080/api/user?page=1&limit=10 - 200 null application/json; charset=utf-8 778.4856ms
2026-06-14 15:28:55.959 +00:00 [INF] Request finished HTTP/1.1 GET http://192.168.1.6:8080/api/user?page=1&limit=10 - 200 null application/json; charset=utf-8 778.4892ms
2026-06-14 15:30:08.321 +00:00 [INF] Application is shutting down...
2026-06-14 15:30:09.102 +00:00 [WRN] Storing keys in a directory '/home/app/.aspnet/DataProtection-Keys' that may not be persisted outside of the container. Protected data will be unavailable when container is destroyed. For more information go to https://aka.ms/aspnet/dataprotectionwarning
2026-06-14 15:30:09.126 +00:00 [INF] User profile is available. Using '/home/app/.aspnet/DataProtection-Keys' as key repository; keys will not be encrypted at rest.
2026-06-14 15:30:09.137 +00:00 [INF] Creating key {1f3442d9-8be3-472d-b7a3-a447902c5fcb} with creation date 2026-06-14 15:30:09Z, activation date 2026-06-14 15:30:09Z, and expiration date 2026-09-12 15:30:09Z.
2026-06-14 15:30:09.172 +00:00 [WRN] No XML encryptor configured. Key {1f3442d9-8be3-472d-b7a3-a447902c5fcb} may be persisted to storage in unencrypted form.
2026-06-14 15:30:09.175 +00:00 [INF] Writing data to file '/home/app/.aspnet/DataProtection-Keys/key-1f3442d9-8be3-472d-b7a3-a447902c5fcb.xml'.
2026-06-14 15:30:09.224 +00:00 [INF] Now listening on: http://[::]:8080
2026-06-14 15:30:09.225 +00:00 [INF] Application started. Press Ctrl+C to shut down.
2026-06-14 15:30:09.226 +00:00 [INF] Hosting environment: Development
2026-06-14 15:30:09.226 +00:00 [INF] Content root path: /app
2026-06-14 15:30:22.144 +00:00 [INF] Request starting HTTP/1.1 GET http://192.168.1.6:8080/api/user?page=1&limit=10 - null null
2026-06-14 15:30:22.144 +00:00 [INF] Request starting HTTP/1.1 GET http://192.168.1.6:8080/api/user?page=1&limit=10 - null null
2026-06-14 15:30:22.156 +00:00 [WRN] Failed to determine the https port for redirect.
2026-06-14 15:30:22.159 +00:00 [INF] CORS policy execution successful.
2026-06-14 15:30:22.159 +00:00 [INF] CORS policy execution successful.
2026-06-14 15:30:22.172 +00:00 [INF] ====== OnMessageReceived START ======
2026-06-14 15:30:22.172 +00:00 [INF] ====== OnMessageReceived START ======
2026-06-14 15:30:22.173 +00:00 [INF] Available cookies: 0
2026-06-14 15:30:22.173 +00:00 [INF] Available cookies: 0
2026-06-14 15:30:22.173 +00:00 [WRN] NO TOKEN FOUND IN COOKIES!
2026-06-14 15:30:22.173 +00:00 [WRN] NO TOKEN FOUND IN COOKIES!
2026-06-14 15:30:22.174 +00:00 [INF] ====== OnMessageReceived END - Token set: false ======
2026-06-14 15:30:22.174 +00:00 [INF] ====== OnMessageReceived END - Token set: false ======
2026-06-14 15:30:22.176 +00:00 [INF] Executing endpoint 'API.Controllers.UserController.Get (API)'
2026-06-14 15:30:22.176 +00:00 [INF] Executing endpoint 'API.Controllers.UserController.Get (API)'
2026-06-14 15:30:22.189 +00:00 [INF] Route matched with {action = "Get", controller = "User"}. Executing controller action with signature System.Threading.Tasks.Task`1[API.Utils.PagedResult`1[API.DTO.UserDTO]] Get(Int32, Int32) on controller API.Controllers.UserController (API).
2026-06-14 15:30:22.189 +00:00 [INF] Route matched with {action = "Get", controller = "User"}. Executing controller action with signature System.Threading.Tasks.Task`1[API.Utils.PagedResult`1[API.DTO.UserDTO]] Get(Int32, Int32) on controller API.Controllers.UserController (API).
2026-06-14 15:30:22.657 +00:00 [INF] Executed action API.Controllers.UserController.Get (API) in 465.1381ms
2026-06-14 15:30:22.657 +00:00 [INF] Executed action API.Controllers.UserController.Get (API) in 465.3331ms
2026-06-14 15:30:22.663 +00:00 [INF] Executed endpoint 'API.Controllers.UserController.Get (API)'
2026-06-14 15:30:22.663 +00:00 [INF] Executed endpoint 'API.Controllers.UserController.Get (API)'
2026-06-14 15:30:22.664 +00:00 [ERR] An unhandled exception has occurred while executing the request.
System.InvalidOperationException: The LINQ expression 'DbSet<UserDTO>()
    .OrderBy(u => new UserDTO(
        u.ID, 
        u.Username, 
        u.Email, 
        u.RegisteredAt, 
        u.Role
    ).ID)' could not be translated. Either rewrite the query in a form that can be translated, or switch to client evaluation explicitly by inserting a call to 'AsEnumerable', 'AsAsyncEnumerable', 'ToList', or 'ToListAsync'. See https://go.microsoft.com/fwlink/?linkid=2101038 for more information.
   at Microsoft.EntityFrameworkCore.Query.QueryableMethodTranslatingExpressionVisitor.Translate(Expression expression)
   at Microsoft.EntityFrameworkCore.Query.QueryCompilationContext.CreateQueryExecutorExpression[TResult](Expression query)
   at Microsoft.EntityFrameworkCore.Query.QueryCompilationContext.CreateQueryExecutor[TResult](Expression query)
   at Microsoft.EntityFrameworkCore.Storage.Database.CompileQuery[TResult](Expression query, Boolean async)
   at Microsoft.EntityFrameworkCore.Query.Internal.QueryCompiler.CompileQueryCore[TResult](IDatabase database, Expression query, IModel model, Boolean async)
   at Microsoft.EntityFrameworkCore.Query.Internal.QueryCompiler.<>c__DisplayClass11_0`1.<ExecuteCore>b__0()
   at Microsoft.EntityFrameworkCore.Query.Internal.CompiledQueryCache.GetOrAddQuery[TResult](Object cacheKey, Func`1 compiler)
   at Microsoft.EntityFrameworkCore.Query.Internal.QueryCompiler.ExecuteCore[TResult](Expression query, Boolean async, CancellationToken cancellationToken)
   at Microsoft.EntityFrameworkCore.Query.Internal.QueryCompiler.ExecuteAsync[TResult](Expression query, CancellationToken cancellationToken)
   at Microsoft.EntityFrameworkCore.Query.Internal.EntityQueryProvider.ExecuteAsync[TResult](Expression expression, CancellationToken cancellationToken)
   at Microsoft.EntityFrameworkCore.EntityFrameworkQueryableExtensions.ExecuteAsync[TSource,TResult](MethodInfo operatorMethodInfo, IQueryable`1 source, Expression expression, CancellationToken cancellationToken)
   at Microsoft.EntityFrameworkCore.EntityFrameworkQueryableExtensions.ExecuteAsync[TSource,TResult](MethodInfo operatorMethodInfo, IQueryable`1 source, CancellationToken cancellationToken)
   at Microsoft.EntityFrameworkCore.EntityFrameworkQueryableExtensions.CountAsync[TSource](IQueryable`1 source, CancellationToken cancellationToken)
   at API.Services.UserService.GetUsersAsync(Int32 page, Int32 limit) in /source/Services/UserService.cs:line 34
   at API.Controllers.UserController.Get(Int32 page, Int32 limit) in /source/Controllers/UserController.cs:line 30
   at lambda_method8(Closure, Object)
   at Microsoft.AspNetCore.Mvc.Infrastructure.ActionMethodExecutor.AwaitableObjectResultExecutor.Execute(ActionContext actionContext, IActionResultTypeMapper mapper, ObjectMethodExecutor executor, Object controller, Object[] arguments)
   at Microsoft.AspNetCore.Mvc.Infrastructure.ControllerActionInvoker.<InvokeActionMethodAsync>g__Awaited|12_0(ControllerActionInvoker invoker, ValueTask`1 actionResultValueTask)
   at Microsoft.AspNetCore.Mvc.Infrastructure.ControllerActionInvoker.<InvokeNextActionFilterAsync>g__Awaited|10_0(ControllerActionInvoker invoker, Task lastTask, State next, Scope scope, Object state, Boolean isCompleted)
   at Microsoft.AspNetCore.Mvc.Infrastructure.ControllerActionInvoker.Rethrow(ActionExecutedContextSealed context)
   at Microsoft.AspNetCore.Mvc.Infrastructure.ControllerActionInvoker.Next(State& next, Scope& scope, Object& state, Boolean& isCompleted)
   at Microsoft.AspNetCore.Mvc.Infrastructure.ControllerActionInvoker.InvokeInnerFilterAsync()
--- End of stack trace from previous location ---
   at Microsoft.AspNetCore.Mvc.Infrastructure.ResourceInvoker.<InvokeFilterPipelineAsync>g__Awaited|20_0(ResourceInvoker invoker, Task lastTask, State next, Scope scope, Object state, Boolean isCompleted)
   at Microsoft.AspNetCore.Mvc.Infrastructure.ResourceInvoker.<InvokeAsync>g__Logged|17_1(ResourceInvoker invoker)
   at Microsoft.AspNetCore.Mvc.Infrastructure.ResourceInvoker.<InvokeAsync>g__Logged|17_1(ResourceInvoker invoker)
   at Microsoft.AspNetCore.Routing.EndpointMiddleware.<Invoke>g__AwaitRequestTask|7_0(Endpoint endpoint, Task requestTask, ILogger logger)
   at Microsoft.AspNetCore.Authorization.AuthorizationMiddleware.Invoke(HttpContext context)
   at Microsoft.AspNetCore.Authentication.AuthenticationMiddleware.Invoke(HttpContext context)
   at Microsoft.AspNetCore.Diagnostics.DeveloperExceptionPageMiddlewareImpl.Invoke(HttpContext context)
2026-06-14 15:30:22.664 +00:00 [ERR] An unhandled exception has occurred while executing the request.
System.InvalidOperationException: The LINQ expression 'DbSet<UserDTO>()
    .OrderBy(u => new UserDTO(
        u.ID, 
        u.Username, 
        u.Email, 
        u.RegisteredAt, 
        u.Role
    ).ID)' could not be translated. Either rewrite the query in a form that can be translated, or switch to client evaluation explicitly by inserting a call to 'AsEnumerable', 'AsAsyncEnumerable', 'ToList', or 'ToListAsync'. See https://go.microsoft.com/fwlink/?linkid=2101038 for more information.
   at Microsoft.EntityFrameworkCore.Query.QueryableMethodTranslatingExpressionVisitor.Translate(Expression expression)
   at Microsoft.EntityFrameworkCore.Query.QueryCompilationContext.CreateQueryExecutorExpression[TResult](Expression query)
   at Microsoft.EntityFrameworkCore.Query.QueryCompilationContext.CreateQueryExecutor[TResult](Expression query)
   at Microsoft.EntityFrameworkCore.Storage.Database.CompileQuery[TResult](Expression query, Boolean async)
   at Microsoft.EntityFrameworkCore.Query.Internal.QueryCompiler.CompileQueryCore[TResult](IDatabase database, Expression query, IModel model, Boolean async)
   at Microsoft.EntityFrameworkCore.Query.Internal.QueryCompiler.<>c__DisplayClass11_0`1.<ExecuteCore>b__0()
   at Microsoft.EntityFrameworkCore.Query.Internal.CompiledQueryCache.GetOrAddQuery[TResult](Object cacheKey, Func`1 compiler)
   at Microsoft.EntityFrameworkCore.Query.Internal.QueryCompiler.ExecuteCore[TResult](Expression query, Boolean async, CancellationToken cancellationToken)
   at Microsoft.EntityFrameworkCore.Query.Internal.QueryCompiler.ExecuteAsync[TResult](Expression query, CancellationToken cancellationToken)
   at Microsoft.EntityFrameworkCore.Query.Internal.EntityQueryProvider.ExecuteAsync[TResult](Expression expression, CancellationToken cancellationToken)
   at Microsoft.EntityFrameworkCore.EntityFrameworkQueryableExtensions.ExecuteAsync[TSource,TResult](MethodInfo operatorMethodInfo, IQueryable`1 source, Expression expression, CancellationToken cancellationToken)
   at Microsoft.EntityFrameworkCore.EntityFrameworkQueryableExtensions.ExecuteAsync[TSource,TResult](MethodInfo operatorMethodInfo, IQueryable`1 source, CancellationToken cancellationToken)
   at Microsoft.EntityFrameworkCore.EntityFrameworkQueryableExtensions.CountAsync[TSource](IQueryable`1 source, CancellationToken cancellationToken)
   at API.Services.UserService.GetUsersAsync(Int32 page, Int32 limit) in /source/Services/UserService.cs:line 34
   at API.Controllers.UserController.Get(Int32 page, Int32 limit) in /source/Controllers/UserController.cs:line 30
   at lambda_method9(Closure, Object)
   at Microsoft.AspNetCore.Mvc.Infrastructure.ActionMethodExecutor.AwaitableObjectResultExecutor.Execute(ActionContext actionContext, IActionResultTypeMapper mapper, ObjectMethodExecutor executor, Object controller, Object[] arguments)
   at Microsoft.AspNetCore.Mvc.Infrastructure.ControllerActionInvoker.<InvokeActionMethodAsync>g__Awaited|12_0(ControllerActionInvoker invoker, ValueTask`1 actionResultValueTask)
   at Microsoft.AspNetCore.Mvc.Infrastructure.ControllerActionInvoker.<InvokeNextActionFilterAsync>g__Awaited|10_0(ControllerActionInvoker invoker, Task lastTask, State next, Scope scope, Object state, Boolean isCompleted)
   at Microsoft.AspNetCore.Mvc.Infrastructure.ControllerActionInvoker.Rethrow(ActionExecutedContextSealed context)
   at Microsoft.AspNetCore.Mvc.Infrastructure.ControllerActionInvoker.Next(State& next, Scope& scope, Object& state, Boolean& isCompleted)
   at Microsoft.AspNetCore.Mvc.Infrastructure.ControllerActionInvoker.InvokeInnerFilterAsync()
--- End of stack trace from previous location ---
   at Microsoft.AspNetCore.Mvc.Infrastructure.ResourceInvoker.<InvokeFilterPipelineAsync>g__Awaited|20_0(ResourceInvoker invoker, Task lastTask, State next, Scope scope, Object state, Boolean isCompleted)
   at Microsoft.AspNetCore.Mvc.Infrastructure.ResourceInvoker.<InvokeAsync>g__Logged|17_1(ResourceInvoker invoker)
   at Microsoft.AspNetCore.Mvc.Infrastructure.ResourceInvoker.<InvokeAsync>g__Logged|17_1(ResourceInvoker invoker)
   at Microsoft.AspNetCore.Routing.EndpointMiddleware.<Invoke>g__AwaitRequestTask|7_0(Endpoint endpoint, Task requestTask, ILogger logger)
   at Microsoft.AspNetCore.Authorization.AuthorizationMiddleware.Invoke(HttpContext context)
   at Microsoft.AspNetCore.Authentication.AuthenticationMiddleware.Invoke(HttpContext context)
   at Microsoft.AspNetCore.Routing.EndpointRoutingMiddleware.<Invoke>g__AwaitMatcher|10_0(EndpointRoutingMiddleware middleware, HttpContext httpContext, Task`1 matcherTask)
   at Microsoft.AspNetCore.Diagnostics.DeveloperExceptionPageMiddlewareImpl.Invoke(HttpContext context)
2026-06-14 15:30:22.679 +00:00 [INF] Request finished HTTP/1.1 GET http://192.168.1.6:8080/api/user?page=1&limit=10 - 500 null text/plain; charset=utf-8 536.0948ms
2026-06-14 15:30:22.679 +00:00 [INF] Request finished HTTP/1.1 GET http://192.168.1.6:8080/api/user?page=1&limit=10 - 500 null text/plain; charset=utf-8 536.0948ms
2026-06-14 15:31:51.578 +00:00 [INF] Request starting HTTP/1.1 OPTIONS http://192.168.1.6:8080/api/auth/refresh - null null
2026-06-14 15:31:51.580 +00:00 [INF] CORS policy execution successful.
2026-06-14 15:31:51.581 +00:00 [INF] Request finished HTTP/1.1 OPTIONS http://192.168.1.6:8080/api/auth/refresh - 204 null null 2.5422ms
2026-06-14 15:31:51.583 +00:00 [INF] Request starting HTTP/1.1 POST http://192.168.1.6:8080/api/auth/refresh - application/json 18
2026-06-14 15:31:51.585 +00:00 [INF] CORS policy execution successful.
2026-06-14 15:31:51.586 +00:00 [INF] ====== OnMessageReceived START ======
2026-06-14 15:31:51.587 +00:00 [INF] Available cookies: 0
2026-06-14 15:31:51.587 +00:00 [WRN] NO TOKEN FOUND IN COOKIES!
2026-06-14 15:31:51.587 +00:00 [INF] ====== OnMessageReceived END - Token set: false ======
2026-06-14 15:31:51.590 +00:00 [INF] Authorization failed. These requirements were not met:
DenyAnonymousAuthorizationRequirement: Requires an authenticated user.
2026-06-14 15:31:51.591 +00:00 [INF] AuthenticationScheme: Bearer was challenged.
2026-06-14 15:31:51.592 +00:00 [INF] Request finished HTTP/1.1 POST http://192.168.1.6:8080/api/auth/refresh - 401 0 null 8.465ms
2026-06-14 15:32:52.757 +00:00 [INF] Application is shutting down...
2026-06-14 15:32:53.544 +00:00 [WRN] Storing keys in a directory '/home/app/.aspnet/DataProtection-Keys' that may not be persisted outside of the container. Protected data will be unavailable when container is destroyed. For more information go to https://aka.ms/aspnet/dataprotectionwarning
2026-06-14 15:32:53.569 +00:00 [INF] User profile is available. Using '/home/app/.aspnet/DataProtection-Keys' as key repository; keys will not be encrypted at rest.
2026-06-14 15:32:53.580 +00:00 [INF] Creating key {197ed772-699a-433f-9309-aa2786e4ddc8} with creation date 2026-06-14 15:32:53Z, activation date 2026-06-14 15:32:53Z, and expiration date 2026-09-12 15:32:53Z.
2026-06-14 15:32:53.616 +00:00 [WRN] No XML encryptor configured. Key {197ed772-699a-433f-9309-aa2786e4ddc8} may be persisted to storage in unencrypted form.
2026-06-14 15:32:53.619 +00:00 [INF] Writing data to file '/home/app/.aspnet/DataProtection-Keys/key-197ed772-699a-433f-9309-aa2786e4ddc8.xml'.
2026-06-14 15:32:53.671 +00:00 [INF] Now listening on: http://[::]:8080
2026-06-14 15:32:53.672 +00:00 [INF] Application started. Press Ctrl+C to shut down.
2026-06-14 15:32:53.673 +00:00 [INF] Hosting environment: Development
2026-06-14 15:32:53.673 +00:00 [INF] Content root path: /app
2026-06-14 15:33:28.131 +00:00 [INF] Request starting HTTP/1.1 OPTIONS http://192.168.1.6:8080/api/auth - null null
2026-06-14 15:33:28.144 +00:00 [WRN] Failed to determine the https port for redirect.
2026-06-14 15:33:28.146 +00:00 [INF] CORS policy execution successful.
2026-06-14 15:33:28.153 +00:00 [INF] Request starting HTTP/1.1 POST http://192.168.1.6:8080/api/auth - application/json 74
2026-06-14 15:33:28.155 +00:00 [INF] CORS policy execution successful.
2026-06-14 15:33:28.150 +00:00 [INF] Request finished HTTP/1.1 OPTIONS http://192.168.1.6:8080/api/auth - 204 null null 19.4116ms
2026-06-14 15:33:28.168 +00:00 [INF] ====== OnMessageReceived START ======
2026-06-14 15:33:28.169 +00:00 [INF] Available cookies: 0
2026-06-14 15:33:28.169 +00:00 [WRN] NO TOKEN FOUND IN COOKIES!
2026-06-14 15:33:28.169 +00:00 [INF] ====== OnMessageReceived END - Token set: false ======
2026-06-14 15:33:28.171 +00:00 [INF] Executing endpoint 'API.Controllers.AuthController.Authenticate (API)'
2026-06-14 15:33:28.184 +00:00 [INF] Route matched with {action = "Authenticate", controller = "Auth"}. Executing controller action with signature System.Threading.Tasks.Task`1[Microsoft.AspNetCore.Mvc.IActionResult] Authenticate(API.Models.RequestModels.LoginRequest) on controller API.Controllers.AuthController (API).
2026-06-14 15:33:28.265 +00:00 [INF] Authentication attempt for email: lengyelnorbi5@gmail.com
2026-06-14 15:33:28.266 +00:00 [INF] Fetching user by email from database...
2026-06-14 15:33:28.784 +00:00 [INF] Executed DbCommand (25ms) [Parameters=[@__email_0='?'], CommandType='"Text"', CommandTimeout='30']
SELECT u."ID", u."Email", u."PasswordHash", u."RegisteredAt", u."Role", u."Username"
FROM "Users" AS u
WHERE u."Email" = @__email_0
LIMIT 1
2026-06-14 15:33:28.827 +00:00 [INF] Mozilla/5.0 (Windows NT 10.0; Win64; x64; rv:151.0) Gecko/20100101 Firefox/151.0
2026-06-14 15:33:28.830 +00:00 [INF] Fetching user by email from database...
2026-06-14 15:33:28.835 +00:00 [INF] Executed DbCommand (2ms) [Parameters=[@__email_0='?'], CommandType='"Text"', CommandTimeout='30']
SELECT u."ID", u."Email", u."PasswordHash", u."RegisteredAt", u."Role", u."Username"
FROM "Users" AS u
WHERE u."Email" = @__email_0
LIMIT 1
2026-06-14 15:33:29.338 +00:00 [INF] Password verification completed: Valid
2026-06-14 15:33:29.405 +00:00 [INF] Executed DbCommand (5ms) [Parameters=[@p0='?' (DbType = DateTime), @p1='?', @p2='?' (DbType = DateTime), @p3='?', @p4='?' (DbType = Int32), @p5='?'], CommandType='"Text"', CommandTimeout='30']
INSERT INTO "AccessTokens" ("CreatedAt", "DeviceFingerprint", "ExpiresAt", "IpAddress", "UserID", jti)
VALUES (@p0, @p1, @p2, @p3, @p4, @p5)
RETURNING "ID", "IsRevoked";
2026-06-14 15:33:29.440 +00:00 [INF] Executed DbCommand (3ms) [Parameters=[@p0='?' (DbType = DateTime), @p1='?', @p2='?' (DbType = DateTime), @p3='?', @p4='?', @p5='?' (DbType = Int32)], CommandType='"Text"', CommandTimeout='30']
INSERT INTO "RefreshTokens" ("CreatedAt", "DeviceFingerprint", "ExpiresAt", "IpAddress", "TokenHash", "UserID")
VALUES (@p0, @p1, @p2, @p3, @p4, @p5)
RETURNING "ID", "IsRevoked";
2026-06-14 15:33:29.442 +00:00 [INF] Admin user lengyelnorbi5@gmail.com authenticated successfully from admin panel at "2026-06-14T15:33:29.4425526Z"
2026-06-14 15:33:29.444 +00:00 [INF] --------------------------------------------------------------------
2026-06-14 15:33:29.444 +00:00 [INF] eyJhbGciOiJIUzI1NiIsInR5cCI6IkpXVCJ9.eyJodHRwOi8vc2NoZW1hcy54bWxzb2FwLm9yZy93cy8yMDA1LzA1L2lkZW50aXR5L2NsYWltcy9uYW1laWRlbnRpZmllciI6IjEiLCJodHRwOi8vc2NoZW1hcy54bWxzb2FwLm9yZy93cy8yMDA1LzA1L2lkZW50aXR5L2NsYWltcy9lbWFpbGFkZHJlc3MiOiJsZW5neWVsbm9yYmk1QGdtYWlsLmNvbSIsImh0dHA6Ly9zY2hlbWFzLnhtbHNvYXAub3JnL3dzLzIwMDUvMDUvaWRlbnRpdHkvY2xhaW1zL25hbWUiOiJsZW5neWVsbm9yYmkiLCJqdGkiOiI4ZTQzOTQ1NC1iZGMzLTQ0ODAtYWY1Ni1kNWVkZTVlNTYwMTUiLCJpYXQiOjE3ODE0NTEyMDksImV4cCI6MTc4MTQ1MTUwOSwiaHR0cDovL3NjaGVtYXMubWljcm9zb2Z0LmNvbS93cy8yMDA4LzA2L2lkZW50aXR5L2NsYWltcy9yb2xlIjoiQWRtaW4iLCJTb3VyY2UiOiJhZG1pbiIsIkRldmljZUlkIjoiL2EydWY0ejhyY0JJaElyN0tHYmQ2YWFoTXI4MEJoais5dXlMaVlOWjY2QT0iLCJJUEFkZHJlc3MiOiI6OmZmZmY6MTcyLjIwLjAuMSIsIlRva2VuVmVyc2lvbiI6IjEiLCJpc3MiOiJNdXNpY1BsYXllckFQSSIsImF1ZCI6Ik11c2ljUGxheWVyQ2xpZW50In0.XBQNFbPM7kzDel4KNAnqyQpoglegT__4F0WKZUAK3jU
2026-06-14 15:33:29.444 +00:00 [INF] 3QaPVOhISN4UyNXF7bn+L1NnF2TzPisouTgbwZNzyP4=
2026-06-14 15:33:29.444 +00:00 [INF] Source: admin
2026-06-14 15:33:29.445 +00:00 [INF] Access Token expires at: "2026-06-14T15:38:29.3399316Z"
2026-06-14 15:33:29.445 +00:00 [INF] Refresh Token expires at: "2026-06-14T23:33:29.4246740Z"
2026-06-14 15:33:29.445 +00:00 [INF] tokenCookieName: adminToken
2026-06-14 15:33:29.445 +00:00 [INF] refreshTokenCookieName: adminRefreshToken
2026-06-14 15:33:29.445 +00:00 [INF] Refresh token hash stored in cookie: 3QaPVOhISN4UyNXF7bn+L1NnF2TzPisouTgbwZNzyP4=
2026-06-14 15:33:29.445 +00:00 [INF] --------------------------------------------------------------------
2026-06-14 15:33:29.450 +00:00 [INF] Executing OkObjectResult, writing value of type '<>f__AnonymousType1`4[[System.Boolean, System.Private.CoreLib, Version=9.0.0.0, Culture=neutral, PublicKeyToken=7cec85d7bea7798e],[System.Int32, System.Private.CoreLib, Version=9.0.0.0, Culture=neutral, PublicKeyToken=7cec85d7bea7798e],[System.Int32, System.Private.CoreLib, Version=9.0.0.0, Culture=neutral, PublicKeyToken=7cec85d7bea7798e],[<>f__AnonymousType2`3[[System.Int32, System.Private.CoreLib, Version=9.0.0.0, Culture=neutral, PublicKeyToken=7cec85d7bea7798e],[System.String, System.Private.CoreLib, Version=9.0.0.0, Culture=neutral, PublicKeyToken=7cec85d7bea7798e],[System.String, System.Private.CoreLib, Version=9.0.0.0, Culture=neutral, PublicKeyToken=7cec85d7bea7798e]], API, Version=1.0.0.0, Culture=neutral, PublicKeyToken=null]]'.
2026-06-14 15:33:29.461 +00:00 [INF] Executed action API.Controllers.AuthController.Authenticate (API) in 1274.9544ms
2026-06-14 15:33:29.461 +00:00 [INF] Executed endpoint 'API.Controllers.AuthController.Authenticate (API)'
2026-06-14 15:33:29.466 +00:00 [INF] Request finished HTTP/1.1 POST http://192.168.1.6:8080/api/auth - 200 null application/json; charset=utf-8 1312.9104ms
2026-06-14 15:33:32.289 +00:00 [INF] Request starting HTTP/1.1 GET http://192.168.1.6:8080/api/user?page=1&limit=10 - null null
2026-06-14 15:33:32.290 +00:00 [INF] CORS policy execution successful.
2026-06-14 15:33:32.290 +00:00 [INF] ====== OnMessageReceived START ======
2026-06-14 15:33:32.291 +00:00 [INF] Available cookies: 0
2026-06-14 15:33:32.291 +00:00 [WRN] NO TOKEN FOUND IN COOKIES!
2026-06-14 15:33:32.292 +00:00 [INF] ====== OnMessageReceived END - Token set: false ======
2026-06-14 15:33:32.292 +00:00 [INF] Request starting HTTP/1.1 GET http://192.168.1.6:8080/api/user?page=1&limit=10 - null null
2026-06-14 15:33:32.292 +00:00 [INF] Executing endpoint 'API.Controllers.UserController.Get (API)'
2026-06-14 15:33:32.292 +00:00 [INF] CORS policy execution successful.
2026-06-14 15:33:32.294 +00:00 [INF] ====== OnMessageReceived START ======
2026-06-14 15:33:32.294 +00:00 [INF] Available cookies: 0
2026-06-14 15:33:32.302 +00:00 [WRN] NO TOKEN FOUND IN COOKIES!
2026-06-14 15:33:32.302 +00:00 [INF] ====== OnMessageReceived END - Token set: false ======
2026-06-14 15:33:32.302 +00:00 [INF] Executing endpoint 'API.Controllers.UserController.Get (API)'
2026-06-14 15:33:32.304 +00:00 [INF] Route matched with {action = "Get", controller = "User"}. Executing controller action with signature System.Threading.Tasks.Task`1[API.Utils.PagedResult`1[API.DTO.UserDTO]] Get(Int32, Int32) on controller API.Controllers.UserController (API).
2026-06-14 15:33:32.304 +00:00 [INF] Route matched with {action = "Get", controller = "User"}. Executing controller action with signature System.Threading.Tasks.Task`1[API.Utils.PagedResult`1[API.DTO.UserDTO]] Get(Int32, Int32) on controller API.Controllers.UserController (API).
2026-06-14 15:33:32.343 +00:00 [INF] Executed DbCommand (2ms) [Parameters=[], CommandType='"Text"', CommandTimeout='30']
SELECT count(*)::int
FROM "Users" AS u
2026-06-14 15:33:32.351 +00:00 [INF] Executed DbCommand (2ms) [Parameters=[], CommandType='"Text"', CommandTimeout='30']
SELECT count(*)::int
FROM "Users" AS u
2026-06-14 15:33:32.353 +00:00 [INF] Executed DbCommand (1ms) [Parameters=[@__p_1='?' (DbType = Int32), @__p_0='?' (DbType = Int32)], CommandType='"Text"', CommandTimeout='30']
SELECT u."ID", u."Username", u."Email", u."RegisteredAt", u."Role"
FROM "Users" AS u
ORDER BY u."ID"
LIMIT @__p_1 OFFSET @__p_0
2026-06-14 15:33:32.353 +00:00 [INF] Executed DbCommand (1ms) [Parameters=[@__p_1='?' (DbType = Int32), @__p_0='?' (DbType = Int32)], CommandType='"Text"', CommandTimeout='30']
SELECT u."ID", u."Username", u."Email", u."RegisteredAt", u."Role"
FROM "Users" AS u
ORDER BY u."ID"
LIMIT @__p_1 OFFSET @__p_0
2026-06-14 15:33:32.355 +00:00 [INF] Executing ObjectResult, writing value of type 'API.Utils.PagedResult`1[[API.DTO.UserDTO, API, Version=1.0.0.0, Culture=neutral, PublicKeyToken=null]]'.
2026-06-14 15:33:32.355 +00:00 [INF] Executing ObjectResult, writing value of type 'API.Utils.PagedResult`1[[API.DTO.UserDTO, API, Version=1.0.0.0, Culture=neutral, PublicKeyToken=null]]'.
2026-06-14 15:33:32.365 +00:00 [INF] Executed action API.Controllers.UserController.Get (API) in 60.5164ms
2026-06-14 15:33:32.365 +00:00 [INF] Executed action API.Controllers.UserController.Get (API) in 60.6707ms
2026-06-14 15:33:32.365 +00:00 [INF] Executed endpoint 'API.Controllers.UserController.Get (API)'
2026-06-14 15:33:32.366 +00:00 [INF] Executed endpoint 'API.Controllers.UserController.Get (API)'
2026-06-14 15:33:32.366 +00:00 [INF] Request finished HTTP/1.1 GET http://192.168.1.6:8080/api/user?page=1&limit=10 - 200 null application/json; charset=utf-8 74.0193ms
2026-06-14 15:33:32.366 +00:00 [INF] Request finished HTTP/1.1 GET http://192.168.1.6:8080/api/user?page=1&limit=10 - 200 null application/json; charset=utf-8 77.1326ms
2026-06-14 15:33:36.184 +00:00 [INF] Request starting HTTP/1.1 GET http://192.168.1.6:8080/api/user?page=1&limit=10 - null null
2026-06-14 15:33:36.184 +00:00 [INF] CORS policy execution successful.
2026-06-14 15:33:36.184 +00:00 [INF] ====== OnMessageReceived START ======
2026-06-14 15:33:36.185 +00:00 [INF] Available cookies: 0
2026-06-14 15:33:36.185 +00:00 [WRN] NO TOKEN FOUND IN COOKIES!
2026-06-14 15:33:36.185 +00:00 [INF] ====== OnMessageReceived END - Token set: false ======
2026-06-14 15:33:36.185 +00:00 [INF] Executing endpoint 'API.Controllers.UserController.Get (API)'
2026-06-14 15:33:36.185 +00:00 [INF] Route matched with {action = "Get", controller = "User"}. Executing controller action with signature System.Threading.Tasks.Task`1[API.Utils.PagedResult`1[API.DTO.UserDTO]] Get(Int32, Int32) on controller API.Controllers.UserController (API).
2026-06-14 15:33:36.216 +00:00 [INF] Executed DbCommand (1ms) [Parameters=[], CommandType='"Text"', CommandTimeout='30']
SELECT count(*)::int
FROM "Users" AS u
2026-06-14 15:33:36.218 +00:00 [INF] Executed DbCommand (1ms) [Parameters=[@__p_1='?' (DbType = Int32), @__p_0='?' (DbType = Int32)], CommandType='"Text"', CommandTimeout='30']
SELECT u."ID", u."Username", u."Email", u."RegisteredAt", u."Role"
FROM "Users" AS u
ORDER BY u."ID"
LIMIT @__p_1 OFFSET @__p_0
2026-06-14 15:33:36.219 +00:00 [INF] Executing ObjectResult, writing value of type 'API.Utils.PagedResult`1[[API.DTO.UserDTO, API, Version=1.0.0.0, Culture=neutral, PublicKeyToken=null]]'.
2026-06-14 15:33:36.219 +00:00 [INF] Executed action API.Controllers.UserController.Get (API) in 33.72ms
2026-06-14 15:33:36.219 +00:00 [INF] Executed endpoint 'API.Controllers.UserController.Get (API)'
2026-06-14 15:33:36.220 +00:00 [INF] Request finished HTTP/1.1 GET http://192.168.1.6:8080/api/user?page=1&limit=10 - 200 null application/json; charset=utf-8 36.0706ms
2026-06-14 15:33:39.033 +00:00 [INF] Request starting HTTP/1.1 GET http://192.168.1.6:8080/api/user?page=1&limit=10 - null null
2026-06-14 15:33:39.033 +00:00 [INF] CORS policy execution successful.
2026-06-14 15:33:39.033 +00:00 [INF] ====== OnMessageReceived START ======
2026-06-14 15:33:39.033 +00:00 [INF] Available cookies: 0
2026-06-14 15:33:39.034 +00:00 [WRN] NO TOKEN FOUND IN COOKIES!
2026-06-14 15:33:39.034 +00:00 [INF] ====== OnMessageReceived END - Token set: false ======
2026-06-14 15:33:39.034 +00:00 [INF] Executing endpoint 'API.Controllers.UserController.Get (API)'
2026-06-14 15:33:39.034 +00:00 [INF] Route matched with {action = "Get", controller = "User"}. Executing controller action with signature System.Threading.Tasks.Task`1[API.Utils.PagedResult`1[API.DTO.UserDTO]] Get(Int32, Int32) on controller API.Controllers.UserController (API).
2026-06-14 15:33:39.035 +00:00 [INF] Request starting HTTP/1.1 GET http://192.168.1.6:8080/api/user?page=1&limit=10 - null null
2026-06-14 15:33:39.035 +00:00 [INF] CORS policy execution successful.
2026-06-14 15:33:39.035 +00:00 [INF] ====== OnMessageReceived START ======
2026-06-14 15:33:39.035 +00:00 [INF] Available cookies: 0
2026-06-14 15:33:39.035 +00:00 [WRN] NO TOKEN FOUND IN COOKIES!
2026-06-14 15:33:39.035 +00:00 [INF] ====== OnMessageReceived END - Token set: false ======
2026-06-14 15:33:39.036 +00:00 [INF] Executing endpoint 'API.Controllers.UserController.Get (API)'
2026-06-14 15:33:39.036 +00:00 [INF] Route matched with {action = "Get", controller = "User"}. Executing controller action with signature System.Threading.Tasks.Task`1[API.Utils.PagedResult`1[API.DTO.UserDTO]] Get(Int32, Int32) on controller API.Controllers.UserController (API).
2026-06-14 15:33:39.036 +00:00 [INF] Executed DbCommand (1ms) [Parameters=[], CommandType='"Text"', CommandTimeout='30']
SELECT count(*)::int
FROM "Users" AS u
2026-06-14 15:33:39.038 +00:00 [INF] Executed DbCommand (1ms) [Parameters=[], CommandType='"Text"', CommandTimeout='30']
SELECT count(*)::int
FROM "Users" AS u
2026-06-14 15:33:39.038 +00:00 [INF] Executed DbCommand (1ms) [Parameters=[@__p_1='?' (DbType = Int32), @__p_0='?' (DbType = Int32)], CommandType='"Text"', CommandTimeout='30']
SELECT u."ID", u."Username", u."Email", u."RegisteredAt", u."Role"
FROM "Users" AS u
ORDER BY u."ID"
LIMIT @__p_1 OFFSET @__p_0
2026-06-14 15:33:39.038 +00:00 [INF] Executing ObjectResult, writing value of type 'API.Utils.PagedResult`1[[API.DTO.UserDTO, API, Version=1.0.0.0, Culture=neutral, PublicKeyToken=null]]'.
2026-06-14 15:33:39.039 +00:00 [INF] Executed action API.Controllers.UserController.Get (API) in 4.3456ms
2026-06-14 15:33:39.039 +00:00 [INF] Executed endpoint 'API.Controllers.UserController.Get (API)'
2026-06-14 15:33:39.040 +00:00 [INF] Request finished HTTP/1.1 GET http://192.168.1.6:8080/api/user?page=1&limit=10 - 200 null application/json; charset=utf-8 7.3923ms
2026-06-14 15:33:39.040 +00:00 [INF] Executed DbCommand (2ms) [Parameters=[@__p_1='?' (DbType = Int32), @__p_0='?' (DbType = Int32)], CommandType='"Text"', CommandTimeout='30']
SELECT u."ID", u."Username", u."Email", u."RegisteredAt", u."Role"
FROM "Users" AS u
ORDER BY u."ID"
LIMIT @__p_1 OFFSET @__p_0
2026-06-14 15:33:39.040 +00:00 [INF] Executing ObjectResult, writing value of type 'API.Utils.PagedResult`1[[API.DTO.UserDTO, API, Version=1.0.0.0, Culture=neutral, PublicKeyToken=null]]'.
2026-06-14 15:33:39.041 +00:00 [INF] Executed action API.Controllers.UserController.Get (API) in 4.737ms
2026-06-14 15:33:39.041 +00:00 [INF] Executed endpoint 'API.Controllers.UserController.Get (API)'
2026-06-14 15:33:39.041 +00:00 [INF] Request finished HTTP/1.1 GET http://192.168.1.6:8080/api/user?page=1&limit=10 - 200 null application/json; charset=utf-8 6.481ms
2026-06-14 15:33:39.744 +00:00 [INF] Request starting HTTP/1.1 GET http://192.168.1.6:8080/api/user?page=1&limit=10 - null null
2026-06-14 15:33:39.744 +00:00 [INF] CORS policy execution successful.
2026-06-14 15:33:39.745 +00:00 [INF] Request starting HTTP/1.1 GET http://192.168.1.6:8080/api/user?page=1&limit=10 - null null
2026-06-14 15:33:39.745 +00:00 [INF] ====== OnMessageReceived START ======
2026-06-14 15:33:39.745 +00:00 [INF] CORS policy execution successful.
2026-06-14 15:33:39.745 +00:00 [INF] Available cookies: 0
2026-06-14 15:33:39.745 +00:00 [INF] ====== OnMessageReceived START ======
2026-06-14 15:33:39.745 +00:00 [WRN] NO TOKEN FOUND IN COOKIES!
2026-06-14 15:33:39.745 +00:00 [INF] Available cookies: 0
2026-06-14 15:33:39.746 +00:00 [INF] ====== OnMessageReceived END - Token set: false ======
2026-06-14 15:33:39.746 +00:00 [WRN] NO TOKEN FOUND IN COOKIES!
2026-06-14 15:33:39.746 +00:00 [INF] Executing endpoint 'API.Controllers.UserController.Get (API)'
2026-06-14 15:33:39.746 +00:00 [INF] ====== OnMessageReceived END - Token set: false ======
2026-06-14 15:33:39.746 +00:00 [INF] Route matched with {action = "Get", controller = "User"}. Executing controller action with signature System.Threading.Tasks.Task`1[API.Utils.PagedResult`1[API.DTO.UserDTO]] Get(Int32, Int32) on controller API.Controllers.UserController (API).
2026-06-14 15:33:39.746 +00:00 [INF] Executing endpoint 'API.Controllers.UserController.Get (API)'
2026-06-14 15:33:39.747 +00:00 [INF] Route matched with {action = "Get", controller = "User"}. Executing controller action with signature System.Threading.Tasks.Task`1[API.Utils.PagedResult`1[API.DTO.UserDTO]] Get(Int32, Int32) on controller API.Controllers.UserController (API).
2026-06-14 15:33:39.748 +00:00 [INF] Executed DbCommand (1ms) [Parameters=[], CommandType='"Text"', CommandTimeout='30']
SELECT count(*)::int
FROM "Users" AS u
2026-06-14 15:33:39.748 +00:00 [INF] Executed DbCommand (1ms) [Parameters=[], CommandType='"Text"', CommandTimeout='30']
SELECT count(*)::int
FROM "Users" AS u
2026-06-14 15:33:39.750 +00:00 [INF] Executed DbCommand (1ms) [Parameters=[@__p_1='?' (DbType = Int32), @__p_0='?' (DbType = Int32)], CommandType='"Text"', CommandTimeout='30']
SELECT u."ID", u."Username", u."Email", u."RegisteredAt", u."Role"
FROM "Users" AS u
ORDER BY u."ID"
LIMIT @__p_1 OFFSET @__p_0
2026-06-14 15:33:39.750 +00:00 [INF] Executed DbCommand (1ms) [Parameters=[@__p_1='?' (DbType = Int32), @__p_0='?' (DbType = Int32)], CommandType='"Text"', CommandTimeout='30']
SELECT u."ID", u."Username", u."Email", u."RegisteredAt", u."Role"
FROM "Users" AS u
ORDER BY u."ID"
LIMIT @__p_1 OFFSET @__p_0
2026-06-14 15:33:39.750 +00:00 [INF] Executing ObjectResult, writing value of type 'API.Utils.PagedResult`1[[API.DTO.UserDTO, API, Version=1.0.0.0, Culture=neutral, PublicKeyToken=null]]'.
2026-06-14 15:33:39.750 +00:00 [INF] Executing ObjectResult, writing value of type 'API.Utils.PagedResult`1[[API.DTO.UserDTO, API, Version=1.0.0.0, Culture=neutral, PublicKeyToken=null]]'.
2026-06-14 15:33:39.750 +00:00 [INF] Executed action API.Controllers.UserController.Get (API) in 3.9619ms
2026-06-14 15:33:39.750 +00:00 [INF] Executed action API.Controllers.UserController.Get (API) in 3.7307ms
2026-06-14 15:33:39.751 +00:00 [INF] Executed endpoint 'API.Controllers.UserController.Get (API)'
2026-06-14 15:33:39.751 +00:00 [INF] Executed endpoint 'API.Controllers.UserController.Get (API)'
2026-06-14 15:33:39.751 +00:00 [INF] Request finished HTTP/1.1 GET http://192.168.1.6:8080/api/user?page=1&limit=10 - 200 null application/json; charset=utf-8 6.9505ms
2026-06-14 15:33:39.751 +00:00 [INF] Request finished HTTP/1.1 GET http://192.168.1.6:8080/api/user?page=1&limit=10 - 200 null application/json; charset=utf-8 6.5319ms
2026-06-14 15:37:59.674 +00:00 [INF] Request starting HTTP/1.1 OPTIONS http://192.168.1.6:8080/api/auth/refresh - null null
2026-06-14 15:37:59.675 +00:00 [INF] CORS policy execution successful.
2026-06-14 15:37:59.675 +00:00 [INF] Request finished HTTP/1.1 OPTIONS http://192.168.1.6:8080/api/auth/refresh - 204 null null 0.7659ms
2026-06-14 15:37:59.677 +00:00 [INF] Request starting HTTP/1.1 POST http://192.168.1.6:8080/api/auth/refresh - application/json 18
2026-06-14 15:37:59.678 +00:00 [INF] CORS policy execution successful.
2026-06-14 15:37:59.678 +00:00 [INF] ====== OnMessageReceived START ======
2026-06-14 15:37:59.678 +00:00 [INF] Available cookies: 0
2026-06-14 15:37:59.679 +00:00 [WRN] NO TOKEN FOUND IN COOKIES!
2026-06-14 15:37:59.679 +00:00 [INF] ====== OnMessageReceived END - Token set: false ======
2026-06-14 15:37:59.681 +00:00 [INF] Authorization failed. These requirements were not met:
DenyAnonymousAuthorizationRequirement: Requires an authenticated user.
2026-06-14 15:37:59.683 +00:00 [INF] AuthenticationScheme: Bearer was challenged.
2026-06-14 15:37:59.683 +00:00 [INF] Request finished HTTP/1.1 POST http://192.168.1.6:8080/api/auth/refresh - 401 0 null 5.2929ms
2026-06-14 15:49:48.481 +00:00 [INF] Request starting HTTP/1.1 OPTIONS http://192.168.1.6:8080/api/auth - null null
2026-06-14 15:49:48.482 +00:00 [INF] CORS policy execution successful.
2026-06-14 15:49:48.482 +00:00 [INF] Request finished HTTP/1.1 OPTIONS http://192.168.1.6:8080/api/auth - 204 null null 0.9495ms
2026-06-14 15:49:48.517 +00:00 [INF] Request starting HTTP/1.1 POST http://192.168.1.6:8080/api/auth - application/json 74
2026-06-14 15:49:48.518 +00:00 [INF] CORS policy execution successful.
2026-06-14 15:49:48.519 +00:00 [INF] ====== OnMessageReceived START ======
2026-06-14 15:49:48.519 +00:00 [INF] Available cookies: 0
2026-06-14 15:49:48.519 +00:00 [WRN] NO TOKEN FOUND IN COOKIES!
2026-06-14 15:49:48.519 +00:00 [INF] ====== OnMessageReceived END - Token set: false ======
2026-06-14 15:49:48.520 +00:00 [INF] Executing endpoint 'API.Controllers.AuthController.Authenticate (API)'
2026-06-14 15:49:48.520 +00:00 [INF] Route matched with {action = "Authenticate", controller = "Auth"}. Executing controller action with signature System.Threading.Tasks.Task`1[Microsoft.AspNetCore.Mvc.IActionResult] Authenticate(API.Models.RequestModels.LoginRequest) on controller API.Controllers.AuthController (API).
2026-06-14 15:49:48.521 +00:00 [INF] Authentication attempt for email: lengyelnorbi5@gmail.com
2026-06-14 15:49:48.521 +00:00 [INF] Fetching user by email from database...
2026-06-14 15:49:48.533 +00:00 [INF] Executed DbCommand (2ms) [Parameters=[@__email_0='?'], CommandType='"Text"', CommandTimeout='30']
SELECT u."ID", u."Email", u."PasswordHash", u."RegisteredAt", u."Role", u."Username"
FROM "Users" AS u
WHERE u."Email" = @__email_0
LIMIT 1
2026-06-14 15:49:48.533 +00:00 [INF] Mozilla/5.0 (Windows NT 10.0; Win64; x64; rv:151.0) Gecko/20100101 Firefox/151.0
2026-06-14 15:49:48.534 +00:00 [INF] Fetching user by email from database...
2026-06-14 15:49:48.535 +00:00 [INF] Executed DbCommand (1ms) [Parameters=[@__email_0='?'], CommandType='"Text"', CommandTimeout='30']
SELECT u."ID", u."Email", u."PasswordHash", u."RegisteredAt", u."Role", u."Username"
FROM "Users" AS u
WHERE u."Email" = @__email_0
LIMIT 1
2026-06-14 15:49:48.732 +00:00 [INF] Password verification completed: Valid
2026-06-14 15:49:48.740 +00:00 [INF] Executed DbCommand (6ms) [Parameters=[@p0='?' (DbType = DateTime), @p1='?', @p2='?' (DbType = DateTime), @p3='?', @p4='?' (DbType = Int32), @p5='?'], CommandType='"Text"', CommandTimeout='30']
INSERT INTO "AccessTokens" ("CreatedAt", "DeviceFingerprint", "ExpiresAt", "IpAddress", "UserID", jti)
VALUES (@p0, @p1, @p2, @p3, @p4, @p5)
RETURNING "ID", "IsRevoked";
2026-06-14 15:49:48.743 +00:00 [INF] Executed DbCommand (2ms) [Parameters=[@p0='?' (DbType = DateTime), @p1='?', @p2='?' (DbType = DateTime), @p3='?', @p4='?', @p5='?' (DbType = Int32)], CommandType='"Text"', CommandTimeout='30']
INSERT INTO "RefreshTokens" ("CreatedAt", "DeviceFingerprint", "ExpiresAt", "IpAddress", "TokenHash", "UserID")
VALUES (@p0, @p1, @p2, @p3, @p4, @p5)
RETURNING "ID", "IsRevoked";
2026-06-14 15:49:48.744 +00:00 [INF] Admin user lengyelnorbi5@gmail.com authenticated successfully from admin panel at "2026-06-14T15:49:48.7444697Z"
2026-06-14 15:49:48.744 +00:00 [INF] --------------------------------------------------------------------
2026-06-14 15:49:48.744 +00:00 [INF] eyJhbGciOiJIUzI1NiIsInR5cCI6IkpXVCJ9.eyJodHRwOi8vc2NoZW1hcy54bWxzb2FwLm9yZy93cy8yMDA1LzA1L2lkZW50aXR5L2NsYWltcy9uYW1laWRlbnRpZmllciI6IjEiLCJodHRwOi8vc2NoZW1hcy54bWxzb2FwLm9yZy93cy8yMDA1LzA1L2lkZW50aXR5L2NsYWltcy9lbWFpbGFkZHJlc3MiOiJsZW5neWVsbm9yYmk1QGdtYWlsLmNvbSIsImh0dHA6Ly9zY2hlbWFzLnhtbHNvYXAub3JnL3dzLzIwMDUvMDUvaWRlbnRpdHkvY2xhaW1zL25hbWUiOiJsZW5neWVsbm9yYmkiLCJqdGkiOiI1YzQ5YzczOC1hZjdhLTQ3MTQtYjJmNC0wMzI1YjY5OGIzZDYiLCJpYXQiOjE3ODE0NTIxODgsImV4cCI6MTc4MTQ1MjQ4OCwiaHR0cDovL3NjaGVtYXMubWljcm9zb2Z0LmNvbS93cy8yMDA4LzA2L2lkZW50aXR5L2NsYWltcy9yb2xlIjoiQWRtaW4iLCJTb3VyY2UiOiJhZG1pbiIsIkRldmljZUlkIjoiL2EydWY0ejhyY0JJaElyN0tHYmQ2YWFoTXI4MEJoais5dXlMaVlOWjY2QT0iLCJJUEFkZHJlc3MiOiI6OmZmZmY6MTcyLjIwLjAuMSIsIlRva2VuVmVyc2lvbiI6IjEiLCJpc3MiOiJNdXNpY1BsYXllckFQSSIsImF1ZCI6Ik11c2ljUGxheWVyQ2xpZW50In0.KDIJPSjN8_LWBUcbC2P6RJ2uLNBD5NofVNxrPZBTFkQ
2026-06-14 15:49:48.745 +00:00 [INF] 2UsWOD16+qSDpuslhM4xRxIt3w4hxAw1GNzXtsrFu3Q=
2026-06-14 15:49:48.745 +00:00 [INF] Source: admin
2026-06-14 15:49:48.745 +00:00 [INF] Access Token expires at: "2026-06-14T15:54:48.7327115Z"
2026-06-14 15:49:48.745 +00:00 [INF] Refresh Token expires at: "2026-06-14T23:49:48.7410015Z"
2026-06-14 15:49:48.745 +00:00 [INF] tokenCookieName: adminToken
2026-06-14 15:49:48.745 +00:00 [INF] refreshTokenCookieName: adminRefreshToken
2026-06-14 15:49:48.745 +00:00 [INF] Refresh token hash stored in cookie: 2UsWOD16+qSDpuslhM4xRxIt3w4hxAw1GNzXtsrFu3Q=
2026-06-14 15:49:48.746 +00:00 [INF] --------------------------------------------------------------------
2026-06-14 15:49:48.746 +00:00 [INF] Executing OkObjectResult, writing value of type '<>f__AnonymousType1`4[[System.Boolean, System.Private.CoreLib, Version=9.0.0.0, Culture=neutral, PublicKeyToken=7cec85d7bea7798e],[System.Int32, System.Private.CoreLib, Version=9.0.0.0, Culture=neutral, PublicKeyToken=7cec85d7bea7798e],[System.Int32, System.Private.CoreLib, Version=9.0.0.0, Culture=neutral, PublicKeyToken=7cec85d7bea7798e],[<>f__AnonymousType2`3[[System.Int32, System.Private.CoreLib, Version=9.0.0.0, Culture=neutral, PublicKeyToken=7cec85d7bea7798e],[System.String, System.Private.CoreLib, Version=9.0.0.0, Culture=neutral, PublicKeyToken=7cec85d7bea7798e],[System.String, System.Private.CoreLib, Version=9.0.0.0, Culture=neutral, PublicKeyToken=7cec85d7bea7798e]], API, Version=1.0.0.0, Culture=neutral, PublicKeyToken=null]]'.
2026-06-14 15:49:48.746 +00:00 [INF] Executed action API.Controllers.AuthController.Authenticate (API) in 226.1802ms
2026-06-14 15:49:48.746 +00:00 [INF] Executed endpoint 'API.Controllers.AuthController.Authenticate (API)'
2026-06-14 15:49:48.747 +00:00 [INF] Request finished HTTP/1.1 POST http://192.168.1.6:8080/api/auth - 200 null application/json; charset=utf-8 229.7929ms
2026-06-14 15:49:49.905 +00:00 [INF] Request starting HTTP/1.1 GET http://192.168.1.6:8080/api/user?page=1&limit=10 - null null
2026-06-14 15:49:49.905 +00:00 [INF] CORS policy execution successful.
2026-06-14 15:49:49.905 +00:00 [INF] ====== OnMessageReceived START ======
2026-06-14 15:49:49.905 +00:00 [INF] Available cookies: 0
2026-06-14 15:49:49.906 +00:00 [INF] Request starting HTTP/1.1 GET http://192.168.1.6:8080/api/user?page=1&limit=10 - null null
2026-06-14 15:49:49.906 +00:00 [WRN] NO TOKEN FOUND IN COOKIES!
2026-06-14 15:49:49.906 +00:00 [INF] CORS policy execution successful.
2026-06-14 15:49:49.906 +00:00 [INF] ====== OnMessageReceived END - Token set: false ======
2026-06-14 15:49:49.906 +00:00 [INF] ====== OnMessageReceived START ======
2026-06-14 15:49:49.906 +00:00 [INF] Executing endpoint 'API.Controllers.UserController.Get (API)'
2026-06-14 15:49:49.906 +00:00 [INF] Available cookies: 0
2026-06-14 15:49:49.907 +00:00 [WRN] NO TOKEN FOUND IN COOKIES!
2026-06-14 15:49:49.907 +00:00 [INF] Route matched with {action = "Get", controller = "User"}. Executing controller action with signature System.Threading.Tasks.Task`1[API.Utils.PagedResult`1[API.DTO.UserDTO]] Get(Int32, Int32) on controller API.Controllers.UserController (API).
2026-06-14 15:49:49.907 +00:00 [INF] ====== OnMessageReceived END - Token set: false ======
2026-06-14 15:49:49.907 +00:00 [INF] Executing endpoint 'API.Controllers.UserController.Get (API)'
2026-06-14 15:49:49.907 +00:00 [INF] Route matched with {action = "Get", controller = "User"}. Executing controller action with signature System.Threading.Tasks.Task`1[API.Utils.PagedResult`1[API.DTO.UserDTO]] Get(Int32, Int32) on controller API.Controllers.UserController (API).
2026-06-14 15:49:49.909 +00:00 [INF] Executed DbCommand (1ms) [Parameters=[], CommandType='"Text"', CommandTimeout='30']
SELECT count(*)::int
FROM "Users" AS u
2026-06-14 15:49:49.911 +00:00 [INF] Executed DbCommand (1ms) [Parameters=[@__p_1='?' (DbType = Int32), @__p_0='?' (DbType = Int32)], CommandType='"Text"', CommandTimeout='30']
SELECT u."ID", u."Username", u."Email", u."RegisteredAt", u."Role"
FROM "Users" AS u
ORDER BY u."ID"
LIMIT @__p_1 OFFSET @__p_0
2026-06-14 15:49:49.912 +00:00 [INF] Executing ObjectResult, writing value of type 'API.Utils.PagedResult`1[[API.DTO.UserDTO, API, Version=1.0.0.0, Culture=neutral, PublicKeyToken=null]]'.
2026-06-14 15:49:49.912 +00:00 [INF] Executed action API.Controllers.UserController.Get (API) in 4.9824ms
2026-06-14 15:49:49.912 +00:00 [INF] Executed endpoint 'API.Controllers.UserController.Get (API)'
2026-06-14 15:49:49.912 +00:00 [INF] Request finished HTTP/1.1 GET http://192.168.1.6:8080/api/user?page=1&limit=10 - 200 null application/json; charset=utf-8 7.843ms
2026-06-14 15:49:49.917 +00:00 [INF] Executed DbCommand (1ms) [Parameters=[], CommandType='"Text"', CommandTimeout='30']
SELECT count(*)::int
FROM "Users" AS u
2026-06-14 15:49:49.919 +00:00 [INF] Executed DbCommand (1ms) [Parameters=[@__p_1='?' (DbType = Int32), @__p_0='?' (DbType = Int32)], CommandType='"Text"', CommandTimeout='30']
SELECT u."ID", u."Username", u."Email", u."RegisteredAt", u."Role"
FROM "Users" AS u
ORDER BY u."ID"
LIMIT @__p_1 OFFSET @__p_0
2026-06-14 15:49:49.919 +00:00 [INF] Executing ObjectResult, writing value of type 'API.Utils.PagedResult`1[[API.DTO.UserDTO, API, Version=1.0.0.0, Culture=neutral, PublicKeyToken=null]]'.
2026-06-14 15:49:49.919 +00:00 [INF] Executed action API.Controllers.UserController.Get (API) in 11.9625ms
2026-06-14 15:49:49.920 +00:00 [INF] Executed endpoint 'API.Controllers.UserController.Get (API)'
2026-06-14 15:49:49.920 +00:00 [INF] Request finished HTTP/1.1 GET http://192.168.1.6:8080/api/user?page=1&limit=10 - 200 null application/json; charset=utf-8 14.233ms
2026-06-14 15:49:54.098 +00:00 [INF] Request starting HTTP/1.1 GET http://192.168.1.6:8080/api/user?page=1&limit=10 - null null
2026-06-14 15:49:54.099 +00:00 [INF] CORS policy execution successful.
2026-06-14 15:49:54.099 +00:00 [INF] ====== OnMessageReceived START ======
2026-06-14 15:49:54.099 +00:00 [INF] Available cookies: 0
2026-06-14 15:49:54.099 +00:00 [WRN] NO TOKEN FOUND IN COOKIES!
2026-06-14 15:49:54.100 +00:00 [INF] ====== OnMessageReceived END - Token set: false ======
2026-06-14 15:49:54.100 +00:00 [INF] Executing endpoint 'API.Controllers.UserController.Get (API)'
2026-06-14 15:49:54.100 +00:00 [INF] Route matched with {action = "Get", controller = "User"}. Executing controller action with signature System.Threading.Tasks.Task`1[API.Utils.PagedResult`1[API.DTO.UserDTO]] Get(Int32, Int32) on controller API.Controllers.UserController (API).
2026-06-14 15:49:54.103 +00:00 [INF] Executed DbCommand (1ms) [Parameters=[], CommandType='"Text"', CommandTimeout='30']
SELECT count(*)::int
FROM "Users" AS u
2026-06-14 15:49:54.104 +00:00 [INF] Executed DbCommand (1ms) [Parameters=[@__p_1='?' (DbType = Int32), @__p_0='?' (DbType = Int32)], CommandType='"Text"', CommandTimeout='30']
SELECT u."ID", u."Username", u."Email", u."RegisteredAt", u."Role"
FROM "Users" AS u
ORDER BY u."ID"
LIMIT @__p_1 OFFSET @__p_0
2026-06-14 15:49:54.105 +00:00 [INF] Executing ObjectResult, writing value of type 'API.Utils.PagedResult`1[[API.DTO.UserDTO, API, Version=1.0.0.0, Culture=neutral, PublicKeyToken=null]]'.
2026-06-14 15:49:54.105 +00:00 [INF] Executed action API.Controllers.UserController.Get (API) in 4.6645ms
2026-06-14 15:49:54.105 +00:00 [INF] Executed endpoint 'API.Controllers.UserController.Get (API)'
2026-06-14 15:49:54.105 +00:00 [INF] Request finished HTTP/1.1 GET http://192.168.1.6:8080/api/user?page=1&limit=10 - 200 null application/json; charset=utf-8 6.8639ms
2026-06-14 15:50:03.462 +00:00 [INF] Request starting HTTP/1.1 GET http://192.168.1.6:8080/api/user?page=1&limit=10 - null null
2026-06-14 15:50:03.462 +00:00 [INF] CORS policy execution successful.
2026-06-14 15:50:03.462 +00:00 [INF] ====== OnMessageReceived START ======
2026-06-14 15:50:03.462 +00:00 [INF] Available cookies: 0
2026-06-14 15:50:03.463 +00:00 [WRN] NO TOKEN FOUND IN COOKIES!
2026-06-14 15:50:03.463 +00:00 [INF] ====== OnMessageReceived END - Token set: false ======
2026-06-14 15:50:03.463 +00:00 [INF] Executing endpoint 'API.Controllers.UserController.Get (API)'
2026-06-14 15:50:03.463 +00:00 [INF] Route matched with {action = "Get", controller = "User"}. Executing controller action with signature System.Threading.Tasks.Task`1[API.Utils.PagedResult`1[API.DTO.UserDTO]] Get(Int32, Int32) on controller API.Controllers.UserController (API).
2026-06-14 15:50:03.466 +00:00 [INF] Executed DbCommand (1ms) [Parameters=[], CommandType='"Text"', CommandTimeout='30']
SELECT count(*)::int
FROM "Users" AS u
2026-06-14 15:50:03.467 +00:00 [INF] Executed DbCommand (1ms) [Parameters=[@__p_1='?' (DbType = Int32), @__p_0='?' (DbType = Int32)], CommandType='"Text"', CommandTimeout='30']
SELECT u."ID", u."Username", u."Email", u."RegisteredAt", u."Role"
FROM "Users" AS u
ORDER BY u."ID"
LIMIT @__p_1 OFFSET @__p_0
2026-06-14 15:50:03.468 +00:00 [INF] Executing ObjectResult, writing value of type 'API.Utils.PagedResult`1[[API.DTO.UserDTO, API, Version=1.0.0.0, Culture=neutral, PublicKeyToken=null]]'.
2026-06-14 15:50:03.468 +00:00 [INF] Request starting HTTP/1.1 GET http://192.168.1.6:8080/api/user?page=1&limit=10 - null null
2026-06-14 15:50:03.468 +00:00 [INF] Executed action API.Controllers.UserController.Get (API) in 4.3741ms
2026-06-14 15:50:03.468 +00:00 [INF] CORS policy execution successful.
2026-06-14 15:50:03.468 +00:00 [INF] Executed endpoint 'API.Controllers.UserController.Get (API)'
2026-06-14 15:50:03.468 +00:00 [INF] ====== OnMessageReceived START ======
2026-06-14 15:50:03.468 +00:00 [INF] Request finished HTTP/1.1 GET http://192.168.1.6:8080/api/user?page=1&limit=10 - 200 null application/json; charset=utf-8 6.9151ms
2026-06-14 15:50:03.469 +00:00 [INF] Available cookies: 0
2026-06-14 15:50:03.469 +00:00 [WRN] NO TOKEN FOUND IN COOKIES!
2026-06-14 15:50:03.469 +00:00 [INF] ====== OnMessageReceived END - Token set: false ======
2026-06-14 15:50:03.469 +00:00 [INF] Executing endpoint 'API.Controllers.UserController.Get (API)'
2026-06-14 15:50:03.470 +00:00 [INF] Route matched with {action = "Get", controller = "User"}. Executing controller action with signature System.Threading.Tasks.Task`1[API.Utils.PagedResult`1[API.DTO.UserDTO]] Get(Int32, Int32) on controller API.Controllers.UserController (API).
2026-06-14 15:50:03.472 +00:00 [INF] Executed DbCommand (1ms) [Parameters=[], CommandType='"Text"', CommandTimeout='30']
SELECT count(*)::int
FROM "Users" AS u
2026-06-14 15:50:03.473 +00:00 [INF] Executed DbCommand (1ms) [Parameters=[@__p_1='?' (DbType = Int32), @__p_0='?' (DbType = Int32)], CommandType='"Text"', CommandTimeout='30']
SELECT u."ID", u."Username", u."Email", u."RegisteredAt", u."Role"
FROM "Users" AS u
ORDER BY u."ID"
LIMIT @__p_1 OFFSET @__p_0
2026-06-14 15:50:03.473 +00:00 [INF] Executing ObjectResult, writing value of type 'API.Utils.PagedResult`1[[API.DTO.UserDTO, API, Version=1.0.0.0, Culture=neutral, PublicKeyToken=null]]'.
2026-06-14 15:50:03.474 +00:00 [INF] Executed action API.Controllers.UserController.Get (API) in 3.8716ms
2026-06-14 15:50:03.474 +00:00 [INF] Executed endpoint 'API.Controllers.UserController.Get (API)'
2026-06-14 15:50:03.474 +00:00 [INF] Request finished HTTP/1.1 GET http://192.168.1.6:8080/api/user?page=1&limit=10 - 200 null application/json; charset=utf-8 6.295ms
2026-06-14 15:54:18.762 +00:00 [INF] Request starting HTTP/1.1 OPTIONS http://192.168.1.6:8080/api/auth/refresh - null null
2026-06-14 15:54:18.763 +00:00 [INF] CORS policy execution successful.
2026-06-14 15:54:18.763 +00:00 [INF] Request finished HTTP/1.1 OPTIONS http://192.168.1.6:8080/api/auth/refresh - 204 null null 0.7352ms
2026-06-14 15:54:18.766 +00:00 [INF] Request starting HTTP/1.1 POST http://192.168.1.6:8080/api/auth/refresh - application/json 18
2026-06-14 15:54:18.766 +00:00 [INF] CORS policy execution successful.
2026-06-14 15:54:18.767 +00:00 [INF] ====== OnMessageReceived START ======
2026-06-14 15:54:18.767 +00:00 [INF] Available cookies: 0
2026-06-14 15:54:18.767 +00:00 [WRN] NO TOKEN FOUND IN COOKIES!
2026-06-14 15:54:18.767 +00:00 [INF] ====== OnMessageReceived END - Token set: false ======
2026-06-14 15:54:18.768 +00:00 [INF] Authorization failed. These requirements were not met:
DenyAnonymousAuthorizationRequirement: Requires an authenticated user.
2026-06-14 15:54:18.768 +00:00 [INF] AuthenticationScheme: Bearer was challenged.
2026-06-14 15:54:18.768 +00:00 [INF] Request finished HTTP/1.1 POST http://192.168.1.6:8080/api/auth/refresh - 401 0 null 2.359ms
2026-06-14 18:47:32.259 +00:00 [INF] Request starting HTTP/1.1 OPTIONS http://192.168.1.6:8080/api/auth - null null
2026-06-14 18:47:32.260 +00:00 [INF] CORS policy execution successful.
2026-06-14 18:47:32.261 +00:00 [INF] Request finished HTTP/1.1 OPTIONS http://192.168.1.6:8080/api/auth - 204 null null 1.5277ms
2026-06-14 18:47:32.265 +00:00 [INF] Request starting HTTP/1.1 POST http://192.168.1.6:8080/api/auth - application/json 74
2026-06-14 18:47:32.265 +00:00 [INF] CORS policy execution successful.
2026-06-14 18:47:32.266 +00:00 [INF] ====== OnMessageReceived START ======
2026-06-14 18:47:32.266 +00:00 [INF] Available cookies: 0
2026-06-14 18:47:32.266 +00:00 [WRN] NO TOKEN FOUND IN COOKIES!
2026-06-14 18:47:32.266 +00:00 [INF] ====== OnMessageReceived END - Token set: false ======
2026-06-14 18:47:32.267 +00:00 [INF] Executing endpoint 'API.Controllers.AuthController.Authenticate (API)'
2026-06-14 18:47:32.268 +00:00 [INF] Route matched with {action = "Authenticate", controller = "Auth"}. Executing controller action with signature System.Threading.Tasks.Task`1[Microsoft.AspNetCore.Mvc.IActionResult] Authenticate(API.Models.RequestModels.LoginRequest) on controller API.Controllers.AuthController (API).
2026-06-14 18:47:32.274 +00:00 [INF] Authentication attempt for email: lengyelnorbi5@gmail.com
2026-06-14 18:47:32.274 +00:00 [INF] Fetching user by email from database...
2026-06-14 18:47:32.301 +00:00 [INF] Executed DbCommand (7ms) [Parameters=[@__email_0='?'], CommandType='"Text"', CommandTimeout='30']
SELECT u."ID", u."Email", u."PasswordHash", u."RegisteredAt", u."Role", u."Username"
FROM "Users" AS u
WHERE u."Email" = @__email_0
LIMIT 1
2026-06-14 18:47:32.303 +00:00 [INF] Mozilla/5.0 (Windows NT 10.0; Win64; x64; rv:151.0) Gecko/20100101 Firefox/151.0
2026-06-14 18:47:32.303 +00:00 [INF] Fetching user by email from database...
2026-06-14 18:47:32.305 +00:00 [INF] Executed DbCommand (1ms) [Parameters=[@__email_0='?'], CommandType='"Text"', CommandTimeout='30']
SELECT u."ID", u."Email", u."PasswordHash", u."RegisteredAt", u."Role", u."Username"
FROM "Users" AS u
WHERE u."Email" = @__email_0
LIMIT 1
2026-06-14 18:47:32.500 +00:00 [INF] Password verification completed: Valid
2026-06-14 18:47:32.512 +00:00 [INF] Executed DbCommand (6ms) [Parameters=[@p0='?' (DbType = DateTime), @p1='?', @p2='?' (DbType = DateTime), @p3='?', @p4='?' (DbType = Int32), @p5='?'], CommandType='"Text"', CommandTimeout='30']
INSERT INTO "AccessTokens" ("CreatedAt", "DeviceFingerprint", "ExpiresAt", "IpAddress", "UserID", jti)
VALUES (@p0, @p1, @p2, @p3, @p4, @p5)
RETURNING "ID", "IsRevoked";
2026-06-14 18:47:32.517 +00:00 [INF] Executed DbCommand (2ms) [Parameters=[@p0='?' (DbType = DateTime), @p1='?', @p2='?' (DbType = DateTime), @p3='?', @p4='?', @p5='?' (DbType = Int32)], CommandType='"Text"', CommandTimeout='30']
INSERT INTO "RefreshTokens" ("CreatedAt", "DeviceFingerprint", "ExpiresAt", "IpAddress", "TokenHash", "UserID")
VALUES (@p0, @p1, @p2, @p3, @p4, @p5)
RETURNING "ID", "IsRevoked";
2026-06-14 18:47:32.517 +00:00 [INF] Admin user lengyelnorbi5@gmail.com authenticated successfully from admin panel at "2026-06-14T18:47:32.5179397Z"
2026-06-14 18:47:32.518 +00:00 [INF] --------------------------------------------------------------------
2026-06-14 18:47:32.518 +00:00 [INF] eyJhbGciOiJIUzI1NiIsInR5cCI6IkpXVCJ9.eyJodHRwOi8vc2NoZW1hcy54bWxzb2FwLm9yZy93cy8yMDA1LzA1L2lkZW50aXR5L2NsYWltcy9uYW1laWRlbnRpZmllciI6IjEiLCJodHRwOi8vc2NoZW1hcy54bWxzb2FwLm9yZy93cy8yMDA1LzA1L2lkZW50aXR5L2NsYWltcy9lbWFpbGFkZHJlc3MiOiJsZW5neWVsbm9yYmk1QGdtYWlsLmNvbSIsImh0dHA6Ly9zY2hlbWFzLnhtbHNvYXAub3JnL3dzLzIwMDUvMDUvaWRlbnRpdHkvY2xhaW1zL25hbWUiOiJsZW5neWVsbm9yYmkiLCJqdGkiOiI1MzJlYWYxOC1hNjQ0LTRkYmEtYjUzNS04ZjUyMWYxZDQ4ZGEiLCJpYXQiOjE3ODE0NjI4NTIsImV4cCI6MTc4MTQ2MzE1MiwiaHR0cDovL3NjaGVtYXMubWljcm9zb2Z0LmNvbS93cy8yMDA4LzA2L2lkZW50aXR5L2NsYWltcy9yb2xlIjoiQWRtaW4iLCJTb3VyY2UiOiJhZG1pbiIsIkRldmljZUlkIjoiL2EydWY0ejhyY0JJaElyN0tHYmQ2YWFoTXI4MEJoais5dXlMaVlOWjY2QT0iLCJJUEFkZHJlc3MiOiI6OmZmZmY6MTcyLjIwLjAuMSIsIlRva2VuVmVyc2lvbiI6IjEiLCJpc3MiOiJNdXNpY1BsYXllckFQSSIsImF1ZCI6Ik11c2ljUGxheWVyQ2xpZW50In0.QTJPqm46fYjx250DQ6ikMe_CRdi4qr1z0bxg0ghFMS8
2026-06-14 18:47:32.518 +00:00 [INF] Liuj3sk0zEWUJnmKVxPgFo+WPJ+pyK2tl+3soc4HDeU=
2026-06-14 18:47:32.518 +00:00 [INF] Source: admin
2026-06-14 18:47:32.519 +00:00 [INF] Access Token expires at: "2026-06-14T18:52:32.5015001Z"
2026-06-14 18:47:32.519 +00:00 [INF] Refresh Token expires at: "2026-06-15T02:47:32.5138813Z"
2026-06-14 18:47:32.519 +00:00 [INF] tokenCookieName: adminToken
2026-06-14 18:47:32.519 +00:00 [INF] refreshTokenCookieName: adminRefreshToken
2026-06-14 18:47:32.519 +00:00 [INF] Refresh token hash stored in cookie: Liuj3sk0zEWUJnmKVxPgFo+WPJ+pyK2tl+3soc4HDeU=
2026-06-14 18:47:32.519 +00:00 [INF] --------------------------------------------------------------------
2026-06-14 18:47:32.520 +00:00 [INF] Executing OkObjectResult, writing value of type '<>f__AnonymousType1`4[[System.Boolean, System.Private.CoreLib, Version=9.0.0.0, Culture=neutral, PublicKeyToken=7cec85d7bea7798e],[System.Int32, System.Private.CoreLib, Version=9.0.0.0, Culture=neutral, PublicKeyToken=7cec85d7bea7798e],[System.Int32, System.Private.CoreLib, Version=9.0.0.0, Culture=neutral, PublicKeyToken=7cec85d7bea7798e],[<>f__AnonymousType2`3[[System.Int32, System.Private.CoreLib, Version=9.0.0.0, Culture=neutral, PublicKeyToken=7cec85d7bea7798e],[System.String, System.Private.CoreLib, Version=9.0.0.0, Culture=neutral, PublicKeyToken=7cec85d7bea7798e],[System.String, System.Private.CoreLib, Version=9.0.0.0, Culture=neutral, PublicKeyToken=7cec85d7bea7798e]], API, Version=1.0.0.0, Culture=neutral, PublicKeyToken=null]]'.
2026-06-14 18:47:32.521 +00:00 [INF] Executed action API.Controllers.AuthController.Authenticate (API) in 252.5521ms
2026-06-14 18:47:32.521 +00:00 [INF] Executed endpoint 'API.Controllers.AuthController.Authenticate (API)'
2026-06-14 18:47:32.521 +00:00 [INF] Request finished HTTP/1.1 POST http://192.168.1.6:8080/api/auth - 200 null application/json; charset=utf-8 256.1934ms
2026-06-14 18:47:33.848 +00:00 [INF] Request starting HTTP/1.1 GET http://192.168.1.6:8080/api/user?page=1&limit=10 - null null
2026-06-14 18:47:33.848 +00:00 [INF] CORS policy execution successful.
2026-06-14 18:47:33.849 +00:00 [INF] Request starting HTTP/1.1 GET http://192.168.1.6:8080/api/user?page=1&limit=10 - null null
2026-06-14 18:47:33.849 +00:00 [INF] ====== OnMessageReceived START ======
2026-06-14 18:47:33.849 +00:00 [INF] CORS policy execution successful.
2026-06-14 18:47:33.850 +00:00 [INF] Available cookies: 0
2026-06-14 18:47:33.850 +00:00 [INF] ====== OnMessageReceived START ======
2026-06-14 18:47:33.850 +00:00 [WRN] NO TOKEN FOUND IN COOKIES!
2026-06-14 18:47:33.850 +00:00 [INF] Available cookies: 0
2026-06-14 18:47:33.850 +00:00 [INF] ====== OnMessageReceived END - Token set: false ======
2026-06-14 18:47:33.850 +00:00 [WRN] NO TOKEN FOUND IN COOKIES!
2026-06-14 18:47:33.850 +00:00 [INF] Executing endpoint 'API.Controllers.UserController.Get (API)'
2026-06-14 18:47:33.851 +00:00 [INF] ====== OnMessageReceived END - Token set: false ======
2026-06-14 18:47:33.851 +00:00 [INF] Executing endpoint 'API.Controllers.UserController.Get (API)'
2026-06-14 18:47:33.851 +00:00 [INF] Route matched with {action = "Get", controller = "User"}. Executing controller action with signature System.Threading.Tasks.Task`1[API.Utils.PagedResult`1[API.DTO.UserDTO]] Get(Int32, Int32) on controller API.Controllers.UserController (API).
2026-06-14 18:47:33.851 +00:00 [INF] Route matched with {action = "Get", controller = "User"}. Executing controller action with signature System.Threading.Tasks.Task`1[API.Utils.PagedResult`1[API.DTO.UserDTO]] Get(Int32, Int32) on controller API.Controllers.UserController (API).
2026-06-14 18:47:33.855 +00:00 [INF] Executed DbCommand (2ms) [Parameters=[], CommandType='"Text"', CommandTimeout='30']
SELECT count(*)::int
FROM "Users" AS u
2026-06-14 18:47:33.857 +00:00 [INF] Executed DbCommand (2ms) [Parameters=[@__p_1='?' (DbType = Int32), @__p_0='?' (DbType = Int32)], CommandType='"Text"', CommandTimeout='30']
SELECT u."ID", u."Username", u."Email", u."RegisteredAt", u."Role"
FROM "Users" AS u
ORDER BY u."ID"
LIMIT @__p_1 OFFSET @__p_0
2026-06-14 18:47:33.858 +00:00 [INF] Executing ObjectResult, writing value of type 'API.Utils.PagedResult`1[[API.DTO.UserDTO, API, Version=1.0.0.0, Culture=neutral, PublicKeyToken=null]]'.
2026-06-14 18:47:33.859 +00:00 [INF] Executed action API.Controllers.UserController.Get (API) in 7.9238ms
2026-06-14 18:47:33.859 +00:00 [INF] Executed endpoint 'API.Controllers.UserController.Get (API)'
2026-06-14 18:47:33.860 +00:00 [INF] Request finished HTTP/1.1 GET http://192.168.1.6:8080/api/user?page=1&limit=10 - 200 null application/json; charset=utf-8 10.6332ms
2026-06-14 18:47:33.863 +00:00 [INF] Executed DbCommand (2ms) [Parameters=[], CommandType='"Text"', CommandTimeout='30']
SELECT count(*)::int
FROM "Users" AS u
2026-06-14 18:47:33.865 +00:00 [INF] Executed DbCommand (1ms) [Parameters=[@__p_1='?' (DbType = Int32), @__p_0='?' (DbType = Int32)], CommandType='"Text"', CommandTimeout='30']
SELECT u."ID", u."Username", u."Email", u."RegisteredAt", u."Role"
FROM "Users" AS u
ORDER BY u."ID"
LIMIT @__p_1 OFFSET @__p_0
2026-06-14 18:47:33.865 +00:00 [INF] Executing ObjectResult, writing value of type 'API.Utils.PagedResult`1[[API.DTO.UserDTO, API, Version=1.0.0.0, Culture=neutral, PublicKeyToken=null]]'.
2026-06-14 18:47:33.865 +00:00 [INF] Executed action API.Controllers.UserController.Get (API) in 14.0212ms
2026-06-14 18:47:33.865 +00:00 [INF] Executed endpoint 'API.Controllers.UserController.Get (API)'
2026-06-14 18:47:33.866 +00:00 [INF] Request finished HTTP/1.1 GET http://192.168.1.6:8080/api/user?page=1&limit=10 - 200 null application/json; charset=utf-8 17.8393ms
2026-06-14 18:47:40.660 +00:00 [INF] Request starting HTTP/1.1 GET http://192.168.1.6:8080/api/user?page=1&limit=10 - null null
2026-06-14 18:47:40.660 +00:00 [INF] CORS policy execution successful.
2026-06-14 18:47:40.661 +00:00 [INF] ====== OnMessageReceived START ======
2026-06-14 18:47:40.661 +00:00 [INF] Available cookies: 0
2026-06-14 18:47:40.661 +00:00 [WRN] NO TOKEN FOUND IN COOKIES!
2026-06-14 18:47:40.661 +00:00 [INF] ====== OnMessageReceived END - Token set: false ======
2026-06-14 18:47:40.661 +00:00 [INF] Executing endpoint 'API.Controllers.UserController.Get (API)'
2026-06-14 18:47:40.661 +00:00 [INF] Route matched with {action = "Get", controller = "User"}. Executing controller action with signature System.Threading.Tasks.Task`1[API.Utils.PagedResult`1[API.DTO.UserDTO]] Get(Int32, Int32) on controller API.Controllers.UserController (API).
2026-06-14 18:47:40.664 +00:00 [INF] Executed DbCommand (1ms) [Parameters=[], CommandType='"Text"', CommandTimeout='30']
SELECT count(*)::int
FROM "Users" AS u
2026-06-14 18:47:40.666 +00:00 [INF] Executed DbCommand (1ms) [Parameters=[@__p_1='?' (DbType = Int32), @__p_0='?' (DbType = Int32)], CommandType='"Text"', CommandTimeout='30']
SELECT u."ID", u."Username", u."Email", u."RegisteredAt", u."Role"
FROM "Users" AS u
ORDER BY u."ID"
LIMIT @__p_1 OFFSET @__p_0
2026-06-14 18:47:40.666 +00:00 [INF] Executing ObjectResult, writing value of type 'API.Utils.PagedResult`1[[API.DTO.UserDTO, API, Version=1.0.0.0, Culture=neutral, PublicKeyToken=null]]'.
2026-06-14 18:47:40.666 +00:00 [INF] Executed action API.Controllers.UserController.Get (API) in 4.519ms
2026-06-14 18:47:40.666 +00:00 [INF] Executed endpoint 'API.Controllers.UserController.Get (API)'
2026-06-14 18:47:40.666 +00:00 [INF] Request finished HTTP/1.1 GET http://192.168.1.6:8080/api/user?page=1&limit=10 - 200 null application/json; charset=utf-8 6.8244ms
2026-06-14 18:47:48.961 +00:00 [INF] Request starting HTTP/1.1 GET http://192.168.1.6:8080/api/token/access-token?page=1&limit=10 - null null
2026-06-14 18:47:48.962 +00:00 [INF] CORS policy execution successful.
2026-06-14 18:47:48.962 +00:00 [INF] ====== OnMessageReceived START ======
2026-06-14 18:47:48.962 +00:00 [INF] Available cookies: 0
2026-06-14 18:47:48.962 +00:00 [WRN] NO TOKEN FOUND IN COOKIES!
2026-06-14 18:47:48.962 +00:00 [INF] ====== OnMessageReceived END - Token set: false ======
2026-06-14 18:47:48.962 +00:00 [INF] Executing endpoint 'API.Controllers.TokenController.GetAccessTokens (API)'
2026-06-14 18:47:48.967 +00:00 [INF] Route matched with {action = "GetAccessTokens", controller = "Token"}. Executing controller action with signature System.Threading.Tasks.Task`1[API.Utils.PagedResult`1[API.DTO.AccessTokenUserDTO]] GetAccessTokens(Int32, Int32) on controller API.Controllers.TokenController (API).
2026-06-14 18:47:48.969 +00:00 [INF] Received request to fetch access tokens with pagination: page=1, limit=10
2026-06-14 18:47:48.980 +00:00 [INF] Executed DbCommand (2ms) [Parameters=[], CommandType='"Text"', CommandTimeout='30']
SELECT count(*)::int
FROM "AccessTokens" AS a
WHERE a."IsRevoked"
2026-06-14 18:47:48.987 +00:00 [WRN] The query uses a row limiting operator ('Skip'/'Take') without an 'OrderBy' operator. This may lead to unpredictable results. If the 'Distinct' operator is used after 'OrderBy', then make sure to use the 'OrderBy' operator after 'Distinct' as the ordering would otherwise get erased.
2026-06-14 18:47:48.987 +00:00 [WRN] The query uses a row limiting operator ('Skip'/'Take') without an 'OrderBy' operator. This may lead to unpredictable results. If the 'Distinct' operator is used after 'OrderBy', then make sure to use the 'OrderBy' operator after 'Distinct' as the ordering would otherwise get erased.
2026-06-14 18:47:49.018 +00:00 [INF] Executed DbCommand (3ms) [Parameters=[@__p_1='?' (DbType = Int32), @__p_0='?' (DbType = Int32)], CommandType='"Text"', CommandTimeout='30']
SELECT a0."ID", a0.jti, a0."DeviceFingerprint", a0."IpAddress", a0."CreatedAt", a0."IsRevoked", a0."ExpiresAt", u."ID" AS "UserID", u."Username", u."Email", u."Role"
FROM (
    SELECT a."ID", a."CreatedAt", a."DeviceFingerprint", a."ExpiresAt", a."IpAddress", a."IsRevoked", a."UserID", a.jti
    FROM "AccessTokens" AS a
    WHERE a."IsRevoked"
    LIMIT @__p_1 OFFSET @__p_0
) AS a0
INNER JOIN "Users" AS u ON a0."UserID" = u."ID"
2026-06-14 18:47:49.021 +00:00 [INF] Executing ObjectResult, writing value of type 'API.Utils.PagedResult`1[[API.DTO.AccessTokenUserDTO, API, Version=1.0.0.0, Culture=neutral, PublicKeyToken=null]]'.
2026-06-14 18:47:49.027 +00:00 [INF] Executed action API.Controllers.TokenController.GetAccessTokens (API) in 59.8348ms
2026-06-14 18:47:49.028 +00:00 [INF] Executed endpoint 'API.Controllers.TokenController.GetAccessTokens (API)'
2026-06-14 18:47:49.028 +00:00 [INF] Request finished HTTP/1.1 GET http://192.168.1.6:8080/api/token/access-token?page=1&limit=10 - 200 null application/json; charset=utf-8 67.0181ms
2026-06-14 18:52:02.479 +00:00 [INF] Request starting HTTP/1.1 OPTIONS http://192.168.1.6:8080/api/auth/refresh - null null
2026-06-14 18:52:02.479 +00:00 [INF] CORS policy execution successful.
2026-06-14 18:52:02.479 +00:00 [INF] Request finished HTTP/1.1 OPTIONS http://192.168.1.6:8080/api/auth/refresh - 204 null null 0.6925ms
2026-06-14 18:52:02.482 +00:00 [INF] Request starting HTTP/1.1 POST http://192.168.1.6:8080/api/auth/refresh - application/json 18
2026-06-14 18:52:02.482 +00:00 [INF] CORS policy execution successful.
2026-06-14 18:52:02.482 +00:00 [INF] ====== OnMessageReceived START ======
2026-06-14 18:52:02.482 +00:00 [INF] Available cookies: 0
2026-06-14 18:52:02.482 +00:00 [WRN] NO TOKEN FOUND IN COOKIES!
2026-06-14 18:52:02.482 +00:00 [INF] ====== OnMessageReceived END - Token set: false ======
2026-06-14 18:52:02.483 +00:00 [INF] Authorization failed. These requirements were not met:
DenyAnonymousAuthorizationRequirement: Requires an authenticated user.
2026-06-14 18:52:02.484 +00:00 [INF] AuthenticationScheme: Bearer was challenged.
2026-06-14 18:52:02.484 +00:00 [INF] Request finished HTTP/1.1 POST http://192.168.1.6:8080/api/auth/refresh - 401 0 null 2.3435ms
2026-06-14 18:57:46.949 +00:00 [INF] Application is shutting down...
2026-06-14 18:57:47.823 +00:00 [WRN] Storing keys in a directory '/home/app/.aspnet/DataProtection-Keys' that may not be persisted outside of the container. Protected data will be unavailable when container is destroyed. For more information go to https://aka.ms/aspnet/dataprotectionwarning
2026-06-14 18:57:47.848 +00:00 [INF] User profile is available. Using '/home/app/.aspnet/DataProtection-Keys' as key repository; keys will not be encrypted at rest.
2026-06-14 18:57:47.858 +00:00 [INF] Creating key {296cf023-7965-48ca-8641-b34d545b148f} with creation date 2026-06-14 18:57:47Z, activation date 2026-06-14 18:57:47Z, and expiration date 2026-09-12 18:57:47Z.
2026-06-14 18:57:47.881 +00:00 [WRN] No XML encryptor configured. Key {296cf023-7965-48ca-8641-b34d545b148f} may be persisted to storage in unencrypted form.
2026-06-14 18:57:47.884 +00:00 [INF] Writing data to file '/home/app/.aspnet/DataProtection-Keys/key-296cf023-7965-48ca-8641-b34d545b148f.xml'.
2026-06-14 18:57:47.935 +00:00 [INF] Now listening on: http://[::]:8080
2026-06-14 18:57:47.936 +00:00 [INF] Application started. Press Ctrl+C to shut down.
2026-06-14 18:57:47.937 +00:00 [INF] Hosting environment: Development
2026-06-14 18:57:47.937 +00:00 [INF] Content root path: /app
2026-06-14 18:58:04.738 +00:00 [INF] Request starting HTTP/1.1 OPTIONS http://192.168.1.6:8080/api/auth - null null
2026-06-14 18:58:04.751 +00:00 [WRN] Failed to determine the https port for redirect.
2026-06-14 18:58:04.754 +00:00 [INF] CORS policy execution successful.
2026-06-14 18:58:04.765 +00:00 [INF] Request starting HTTP/1.1 POST http://192.168.1.6:8080/api/auth - application/json 74
2026-06-14 18:58:04.760 +00:00 [INF] Request finished HTTP/1.1 OPTIONS http://192.168.1.6:8080/api/auth - 204 null null 23.3756ms
2026-06-14 18:58:04.768 +00:00 [INF] CORS policy execution successful.
2026-06-14 18:58:04.780 +00:00 [INF] ====== OnMessageReceived START ======
2026-06-14 18:58:04.781 +00:00 [INF] Available cookies: 0
2026-06-14 18:58:04.782 +00:00 [WRN] NO TOKEN FOUND IN COOKIES!
2026-06-14 18:58:04.782 +00:00 [INF] ====== OnMessageReceived END - Token set: false ======
2026-06-14 18:58:04.784 +00:00 [INF] Executing endpoint 'API.Controllers.AuthController.Authenticate (API)'
2026-06-14 18:58:04.796 +00:00 [INF] Route matched with {action = "Authenticate", controller = "Auth"}. Executing controller action with signature System.Threading.Tasks.Task`1[Microsoft.AspNetCore.Mvc.IActionResult] Authenticate(API.Models.RequestModels.LoginRequest) on controller API.Controllers.AuthController (API).
2026-06-14 18:58:04.884 +00:00 [INF] Authentication attempt for email: lengyelnorbi5@gmail.com
2026-06-14 18:58:04.885 +00:00 [INF] Fetching user by email from database...
2026-06-14 18:58:05.468 +00:00 [INF] Executed DbCommand (23ms) [Parameters=[@__email_0='?'], CommandType='"Text"', CommandTimeout='30']
SELECT u."ID", u."Email", u."PasswordHash", u."RegisteredAt", u."Role", u."Username"
FROM "Users" AS u
WHERE u."Email" = @__email_0
LIMIT 1
2026-06-14 18:58:05.512 +00:00 [INF] Mozilla/5.0 (Windows NT 10.0; Win64; x64; rv:151.0) Gecko/20100101 Firefox/151.0
2026-06-14 18:58:05.516 +00:00 [INF] Fetching user by email from database...
2026-06-14 18:58:05.520 +00:00 [INF] Executed DbCommand (2ms) [Parameters=[@__email_0='?'], CommandType='"Text"', CommandTimeout='30']
SELECT u."ID", u."Email", u."PasswordHash", u."RegisteredAt", u."Role", u."Username"
FROM "Users" AS u
WHERE u."Email" = @__email_0
LIMIT 1
2026-06-14 18:58:06.030 +00:00 [INF] Password verification completed: Valid
2026-06-14 18:58:06.101 +00:00 [INF] Executed DbCommand (7ms) [Parameters=[@p0='?' (DbType = DateTime), @p1='?', @p2='?' (DbType = DateTime), @p3='?', @p4='?' (DbType = Int32), @p5='?'], CommandType='"Text"', CommandTimeout='30']
INSERT INTO "AccessTokens" ("CreatedAt", "DeviceFingerprint", "ExpiresAt", "IpAddress", "UserID", jti)
VALUES (@p0, @p1, @p2, @p3, @p4, @p5)
RETURNING "ID", "IsRevoked";
2026-06-14 18:58:06.134 +00:00 [INF] Executed DbCommand (3ms) [Parameters=[@p0='?' (DbType = DateTime), @p1='?', @p2='?' (DbType = DateTime), @p3='?', @p4='?', @p5='?' (DbType = Int32)], CommandType='"Text"', CommandTimeout='30']
INSERT INTO "RefreshTokens" ("CreatedAt", "DeviceFingerprint", "ExpiresAt", "IpAddress", "TokenHash", "UserID")
VALUES (@p0, @p1, @p2, @p3, @p4, @p5)
RETURNING "ID", "IsRevoked";
2026-06-14 18:58:06.137 +00:00 [INF] Admin user lengyelnorbi5@gmail.com authenticated successfully from admin panel at "2026-06-14T18:58:06.1376001Z"
2026-06-14 18:58:06.139 +00:00 [INF] --------------------------------------------------------------------
2026-06-14 18:58:06.139 +00:00 [INF] eyJhbGciOiJIUzI1NiIsInR5cCI6IkpXVCJ9.eyJodHRwOi8vc2NoZW1hcy54bWxzb2FwLm9yZy93cy8yMDA1LzA1L2lkZW50aXR5L2NsYWltcy9uYW1laWRlbnRpZmllciI6IjEiLCJodHRwOi8vc2NoZW1hcy54bWxzb2FwLm9yZy93cy8yMDA1LzA1L2lkZW50aXR5L2NsYWltcy9lbWFpbGFkZHJlc3MiOiJsZW5neWVsbm9yYmk1QGdtYWlsLmNvbSIsImh0dHA6Ly9zY2hlbWFzLnhtbHNvYXAub3JnL3dzLzIwMDUvMDUvaWRlbnRpdHkvY2xhaW1zL25hbWUiOiJsZW5neWVsbm9yYmkiLCJqdGkiOiIwOTE4YzFjMC0xMTlhLTRkMTgtYWQ1ZC1kN2U5MDhkOWJiNjUiLCJpYXQiOjE3ODE0NjM0ODYsImV4cCI6MTc4MTQ2Mzc4NiwiaHR0cDovL3NjaGVtYXMubWljcm9zb2Z0LmNvbS93cy8yMDA4LzA2L2lkZW50aXR5L2NsYWltcy9yb2xlIjoiQWRtaW4iLCJTb3VyY2UiOiJhZG1pbiIsIkRldmljZUlkIjoiL2EydWY0ejhyY0JJaElyN0tHYmQ2YWFoTXI4MEJoais5dXlMaVlOWjY2QT0iLCJJUEFkZHJlc3MiOiI6OmZmZmY6MTcyLjIwLjAuMSIsIlRva2VuVmVyc2lvbiI6IjEiLCJpc3MiOiJNdXNpY1BsYXllckFQSSIsImF1ZCI6Ik11c2ljUGxheWVyQ2xpZW50In0.lqtpi0MT0roQynIZxj94GvkxgQ1RJ1JOzZzZx1nlDnI
2026-06-14 18:58:06.140 +00:00 [INF] MbCHBW2FywdodT+aiB2SVuPCv6PHISiN5h6NbzVNoIY=
2026-06-14 18:58:06.140 +00:00 [INF] Source: admin
2026-06-14 18:58:06.140 +00:00 [INF] Access Token expires at: "2026-06-14T19:03:06.0317599Z"
2026-06-14 18:58:06.140 +00:00 [INF] Refresh Token expires at: "2026-06-15T02:58:06.1202574Z"
2026-06-14 18:58:06.140 +00:00 [INF] tokenCookieName: adminToken
2026-06-14 18:58:06.140 +00:00 [INF] refreshTokenCookieName: adminRefreshToken
2026-06-14 18:58:06.141 +00:00 [INF] Refresh token hash stored in cookie: MbCHBW2FywdodT+aiB2SVuPCv6PHISiN5h6NbzVNoIY=
2026-06-14 18:58:06.141 +00:00 [INF] --------------------------------------------------------------------
2026-06-14 18:58:06.144 +00:00 [INF] Executing OkObjectResult, writing value of type '<>f__AnonymousType1`4[[System.Boolean, System.Private.CoreLib, Version=9.0.0.0, Culture=neutral, PublicKeyToken=7cec85d7bea7798e],[System.Int32, System.Private.CoreLib, Version=9.0.0.0, Culture=neutral, PublicKeyToken=7cec85d7bea7798e],[System.Int32, System.Private.CoreLib, Version=9.0.0.0, Culture=neutral, PublicKeyToken=7cec85d7bea7798e],[<>f__AnonymousType2`3[[System.Int32, System.Private.CoreLib, Version=9.0.0.0, Culture=neutral, PublicKeyToken=7cec85d7bea7798e],[System.String, System.Private.CoreLib, Version=9.0.0.0, Culture=neutral, PublicKeyToken=7cec85d7bea7798e],[System.String, System.Private.CoreLib, Version=9.0.0.0, Culture=neutral, PublicKeyToken=7cec85d7bea7798e]], API, Version=1.0.0.0, Culture=neutral, PublicKeyToken=null]]'.
2026-06-14 18:58:06.156 +00:00 [INF] Executed action API.Controllers.AuthController.Authenticate (API) in 1357.8833ms
2026-06-14 18:58:06.157 +00:00 [INF] Executed endpoint 'API.Controllers.AuthController.Authenticate (API)'
2026-06-14 18:58:06.161 +00:00 [INF] Request finished HTTP/1.1 POST http://192.168.1.6:8080/api/auth - 200 null application/json; charset=utf-8 1395.9661ms
2026-06-14 18:58:07.082 +00:00 [INF] Request starting HTTP/1.1 GET http://192.168.1.6:8080/api/user?page=1&limit=10 - null null
2026-06-14 18:58:07.083 +00:00 [INF] CORS policy execution successful.
2026-06-14 18:58:07.083 +00:00 [INF] Request starting HTTP/1.1 GET http://192.168.1.6:8080/api/user?page=1&limit=10 - null null
2026-06-14 18:58:07.083 +00:00 [INF] CORS policy execution successful.
2026-06-14 18:58:07.084 +00:00 [INF] ====== OnMessageReceived START ======
2026-06-14 18:58:07.084 +00:00 [INF] Available cookies: 0
2026-06-14 18:58:07.084 +00:00 [WRN] NO TOKEN FOUND IN COOKIES!
2026-06-14 18:58:07.084 +00:00 [INF] ====== OnMessageReceived END - Token set: false ======
2026-06-14 18:58:07.085 +00:00 [INF] ====== OnMessageReceived START ======
2026-06-14 18:58:07.085 +00:00 [INF] Executing endpoint 'API.Controllers.UserController.Get (API)'
2026-06-14 18:58:07.085 +00:00 [INF] Available cookies: 0
2026-06-14 18:58:07.085 +00:00 [WRN] NO TOKEN FOUND IN COOKIES!
2026-06-14 18:58:07.085 +00:00 [INF] ====== OnMessageReceived END - Token set: false ======
2026-06-14 18:58:07.085 +00:00 [INF] Executing endpoint 'API.Controllers.UserController.Get (API)'
2026-06-14 18:58:07.096 +00:00 [INF] Route matched with {action = "Get", controller = "User"}. Executing controller action with signature System.Threading.Tasks.Task`1[API.Utils.PagedResult`1[API.DTO.UserDTO]] Get(Int32, Int32) on controller API.Controllers.UserController (API).
2026-06-14 18:58:07.096 +00:00 [INF] Route matched with {action = "Get", controller = "User"}. Executing controller action with signature System.Threading.Tasks.Task`1[API.Utils.PagedResult`1[API.DTO.UserDTO]] Get(Int32, Int32) on controller API.Controllers.UserController (API).
2026-06-14 18:58:07.134 +00:00 [INF] Executed DbCommand (2ms) [Parameters=[], CommandType='"Text"', CommandTimeout='30']
SELECT count(*)::int
FROM "Users" AS u
2026-06-14 18:58:07.143 +00:00 [INF] Executed DbCommand (2ms) [Parameters=[], CommandType='"Text"', CommandTimeout='30']
SELECT count(*)::int
FROM "Users" AS u
2026-06-14 18:58:07.145 +00:00 [INF] Executed DbCommand (1ms) [Parameters=[@__p_1='?' (DbType = Int32), @__p_0='?' (DbType = Int32)], CommandType='"Text"', CommandTimeout='30']
SELECT u."ID", u."Username", u."Email", u."RegisteredAt", u."Role"
FROM "Users" AS u
ORDER BY u."ID"
LIMIT @__p_1 OFFSET @__p_0
2026-06-14 18:58:07.146 +00:00 [INF] Executed DbCommand (2ms) [Parameters=[@__p_1='?' (DbType = Int32), @__p_0='?' (DbType = Int32)], CommandType='"Text"', CommandTimeout='30']
SELECT u."ID", u."Username", u."Email", u."RegisteredAt", u."Role"
FROM "Users" AS u
ORDER BY u."ID"
LIMIT @__p_1 OFFSET @__p_0
2026-06-14 18:58:07.147 +00:00 [INF] Executing ObjectResult, writing value of type 'API.Utils.PagedResult`1[[API.DTO.UserDTO, API, Version=1.0.0.0, Culture=neutral, PublicKeyToken=null]]'.
2026-06-14 18:58:07.147 +00:00 [INF] Executing ObjectResult, writing value of type 'API.Utils.PagedResult`1[[API.DTO.UserDTO, API, Version=1.0.0.0, Culture=neutral, PublicKeyToken=null]]'.
2026-06-14 18:58:07.158 +00:00 [INF] Executed action API.Controllers.UserController.Get (API) in 61.3738ms
2026-06-14 18:58:07.158 +00:00 [INF] Executed action API.Controllers.UserController.Get (API) in 61.5177ms
2026-06-14 18:58:07.158 +00:00 [INF] Executed endpoint 'API.Controllers.UserController.Get (API)'
2026-06-14 18:58:07.158 +00:00 [INF] Executed endpoint 'API.Controllers.UserController.Get (API)'
2026-06-14 18:58:07.159 +00:00 [INF] Request finished HTTP/1.1 GET http://192.168.1.6:8080/api/user?page=1&limit=10 - 200 null application/json; charset=utf-8 76.8092ms
2026-06-14 18:58:07.159 +00:00 [INF] Request finished HTTP/1.1 GET http://192.168.1.6:8080/api/user?page=1&limit=10 - 200 null application/json; charset=utf-8 75.8074ms
2026-06-14 18:58:07.496 +00:00 [INF] Request starting HTTP/1.1 GET http://192.168.1.6:8080/api/token/access-token?page=1&limit=10 - null null
2026-06-14 18:58:07.497 +00:00 [INF] CORS policy execution successful.
2026-06-14 18:58:07.497 +00:00 [INF] ====== OnMessageReceived START ======
2026-06-14 18:58:07.497 +00:00 [INF] Available cookies: 0
2026-06-14 18:58:07.497 +00:00 [WRN] NO TOKEN FOUND IN COOKIES!
2026-06-14 18:58:07.497 +00:00 [INF] ====== OnMessageReceived END - Token set: false ======
2026-06-14 18:58:07.498 +00:00 [INF] Executing endpoint 'API.Controllers.TokenController.GetAccessTokens (API)'
2026-06-14 18:58:07.500 +00:00 [INF] Route matched with {action = "GetAccessTokens", controller = "Token"}. Executing controller action with signature System.Threading.Tasks.Task`1[API.Utils.PagedResult`1[API.DTO.AccessTokenUserDTO]] GetAccessTokens(Int32, Int32) on controller API.Controllers.TokenController (API).
2026-06-14 18:58:07.502 +00:00 [INF] Received request to fetch access tokens with pagination: page=1, limit=10
2026-06-14 18:58:07.535 +00:00 [INF] Executed DbCommand (2ms) [Parameters=[], CommandType='"Text"', CommandTimeout='30']
SELECT count(*)::int
FROM "AccessTokens" AS a
WHERE a."IsRevoked"
2026-06-14 18:58:07.539 +00:00 [WRN] The query uses a row limiting operator ('Skip'/'Take') without an 'OrderBy' operator. This may lead to unpredictable results. If the 'Distinct' operator is used after 'OrderBy', then make sure to use the 'OrderBy' operator after 'Distinct' as the ordering would otherwise get erased.
2026-06-14 18:58:07.539 +00:00 [WRN] The query uses a row limiting operator ('Skip'/'Take') without an 'OrderBy' operator. This may lead to unpredictable results. If the 'Distinct' operator is used after 'OrderBy', then make sure to use the 'OrderBy' operator after 'Distinct' as the ordering would otherwise get erased.
2026-06-14 18:58:07.562 +00:00 [INF] Executed DbCommand (2ms) [Parameters=[@__p_1='?' (DbType = Int32), @__p_0='?' (DbType = Int32)], CommandType='"Text"', CommandTimeout='30']
SELECT a0."ID", a0.jti, a0."DeviceFingerprint", a0."IpAddress", a0."CreatedAt", a0."IsRevoked", a0."ExpiresAt", u."ID" AS "UserID", u."Username", u."Email", u."Role"
FROM (
    SELECT a."ID", a."CreatedAt", a."DeviceFingerprint", a."ExpiresAt", a."IpAddress", a."IsRevoked", a."UserID", a.jti
    FROM "AccessTokens" AS a
    WHERE a."IsRevoked"
    LIMIT @__p_1 OFFSET @__p_0
) AS a0
INNER JOIN "Users" AS u ON a0."UserID" = u."ID"
2026-06-14 18:58:07.565 +00:00 [INF] Executing ObjectResult, writing value of type 'API.Utils.PagedResult`1[[API.DTO.AccessTokenUserDTO, API, Version=1.0.0.0, Culture=neutral, PublicKeyToken=null]]'.
2026-06-14 18:58:07.569 +00:00 [INF] Executed action API.Controllers.TokenController.GetAccessTokens (API) in 68.7664ms
2026-06-14 18:58:07.569 +00:00 [INF] Executed endpoint 'API.Controllers.TokenController.GetAccessTokens (API)'
2026-06-14 18:58:07.570 +00:00 [INF] Request finished HTTP/1.1 GET http://192.168.1.6:8080/api/token/access-token?page=1&limit=10 - 200 null application/json; charset=utf-8 73.5491ms
2026-06-14 18:58:12.877 +00:00 [INF] Request starting HTTP/1.1 OPTIONS http://192.168.1.6:8080/api/token/revoke-access-token - null null
2026-06-14 18:58:12.878 +00:00 [INF] CORS policy execution successful.
2026-06-14 18:58:12.878 +00:00 [INF] Request finished HTTP/1.1 OPTIONS http://192.168.1.6:8080/api/token/revoke-access-token - 204 null null 1.3681ms
2026-06-14 18:58:12.880 +00:00 [INF] Request starting HTTP/1.1 PUT http://192.168.1.6:8080/api/token/revoke-access-token - application/json 16
2026-06-14 18:58:12.880 +00:00 [INF] CORS policy execution successful.
2026-06-14 18:58:12.880 +00:00 [INF] ====== OnMessageReceived START ======
2026-06-14 18:58:12.881 +00:00 [INF] Available cookies: 0
2026-06-14 18:58:12.881 +00:00 [WRN] NO TOKEN FOUND IN COOKIES!
2026-06-14 18:58:12.881 +00:00 [INF] ====== OnMessageReceived END - Token set: false ======
2026-06-14 18:58:12.881 +00:00 [INF] Request finished HTTP/1.1 PUT http://192.168.1.6:8080/api/token/revoke-access-token - 404 0 null 1.3125ms
2026-06-14 18:58:12.882 +00:00 [INF] Request reached the end of the middleware pipeline without being handled by application code. Request path: PUT http://192.168.1.6:8080/api/token/revoke-access-token, Response status code: 404
2026-06-14 18:58:57.753 +00:00 [INF] Application is shutting down...
2026-06-14 18:58:58.538 +00:00 [WRN] Storing keys in a directory '/home/app/.aspnet/DataProtection-Keys' that may not be persisted outside of the container. Protected data will be unavailable when container is destroyed. For more information go to https://aka.ms/aspnet/dataprotectionwarning
2026-06-14 18:58:58.561 +00:00 [INF] User profile is available. Using '/home/app/.aspnet/DataProtection-Keys' as key repository; keys will not be encrypted at rest.
2026-06-14 18:58:58.571 +00:00 [INF] Creating key {8cca57d0-3705-43aa-b336-c850058438c6} with creation date 2026-06-14 18:58:58Z, activation date 2026-06-14 18:58:58Z, and expiration date 2026-09-12 18:58:58Z.
2026-06-14 18:58:58.609 +00:00 [WRN] No XML encryptor configured. Key {8cca57d0-3705-43aa-b336-c850058438c6} may be persisted to storage in unencrypted form.
2026-06-14 18:58:58.612 +00:00 [INF] Writing data to file '/home/app/.aspnet/DataProtection-Keys/key-8cca57d0-3705-43aa-b336-c850058438c6.xml'.
2026-06-14 18:58:58.655 +00:00 [INF] Now listening on: http://[::]:8080
2026-06-14 18:58:58.657 +00:00 [INF] Application started. Press Ctrl+C to shut down.
2026-06-14 18:58:58.657 +00:00 [INF] Hosting environment: Development
2026-06-14 18:58:58.657 +00:00 [INF] Content root path: /app
2026-06-14 18:59:07.628 +00:00 [INF] Request starting HTTP/1.1 GET http://192.168.1.6:8080/api/token/access-token?page=1&limit=10 - null null
2026-06-14 18:59:07.639 +00:00 [WRN] Failed to determine the https port for redirect.
2026-06-14 18:59:07.642 +00:00 [INF] CORS policy execution successful.
2026-06-14 18:59:07.655 +00:00 [INF] ====== OnMessageReceived START ======
2026-06-14 18:59:07.656 +00:00 [INF] Available cookies: 0
2026-06-14 18:59:07.656 +00:00 [WRN] NO TOKEN FOUND IN COOKIES!
2026-06-14 18:59:07.657 +00:00 [INF] ====== OnMessageReceived END - Token set: false ======
2026-06-14 18:59:07.659 +00:00 [INF] Executing endpoint 'API.Controllers.TokenController.GetAccessTokens (API)'
2026-06-14 18:59:07.670 +00:00 [INF] Route matched with {action = "GetAccessTokens", controller = "Token"}. Executing controller action with signature System.Threading.Tasks.Task`1[API.Utils.PagedResult`1[API.DTO.AccessTokenUserDTO]] GetAccessTokens(Int32, Int32) on controller API.Controllers.TokenController (API).
2026-06-14 18:59:07.731 +00:00 [INF] Received request to fetch access tokens with pagination: page=1, limit=10
2026-06-14 18:59:08.253 +00:00 [INF] Executed DbCommand (9ms) [Parameters=[], CommandType='"Text"', CommandTimeout='30']
SELECT count(*)::int
FROM "AccessTokens" AS a
WHERE a."IsRevoked"
2026-06-14 18:59:08.283 +00:00 [WRN] The query uses a row limiting operator ('Skip'/'Take') without an 'OrderBy' operator. This may lead to unpredictable results. If the 'Distinct' operator is used after 'OrderBy', then make sure to use the 'OrderBy' operator after 'Distinct' as the ordering would otherwise get erased.
2026-06-14 18:59:08.285 +00:00 [WRN] The query uses a row limiting operator ('Skip'/'Take') without an 'OrderBy' operator. This may lead to unpredictable results. If the 'Distinct' operator is used after 'OrderBy', then make sure to use the 'OrderBy' operator after 'Distinct' as the ordering would otherwise get erased.
2026-06-14 18:59:08.320 +00:00 [INF] Executed DbCommand (6ms) [Parameters=[@__p_1='?' (DbType = Int32), @__p_0='?' (DbType = Int32)], CommandType='"Text"', CommandTimeout='30']
SELECT a0."ID", a0.jti, a0."DeviceFingerprint", a0."IpAddress", a0."CreatedAt", a0."IsRevoked", a0."ExpiresAt", u."ID" AS "UserID", u."Username", u."Email", u."Role"
FROM (
    SELECT a."ID", a."CreatedAt", a."DeviceFingerprint", a."ExpiresAt", a."IpAddress", a."IsRevoked", a."UserID", a.jti
    FROM "AccessTokens" AS a
    WHERE a."IsRevoked"
    LIMIT @__p_1 OFFSET @__p_0
) AS a0
INNER JOIN "Users" AS u ON a0."UserID" = u."ID"
2026-06-14 18:59:08.327 +00:00 [INF] Executing ObjectResult, writing value of type 'API.Utils.PagedResult`1[[API.DTO.AccessTokenUserDTO, API, Version=1.0.0.0, Culture=neutral, PublicKeyToken=null]]'.
2026-06-14 18:59:08.357 +00:00 [INF] Executed action API.Controllers.TokenController.GetAccessTokens (API) in 685.9001ms
2026-06-14 18:59:08.360 +00:00 [INF] Executed endpoint 'API.Controllers.TokenController.GetAccessTokens (API)'
2026-06-14 18:59:08.366 +00:00 [INF] Request finished HTTP/1.1 GET http://192.168.1.6:8080/api/token/access-token?page=1&limit=10 - 200 null application/json; charset=utf-8 739.9601ms
2026-06-14 18:59:10.210 +00:00 [INF] Request starting HTTP/1.1 OPTIONS http://192.168.1.6:8080/api/token/revoke-access-token - null null
2026-06-14 18:59:10.211 +00:00 [INF] CORS policy execution successful.
2026-06-14 18:59:10.212 +00:00 [INF] Request finished HTTP/1.1 OPTIONS http://192.168.1.6:8080/api/token/revoke-access-token - 204 null null 2.3999ms
2026-06-14 18:59:10.214 +00:00 [INF] Request starting HTTP/1.1 PUT http://192.168.1.6:8080/api/token/revoke-access-token - application/json 16
2026-06-14 18:59:10.214 +00:00 [INF] CORS policy execution successful.
2026-06-14 18:59:10.215 +00:00 [INF] ====== OnMessageReceived START ======
2026-06-14 18:59:10.215 +00:00 [INF] Available cookies: 0
2026-06-14 18:59:10.216 +00:00 [WRN] NO TOKEN FOUND IN COOKIES!
2026-06-14 18:59:10.216 +00:00 [INF] ====== OnMessageReceived END - Token set: false ======
2026-06-14 18:59:10.218 +00:00 [INF] Authorization failed. These requirements were not met:
ClaimsAuthorizationRequirement:Claim.Type=source and Claim.Value is one of the following values: (admin)
RolesAuthorizationRequirement:User.IsInRole must be true for one of the following roles: (Admin)
2026-06-14 18:59:10.220 +00:00 [INF] AuthenticationScheme: Bearer was challenged.
2026-06-14 18:59:10.220 +00:00 [INF] Request finished HTTP/1.1 PUT http://192.168.1.6:8080/api/token/revoke-access-token - 401 0 null 6.388ms
2026-06-14 18:59:23.480 +00:00 [INF] Request starting HTTP/1.1 GET http://192.168.1.6:8080/api/token/access-token?page=1&limit=10 - null null
2026-06-14 18:59:23.480 +00:00 [INF] CORS policy execution successful.
2026-06-14 18:59:23.481 +00:00 [INF] ====== OnMessageReceived START ======
2026-06-14 18:59:23.482 +00:00 [INF] Available cookies: 0
2026-06-14 18:59:23.482 +00:00 [WRN] NO TOKEN FOUND IN COOKIES!
2026-06-14 18:59:23.482 +00:00 [INF] ====== OnMessageReceived END - Token set: false ======
2026-06-14 18:59:23.482 +00:00 [INF] Executing endpoint 'API.Controllers.TokenController.GetAccessTokens (API)'
2026-06-14 18:59:23.483 +00:00 [INF] Route matched with {action = "GetAccessTokens", controller = "Token"}. Executing controller action with signature System.Threading.Tasks.Task`1[API.Utils.PagedResult`1[API.DTO.AccessTokenUserDTO]] GetAccessTokens(Int32, Int32) on controller API.Controllers.TokenController (API).
2026-06-14 18:59:23.491 +00:00 [INF] Received request to fetch access tokens with pagination: page=1, limit=10
2026-06-14 18:59:23.503 +00:00 [INF] Executed DbCommand (1ms) [Parameters=[], CommandType='"Text"', CommandTimeout='30']
SELECT count(*)::int
FROM "AccessTokens" AS a
WHERE a."IsRevoked"
2026-06-14 18:59:23.505 +00:00 [INF] Executed DbCommand (1ms) [Parameters=[@__p_1='?' (DbType = Int32), @__p_0='?' (DbType = Int32)], CommandType='"Text"', CommandTimeout='30']
SELECT a0."ID", a0.jti, a0."DeviceFingerprint", a0."IpAddress", a0."CreatedAt", a0."IsRevoked", a0."ExpiresAt", u."ID" AS "UserID", u."Username", u."Email", u."Role"
FROM (
    SELECT a."ID", a."CreatedAt", a."DeviceFingerprint", a."ExpiresAt", a."IpAddress", a."IsRevoked", a."UserID", a.jti
    FROM "AccessTokens" AS a
    WHERE a."IsRevoked"
    LIMIT @__p_1 OFFSET @__p_0
) AS a0
INNER JOIN "Users" AS u ON a0."UserID" = u."ID"
2026-06-14 18:59:23.513 +00:00 [INF] Executing ObjectResult, writing value of type 'API.Utils.PagedResult`1[[API.DTO.AccessTokenUserDTO, API, Version=1.0.0.0, Culture=neutral, PublicKeyToken=null]]'.
2026-06-14 18:59:23.514 +00:00 [INF] Executed action API.Controllers.TokenController.GetAccessTokens (API) in 30.7078ms
2026-06-14 18:59:23.514 +00:00 [INF] Executed endpoint 'API.Controllers.TokenController.GetAccessTokens (API)'
2026-06-14 18:59:23.514 +00:00 [INF] Request finished HTTP/1.1 GET http://192.168.1.6:8080/api/token/access-token?page=1&limit=10 - 200 null application/json; charset=utf-8 34.8861ms
2026-06-14 18:59:25.287 +00:00 [INF] Request starting HTTP/1.1 OPTIONS http://192.168.1.6:8080/api/token/revoke-access-token - null null
2026-06-14 18:59:25.287 +00:00 [INF] CORS policy execution successful.
2026-06-14 18:59:25.287 +00:00 [INF] Request finished HTTP/1.1 OPTIONS http://192.168.1.6:8080/api/token/revoke-access-token - 204 null null 0.8704ms
2026-06-14 18:59:25.298 +00:00 [INF] Request starting HTTP/1.1 PUT http://192.168.1.6:8080/api/token/revoke-access-token - application/json 16
2026-06-14 18:59:25.298 +00:00 [INF] CORS policy execution successful.
2026-06-14 18:59:25.298 +00:00 [INF] ====== OnMessageReceived START ======
2026-06-14 18:59:25.299 +00:00 [INF] Available cookies: 0
2026-06-14 18:59:25.299 +00:00 [WRN] NO TOKEN FOUND IN COOKIES!
2026-06-14 18:59:25.299 +00:00 [INF] ====== OnMessageReceived END - Token set: false ======
2026-06-14 18:59:25.300 +00:00 [INF] Authorization failed. These requirements were not met:
ClaimsAuthorizationRequirement:Claim.Type=source and Claim.Value is one of the following values: (admin)
RolesAuthorizationRequirement:User.IsInRole must be true for one of the following roles: (Admin)
2026-06-14 18:59:25.302 +00:00 [INF] AuthenticationScheme: Bearer was challenged.
2026-06-14 18:59:25.302 +00:00 [INF] Request finished HTTP/1.1 PUT http://192.168.1.6:8080/api/token/revoke-access-token - 401 0 null 4.6458ms
2026-06-14 18:59:45.154 +00:00 [INF] Request starting HTTP/1.1 POST http://192.168.1.6:8080/api/auth/logout - null 0
2026-06-14 18:59:45.154 +00:00 [INF] CORS policy execution successful.
2026-06-14 18:59:45.155 +00:00 [INF] ====== OnMessageReceived START ======
2026-06-14 18:59:45.155 +00:00 [INF] Available cookies: 0
2026-06-14 18:59:45.155 +00:00 [WRN] NO TOKEN FOUND IN COOKIES!
2026-06-14 18:59:45.155 +00:00 [INF] ====== OnMessageReceived END - Token set: false ======
2026-06-14 18:59:45.156 +00:00 [INF] Authorization failed. These requirements were not met:
DenyAnonymousAuthorizationRequirement: Requires an authenticated user.
2026-06-14 18:59:45.157 +00:00 [INF] AuthenticationScheme: Bearer was challenged.
2026-06-14 18:59:45.157 +00:00 [INF] Request finished HTTP/1.1 POST http://192.168.1.6:8080/api/auth/logout - 401 0 null 3.0771ms
2026-06-14 19:00:57.578 +00:00 [INF] Request starting HTTP/1.1 OPTIONS http://192.168.1.6:8080/api/auth - null null
2026-06-14 19:00:57.578 +00:00 [INF] CORS policy execution successful.
2026-06-14 19:00:57.579 +00:00 [INF] Request finished HTTP/1.1 OPTIONS http://192.168.1.6:8080/api/auth - 204 null null 0.6828ms
2026-06-14 19:00:57.584 +00:00 [INF] Request starting HTTP/1.1 POST http://192.168.1.6:8080/api/auth - application/json 74
2026-06-14 19:00:57.584 +00:00 [INF] CORS policy execution successful.
2026-06-14 19:00:57.584 +00:00 [INF] ====== OnMessageReceived START ======
2026-06-14 19:00:57.584 +00:00 [INF] Available cookies: 0
2026-06-14 19:00:57.585 +00:00 [WRN] NO TOKEN FOUND IN COOKIES!
2026-06-14 19:00:57.585 +00:00 [INF] ====== OnMessageReceived END - Token set: false ======
2026-06-14 19:00:57.585 +00:00 [INF] Executing endpoint 'API.Controllers.AuthController.Authenticate (API)'
2026-06-14 19:00:57.591 +00:00 [INF] Route matched with {action = "Authenticate", controller = "Auth"}. Executing controller action with signature System.Threading.Tasks.Task`1[Microsoft.AspNetCore.Mvc.IActionResult] Authenticate(API.Models.RequestModels.LoginRequest) on controller API.Controllers.AuthController (API).
2026-06-14 19:00:57.612 +00:00 [INF] Authentication attempt for email: lengyelnorbi5@gmail.com
2026-06-14 19:00:57.613 +00:00 [INF] Fetching user by email from database...
2026-06-14 19:00:57.674 +00:00 [INF] Executed DbCommand (3ms) [Parameters=[@__email_0='?'], CommandType='"Text"', CommandTimeout='30']
SELECT u."ID", u."Email", u."PasswordHash", u."RegisteredAt", u."Role", u."Username"
FROM "Users" AS u
WHERE u."Email" = @__email_0
LIMIT 1
2026-06-14 19:00:57.704 +00:00 [INF] Mozilla/5.0 (Windows NT 10.0; Win64; x64; rv:151.0) Gecko/20100101 Firefox/151.0
2026-06-14 19:00:57.707 +00:00 [INF] Fetching user by email from database...
2026-06-14 19:00:57.710 +00:00 [INF] Executed DbCommand (1ms) [Parameters=[@__email_0='?'], CommandType='"Text"', CommandTimeout='30']
SELECT u."ID", u."Email", u."PasswordHash", u."RegisteredAt", u."Role", u."Username"
FROM "Users" AS u
WHERE u."Email" = @__email_0
LIMIT 1
2026-06-14 19:00:58.132 +00:00 [INF] Password verification completed: Valid
2026-06-14 19:00:58.205 +00:00 [INF] Executed DbCommand (6ms) [Parameters=[@p0='?' (DbType = DateTime), @p1='?', @p2='?' (DbType = DateTime), @p3='?', @p4='?' (DbType = Int32), @p5='?'], CommandType='"Text"', CommandTimeout='30']
INSERT INTO "AccessTokens" ("CreatedAt", "DeviceFingerprint", "ExpiresAt", "IpAddress", "UserID", jti)
VALUES (@p0, @p1, @p2, @p3, @p4, @p5)
RETURNING "ID", "IsRevoked";
2026-06-14 19:00:58.237 +00:00 [INF] Executed DbCommand (3ms) [Parameters=[@p0='?' (DbType = DateTime), @p1='?', @p2='?' (DbType = DateTime), @p3='?', @p4='?', @p5='?' (DbType = Int32)], CommandType='"Text"', CommandTimeout='30']
INSERT INTO "RefreshTokens" ("CreatedAt", "DeviceFingerprint", "ExpiresAt", "IpAddress", "TokenHash", "UserID")
VALUES (@p0, @p1, @p2, @p3, @p4, @p5)
RETURNING "ID", "IsRevoked";
2026-06-14 19:00:58.240 +00:00 [INF] Admin user lengyelnorbi5@gmail.com authenticated successfully from admin panel at "2026-06-14T19:00:58.2403122Z"
2026-06-14 19:00:58.241 +00:00 [INF] --------------------------------------------------------------------
2026-06-14 19:00:58.242 +00:00 [INF] eyJhbGciOiJIUzI1NiIsInR5cCI6IkpXVCJ9.eyJodHRwOi8vc2NoZW1hcy54bWxzb2FwLm9yZy93cy8yMDA1LzA1L2lkZW50aXR5L2NsYWltcy9uYW1laWRlbnRpZmllciI6IjEiLCJodHRwOi8vc2NoZW1hcy54bWxzb2FwLm9yZy93cy8yMDA1LzA1L2lkZW50aXR5L2NsYWltcy9lbWFpbGFkZHJlc3MiOiJsZW5neWVsbm9yYmk1QGdtYWlsLmNvbSIsImh0dHA6Ly9zY2hlbWFzLnhtbHNvYXAub3JnL3dzLzIwMDUvMDUvaWRlbnRpdHkvY2xhaW1zL25hbWUiOiJsZW5neWVsbm9yYmkiLCJqdGkiOiI5N2ZiNTFjZi1mMmM0LTRlMTktYjNiZi01YTFiZDg5YzI2MDYiLCJpYXQiOjE3ODE0NjM2NTgsImV4cCI6MTc4MTQ2Mzk1OCwiaHR0cDovL3NjaGVtYXMubWljcm9zb2Z0LmNvbS93cy8yMDA4LzA2L2lkZW50aXR5L2NsYWltcy9yb2xlIjoiQWRtaW4iLCJTb3VyY2UiOiJhZG1pbiIsIkRldmljZUlkIjoiL2EydWY0ejhyY0JJaElyN0tHYmQ2YWFoTXI4MEJoais5dXlMaVlOWjY2QT0iLCJJUEFkZHJlc3MiOiI6OmZmZmY6MTcyLjIwLjAuMSIsIlRva2VuVmVyc2lvbiI6IjEiLCJpc3MiOiJNdXNpY1BsYXllckFQSSIsImF1ZCI6Ik11c2ljUGxheWVyQ2xpZW50In0.OksL9M92DnMUNlPyh8oXCaDmiwyi2zrpVKCC7ic3Ogk
2026-06-14 19:00:58.242 +00:00 [INF] ZKmpIWzWRoxbZGFhIbVOKTyHw4Akh5OIp4BfPQS4HLM=
2026-06-14 19:00:58.242 +00:00 [INF] Source: admin
2026-06-14 19:00:58.242 +00:00 [INF] Access Token expires at: "2026-06-14T19:05:58.1336971Z"
2026-06-14 19:00:58.243 +00:00 [INF] Refresh Token expires at: "2026-06-15T03:00:58.2245132Z"
2026-06-14 19:00:58.243 +00:00 [INF] tokenCookieName: adminToken
2026-06-14 19:00:58.243 +00:00 [INF] refreshTokenCookieName: adminRefreshToken
2026-06-14 19:00:58.243 +00:00 [INF] Refresh token hash stored in cookie: ZKmpIWzWRoxbZGFhIbVOKTyHw4Akh5OIp4BfPQS4HLM=
2026-06-14 19:00:58.243 +00:00 [INF] --------------------------------------------------------------------
2026-06-14 19:00:58.244 +00:00 [INF] Executing OkObjectResult, writing value of type '<>f__AnonymousType1`4[[System.Boolean, System.Private.CoreLib, Version=9.0.0.0, Culture=neutral, PublicKeyToken=7cec85d7bea7798e],[System.Int32, System.Private.CoreLib, Version=9.0.0.0, Culture=neutral, PublicKeyToken=7cec85d7bea7798e],[System.Int32, System.Private.CoreLib, Version=9.0.0.0, Culture=neutral, PublicKeyToken=7cec85d7bea7798e],[<>f__AnonymousType2`3[[System.Int32, System.Private.CoreLib, Version=9.0.0.0, Culture=neutral, PublicKeyToken=7cec85d7bea7798e],[System.String, System.Private.CoreLib, Version=9.0.0.0, Culture=neutral, PublicKeyToken=7cec85d7bea7798e],[System.String, System.Private.CoreLib, Version=9.0.0.0, Culture=neutral, PublicKeyToken=7cec85d7bea7798e]], API, Version=1.0.0.0, Culture=neutral, PublicKeyToken=null]]'.
2026-06-14 19:00:58.247 +00:00 [INF] Executed action API.Controllers.AuthController.Authenticate (API) in 655.2956ms
2026-06-14 19:00:58.247 +00:00 [INF] Executed endpoint 'API.Controllers.AuthController.Authenticate (API)'
2026-06-14 19:00:58.247 +00:00 [INF] Request finished HTTP/1.1 POST http://192.168.1.6:8080/api/auth - 200 null application/json; charset=utf-8 663.7189ms
2026-06-14 19:00:59.434 +00:00 [INF] Request starting HTTP/1.1 GET http://192.168.1.6:8080/api/token/access-token?page=1&limit=10 - null null
2026-06-14 19:00:59.434 +00:00 [INF] CORS policy execution successful.
2026-06-14 19:00:59.434 +00:00 [INF] ====== OnMessageReceived START ======
2026-06-14 19:00:59.435 +00:00 [INF] Available cookies: 2
2026-06-14 19:00:59.435 +00:00 [INF] Cookie: adminToken = 844 chars
2026-06-14 19:00:59.436 +00:00 [INF] Cookie: adminRefreshToken = 44 chars
2026-06-14 19:00:59.436 +00:00 [INF] Admin token found in cookies, length: 844
2026-06-14 19:00:59.436 +00:00 [INF] Admin token set in context
2026-06-14 19:00:59.436 +00:00 [INF] ====== OnMessageReceived END - Token set: true ======
2026-06-14 19:00:59.456 +00:00 [INF] Token validated successfully for user: lengyelnorbi
2026-06-14 19:00:59.457 +00:00 [INF] Device fingerprint headers - UA: Mozilla/5.0 (Windows NT 10.0; Win64; x64; rv:151.0) Gecko/20100101 Firefox/151.0, Accept: application/json, text/plain, */*, Encoding: gzip, deflate
2026-06-14 19:00:59.457 +00:00 [INF] Device fingerprint validation: Stored=/a2uf4z8rcBIhIr7KGbd6aahMr80Bhj+9uyLiYNZ66A=, Current=/a2uf4z8rcBIhIr7KGbd6aahMr80Bhj+9uyLiYNZ66A=
2026-06-14 19:00:59.469 +00:00 [INF] Executed DbCommand (4ms) [Parameters=[@__jti_0='?', @__userId_1='?' (DbType = Int32)], CommandType='"Text"', CommandTimeout='30']
SELECT a."ID", a."CreatedAt", a."DeviceFingerprint", a."ExpiresAt", a."IpAddress", a."IsRevoked", a."UserID", a.jti
FROM "AccessTokens" AS a
WHERE a.jti = @__jti_0 AND a."UserID" = @__userId_1 AND NOT (a."IsRevoked") AND a."ExpiresAt" > now()
LIMIT 1
2026-06-14 19:00:59.472 +00:00 [INF] Executing endpoint 'API.Controllers.TokenController.GetAccessTokens (API)'
2026-06-14 19:00:59.472 +00:00 [INF] Route matched with {action = "GetAccessTokens", controller = "Token"}. Executing controller action with signature System.Threading.Tasks.Task`1[API.Utils.PagedResult`1[API.DTO.AccessTokenUserDTO]] GetAccessTokens(Int32, Int32) on controller API.Controllers.TokenController (API).
2026-06-14 19:00:59.473 +00:00 [INF] Received request to fetch access tokens with pagination: page=1, limit=10
2026-06-14 19:00:59.475 +00:00 [INF] Executed DbCommand (2ms) [Parameters=[], CommandType='"Text"', CommandTimeout='30']
SELECT count(*)::int
FROM "AccessTokens" AS a
WHERE a."IsRevoked"
2026-06-14 19:00:59.477 +00:00 [INF] Executed DbCommand (1ms) [Parameters=[@__p_1='?' (DbType = Int32), @__p_0='?' (DbType = Int32)], CommandType='"Text"', CommandTimeout='30']
SELECT a0."ID", a0.jti, a0."DeviceFingerprint", a0."IpAddress", a0."CreatedAt", a0."IsRevoked", a0."ExpiresAt", u."ID" AS "UserID", u."Username", u."Email", u."Role"
FROM (
    SELECT a."ID", a."CreatedAt", a."DeviceFingerprint", a."ExpiresAt", a."IpAddress", a."IsRevoked", a."UserID", a.jti
    FROM "AccessTokens" AS a
    WHERE a."IsRevoked"
    LIMIT @__p_1 OFFSET @__p_0
) AS a0
INNER JOIN "Users" AS u ON a0."UserID" = u."ID"
2026-06-14 19:00:59.478 +00:00 [INF] Executing ObjectResult, writing value of type 'API.Utils.PagedResult`1[[API.DTO.AccessTokenUserDTO, API, Version=1.0.0.0, Culture=neutral, PublicKeyToken=null]]'.
2026-06-14 19:00:59.478 +00:00 [INF] Executed action API.Controllers.TokenController.GetAccessTokens (API) in 5.6799ms
2026-06-14 19:00:59.478 +00:00 [INF] Executed endpoint 'API.Controllers.TokenController.GetAccessTokens (API)'
2026-06-14 19:00:59.478 +00:00 [INF] Request finished HTTP/1.1 GET http://192.168.1.6:8080/api/token/access-token?page=1&limit=10 - 200 null application/json; charset=utf-8 44.6009ms
2026-06-14 19:01:00.963 +00:00 [INF] Request starting HTTP/1.1 OPTIONS http://192.168.1.6:8080/api/token/revoke-access-token - null null
2026-06-14 19:01:00.964 +00:00 [INF] CORS policy execution successful.
2026-06-14 19:01:00.964 +00:00 [INF] Request finished HTTP/1.1 OPTIONS http://192.168.1.6:8080/api/token/revoke-access-token - 204 null null 0.6816ms
2026-06-14 19:01:00.966 +00:00 [INF] Request starting HTTP/1.1 PUT http://192.168.1.6:8080/api/token/revoke-access-token - application/json 16
2026-06-14 19:01:00.966 +00:00 [INF] CORS policy execution successful.
2026-06-14 19:01:00.966 +00:00 [INF] ====== OnMessageReceived START ======
2026-06-14 19:01:00.966 +00:00 [INF] Available cookies: 2
2026-06-14 19:01:00.967 +00:00 [INF] Cookie: adminToken = 844 chars
2026-06-14 19:01:00.967 +00:00 [INF] Cookie: adminRefreshToken = 44 chars
2026-06-14 19:01:00.967 +00:00 [INF] Admin token found in cookies, length: 844
2026-06-14 19:01:00.967 +00:00 [INF] Admin token set in context
2026-06-14 19:01:00.968 +00:00 [INF] ====== OnMessageReceived END - Token set: true ======
2026-06-14 19:01:00.968 +00:00 [INF] Token validated successfully for user: lengyelnorbi
2026-06-14 19:01:00.969 +00:00 [INF] Device fingerprint headers - UA: Mozilla/5.0 (Windows NT 10.0; Win64; x64; rv:151.0) Gecko/20100101 Firefox/151.0, Accept: */*, Encoding: gzip, deflate
2026-06-14 19:01:00.969 +00:00 [INF] Device fingerprint validation: Stored=/a2uf4z8rcBIhIr7KGbd6aahMr80Bhj+9uyLiYNZ66A=, Current=/a2uf4z8rcBIhIr7KGbd6aahMr80Bhj+9uyLiYNZ66A=
2026-06-14 19:01:00.972 +00:00 [INF] Executed DbCommand (1ms) [Parameters=[@__jti_0='?', @__userId_1='?' (DbType = Int32)], CommandType='"Text"', CommandTimeout='30']
SELECT a."ID", a."CreatedAt", a."DeviceFingerprint", a."ExpiresAt", a."IpAddress", a."IsRevoked", a."UserID", a.jti
FROM "AccessTokens" AS a
WHERE a.jti = @__jti_0 AND a."UserID" = @__userId_1 AND NOT (a."IsRevoked") AND a."ExpiresAt" > now()
LIMIT 1
2026-06-14 19:01:00.973 +00:00 [INF] Executing endpoint 'API.Controllers.TokenController.RevokeAccessToken (API)'
2026-06-14 19:01:00.975 +00:00 [INF] Route matched with {action = "RevokeAccessToken", controller = "Token"}. Executing controller action with signature System.Threading.Tasks.Task`1[Microsoft.AspNetCore.Mvc.IActionResult] RevokeAccessToken(Int32) on controller API.Controllers.TokenController (API).
2026-06-14 19:01:00.976 +00:00 [INF] Received request to revoke access token: tokenId=0
2026-06-14 19:01:00.985 +00:00 [INF] Executed DbCommand (3ms) [Parameters=[@__p_0='?' (DbType = Int32)], CommandType='"Text"', CommandTimeout='30']
SELECT a."ID", a."CreatedAt", a."DeviceFingerprint", a."ExpiresAt", a."IpAddress", a."IsRevoked", a."UserID", a.jti
FROM "AccessTokens" AS a
WHERE a."ID" = @__p_0
LIMIT 1
2026-06-14 19:01:00.986 +00:00 [WRN] Access token with ID 0 not found for revocation.
2026-06-14 19:01:00.987 +00:00 [INF] Executing ObjectResult, writing value of type 'Microsoft.AspNetCore.Mvc.ProblemDetails'.
2026-06-14 19:01:00.996 +00:00 [INF] Executed action API.Controllers.TokenController.RevokeAccessToken (API) in 21.3785ms
2026-06-14 19:01:00.997 +00:00 [INF] Executed endpoint 'API.Controllers.TokenController.RevokeAccessToken (API)'
2026-06-14 19:01:00.997 +00:00 [INF] Request finished HTTP/1.1 PUT http://192.168.1.6:8080/api/token/revoke-access-token - 404 null application/problem+json; charset=utf-8 31.3227ms
2026-06-14 19:02:18.433 +00:00 [INF] Request starting HTTP/1.1 OPTIONS http://192.168.1.6:8080/api/token/revoke-access-token - null null
2026-06-14 19:02:18.433 +00:00 [INF] CORS policy execution successful.
2026-06-14 19:02:18.434 +00:00 [INF] Request finished HTTP/1.1 OPTIONS http://192.168.1.6:8080/api/token/revoke-access-token - 204 null null 0.7187ms
2026-06-14 19:02:18.436 +00:00 [INF] Request starting HTTP/1.1 PUT http://192.168.1.6:8080/api/token/revoke-access-token - application/json 16
2026-06-14 19:02:18.436 +00:00 [INF] CORS policy execution successful.
2026-06-14 19:02:18.436 +00:00 [INF] ====== OnMessageReceived START ======
2026-06-14 19:02:18.437 +00:00 [INF] Available cookies: 2
2026-06-14 19:02:18.437 +00:00 [INF] Cookie: adminToken = 844 chars
2026-06-14 19:02:18.437 +00:00 [INF] Cookie: adminRefreshToken = 44 chars
2026-06-14 19:02:18.437 +00:00 [INF] Admin token found in cookies, length: 844
2026-06-14 19:02:18.437 +00:00 [INF] Admin token set in context
2026-06-14 19:02:18.438 +00:00 [INF] ====== OnMessageReceived END - Token set: true ======
2026-06-14 19:02:18.438 +00:00 [INF] Token validated successfully for user: lengyelnorbi
2026-06-14 19:02:18.438 +00:00 [INF] Device fingerprint headers - UA: Mozilla/5.0 (Windows NT 10.0; Win64; x64; rv:151.0) Gecko/20100101 Firefox/151.0, Accept: */*, Encoding: gzip, deflate
2026-06-14 19:02:18.438 +00:00 [INF] Device fingerprint validation: Stored=/a2uf4z8rcBIhIr7KGbd6aahMr80Bhj+9uyLiYNZ66A=, Current=/a2uf4z8rcBIhIr7KGbd6aahMr80Bhj+9uyLiYNZ66A=
2026-06-14 19:02:18.440 +00:00 [INF] Executed DbCommand (1ms) [Parameters=[@__jti_0='?', @__userId_1='?' (DbType = Int32)], CommandType='"Text"', CommandTimeout='30']
SELECT a."ID", a."CreatedAt", a."DeviceFingerprint", a."ExpiresAt", a."IpAddress", a."IsRevoked", a."UserID", a.jti
FROM "AccessTokens" AS a
WHERE a.jti = @__jti_0 AND a."UserID" = @__userId_1 AND NOT (a."IsRevoked") AND a."ExpiresAt" > now()
LIMIT 1
2026-06-14 19:02:18.441 +00:00 [INF] Executing endpoint 'API.Controllers.TokenController.RevokeAccessToken (API)'
2026-06-14 19:02:18.441 +00:00 [INF] Route matched with {action = "RevokeAccessToken", controller = "Token"}. Executing controller action with signature System.Threading.Tasks.Task`1[Microsoft.AspNetCore.Mvc.IActionResult] RevokeAccessToken(Int32) on controller API.Controllers.TokenController (API).
2026-06-14 19:02:18.442 +00:00 [INF] Received request to revoke access token: tokenId=0
2026-06-14 19:02:18.444 +00:00 [INF] Executed DbCommand (1ms) [Parameters=[@__p_0='?' (DbType = Int32)], CommandType='"Text"', CommandTimeout='30']
SELECT a."ID", a."CreatedAt", a."DeviceFingerprint", a."ExpiresAt", a."IpAddress", a."IsRevoked", a."UserID", a.jti
FROM "AccessTokens" AS a
WHERE a."ID" = @__p_0
LIMIT 1
2026-06-14 19:02:18.444 +00:00 [WRN] Access token with ID 0 not found for revocation.
2026-06-14 19:02:18.444 +00:00 [INF] Executing ObjectResult, writing value of type 'Microsoft.AspNetCore.Mvc.ProblemDetails'.
2026-06-14 19:02:18.445 +00:00 [INF] Executed action API.Controllers.TokenController.RevokeAccessToken (API) in 3.036ms
2026-06-14 19:02:18.445 +00:00 [INF] Executed endpoint 'API.Controllers.TokenController.RevokeAccessToken (API)'
2026-06-14 19:02:18.445 +00:00 [INF] Request finished HTTP/1.1 PUT http://192.168.1.6:8080/api/token/revoke-access-token - 404 null application/problem+json; charset=utf-8 9.192ms
2026-06-14 19:02:19.016 +00:00 [INF] Request starting HTTP/1.1 OPTIONS http://192.168.1.6:8080/api/token/revoke-access-token - null null
2026-06-14 19:02:19.016 +00:00 [INF] CORS policy execution successful.
2026-06-14 19:02:19.017 +00:00 [INF] Request finished HTTP/1.1 OPTIONS http://192.168.1.6:8080/api/token/revoke-access-token - 204 null null 0.8346ms
2026-06-14 19:02:19.019 +00:00 [INF] Request starting HTTP/1.1 PUT http://192.168.1.6:8080/api/token/revoke-access-token - application/json 16
2026-06-14 19:02:19.019 +00:00 [INF] CORS policy execution successful.
2026-06-14 19:02:19.019 +00:00 [INF] ====== OnMessageReceived START ======
2026-06-14 19:02:19.019 +00:00 [INF] Available cookies: 2
2026-06-14 19:02:19.020 +00:00 [INF] Cookie: adminToken = 844 chars
2026-06-14 19:02:19.020 +00:00 [INF] Cookie: adminRefreshToken = 44 chars
2026-06-14 19:02:19.020 +00:00 [INF] Admin token found in cookies, length: 844
2026-06-14 19:02:19.020 +00:00 [INF] Admin token set in context
2026-06-14 19:02:19.020 +00:00 [INF] ====== OnMessageReceived END - Token set: true ======
2026-06-14 19:02:19.021 +00:00 [INF] Token validated successfully for user: lengyelnorbi
2026-06-14 19:02:19.021 +00:00 [INF] Device fingerprint headers - UA: Mozilla/5.0 (Windows NT 10.0; Win64; x64; rv:151.0) Gecko/20100101 Firefox/151.0, Accept: */*, Encoding: gzip, deflate
2026-06-14 19:02:19.021 +00:00 [INF] Device fingerprint validation: Stored=/a2uf4z8rcBIhIr7KGbd6aahMr80Bhj+9uyLiYNZ66A=, Current=/a2uf4z8rcBIhIr7KGbd6aahMr80Bhj+9uyLiYNZ66A=
2026-06-14 19:02:19.023 +00:00 [INF] Executed DbCommand (1ms) [Parameters=[@__jti_0='?', @__userId_1='?' (DbType = Int32)], CommandType='"Text"', CommandTimeout='30']
SELECT a."ID", a."CreatedAt", a."DeviceFingerprint", a."ExpiresAt", a."IpAddress", a."IsRevoked", a."UserID", a.jti
FROM "AccessTokens" AS a
WHERE a.jti = @__jti_0 AND a."UserID" = @__userId_1 AND NOT (a."IsRevoked") AND a."ExpiresAt" > now()
LIMIT 1
2026-06-14 19:02:19.023 +00:00 [INF] Executing endpoint 'API.Controllers.TokenController.RevokeAccessToken (API)'
2026-06-14 19:02:19.024 +00:00 [INF] Route matched with {action = "RevokeAccessToken", controller = "Token"}. Executing controller action with signature System.Threading.Tasks.Task`1[Microsoft.AspNetCore.Mvc.IActionResult] RevokeAccessToken(Int32) on controller API.Controllers.TokenController (API).
2026-06-14 19:02:19.024 +00:00 [INF] Received request to revoke access token: tokenId=0
2026-06-14 19:02:19.026 +00:00 [INF] Executed DbCommand (1ms) [Parameters=[@__p_0='?' (DbType = Int32)], CommandType='"Text"', CommandTimeout='30']
SELECT a."ID", a."CreatedAt", a."DeviceFingerprint", a."ExpiresAt", a."IpAddress", a."IsRevoked", a."UserID", a.jti
FROM "AccessTokens" AS a
WHERE a."ID" = @__p_0
LIMIT 1
2026-06-14 19:02:19.026 +00:00 [WRN] Access token with ID 0 not found for revocation.
2026-06-14 19:02:19.026 +00:00 [INF] Executing ObjectResult, writing value of type 'Microsoft.AspNetCore.Mvc.ProblemDetails'.
2026-06-14 19:02:19.026 +00:00 [INF] Executed action API.Controllers.TokenController.RevokeAccessToken (API) in 2.5208ms
2026-06-14 19:02:19.026 +00:00 [INF] Executed endpoint 'API.Controllers.TokenController.RevokeAccessToken (API)'
2026-06-14 19:02:19.027 +00:00 [INF] Request finished HTTP/1.1 PUT http://192.168.1.6:8080/api/token/revoke-access-token - 404 null application/problem+json; charset=utf-8 8.0105ms
2026-06-14 19:02:21.514 +00:00 [INF] Request starting HTTP/1.1 OPTIONS http://192.168.1.6:8080/api/token/revoke-access-token - null null
2026-06-14 19:02:21.515 +00:00 [INF] CORS policy execution successful.
2026-06-14 19:02:21.515 +00:00 [INF] Request finished HTTP/1.1 OPTIONS http://192.168.1.6:8080/api/token/revoke-access-token - 204 null null 0.8775ms
2026-06-14 19:02:21.517 +00:00 [INF] Request starting HTTP/1.1 PUT http://192.168.1.6:8080/api/token/revoke-access-token - application/json 16
2026-06-14 19:02:21.517 +00:00 [INF] CORS policy execution successful.
2026-06-14 19:02:21.517 +00:00 [INF] ====== OnMessageReceived START ======
2026-06-14 19:02:21.517 +00:00 [INF] Available cookies: 2
2026-06-14 19:02:21.518 +00:00 [INF] Cookie: adminToken = 844 chars
2026-06-14 19:02:21.518 +00:00 [INF] Cookie: adminRefreshToken = 44 chars
2026-06-14 19:02:21.518 +00:00 [INF] Admin token found in cookies, length: 844
2026-06-14 19:02:21.518 +00:00 [INF] Admin token set in context
2026-06-14 19:02:21.518 +00:00 [INF] ====== OnMessageReceived END - Token set: true ======
2026-06-14 19:02:21.519 +00:00 [INF] Token validated successfully for user: lengyelnorbi
2026-06-14 19:02:21.519 +00:00 [INF] Device fingerprint headers - UA: Mozilla/5.0 (Windows NT 10.0; Win64; x64; rv:151.0) Gecko/20100101 Firefox/151.0, Accept: */*, Encoding: gzip, deflate
2026-06-14 19:02:21.519 +00:00 [INF] Device fingerprint validation: Stored=/a2uf4z8rcBIhIr7KGbd6aahMr80Bhj+9uyLiYNZ66A=, Current=/a2uf4z8rcBIhIr7KGbd6aahMr80Bhj+9uyLiYNZ66A=
2026-06-14 19:02:21.522 +00:00 [INF] Executed DbCommand (1ms) [Parameters=[@__jti_0='?', @__userId_1='?' (DbType = Int32)], CommandType='"Text"', CommandTimeout='30']
SELECT a."ID", a."CreatedAt", a."DeviceFingerprint", a."ExpiresAt", a."IpAddress", a."IsRevoked", a."UserID", a.jti
FROM "AccessTokens" AS a
WHERE a.jti = @__jti_0 AND a."UserID" = @__userId_1 AND NOT (a."IsRevoked") AND a."ExpiresAt" > now()
LIMIT 1
2026-06-14 19:02:21.522 +00:00 [INF] Executing endpoint 'API.Controllers.TokenController.RevokeAccessToken (API)'
2026-06-14 19:02:21.522 +00:00 [INF] Route matched with {action = "RevokeAccessToken", controller = "Token"}. Executing controller action with signature System.Threading.Tasks.Task`1[Microsoft.AspNetCore.Mvc.IActionResult] RevokeAccessToken(Int32) on controller API.Controllers.TokenController (API).
2026-06-14 19:02:21.523 +00:00 [INF] Received request to revoke access token: tokenId=0
2026-06-14 19:02:21.525 +00:00 [INF] Executed DbCommand (1ms) [Parameters=[@__p_0='?' (DbType = Int32)], CommandType='"Text"', CommandTimeout='30']
SELECT a."ID", a."CreatedAt", a."DeviceFingerprint", a."ExpiresAt", a."IpAddress", a."IsRevoked", a."UserID", a.jti
FROM "AccessTokens" AS a
WHERE a."ID" = @__p_0
LIMIT 1
2026-06-14 19:02:21.525 +00:00 [WRN] Access token with ID 0 not found for revocation.
2026-06-14 19:02:21.525 +00:00 [INF] Executing ObjectResult, writing value of type 'Microsoft.AspNetCore.Mvc.ProblemDetails'.
2026-06-14 19:02:21.526 +00:00 [INF] Executed action API.Controllers.TokenController.RevokeAccessToken (API) in 2.9477ms
2026-06-14 19:02:21.526 +00:00 [INF] Executed endpoint 'API.Controllers.TokenController.RevokeAccessToken (API)'
2026-06-14 19:02:21.526 +00:00 [INF] Request finished HTTP/1.1 PUT http://192.168.1.6:8080/api/token/revoke-access-token - 404 null application/problem+json; charset=utf-8 9.4836ms
2026-06-14 19:05:28.233 +00:00 [INF] Request starting HTTP/1.1 OPTIONS http://192.168.1.6:8080/api/auth/refresh - null null
2026-06-14 19:05:28.234 +00:00 [INF] CORS policy execution successful.
2026-06-14 19:05:28.234 +00:00 [INF] Request finished HTTP/1.1 OPTIONS http://192.168.1.6:8080/api/auth/refresh - 204 null null 1.2689ms
2026-06-14 19:05:28.255 +00:00 [INF] Request starting HTTP/1.1 POST http://192.168.1.6:8080/api/auth/refresh - application/json 18
2026-06-14 19:05:28.255 +00:00 [INF] CORS policy execution successful.
2026-06-14 19:05:28.255 +00:00 [INF] ====== OnMessageReceived START ======
2026-06-14 19:05:28.256 +00:00 [INF] Available cookies: 2
2026-06-14 19:05:28.256 +00:00 [INF] Cookie: adminToken = 844 chars
2026-06-14 19:05:28.256 +00:00 [INF] Cookie: adminRefreshToken = 44 chars
2026-06-14 19:05:28.256 +00:00 [INF] Admin token found in cookies, length: 844
2026-06-14 19:05:28.256 +00:00 [INF] Admin token set in context
2026-06-14 19:05:28.257 +00:00 [INF] ====== OnMessageReceived END - Token set: true ======
2026-06-14 19:05:28.257 +00:00 [INF] Token validated successfully for user: lengyelnorbi
2026-06-14 19:05:28.257 +00:00 [INF] Device fingerprint headers - UA: Mozilla/5.0 (Windows NT 10.0; Win64; x64; rv:151.0) Gecko/20100101 Firefox/151.0, Accept: */*, Encoding: gzip, deflate
2026-06-14 19:05:28.258 +00:00 [INF] Device fingerprint validation: Stored=/a2uf4z8rcBIhIr7KGbd6aahMr80Bhj+9uyLiYNZ66A=, Current=/a2uf4z8rcBIhIr7KGbd6aahMr80Bhj+9uyLiYNZ66A=
2026-06-14 19:05:28.269 +00:00 [INF] Executed DbCommand (2ms) [Parameters=[@__jti_0='?', @__userId_1='?' (DbType = Int32)], CommandType='"Text"', CommandTimeout='30']
SELECT a."ID", a."CreatedAt", a."DeviceFingerprint", a."ExpiresAt", a."IpAddress", a."IsRevoked", a."UserID", a.jti
FROM "AccessTokens" AS a
WHERE a.jti = @__jti_0 AND a."UserID" = @__userId_1 AND NOT (a."IsRevoked") AND a."ExpiresAt" > now()
LIMIT 1
2026-06-14 19:05:28.270 +00:00 [INF] Executing endpoint 'API.Controllers.AuthController.RefreshToken (API)'
2026-06-14 19:05:28.272 +00:00 [INF] Route matched with {action = "RefreshToken", controller = "Auth"}. Executing controller action with signature System.Threading.Tasks.Task`1[Microsoft.AspNetCore.Mvc.IActionResult] RefreshToken(API.Models.RequestModels.RefreshRequest) on controller API.Controllers.AuthController (API).
2026-06-14 19:05:28.275 +00:00 [INF] Token refresh attempt at "2026-06-14T19:05:28.2750102Z"
2026-06-14 19:05:28.275 +00:00 [INF] Refreshing admin token at "2026-06-14T19:05:28.2752976Z"
2026-06-14 19:05:28.285 +00:00 [INF] Executed DbCommand (5ms) [Parameters=[@__tokenHash_0='?'], CommandType='"Text"', CommandTimeout='30']
SELECT r."ID", r."CreatedAt", r."DeviceFingerprint", r."ExpiresAt", r."IpAddress", r."IsRevoked", r."TokenHash", r."UserID"
FROM "RefreshTokens" AS r
WHERE r."TokenHash" = @__tokenHash_0 AND NOT (r."IsRevoked") AND r."ExpiresAt" > now()
ORDER BY r."CreatedAt" DESC
LIMIT 1
2026-06-14 19:05:28.286 +00:00 [INF] Mozilla/5.0 (Windows NT 10.0; Win64; x64; rv:151.0) Gecko/20100101 Firefox/151.0
2026-06-14 19:05:28.287 +00:00 [INF] Fetching user by ID from database...
2026-06-14 19:05:28.291 +00:00 [INF] Executed DbCommand (1ms) [Parameters=[@__id_0='?' (DbType = Int32)], CommandType='"Text"', CommandTimeout='30']
SELECT u."ID", u."Email", u."PasswordHash", u."RegisteredAt", u."Role", u."Username"
FROM "Users" AS u
WHERE u."ID" = @__id_0
LIMIT 1
2026-06-14 19:05:28.298 +00:00 [INF] Executed DbCommand (3ms) [Parameters=[@p0='?' (DbType = DateTime), @p1='?', @p2='?' (DbType = DateTime), @p3='?', @p4='?' (DbType = Int32), @p5='?'], CommandType='"Text"', CommandTimeout='30']
INSERT INTO "AccessTokens" ("CreatedAt", "DeviceFingerprint", "ExpiresAt", "IpAddress", "UserID", jti)
VALUES (@p0, @p1, @p2, @p3, @p4, @p5)
RETURNING "ID", "IsRevoked";
2026-06-14 19:05:28.304 +00:00 [INF] Executed DbCommand (1ms) [Parameters=[@__jti_0='?', @__userID_1='?' (DbType = Int32), @__deviceFingerprint_2='?', @__ipAddress_3='?'], CommandType='"Text"', CommandTimeout='30']
SELECT a."ID", a."CreatedAt", a."DeviceFingerprint", a."ExpiresAt", a."IpAddress", a."IsRevoked", a."UserID", a.jti
FROM "AccessTokens" AS a
WHERE a.jti = @__jti_0 AND a."UserID" = @__userID_1 AND a."DeviceFingerprint" = @__deviceFingerprint_2 AND a."IpAddress" = @__ipAddress_3
LIMIT 1
2026-06-14 19:05:28.304 +00:00 [INF] Attempting to revoke access token with jti 97fb51cf-f2c4-4e19-b3bf-5a1bd89c2606 for user 1 from device /a2uf4z8rcBIhIr7KGbd6aahMr80Bhj+9uyLiYNZ66A= and IP ::ffff:172.20.0.1
2026-06-14 19:05:28.305 +00:00 [INF] Access token found: API.Models.AccessToken
2026-06-14 19:05:28.311 +00:00 [INF] Executed DbCommand (3ms) [Parameters=[@p1='?' (DbType = Int32), @p0='?' (DbType = Boolean)], CommandType='"Text"', CommandTimeout='30']
UPDATE "AccessTokens" SET "IsRevoked" = @p0
WHERE "ID" = @p1;
2026-06-14 19:05:28.311 +00:00 [INF] Access token AccessToken for user 1 revoked: true
2026-06-14 19:05:28.314 +00:00 [INF] Executed DbCommand (2ms) [Parameters=[@p0='?' (DbType = DateTime), @p1='?', @p2='?' (DbType = DateTime), @p3='?', @p4='?', @p5='?' (DbType = Int32)], CommandType='"Text"', CommandTimeout='30']
INSERT INTO "RefreshTokens" ("CreatedAt", "DeviceFingerprint", "ExpiresAt", "IpAddress", "TokenHash", "UserID")
VALUES (@p0, @p1, @p2, @p3, @p4, @p5)
RETURNING "ID", "IsRevoked";
2026-06-14 19:05:28.318 +00:00 [INF] Executed DbCommand (1ms) [Parameters=[@__tokenHash_0='?', @__userId_1='?' (DbType = Int32), @__deviceFingerprint_2='?', @__ipAddress_3='?'], CommandType='"Text"', CommandTimeout='30']
SELECT r."ID", r."CreatedAt", r."DeviceFingerprint", r."ExpiresAt", r."IpAddress", r."IsRevoked", r."TokenHash", r."UserID"
FROM "RefreshTokens" AS r
WHERE r."TokenHash" = @__tokenHash_0 AND r."UserID" = @__userId_1 AND r."DeviceFingerprint" = @__deviceFingerprint_2 AND r."IpAddress" = @__ipAddress_3
LIMIT 1
2026-06-14 19:05:28.321 +00:00 [INF] Executed DbCommand (2ms) [Parameters=[@p1='?' (DbType = Int32), @p0='?' (DbType = Boolean)], CommandType='"Text"', CommandTimeout='30']
UPDATE "RefreshTokens" SET "IsRevoked" = @p0
WHERE "ID" = @p1;
2026-06-14 19:05:28.322 +00:00 [INF] Refresh token ZKmpIWzWRoxbZGFhIbVOKTyHw4Akh5OIp4BfPQS4HLM= for user 1 revoked: true
2026-06-14 19:05:28.322 +00:00 [INF] Token refreshed successfully for user 1 at "2026-06-14T19:05:28.3226016Z"
2026-06-14 19:05:28.322 +00:00 [INF] Executing OkObjectResult, writing value of type '<>f__AnonymousType3`2[[System.Boolean, System.Private.CoreLib, Version=9.0.0.0, Culture=neutral, PublicKeyToken=7cec85d7bea7798e],[System.Int32, System.Private.CoreLib, Version=9.0.0.0, Culture=neutral, PublicKeyToken=7cec85d7bea7798e]]'.
2026-06-14 19:05:28.324 +00:00 [INF] Executed action API.Controllers.AuthController.RefreshToken (API) in 51.2866ms
2026-06-14 19:05:28.324 +00:00 [INF] Executed endpoint 'API.Controllers.AuthController.RefreshToken (API)'
2026-06-14 19:05:28.324 +00:00 [INF] Request finished HTTP/1.1 POST http://192.168.1.6:8080/api/auth/refresh - 200 null application/json; charset=utf-8 69.5367ms
2026-06-14 19:06:15.761 +00:00 [INF] Application is shutting down...
2026-06-14 19:06:16.500 +00:00 [WRN] Storing keys in a directory '/home/app/.aspnet/DataProtection-Keys' that may not be persisted outside of the container. Protected data will be unavailable when container is destroyed. For more information go to https://aka.ms/aspnet/dataprotectionwarning
2026-06-14 19:06:16.522 +00:00 [INF] User profile is available. Using '/home/app/.aspnet/DataProtection-Keys' as key repository; keys will not be encrypted at rest.
2026-06-14 19:06:16.531 +00:00 [INF] Creating key {ca3d3fa0-0bbf-4948-9769-ad780541fbd4} with creation date 2026-06-14 19:06:16Z, activation date 2026-06-14 19:06:16Z, and expiration date 2026-09-12 19:06:16Z.
2026-06-14 19:06:16.591 +00:00 [WRN] No XML encryptor configured. Key {ca3d3fa0-0bbf-4948-9769-ad780541fbd4} may be persisted to storage in unencrypted form.
2026-06-14 19:06:16.593 +00:00 [INF] Writing data to file '/home/app/.aspnet/DataProtection-Keys/key-ca3d3fa0-0bbf-4948-9769-ad780541fbd4.xml'.
2026-06-14 19:06:16.639 +00:00 [INF] Now listening on: http://[::]:8080
2026-06-14 19:06:16.641 +00:00 [INF] Application started. Press Ctrl+C to shut down.
2026-06-14 19:06:16.641 +00:00 [INF] Hosting environment: Development
2026-06-14 19:06:16.642 +00:00 [INF] Content root path: /app
2026-06-14 19:06:22.334 +00:00 [INF] Request starting HTTP/1.1 GET http://192.168.1.6:8080/api/token/access-token?page=1&limit=10 - null null
2026-06-14 19:06:22.348 +00:00 [WRN] Failed to determine the https port for redirect.
2026-06-14 19:06:22.350 +00:00 [INF] CORS policy execution successful.
2026-06-14 19:06:22.365 +00:00 [INF] ====== OnMessageReceived START ======
2026-06-14 19:06:22.366 +00:00 [INF] Available cookies: 2
2026-06-14 19:06:22.367 +00:00 [INF] Cookie: adminToken = 844 chars
2026-06-14 19:06:22.367 +00:00 [INF] Cookie: adminRefreshToken = 44 chars
2026-06-14 19:06:22.368 +00:00 [INF] Admin token found in cookies, length: 844
2026-06-14 19:06:22.368 +00:00 [INF] Admin token set in context
2026-06-14 19:06:22.368 +00:00 [INF] ====== OnMessageReceived END - Token set: true ======
2026-06-14 19:06:22.397 +00:00 [INF] Token validated successfully for user: lengyelnorbi
2026-06-14 19:06:22.398 +00:00 [INF] Device fingerprint headers - UA: Mozilla/5.0 (Windows NT 10.0; Win64; x64; rv:151.0) Gecko/20100101 Firefox/151.0, Accept: application/json, text/plain, */*, Encoding: gzip, deflate
2026-06-14 19:06:22.399 +00:00 [INF] Device fingerprint validation: Stored=/a2uf4z8rcBIhIr7KGbd6aahMr80Bhj+9uyLiYNZ66A=, Current=/a2uf4z8rcBIhIr7KGbd6aahMr80Bhj+9uyLiYNZ66A=
2026-06-14 19:06:23.045 +00:00 [INF] Executed DbCommand (27ms) [Parameters=[@__jti_0='?', @__userId_1='?' (DbType = Int32)], CommandType='"Text"', CommandTimeout='30']
SELECT a."ID", a."CreatedAt", a."DeviceFingerprint", a."ExpiresAt", a."IpAddress", a."IsRevoked", a."UserID", a.jti
FROM "AccessTokens" AS a
WHERE a.jti = @__jti_0 AND a."UserID" = @__userId_1 AND NOT (a."IsRevoked") AND a."ExpiresAt" > now()
LIMIT 1
2026-06-14 19:06:23.093 +00:00 [INF] Executing endpoint 'API.Controllers.TokenController.GetAccessTokens (API)'
2026-06-14 19:06:23.103 +00:00 [INF] Route matched with {action = "GetAccessTokens", controller = "Token"}. Executing controller action with signature System.Threading.Tasks.Task`1[API.Utils.PagedResult`1[API.DTO.AccessTokenUserDTO]] GetAccessTokens(Int32, Int32) on controller API.Controllers.TokenController (API).
2026-06-14 19:06:23.111 +00:00 [INF] Received request to fetch access tokens with pagination: page=1, limit=10
2026-06-14 19:06:23.130 +00:00 [INF] Executed DbCommand (2ms) [Parameters=[], CommandType='"Text"', CommandTimeout='30']
SELECT count(*)::int
FROM "AccessTokens" AS a
WHERE a."IsRevoked"
2026-06-14 19:06:23.138 +00:00 [WRN] The query uses a row limiting operator ('Skip'/'Take') without an 'OrderBy' operator. This may lead to unpredictable results. If the 'Distinct' operator is used after 'OrderBy', then make sure to use the 'OrderBy' operator after 'Distinct' as the ordering would otherwise get erased.
2026-06-14 19:06:23.138 +00:00 [WRN] The query uses a row limiting operator ('Skip'/'Take') without an 'OrderBy' operator. This may lead to unpredictable results. If the 'Distinct' operator is used after 'OrderBy', then make sure to use the 'OrderBy' operator after 'Distinct' as the ordering would otherwise get erased.
2026-06-14 19:06:23.161 +00:00 [INF] Executed DbCommand (2ms) [Parameters=[@__p_1='?' (DbType = Int32), @__p_0='?' (DbType = Int32)], CommandType='"Text"', CommandTimeout='30']
SELECT a0."ID", a0.jti, a0."DeviceFingerprint", a0."IpAddress", a0."CreatedAt", a0."IsRevoked", a0."ExpiresAt", u."ID" AS "UserID", u."Username", u."Email", u."Role"
FROM (
    SELECT a."ID", a."CreatedAt", a."DeviceFingerprint", a."ExpiresAt", a."IpAddress", a."IsRevoked", a."UserID", a.jti
    FROM "AccessTokens" AS a
    WHERE a."IsRevoked"
    LIMIT @__p_1 OFFSET @__p_0
) AS a0
INNER JOIN "Users" AS u ON a0."UserID" = u."ID"
2026-06-14 19:06:23.167 +00:00 [INF] Executing ObjectResult, writing value of type 'API.Utils.PagedResult`1[[API.DTO.AccessTokenUserDTO, API, Version=1.0.0.0, Culture=neutral, PublicKeyToken=null]]'.
2026-06-14 19:06:23.194 +00:00 [INF] Executed action API.Controllers.TokenController.GetAccessTokens (API) in 88.9903ms
2026-06-14 19:06:23.197 +00:00 [INF] Executed endpoint 'API.Controllers.TokenController.GetAccessTokens (API)'
2026-06-14 19:06:23.201 +00:00 [INF] Request finished HTTP/1.1 GET http://192.168.1.6:8080/api/token/access-token?page=1&limit=10 - 200 null application/json; charset=utf-8 867.7762ms
2026-06-14 19:06:25.435 +00:00 [INF] Request starting HTTP/1.1 OPTIONS http://192.168.1.6:8080/api/token/revoke-access-token - null null
2026-06-14 19:06:25.437 +00:00 [INF] CORS policy execution successful.
2026-06-14 19:06:25.438 +00:00 [INF] Request finished HTTP/1.1 OPTIONS http://192.168.1.6:8080/api/token/revoke-access-token - 204 null null 2.7676ms
2026-06-14 19:06:25.440 +00:00 [INF] Request starting HTTP/1.1 PUT http://192.168.1.6:8080/api/token/revoke-access-token - application/json 33
2026-06-14 19:06:25.441 +00:00 [INF] CORS policy execution successful.
2026-06-14 19:06:25.442 +00:00 [INF] ====== OnMessageReceived START ======
2026-06-14 19:06:25.442 +00:00 [INF] Available cookies: 2
2026-06-14 19:06:25.442 +00:00 [INF] Cookie: adminToken = 844 chars
2026-06-14 19:06:25.442 +00:00 [INF] Cookie: adminRefreshToken = 44 chars
2026-06-14 19:06:25.442 +00:00 [INF] Admin token found in cookies, length: 844
2026-06-14 19:06:25.442 +00:00 [INF] Admin token set in context
2026-06-14 19:06:25.443 +00:00 [INF] ====== OnMessageReceived END - Token set: true ======
2026-06-14 19:06:25.443 +00:00 [INF] Token validated successfully for user: lengyelnorbi
2026-06-14 19:06:25.443 +00:00 [INF] Device fingerprint headers - UA: Mozilla/5.0 (Windows NT 10.0; Win64; x64; rv:151.0) Gecko/20100101 Firefox/151.0, Accept: */*, Encoding: gzip, deflate
2026-06-14 19:06:25.444 +00:00 [INF] Device fingerprint validation: Stored=/a2uf4z8rcBIhIr7KGbd6aahMr80Bhj+9uyLiYNZ66A=, Current=/a2uf4z8rcBIhIr7KGbd6aahMr80Bhj+9uyLiYNZ66A=
2026-06-14 19:06:25.467 +00:00 [INF] Executed DbCommand (2ms) [Parameters=[@__jti_0='?', @__userId_1='?' (DbType = Int32)], CommandType='"Text"', CommandTimeout='30']
SELECT a."ID", a."CreatedAt", a."DeviceFingerprint", a."ExpiresAt", a."IpAddress", a."IsRevoked", a."UserID", a.jti
FROM "AccessTokens" AS a
WHERE a.jti = @__jti_0 AND a."UserID" = @__userId_1 AND NOT (a."IsRevoked") AND a."ExpiresAt" > now()
LIMIT 1
2026-06-14 19:06:25.471 +00:00 [INF] Executing endpoint 'API.Controllers.TokenController.RevokeAccessToken (API)'
2026-06-14 19:06:25.473 +00:00 [INF] Route matched with {action = "RevokeAccessToken", controller = "Token"}. Executing controller action with signature System.Threading.Tasks.Task`1[Microsoft.AspNetCore.Mvc.IActionResult] RevokeAccessToken(API.Models.RequestModels.RevokeTokenRequest) on controller API.Controllers.TokenController (API).
2026-06-14 19:06:25.490 +00:00 [INF] Received request to revoke access token: tokenId=2061
2026-06-14 19:06:25.500 +00:00 [INF] Executed DbCommand (1ms) [Parameters=[@__p_0='?' (DbType = Int32)], CommandType='"Text"', CommandTimeout='30']
SELECT a."ID", a."CreatedAt", a."DeviceFingerprint", a."ExpiresAt", a."IpAddress", a."IsRevoked", a."UserID", a.jti
FROM "AccessTokens" AS a
WHERE a."ID" = @__p_0
LIMIT 1
2026-06-14 19:06:25.514 +00:00 [INF] Access token with ID 2061 has been revoked.
2026-06-14 19:06:25.516 +00:00 [INF] Executing StatusCodeResult, setting HTTP status code 200
2026-06-14 19:06:25.516 +00:00 [INF] Executed action API.Controllers.TokenController.RevokeAccessToken (API) in 42.773ms
2026-06-14 19:06:25.516 +00:00 [INF] Executed endpoint 'API.Controllers.TokenController.RevokeAccessToken (API)'
2026-06-14 19:06:25.517 +00:00 [INF] Request finished HTTP/1.1 PUT http://192.168.1.6:8080/api/token/revoke-access-token - 200 0 null 76.3096ms
2026-06-14 19:06:28.825 +00:00 [INF] Request starting HTTP/1.1 GET http://192.168.1.6:8080/api/token/access-token?page=2&limit=10 - null null
2026-06-14 19:06:28.825 +00:00 [INF] CORS policy execution successful.
2026-06-14 19:06:28.827 +00:00 [INF] ====== OnMessageReceived START ======
2026-06-14 19:06:28.827 +00:00 [INF] Available cookies: 2
2026-06-14 19:06:28.827 +00:00 [INF] Cookie: adminToken = 844 chars
2026-06-14 19:06:28.827 +00:00 [INF] Cookie: adminRefreshToken = 44 chars
2026-06-14 19:06:28.828 +00:00 [INF] Admin token found in cookies, length: 844
2026-06-14 19:06:28.828 +00:00 [INF] Admin token set in context
2026-06-14 19:06:28.828 +00:00 [INF] ====== OnMessageReceived END - Token set: true ======
2026-06-14 19:06:28.829 +00:00 [INF] Token validated successfully for user: lengyelnorbi
2026-06-14 19:06:28.829 +00:00 [INF] Device fingerprint headers - UA: Mozilla/5.0 (Windows NT 10.0; Win64; x64; rv:151.0) Gecko/20100101 Firefox/151.0, Accept: application/json, text/plain, */*, Encoding: gzip, deflate
2026-06-14 19:06:28.829 +00:00 [INF] Device fingerprint validation: Stored=/a2uf4z8rcBIhIr7KGbd6aahMr80Bhj+9uyLiYNZ66A=, Current=/a2uf4z8rcBIhIr7KGbd6aahMr80Bhj+9uyLiYNZ66A=
2026-06-14 19:06:28.862 +00:00 [INF] Executed DbCommand (2ms) [Parameters=[@__jti_0='?', @__userId_1='?' (DbType = Int32)], CommandType='"Text"', CommandTimeout='30']
SELECT a."ID", a."CreatedAt", a."DeviceFingerprint", a."ExpiresAt", a."IpAddress", a."IsRevoked", a."UserID", a.jti
FROM "AccessTokens" AS a
WHERE a.jti = @__jti_0 AND a."UserID" = @__userId_1 AND NOT (a."IsRevoked") AND a."ExpiresAt" > now()
LIMIT 1
2026-06-14 19:06:28.863 +00:00 [INF] Executing endpoint 'API.Controllers.TokenController.GetAccessTokens (API)'
2026-06-14 19:06:28.863 +00:00 [INF] Route matched with {action = "GetAccessTokens", controller = "Token"}. Executing controller action with signature System.Threading.Tasks.Task`1[API.Utils.PagedResult`1[API.DTO.AccessTokenUserDTO]] GetAccessTokens(Int32, Int32) on controller API.Controllers.TokenController (API).
2026-06-14 19:06:28.864 +00:00 [INF] Received request to fetch access tokens with pagination: page=2, limit=10
2026-06-14 19:06:28.867 +00:00 [INF] Executed DbCommand (1ms) [Parameters=[], CommandType='"Text"', CommandTimeout='30']
SELECT count(*)::int
FROM "AccessTokens" AS a
WHERE a."IsRevoked"
2026-06-14 19:06:28.868 +00:00 [WRN] The query uses a row limiting operator ('Skip'/'Take') without an 'OrderBy' operator. This may lead to unpredictable results. If the 'Distinct' operator is used after 'OrderBy', then make sure to use the 'OrderBy' operator after 'Distinct' as the ordering would otherwise get erased.
2026-06-14 19:06:28.868 +00:00 [WRN] The query uses a row limiting operator ('Skip'/'Take') without an 'OrderBy' operator. This may lead to unpredictable results. If the 'Distinct' operator is used after 'OrderBy', then make sure to use the 'OrderBy' operator after 'Distinct' as the ordering would otherwise get erased.
2026-06-14 19:06:28.873 +00:00 [INF] Executed DbCommand (1ms) [Parameters=[@__p_0='?' (DbType = Int32)], CommandType='"Text"', CommandTimeout='30']
SELECT a0."ID", a0.jti, a0."DeviceFingerprint", a0."IpAddress", a0."CreatedAt", a0."IsRevoked", a0."ExpiresAt", u."ID" AS "UserID", u."Username", u."Email", u."Role"
FROM (
    SELECT a."ID", a."CreatedAt", a."DeviceFingerprint", a."ExpiresAt", a."IpAddress", a."IsRevoked", a."UserID", a.jti
    FROM "AccessTokens" AS a
    WHERE a."IsRevoked"
    LIMIT @__p_0 OFFSET @__p_0
) AS a0
INNER JOIN "Users" AS u ON a0."UserID" = u."ID"
2026-06-14 19:06:28.874 +00:00 [INF] Executing ObjectResult, writing value of type 'API.Utils.PagedResult`1[[API.DTO.AccessTokenUserDTO, API, Version=1.0.0.0, Culture=neutral, PublicKeyToken=null]]'.
2026-06-14 19:06:28.874 +00:00 [INF] Executed action API.Controllers.TokenController.GetAccessTokens (API) in 10.6892ms
2026-06-14 19:06:28.874 +00:00 [INF] Executed endpoint 'API.Controllers.TokenController.GetAccessTokens (API)'
2026-06-14 19:06:28.875 +00:00 [INF] Request finished HTTP/1.1 GET http://192.168.1.6:8080/api/token/access-token?page=2&limit=10 - 200 null application/json; charset=utf-8 49.8262ms
2026-06-14 19:06:29.474 +00:00 [INF] Request starting HTTP/1.1 GET http://192.168.1.6:8080/api/token/access-token?page=1&limit=10 - null null
2026-06-14 19:06:29.475 +00:00 [INF] CORS policy execution successful.
2026-06-14 19:06:29.475 +00:00 [INF] ====== OnMessageReceived START ======
2026-06-14 19:06:29.475 +00:00 [INF] Available cookies: 2
2026-06-14 19:06:29.475 +00:00 [INF] Cookie: adminToken = 844 chars
2026-06-14 19:06:29.475 +00:00 [INF] Cookie: adminRefreshToken = 44 chars
2026-06-14 19:06:29.475 +00:00 [INF] Admin token found in cookies, length: 844
2026-06-14 19:06:29.476 +00:00 [INF] Admin token set in context
2026-06-14 19:06:29.476 +00:00 [INF] ====== OnMessageReceived END - Token set: true ======
2026-06-14 19:06:29.476 +00:00 [INF] Token validated successfully for user: lengyelnorbi
2026-06-14 19:06:29.476 +00:00 [INF] Device fingerprint headers - UA: Mozilla/5.0 (Windows NT 10.0; Win64; x64; rv:151.0) Gecko/20100101 Firefox/151.0, Accept: application/json, text/plain, */*, Encoding: gzip, deflate
2026-06-14 19:06:29.477 +00:00 [INF] Device fingerprint validation: Stored=/a2uf4z8rcBIhIr7KGbd6aahMr80Bhj+9uyLiYNZ66A=, Current=/a2uf4z8rcBIhIr7KGbd6aahMr80Bhj+9uyLiYNZ66A=
2026-06-14 19:06:29.479 +00:00 [INF] Executed DbCommand (1ms) [Parameters=[@__jti_0='?', @__userId_1='?' (DbType = Int32)], CommandType='"Text"', CommandTimeout='30']
SELECT a."ID", a."CreatedAt", a."DeviceFingerprint", a."ExpiresAt", a."IpAddress", a."IsRevoked", a."UserID", a.jti
FROM "AccessTokens" AS a
WHERE a.jti = @__jti_0 AND a."UserID" = @__userId_1 AND NOT (a."IsRevoked") AND a."ExpiresAt" > now()
LIMIT 1
2026-06-14 19:06:29.479 +00:00 [INF] Executing endpoint 'API.Controllers.TokenController.GetAccessTokens (API)'
2026-06-14 19:06:29.480 +00:00 [INF] Route matched with {action = "GetAccessTokens", controller = "Token"}. Executing controller action with signature System.Threading.Tasks.Task`1[API.Utils.PagedResult`1[API.DTO.AccessTokenUserDTO]] GetAccessTokens(Int32, Int32) on controller API.Controllers.TokenController (API).
2026-06-14 19:06:29.480 +00:00 [INF] Received request to fetch access tokens with pagination: page=1, limit=10
2026-06-14 19:06:29.481 +00:00 [INF] Executed DbCommand (1ms) [Parameters=[], CommandType='"Text"', CommandTimeout='30']
SELECT count(*)::int
FROM "AccessTokens" AS a
WHERE a."IsRevoked"
2026-06-14 19:06:29.483 +00:00 [INF] Executed DbCommand (1ms) [Parameters=[@__p_1='?' (DbType = Int32), @__p_0='?' (DbType = Int32)], CommandType='"Text"', CommandTimeout='30']
SELECT a0."ID", a0.jti, a0."DeviceFingerprint", a0."IpAddress", a0."CreatedAt", a0."IsRevoked", a0."ExpiresAt", u."ID" AS "UserID", u."Username", u."Email", u."Role"
FROM (
    SELECT a."ID", a."CreatedAt", a."DeviceFingerprint", a."ExpiresAt", a."IpAddress", a."IsRevoked", a."UserID", a.jti
    FROM "AccessTokens" AS a
    WHERE a."IsRevoked"
    LIMIT @__p_1 OFFSET @__p_0
) AS a0
INNER JOIN "Users" AS u ON a0."UserID" = u."ID"
2026-06-14 19:06:29.484 +00:00 [INF] Executing ObjectResult, writing value of type 'API.Utils.PagedResult`1[[API.DTO.AccessTokenUserDTO, API, Version=1.0.0.0, Culture=neutral, PublicKeyToken=null]]'.
2026-06-14 19:06:29.484 +00:00 [INF] Executed action API.Controllers.TokenController.GetAccessTokens (API) in 4.1617ms
2026-06-14 19:06:29.484 +00:00 [INF] Executed endpoint 'API.Controllers.TokenController.GetAccessTokens (API)'
2026-06-14 19:06:29.484 +00:00 [INF] Request finished HTTP/1.1 GET http://192.168.1.6:8080/api/token/access-token?page=1&limit=10 - 200 null application/json; charset=utf-8 10.2577ms
2026-06-14 19:06:30.527 +00:00 [INF] Request starting HTTP/1.1 GET http://192.168.1.6:8080/api/user?page=1&limit=10 - null null
2026-06-14 19:06:30.527 +00:00 [INF] CORS policy execution successful.
2026-06-14 19:06:30.527 +00:00 [INF] ====== OnMessageReceived START ======
2026-06-14 19:06:30.527 +00:00 [INF] Available cookies: 2
2026-06-14 19:06:30.528 +00:00 [INF] Cookie: adminToken = 844 chars
2026-06-14 19:06:30.528 +00:00 [INF] Cookie: adminRefreshToken = 44 chars
2026-06-14 19:06:30.528 +00:00 [INF] Admin token found in cookies, length: 844
2026-06-14 19:06:30.528 +00:00 [INF] Admin token set in context
2026-06-14 19:06:30.528 +00:00 [INF] ====== OnMessageReceived END - Token set: true ======
2026-06-14 19:06:30.529 +00:00 [INF] Token validated successfully for user: lengyelnorbi
2026-06-14 19:06:30.529 +00:00 [INF] Device fingerprint headers - UA: Mozilla/5.0 (Windows NT 10.0; Win64; x64; rv:151.0) Gecko/20100101 Firefox/151.0, Accept: application/json, text/plain, */*, Encoding: gzip, deflate
2026-06-14 19:06:30.529 +00:00 [INF] Request starting HTTP/1.1 GET http://192.168.1.6:8080/api/user?page=1&limit=10 - null null
2026-06-14 19:06:30.529 +00:00 [INF] Device fingerprint validation: Stored=/a2uf4z8rcBIhIr7KGbd6aahMr80Bhj+9uyLiYNZ66A=, Current=/a2uf4z8rcBIhIr7KGbd6aahMr80Bhj+9uyLiYNZ66A=
2026-06-14 19:06:30.530 +00:00 [INF] CORS policy execution successful.
2026-06-14 19:06:30.530 +00:00 [INF] ====== OnMessageReceived START ======
2026-06-14 19:06:30.530 +00:00 [INF] Available cookies: 2
2026-06-14 19:06:30.530 +00:00 [INF] Cookie: adminToken = 844 chars
2026-06-14 19:06:30.530 +00:00 [INF] Cookie: adminRefreshToken = 44 chars
2026-06-14 19:06:30.530 +00:00 [INF] Admin token found in cookies, length: 844
2026-06-14 19:06:30.531 +00:00 [INF] Admin token set in context
2026-06-14 19:06:30.531 +00:00 [INF] ====== OnMessageReceived END - Token set: true ======
2026-06-14 19:06:30.531 +00:00 [INF] Token validated successfully for user: lengyelnorbi
2026-06-14 19:06:30.531 +00:00 [INF] Device fingerprint headers - UA: Mozilla/5.0 (Windows NT 10.0; Win64; x64; rv:151.0) Gecko/20100101 Firefox/151.0, Accept: application/json, text/plain, */*, Encoding: gzip, deflate
2026-06-14 19:06:30.531 +00:00 [INF] Device fingerprint validation: Stored=/a2uf4z8rcBIhIr7KGbd6aahMr80Bhj+9uyLiYNZ66A=, Current=/a2uf4z8rcBIhIr7KGbd6aahMr80Bhj+9uyLiYNZ66A=
2026-06-14 19:06:30.532 +00:00 [INF] Executed DbCommand (1ms) [Parameters=[@__jti_0='?', @__userId_1='?' (DbType = Int32)], CommandType='"Text"', CommandTimeout='30']
SELECT a."ID", a."CreatedAt", a."DeviceFingerprint", a."ExpiresAt", a."IpAddress", a."IsRevoked", a."UserID", a.jti
FROM "AccessTokens" AS a
WHERE a.jti = @__jti_0 AND a."UserID" = @__userId_1 AND NOT (a."IsRevoked") AND a."ExpiresAt" > now()
LIMIT 1
2026-06-14 19:06:30.533 +00:00 [INF] Executing endpoint 'API.Controllers.UserController.Get (API)'
2026-06-14 19:06:30.536 +00:00 [INF] Route matched with {action = "Get", controller = "User"}. Executing controller action with signature System.Threading.Tasks.Task`1[API.Utils.PagedResult`1[API.DTO.UserDTO]] Get(Int32, Int32) on controller API.Controllers.UserController (API).
2026-06-14 19:06:30.542 +00:00 [INF] Executed DbCommand (1ms) [Parameters=[], CommandType='"Text"', CommandTimeout='30']
SELECT count(*)::int
FROM "Users" AS u
2026-06-14 19:06:30.544 +00:00 [INF] Executed DbCommand (2ms) [Parameters=[@__jti_0='?', @__userId_1='?' (DbType = Int32)], CommandType='"Text"', CommandTimeout='30']
SELECT a."ID", a."CreatedAt", a."DeviceFingerprint", a."ExpiresAt", a."IpAddress", a."IsRevoked", a."UserID", a.jti
FROM "AccessTokens" AS a
WHERE a.jti = @__jti_0 AND a."UserID" = @__userId_1 AND NOT (a."IsRevoked") AND a."ExpiresAt" > now()
LIMIT 1
2026-06-14 19:06:30.544 +00:00 [INF] Executing endpoint 'API.Controllers.UserController.Get (API)'
2026-06-14 19:06:30.545 +00:00 [INF] Route matched with {action = "Get", controller = "User"}. Executing controller action with signature System.Threading.Tasks.Task`1[API.Utils.PagedResult`1[API.DTO.UserDTO]] Get(Int32, Int32) on controller API.Controllers.UserController (API).
2026-06-14 19:06:30.547 +00:00 [INF] Executed DbCommand (1ms) [Parameters=[], CommandType='"Text"', CommandTimeout='30']
SELECT count(*)::int
FROM "Users" AS u
2026-06-14 19:06:30.547 +00:00 [INF] Executed DbCommand (1ms) [Parameters=[@__p_1='?' (DbType = Int32), @__p_0='?' (DbType = Int32)], CommandType='"Text"', CommandTimeout='30']
SELECT u."ID", u."Username", u."Email", u."RegisteredAt", u."Role"
FROM "Users" AS u
ORDER BY u."ID"
LIMIT @__p_1 OFFSET @__p_0
2026-06-14 19:06:30.548 +00:00 [INF] Executed DbCommand (1ms) [Parameters=[@__p_1='?' (DbType = Int32), @__p_0='?' (DbType = Int32)], CommandType='"Text"', CommandTimeout='30']
SELECT u."ID", u."Username", u."Email", u."RegisteredAt", u."Role"
FROM "Users" AS u
ORDER BY u."ID"
LIMIT @__p_1 OFFSET @__p_0
2026-06-14 19:06:30.549 +00:00 [INF] Executing ObjectResult, writing value of type 'API.Utils.PagedResult`1[[API.DTO.UserDTO, API, Version=1.0.0.0, Culture=neutral, PublicKeyToken=null]]'.
2026-06-14 19:06:30.549 +00:00 [INF] Executing ObjectResult, writing value of type 'API.Utils.PagedResult`1[[API.DTO.UserDTO, API, Version=1.0.0.0, Culture=neutral, PublicKeyToken=null]]'.
2026-06-14 19:06:30.554 +00:00 [INF] Executed action API.Controllers.UserController.Get (API) in 9.5672ms
2026-06-14 19:06:30.554 +00:00 [INF] Executed action API.Controllers.UserController.Get (API) in 18.4486ms
2026-06-14 19:06:30.555 +00:00 [INF] Executed endpoint 'API.Controllers.UserController.Get (API)'
2026-06-14 19:06:30.555 +00:00 [INF] Executed endpoint 'API.Controllers.UserController.Get (API)'
2026-06-14 19:06:30.555 +00:00 [INF] Request finished HTTP/1.1 GET http://192.168.1.6:8080/api/user?page=1&limit=10 - 200 null application/json; charset=utf-8 25.9938ms
2026-06-14 19:06:30.555 +00:00 [INF] Request finished HTTP/1.1 GET http://192.168.1.6:8080/api/user?page=1&limit=10 - 200 null application/json; charset=utf-8 28.6956ms
2026-06-14 19:06:30.856 +00:00 [INF] Request starting HTTP/1.1 GET http://192.168.1.6:8080/api/token/access-token?page=1&limit=10 - null null
2026-06-14 19:06:30.856 +00:00 [INF] CORS policy execution successful.
2026-06-14 19:06:30.857 +00:00 [INF] ====== OnMessageReceived START ======
2026-06-14 19:06:30.857 +00:00 [INF] Available cookies: 2
2026-06-14 19:06:30.857 +00:00 [INF] Cookie: adminToken = 844 chars
2026-06-14 19:06:30.857 +00:00 [INF] Cookie: adminRefreshToken = 44 chars
2026-06-14 19:06:30.857 +00:00 [INF] Admin token found in cookies, length: 844
2026-06-14 19:06:30.857 +00:00 [INF] Admin token set in context
2026-06-14 19:06:30.858 +00:00 [INF] ====== OnMessageReceived END - Token set: true ======
2026-06-14 19:06:30.858 +00:00 [INF] Token validated successfully for user: lengyelnorbi
2026-06-14 19:06:30.858 +00:00 [INF] Device fingerprint headers - UA: Mozilla/5.0 (Windows NT 10.0; Win64; x64; rv:151.0) Gecko/20100101 Firefox/151.0, Accept: application/json, text/plain, */*, Encoding: gzip, deflate
2026-06-14 19:06:30.858 +00:00 [INF] Device fingerprint validation: Stored=/a2uf4z8rcBIhIr7KGbd6aahMr80Bhj+9uyLiYNZ66A=, Current=/a2uf4z8rcBIhIr7KGbd6aahMr80Bhj+9uyLiYNZ66A=
2026-06-14 19:06:30.861 +00:00 [INF] Executed DbCommand (1ms) [Parameters=[@__jti_0='?', @__userId_1='?' (DbType = Int32)], CommandType='"Text"', CommandTimeout='30']
SELECT a."ID", a."CreatedAt", a."DeviceFingerprint", a."ExpiresAt", a."IpAddress", a."IsRevoked", a."UserID", a.jti
FROM "AccessTokens" AS a
WHERE a.jti = @__jti_0 AND a."UserID" = @__userId_1 AND NOT (a."IsRevoked") AND a."ExpiresAt" > now()
LIMIT 1
2026-06-14 19:06:30.861 +00:00 [INF] Executing endpoint 'API.Controllers.TokenController.GetAccessTokens (API)'
2026-06-14 19:06:30.862 +00:00 [INF] Route matched with {action = "GetAccessTokens", controller = "Token"}. Executing controller action with signature System.Threading.Tasks.Task`1[API.Utils.PagedResult`1[API.DTO.AccessTokenUserDTO]] GetAccessTokens(Int32, Int32) on controller API.Controllers.TokenController (API).
2026-06-14 19:06:30.862 +00:00 [INF] Received request to fetch access tokens with pagination: page=1, limit=10
2026-06-14 19:06:30.863 +00:00 [INF] Executed DbCommand (1ms) [Parameters=[], CommandType='"Text"', CommandTimeout='30']
SELECT count(*)::int
FROM "AccessTokens" AS a
WHERE a."IsRevoked"
2026-06-14 19:06:30.865 +00:00 [INF] Executed DbCommand (1ms) [Parameters=[@__p_1='?' (DbType = Int32), @__p_0='?' (DbType = Int32)], CommandType='"Text"', CommandTimeout='30']
SELECT a0."ID", a0.jti, a0."DeviceFingerprint", a0."IpAddress", a0."CreatedAt", a0."IsRevoked", a0."ExpiresAt", u."ID" AS "UserID", u."Username", u."Email", u."Role"
FROM (
    SELECT a."ID", a."CreatedAt", a."DeviceFingerprint", a."ExpiresAt", a."IpAddress", a."IsRevoked", a."UserID", a.jti
    FROM "AccessTokens" AS a
    WHERE a."IsRevoked"
    LIMIT @__p_1 OFFSET @__p_0
) AS a0
INNER JOIN "Users" AS u ON a0."UserID" = u."ID"
2026-06-14 19:06:30.865 +00:00 [INF] Executing ObjectResult, writing value of type 'API.Utils.PagedResult`1[[API.DTO.AccessTokenUserDTO, API, Version=1.0.0.0, Culture=neutral, PublicKeyToken=null]]'.
2026-06-14 19:06:30.865 +00:00 [INF] Executed action API.Controllers.TokenController.GetAccessTokens (API) in 3.707ms
2026-06-14 19:06:30.866 +00:00 [INF] Executed endpoint 'API.Controllers.TokenController.GetAccessTokens (API)'
2026-06-14 19:06:30.866 +00:00 [INF] Request finished HTTP/1.1 GET http://192.168.1.6:8080/api/token/access-token?page=1&limit=10 - 200 null application/json; charset=utf-8 9.9597ms
2026-06-14 19:06:35.051 +00:00 [INF] Request starting HTTP/1.1 OPTIONS http://192.168.1.6:8080/api/token/revoke-access-token - null null
2026-06-14 19:06:35.052 +00:00 [INF] CORS policy execution successful.
2026-06-14 19:06:35.052 +00:00 [INF] Request finished HTTP/1.1 OPTIONS http://192.168.1.6:8080/api/token/revoke-access-token - 204 null null 0.648ms
2026-06-14 19:06:35.053 +00:00 [INF] Request starting HTTP/1.1 PUT http://192.168.1.6:8080/api/token/revoke-access-token - application/json 33
2026-06-14 19:06:35.054 +00:00 [INF] CORS policy execution successful.
2026-06-14 19:06:35.054 +00:00 [INF] ====== OnMessageReceived START ======
2026-06-14 19:06:35.054 +00:00 [INF] Available cookies: 2
2026-06-14 19:06:35.054 +00:00 [INF] Cookie: adminToken = 844 chars
2026-06-14 19:06:35.054 +00:00 [INF] Cookie: adminRefreshToken = 44 chars
2026-06-14 19:06:35.054 +00:00 [INF] Admin token found in cookies, length: 844
2026-06-14 19:06:35.054 +00:00 [INF] Admin token set in context
2026-06-14 19:06:35.055 +00:00 [INF] ====== OnMessageReceived END - Token set: true ======
2026-06-14 19:06:35.055 +00:00 [INF] Token validated successfully for user: lengyelnorbi
2026-06-14 19:06:35.055 +00:00 [INF] Device fingerprint headers - UA: Mozilla/5.0 (Windows NT 10.0; Win64; x64; rv:151.0) Gecko/20100101 Firefox/151.0, Accept: */*, Encoding: gzip, deflate
2026-06-14 19:06:35.055 +00:00 [INF] Device fingerprint validation: Stored=/a2uf4z8rcBIhIr7KGbd6aahMr80Bhj+9uyLiYNZ66A=, Current=/a2uf4z8rcBIhIr7KGbd6aahMr80Bhj+9uyLiYNZ66A=
2026-06-14 19:06:35.057 +00:00 [INF] Executed DbCommand (1ms) [Parameters=[@__jti_0='?', @__userId_1='?' (DbType = Int32)], CommandType='"Text"', CommandTimeout='30']
SELECT a."ID", a."CreatedAt", a."DeviceFingerprint", a."ExpiresAt", a."IpAddress", a."IsRevoked", a."UserID", a.jti
FROM "AccessTokens" AS a
WHERE a.jti = @__jti_0 AND a."UserID" = @__userId_1 AND NOT (a."IsRevoked") AND a."ExpiresAt" > now()
LIMIT 1
2026-06-14 19:06:35.058 +00:00 [INF] Executing endpoint 'API.Controllers.TokenController.RevokeAccessToken (API)'
2026-06-14 19:06:35.059 +00:00 [INF] Route matched with {action = "RevokeAccessToken", controller = "Token"}. Executing controller action with signature System.Threading.Tasks.Task`1[Microsoft.AspNetCore.Mvc.IActionResult] RevokeAccessToken(API.Models.RequestModels.RevokeTokenRequest) on controller API.Controllers.TokenController (API).
2026-06-14 19:06:35.059 +00:00 [INF] Received request to revoke access token: tokenId=2061
2026-06-14 19:06:35.061 +00:00 [INF] Executed DbCommand (1ms) [Parameters=[@__p_0='?' (DbType = Int32)], CommandType='"Text"', CommandTimeout='30']
SELECT a."ID", a."CreatedAt", a."DeviceFingerprint", a."ExpiresAt", a."IpAddress", a."IsRevoked", a."UserID", a.jti
FROM "AccessTokens" AS a
WHERE a."ID" = @__p_0
LIMIT 1
2026-06-14 19:06:35.061 +00:00 [INF] Access token with ID 2061 has been revoked.
2026-06-14 19:06:35.061 +00:00 [INF] Executing StatusCodeResult, setting HTTP status code 200
2026-06-14 19:06:35.061 +00:00 [INF] Executed action API.Controllers.TokenController.RevokeAccessToken (API) in 2.6741ms
2026-06-14 19:06:35.062 +00:00 [INF] Executed endpoint 'API.Controllers.TokenController.RevokeAccessToken (API)'
2026-06-14 19:06:35.062 +00:00 [INF] Request finished HTTP/1.1 PUT http://192.168.1.6:8080/api/token/revoke-access-token - 200 0 null 8.4022ms
2026-06-14 19:06:40.741 +00:00 [INF] Request starting HTTP/1.1 GET http://192.168.1.6:8080/api/user?page=1&limit=10 - null null
2026-06-14 19:06:40.741 +00:00 [INF] Request starting HTTP/1.1 GET http://192.168.1.6:8080/api/user?page=1&limit=10 - null null
2026-06-14 19:06:40.742 +00:00 [INF] CORS policy execution successful.
2026-06-14 19:06:40.742 +00:00 [INF] CORS policy execution successful.
2026-06-14 19:06:40.742 +00:00 [INF] ====== OnMessageReceived START ======
2026-06-14 19:06:40.742 +00:00 [INF] ====== OnMessageReceived START ======
2026-06-14 19:06:40.743 +00:00 [INF] Available cookies: 2
2026-06-14 19:06:40.743 +00:00 [INF] Available cookies: 2
2026-06-14 19:06:40.743 +00:00 [INF] Cookie: adminToken = 844 chars
2026-06-14 19:06:40.743 +00:00 [INF] Cookie: adminToken = 844 chars
2026-06-14 19:06:40.743 +00:00 [INF] Cookie: adminRefreshToken = 44 chars
2026-06-14 19:06:40.743 +00:00 [INF] Cookie: adminRefreshToken = 44 chars
2026-06-14 19:06:40.743 +00:00 [INF] Admin token found in cookies, length: 844
2026-06-14 19:06:40.744 +00:00 [INF] Admin token found in cookies, length: 844
2026-06-14 19:06:40.744 +00:00 [INF] Admin token set in context
2026-06-14 19:06:40.744 +00:00 [INF] Admin token set in context
2026-06-14 19:06:40.744 +00:00 [INF] ====== OnMessageReceived END - Token set: true ======
2026-06-14 19:06:40.744 +00:00 [INF] ====== OnMessageReceived END - Token set: true ======
2026-06-14 19:06:40.745 +00:00 [INF] Token validated successfully for user: lengyelnorbi
2026-06-14 19:06:40.745 +00:00 [INF] Token validated successfully for user: lengyelnorbi
2026-06-14 19:06:40.745 +00:00 [INF] Device fingerprint headers - UA: Mozilla/5.0 (Windows NT 10.0; Win64; x64; rv:151.0) Gecko/20100101 Firefox/151.0, Accept: application/json, text/plain, */*, Encoding: gzip, deflate
2026-06-14 19:06:40.745 +00:00 [INF] Device fingerprint headers - UA: Mozilla/5.0 (Windows NT 10.0; Win64; x64; rv:151.0) Gecko/20100101 Firefox/151.0, Accept: application/json, text/plain, */*, Encoding: gzip, deflate
2026-06-14 19:06:40.745 +00:00 [INF] Device fingerprint validation: Stored=/a2uf4z8rcBIhIr7KGbd6aahMr80Bhj+9uyLiYNZ66A=, Current=/a2uf4z8rcBIhIr7KGbd6aahMr80Bhj+9uyLiYNZ66A=
2026-06-14 19:06:40.745 +00:00 [INF] Device fingerprint validation: Stored=/a2uf4z8rcBIhIr7KGbd6aahMr80Bhj+9uyLiYNZ66A=, Current=/a2uf4z8rcBIhIr7KGbd6aahMr80Bhj+9uyLiYNZ66A=
2026-06-14 19:06:40.748 +00:00 [INF] Executed DbCommand (2ms) [Parameters=[@__jti_0='?', @__userId_1='?' (DbType = Int32)], CommandType='"Text"', CommandTimeout='30']
SELECT a."ID", a."CreatedAt", a."DeviceFingerprint", a."ExpiresAt", a."IpAddress", a."IsRevoked", a."UserID", a.jti
FROM "AccessTokens" AS a
WHERE a.jti = @__jti_0 AND a."UserID" = @__userId_1 AND NOT (a."IsRevoked") AND a."ExpiresAt" > now()
LIMIT 1
2026-06-14 19:06:40.748 +00:00 [INF] Executed DbCommand (1ms) [Parameters=[@__jti_0='?', @__userId_1='?' (DbType = Int32)], CommandType='"Text"', CommandTimeout='30']
SELECT a."ID", a."CreatedAt", a."DeviceFingerprint", a."ExpiresAt", a."IpAddress", a."IsRevoked", a."UserID", a.jti
FROM "AccessTokens" AS a
WHERE a.jti = @__jti_0 AND a."UserID" = @__userId_1 AND NOT (a."IsRevoked") AND a."ExpiresAt" > now()
LIMIT 1
2026-06-14 19:06:40.748 +00:00 [INF] Executing endpoint 'API.Controllers.UserController.Get (API)'
2026-06-14 19:06:40.748 +00:00 [INF] Executing endpoint 'API.Controllers.UserController.Get (API)'
2026-06-14 19:06:40.748 +00:00 [INF] Route matched with {action = "Get", controller = "User"}. Executing controller action with signature System.Threading.Tasks.Task`1[API.Utils.PagedResult`1[API.DTO.UserDTO]] Get(Int32, Int32) on controller API.Controllers.UserController (API).
2026-06-14 19:06:40.748 +00:00 [INF] Route matched with {action = "Get", controller = "User"}. Executing controller action with signature System.Threading.Tasks.Task`1[API.Utils.PagedResult`1[API.DTO.UserDTO]] Get(Int32, Int32) on controller API.Controllers.UserController (API).
2026-06-14 19:06:40.750 +00:00 [INF] Executed DbCommand (1ms) [Parameters=[], CommandType='"Text"', CommandTimeout='30']
SELECT count(*)::int
FROM "Users" AS u
2026-06-14 19:06:40.750 +00:00 [INF] Executed DbCommand (1ms) [Parameters=[], CommandType='"Text"', CommandTimeout='30']
SELECT count(*)::int
FROM "Users" AS u
2026-06-14 19:06:40.752 +00:00 [INF] Executed DbCommand (1ms) [Parameters=[@__p_1='?' (DbType = Int32), @__p_0='?' (DbType = Int32)], CommandType='"Text"', CommandTimeout='30']
SELECT u."ID", u."Username", u."Email", u."RegisteredAt", u."Role"
FROM "Users" AS u
ORDER BY u."ID"
LIMIT @__p_1 OFFSET @__p_0
2026-06-14 19:06:40.752 +00:00 [INF] Executed DbCommand (1ms) [Parameters=[@__p_1='?' (DbType = Int32), @__p_0='?' (DbType = Int32)], CommandType='"Text"', CommandTimeout='30']
SELECT u."ID", u."Username", u."Email", u."RegisteredAt", u."Role"
FROM "Users" AS u
ORDER BY u."ID"
LIMIT @__p_1 OFFSET @__p_0
2026-06-14 19:06:40.752 +00:00 [INF] Executing ObjectResult, writing value of type 'API.Utils.PagedResult`1[[API.DTO.UserDTO, API, Version=1.0.0.0, Culture=neutral, PublicKeyToken=null]]'.
2026-06-14 19:06:40.752 +00:00 [INF] Executing ObjectResult, writing value of type 'API.Utils.PagedResult`1[[API.DTO.UserDTO, API, Version=1.0.0.0, Culture=neutral, PublicKeyToken=null]]'.
2026-06-14 19:06:40.752 +00:00 [INF] Executed action API.Controllers.UserController.Get (API) in 3.5192ms
2026-06-14 19:06:40.752 +00:00 [INF] Executed action API.Controllers.UserController.Get (API) in 3.4221ms
2026-06-14 19:06:40.752 +00:00 [INF] Executed endpoint 'API.Controllers.UserController.Get (API)'
2026-06-14 19:06:40.753 +00:00 [INF] Executed endpoint 'API.Controllers.UserController.Get (API)'
2026-06-14 19:06:40.753 +00:00 [INF] Request finished HTTP/1.1 GET http://192.168.1.6:8080/api/user?page=1&limit=10 - 200 null application/json; charset=utf-8 11.4319ms
2026-06-14 19:06:40.753 +00:00 [INF] Request finished HTTP/1.1 GET http://192.168.1.6:8080/api/user?page=1&limit=10 - 200 null application/json; charset=utf-8 11.5486ms
2026-06-14 19:06:41.109 +00:00 [INF] Request starting HTTP/1.1 GET http://192.168.1.6:8080/api/token/access-token?page=1&limit=10 - null null
2026-06-14 19:06:41.109 +00:00 [INF] CORS policy execution successful.
2026-06-14 19:06:41.109 +00:00 [INF] ====== OnMessageReceived START ======
2026-06-14 19:06:41.110 +00:00 [INF] Available cookies: 2
2026-06-14 19:06:41.110 +00:00 [INF] Cookie: adminToken = 844 chars
2026-06-14 19:06:41.110 +00:00 [INF] Cookie: adminRefreshToken = 44 chars
2026-06-14 19:06:41.110 +00:00 [INF] Admin token found in cookies, length: 844
2026-06-14 19:06:41.110 +00:00 [INF] Admin token set in context
2026-06-14 19:06:41.110 +00:00 [INF] ====== OnMessageReceived END - Token set: true ======
2026-06-14 19:06:41.111 +00:00 [INF] Token validated successfully for user: lengyelnorbi
2026-06-14 19:06:41.111 +00:00 [INF] Device fingerprint headers - UA: Mozilla/5.0 (Windows NT 10.0; Win64; x64; rv:151.0) Gecko/20100101 Firefox/151.0, Accept: application/json, text/plain, */*, Encoding: gzip, deflate
2026-06-14 19:06:41.111 +00:00 [INF] Device fingerprint validation: Stored=/a2uf4z8rcBIhIr7KGbd6aahMr80Bhj+9uyLiYNZ66A=, Current=/a2uf4z8rcBIhIr7KGbd6aahMr80Bhj+9uyLiYNZ66A=
2026-06-14 19:06:41.114 +00:00 [INF] Executed DbCommand (1ms) [Parameters=[@__jti_0='?', @__userId_1='?' (DbType = Int32)], CommandType='"Text"', CommandTimeout='30']
SELECT a."ID", a."CreatedAt", a."DeviceFingerprint", a."ExpiresAt", a."IpAddress", a."IsRevoked", a."UserID", a.jti
FROM "AccessTokens" AS a
WHERE a.jti = @__jti_0 AND a."UserID" = @__userId_1 AND NOT (a."IsRevoked") AND a."ExpiresAt" > now()
LIMIT 1
2026-06-14 19:06:41.114 +00:00 [INF] Executing endpoint 'API.Controllers.TokenController.GetAccessTokens (API)'
2026-06-14 19:06:41.114 +00:00 [INF] Route matched with {action = "GetAccessTokens", controller = "Token"}. Executing controller action with signature System.Threading.Tasks.Task`1[API.Utils.PagedResult`1[API.DTO.AccessTokenUserDTO]] GetAccessTokens(Int32, Int32) on controller API.Controllers.TokenController (API).
2026-06-14 19:06:41.115 +00:00 [INF] Received request to fetch access tokens with pagination: page=1, limit=10
2026-06-14 19:06:41.116 +00:00 [INF] Executed DbCommand (1ms) [Parameters=[], CommandType='"Text"', CommandTimeout='30']
SELECT count(*)::int
FROM "AccessTokens" AS a
WHERE a."IsRevoked"
2026-06-14 19:06:41.118 +00:00 [INF] Executed DbCommand (1ms) [Parameters=[@__p_1='?' (DbType = Int32), @__p_0='?' (DbType = Int32)], CommandType='"Text"', CommandTimeout='30']
SELECT a0."ID", a0.jti, a0."DeviceFingerprint", a0."IpAddress", a0."CreatedAt", a0."IsRevoked", a0."ExpiresAt", u."ID" AS "UserID", u."Username", u."Email", u."Role"
FROM (
    SELECT a."ID", a."CreatedAt", a."DeviceFingerprint", a."ExpiresAt", a."IpAddress", a."IsRevoked", a."UserID", a.jti
    FROM "AccessTokens" AS a
    WHERE a."IsRevoked"
    LIMIT @__p_1 OFFSET @__p_0
) AS a0
INNER JOIN "Users" AS u ON a0."UserID" = u."ID"
2026-06-14 19:06:41.118 +00:00 [INF] Executing ObjectResult, writing value of type 'API.Utils.PagedResult`1[[API.DTO.AccessTokenUserDTO, API, Version=1.0.0.0, Culture=neutral, PublicKeyToken=null]]'.
2026-06-14 19:06:41.118 +00:00 [INF] Executed action API.Controllers.TokenController.GetAccessTokens (API) in 4.03ms
2026-06-14 19:06:41.119 +00:00 [INF] Executed endpoint 'API.Controllers.TokenController.GetAccessTokens (API)'
2026-06-14 19:06:41.119 +00:00 [INF] Request finished HTTP/1.1 GET http://192.168.1.6:8080/api/token/access-token?page=1&limit=10 - 200 null application/json; charset=utf-8 10.1216ms
2026-06-14 19:06:45.322 +00:00 [INF] Request starting HTTP/1.1 OPTIONS http://192.168.1.6:8080/api/token/revoke-access-token - null null
2026-06-14 19:06:45.322 +00:00 [INF] CORS policy execution successful.
2026-06-14 19:06:45.323 +00:00 [INF] Request finished HTTP/1.1 OPTIONS http://192.168.1.6:8080/api/token/revoke-access-token - 204 null null 1.4474ms
2026-06-14 19:06:45.325 +00:00 [INF] Request starting HTTP/1.1 PUT http://192.168.1.6:8080/api/token/revoke-access-token - application/json 33
2026-06-14 19:06:45.327 +00:00 [INF] CORS policy execution successful.
2026-06-14 19:06:45.327 +00:00 [INF] ====== OnMessageReceived START ======
2026-06-14 19:06:45.327 +00:00 [INF] Available cookies: 2
2026-06-14 19:06:45.327 +00:00 [INF] Cookie: adminToken = 844 chars
2026-06-14 19:06:45.327 +00:00 [INF] Cookie: adminRefreshToken = 44 chars
2026-06-14 19:06:45.328 +00:00 [INF] Admin token found in cookies, length: 844
2026-06-14 19:06:45.334 +00:00 [INF] Admin token set in context
2026-06-14 19:06:45.335 +00:00 [INF] ====== OnMessageReceived END - Token set: true ======
2026-06-14 19:06:45.335 +00:00 [INF] Token validated successfully for user: lengyelnorbi
2026-06-14 19:06:45.335 +00:00 [INF] Device fingerprint headers - UA: Mozilla/5.0 (Windows NT 10.0; Win64; x64; rv:151.0) Gecko/20100101 Firefox/151.0, Accept: */*, Encoding: gzip, deflate
2026-06-14 19:06:45.335 +00:00 [INF] Device fingerprint validation: Stored=/a2uf4z8rcBIhIr7KGbd6aahMr80Bhj+9uyLiYNZ66A=, Current=/a2uf4z8rcBIhIr7KGbd6aahMr80Bhj+9uyLiYNZ66A=
2026-06-14 19:06:45.338 +00:00 [INF] Executed DbCommand (1ms) [Parameters=[@__jti_0='?', @__userId_1='?' (DbType = Int32)], CommandType='"Text"', CommandTimeout='30']
SELECT a."ID", a."CreatedAt", a."DeviceFingerprint", a."ExpiresAt", a."IpAddress", a."IsRevoked", a."UserID", a.jti
FROM "AccessTokens" AS a
WHERE a.jti = @__jti_0 AND a."UserID" = @__userId_1 AND NOT (a."IsRevoked") AND a."ExpiresAt" > now()
LIMIT 1
2026-06-14 19:06:45.339 +00:00 [INF] Executing endpoint 'API.Controllers.TokenController.RevokeAccessToken (API)'
2026-06-14 19:06:45.339 +00:00 [INF] Route matched with {action = "RevokeAccessToken", controller = "Token"}. Executing controller action with signature System.Threading.Tasks.Task`1[Microsoft.AspNetCore.Mvc.IActionResult] RevokeAccessToken(API.Models.RequestModels.RevokeTokenRequest) on controller API.Controllers.TokenController (API).
2026-06-14 19:06:45.339 +00:00 [INF] Received request to revoke access token: tokenId=2062
2026-06-14 19:06:45.341 +00:00 [INF] Executed DbCommand (1ms) [Parameters=[@__p_0='?' (DbType = Int32)], CommandType='"Text"', CommandTimeout='30']
SELECT a."ID", a."CreatedAt", a."DeviceFingerprint", a."ExpiresAt", a."IpAddress", a."IsRevoked", a."UserID", a.jti
FROM "AccessTokens" AS a
WHERE a."ID" = @__p_0
LIMIT 1
2026-06-14 19:06:45.342 +00:00 [INF] Access token with ID 2062 has been revoked.
2026-06-14 19:06:45.342 +00:00 [INF] Executing StatusCodeResult, setting HTTP status code 200
2026-06-14 19:06:45.342 +00:00 [INF] Executed action API.Controllers.TokenController.RevokeAccessToken (API) in 2.9258ms
2026-06-14 19:06:45.342 +00:00 [INF] Executed endpoint 'API.Controllers.TokenController.RevokeAccessToken (API)'
2026-06-14 19:06:45.342 +00:00 [INF] Request finished HTTP/1.1 PUT http://192.168.1.6:8080/api/token/revoke-access-token - 200 0 null 17.2071ms
2026-06-14 19:06:54.501 +00:00 [INF] Request starting HTTP/1.1 GET http://192.168.1.6:8080/api/user?page=1&limit=10 - null null
2026-06-14 19:06:54.502 +00:00 [INF] CORS policy execution successful.
2026-06-14 19:06:54.502 +00:00 [INF] ====== OnMessageReceived START ======
2026-06-14 19:06:54.502 +00:00 [INF] Available cookies: 2
2026-06-14 19:06:54.502 +00:00 [INF] Cookie: adminToken = 844 chars
2026-06-14 19:06:54.502 +00:00 [INF] Cookie: adminRefreshToken = 44 chars
2026-06-14 19:06:54.503 +00:00 [INF] Admin token found in cookies, length: 844
2026-06-14 19:06:54.503 +00:00 [INF] Admin token set in context
2026-06-14 19:06:54.503 +00:00 [INF] ====== OnMessageReceived END - Token set: true ======
2026-06-14 19:06:54.503 +00:00 [INF] Token validated successfully for user: lengyelnorbi
2026-06-14 19:06:54.503 +00:00 [INF] Device fingerprint headers - UA: Mozilla/5.0 (Windows NT 10.0; Win64; x64; rv:151.0) Gecko/20100101 Firefox/151.0, Accept: application/json, text/plain, */*, Encoding: gzip, deflate
2026-06-14 19:06:54.504 +00:00 [INF] Device fingerprint validation: Stored=/a2uf4z8rcBIhIr7KGbd6aahMr80Bhj+9uyLiYNZ66A=, Current=/a2uf4z8rcBIhIr7KGbd6aahMr80Bhj+9uyLiYNZ66A=
2026-06-14 19:06:54.506 +00:00 [INF] Executed DbCommand (1ms) [Parameters=[@__jti_0='?', @__userId_1='?' (DbType = Int32)], CommandType='"Text"', CommandTimeout='30']
SELECT a."ID", a."CreatedAt", a."DeviceFingerprint", a."ExpiresAt", a."IpAddress", a."IsRevoked", a."UserID", a.jti
FROM "AccessTokens" AS a
WHERE a.jti = @__jti_0 AND a."UserID" = @__userId_1 AND NOT (a."IsRevoked") AND a."ExpiresAt" > now()
LIMIT 1
2026-06-14 19:06:54.506 +00:00 [INF] Executing endpoint 'API.Controllers.UserController.Get (API)'
2026-06-14 19:06:54.507 +00:00 [INF] Route matched with {action = "Get", controller = "User"}. Executing controller action with signature System.Threading.Tasks.Task`1[API.Utils.PagedResult`1[API.DTO.UserDTO]] Get(Int32, Int32) on controller API.Controllers.UserController (API).
2026-06-14 19:06:54.508 +00:00 [INF] Executed DbCommand (1ms) [Parameters=[], CommandType='"Text"', CommandTimeout='30']
SELECT count(*)::int
FROM "Users" AS u
2026-06-14 19:06:54.509 +00:00 [INF] Executed DbCommand (1ms) [Parameters=[@__p_1='?' (DbType = Int32), @__p_0='?' (DbType = Int32)], CommandType='"Text"', CommandTimeout='30']
SELECT u."ID", u."Username", u."Email", u."RegisteredAt", u."Role"
FROM "Users" AS u
ORDER BY u."ID"
LIMIT @__p_1 OFFSET @__p_0
2026-06-14 19:06:54.510 +00:00 [INF] Executing ObjectResult, writing value of type 'API.Utils.PagedResult`1[[API.DTO.UserDTO, API, Version=1.0.0.0, Culture=neutral, PublicKeyToken=null]]'.
2026-06-14 19:06:54.510 +00:00 [INF] Executed action API.Controllers.UserController.Get (API) in 3.3674ms
2026-06-14 19:06:54.510 +00:00 [INF] Executed endpoint 'API.Controllers.UserController.Get (API)'
2026-06-14 19:06:54.511 +00:00 [INF] Request finished HTTP/1.1 GET http://192.168.1.6:8080/api/user?page=1&limit=10 - 200 null application/json; charset=utf-8 9.5999ms
2026-06-14 19:06:54.519 +00:00 [INF] Request starting HTTP/1.1 GET http://192.168.1.6:8080/api/user?page=1&limit=10 - null null
2026-06-14 19:06:54.520 +00:00 [INF] CORS policy execution successful.
2026-06-14 19:06:54.520 +00:00 [INF] ====== OnMessageReceived START ======
2026-06-14 19:06:54.520 +00:00 [INF] Available cookies: 2
2026-06-14 19:06:54.520 +00:00 [INF] Cookie: adminToken = 844 chars
2026-06-14 19:06:54.520 +00:00 [INF] Cookie: adminRefreshToken = 44 chars
2026-06-14 19:06:54.520 +00:00 [INF] Admin token found in cookies, length: 844
2026-06-14 19:06:54.520 +00:00 [INF] Admin token set in context
2026-06-14 19:06:54.521 +00:00 [INF] ====== OnMessageReceived END - Token set: true ======
2026-06-14 19:06:54.521 +00:00 [INF] Token validated successfully for user: lengyelnorbi
2026-06-14 19:06:54.521 +00:00 [INF] Device fingerprint headers - UA: Mozilla/5.0 (Windows NT 10.0; Win64; x64; rv:151.0) Gecko/20100101 Firefox/151.0, Accept: application/json, text/plain, */*, Encoding: gzip, deflate
2026-06-14 19:06:54.521 +00:00 [INF] Device fingerprint validation: Stored=/a2uf4z8rcBIhIr7KGbd6aahMr80Bhj+9uyLiYNZ66A=, Current=/a2uf4z8rcBIhIr7KGbd6aahMr80Bhj+9uyLiYNZ66A=
2026-06-14 19:06:54.524 +00:00 [INF] Executed DbCommand (1ms) [Parameters=[@__jti_0='?', @__userId_1='?' (DbType = Int32)], CommandType='"Text"', CommandTimeout='30']
SELECT a."ID", a."CreatedAt", a."DeviceFingerprint", a."ExpiresAt", a."IpAddress", a."IsRevoked", a."UserID", a.jti
FROM "AccessTokens" AS a
WHERE a.jti = @__jti_0 AND a."UserID" = @__userId_1 AND NOT (a."IsRevoked") AND a."ExpiresAt" > now()
LIMIT 1
2026-06-14 19:06:54.524 +00:00 [INF] Executing endpoint 'API.Controllers.UserController.Get (API)'
2026-06-14 19:06:54.524 +00:00 [INF] Route matched with {action = "Get", controller = "User"}. Executing controller action with signature System.Threading.Tasks.Task`1[API.Utils.PagedResult`1[API.DTO.UserDTO]] Get(Int32, Int32) on controller API.Controllers.UserController (API).
2026-06-14 19:06:54.526 +00:00 [INF] Executed DbCommand (1ms) [Parameters=[], CommandType='"Text"', CommandTimeout='30']
SELECT count(*)::int
FROM "Users" AS u
2026-06-14 19:06:54.527 +00:00 [INF] Executed DbCommand (1ms) [Parameters=[@__p_1='?' (DbType = Int32), @__p_0='?' (DbType = Int32)], CommandType='"Text"', CommandTimeout='30']
SELECT u."ID", u."Username", u."Email", u."RegisteredAt", u."Role"
FROM "Users" AS u
ORDER BY u."ID"
LIMIT @__p_1 OFFSET @__p_0
2026-06-14 19:06:54.527 +00:00 [INF] Executing ObjectResult, writing value of type 'API.Utils.PagedResult`1[[API.DTO.UserDTO, API, Version=1.0.0.0, Culture=neutral, PublicKeyToken=null]]'.
2026-06-14 19:06:54.527 +00:00 [INF] Executed action API.Controllers.UserController.Get (API) in 3.0084ms
2026-06-14 19:06:54.528 +00:00 [INF] Executed endpoint 'API.Controllers.UserController.Get (API)'
2026-06-14 19:06:54.528 +00:00 [INF] Request finished HTTP/1.1 GET http://192.168.1.6:8080/api/user?page=1&limit=10 - 200 null application/json; charset=utf-8 8.7334ms
2026-06-14 19:06:55.215 +00:00 [INF] Request starting HTTP/1.1 GET http://192.168.1.6:8080/api/token/access-token?page=1&limit=10 - null null
2026-06-14 19:06:55.216 +00:00 [INF] CORS policy execution successful.
2026-06-14 19:06:55.216 +00:00 [INF] ====== OnMessageReceived START ======
2026-06-14 19:06:55.216 +00:00 [INF] Available cookies: 2
2026-06-14 19:06:55.216 +00:00 [INF] Cookie: adminToken = 844 chars
2026-06-14 19:06:55.217 +00:00 [INF] Cookie: adminRefreshToken = 44 chars
2026-06-14 19:06:55.217 +00:00 [INF] Admin token found in cookies, length: 844
2026-06-14 19:06:55.217 +00:00 [INF] Admin token set in context
2026-06-14 19:06:55.217 +00:00 [INF] ====== OnMessageReceived END - Token set: true ======
2026-06-14 19:06:55.217 +00:00 [INF] Token validated successfully for user: lengyelnorbi
2026-06-14 19:06:55.218 +00:00 [INF] Device fingerprint headers - UA: Mozilla/5.0 (Windows NT 10.0; Win64; x64; rv:151.0) Gecko/20100101 Firefox/151.0, Accept: application/json, text/plain, */*, Encoding: gzip, deflate
2026-06-14 19:06:55.218 +00:00 [INF] Device fingerprint validation: Stored=/a2uf4z8rcBIhIr7KGbd6aahMr80Bhj+9uyLiYNZ66A=, Current=/a2uf4z8rcBIhIr7KGbd6aahMr80Bhj+9uyLiYNZ66A=
2026-06-14 19:06:55.220 +00:00 [INF] Executed DbCommand (1ms) [Parameters=[@__jti_0='?', @__userId_1='?' (DbType = Int32)], CommandType='"Text"', CommandTimeout='30']
SELECT a."ID", a."CreatedAt", a."DeviceFingerprint", a."ExpiresAt", a."IpAddress", a."IsRevoked", a."UserID", a.jti
FROM "AccessTokens" AS a
WHERE a.jti = @__jti_0 AND a."UserID" = @__userId_1 AND NOT (a."IsRevoked") AND a."ExpiresAt" > now()
LIMIT 1
2026-06-14 19:06:55.220 +00:00 [INF] Executing endpoint 'API.Controllers.TokenController.GetAccessTokens (API)'
2026-06-14 19:06:55.220 +00:00 [INF] Route matched with {action = "GetAccessTokens", controller = "Token"}. Executing controller action with signature System.Threading.Tasks.Task`1[API.Utils.PagedResult`1[API.DTO.AccessTokenUserDTO]] GetAccessTokens(Int32, Int32) on controller API.Controllers.TokenController (API).
2026-06-14 19:06:55.221 +00:00 [INF] Received request to fetch access tokens with pagination: page=1, limit=10
2026-06-14 19:06:55.222 +00:00 [INF] Executed DbCommand (1ms) [Parameters=[], CommandType='"Text"', CommandTimeout='30']
SELECT count(*)::int
FROM "AccessTokens" AS a
WHERE a."IsRevoked"
2026-06-14 19:06:55.224 +00:00 [INF] Executed DbCommand (1ms) [Parameters=[@__p_1='?' (DbType = Int32), @__p_0='?' (DbType = Int32)], CommandType='"Text"', CommandTimeout='30']
SELECT a0."ID", a0.jti, a0."DeviceFingerprint", a0."IpAddress", a0."CreatedAt", a0."IsRevoked", a0."ExpiresAt", u."ID" AS "UserID", u."Username", u."Email", u."Role"
FROM (
    SELECT a."ID", a."CreatedAt", a."DeviceFingerprint", a."ExpiresAt", a."IpAddress", a."IsRevoked", a."UserID", a.jti
    FROM "AccessTokens" AS a
    WHERE a."IsRevoked"
    LIMIT @__p_1 OFFSET @__p_0
) AS a0
INNER JOIN "Users" AS u ON a0."UserID" = u."ID"
2026-06-14 19:06:55.224 +00:00 [INF] Executing ObjectResult, writing value of type 'API.Utils.PagedResult`1[[API.DTO.AccessTokenUserDTO, API, Version=1.0.0.0, Culture=neutral, PublicKeyToken=null]]'.
2026-06-14 19:06:55.225 +00:00 [INF] Executed action API.Controllers.TokenController.GetAccessTokens (API) in 3.9317ms
2026-06-14 19:06:55.225 +00:00 [INF] Executed endpoint 'API.Controllers.TokenController.GetAccessTokens (API)'
2026-06-14 19:06:55.225 +00:00 [INF] Request finished HTTP/1.1 GET http://192.168.1.6:8080/api/token/access-token?page=1&limit=10 - 200 null application/json; charset=utf-8 9.6321ms
2026-06-14 19:06:56.253 +00:00 [INF] Request starting HTTP/1.1 GET http://192.168.1.6:8080/api/token/refresh-token?page=1&limit=10 - null null
2026-06-14 19:06:56.254 +00:00 [INF] CORS policy execution successful.
2026-06-14 19:06:56.254 +00:00 [INF] ====== OnMessageReceived START ======
2026-06-14 19:06:56.254 +00:00 [INF] Available cookies: 2
2026-06-14 19:06:56.254 +00:00 [INF] Cookie: adminToken = 844 chars
2026-06-14 19:06:56.255 +00:00 [INF] Cookie: adminRefreshToken = 44 chars
2026-06-14 19:06:56.255 +00:00 [INF] Admin token found in cookies, length: 844
2026-06-14 19:06:56.255 +00:00 [INF] Admin token set in context
2026-06-14 19:06:56.255 +00:00 [INF] ====== OnMessageReceived END - Token set: true ======
2026-06-14 19:06:56.255 +00:00 [INF] Token validated successfully for user: lengyelnorbi
2026-06-14 19:06:56.256 +00:00 [INF] Device fingerprint headers - UA: Mozilla/5.0 (Windows NT 10.0; Win64; x64; rv:151.0) Gecko/20100101 Firefox/151.0, Accept: application/json, text/plain, */*, Encoding: gzip, deflate
2026-06-14 19:06:56.256 +00:00 [INF] Device fingerprint validation: Stored=/a2uf4z8rcBIhIr7KGbd6aahMr80Bhj+9uyLiYNZ66A=, Current=/a2uf4z8rcBIhIr7KGbd6aahMr80Bhj+9uyLiYNZ66A=
2026-06-14 19:06:56.258 +00:00 [INF] Executed DbCommand (2ms) [Parameters=[@__jti_0='?', @__userId_1='?' (DbType = Int32)], CommandType='"Text"', CommandTimeout='30']
SELECT a."ID", a."CreatedAt", a."DeviceFingerprint", a."ExpiresAt", a."IpAddress", a."IsRevoked", a."UserID", a.jti
FROM "AccessTokens" AS a
WHERE a.jti = @__jti_0 AND a."UserID" = @__userId_1 AND NOT (a."IsRevoked") AND a."ExpiresAt" > now()
LIMIT 1
2026-06-14 19:06:56.259 +00:00 [INF] Executing endpoint 'API.Controllers.TokenController.GetRefreshTokens (API)'
2026-06-14 19:06:56.261 +00:00 [INF] Route matched with {action = "GetRefreshTokens", controller = "Token"}. Executing controller action with signature System.Threading.Tasks.Task`1[API.Utils.PagedResult`1[API.DTO.RefreshTokenUserDTO]] GetRefreshTokens(Int32, Int32) on controller API.Controllers.TokenController (API).
2026-06-14 19:06:56.262 +00:00 [INF] Received request to fetch refresh tokens with pagination: page=1, limit=10
2026-06-14 19:06:56.268 +00:00 [INF] Executed DbCommand (2ms) [Parameters=[], CommandType='"Text"', CommandTimeout='30']
SELECT count(*)::int
FROM "RefreshTokens" AS r
WHERE NOT (r."IsRevoked")
2026-06-14 19:06:56.270 +00:00 [WRN] The query uses a row limiting operator ('Skip'/'Take') without an 'OrderBy' operator. This may lead to unpredictable results. If the 'Distinct' operator is used after 'OrderBy', then make sure to use the 'OrderBy' operator after 'Distinct' as the ordering would otherwise get erased.
2026-06-14 19:06:56.270 +00:00 [WRN] The query uses a row limiting operator ('Skip'/'Take') without an 'OrderBy' operator. This may lead to unpredictable results. If the 'Distinct' operator is used after 'OrderBy', then make sure to use the 'OrderBy' operator after 'Distinct' as the ordering would otherwise get erased.
2026-06-14 19:06:56.276 +00:00 [INF] Executed DbCommand (2ms) [Parameters=[@__p_1='?' (DbType = Int32), @__p_0='?' (DbType = Int32)], CommandType='"Text"', CommandTimeout='30']
SELECT r0."ID", r0."TokenHash", r0."DeviceFingerprint", r0."IpAddress", r0."CreatedAt", r0."IsRevoked", r0."ExpiresAt", u."ID" AS "UserID", u."Username", u."Email", u."Role"
FROM (
    SELECT r."ID", r."CreatedAt", r."DeviceFingerprint", r."ExpiresAt", r."IpAddress", r."IsRevoked", r."TokenHash", r."UserID"
    FROM "RefreshTokens" AS r
    WHERE NOT (r."IsRevoked")
    LIMIT @__p_1 OFFSET @__p_0
) AS r0
INNER JOIN "Users" AS u ON r0."UserID" = u."ID"
2026-06-14 19:06:56.276 +00:00 [INF] Executing ObjectResult, writing value of type 'API.Utils.PagedResult`1[[API.DTO.RefreshTokenUserDTO, API, Version=1.0.0.0, Culture=neutral, PublicKeyToken=null]]'.
2026-06-14 19:06:56.278 +00:00 [INF] Executed action API.Controllers.TokenController.GetRefreshTokens (API) in 16.3591ms
2026-06-14 19:06:56.278 +00:00 [INF] Executed endpoint 'API.Controllers.TokenController.GetRefreshTokens (API)'
2026-06-14 19:06:56.279 +00:00 [INF] Request finished HTTP/1.1 GET http://192.168.1.6:8080/api/token/refresh-token?page=1&limit=10 - 200 null application/json; charset=utf-8 25.7037ms
2026-06-14 19:06:56.601 +00:00 [INF] Request starting HTTP/1.1 GET http://192.168.1.6:8080/api/token/access-token?page=1&limit=10 - null null
2026-06-14 19:06:56.602 +00:00 [INF] CORS policy execution successful.
2026-06-14 19:06:56.602 +00:00 [INF] ====== OnMessageReceived START ======
2026-06-14 19:06:56.602 +00:00 [INF] Available cookies: 2
2026-06-14 19:06:56.602 +00:00 [INF] Cookie: adminToken = 844 chars
2026-06-14 19:06:56.602 +00:00 [INF] Cookie: adminRefreshToken = 44 chars
2026-06-14 19:06:56.603 +00:00 [INF] Admin token found in cookies, length: 844
2026-06-14 19:06:56.603 +00:00 [INF] Admin token set in context
2026-06-14 19:06:56.603 +00:00 [INF] ====== OnMessageReceived END - Token set: true ======
2026-06-14 19:06:56.603 +00:00 [INF] Token validated successfully for user: lengyelnorbi
2026-06-14 19:06:56.604 +00:00 [INF] Device fingerprint headers - UA: Mozilla/5.0 (Windows NT 10.0; Win64; x64; rv:151.0) Gecko/20100101 Firefox/151.0, Accept: application/json, text/plain, */*, Encoding: gzip, deflate
2026-06-14 19:06:56.604 +00:00 [INF] Device fingerprint validation: Stored=/a2uf4z8rcBIhIr7KGbd6aahMr80Bhj+9uyLiYNZ66A=, Current=/a2uf4z8rcBIhIr7KGbd6aahMr80Bhj+9uyLiYNZ66A=
2026-06-14 19:06:56.606 +00:00 [INF] Executed DbCommand (2ms) [Parameters=[@__jti_0='?', @__userId_1='?' (DbType = Int32)], CommandType='"Text"', CommandTimeout='30']
SELECT a."ID", a."CreatedAt", a."DeviceFingerprint", a."ExpiresAt", a."IpAddress", a."IsRevoked", a."UserID", a.jti
FROM "AccessTokens" AS a
WHERE a.jti = @__jti_0 AND a."UserID" = @__userId_1 AND NOT (a."IsRevoked") AND a."ExpiresAt" > now()
LIMIT 1
2026-06-14 19:06:56.607 +00:00 [INF] Executing endpoint 'API.Controllers.TokenController.GetAccessTokens (API)'
2026-06-14 19:06:56.607 +00:00 [INF] Route matched with {action = "GetAccessTokens", controller = "Token"}. Executing controller action with signature System.Threading.Tasks.Task`1[API.Utils.PagedResult`1[API.DTO.AccessTokenUserDTO]] GetAccessTokens(Int32, Int32) on controller API.Controllers.TokenController (API).
2026-06-14 19:06:56.607 +00:00 [INF] Received request to fetch access tokens with pagination: page=1, limit=10
2026-06-14 19:06:56.609 +00:00 [INF] Executed DbCommand (1ms) [Parameters=[], CommandType='"Text"', CommandTimeout='30']
SELECT count(*)::int
FROM "AccessTokens" AS a
WHERE a."IsRevoked"
2026-06-14 19:06:56.611 +00:00 [INF] Executed DbCommand (1ms) [Parameters=[@__p_1='?' (DbType = Int32), @__p_0='?' (DbType = Int32)], CommandType='"Text"', CommandTimeout='30']
SELECT a0."ID", a0.jti, a0."DeviceFingerprint", a0."IpAddress", a0."CreatedAt", a0."IsRevoked", a0."ExpiresAt", u."ID" AS "UserID", u."Username", u."Email", u."Role"
FROM (
    SELECT a."ID", a."CreatedAt", a."DeviceFingerprint", a."ExpiresAt", a."IpAddress", a."IsRevoked", a."UserID", a.jti
    FROM "AccessTokens" AS a
    WHERE a."IsRevoked"
    LIMIT @__p_1 OFFSET @__p_0
) AS a0
INNER JOIN "Users" AS u ON a0."UserID" = u."ID"
2026-06-14 19:06:56.612 +00:00 [INF] Executing ObjectResult, writing value of type 'API.Utils.PagedResult`1[[API.DTO.AccessTokenUserDTO, API, Version=1.0.0.0, Culture=neutral, PublicKeyToken=null]]'.
2026-06-14 19:06:56.612 +00:00 [INF] Executed action API.Controllers.TokenController.GetAccessTokens (API) in 4.7533ms
2026-06-14 19:06:56.612 +00:00 [INF] Executed endpoint 'API.Controllers.TokenController.GetAccessTokens (API)'
2026-06-14 19:06:56.613 +00:00 [INF] Request finished HTTP/1.1 GET http://192.168.1.6:8080/api/token/access-token?page=1&limit=10 - 200 null application/json; charset=utf-8 11.1727ms
2026-06-14 19:07:04.938 +00:00 [INF] Request starting HTTP/1.1 OPTIONS http://192.168.1.6:8080/api/token/revoke-access-token - null null
2026-06-14 19:07:04.938 +00:00 [INF] CORS policy execution successful.
2026-06-14 19:07:04.938 +00:00 [INF] Request finished HTTP/1.1 OPTIONS http://192.168.1.6:8080/api/token/revoke-access-token - 204 null null 0.6437ms
2026-06-14 19:07:04.940 +00:00 [INF] Request starting HTTP/1.1 PUT http://192.168.1.6:8080/api/token/revoke-access-token - application/json 33
2026-06-14 19:07:04.940 +00:00 [INF] CORS policy execution successful.
2026-06-14 19:07:04.941 +00:00 [INF] ====== OnMessageReceived START ======
2026-06-14 19:07:04.941 +00:00 [INF] Available cookies: 2
2026-06-14 19:07:04.941 +00:00 [INF] Cookie: adminToken = 844 chars
2026-06-14 19:07:04.942 +00:00 [INF] Cookie: adminRefreshToken = 44 chars
2026-06-14 19:07:04.942 +00:00 [INF] Admin token found in cookies, length: 844
2026-06-14 19:07:04.942 +00:00 [INF] Admin token set in context
2026-06-14 19:07:04.942 +00:00 [INF] ====== OnMessageReceived END - Token set: true ======
2026-06-14 19:07:04.942 +00:00 [INF] Token validated successfully for user: lengyelnorbi
2026-06-14 19:07:04.943 +00:00 [INF] Device fingerprint headers - UA: Mozilla/5.0 (Windows NT 10.0; Win64; x64; rv:151.0) Gecko/20100101 Firefox/151.0, Accept: */*, Encoding: gzip, deflate
2026-06-14 19:07:04.943 +00:00 [INF] Device fingerprint validation: Stored=/a2uf4z8rcBIhIr7KGbd6aahMr80Bhj+9uyLiYNZ66A=, Current=/a2uf4z8rcBIhIr7KGbd6aahMr80Bhj+9uyLiYNZ66A=
2026-06-14 19:07:04.945 +00:00 [INF] Executed DbCommand (1ms) [Parameters=[@__jti_0='?', @__userId_1='?' (DbType = Int32)], CommandType='"Text"', CommandTimeout='30']
SELECT a."ID", a."CreatedAt", a."DeviceFingerprint", a."ExpiresAt", a."IpAddress", a."IsRevoked", a."UserID", a.jti
FROM "AccessTokens" AS a
WHERE a.jti = @__jti_0 AND a."UserID" = @__userId_1 AND NOT (a."IsRevoked") AND a."ExpiresAt" > now()
LIMIT 1
2026-06-14 19:07:04.945 +00:00 [INF] Executing endpoint 'API.Controllers.TokenController.RevokeAccessToken (API)'
2026-06-14 19:07:04.945 +00:00 [INF] Route matched with {action = "RevokeAccessToken", controller = "Token"}. Executing controller action with signature System.Threading.Tasks.Task`1[Microsoft.AspNetCore.Mvc.IActionResult] RevokeAccessToken(API.Models.RequestModels.RevokeTokenRequest) on controller API.Controllers.TokenController (API).
2026-06-14 19:07:04.946 +00:00 [INF] Received request to revoke access token: tokenId=2063
2026-06-14 19:07:04.948 +00:00 [INF] Executed DbCommand (1ms) [Parameters=[@__p_0='?' (DbType = Int32)], CommandType='"Text"', CommandTimeout='30']
SELECT a."ID", a."CreatedAt", a."DeviceFingerprint", a."ExpiresAt", a."IpAddress", a."IsRevoked", a."UserID", a.jti
FROM "AccessTokens" AS a
WHERE a."ID" = @__p_0
LIMIT 1
2026-06-14 19:07:04.948 +00:00 [INF] Access token with ID 2063 has been revoked.
2026-06-14 19:07:04.948 +00:00 [INF] Executing StatusCodeResult, setting HTTP status code 200
2026-06-14 19:07:04.948 +00:00 [INF] Executed action API.Controllers.TokenController.RevokeAccessToken (API) in 2.9172ms
2026-06-14 19:07:04.948 +00:00 [INF] Executed endpoint 'API.Controllers.TokenController.RevokeAccessToken (API)'
2026-06-14 19:07:04.949 +00:00 [INF] Request finished HTTP/1.1 PUT http://192.168.1.6:8080/api/token/revoke-access-token - 200 0 null 8.5609ms
2026-06-14 19:07:47.365 +00:00 [INF] Request starting HTTP/1.1 OPTIONS http://192.168.1.6:8080/api/token/revoke-access-token - null null
2026-06-14 19:07:47.366 +00:00 [INF] CORS policy execution successful.
2026-06-14 19:07:47.366 +00:00 [INF] Request finished HTTP/1.1 OPTIONS http://192.168.1.6:8080/api/token/revoke-access-token - 204 null null 0.8285ms
2026-06-14 19:07:47.368 +00:00 [INF] Request starting HTTP/1.1 PUT http://192.168.1.6:8080/api/token/revoke-access-token - application/json 33
2026-06-14 19:07:47.371 +00:00 [INF] CORS policy execution successful.
2026-06-14 19:07:47.371 +00:00 [INF] ====== OnMessageReceived START ======
2026-06-14 19:07:47.371 +00:00 [INF] Available cookies: 2
2026-06-14 19:07:47.371 +00:00 [INF] Cookie: adminToken = 844 chars
2026-06-14 19:07:47.372 +00:00 [INF] Cookie: adminRefreshToken = 44 chars
2026-06-14 19:07:47.372 +00:00 [INF] Admin token found in cookies, length: 844
2026-06-14 19:07:47.372 +00:00 [INF] Admin token set in context
2026-06-14 19:07:47.372 +00:00 [INF] ====== OnMessageReceived END - Token set: true ======
2026-06-14 19:07:47.372 +00:00 [INF] Token validated successfully for user: lengyelnorbi
2026-06-14 19:07:47.372 +00:00 [INF] Device fingerprint headers - UA: Mozilla/5.0 (Windows NT 10.0; Win64; x64; rv:151.0) Gecko/20100101 Firefox/151.0, Accept: */*, Encoding: gzip, deflate
2026-06-14 19:07:47.373 +00:00 [INF] Device fingerprint validation: Stored=/a2uf4z8rcBIhIr7KGbd6aahMr80Bhj+9uyLiYNZ66A=, Current=/a2uf4z8rcBIhIr7KGbd6aahMr80Bhj+9uyLiYNZ66A=
2026-06-14 19:07:47.375 +00:00 [INF] Executed DbCommand (1ms) [Parameters=[@__jti_0='?', @__userId_1='?' (DbType = Int32)], CommandType='"Text"', CommandTimeout='30']
SELECT a."ID", a."CreatedAt", a."DeviceFingerprint", a."ExpiresAt", a."IpAddress", a."IsRevoked", a."UserID", a.jti
FROM "AccessTokens" AS a
WHERE a.jti = @__jti_0 AND a."UserID" = @__userId_1 AND NOT (a."IsRevoked") AND a."ExpiresAt" > now()
LIMIT 1
2026-06-14 19:07:47.375 +00:00 [INF] Executing endpoint 'API.Controllers.TokenController.RevokeAccessToken (API)'
2026-06-14 19:07:47.375 +00:00 [INF] Route matched with {action = "RevokeAccessToken", controller = "Token"}. Executing controller action with signature System.Threading.Tasks.Task`1[Microsoft.AspNetCore.Mvc.IActionResult] RevokeAccessToken(API.Models.RequestModels.RevokeTokenRequest) on controller API.Controllers.TokenController (API).
2026-06-14 19:07:47.376 +00:00 [INF] Received request to revoke access token: tokenId=2061
2026-06-14 19:07:47.377 +00:00 [INF] Executed DbCommand (1ms) [Parameters=[@__p_0='?' (DbType = Int32)], CommandType='"Text"', CommandTimeout='30']
SELECT a."ID", a."CreatedAt", a."DeviceFingerprint", a."ExpiresAt", a."IpAddress", a."IsRevoked", a."UserID", a.jti
FROM "AccessTokens" AS a
WHERE a."ID" = @__p_0
LIMIT 1
2026-06-14 19:07:47.378 +00:00 [INF] Access token with ID 2061 has been revoked.
2026-06-14 19:07:47.378 +00:00 [INF] Executing StatusCodeResult, setting HTTP status code 200
2026-06-14 19:07:47.378 +00:00 [INF] Executed action API.Controllers.TokenController.RevokeAccessToken (API) in 2.3498ms
2026-06-14 19:07:47.378 +00:00 [INF] Executed endpoint 'API.Controllers.TokenController.RevokeAccessToken (API)'
2026-06-14 19:07:47.378 +00:00 [INF] Request finished HTTP/1.1 PUT http://192.168.1.6:8080/api/token/revoke-access-token - 200 0 null 10.1543ms
2026-06-14 19:08:37.108 +00:00 [INF] Application is shutting down...
2026-06-14 19:19:09.458 +00:00 [WRN] Storing keys in a directory '/home/app/.aspnet/DataProtection-Keys' that may not be persisted outside of the container. Protected data will be unavailable when container is destroyed. For more information go to https://aka.ms/aspnet/dataprotectionwarning
2026-06-14 19:19:09.491 +00:00 [INF] User profile is available. Using '/home/app/.aspnet/DataProtection-Keys' as key repository; keys will not be encrypted at rest.
2026-06-14 19:19:09.503 +00:00 [INF] Creating key {b4c6da0e-f9d2-43ce-861c-84dd9b017365} with creation date 2026-06-14 19:19:09Z, activation date 2026-06-14 19:19:09Z, and expiration date 2026-09-12 19:19:09Z.
2026-06-14 19:19:09.538 +00:00 [WRN] No XML encryptor configured. Key {b4c6da0e-f9d2-43ce-861c-84dd9b017365} may be persisted to storage in unencrypted form.
2026-06-14 19:19:09.541 +00:00 [INF] Writing data to file '/home/app/.aspnet/DataProtection-Keys/key-b4c6da0e-f9d2-43ce-861c-84dd9b017365.xml'.
2026-06-14 19:19:09.612 +00:00 [INF] Now listening on: http://[::]:8080
2026-06-14 19:19:09.614 +00:00 [INF] Application started. Press Ctrl+C to shut down.
2026-06-14 19:19:09.614 +00:00 [INF] Hosting environment: Development
2026-06-14 19:19:09.614 +00:00 [INF] Content root path: /app
2026-06-14 19:19:23.839 +00:00 [INF] Request starting HTTP/1.1 OPTIONS http://192.168.1.6:8080/api/auth - null null
2026-06-14 19:19:23.853 +00:00 [WRN] Failed to determine the https port for redirect.
2026-06-14 19:19:23.858 +00:00 [INF] CORS policy execution successful.
2026-06-14 19:19:23.864 +00:00 [INF] Request finished HTTP/1.1 OPTIONS http://192.168.1.6:8080/api/auth - 204 null null 25.512ms
2026-06-14 19:19:23.872 +00:00 [INF] Request starting HTTP/1.1 POST http://192.168.1.6:8080/api/auth - application/json 74
2026-06-14 19:19:23.875 +00:00 [INF] CORS policy execution successful.
2026-06-14 19:19:23.891 +00:00 [INF] ====== OnMessageReceived START ======
2026-06-14 19:19:23.893 +00:00 [INF] Available cookies: 1
2026-06-14 19:19:23.893 +00:00 [INF] Cookie: adminRefreshToken = 44 chars
2026-06-14 19:19:23.894 +00:00 [WRN] NO TOKEN FOUND IN COOKIES!
2026-06-14 19:19:23.894 +00:00 [INF] ====== OnMessageReceived END - Token set: false ======
2026-06-14 19:19:23.896 +00:00 [INF] Executing endpoint 'API.Controllers.AuthController.Authenticate (API)'
2026-06-14 19:19:23.910 +00:00 [INF] Route matched with {action = "Authenticate", controller = "Auth"}. Executing controller action with signature System.Threading.Tasks.Task`1[Microsoft.AspNetCore.Mvc.IActionResult] Authenticate(API.Models.RequestModels.LoginRequest) on controller API.Controllers.AuthController (API).
2026-06-14 19:19:24.013 +00:00 [INF] Authentication attempt for email: lengyelnorbi5@gmail.com
2026-06-14 19:19:24.014 +00:00 [INF] Fetching user by email from database...
2026-06-14 19:19:24.884 +00:00 [INF] Executed DbCommand (45ms) [Parameters=[@__email_0='?'], CommandType='"Text"', CommandTimeout='30']
SELECT u."ID", u."Email", u."PasswordHash", u."RegisteredAt", u."Role", u."Username"
FROM "Users" AS u
WHERE u."Email" = @__email_0
LIMIT 1
2026-06-14 19:19:24.949 +00:00 [INF] Mozilla/5.0 (Windows NT 10.0; Win64; x64; rv:151.0) Gecko/20100101 Firefox/151.0
2026-06-14 19:19:24.953 +00:00 [INF] Fetching user by email from database...
2026-06-14 19:19:24.961 +00:00 [INF] Executed DbCommand (5ms) [Parameters=[@__email_0='?'], CommandType='"Text"', CommandTimeout='30']
SELECT u."ID", u."Email", u."PasswordHash", u."RegisteredAt", u."Role", u."Username"
FROM "Users" AS u
WHERE u."Email" = @__email_0
LIMIT 1
2026-06-14 19:19:25.662 +00:00 [INF] Password verification completed: Valid
2026-06-14 19:19:25.782 +00:00 [INF] Executed DbCommand (13ms) [Parameters=[@p0='?' (DbType = DateTime), @p1='?', @p2='?' (DbType = DateTime), @p3='?', @p4='?' (DbType = Int32), @p5='?'], CommandType='"Text"', CommandTimeout='30']
INSERT INTO "AccessTokens" ("CreatedAt", "DeviceFingerprint", "ExpiresAt", "IpAddress", "UserID", jti)
VALUES (@p0, @p1, @p2, @p3, @p4, @p5)
RETURNING "ID", "IsRevoked";
2026-06-14 19:19:25.833 +00:00 [INF] Executed DbCommand (6ms) [Parameters=[@p0='?' (DbType = DateTime), @p1='?', @p2='?' (DbType = DateTime), @p3='?', @p4='?', @p5='?' (DbType = Int32)], CommandType='"Text"', CommandTimeout='30']
INSERT INTO "RefreshTokens" ("CreatedAt", "DeviceFingerprint", "ExpiresAt", "IpAddress", "TokenHash", "UserID")
VALUES (@p0, @p1, @p2, @p3, @p4, @p5)
RETURNING "ID", "IsRevoked";
2026-06-14 19:19:25.837 +00:00 [INF] Admin user lengyelnorbi5@gmail.com authenticated successfully from admin panel at "2026-06-14T19:19:25.8373380Z"
2026-06-14 19:19:25.839 +00:00 [INF] --------------------------------------------------------------------
2026-06-14 19:19:25.839 +00:00 [INF] eyJhbGciOiJIUzI1NiIsInR5cCI6IkpXVCJ9.eyJodHRwOi8vc2NoZW1hcy54bWxzb2FwLm9yZy93cy8yMDA1LzA1L2lkZW50aXR5L2NsYWltcy9uYW1laWRlbnRpZmllciI6IjEiLCJodHRwOi8vc2NoZW1hcy54bWxzb2FwLm9yZy93cy8yMDA1LzA1L2lkZW50aXR5L2NsYWltcy9lbWFpbGFkZHJlc3MiOiJsZW5neWVsbm9yYmk1QGdtYWlsLmNvbSIsImh0dHA6Ly9zY2hlbWFzLnhtbHNvYXAub3JnL3dzLzIwMDUvMDUvaWRlbnRpdHkvY2xhaW1zL25hbWUiOiJsZW5neWVsbm9yYmkiLCJqdGkiOiJjOTQ5MWY1YS03ODQyLTQxZmUtOGFmOC01ZDdmYjA0ZDU4ZTMiLCJpYXQiOjE3ODE0NjQ3NjUsImV4cCI6MTc4MTQ2NTA2NSwiaHR0cDovL3NjaGVtYXMubWljcm9zb2Z0LmNvbS93cy8yMDA4LzA2L2lkZW50aXR5L2NsYWltcy9yb2xlIjoiQWRtaW4iLCJTb3VyY2UiOiJhZG1pbiIsIkRldmljZUlkIjoiL2EydWY0ejhyY0JJaElyN0tHYmQ2YWFoTXI4MEJoais5dXlMaVlOWjY2QT0iLCJJUEFkZHJlc3MiOiI6OmZmZmY6MTcyLjIwLjAuMSIsIlRva2VuVmVyc2lvbiI6IjEiLCJpc3MiOiJNdXNpY1BsYXllckFQSSIsImF1ZCI6Ik11c2ljUGxheWVyQ2xpZW50In0.gS0hdVHxjq4ho-uqDWibAGShQxqPc2VkYF36c0yEI8Q
2026-06-14 19:19:25.840 +00:00 [INF] p/+eLKTnfgAEBYgzxx9vR7F0LCLxEpHmFXEG2J+ORTo=
2026-06-14 19:19:25.840 +00:00 [INF] Source: admin
2026-06-14 19:19:25.840 +00:00 [INF] Access Token expires at: "2026-06-14T19:24:25.6636264Z"
2026-06-14 19:19:25.840 +00:00 [INF] Refresh Token expires at: "2026-06-15T03:19:25.8121908Z"
2026-06-14 19:19:25.841 +00:00 [INF] tokenCookieName: adminToken
2026-06-14 19:19:25.841 +00:00 [INF] refreshTokenCookieName: adminRefreshToken
2026-06-14 19:19:25.841 +00:00 [INF] Refresh token hash stored in cookie: p/+eLKTnfgAEBYgzxx9vR7F0LCLxEpHmFXEG2J+ORTo=
2026-06-14 19:19:25.841 +00:00 [INF] --------------------------------------------------------------------
2026-06-14 19:19:25.846 +00:00 [INF] Executing OkObjectResult, writing value of type '<>f__AnonymousType1`4[[System.Boolean, System.Private.CoreLib, Version=9.0.0.0, Culture=neutral, PublicKeyToken=7cec85d7bea7798e],[System.Int32, System.Private.CoreLib, Version=9.0.0.0, Culture=neutral, PublicKeyToken=7cec85d7bea7798e],[System.Int32, System.Private.CoreLib, Version=9.0.0.0, Culture=neutral, PublicKeyToken=7cec85d7bea7798e],[<>f__AnonymousType2`3[[System.Int32, System.Private.CoreLib, Version=9.0.0.0, Culture=neutral, PublicKeyToken=7cec85d7bea7798e],[System.String, System.Private.CoreLib, Version=9.0.0.0, Culture=neutral, PublicKeyToken=7cec85d7bea7798e],[System.String, System.Private.CoreLib, Version=9.0.0.0, Culture=neutral, PublicKeyToken=7cec85d7bea7798e]], API, Version=1.0.0.0, Culture=neutral, PublicKeyToken=null]]'.
2026-06-14 19:19:25.870 +00:00 [INF] Executed action API.Controllers.AuthController.Authenticate (API) in 1954.0911ms
2026-06-14 19:19:25.871 +00:00 [INF] Executed endpoint 'API.Controllers.AuthController.Authenticate (API)'
2026-06-14 19:19:25.874 +00:00 [INF] Request finished HTTP/1.1 POST http://192.168.1.6:8080/api/auth - 499 null application/json; charset=utf-8 2003.0479ms
2026-06-14 19:19:32.338 +00:00 [INF] Request starting HTTP/1.1 OPTIONS http://192.168.1.6:8080/api/auth - null null
2026-06-14 19:19:32.338 +00:00 [INF] CORS policy execution successful.
2026-06-14 19:19:32.339 +00:00 [INF] Request finished HTTP/1.1 OPTIONS http://192.168.1.6:8080/api/auth - 204 null null 1.2225ms
2026-06-14 19:19:32.353 +00:00 [INF] Request starting HTTP/1.1 POST http://192.168.1.6:8080/api/auth - application/json 74
2026-06-14 19:19:32.353 +00:00 [INF] CORS policy execution successful.
2026-06-14 19:19:32.355 +00:00 [INF] ====== OnMessageReceived START ======
2026-06-14 19:19:32.355 +00:00 [INF] Available cookies: 1
2026-06-14 19:19:32.355 +00:00 [INF] Cookie: adminRefreshToken = 44 chars
2026-06-14 19:19:32.356 +00:00 [WRN] NO TOKEN FOUND IN COOKIES!
2026-06-14 19:19:32.356 +00:00 [INF] ====== OnMessageReceived END - Token set: false ======
2026-06-14 19:19:32.356 +00:00 [INF] Executing endpoint 'API.Controllers.AuthController.Authenticate (API)'
2026-06-14 19:19:32.356 +00:00 [INF] Route matched with {action = "Authenticate", controller = "Auth"}. Executing controller action with signature System.Threading.Tasks.Task`1[Microsoft.AspNetCore.Mvc.IActionResult] Authenticate(API.Models.RequestModels.LoginRequest) on controller API.Controllers.AuthController (API).
2026-06-14 19:19:32.373 +00:00 [INF] Authentication attempt for email: lengyelnorbi5@gmail.com
2026-06-14 19:19:32.374 +00:00 [INF] Fetching user by email from database...
2026-06-14 19:19:32.383 +00:00 [INF] Executed DbCommand (2ms) [Parameters=[@__email_0='?'], CommandType='"Text"', CommandTimeout='30']
SELECT u."ID", u."Email", u."PasswordHash", u."RegisteredAt", u."Role", u."Username"
FROM "Users" AS u
WHERE u."Email" = @__email_0
LIMIT 1
2026-06-14 19:19:32.384 +00:00 [INF] Mozilla/5.0 (Windows NT 10.0; Win64; x64; rv:151.0) Gecko/20100101 Firefox/151.0
2026-06-14 19:19:32.384 +00:00 [INF] Fetching user by email from database...
2026-06-14 19:19:32.387 +00:00 [INF] Executed DbCommand (2ms) [Parameters=[@__email_0='?'], CommandType='"Text"', CommandTimeout='30']
SELECT u."ID", u."Email", u."PasswordHash", u."RegisteredAt", u."Role", u."Username"
FROM "Users" AS u
WHERE u."Email" = @__email_0
LIMIT 1
2026-06-14 19:19:32.606 +00:00 [INF] Password verification completed: Valid
2026-06-14 19:19:32.611 +00:00 [INF] Executed DbCommand (4ms) [Parameters=[@p0='?' (DbType = DateTime), @p1='?', @p2='?' (DbType = DateTime), @p3='?', @p4='?' (DbType = Int32), @p5='?'], CommandType='"Text"', CommandTimeout='30']
INSERT INTO "AccessTokens" ("CreatedAt", "DeviceFingerprint", "ExpiresAt", "IpAddress", "UserID", jti)
VALUES (@p0, @p1, @p2, @p3, @p4, @p5)
RETURNING "ID", "IsRevoked";
2026-06-14 19:19:32.614 +00:00 [INF] Executed DbCommand (2ms) [Parameters=[@p0='?' (DbType = DateTime), @p1='?', @p2='?' (DbType = DateTime), @p3='?', @p4='?', @p5='?' (DbType = Int32)], CommandType='"Text"', CommandTimeout='30']
INSERT INTO "RefreshTokens" ("CreatedAt", "DeviceFingerprint", "ExpiresAt", "IpAddress", "TokenHash", "UserID")
VALUES (@p0, @p1, @p2, @p3, @p4, @p5)
RETURNING "ID", "IsRevoked";
2026-06-14 19:19:32.614 +00:00 [INF] Admin user lengyelnorbi5@gmail.com authenticated successfully from admin panel at "2026-06-14T19:19:32.6148139Z"
2026-06-14 19:19:32.615 +00:00 [INF] --------------------------------------------------------------------
2026-06-14 19:19:32.615 +00:00 [INF] eyJhbGciOiJIUzI1NiIsInR5cCI6IkpXVCJ9.eyJodHRwOi8vc2NoZW1hcy54bWxzb2FwLm9yZy93cy8yMDA1LzA1L2lkZW50aXR5L2NsYWltcy9uYW1laWRlbnRpZmllciI6IjEiLCJodHRwOi8vc2NoZW1hcy54bWxzb2FwLm9yZy93cy8yMDA1LzA1L2lkZW50aXR5L2NsYWltcy9lbWFpbGFkZHJlc3MiOiJsZW5neWVsbm9yYmk1QGdtYWlsLmNvbSIsImh0dHA6Ly9zY2hlbWFzLnhtbHNvYXAub3JnL3dzLzIwMDUvMDUvaWRlbnRpdHkvY2xhaW1zL25hbWUiOiJsZW5neWVsbm9yYmkiLCJqdGkiOiI3OTU4ZDJmYS1jYzdlLTQ0MDMtOGFmOC02YzZlNDZiMjU2MDQiLCJpYXQiOjE3ODE0NjQ3NzIsImV4cCI6MTc4MTQ2NTA3MiwiaHR0cDovL3NjaGVtYXMubWljcm9zb2Z0LmNvbS93cy8yMDA4LzA2L2lkZW50aXR5L2NsYWltcy9yb2xlIjoiQWRtaW4iLCJTb3VyY2UiOiJhZG1pbiIsIkRldmljZUlkIjoiL2EydWY0ejhyY0JJaElyN0tHYmQ2YWFoTXI4MEJoais5dXlMaVlOWjY2QT0iLCJJUEFkZHJlc3MiOiI6OmZmZmY6MTcyLjIwLjAuMSIsIlRva2VuVmVyc2lvbiI6IjEiLCJpc3MiOiJNdXNpY1BsYXllckFQSSIsImF1ZCI6Ik11c2ljUGxheWVyQ2xpZW50In0.l3kNvjONH3ecde2NUy6GJr-AxONEcXw-3sQHwx4A3e8
2026-06-14 19:19:32.615 +00:00 [INF] jblS49c5qg/z9wFFzPPW2KH4Awbi37OcJ1VvKEUXs8M=
2026-06-14 19:19:32.615 +00:00 [INF] Source: admin
2026-06-14 19:19:32.615 +00:00 [INF] Access Token expires at: "2026-06-14T19:24:32.6069260Z"
2026-06-14 19:19:32.615 +00:00 [INF] Refresh Token expires at: "2026-06-15T03:19:32.6122215Z"
2026-06-14 19:19:32.616 +00:00 [INF] tokenCookieName: adminToken
2026-06-14 19:19:32.616 +00:00 [INF] refreshTokenCookieName: adminRefreshToken
2026-06-14 19:19:32.616 +00:00 [INF] Refresh token hash stored in cookie: jblS49c5qg/z9wFFzPPW2KH4Awbi37OcJ1VvKEUXs8M=
2026-06-14 19:19:32.616 +00:00 [INF] --------------------------------------------------------------------
2026-06-14 19:19:32.616 +00:00 [INF] Executing OkObjectResult, writing value of type '<>f__AnonymousType1`4[[System.Boolean, System.Private.CoreLib, Version=9.0.0.0, Culture=neutral, PublicKeyToken=7cec85d7bea7798e],[System.Int32, System.Private.CoreLib, Version=9.0.0.0, Culture=neutral, PublicKeyToken=7cec85d7bea7798e],[System.Int32, System.Private.CoreLib, Version=9.0.0.0, Culture=neutral, PublicKeyToken=7cec85d7bea7798e],[<>f__AnonymousType2`3[[System.Int32, System.Private.CoreLib, Version=9.0.0.0, Culture=neutral, PublicKeyToken=7cec85d7bea7798e],[System.String, System.Private.CoreLib, Version=9.0.0.0, Culture=neutral, PublicKeyToken=7cec85d7bea7798e],[System.String, System.Private.CoreLib, Version=9.0.0.0, Culture=neutral, PublicKeyToken=7cec85d7bea7798e]], API, Version=1.0.0.0, Culture=neutral, PublicKeyToken=null]]'.
2026-06-14 19:19:32.617 +00:00 [INF] Executed action API.Controllers.AuthController.Authenticate (API) in 260.8834ms
2026-06-14 19:19:32.618 +00:00 [INF] Executed endpoint 'API.Controllers.AuthController.Authenticate (API)'
2026-06-14 19:19:32.618 +00:00 [INF] Request finished HTTP/1.1 POST http://192.168.1.6:8080/api/auth - 200 null application/json; charset=utf-8 265.5168ms
2026-06-14 19:19:33.680 +00:00 [INF] Request starting HTTP/1.1 GET http://192.168.1.6:8080/api/token/access-token?page=1&limit=10 - null null
2026-06-14 19:19:33.681 +00:00 [INF] CORS policy execution successful.
2026-06-14 19:19:33.682 +00:00 [INF] ====== OnMessageReceived START ======
2026-06-14 19:19:33.682 +00:00 [INF] Available cookies: 2
2026-06-14 19:19:33.683 +00:00 [INF] Cookie: adminRefreshToken = 44 chars
2026-06-14 19:19:33.683 +00:00 [INF] Cookie: adminToken = 844 chars
2026-06-14 19:19:33.683 +00:00 [INF] Admin token found in cookies, length: 844
2026-06-14 19:19:33.683 +00:00 [INF] Admin token set in context
2026-06-14 19:19:33.683 +00:00 [INF] ====== OnMessageReceived END - Token set: true ======
2026-06-14 19:19:33.708 +00:00 [INF] Token validated successfully for user: lengyelnorbi
2026-06-14 19:19:33.709 +00:00 [INF] Device fingerprint headers - UA: Mozilla/5.0 (Windows NT 10.0; Win64; x64; rv:151.0) Gecko/20100101 Firefox/151.0, Accept: application/json, text/plain, */*, Encoding: gzip, deflate
2026-06-14 19:19:33.709 +00:00 [INF] Device fingerprint validation: Stored=/a2uf4z8rcBIhIr7KGbd6aahMr80Bhj+9uyLiYNZ66A=, Current=/a2uf4z8rcBIhIr7KGbd6aahMr80Bhj+9uyLiYNZ66A=
2026-06-14 19:19:33.778 +00:00 [INF] Executed DbCommand (4ms) [Parameters=[@__jti_0='?', @__userId_1='?' (DbType = Int32)], CommandType='"Text"', CommandTimeout='30']
SELECT a."ID", a."CreatedAt", a."DeviceFingerprint", a."ExpiresAt", a."IpAddress", a."IsRevoked", a."UserID", a.jti
FROM "AccessTokens" AS a
WHERE a.jti = @__jti_0 AND a."UserID" = @__userId_1 AND NOT (a."IsRevoked") AND a."ExpiresAt" > now()
LIMIT 1
2026-06-14 19:19:33.781 +00:00 [INF] Executing endpoint 'API.Controllers.TokenController.GetAccessTokens (API)'
2026-06-14 19:19:33.785 +00:00 [INF] Route matched with {action = "GetAccessTokens", controller = "Token"}. Executing controller action with signature System.Threading.Tasks.Task`1[API.Utils.PagedResult`1[API.DTO.AccessTokenUserDTO]] GetAccessTokens(Int32, Int32) on controller API.Controllers.TokenController (API).
2026-06-14 19:19:33.790 +00:00 [INF] Received request to fetch access tokens with pagination: page=1, limit=10
2026-06-14 19:19:33.816 +00:00 [INF] Executed DbCommand (5ms) [Parameters=[], CommandType='"Text"', CommandTimeout='30']
SELECT count(*)::int
FROM "AccessTokens" AS a
WHERE a."IsRevoked"
2026-06-14 19:19:33.826 +00:00 [WRN] The query uses a row limiting operator ('Skip'/'Take') without an 'OrderBy' operator. This may lead to unpredictable results. If the 'Distinct' operator is used after 'OrderBy', then make sure to use the 'OrderBy' operator after 'Distinct' as the ordering would otherwise get erased.
2026-06-14 19:19:33.827 +00:00 [WRN] The query uses a row limiting operator ('Skip'/'Take') without an 'OrderBy' operator. This may lead to unpredictable results. If the 'Distinct' operator is used after 'OrderBy', then make sure to use the 'OrderBy' operator after 'Distinct' as the ordering would otherwise get erased.
2026-06-14 19:19:33.862 +00:00 [INF] Executed DbCommand (2ms) [Parameters=[@__p_1='?' (DbType = Int32), @__p_0='?' (DbType = Int32)], CommandType='"Text"', CommandTimeout='30']
SELECT a0."ID", a0.jti, a0."DeviceFingerprint", a0."IpAddress", a0."CreatedAt", a0."IsRevoked", a0."ExpiresAt", u."ID" AS "UserID", u."Username", u."Email", u."Role"
FROM (
    SELECT a."ID", a."CreatedAt", a."DeviceFingerprint", a."ExpiresAt", a."IpAddress", a."IsRevoked", a."UserID", a.jti
    FROM "AccessTokens" AS a
    WHERE a."IsRevoked"
    LIMIT @__p_1 OFFSET @__p_0
) AS a0
INNER JOIN "Users" AS u ON a0."UserID" = u."ID"
2026-06-14 19:19:33.863 +00:00 [INF] Executing ObjectResult, writing value of type 'API.Utils.PagedResult`1[[API.DTO.AccessTokenUserDTO, API, Version=1.0.0.0, Culture=neutral, PublicKeyToken=null]]'.
2026-06-14 19:19:33.875 +00:00 [INF] Executed action API.Controllers.TokenController.GetAccessTokens (API) in 87.9834ms
2026-06-14 19:19:33.875 +00:00 [INF] Executed endpoint 'API.Controllers.TokenController.GetAccessTokens (API)'
2026-06-14 19:19:33.875 +00:00 [INF] Request finished HTTP/1.1 GET http://192.168.1.6:8080/api/token/access-token?page=1&limit=10 - 200 null application/json; charset=utf-8 195.5012ms
2026-06-14 19:19:36.460 +00:00 [INF] Request starting HTTP/1.1 OPTIONS http://192.168.1.6:8080/api/token/revoke-access-token - null null
2026-06-14 19:19:36.462 +00:00 [INF] CORS policy execution successful.
2026-06-14 19:19:36.462 +00:00 [INF] Request finished HTTP/1.1 OPTIONS http://192.168.1.6:8080/api/token/revoke-access-token - 204 null null 1.8569ms
2026-06-14 19:19:36.465 +00:00 [INF] Request starting HTTP/1.1 PUT http://192.168.1.6:8080/api/token/revoke-access-token - application/json 33
2026-06-14 19:19:36.465 +00:00 [INF] CORS policy execution successful.
2026-06-14 19:19:36.465 +00:00 [INF] ====== OnMessageReceived START ======
2026-06-14 19:19:36.465 +00:00 [INF] Available cookies: 2
2026-06-14 19:19:36.466 +00:00 [INF] Cookie: adminRefreshToken = 44 chars
2026-06-14 19:19:36.466 +00:00 [INF] Cookie: adminToken = 844 chars
2026-06-14 19:19:36.466 +00:00 [INF] Admin token found in cookies, length: 844
2026-06-14 19:19:36.466 +00:00 [INF] Admin token set in context
2026-06-14 19:19:36.466 +00:00 [INF] ====== OnMessageReceived END - Token set: true ======
2026-06-14 19:19:36.468 +00:00 [INF] Token validated successfully for user: lengyelnorbi
2026-06-14 19:19:36.469 +00:00 [INF] Device fingerprint headers - UA: Mozilla/5.0 (Windows NT 10.0; Win64; x64; rv:151.0) Gecko/20100101 Firefox/151.0, Accept: */*, Encoding: gzip, deflate
2026-06-14 19:19:36.469 +00:00 [INF] Device fingerprint validation: Stored=/a2uf4z8rcBIhIr7KGbd6aahMr80Bhj+9uyLiYNZ66A=, Current=/a2uf4z8rcBIhIr7KGbd6aahMr80Bhj+9uyLiYNZ66A=
2026-06-14 19:19:36.472 +00:00 [INF] Executed DbCommand (2ms) [Parameters=[@__jti_0='?', @__userId_1='?' (DbType = Int32)], CommandType='"Text"', CommandTimeout='30']
SELECT a."ID", a."CreatedAt", a."DeviceFingerprint", a."ExpiresAt", a."IpAddress", a."IsRevoked", a."UserID", a.jti
FROM "AccessTokens" AS a
WHERE a.jti = @__jti_0 AND a."UserID" = @__userId_1 AND NOT (a."IsRevoked") AND a."ExpiresAt" > now()
LIMIT 1
2026-06-14 19:19:36.476 +00:00 [INF] Executing endpoint 'API.Controllers.TokenController.RevokeAccessToken (API)'
2026-06-14 19:19:36.478 +00:00 [INF] Route matched with {action = "RevokeAccessToken", controller = "Token"}. Executing controller action with signature System.Threading.Tasks.Task`1[Microsoft.AspNetCore.Mvc.IActionResult] RevokeAccessToken(API.Models.RequestModels.RevokeTokenRequest) on controller API.Controllers.TokenController (API).
2026-06-14 19:19:36.481 +00:00 [INF] Received request to revoke access token: tokenId=2061
2026-06-14 19:19:36.489 +00:00 [INF] Executed DbCommand (5ms) [Parameters=[@__tokenID_0='?' (DbType = Int32)], CommandType='"Text"', CommandTimeout='30']
SELECT a."ID", a."CreatedAt", a."DeviceFingerprint", a."ExpiresAt", a."IpAddress", a."IsRevoked", a."UserID", a.jti
FROM "AccessTokens" AS a
WHERE a."ID" = @__tokenID_0
LIMIT 1
2026-06-14 19:19:36.490 +00:00 [INF] Access token with ID 2061 has been revoked.
2026-06-14 19:19:36.492 +00:00 [INF] Executing StatusCodeResult, setting HTTP status code 200
2026-06-14 19:19:36.492 +00:00 [INF] Executed action API.Controllers.TokenController.RevokeAccessToken (API) in 13.7303ms
2026-06-14 19:19:36.492 +00:00 [INF] Executed endpoint 'API.Controllers.TokenController.RevokeAccessToken (API)'
2026-06-14 19:19:36.493 +00:00 [INF] Request finished HTTP/1.1 PUT http://192.168.1.6:8080/api/token/revoke-access-token - 200 0 null 28.0638ms
2026-06-14 19:19:38.988 +00:00 [INF] Request starting HTTP/1.1 GET http://192.168.1.6:8080/api/token/access-token?page=1&limit=10 - null null
2026-06-14 19:19:38.989 +00:00 [INF] CORS policy execution successful.
2026-06-14 19:19:38.989 +00:00 [INF] ====== OnMessageReceived START ======
2026-06-14 19:19:38.989 +00:00 [INF] Available cookies: 2
2026-06-14 19:19:38.990 +00:00 [INF] Cookie: adminRefreshToken = 44 chars
2026-06-14 19:19:38.990 +00:00 [INF] Cookie: adminToken = 844 chars
2026-06-14 19:19:38.990 +00:00 [INF] Admin token found in cookies, length: 844
2026-06-14 19:19:38.990 +00:00 [INF] Admin token set in context
2026-06-14 19:19:38.990 +00:00 [INF] ====== OnMessageReceived END - Token set: true ======
2026-06-14 19:19:38.991 +00:00 [INF] Token validated successfully for user: lengyelnorbi
2026-06-14 19:19:38.991 +00:00 [INF] Device fingerprint headers - UA: Mozilla/5.0 (Windows NT 10.0; Win64; x64; rv:151.0) Gecko/20100101 Firefox/151.0, Accept: application/json, text/plain, */*, Encoding: gzip, deflate
2026-06-14 19:19:38.991 +00:00 [INF] Device fingerprint validation: Stored=/a2uf4z8rcBIhIr7KGbd6aahMr80Bhj+9uyLiYNZ66A=, Current=/a2uf4z8rcBIhIr7KGbd6aahMr80Bhj+9uyLiYNZ66A=
2026-06-14 19:19:38.995 +00:00 [INF] Executed DbCommand (3ms) [Parameters=[@__jti_0='?', @__userId_1='?' (DbType = Int32)], CommandType='"Text"', CommandTimeout='30']
SELECT a."ID", a."CreatedAt", a."DeviceFingerprint", a."ExpiresAt", a."IpAddress", a."IsRevoked", a."UserID", a.jti
FROM "AccessTokens" AS a
WHERE a.jti = @__jti_0 AND a."UserID" = @__userId_1 AND NOT (a."IsRevoked") AND a."ExpiresAt" > now()
LIMIT 1
2026-06-14 19:19:38.995 +00:00 [INF] Executing endpoint 'API.Controllers.TokenController.GetAccessTokens (API)'
2026-06-14 19:19:38.996 +00:00 [INF] Route matched with {action = "GetAccessTokens", controller = "Token"}. Executing controller action with signature System.Threading.Tasks.Task`1[API.Utils.PagedResult`1[API.DTO.AccessTokenUserDTO]] GetAccessTokens(Int32, Int32) on controller API.Controllers.TokenController (API).
2026-06-14 19:19:38.997 +00:00 [INF] Received request to fetch access tokens with pagination: page=1, limit=10
2026-06-14 19:19:39.002 +00:00 [INF] Executed DbCommand (4ms) [Parameters=[], CommandType='"Text"', CommandTimeout='30']
SELECT count(*)::int
FROM "AccessTokens" AS a
WHERE a."IsRevoked"
2026-06-14 19:19:39.005 +00:00 [INF] Executed DbCommand (2ms) [Parameters=[@__p_1='?' (DbType = Int32), @__p_0='?' (DbType = Int32)], CommandType='"Text"', CommandTimeout='30']
SELECT a0."ID", a0.jti, a0."DeviceFingerprint", a0."IpAddress", a0."CreatedAt", a0."IsRevoked", a0."ExpiresAt", u."ID" AS "UserID", u."Username", u."Email", u."Role"
FROM (
    SELECT a."ID", a."CreatedAt", a."DeviceFingerprint", a."ExpiresAt", a."IpAddress", a."IsRevoked", a."UserID", a.jti
    FROM "AccessTokens" AS a
    WHERE a."IsRevoked"
    LIMIT @__p_1 OFFSET @__p_0
) AS a0
INNER JOIN "Users" AS u ON a0."UserID" = u."ID"
2026-06-14 19:19:39.005 +00:00 [INF] Executing ObjectResult, writing value of type 'API.Utils.PagedResult`1[[API.DTO.AccessTokenUserDTO, API, Version=1.0.0.0, Culture=neutral, PublicKeyToken=null]]'.
2026-06-14 19:19:39.006 +00:00 [INF] Executed action API.Controllers.TokenController.GetAccessTokens (API) in 9.8798ms
2026-06-14 19:19:39.006 +00:00 [INF] Executed endpoint 'API.Controllers.TokenController.GetAccessTokens (API)'
2026-06-14 19:19:39.006 +00:00 [INF] Request finished HTTP/1.1 GET http://192.168.1.6:8080/api/token/access-token?page=1&limit=10 - 200 null application/json; charset=utf-8 17.7769ms
2026-06-14 19:19:42.080 +00:00 [INF] Request starting HTTP/1.1 OPTIONS http://192.168.1.6:8080/api/token/revoke-access-token - null null
2026-06-14 19:19:42.081 +00:00 [INF] CORS policy execution successful.
2026-06-14 19:19:42.081 +00:00 [INF] Request finished HTTP/1.1 OPTIONS http://192.168.1.6:8080/api/token/revoke-access-token - 204 null null 1.0621ms
2026-06-14 19:19:42.085 +00:00 [INF] Request starting HTTP/1.1 PUT http://192.168.1.6:8080/api/token/revoke-access-token - application/json 33
2026-06-14 19:19:42.085 +00:00 [INF] CORS policy execution successful.
2026-06-14 19:19:42.086 +00:00 [INF] ====== OnMessageReceived START ======
2026-06-14 19:19:42.086 +00:00 [INF] Available cookies: 2
2026-06-14 19:19:42.087 +00:00 [INF] Cookie: adminRefreshToken = 44 chars
2026-06-14 19:19:42.087 +00:00 [INF] Cookie: adminToken = 844 chars
2026-06-14 19:19:42.088 +00:00 [INF] Admin token found in cookies, length: 844
2026-06-14 19:19:42.088 +00:00 [INF] Admin token set in context
2026-06-14 19:19:42.089 +00:00 [INF] ====== OnMessageReceived END - Token set: true ======
2026-06-14 19:19:42.089 +00:00 [INF] Token validated successfully for user: lengyelnorbi
2026-06-14 19:19:42.089 +00:00 [INF] Device fingerprint headers - UA: Mozilla/5.0 (Windows NT 10.0; Win64; x64; rv:151.0) Gecko/20100101 Firefox/151.0, Accept: */*, Encoding: gzip, deflate
2026-06-14 19:19:42.090 +00:00 [INF] Device fingerprint validation: Stored=/a2uf4z8rcBIhIr7KGbd6aahMr80Bhj+9uyLiYNZ66A=, Current=/a2uf4z8rcBIhIr7KGbd6aahMr80Bhj+9uyLiYNZ66A=
2026-06-14 19:19:42.092 +00:00 [INF] Executed DbCommand (2ms) [Parameters=[@__jti_0='?', @__userId_1='?' (DbType = Int32)], CommandType='"Text"', CommandTimeout='30']
SELECT a."ID", a."CreatedAt", a."DeviceFingerprint", a."ExpiresAt", a."IpAddress", a."IsRevoked", a."UserID", a.jti
FROM "AccessTokens" AS a
WHERE a.jti = @__jti_0 AND a."UserID" = @__userId_1 AND NOT (a."IsRevoked") AND a."ExpiresAt" > now()
LIMIT 1
2026-06-14 19:19:42.094 +00:00 [INF] Executing endpoint 'API.Controllers.TokenController.RevokeAccessToken (API)'
2026-06-14 19:19:42.094 +00:00 [INF] Route matched with {action = "RevokeAccessToken", controller = "Token"}. Executing controller action with signature System.Threading.Tasks.Task`1[Microsoft.AspNetCore.Mvc.IActionResult] RevokeAccessToken(API.Models.RequestModels.RevokeTokenRequest) on controller API.Controllers.TokenController (API).
2026-06-14 19:19:42.094 +00:00 [INF] Received request to revoke access token: tokenId=2065
2026-06-14 19:19:42.096 +00:00 [INF] Executed DbCommand (1ms) [Parameters=[@__tokenID_0='?' (DbType = Int32)], CommandType='"Text"', CommandTimeout='30']
SELECT a."ID", a."CreatedAt", a."DeviceFingerprint", a."ExpiresAt", a."IpAddress", a."IsRevoked", a."UserID", a.jti
FROM "AccessTokens" AS a
WHERE a."ID" = @__tokenID_0
LIMIT 1
2026-06-14 19:19:42.097 +00:00 [INF] Access token with ID 2065 has been revoked.
2026-06-14 19:19:42.098 +00:00 [INF] Executing StatusCodeResult, setting HTTP status code 200
2026-06-14 19:19:42.100 +00:00 [INF] Executed action API.Controllers.TokenController.RevokeAccessToken (API) in 5.4923ms
2026-06-14 19:19:42.101 +00:00 [INF] Executed endpoint 'API.Controllers.TokenController.RevokeAccessToken (API)'
2026-06-14 19:19:42.101 +00:00 [INF] Request finished HTTP/1.1 PUT http://192.168.1.6:8080/api/token/revoke-access-token - 200 0 null 16.418ms
2026-06-14 19:21:21.660 +00:00 [INF] Request starting HTTP/1.1 GET http://192.168.1.6:8080/api/token/access-token?page=1&limit=10 - null null
2026-06-14 19:21:21.661 +00:00 [INF] CORS policy execution successful.
2026-06-14 19:21:21.663 +00:00 [INF] ====== OnMessageReceived START ======
2026-06-14 19:21:21.664 +00:00 [INF] Available cookies: 2
2026-06-14 19:21:21.664 +00:00 [INF] Cookie: adminRefreshToken = 44 chars
2026-06-14 19:21:21.664 +00:00 [INF] Cookie: adminToken = 844 chars
2026-06-14 19:21:21.664 +00:00 [INF] Admin token found in cookies, length: 844
2026-06-14 19:21:21.664 +00:00 [INF] Admin token set in context
2026-06-14 19:21:21.665 +00:00 [INF] ====== OnMessageReceived END - Token set: true ======
2026-06-14 19:21:21.665 +00:00 [INF] Token validated successfully for user: lengyelnorbi
2026-06-14 19:21:21.665 +00:00 [INF] Device fingerprint headers - UA: Mozilla/5.0 (Windows NT 10.0; Win64; x64; rv:151.0) Gecko/20100101 Firefox/151.0, Accept: application/json, text/plain, */*, Encoding: gzip, deflate
2026-06-14 19:21:21.665 +00:00 [INF] Device fingerprint validation: Stored=/a2uf4z8rcBIhIr7KGbd6aahMr80Bhj+9uyLiYNZ66A=, Current=/a2uf4z8rcBIhIr7KGbd6aahMr80Bhj+9uyLiYNZ66A=
2026-06-14 19:21:21.668 +00:00 [INF] Executed DbCommand (2ms) [Parameters=[@__jti_0='?', @__userId_1='?' (DbType = Int32)], CommandType='"Text"', CommandTimeout='30']
SELECT a."ID", a."CreatedAt", a."DeviceFingerprint", a."ExpiresAt", a."IpAddress", a."IsRevoked", a."UserID", a.jti
FROM "AccessTokens" AS a
WHERE a.jti = @__jti_0 AND a."UserID" = @__userId_1 AND NOT (a."IsRevoked") AND a."ExpiresAt" > now()
LIMIT 1
2026-06-14 19:21:21.669 +00:00 [INF] Executing endpoint 'API.Controllers.TokenController.GetAccessTokens (API)'
2026-06-14 19:21:21.669 +00:00 [INF] Route matched with {action = "GetAccessTokens", controller = "Token"}. Executing controller action with signature System.Threading.Tasks.Task`1[API.Utils.PagedResult`1[API.DTO.AccessTokenUserDTO]] GetAccessTokens(Int32, Int32) on controller API.Controllers.TokenController (API).
2026-06-14 19:21:21.671 +00:00 [INF] Received request to fetch access tokens with pagination: page=1, limit=10
2026-06-14 19:21:21.674 +00:00 [INF] Executed DbCommand (2ms) [Parameters=[], CommandType='"Text"', CommandTimeout='30']
SELECT count(*)::int
FROM "AccessTokens" AS a
WHERE a."IsRevoked"
2026-06-14 19:21:21.676 +00:00 [INF] Executed DbCommand (1ms) [Parameters=[@__p_1='?' (DbType = Int32), @__p_0='?' (DbType = Int32)], CommandType='"Text"', CommandTimeout='30']
SELECT a0."ID", a0.jti, a0."DeviceFingerprint", a0."IpAddress", a0."CreatedAt", a0."IsRevoked", a0."ExpiresAt", u."ID" AS "UserID", u."Username", u."Email", u."Role"
FROM (
    SELECT a."ID", a."CreatedAt", a."DeviceFingerprint", a."ExpiresAt", a."IpAddress", a."IsRevoked", a."UserID", a.jti
    FROM "AccessTokens" AS a
    WHERE a."IsRevoked"
    LIMIT @__p_1 OFFSET @__p_0
) AS a0
INNER JOIN "Users" AS u ON a0."UserID" = u."ID"
2026-06-14 19:21:21.676 +00:00 [INF] Executing ObjectResult, writing value of type 'API.Utils.PagedResult`1[[API.DTO.AccessTokenUserDTO, API, Version=1.0.0.0, Culture=neutral, PublicKeyToken=null]]'.
2026-06-14 19:21:21.677 +00:00 [INF] Executed action API.Controllers.TokenController.GetAccessTokens (API) in 6.1935ms
2026-06-14 19:21:21.677 +00:00 [INF] Executed endpoint 'API.Controllers.TokenController.GetAccessTokens (API)'
2026-06-14 19:21:21.677 +00:00 [INF] Request finished HTTP/1.1 GET http://192.168.1.6:8080/api/token/access-token?page=1&limit=10 - 200 null application/json; charset=utf-8 17.4124ms
2026-06-14 19:21:22.199 +00:00 [INF] Request starting HTTP/1.1 GET http://192.168.1.6:8080/api/token/refresh-token?page=1&limit=10 - null null
2026-06-14 19:21:22.200 +00:00 [INF] CORS policy execution successful.
2026-06-14 19:21:22.200 +00:00 [INF] ====== OnMessageReceived START ======
2026-06-14 19:21:22.200 +00:00 [INF] Available cookies: 2
2026-06-14 19:21:22.200 +00:00 [INF] Cookie: adminRefreshToken = 44 chars
2026-06-14 19:21:22.200 +00:00 [INF] Cookie: adminToken = 844 chars
2026-06-14 19:21:22.200 +00:00 [INF] Admin token found in cookies, length: 844
2026-06-14 19:21:22.201 +00:00 [INF] Admin token set in context
2026-06-14 19:21:22.201 +00:00 [INF] ====== OnMessageReceived END - Token set: true ======
2026-06-14 19:21:22.201 +00:00 [INF] Token validated successfully for user: lengyelnorbi
2026-06-14 19:21:22.201 +00:00 [INF] Device fingerprint headers - UA: Mozilla/5.0 (Windows NT 10.0; Win64; x64; rv:151.0) Gecko/20100101 Firefox/151.0, Accept: application/json, text/plain, */*, Encoding: gzip, deflate
2026-06-14 19:21:22.202 +00:00 [INF] Device fingerprint validation: Stored=/a2uf4z8rcBIhIr7KGbd6aahMr80Bhj+9uyLiYNZ66A=, Current=/a2uf4z8rcBIhIr7KGbd6aahMr80Bhj+9uyLiYNZ66A=
2026-06-14 19:21:22.207 +00:00 [INF] Executed DbCommand (4ms) [Parameters=[@__jti_0='?', @__userId_1='?' (DbType = Int32)], CommandType='"Text"', CommandTimeout='30']
SELECT a."ID", a."CreatedAt", a."DeviceFingerprint", a."ExpiresAt", a."IpAddress", a."IsRevoked", a."UserID", a.jti
FROM "AccessTokens" AS a
WHERE a.jti = @__jti_0 AND a."UserID" = @__userId_1 AND NOT (a."IsRevoked") AND a."ExpiresAt" > now()
LIMIT 1
2026-06-14 19:21:22.208 +00:00 [INF] Executing endpoint 'API.Controllers.TokenController.GetRefreshTokens (API)'
2026-06-14 19:21:22.210 +00:00 [INF] Route matched with {action = "GetRefreshTokens", controller = "Token"}. Executing controller action with signature System.Threading.Tasks.Task`1[API.Utils.PagedResult`1[API.DTO.RefreshTokenUserDTO]] GetRefreshTokens(Int32, Int32) on controller API.Controllers.TokenController (API).
2026-06-14 19:21:22.210 +00:00 [INF] Received request to fetch refresh tokens with pagination: page=1, limit=10
2026-06-14 19:21:22.220 +00:00 [INF] Executed DbCommand (4ms) [Parameters=[], CommandType='"Text"', CommandTimeout='30']
SELECT count(*)::int
FROM "RefreshTokens" AS r
WHERE NOT (r."IsRevoked")
2026-06-14 19:21:22.222 +00:00 [WRN] The query uses a row limiting operator ('Skip'/'Take') without an 'OrderBy' operator. This may lead to unpredictable results. If the 'Distinct' operator is used after 'OrderBy', then make sure to use the 'OrderBy' operator after 'Distinct' as the ordering would otherwise get erased.
2026-06-14 19:21:22.223 +00:00 [WRN] The query uses a row limiting operator ('Skip'/'Take') without an 'OrderBy' operator. This may lead to unpredictable results. If the 'Distinct' operator is used after 'OrderBy', then make sure to use the 'OrderBy' operator after 'Distinct' as the ordering would otherwise get erased.
2026-06-14 19:21:22.229 +00:00 [INF] Executed DbCommand (2ms) [Parameters=[@__p_1='?' (DbType = Int32), @__p_0='?' (DbType = Int32)], CommandType='"Text"', CommandTimeout='30']
SELECT r0."ID", r0."TokenHash", r0."DeviceFingerprint", r0."IpAddress", r0."CreatedAt", r0."IsRevoked", r0."ExpiresAt", u."ID" AS "UserID", u."Username", u."Email", u."Role"
FROM (
    SELECT r."ID", r."CreatedAt", r."DeviceFingerprint", r."ExpiresAt", r."IpAddress", r."IsRevoked", r."TokenHash", r."UserID"
    FROM "RefreshTokens" AS r
    WHERE NOT (r."IsRevoked")
    LIMIT @__p_1 OFFSET @__p_0
) AS r0
INNER JOIN "Users" AS u ON r0."UserID" = u."ID"
2026-06-14 19:21:22.230 +00:00 [INF] Executing ObjectResult, writing value of type 'API.Utils.PagedResult`1[[API.DTO.RefreshTokenUserDTO, API, Version=1.0.0.0, Culture=neutral, PublicKeyToken=null]]'.
2026-06-14 19:21:22.232 +00:00 [INF] Executed action API.Controllers.TokenController.GetRefreshTokens (API) in 21.9768ms
2026-06-14 19:21:22.232 +00:00 [INF] Executed endpoint 'API.Controllers.TokenController.GetRefreshTokens (API)'
2026-06-14 19:21:22.232 +00:00 [INF] Request finished HTTP/1.1 GET http://192.168.1.6:8080/api/token/refresh-token?page=1&limit=10 - 200 null application/json; charset=utf-8 33.4701ms
2026-06-14 19:22:14.443 +00:00 [INF] Application is shutting down...
2026-06-14 19:22:15.403 +00:00 [WRN] Storing keys in a directory '/home/app/.aspnet/DataProtection-Keys' that may not be persisted outside of the container. Protected data will be unavailable when container is destroyed. For more information go to https://aka.ms/aspnet/dataprotectionwarning
2026-06-14 19:22:15.434 +00:00 [INF] User profile is available. Using '/home/app/.aspnet/DataProtection-Keys' as key repository; keys will not be encrypted at rest.
2026-06-14 19:22:15.446 +00:00 [INF] Creating key {19bc0146-c54c-4843-bb9a-89e2a5bb1ee9} with creation date 2026-06-14 19:22:15Z, activation date 2026-06-14 19:22:15Z, and expiration date 2026-09-12 19:22:15Z.
2026-06-14 19:22:15.484 +00:00 [WRN] No XML encryptor configured. Key {19bc0146-c54c-4843-bb9a-89e2a5bb1ee9} may be persisted to storage in unencrypted form.
2026-06-14 19:22:15.487 +00:00 [INF] Writing data to file '/home/app/.aspnet/DataProtection-Keys/key-19bc0146-c54c-4843-bb9a-89e2a5bb1ee9.xml'.
2026-06-14 19:22:15.543 +00:00 [INF] Now listening on: http://[::]:8080
2026-06-14 19:22:15.545 +00:00 [INF] Application started. Press Ctrl+C to shut down.
2026-06-14 19:22:15.545 +00:00 [INF] Hosting environment: Development
2026-06-14 19:22:15.546 +00:00 [INF] Content root path: /app
2026-06-14 19:22:22.834 +00:00 [INF] Request starting HTTP/1.1 GET http://192.168.1.6:8080/api/token/access-token?page=1&limit=10 - null null
2026-06-14 19:22:22.850 +00:00 [WRN] Failed to determine the https port for redirect.
2026-06-14 19:22:22.853 +00:00 [INF] CORS policy execution successful.
2026-06-14 19:22:22.870 +00:00 [INF] ====== OnMessageReceived START ======
2026-06-14 19:22:22.871 +00:00 [INF] Available cookies: 2
2026-06-14 19:22:22.872 +00:00 [INF] Cookie: adminRefreshToken = 44 chars
2026-06-14 19:22:22.873 +00:00 [INF] Cookie: adminToken = 844 chars
2026-06-14 19:22:22.873 +00:00 [INF] Admin token found in cookies, length: 844
2026-06-14 19:22:22.873 +00:00 [INF] Admin token set in context
2026-06-14 19:22:22.874 +00:00 [INF] ====== OnMessageReceived END - Token set: true ======
2026-06-14 19:22:22.910 +00:00 [INF] Token validated successfully for user: lengyelnorbi
2026-06-14 19:22:22.911 +00:00 [INF] Device fingerprint headers - UA: Mozilla/5.0 (Windows NT 10.0; Win64; x64; rv:151.0) Gecko/20100101 Firefox/151.0, Accept: application/json, text/plain, */*, Encoding: gzip, deflate
2026-06-14 19:22:22.913 +00:00 [INF] Device fingerprint validation: Stored=/a2uf4z8rcBIhIr7KGbd6aahMr80Bhj+9uyLiYNZ66A=, Current=/a2uf4z8rcBIhIr7KGbd6aahMr80Bhj+9uyLiYNZ66A=
2026-06-14 19:22:23.716 +00:00 [INF] Executed DbCommand (37ms) [Parameters=[@__jti_0='?', @__userId_1='?' (DbType = Int32)], CommandType='"Text"', CommandTimeout='30']
SELECT a."ID", a."CreatedAt", a."DeviceFingerprint", a."ExpiresAt", a."IpAddress", a."IsRevoked", a."UserID", a.jti
FROM "AccessTokens" AS a
WHERE a.jti = @__jti_0 AND a."UserID" = @__userId_1 AND NOT (a."IsRevoked") AND a."ExpiresAt" > now()
LIMIT 1
2026-06-14 19:22:23.783 +00:00 [INF] Executing endpoint 'API.Controllers.TokenController.GetAccessTokens (API)'
2026-06-14 19:22:23.798 +00:00 [INF] Route matched with {action = "GetAccessTokens", controller = "Token"}. Executing controller action with signature System.Threading.Tasks.Task`1[API.Utils.PagedResult`1[API.DTO.AccessTokenUserDTO]] GetAccessTokens(Int32, Int32) on controller API.Controllers.TokenController (API).
2026-06-14 19:22:23.807 +00:00 [INF] Received request to fetch access tokens with pagination: page=1, limit=10
2026-06-14 19:22:23.829 +00:00 [INF] Executed DbCommand (3ms) [Parameters=[], CommandType='"Text"', CommandTimeout='30']
SELECT count(*)::int
FROM "AccessTokens" AS a
WHERE a."IsRevoked"
2026-06-14 19:22:23.838 +00:00 [WRN] The query uses a row limiting operator ('Skip'/'Take') without an 'OrderBy' operator. This may lead to unpredictable results. If the 'Distinct' operator is used after 'OrderBy', then make sure to use the 'OrderBy' operator after 'Distinct' as the ordering would otherwise get erased.
2026-06-14 19:22:23.839 +00:00 [WRN] The query uses a row limiting operator ('Skip'/'Take') without an 'OrderBy' operator. This may lead to unpredictable results. If the 'Distinct' operator is used after 'OrderBy', then make sure to use the 'OrderBy' operator after 'Distinct' as the ordering would otherwise get erased.
2026-06-14 19:22:23.871 +00:00 [INF] Executed DbCommand (2ms) [Parameters=[@__p_1='?' (DbType = Int32), @__p_0='?' (DbType = Int32)], CommandType='"Text"', CommandTimeout='30']
SELECT a0."ID", a0.jti, a0."DeviceFingerprint", a0."IpAddress", a0."CreatedAt", a0."IsRevoked", a0."ExpiresAt", u."ID" AS "UserID", u."Username", u."Email", u."Role"
FROM (
    SELECT a."ID", a."CreatedAt", a."DeviceFingerprint", a."ExpiresAt", a."IpAddress", a."IsRevoked", a."UserID", a.jti
    FROM "AccessTokens" AS a
    WHERE a."IsRevoked"
    LIMIT @__p_1 OFFSET @__p_0
) AS a0
INNER JOIN "Users" AS u ON a0."UserID" = u."ID"
2026-06-14 19:22:23.875 +00:00 [INF] Executing ObjectResult, writing value of type 'API.Utils.PagedResult`1[[API.DTO.AccessTokenUserDTO, API, Version=1.0.0.0, Culture=neutral, PublicKeyToken=null]]'.
2026-06-14 19:22:23.908 +00:00 [INF] Executed action API.Controllers.TokenController.GetAccessTokens (API) in 108.3333ms
2026-06-14 19:22:23.912 +00:00 [INF] Executed endpoint 'API.Controllers.TokenController.GetAccessTokens (API)'
2026-06-14 19:22:23.917 +00:00 [INF] Request finished HTTP/1.1 GET http://192.168.1.6:8080/api/token/access-token?page=1&limit=10 - 200 null application/json; charset=utf-8 1084.7532ms
2026-06-14 19:23:49.950 +00:00 [INF] Request starting HTTP/1.1 GET http://192.168.1.6:8080/api/user?page=1&limit=10 - null null
2026-06-14 19:23:49.951 +00:00 [INF] Request starting HTTP/1.1 GET http://192.168.1.6:8080/api/user?page=1&limit=10 - null null
2026-06-14 19:23:49.952 +00:00 [INF] CORS policy execution successful.
2026-06-14 19:23:49.952 +00:00 [INF] CORS policy execution successful.
2026-06-14 19:23:49.953 +00:00 [INF] ====== OnMessageReceived START ======
2026-06-14 19:23:49.955 +00:00 [INF] Available cookies: 2
2026-06-14 19:23:49.955 +00:00 [INF] ====== OnMessageReceived START ======
2026-06-14 19:23:49.957 +00:00 [INF] Cookie: adminRefreshToken = 44 chars
2026-06-14 19:23:49.957 +00:00 [INF] Available cookies: 2
2026-06-14 19:23:49.958 +00:00 [INF] Cookie: adminToken = 844 chars
2026-06-14 19:23:49.959 +00:00 [INF] Cookie: adminRefreshToken = 44 chars
2026-06-14 19:23:49.959 +00:00 [INF] Admin token found in cookies, length: 844
2026-06-14 19:23:49.959 +00:00 [INF] Cookie: adminToken = 844 chars
2026-06-14 19:23:49.960 +00:00 [INF] Admin token set in context
2026-06-14 19:23:49.960 +00:00 [INF] Admin token found in cookies, length: 844
2026-06-14 19:23:49.961 +00:00 [INF] ====== OnMessageReceived END - Token set: true ======
2026-06-14 19:23:49.963 +00:00 [INF] Admin token set in context
2026-06-14 19:23:49.964 +00:00 [INF] ====== OnMessageReceived END - Token set: true ======
2026-06-14 19:23:49.966 +00:00 [INF] Token validated successfully for user: lengyelnorbi
2026-06-14 19:23:49.967 +00:00 [INF] Token validated successfully for user: lengyelnorbi
2026-06-14 19:23:49.968 +00:00 [INF] Device fingerprint headers - UA: Mozilla/5.0 (Windows NT 10.0; Win64; x64; rv:151.0) Gecko/20100101 Firefox/151.0, Accept: application/json, text/plain, */*, Encoding: gzip, deflate
2026-06-14 19:23:49.968 +00:00 [INF] Device fingerprint headers - UA: Mozilla/5.0 (Windows NT 10.0; Win64; x64; rv:151.0) Gecko/20100101 Firefox/151.0, Accept: application/json, text/plain, */*, Encoding: gzip, deflate
2026-06-14 19:23:49.970 +00:00 [INF] Device fingerprint validation: Stored=/a2uf4z8rcBIhIr7KGbd6aahMr80Bhj+9uyLiYNZ66A=, Current=/a2uf4z8rcBIhIr7KGbd6aahMr80Bhj+9uyLiYNZ66A=
2026-06-14 19:23:49.970 +00:00 [INF] Device fingerprint validation: Stored=/a2uf4z8rcBIhIr7KGbd6aahMr80Bhj+9uyLiYNZ66A=, Current=/a2uf4z8rcBIhIr7KGbd6aahMr80Bhj+9uyLiYNZ66A=
2026-06-14 19:23:50.022 +00:00 [INF] Executed DbCommand (10ms) [Parameters=[@__jti_0='?', @__userId_1='?' (DbType = Int32)], CommandType='"Text"', CommandTimeout='30']
SELECT a."ID", a."CreatedAt", a."DeviceFingerprint", a."ExpiresAt", a."IpAddress", a."IsRevoked", a."UserID", a.jti
FROM "AccessTokens" AS a
WHERE a.jti = @__jti_0 AND a."UserID" = @__userId_1 AND NOT (a."IsRevoked") AND a."ExpiresAt" > now()
LIMIT 1
2026-06-14 19:23:50.024 +00:00 [INF] Executing endpoint 'API.Controllers.UserController.Get (API)'
2026-06-14 19:23:50.029 +00:00 [INF] Route matched with {action = "Get", controller = "User"}. Executing controller action with signature System.Threading.Tasks.Task`1[API.Utils.PagedResult`1[API.DTO.UserDTO]] Get(Int32, Int32) on controller API.Controllers.UserController (API).
2026-06-14 19:23:50.044 +00:00 [INF] Executed DbCommand (8ms) [Parameters=[@__jti_0='?', @__userId_1='?' (DbType = Int32)], CommandType='"Text"', CommandTimeout='30']
SELECT a."ID", a."CreatedAt", a."DeviceFingerprint", a."ExpiresAt", a."IpAddress", a."IsRevoked", a."UserID", a.jti
FROM "AccessTokens" AS a
WHERE a.jti = @__jti_0 AND a."UserID" = @__userId_1 AND NOT (a."IsRevoked") AND a."ExpiresAt" > now()
LIMIT 1
2026-06-14 19:23:50.045 +00:00 [INF] Executing endpoint 'API.Controllers.UserController.Get (API)'
2026-06-14 19:23:50.046 +00:00 [INF] Route matched with {action = "Get", controller = "User"}. Executing controller action with signature System.Threading.Tasks.Task`1[API.Utils.PagedResult`1[API.DTO.UserDTO]] Get(Int32, Int32) on controller API.Controllers.UserController (API).
2026-06-14 19:23:50.048 +00:00 [INF] Executed DbCommand (3ms) [Parameters=[], CommandType='"Text"', CommandTimeout='30']
SELECT count(*)::int
FROM "Users" AS u
2026-06-14 19:23:50.053 +00:00 [INF] Executed DbCommand (6ms) [Parameters=[], CommandType='"Text"', CommandTimeout='30']
SELECT count(*)::int
FROM "Users" AS u
2026-06-14 19:23:50.055 +00:00 [INF] Executed DbCommand (1ms) [Parameters=[@__p_1='?' (DbType = Int32), @__p_0='?' (DbType = Int32)], CommandType='"Text"', CommandTimeout='30']
SELECT u."ID", u."Username", u."Email", u."RegisteredAt", u."Role"
FROM "Users" AS u
ORDER BY u."ID"
LIMIT @__p_1 OFFSET @__p_0
2026-06-14 19:23:50.055 +00:00 [INF] Executed DbCommand (1ms) [Parameters=[@__p_1='?' (DbType = Int32), @__p_0='?' (DbType = Int32)], CommandType='"Text"', CommandTimeout='30']
SELECT u."ID", u."Username", u."Email", u."RegisteredAt", u."Role"
FROM "Users" AS u
ORDER BY u."ID"
LIMIT @__p_1 OFFSET @__p_0
2026-06-14 19:23:50.057 +00:00 [INF] Executing ObjectResult, writing value of type 'API.Utils.PagedResult`1[[API.DTO.UserDTO, API, Version=1.0.0.0, Culture=neutral, PublicKeyToken=null]]'.
2026-06-14 19:23:50.058 +00:00 [INF] Executing ObjectResult, writing value of type 'API.Utils.PagedResult`1[[API.DTO.UserDTO, API, Version=1.0.0.0, Culture=neutral, PublicKeyToken=null]]'.
2026-06-14 19:23:50.068 +00:00 [INF] Executed action API.Controllers.UserController.Get (API) in 37.2967ms
2026-06-14 19:23:50.068 +00:00 [INF] Executed action API.Controllers.UserController.Get (API) in 21.7187ms
2026-06-14 19:23:50.068 +00:00 [INF] Executed endpoint 'API.Controllers.UserController.Get (API)'
2026-06-14 19:23:50.069 +00:00 [INF] Executed endpoint 'API.Controllers.UserController.Get (API)'
2026-06-14 19:23:50.069 +00:00 [INF] Request finished HTTP/1.1 GET http://192.168.1.6:8080/api/user?page=1&limit=10 - 200 null application/json; charset=utf-8 118.799ms
2026-06-14 19:23:50.069 +00:00 [INF] Request finished HTTP/1.1 GET http://192.168.1.6:8080/api/user?page=1&limit=10 - 200 null application/json; charset=utf-8 117.9242ms
2026-06-14 19:23:50.583 +00:00 [INF] Request starting HTTP/1.1 GET http://192.168.1.6:8080/api/token/access-token?page=1&limit=10 - null null
2026-06-14 19:23:50.584 +00:00 [INF] CORS policy execution successful.
2026-06-14 19:23:50.585 +00:00 [INF] ====== OnMessageReceived START ======
2026-06-14 19:23:50.585 +00:00 [INF] Available cookies: 2
2026-06-14 19:23:50.585 +00:00 [INF] Cookie: adminRefreshToken = 44 chars
2026-06-14 19:23:50.585 +00:00 [INF] Cookie: adminToken = 844 chars
2026-06-14 19:23:50.586 +00:00 [INF] Admin token found in cookies, length: 844
2026-06-14 19:23:50.586 +00:00 [INF] Admin token set in context
2026-06-14 19:23:50.586 +00:00 [INF] ====== OnMessageReceived END - Token set: true ======
2026-06-14 19:23:50.586 +00:00 [INF] Token validated successfully for user: lengyelnorbi
2026-06-14 19:23:50.587 +00:00 [INF] Device fingerprint headers - UA: Mozilla/5.0 (Windows NT 10.0; Win64; x64; rv:151.0) Gecko/20100101 Firefox/151.0, Accept: application/json, text/plain, */*, Encoding: gzip, deflate
2026-06-14 19:23:50.587 +00:00 [INF] Device fingerprint validation: Stored=/a2uf4z8rcBIhIr7KGbd6aahMr80Bhj+9uyLiYNZ66A=, Current=/a2uf4z8rcBIhIr7KGbd6aahMr80Bhj+9uyLiYNZ66A=
2026-06-14 19:23:50.635 +00:00 [INF] Executed DbCommand (6ms) [Parameters=[@__jti_0='?', @__userId_1='?' (DbType = Int32)], CommandType='"Text"', CommandTimeout='30']
SELECT a."ID", a."CreatedAt", a."DeviceFingerprint", a."ExpiresAt", a."IpAddress", a."IsRevoked", a."UserID", a.jti
FROM "AccessTokens" AS a
WHERE a.jti = @__jti_0 AND a."UserID" = @__userId_1 AND NOT (a."IsRevoked") AND a."ExpiresAt" > now()
LIMIT 1
2026-06-14 19:23:50.636 +00:00 [INF] Executing endpoint 'API.Controllers.TokenController.GetAccessTokens (API)'
2026-06-14 19:23:50.636 +00:00 [INF] Route matched with {action = "GetAccessTokens", controller = "Token"}. Executing controller action with signature System.Threading.Tasks.Task`1[API.Utils.PagedResult`1[API.DTO.AccessTokenUserDTO]] GetAccessTokens(Int32, Int32) on controller API.Controllers.TokenController (API).
2026-06-14 19:23:50.637 +00:00 [INF] Received request to fetch access tokens with pagination: page=1, limit=10
2026-06-14 19:23:50.646 +00:00 [INF] Executed DbCommand (9ms) [Parameters=[], CommandType='"Text"', CommandTimeout='30']
SELECT count(*)::int
FROM "AccessTokens" AS a
WHERE a."IsRevoked"
2026-06-14 19:23:50.650 +00:00 [INF] Executed DbCommand (2ms) [Parameters=[@__p_1='?' (DbType = Int32), @__p_0='?' (DbType = Int32)], CommandType='"Text"', CommandTimeout='30']
SELECT a0."ID", a0.jti, a0."DeviceFingerprint", a0."IpAddress", a0."CreatedAt", a0."IsRevoked", a0."ExpiresAt", u."ID" AS "UserID", u."Username", u."Email", u."Role"
FROM (
    SELECT a."ID", a."CreatedAt", a."DeviceFingerprint", a."ExpiresAt", a."IpAddress", a."IsRevoked", a."UserID", a.jti
    FROM "AccessTokens" AS a
    WHERE a."IsRevoked"
    LIMIT @__p_1 OFFSET @__p_0
) AS a0
INNER JOIN "Users" AS u ON a0."UserID" = u."ID"
2026-06-14 19:23:50.651 +00:00 [INF] Executing ObjectResult, writing value of type 'API.Utils.PagedResult`1[[API.DTO.AccessTokenUserDTO, API, Version=1.0.0.0, Culture=neutral, PublicKeyToken=null]]'.
2026-06-14 19:23:50.652 +00:00 [INF] Executed action API.Controllers.TokenController.GetAccessTokens (API) in 15.2487ms
2026-06-14 19:23:50.652 +00:00 [INF] Executed endpoint 'API.Controllers.TokenController.GetAccessTokens (API)'
2026-06-14 19:23:50.653 +00:00 [INF] Request finished HTTP/1.1 GET http://192.168.1.6:8080/api/token/access-token?page=1&limit=10 - 200 null application/json; charset=utf-8 70.0019ms
2026-06-14 19:23:52.340 +00:00 [INF] Request starting HTTP/1.1 OPTIONS http://192.168.1.6:8080/api/token/revoke-access-token - null null
2026-06-14 19:23:52.340 +00:00 [INF] CORS policy execution successful.
2026-06-14 19:23:52.341 +00:00 [INF] Request finished HTTP/1.1 OPTIONS http://192.168.1.6:8080/api/token/revoke-access-token - 204 null null 1.6626ms
2026-06-14 19:23:52.344 +00:00 [INF] Request starting HTTP/1.1 PUT http://192.168.1.6:8080/api/token/revoke-access-token - application/json 33
2026-06-14 19:23:52.349 +00:00 [INF] CORS policy execution successful.
2026-06-14 19:23:52.350 +00:00 [INF] ====== OnMessageReceived START ======
2026-06-14 19:23:52.350 +00:00 [INF] Available cookies: 2
2026-06-14 19:23:52.350 +00:00 [INF] Cookie: adminRefreshToken = 44 chars
2026-06-14 19:23:52.351 +00:00 [INF] Cookie: adminToken = 844 chars
2026-06-14 19:23:52.351 +00:00 [INF] Admin token found in cookies, length: 844
2026-06-14 19:23:52.351 +00:00 [INF] Admin token set in context
2026-06-14 19:23:52.351 +00:00 [INF] ====== OnMessageReceived END - Token set: true ======
2026-06-14 19:23:52.352 +00:00 [INF] Token validated successfully for user: lengyelnorbi
2026-06-14 19:23:52.352 +00:00 [INF] Device fingerprint headers - UA: Mozilla/5.0 (Windows NT 10.0; Win64; x64; rv:151.0) Gecko/20100101 Firefox/151.0, Accept: */*, Encoding: gzip, deflate
2026-06-14 19:23:52.352 +00:00 [INF] Device fingerprint validation: Stored=/a2uf4z8rcBIhIr7KGbd6aahMr80Bhj+9uyLiYNZ66A=, Current=/a2uf4z8rcBIhIr7KGbd6aahMr80Bhj+9uyLiYNZ66A=
2026-06-14 19:23:52.355 +00:00 [INF] Executed DbCommand (1ms) [Parameters=[@__jti_0='?', @__userId_1='?' (DbType = Int32)], CommandType='"Text"', CommandTimeout='30']
SELECT a."ID", a."CreatedAt", a."DeviceFingerprint", a."ExpiresAt", a."IpAddress", a."IsRevoked", a."UserID", a.jti
FROM "AccessTokens" AS a
WHERE a.jti = @__jti_0 AND a."UserID" = @__userId_1 AND NOT (a."IsRevoked") AND a."ExpiresAt" > now()
LIMIT 1
2026-06-14 19:23:52.359 +00:00 [INF] Executing endpoint 'API.Controllers.TokenController.RevokeAccessToken (API)'
2026-06-14 19:23:52.361 +00:00 [INF] Route matched with {action = "RevokeAccessToken", controller = "Token"}. Executing controller action with signature System.Threading.Tasks.Task`1[Microsoft.AspNetCore.Mvc.IActionResult] RevokeAccessToken(API.Models.RequestModels.RevokeTokenRequest) on controller API.Controllers.TokenController (API).
2026-06-14 19:23:52.383 +00:00 [INF] Received request to revoke access token: tokenId=2061
2026-06-14 19:23:52.395 +00:00 [INF] Executed DbCommand (3ms) [Parameters=[@__tokenID_0='?' (DbType = Int32)], CommandType='"Text"', CommandTimeout='30']
SELECT a."ID", a."CreatedAt", a."DeviceFingerprint", a."ExpiresAt", a."IpAddress", a."IsRevoked", a."UserID", a.jti
FROM "AccessTokens" AS a
WHERE a."ID" = @__tokenID_0
LIMIT 1
2026-06-14 19:23:52.416 +00:00 [INF] Access token with ID 2061 has been revoked.
2026-06-14 19:23:52.418 +00:00 [INF] Executing StatusCodeResult, setting HTTP status code 200
2026-06-14 19:23:52.419 +00:00 [INF] Executed action API.Controllers.TokenController.RevokeAccessToken (API) in 56.9435ms
2026-06-14 19:23:52.419 +00:00 [INF] Executed endpoint 'API.Controllers.TokenController.RevokeAccessToken (API)'
2026-06-14 19:23:52.419 +00:00 [INF] Request finished HTTP/1.1 PUT http://192.168.1.6:8080/api/token/revoke-access-token - 200 0 null 74.8403ms
2026-06-14 19:23:54.056 +00:00 [INF] Request starting HTTP/1.1 GET http://192.168.1.6:8080/api/token/access-token?page=1&limit=10 - null null
2026-06-14 19:23:54.056 +00:00 [INF] CORS policy execution successful.
2026-06-14 19:23:54.057 +00:00 [INF] ====== OnMessageReceived START ======
2026-06-14 19:23:54.057 +00:00 [INF] Available cookies: 2
2026-06-14 19:23:54.057 +00:00 [INF] Cookie: adminRefreshToken = 44 chars
2026-06-14 19:23:54.057 +00:00 [INF] Cookie: adminToken = 844 chars
2026-06-14 19:23:54.057 +00:00 [INF] Admin token found in cookies, length: 844
2026-06-14 19:23:54.057 +00:00 [INF] Admin token set in context
2026-06-14 19:23:54.058 +00:00 [INF] ====== OnMessageReceived END - Token set: true ======
2026-06-14 19:23:54.058 +00:00 [INF] Token validated successfully for user: lengyelnorbi
2026-06-14 19:23:54.058 +00:00 [INF] Device fingerprint headers - UA: Mozilla/5.0 (Windows NT 10.0; Win64; x64; rv:151.0) Gecko/20100101 Firefox/151.0, Accept: application/json, text/plain, */*, Encoding: gzip, deflate
2026-06-14 19:23:54.058 +00:00 [INF] Device fingerprint validation: Stored=/a2uf4z8rcBIhIr7KGbd6aahMr80Bhj+9uyLiYNZ66A=, Current=/a2uf4z8rcBIhIr7KGbd6aahMr80Bhj+9uyLiYNZ66A=
2026-06-14 19:23:54.065 +00:00 [INF] Executed DbCommand (5ms) [Parameters=[@__jti_0='?', @__userId_1='?' (DbType = Int32)], CommandType='"Text"', CommandTimeout='30']
SELECT a."ID", a."CreatedAt", a."DeviceFingerprint", a."ExpiresAt", a."IpAddress", a."IsRevoked", a."UserID", a.jti
FROM "AccessTokens" AS a
WHERE a.jti = @__jti_0 AND a."UserID" = @__userId_1 AND NOT (a."IsRevoked") AND a."ExpiresAt" > now()
LIMIT 1
2026-06-14 19:23:54.066 +00:00 [INF] Executing endpoint 'API.Controllers.TokenController.GetAccessTokens (API)'
2026-06-14 19:23:54.066 +00:00 [INF] Route matched with {action = "GetAccessTokens", controller = "Token"}. Executing controller action with signature System.Threading.Tasks.Task`1[API.Utils.PagedResult`1[API.DTO.AccessTokenUserDTO]] GetAccessTokens(Int32, Int32) on controller API.Controllers.TokenController (API).
2026-06-14 19:23:54.067 +00:00 [INF] Received request to fetch access tokens with pagination: page=1, limit=10
2026-06-14 19:23:54.068 +00:00 [INF] Executed DbCommand (1ms) [Parameters=[], CommandType='"Text"', CommandTimeout='30']
SELECT count(*)::int
FROM "AccessTokens" AS a
WHERE a."IsRevoked"
2026-06-14 19:23:54.070 +00:00 [INF] Executed DbCommand (1ms) [Parameters=[@__p_1='?' (DbType = Int32), @__p_0='?' (DbType = Int32)], CommandType='"Text"', CommandTimeout='30']
SELECT a0."ID", a0.jti, a0."DeviceFingerprint", a0."IpAddress", a0."CreatedAt", a0."IsRevoked", a0."ExpiresAt", u."ID" AS "UserID", u."Username", u."Email", u."Role"
FROM (
    SELECT a."ID", a."CreatedAt", a."DeviceFingerprint", a."ExpiresAt", a."IpAddress", a."IsRevoked", a."UserID", a.jti
    FROM "AccessTokens" AS a
    WHERE a."IsRevoked"
    LIMIT @__p_1 OFFSET @__p_0
) AS a0
INNER JOIN "Users" AS u ON a0."UserID" = u."ID"
2026-06-14 19:23:54.070 +00:00 [INF] Executing ObjectResult, writing value of type 'API.Utils.PagedResult`1[[API.DTO.AccessTokenUserDTO, API, Version=1.0.0.0, Culture=neutral, PublicKeyToken=null]]'.
2026-06-14 19:23:54.074 +00:00 [INF] Executed action API.Controllers.TokenController.GetAccessTokens (API) in 7.614ms
2026-06-14 19:23:54.075 +00:00 [INF] Executed endpoint 'API.Controllers.TokenController.GetAccessTokens (API)'
2026-06-14 19:23:54.076 +00:00 [INF] Request finished HTTP/1.1 GET http://192.168.1.6:8080/api/token/access-token?page=1&limit=10 - 200 null application/json; charset=utf-8 19.8999ms
2026-06-14 19:23:58.589 +00:00 [INF] Application is shutting down...
