2026-06-05 17:30:41.792 +00:00 [WRN] Storing keys in a directory '/home/app/.aspnet/DataProtection-Keys' that may not be persisted outside of the container. Protected data will be unavailable when container is destroyed. For more information go to https://aka.ms/aspnet/dataprotectionwarning
2026-06-05 17:30:41.826 +00:00 [INF] User profile is available. Using '/home/app/.aspnet/DataProtection-Keys' as key repository; keys will not be encrypted at rest.
2026-06-05 17:30:41.963 +00:00 [INF] Now listening on: http://[::]:8080
2026-06-05 17:30:41.965 +00:00 [INF] Application started. Press Ctrl+C to shut down.
2026-06-05 17:30:41.965 +00:00 [INF] Hosting environment: Development
2026-06-05 17:30:41.965 +00:00 [INF] Content root path: /app
2026-06-05 17:31:55.098 +00:00 [INF] Request starting HTTP/1.1 GET http://192.168.1.6:8080/api/music?page=1&limit=10 - null null
2026-06-05 17:31:55.098 +00:00 [INF] Request starting HTTP/1.1 GET http://192.168.1.6:8080/api/music - null null
2026-06-05 17:31:55.110 +00:00 [WRN] Failed to determine the https port for redirect.
2026-06-05 17:31:55.131 +00:00 [INF] ====== OnMessageReceived START ======
2026-06-05 17:31:55.131 +00:00 [INF] ====== OnMessageReceived START ======
2026-06-05 17:31:55.132 +00:00 [INF] Available cookies: 0
2026-06-05 17:31:55.132 +00:00 [INF] Available cookies: 0
2026-06-05 17:31:55.132 +00:00 [WRN] NO TOKEN FOUND IN COOKIES!
2026-06-05 17:31:55.132 +00:00 [WRN] NO TOKEN FOUND IN COOKIES!
2026-06-05 17:31:55.133 +00:00 [INF] ====== OnMessageReceived END - Token set: false ======
2026-06-05 17:31:55.133 +00:00 [INF] ====== OnMessageReceived END - Token set: false ======
2026-06-05 17:31:55.135 +00:00 [INF] Executing endpoint 'API.Controllers.MusicController.Get (API)'
2026-06-05 17:31:55.135 +00:00 [INF] Executing endpoint 'API.Controllers.MusicController.Get (API)'
2026-06-05 17:31:55.145 +00:00 [INF] Route matched with {action = "Get", controller = "Music"}. Executing controller action with signature System.Threading.Tasks.Task`1[System.Collections.Generic.IEnumerable`1[API.Models.Music]] Get() on controller API.Controllers.MusicController (API).
2026-06-05 17:31:55.145 +00:00 [INF] Route matched with {action = "Get", controller = "Music"}. Executing controller action with signature System.Threading.Tasks.Task`1[System.Collections.Generic.IEnumerable`1[API.Models.Music]] Get() on controller API.Controllers.MusicController (API).
2026-06-05 17:31:55.219 +00:00 [INF] Fetching music data from database...
2026-06-05 17:31:55.219 +00:00 [INF] Fetching music data from database...
2026-06-05 17:31:55.736 +00:00 [INF] Executed DbCommand (12ms) [Parameters=[], CommandType='"Text"', CommandTimeout='30']
SELECT m."ID", m."AddedAt", m."File_id", m."Title"
FROM "Musics" AS m
2026-06-05 17:31:55.736 +00:00 [INF] Executed DbCommand (12ms) [Parameters=[], CommandType='"Text"', CommandTimeout='30']
SELECT m."ID", m."AddedAt", m."File_id", m."Title"
FROM "Musics" AS m
2026-06-05 17:31:55.792 +00:00 [INF] Fetched 3 music records.
2026-06-05 17:31:55.792 +00:00 [INF] Fetched 3 music records.
2026-06-05 17:31:55.797 +00:00 [INF] Executing ObjectResult, writing value of type 'System.Collections.Generic.List`1[[API.Models.Music, API, Version=1.0.0.0, Culture=neutral, PublicKeyToken=null]]'.
2026-06-05 17:31:55.797 +00:00 [INF] Executing ObjectResult, writing value of type 'System.Collections.Generic.List`1[[API.Models.Music, API, Version=1.0.0.0, Culture=neutral, PublicKeyToken=null]]'.
2026-06-05 17:31:55.828 +00:00 [INF] Executed action API.Controllers.MusicController.Get (API) in 680.6344ms
2026-06-05 17:31:55.828 +00:00 [INF] Executed action API.Controllers.MusicController.Get (API) in 680.5137ms
2026-06-05 17:31:55.830 +00:00 [INF] Executed endpoint 'API.Controllers.MusicController.Get (API)'
2026-06-05 17:31:55.830 +00:00 [INF] Executed endpoint 'API.Controllers.MusicController.Get (API)'
2026-06-05 17:31:55.836 +00:00 [INF] Request finished HTTP/1.1 GET http://192.168.1.6:8080/api/music?page=1&limit=10 - 200 null application/json; charset=utf-8 738.8242ms
2026-06-05 17:31:55.836 +00:00 [INF] Request finished HTTP/1.1 GET http://192.168.1.6:8080/api/music - 200 null application/json; charset=utf-8 738.7797ms
2026-06-05 17:32:21.801 +00:00 [INF] Request starting HTTP/1.1 OPTIONS http://192.168.1.6:8080/api/auth - null null
2026-06-05 17:32:21.803 +00:00 [INF] CORS policy execution successful.
2026-06-05 17:32:21.804 +00:00 [INF] Request finished HTTP/1.1 OPTIONS http://192.168.1.6:8080/api/auth - 204 null null 2.6487ms
2026-06-05 17:32:21.914 +00:00 [INF] Request starting HTTP/1.1 POST http://192.168.1.6:8080/api/auth - application/json 74
2026-06-05 17:32:21.915 +00:00 [INF] CORS policy execution successful.
2026-06-05 17:32:21.916 +00:00 [INF] ====== OnMessageReceived START ======
2026-06-05 17:32:21.916 +00:00 [INF] Available cookies: 0
2026-06-05 17:32:21.916 +00:00 [WRN] NO TOKEN FOUND IN COOKIES!
2026-06-05 17:32:21.917 +00:00 [INF] ====== OnMessageReceived END - Token set: false ======
2026-06-05 17:32:21.917 +00:00 [INF] Executing endpoint 'API.Controllers.AuthController.Authenticate (API)'
2026-06-05 17:32:21.922 +00:00 [INF] Route matched with {action = "Authenticate", controller = "Auth"}. Executing controller action with signature System.Threading.Tasks.Task`1[Microsoft.AspNetCore.Mvc.IActionResult] Authenticate(API.Models.RequestModels.LoginRequest) on controller API.Controllers.AuthController (API).
2026-06-05 17:32:21.945 +00:00 [INF] Authentication attempt for email: lengyelnorbi5@gmail.com
2026-06-05 17:32:21.945 +00:00 [INF] Fetching user by email from database...
2026-06-05 17:32:22.030 +00:00 [INF] Executed DbCommand (7ms) [Parameters=[@__email_0='?'], CommandType='"Text"', CommandTimeout='30']
SELECT u."ID", u."Email", u."PasswordHash", u."RegisteredAt", u."Role", u."Username"
FROM "Users" AS u
WHERE u."Email" = @__email_0
LIMIT 1
2026-06-05 17:32:22.039 +00:00 [INF] Mozilla/5.0 (Linux; Android 10; K) AppleWebKit/537.36 (KHTML, like Gecko) Chrome/148.0.0.0 Mobile Safari/537.36
2026-06-05 17:32:22.042 +00:00 [INF] Fetching user by email from database...
2026-06-05 17:32:22.045 +00:00 [INF] Executed DbCommand (2ms) [Parameters=[@__email_0='?'], CommandType='"Text"', CommandTimeout='30']
SELECT u."ID", u."Email", u."PasswordHash", u."RegisteredAt", u."Role", u."Username"
FROM "Users" AS u
WHERE u."Email" = @__email_0
LIMIT 1
2026-06-05 17:32:22.494 +00:00 [INF] Password verification completed: Valid
2026-06-05 17:32:22.562 +00:00 [INF] Executed DbCommand (11ms) [Parameters=[@p0='?' (DbType = DateTime), @p1='?', @p2='?' (DbType = DateTime), @p3='?', @p4='?' (DbType = Int32), @p5='?'], CommandType='"Text"', CommandTimeout='30']
INSERT INTO "AccessTokens" ("CreatedAt", "DeviceFingerprint", "ExpiresAt", "IpAddress", "UserID", jti)
VALUES (@p0, @p1, @p2, @p3, @p4, @p5)
RETURNING "ID", "IsRevoked";
2026-06-05 17:32:22.593 +00:00 [INF] Executed DbCommand (4ms) [Parameters=[@p0='?' (DbType = DateTime), @p1='?', @p2='?' (DbType = DateTime), @p3='?', @p4='?', @p5='?' (DbType = Int32)], CommandType='"Text"', CommandTimeout='30']
INSERT INTO "RefreshTokens" ("CreatedAt", "DeviceFingerprint", "ExpiresAt", "IpAddress", "TokenHash", "UserID")
VALUES (@p0, @p1, @p2, @p3, @p4, @p5)
RETURNING "ID", "IsRevoked";
2026-06-05 17:32:22.595 +00:00 [INF] Admin user lengyelnorbi5@gmail.com authenticated successfully from admin panel at "2026-06-05T17:32:22.5953299Z"
2026-06-05 17:32:22.596 +00:00 [INF] --------------------------------------------------------------------
2026-06-05 17:32:22.596 +00:00 [INF] eyJhbGciOiJIUzI1NiIsInR5cCI6IkpXVCJ9.eyJodHRwOi8vc2NoZW1hcy54bWxzb2FwLm9yZy93cy8yMDA1LzA1L2lkZW50aXR5L2NsYWltcy9uYW1laWRlbnRpZmllciI6IjEiLCJodHRwOi8vc2NoZW1hcy54bWxzb2FwLm9yZy93cy8yMDA1LzA1L2lkZW50aXR5L2NsYWltcy9lbWFpbGFkZHJlc3MiOiJsZW5neWVsbm9yYmk1QGdtYWlsLmNvbSIsImh0dHA6Ly9zY2hlbWFzLnhtbHNvYXAub3JnL3dzLzIwMDUvMDUvaWRlbnRpdHkvY2xhaW1zL25hbWUiOiJsZW5neWVsbm9yYmkiLCJqdGkiOiIzOTIyNmE1Yi02NTcyLTQ1ZjUtOWNlNy0xOTQxMzBmZTFkMjMiLCJpYXQiOjE3ODA2ODA3NDIsImV4cCI6MTc4MDY4MTA0MiwiaHR0cDovL3NjaGVtYXMubWljcm9zb2Z0LmNvbS93cy8yMDA4LzA2L2lkZW50aXR5L2NsYWltcy9yb2xlIjoiQWRtaW4iLCJTb3VyY2UiOiJhZG1pbiIsIkRldmljZUlkIjoiNzNpOEZ5WmRNdWJBTFd6Q01ZbmdscENkdC9VSVM3alEvaUNzZFlYWXlBTT0iLCJJUEFkZHJlc3MiOiI6OmZmZmY6MTcyLjIwLjAuMSIsIlRva2VuVmVyc2lvbiI6IjEiLCJpc3MiOiJNdXNpY1BsYXllckFQSSIsImF1ZCI6Ik11c2ljUGxheWVyQ2xpZW50In0.JYH0duC02jv9GgWqeOR5KxKlG-X-9TmCs95Vjk8SJVA
2026-06-05 17:32:22.597 +00:00 [INF] jWDW1b++LVzVvjwG+FQVhDtIfAxWt/h7W7q8eN37sEc=
2026-06-05 17:32:22.597 +00:00 [INF] Source: admin
2026-06-05 17:32:22.597 +00:00 [INF] Access Token expires at: "2026-06-05T17:37:22.4954425Z"
2026-06-05 17:32:22.597 +00:00 [INF] Refresh Token expires at: "2026-06-06T01:32:22.5806949Z"
2026-06-05 17:32:22.597 +00:00 [INF] tokenCookieName: adminToken
2026-06-05 17:32:22.597 +00:00 [INF] refreshTokenCookieName: adminRefreshToken
2026-06-05 17:32:22.598 +00:00 [INF] Refresh token hash stored in cookie: jWDW1b++LVzVvjwG+FQVhDtIfAxWt/h7W7q8eN37sEc=
2026-06-05 17:32:22.598 +00:00 [INF] --------------------------------------------------------------------
2026-06-05 17:32:22.598 +00:00 [INF] Executing OkObjectResult, writing value of type '<>f__AnonymousType1`4[[System.Boolean, System.Private.CoreLib, Version=9.0.0.0, Culture=neutral, PublicKeyToken=7cec85d7bea7798e],[System.Int32, System.Private.CoreLib, Version=9.0.0.0, Culture=neutral, PublicKeyToken=7cec85d7bea7798e],[System.Int32, System.Private.CoreLib, Version=9.0.0.0, Culture=neutral, PublicKeyToken=7cec85d7bea7798e],[<>f__AnonymousType2`3[[System.Int32, System.Private.CoreLib, Version=9.0.0.0, Culture=neutral, PublicKeyToken=7cec85d7bea7798e],[System.String, System.Private.CoreLib, Version=9.0.0.0, Culture=neutral, PublicKeyToken=7cec85d7bea7798e],[System.String, System.Private.CoreLib, Version=9.0.0.0, Culture=neutral, PublicKeyToken=7cec85d7bea7798e]], API, Version=1.0.0.0, Culture=neutral, PublicKeyToken=null]]'.
2026-06-05 17:32:22.602 +00:00 [INF] Executed action API.Controllers.AuthController.Authenticate (API) in 680.3647ms
2026-06-05 17:32:22.602 +00:00 [INF] Executed endpoint 'API.Controllers.AuthController.Authenticate (API)'
2026-06-05 17:32:22.603 +00:00 [INF] Request finished HTTP/1.1 POST http://192.168.1.6:8080/api/auth - 200 null application/json; charset=utf-8 688.6077ms
2026-06-05 17:32:27.942 +00:00 [INF] Request starting HTTP/1.1 GET http://192.168.1.6:8080/api/token/access-tokens?page=1&limit=10 - null null
2026-06-05 17:32:27.942 +00:00 [INF] CORS policy execution successful.
2026-06-05 17:32:27.943 +00:00 [INF] ====== OnMessageReceived START ======
2026-06-05 17:32:27.943 +00:00 [INF] Available cookies: 2
2026-06-05 17:32:27.943 +00:00 [INF] Cookie: adminToken = 844 chars
2026-06-05 17:32:27.944 +00:00 [INF] Cookie: adminRefreshToken = 44 chars
2026-06-05 17:32:27.944 +00:00 [INF] Admin token found in cookies, length: 844
2026-06-05 17:32:27.944 +00:00 [INF] Admin token set in context
2026-06-05 17:32:27.944 +00:00 [INF] ====== OnMessageReceived END - Token set: true ======
2026-06-05 17:32:27.958 +00:00 [INF] Request starting HTTP/1.1 GET http://192.168.1.6:8080/api/token/access-tokens - null null
2026-06-05 17:32:27.959 +00:00 [INF] CORS policy execution successful.
2026-06-05 17:32:27.959 +00:00 [INF] ====== OnMessageReceived START ======
2026-06-05 17:32:27.960 +00:00 [INF] Available cookies: 2
2026-06-05 17:32:27.960 +00:00 [INF] Cookie: adminToken = 844 chars
2026-06-05 17:32:27.960 +00:00 [INF] Cookie: adminRefreshToken = 44 chars
2026-06-05 17:32:27.960 +00:00 [INF] Admin token found in cookies, length: 844
2026-06-05 17:32:27.960 +00:00 [INF] Admin token set in context
2026-06-05 17:32:27.960 +00:00 [INF] ====== OnMessageReceived END - Token set: true ======
2026-06-05 17:32:27.961 +00:00 [INF] Token validated successfully for user: lengyelnorbi
2026-06-05 17:32:27.961 +00:00 [INF] Device fingerprint headers - UA: Mozilla/5.0 (Linux; Android 10; K) AppleWebKit/537.36 (KHTML, like Gecko) Chrome/148.0.0.0 Mobile Safari/537.36, Accept: application/json, text/plain, */*, Encoding: gzip, deflate
2026-06-05 17:32:27.961 +00:00 [INF] Token validated successfully for user: lengyelnorbi
2026-06-05 17:32:27.961 +00:00 [INF] Device fingerprint validation: Stored=73i8FyZdMubALWzCMYnglpCdt/UIS7jQ/iCsdYXYyAM=, Current=73i8FyZdMubALWzCMYnglpCdt/UIS7jQ/iCsdYXYyAM=
2026-06-05 17:32:27.962 +00:00 [INF] Device fingerprint headers - UA: Mozilla/5.0 (Linux; Android 10; K) AppleWebKit/537.36 (KHTML, like Gecko) Chrome/148.0.0.0 Mobile Safari/537.36, Accept: application/json, text/plain, */*, Encoding: gzip, deflate
2026-06-05 17:32:27.962 +00:00 [INF] Device fingerprint validation: Stored=73i8FyZdMubALWzCMYnglpCdt/UIS7jQ/iCsdYXYyAM=, Current=73i8FyZdMubALWzCMYnglpCdt/UIS7jQ/iCsdYXYyAM=
2026-06-05 17:32:27.977 +00:00 [INF] Executed DbCommand (3ms) [Parameters=[@__jti_0='?', @__userId_1='?' (DbType = Int32)], CommandType='"Text"', CommandTimeout='30']
SELECT a."ID", a."CreatedAt", a."DeviceFingerprint", a."ExpiresAt", a."IpAddress", a."IsRevoked", a."UserID", a.jti
FROM "AccessTokens" AS a
WHERE a.jti = @__jti_0 AND a."UserID" = @__userId_1 AND NOT (a."IsRevoked") AND a."ExpiresAt" > now()
LIMIT 1
2026-06-05 17:32:27.977 +00:00 [INF] Executed DbCommand (3ms) [Parameters=[@__jti_0='?', @__userId_1='?' (DbType = Int32)], CommandType='"Text"', CommandTimeout='30']
SELECT a."ID", a."CreatedAt", a."DeviceFingerprint", a."ExpiresAt", a."IpAddress", a."IsRevoked", a."UserID", a.jti
FROM "AccessTokens" AS a
WHERE a.jti = @__jti_0 AND a."UserID" = @__userId_1 AND NOT (a."IsRevoked") AND a."ExpiresAt" > now()
LIMIT 1
2026-06-05 17:32:27.980 +00:00 [INF] Executing endpoint 'API.Controllers.TokenController.GetAccessTokens (API)'
2026-06-05 17:32:27.980 +00:00 [INF] Executing endpoint 'API.Controllers.TokenController.GetAccessTokens (API)'
2026-06-05 17:32:27.982 +00:00 [INF] Route matched with {action = "GetAccessTokens", controller = "Token"}. Executing controller action with signature System.Threading.Tasks.Task`1[System.Collections.Generic.IEnumerable`1[API.Models.AccessToken]] GetAccessTokens() on controller API.Controllers.TokenController (API).
2026-06-05 17:32:27.982 +00:00 [INF] Route matched with {action = "GetAccessTokens", controller = "Token"}. Executing controller action with signature System.Threading.Tasks.Task`1[System.Collections.Generic.IEnumerable`1[API.Models.AccessToken]] GetAccessTokens() on controller API.Controllers.TokenController (API).
2026-06-05 17:32:27.988 +00:00 [INF] Executed DbCommand (3ms) [Parameters=[], CommandType='"Text"', CommandTimeout='30']
SELECT a."ID", a."CreatedAt", a."DeviceFingerprint", a."ExpiresAt", a."IpAddress", a."IsRevoked", a."UserID", a.jti
FROM "AccessTokens" AS a
WHERE NOT (a."IsRevoked")
2026-06-05 17:32:27.988 +00:00 [INF] Executed DbCommand (3ms) [Parameters=[], CommandType='"Text"', CommandTimeout='30']
SELECT a."ID", a."CreatedAt", a."DeviceFingerprint", a."ExpiresAt", a."IpAddress", a."IsRevoked", a."UserID", a.jti
FROM "AccessTokens" AS a
WHERE NOT (a."IsRevoked")
2026-06-05 17:32:27.991 +00:00 [INF] Executing ObjectResult, writing value of type 'System.Collections.Generic.List`1[[API.Models.AccessToken, API, Version=1.0.0.0, Culture=neutral, PublicKeyToken=null]]'.
2026-06-05 17:32:27.991 +00:00 [INF] Executing ObjectResult, writing value of type 'System.Collections.Generic.List`1[[API.Models.AccessToken, API, Version=1.0.0.0, Culture=neutral, PublicKeyToken=null]]'.
2026-06-05 17:32:27.997 +00:00 [INF] Executed action API.Controllers.TokenController.GetAccessTokens (API) in 15.6859ms
2026-06-05 17:32:27.997 +00:00 [INF] Executed action API.Controllers.TokenController.GetAccessTokens (API) in 15.5402ms
2026-06-05 17:32:27.998 +00:00 [INF] Executed endpoint 'API.Controllers.TokenController.GetAccessTokens (API)'
2026-06-05 17:32:27.998 +00:00 [INF] Executed endpoint 'API.Controllers.TokenController.GetAccessTokens (API)'
2026-06-05 17:32:27.998 +00:00 [INF] Request finished HTTP/1.1 GET http://192.168.1.6:8080/api/token/access-tokens?page=1&limit=10 - 200 null application/json; charset=utf-8 56.1063ms
2026-06-05 17:32:27.998 +00:00 [INF] Request finished HTTP/1.1 GET http://192.168.1.6:8080/api/token/access-tokens - 200 null application/json; charset=utf-8 39.9105ms
2026-06-05 17:32:28.066 +00:00 [INF] Request starting HTTP/1.1 GET http://192.168.1.6:8080/api/token/access-tokens - null null
2026-06-05 17:32:28.067 +00:00 [INF] CORS policy execution successful.
2026-06-05 17:32:28.067 +00:00 [INF] Request starting HTTP/1.1 GET http://192.168.1.6:8080/api/token/access-tokens?page=1&limit=10 - null null
2026-06-05 17:32:28.067 +00:00 [INF] ====== OnMessageReceived START ======
2026-06-05 17:32:28.067 +00:00 [INF] CORS policy execution successful.
2026-06-05 17:32:28.067 +00:00 [INF] Available cookies: 2
2026-06-05 17:32:28.068 +00:00 [INF] ====== OnMessageReceived START ======
2026-06-05 17:32:28.068 +00:00 [INF] Cookie: adminToken = 844 chars
2026-06-05 17:32:28.068 +00:00 [INF] Available cookies: 2
2026-06-05 17:32:28.068 +00:00 [INF] Cookie: adminRefreshToken = 44 chars
2026-06-05 17:32:28.068 +00:00 [INF] Cookie: adminToken = 844 chars
2026-06-05 17:32:28.068 +00:00 [INF] Admin token found in cookies, length: 844
2026-06-05 17:32:28.068 +00:00 [INF] Cookie: adminRefreshToken = 44 chars
2026-06-05 17:32:28.068 +00:00 [INF] Admin token set in context
2026-06-05 17:32:28.069 +00:00 [INF] Admin token found in cookies, length: 844
2026-06-05 17:32:28.069 +00:00 [INF] ====== OnMessageReceived END - Token set: true ======
2026-06-05 17:32:28.069 +00:00 [INF] Admin token set in context
2026-06-05 17:32:28.069 +00:00 [INF] ====== OnMessageReceived END - Token set: true ======
2026-06-05 17:32:28.069 +00:00 [INF] Token validated successfully for user: lengyelnorbi
2026-06-05 17:32:28.069 +00:00 [INF] Token validated successfully for user: lengyelnorbi
2026-06-05 17:32:28.069 +00:00 [INF] Device fingerprint headers - UA: Mozilla/5.0 (Linux; Android 10; K) AppleWebKit/537.36 (KHTML, like Gecko) Chrome/148.0.0.0 Mobile Safari/537.36, Accept: application/json, text/plain, */*, Encoding: gzip, deflate
2026-06-05 17:32:28.069 +00:00 [INF] Device fingerprint headers - UA: Mozilla/5.0 (Linux; Android 10; K) AppleWebKit/537.36 (KHTML, like Gecko) Chrome/148.0.0.0 Mobile Safari/537.36, Accept: application/json, text/plain, */*, Encoding: gzip, deflate
2026-06-05 17:32:28.070 +00:00 [INF] Device fingerprint validation: Stored=73i8FyZdMubALWzCMYnglpCdt/UIS7jQ/iCsdYXYyAM=, Current=73i8FyZdMubALWzCMYnglpCdt/UIS7jQ/iCsdYXYyAM=
2026-06-05 17:32:28.070 +00:00 [INF] Device fingerprint validation: Stored=73i8FyZdMubALWzCMYnglpCdt/UIS7jQ/iCsdYXYyAM=, Current=73i8FyZdMubALWzCMYnglpCdt/UIS7jQ/iCsdYXYyAM=
2026-06-05 17:32:28.074 +00:00 [INF] Executed DbCommand (1ms) [Parameters=[@__jti_0='?', @__userId_1='?' (DbType = Int32)], CommandType='"Text"', CommandTimeout='30']
SELECT a."ID", a."CreatedAt", a."DeviceFingerprint", a."ExpiresAt", a."IpAddress", a."IsRevoked", a."UserID", a.jti
FROM "AccessTokens" AS a
WHERE a.jti = @__jti_0 AND a."UserID" = @__userId_1 AND NOT (a."IsRevoked") AND a."ExpiresAt" > now()
LIMIT 1
2026-06-05 17:32:28.074 +00:00 [INF] Executed DbCommand (1ms) [Parameters=[@__jti_0='?', @__userId_1='?' (DbType = Int32)], CommandType='"Text"', CommandTimeout='30']
SELECT a."ID", a."CreatedAt", a."DeviceFingerprint", a."ExpiresAt", a."IpAddress", a."IsRevoked", a."UserID", a.jti
FROM "AccessTokens" AS a
WHERE a.jti = @__jti_0 AND a."UserID" = @__userId_1 AND NOT (a."IsRevoked") AND a."ExpiresAt" > now()
LIMIT 1
2026-06-05 17:32:28.075 +00:00 [INF] Executing endpoint 'API.Controllers.TokenController.GetAccessTokens (API)'
2026-06-05 17:32:28.075 +00:00 [INF] Executing endpoint 'API.Controllers.TokenController.GetAccessTokens (API)'
2026-06-05 17:32:28.075 +00:00 [INF] Route matched with {action = "GetAccessTokens", controller = "Token"}. Executing controller action with signature System.Threading.Tasks.Task`1[System.Collections.Generic.IEnumerable`1[API.Models.AccessToken]] GetAccessTokens() on controller API.Controllers.TokenController (API).
2026-06-05 17:32:28.075 +00:00 [INF] Route matched with {action = "GetAccessTokens", controller = "Token"}. Executing controller action with signature System.Threading.Tasks.Task`1[System.Collections.Generic.IEnumerable`1[API.Models.AccessToken]] GetAccessTokens() on controller API.Controllers.TokenController (API).
2026-06-05 17:32:28.077 +00:00 [INF] Executed DbCommand (1ms) [Parameters=[], CommandType='"Text"', CommandTimeout='30']
SELECT a."ID", a."CreatedAt", a."DeviceFingerprint", a."ExpiresAt", a."IpAddress", a."IsRevoked", a."UserID", a.jti
FROM "AccessTokens" AS a
WHERE NOT (a."IsRevoked")
2026-06-05 17:32:28.077 +00:00 [INF] Executed DbCommand (1ms) [Parameters=[], CommandType='"Text"', CommandTimeout='30']
SELECT a."ID", a."CreatedAt", a."DeviceFingerprint", a."ExpiresAt", a."IpAddress", a."IsRevoked", a."UserID", a.jti
FROM "AccessTokens" AS a
WHERE NOT (a."IsRevoked")
2026-06-05 17:32:28.078 +00:00 [INF] Executing ObjectResult, writing value of type 'System.Collections.Generic.List`1[[API.Models.AccessToken, API, Version=1.0.0.0, Culture=neutral, PublicKeyToken=null]]'.
2026-06-05 17:32:28.078 +00:00 [INF] Executing ObjectResult, writing value of type 'System.Collections.Generic.List`1[[API.Models.AccessToken, API, Version=1.0.0.0, Culture=neutral, PublicKeyToken=null]]'.
2026-06-05 17:32:28.078 +00:00 [INF] Executed action API.Controllers.TokenController.GetAccessTokens (API) in 3.2251ms
2026-06-05 17:32:28.078 +00:00 [INF] Executed action API.Controllers.TokenController.GetAccessTokens (API) in 3.2714ms
2026-06-05 17:32:28.078 +00:00 [INF] Executed endpoint 'API.Controllers.TokenController.GetAccessTokens (API)'
2026-06-05 17:32:28.079 +00:00 [INF] Executed endpoint 'API.Controllers.TokenController.GetAccessTokens (API)'
2026-06-05 17:32:28.079 +00:00 [INF] Request finished HTTP/1.1 GET http://192.168.1.6:8080/api/token/access-tokens?page=1&limit=10 - 200 null application/json; charset=utf-8 12.0259ms
2026-06-05 17:32:28.079 +00:00 [INF] Request finished HTTP/1.1 GET http://192.168.1.6:8080/api/token/access-tokens - 200 null application/json; charset=utf-8 12.5967ms
2026-06-05 17:32:50.415 +00:00 [INF] Request starting HTTP/1.1 GET http://192.168.1.6:8080/api/user?page=1&limit=10 - null null
2026-06-05 17:32:50.416 +00:00 [INF] CORS policy execution successful.
2026-06-05 17:32:50.416 +00:00 [INF] ====== OnMessageReceived START ======
2026-06-05 17:32:50.416 +00:00 [INF] Available cookies: 2
2026-06-05 17:32:50.416 +00:00 [INF] Cookie: adminToken = 844 chars
2026-06-05 17:32:50.417 +00:00 [INF] Cookie: adminRefreshToken = 44 chars
2026-06-05 17:32:50.417 +00:00 [INF] Admin token found in cookies, length: 844
2026-06-05 17:32:50.417 +00:00 [INF] Admin token set in context
2026-06-05 17:32:50.417 +00:00 [INF] ====== OnMessageReceived END - Token set: true ======
2026-06-05 17:32:50.417 +00:00 [INF] Request starting HTTP/1.1 GET http://192.168.1.6:8080/api/user - null null
2026-06-05 17:32:50.417 +00:00 [INF] Token validated successfully for user: lengyelnorbi
2026-06-05 17:32:50.418 +00:00 [INF] CORS policy execution successful.
2026-06-05 17:32:50.418 +00:00 [INF] Device fingerprint headers - UA: Mozilla/5.0 (X11; Linux x86_64) AppleWebKit/537.36 (KHTML, like Gecko) Chrome/148.0.0.0 Safari/537.36, Accept: application/json, text/plain, */*, Encoding: gzip, deflate
2026-06-05 17:32:50.418 +00:00 [INF] ====== OnMessageReceived START ======
2026-06-05 17:32:50.418 +00:00 [INF] Device fingerprint validation: Stored=73i8FyZdMubALWzCMYnglpCdt/UIS7jQ/iCsdYXYyAM=, Current=aKgiTYA4zNg1wLEP8kMzEy+O1BJBWsPe0bPrpICwia0=
2026-06-05 17:32:50.418 +00:00 [INF] Available cookies: 2
2026-06-05 17:32:50.418 +00:00 [WRN] Device fingerprint mismatch: Stored=73i8FyZdMubALWzCMYnglpCdt/UIS7jQ/iCsdYXYyAM=, Current=aKgiTYA4zNg1wLEP8kMzEy+O1BJBWsPe0bPrpICwia0=
2026-06-05 17:32:50.418 +00:00 [INF] Cookie: adminToken = 844 chars
2026-06-05 17:32:50.419 +00:00 [INF] Cookie: adminRefreshToken = 44 chars
2026-06-05 17:32:50.419 +00:00 [INF] Bearer was not authenticated. Failure message: Device fingerprint mismatch
2026-06-05 17:32:50.419 +00:00 [INF] Admin token found in cookies, length: 844
2026-06-05 17:32:50.419 +00:00 [INF] Executing endpoint 'API.Controllers.UserController.Get (API)'
2026-06-05 17:32:50.419 +00:00 [INF] Admin token set in context
2026-06-05 17:32:50.419 +00:00 [INF] ====== OnMessageReceived END - Token set: true ======
2026-06-05 17:32:50.419 +00:00 [INF] Token validated successfully for user: lengyelnorbi
2026-06-05 17:32:50.420 +00:00 [INF] Device fingerprint headers - UA: Mozilla/5.0 (X11; Linux x86_64) AppleWebKit/537.36 (KHTML, like Gecko) Chrome/148.0.0.0 Safari/537.36, Accept: application/json, text/plain, */*, Encoding: gzip, deflate
2026-06-05 17:32:50.420 +00:00 [INF] Device fingerprint validation: Stored=73i8FyZdMubALWzCMYnglpCdt/UIS7jQ/iCsdYXYyAM=, Current=aKgiTYA4zNg1wLEP8kMzEy+O1BJBWsPe0bPrpICwia0=
2026-06-05 17:32:50.420 +00:00 [WRN] Device fingerprint mismatch: Stored=73i8FyZdMubALWzCMYnglpCdt/UIS7jQ/iCsdYXYyAM=, Current=aKgiTYA4zNg1wLEP8kMzEy+O1BJBWsPe0bPrpICwia0=
2026-06-05 17:32:50.420 +00:00 [INF] Bearer was not authenticated. Failure message: Device fingerprint mismatch
2026-06-05 17:32:50.420 +00:00 [INF] Executing endpoint 'API.Controllers.UserController.Get (API)'
2026-06-05 17:32:50.421 +00:00 [INF] Route matched with {action = "Get", controller = "User"}. Executing controller action with signature System.Threading.Tasks.Task`1[System.Collections.Generic.IEnumerable`1[UserDTO]] Get() on controller API.Controllers.UserController (API).
2026-06-05 17:32:50.422 +00:00 [INF] Route matched with {action = "Get", controller = "User"}. Executing controller action with signature System.Threading.Tasks.Task`1[System.Collections.Generic.IEnumerable`1[UserDTO]] Get() on controller API.Controllers.UserController (API).
2026-06-05 17:32:50.422 +00:00 [INF] Fetching user data from database...
2026-06-05 17:32:50.422 +00:00 [INF] Fetching user data from database...
2026-06-05 17:32:50.427 +00:00 [INF] Executed DbCommand (1ms) [Parameters=[], CommandType='"Text"', CommandTimeout='30']
SELECT u."ID", u."Email", u."PasswordHash", u."RegisteredAt", u."Role", u."Username"
FROM "Users" AS u
2026-06-05 17:32:50.427 +00:00 [INF] Executed DbCommand (1ms) [Parameters=[], CommandType='"Text"', CommandTimeout='30']
SELECT u."ID", u."Email", u."PasswordHash", u."RegisteredAt", u."Role", u."Username"
FROM "Users" AS u
2026-06-05 17:32:50.428 +00:00 [INF] Executing ObjectResult, writing value of type 'System.Collections.Generic.List`1[[UserDTO, API, Version=1.0.0.0, Culture=neutral, PublicKeyToken=null]]'.
2026-06-05 17:32:50.428 +00:00 [INF] Executing ObjectResult, writing value of type 'System.Collections.Generic.List`1[[UserDTO, API, Version=1.0.0.0, Culture=neutral, PublicKeyToken=null]]'.
2026-06-05 17:32:50.429 +00:00 [INF] Executed action API.Controllers.UserController.Get (API) in 7.5682ms
2026-06-05 17:32:50.429 +00:00 [INF] Executed action API.Controllers.UserController.Get (API) in 7.2601ms
2026-06-05 17:32:50.429 +00:00 [INF] Executed endpoint 'API.Controllers.UserController.Get (API)'
2026-06-05 17:32:50.429 +00:00 [INF] Executed endpoint 'API.Controllers.UserController.Get (API)'
2026-06-05 17:32:50.430 +00:00 [INF] Request finished HTTP/1.1 GET http://192.168.1.6:8080/api/user?page=1&limit=10 - 200 null application/json; charset=utf-8 14.2557ms
2026-06-05 17:32:50.430 +00:00 [INF] Request finished HTTP/1.1 GET http://192.168.1.6:8080/api/user - 200 null application/json; charset=utf-8 12.3278ms
2026-06-05 17:32:50.457 +00:00 [INF] Request starting HTTP/1.1 GET http://192.168.1.6:8080/api/user - null null
2026-06-05 17:32:50.457 +00:00 [INF] CORS policy execution successful.
2026-06-05 17:32:50.458 +00:00 [INF] ====== OnMessageReceived START ======
2026-06-05 17:32:50.458 +00:00 [INF] Available cookies: 2
2026-06-05 17:32:50.458 +00:00 [INF] Cookie: adminToken = 844 chars
2026-06-05 17:32:50.458 +00:00 [INF] Cookie: adminRefreshToken = 44 chars
2026-06-05 17:32:50.458 +00:00 [INF] Admin token found in cookies, length: 844
2026-06-05 17:32:50.458 +00:00 [INF] Admin token set in context
2026-06-05 17:32:50.458 +00:00 [INF] ====== OnMessageReceived END - Token set: true ======
2026-06-05 17:32:50.459 +00:00 [INF] Token validated successfully for user: lengyelnorbi
2026-06-05 17:32:50.459 +00:00 [INF] Device fingerprint headers - UA: Mozilla/5.0 (X11; Linux x86_64) AppleWebKit/537.36 (KHTML, like Gecko) Chrome/148.0.0.0 Safari/537.36, Accept: application/json, text/plain, */*, Encoding: gzip, deflate
2026-06-05 17:32:50.459 +00:00 [INF] Device fingerprint validation: Stored=73i8FyZdMubALWzCMYnglpCdt/UIS7jQ/iCsdYXYyAM=, Current=aKgiTYA4zNg1wLEP8kMzEy+O1BJBWsPe0bPrpICwia0=
2026-06-05 17:32:50.459 +00:00 [WRN] Device fingerprint mismatch: Stored=73i8FyZdMubALWzCMYnglpCdt/UIS7jQ/iCsdYXYyAM=, Current=aKgiTYA4zNg1wLEP8kMzEy+O1BJBWsPe0bPrpICwia0=
2026-06-05 17:32:50.459 +00:00 [INF] Bearer was not authenticated. Failure message: Device fingerprint mismatch
2026-06-05 17:32:50.459 +00:00 [INF] Executing endpoint 'API.Controllers.UserController.Get (API)'
2026-06-05 17:32:50.460 +00:00 [INF] Route matched with {action = "Get", controller = "User"}. Executing controller action with signature System.Threading.Tasks.Task`1[System.Collections.Generic.IEnumerable`1[UserDTO]] Get() on controller API.Controllers.UserController (API).
2026-06-05 17:32:50.460 +00:00 [INF] Fetching user data from database...
2026-06-05 17:32:50.461 +00:00 [INF] Executed DbCommand (1ms) [Parameters=[], CommandType='"Text"', CommandTimeout='30']
SELECT u."ID", u."Email", u."PasswordHash", u."RegisteredAt", u."Role", u."Username"
FROM "Users" AS u
2026-06-05 17:32:50.462 +00:00 [INF] Executing ObjectResult, writing value of type 'System.Collections.Generic.List`1[[UserDTO, API, Version=1.0.0.0, Culture=neutral, PublicKeyToken=null]]'.
2026-06-05 17:32:50.462 +00:00 [INF] Executed action API.Controllers.UserController.Get (API) in 2.1734ms
2026-06-05 17:32:50.462 +00:00 [INF] Executed endpoint 'API.Controllers.UserController.Get (API)'
2026-06-05 17:32:50.462 +00:00 [INF] Request finished HTTP/1.1 GET http://192.168.1.6:8080/api/user - 200 null application/json; charset=utf-8 5.083ms
2026-06-05 17:32:50.471 +00:00 [INF] Request starting HTTP/1.1 GET http://192.168.1.6:8080/api/user?page=1&limit=10 - null null
2026-06-05 17:32:50.471 +00:00 [INF] CORS policy execution successful.
2026-06-05 17:32:50.471 +00:00 [INF] ====== OnMessageReceived START ======
2026-06-05 17:32:50.471 +00:00 [INF] Available cookies: 2
2026-06-05 17:32:50.471 +00:00 [INF] Cookie: adminToken = 844 chars
2026-06-05 17:32:50.471 +00:00 [INF] Cookie: adminRefreshToken = 44 chars
2026-06-05 17:32:50.472 +00:00 [INF] Admin token found in cookies, length: 844
2026-06-05 17:32:50.472 +00:00 [INF] Admin token set in context
2026-06-05 17:32:50.472 +00:00 [INF] ====== OnMessageReceived END - Token set: true ======
2026-06-05 17:32:50.472 +00:00 [INF] Token validated successfully for user: lengyelnorbi
2026-06-05 17:32:50.472 +00:00 [INF] Device fingerprint headers - UA: Mozilla/5.0 (X11; Linux x86_64) AppleWebKit/537.36 (KHTML, like Gecko) Chrome/148.0.0.0 Safari/537.36, Accept: application/json, text/plain, */*, Encoding: gzip, deflate
2026-06-05 17:32:50.472 +00:00 [INF] Device fingerprint validation: Stored=73i8FyZdMubALWzCMYnglpCdt/UIS7jQ/iCsdYXYyAM=, Current=aKgiTYA4zNg1wLEP8kMzEy+O1BJBWsPe0bPrpICwia0=
2026-06-05 17:32:50.473 +00:00 [WRN] Device fingerprint mismatch: Stored=73i8FyZdMubALWzCMYnglpCdt/UIS7jQ/iCsdYXYyAM=, Current=aKgiTYA4zNg1wLEP8kMzEy+O1BJBWsPe0bPrpICwia0=
2026-06-05 17:32:50.473 +00:00 [INF] Bearer was not authenticated. Failure message: Device fingerprint mismatch
2026-06-05 17:32:50.473 +00:00 [INF] Executing endpoint 'API.Controllers.UserController.Get (API)'
2026-06-05 17:32:50.473 +00:00 [INF] Route matched with {action = "Get", controller = "User"}. Executing controller action with signature System.Threading.Tasks.Task`1[System.Collections.Generic.IEnumerable`1[UserDTO]] Get() on controller API.Controllers.UserController (API).
2026-06-05 17:32:50.473 +00:00 [INF] Fetching user data from database...
2026-06-05 17:32:50.475 +00:00 [INF] Executed DbCommand (1ms) [Parameters=[], CommandType='"Text"', CommandTimeout='30']
SELECT u."ID", u."Email", u."PasswordHash", u."RegisteredAt", u."Role", u."Username"
FROM "Users" AS u
2026-06-05 17:32:50.475 +00:00 [INF] Executing ObjectResult, writing value of type 'System.Collections.Generic.List`1[[UserDTO, API, Version=1.0.0.0, Culture=neutral, PublicKeyToken=null]]'.
2026-06-05 17:32:50.475 +00:00 [INF] Executed action API.Controllers.UserController.Get (API) in 1.9158ms
2026-06-05 17:32:50.475 +00:00 [INF] Executed endpoint 'API.Controllers.UserController.Get (API)'
2026-06-05 17:32:50.475 +00:00 [INF] Request finished HTTP/1.1 GET http://192.168.1.6:8080/api/user?page=1&limit=10 - 200 null application/json; charset=utf-8 4.7886ms
2026-06-05 17:32:51.194 +00:00 [INF] Request starting HTTP/1.1 GET http://192.168.1.6:8080/api/token/access-tokens?page=1&limit=10 - null null
2026-06-05 17:32:51.194 +00:00 [INF] CORS policy execution successful.
2026-06-05 17:32:51.194 +00:00 [INF] Request starting HTTP/1.1 GET http://192.168.1.6:8080/api/token/access-tokens - null null
2026-06-05 17:32:51.195 +00:00 [INF] ====== OnMessageReceived START ======
2026-06-05 17:32:51.195 +00:00 [INF] CORS policy execution successful.
2026-06-05 17:32:51.195 +00:00 [INF] Available cookies: 2
2026-06-05 17:32:51.195 +00:00 [INF] ====== OnMessageReceived START ======
2026-06-05 17:32:51.195 +00:00 [INF] Cookie: adminToken = 844 chars
2026-06-05 17:32:51.195 +00:00 [INF] Available cookies: 2
2026-06-05 17:32:51.195 +00:00 [INF] Cookie: adminRefreshToken = 44 chars
2026-06-05 17:32:51.196 +00:00 [INF] Cookie: adminToken = 844 chars
2026-06-05 17:32:51.196 +00:00 [INF] Admin token found in cookies, length: 844
2026-06-05 17:32:51.196 +00:00 [INF] Cookie: adminRefreshToken = 44 chars
2026-06-05 17:32:51.196 +00:00 [INF] Admin token set in context
2026-06-05 17:32:51.196 +00:00 [INF] Admin token found in cookies, length: 844
2026-06-05 17:32:51.196 +00:00 [INF] ====== OnMessageReceived END - Token set: true ======
2026-06-05 17:32:51.197 +00:00 [INF] Admin token set in context
2026-06-05 17:32:51.197 +00:00 [INF] ====== OnMessageReceived END - Token set: true ======
2026-06-05 17:32:51.197 +00:00 [INF] Token validated successfully for user: lengyelnorbi
2026-06-05 17:32:51.197 +00:00 [INF] Token validated successfully for user: lengyelnorbi
2026-06-05 17:32:51.197 +00:00 [INF] Device fingerprint headers - UA: Mozilla/5.0 (X11; Linux x86_64) AppleWebKit/537.36 (KHTML, like Gecko) Chrome/148.0.0.0 Safari/537.36, Accept: application/json, text/plain, */*, Encoding: gzip, deflate
2026-06-05 17:32:51.197 +00:00 [INF] Device fingerprint headers - UA: Mozilla/5.0 (X11; Linux x86_64) AppleWebKit/537.36 (KHTML, like Gecko) Chrome/148.0.0.0 Safari/537.36, Accept: application/json, text/plain, */*, Encoding: gzip, deflate
2026-06-05 17:32:51.197 +00:00 [INF] Device fingerprint validation: Stored=73i8FyZdMubALWzCMYnglpCdt/UIS7jQ/iCsdYXYyAM=, Current=aKgiTYA4zNg1wLEP8kMzEy+O1BJBWsPe0bPrpICwia0=
2026-06-05 17:32:51.198 +00:00 [INF] Device fingerprint validation: Stored=73i8FyZdMubALWzCMYnglpCdt/UIS7jQ/iCsdYXYyAM=, Current=aKgiTYA4zNg1wLEP8kMzEy+O1BJBWsPe0bPrpICwia0=
2026-06-05 17:32:51.198 +00:00 [WRN] Device fingerprint mismatch: Stored=73i8FyZdMubALWzCMYnglpCdt/UIS7jQ/iCsdYXYyAM=, Current=aKgiTYA4zNg1wLEP8kMzEy+O1BJBWsPe0bPrpICwia0=
2026-06-05 17:32:51.198 +00:00 [WRN] Device fingerprint mismatch: Stored=73i8FyZdMubALWzCMYnglpCdt/UIS7jQ/iCsdYXYyAM=, Current=aKgiTYA4zNg1wLEP8kMzEy+O1BJBWsPe0bPrpICwia0=
2026-06-05 17:32:51.198 +00:00 [INF] Bearer was not authenticated. Failure message: Device fingerprint mismatch
2026-06-05 17:32:51.198 +00:00 [INF] Bearer was not authenticated. Failure message: Device fingerprint mismatch
2026-06-05 17:32:51.198 +00:00 [INF] Executing endpoint 'API.Controllers.TokenController.GetAccessTokens (API)'
2026-06-05 17:32:51.198 +00:00 [INF] Executing endpoint 'API.Controllers.TokenController.GetAccessTokens (API)'
2026-06-05 17:32:51.199 +00:00 [INF] Route matched with {action = "GetAccessTokens", controller = "Token"}. Executing controller action with signature System.Threading.Tasks.Task`1[System.Collections.Generic.IEnumerable`1[API.Models.AccessToken]] GetAccessTokens() on controller API.Controllers.TokenController (API).
2026-06-05 17:32:51.199 +00:00 [INF] Route matched with {action = "GetAccessTokens", controller = "Token"}. Executing controller action with signature System.Threading.Tasks.Task`1[System.Collections.Generic.IEnumerable`1[API.Models.AccessToken]] GetAccessTokens() on controller API.Controllers.TokenController (API).
2026-06-05 17:32:51.201 +00:00 [INF] Executed DbCommand (2ms) [Parameters=[], CommandType='"Text"', CommandTimeout='30']
SELECT a."ID", a."CreatedAt", a."DeviceFingerprint", a."ExpiresAt", a."IpAddress", a."IsRevoked", a."UserID", a.jti
FROM "AccessTokens" AS a
WHERE NOT (a."IsRevoked")
2026-06-05 17:32:51.201 +00:00 [INF] Executed DbCommand (2ms) [Parameters=[], CommandType='"Text"', CommandTimeout='30']
SELECT a."ID", a."CreatedAt", a."DeviceFingerprint", a."ExpiresAt", a."IpAddress", a."IsRevoked", a."UserID", a.jti
FROM "AccessTokens" AS a
WHERE NOT (a."IsRevoked")
2026-06-05 17:32:51.203 +00:00 [INF] Executing ObjectResult, writing value of type 'System.Collections.Generic.List`1[[API.Models.AccessToken, API, Version=1.0.0.0, Culture=neutral, PublicKeyToken=null]]'.
2026-06-05 17:32:51.203 +00:00 [INF] Executing ObjectResult, writing value of type 'System.Collections.Generic.List`1[[API.Models.AccessToken, API, Version=1.0.0.0, Culture=neutral, PublicKeyToken=null]]'.
2026-06-05 17:32:51.203 +00:00 [INF] Executed action API.Controllers.TokenController.GetAccessTokens (API) in 4.0817ms
2026-06-05 17:32:51.203 +00:00 [INF] Executed action API.Controllers.TokenController.GetAccessTokens (API) in 4.3594ms
2026-06-05 17:32:51.203 +00:00 [INF] Executed endpoint 'API.Controllers.TokenController.GetAccessTokens (API)'
2026-06-05 17:32:51.204 +00:00 [INF] Executed endpoint 'API.Controllers.TokenController.GetAccessTokens (API)'
2026-06-05 17:32:51.204 +00:00 [INF] Request finished HTTP/1.1 GET http://192.168.1.6:8080/api/token/access-tokens - 200 null application/json; charset=utf-8 9.2573ms
2026-06-05 17:32:51.204 +00:00 [INF] Request finished HTTP/1.1 GET http://192.168.1.6:8080/api/token/access-tokens?page=1&limit=10 - 200 null application/json; charset=utf-8 9.8453ms
2026-06-05 17:32:51.419 +00:00 [INF] Request starting HTTP/1.1 GET http://192.168.1.6:8080/api/token/access-tokens - null null
2026-06-05 17:32:51.419 +00:00 [INF] CORS policy execution successful.
2026-06-05 17:32:51.419 +00:00 [INF] ====== OnMessageReceived START ======
2026-06-05 17:32:51.420 +00:00 [INF] Available cookies: 2
2026-06-05 17:32:51.420 +00:00 [INF] Cookie: adminToken = 844 chars
2026-06-05 17:32:51.420 +00:00 [INF] Request starting HTTP/1.1 GET http://192.168.1.6:8080/api/token/access-tokens?page=1&limit=10 - null null
2026-06-05 17:32:51.420 +00:00 [INF] Cookie: adminRefreshToken = 44 chars
2026-06-05 17:32:51.420 +00:00 [INF] CORS policy execution successful.
2026-06-05 17:32:51.420 +00:00 [INF] Admin token found in cookies, length: 844
2026-06-05 17:32:51.421 +00:00 [INF] ====== OnMessageReceived START ======
2026-06-05 17:32:51.421 +00:00 [INF] Admin token set in context
2026-06-05 17:32:51.421 +00:00 [INF] Available cookies: 2
2026-06-05 17:32:51.421 +00:00 [INF] ====== OnMessageReceived END - Token set: true ======
2026-06-05 17:32:51.421 +00:00 [INF] Cookie: adminToken = 844 chars
2026-06-05 17:32:51.422 +00:00 [INF] Cookie: adminRefreshToken = 44 chars
2026-06-05 17:32:51.422 +00:00 [INF] Token validated successfully for user: lengyelnorbi
2026-06-05 17:32:51.422 +00:00 [INF] Admin token found in cookies, length: 844
2026-06-05 17:32:51.422 +00:00 [INF] Device fingerprint headers - UA: Mozilla/5.0 (X11; Linux x86_64) AppleWebKit/537.36 (KHTML, like Gecko) Chrome/148.0.0.0 Safari/537.36, Accept: application/json, text/plain, */*, Encoding: gzip, deflate
2026-06-05 17:32:51.422 +00:00 [INF] Admin token set in context
2026-06-05 17:32:51.422 +00:00 [INF] Device fingerprint validation: Stored=73i8FyZdMubALWzCMYnglpCdt/UIS7jQ/iCsdYXYyAM=, Current=aKgiTYA4zNg1wLEP8kMzEy+O1BJBWsPe0bPrpICwia0=
2026-06-05 17:32:51.422 +00:00 [INF] ====== OnMessageReceived END - Token set: true ======
2026-06-05 17:32:51.422 +00:00 [WRN] Device fingerprint mismatch: Stored=73i8FyZdMubALWzCMYnglpCdt/UIS7jQ/iCsdYXYyAM=, Current=aKgiTYA4zNg1wLEP8kMzEy+O1BJBWsPe0bPrpICwia0=
2026-06-05 17:32:51.423 +00:00 [INF] Token validated successfully for user: lengyelnorbi
2026-06-05 17:32:51.423 +00:00 [INF] Bearer was not authenticated. Failure message: Device fingerprint mismatch
2026-06-05 17:32:51.423 +00:00 [INF] Device fingerprint headers - UA: Mozilla/5.0 (X11; Linux x86_64) AppleWebKit/537.36 (KHTML, like Gecko) Chrome/148.0.0.0 Safari/537.36, Accept: application/json, text/plain, */*, Encoding: gzip, deflate
2026-06-05 17:32:51.423 +00:00 [INF] Executing endpoint 'API.Controllers.TokenController.GetAccessTokens (API)'
2026-06-05 17:32:51.423 +00:00 [INF] Device fingerprint validation: Stored=73i8FyZdMubALWzCMYnglpCdt/UIS7jQ/iCsdYXYyAM=, Current=aKgiTYA4zNg1wLEP8kMzEy+O1BJBWsPe0bPrpICwia0=
2026-06-05 17:32:51.424 +00:00 [WRN] Device fingerprint mismatch: Stored=73i8FyZdMubALWzCMYnglpCdt/UIS7jQ/iCsdYXYyAM=, Current=aKgiTYA4zNg1wLEP8kMzEy+O1BJBWsPe0bPrpICwia0=
2026-06-05 17:32:51.423 +00:00 [INF] Route matched with {action = "GetAccessTokens", controller = "Token"}. Executing controller action with signature System.Threading.Tasks.Task`1[System.Collections.Generic.IEnumerable`1[API.Models.AccessToken]] GetAccessTokens() on controller API.Controllers.TokenController (API).
2026-06-05 17:32:51.424 +00:00 [INF] Bearer was not authenticated. Failure message: Device fingerprint mismatch
2026-06-05 17:32:51.424 +00:00 [INF] Executing endpoint 'API.Controllers.TokenController.GetAccessTokens (API)'
2026-06-05 17:32:51.424 +00:00 [INF] Route matched with {action = "GetAccessTokens", controller = "Token"}. Executing controller action with signature System.Threading.Tasks.Task`1[System.Collections.Generic.IEnumerable`1[API.Models.AccessToken]] GetAccessTokens() on controller API.Controllers.TokenController (API).
2026-06-05 17:32:51.426 +00:00 [INF] Executed DbCommand (1ms) [Parameters=[], CommandType='"Text"', CommandTimeout='30']
SELECT a."ID", a."CreatedAt", a."DeviceFingerprint", a."ExpiresAt", a."IpAddress", a."IsRevoked", a."UserID", a.jti
FROM "AccessTokens" AS a
WHERE NOT (a."IsRevoked")
2026-06-05 17:32:51.426 +00:00 [INF] Executed DbCommand (1ms) [Parameters=[], CommandType='"Text"', CommandTimeout='30']
SELECT a."ID", a."CreatedAt", a."DeviceFingerprint", a."ExpiresAt", a."IpAddress", a."IsRevoked", a."UserID", a.jti
FROM "AccessTokens" AS a
WHERE NOT (a."IsRevoked")
2026-06-05 17:32:51.427 +00:00 [INF] Executing ObjectResult, writing value of type 'System.Collections.Generic.List`1[[API.Models.AccessToken, API, Version=1.0.0.0, Culture=neutral, PublicKeyToken=null]]'.
2026-06-05 17:32:51.427 +00:00 [INF] Executing ObjectResult, writing value of type 'System.Collections.Generic.List`1[[API.Models.AccessToken, API, Version=1.0.0.0, Culture=neutral, PublicKeyToken=null]]'.
2026-06-05 17:32:51.428 +00:00 [INF] Executed action API.Controllers.TokenController.GetAccessTokens (API) in 3.7749ms
2026-06-05 17:32:51.428 +00:00 [INF] Executed action API.Controllers.TokenController.GetAccessTokens (API) in 3.3431ms
2026-06-05 17:32:51.428 +00:00 [INF] Executed endpoint 'API.Controllers.TokenController.GetAccessTokens (API)'
2026-06-05 17:32:51.428 +00:00 [INF] Executed endpoint 'API.Controllers.TokenController.GetAccessTokens (API)'
2026-06-05 17:32:51.428 +00:00 [INF] Request finished HTTP/1.1 GET http://192.168.1.6:8080/api/token/access-tokens - 200 null application/json; charset=utf-8 9.4429ms
2026-06-05 17:32:51.428 +00:00 [INF] Request finished HTTP/1.1 GET http://192.168.1.6:8080/api/token/access-tokens?page=1&limit=10 - 200 null application/json; charset=utf-8 8.2059ms
2026-06-05 17:33:19.081 +00:00 [INF] Request starting HTTP/1.1 GET http://192.168.1.6:8080/api/user?page=1&limit=10 - null null
2026-06-05 17:33:19.081 +00:00 [INF] CORS policy execution successful.
2026-06-05 17:33:19.082 +00:00 [INF] ====== OnMessageReceived START ======
2026-06-05 17:33:19.082 +00:00 [INF] Available cookies: 2
2026-06-05 17:33:19.082 +00:00 [INF] Cookie: adminToken = 844 chars
2026-06-05 17:33:19.082 +00:00 [INF] Cookie: adminRefreshToken = 44 chars
2026-06-05 17:33:19.082 +00:00 [INF] Admin token found in cookies, length: 844
2026-06-05 17:33:19.082 +00:00 [INF] Admin token set in context
2026-06-05 17:33:19.082 +00:00 [INF] ====== OnMessageReceived END - Token set: true ======
2026-06-05 17:33:19.083 +00:00 [INF] Token validated successfully for user: lengyelnorbi
2026-06-05 17:33:19.083 +00:00 [INF] Device fingerprint headers - UA: Mozilla/5.0 (X11; Linux x86_64) AppleWebKit/537.36 (KHTML, like Gecko) Chrome/148.0.0.0 Safari/537.36, Accept: application/json, text/plain, */*, Encoding: gzip, deflate
2026-06-05 17:33:19.083 +00:00 [INF] Device fingerprint validation: Stored=73i8FyZdMubALWzCMYnglpCdt/UIS7jQ/iCsdYXYyAM=, Current=aKgiTYA4zNg1wLEP8kMzEy+O1BJBWsPe0bPrpICwia0=
2026-06-05 17:33:19.083 +00:00 [WRN] Device fingerprint mismatch: Stored=73i8FyZdMubALWzCMYnglpCdt/UIS7jQ/iCsdYXYyAM=, Current=aKgiTYA4zNg1wLEP8kMzEy+O1BJBWsPe0bPrpICwia0=
2026-06-05 17:33:19.084 +00:00 [INF] Bearer was not authenticated. Failure message: Device fingerprint mismatch
2026-06-05 17:33:19.084 +00:00 [INF] Executing endpoint 'API.Controllers.UserController.Get (API)'
2026-06-05 17:33:19.084 +00:00 [INF] Route matched with {action = "Get", controller = "User"}. Executing controller action with signature System.Threading.Tasks.Task`1[System.Collections.Generic.IEnumerable`1[UserDTO]] Get() on controller API.Controllers.UserController (API).
2026-06-05 17:33:19.084 +00:00 [INF] Fetching user data from database...
2026-06-05 17:33:19.085 +00:00 [INF] Request starting HTTP/1.1 GET http://192.168.1.6:8080/api/user - null null
2026-06-05 17:33:19.085 +00:00 [INF] CORS policy execution successful.
2026-06-05 17:33:19.085 +00:00 [INF] ====== OnMessageReceived START ======
2026-06-05 17:33:19.086 +00:00 [INF] Available cookies: 2
2026-06-05 17:33:19.086 +00:00 [INF] Cookie: adminToken = 844 chars
2026-06-05 17:33:19.086 +00:00 [INF] Cookie: adminRefreshToken = 44 chars
2026-06-05 17:33:19.086 +00:00 [INF] Admin token found in cookies, length: 844
2026-06-05 17:33:19.086 +00:00 [INF] Admin token set in context
2026-06-05 17:33:19.086 +00:00 [INF] Executed DbCommand (1ms) [Parameters=[], CommandType='"Text"', CommandTimeout='30']
SELECT u."ID", u."Email", u."PasswordHash", u."RegisteredAt", u."Role", u."Username"
FROM "Users" AS u
2026-06-05 17:33:19.086 +00:00 [INF] ====== OnMessageReceived END - Token set: true ======
2026-06-05 17:33:19.087 +00:00 [INF] Executing ObjectResult, writing value of type 'System.Collections.Generic.List`1[[UserDTO, API, Version=1.0.0.0, Culture=neutral, PublicKeyToken=null]]'.
2026-06-05 17:33:19.087 +00:00 [INF] Token validated successfully for user: lengyelnorbi
2026-06-05 17:33:19.087 +00:00 [INF] Device fingerprint headers - UA: Mozilla/5.0 (X11; Linux x86_64) AppleWebKit/537.36 (KHTML, like Gecko) Chrome/148.0.0.0 Safari/537.36, Accept: application/json, text/plain, */*, Encoding: gzip, deflate
2026-06-05 17:33:19.087 +00:00 [INF] Executed action API.Controllers.UserController.Get (API) in 2.8075ms
2026-06-05 17:33:19.087 +00:00 [INF] Device fingerprint validation: Stored=73i8FyZdMubALWzCMYnglpCdt/UIS7jQ/iCsdYXYyAM=, Current=aKgiTYA4zNg1wLEP8kMzEy+O1BJBWsPe0bPrpICwia0=
2026-06-05 17:33:19.087 +00:00 [INF] Executed endpoint 'API.Controllers.UserController.Get (API)'
2026-06-05 17:33:19.087 +00:00 [WRN] Device fingerprint mismatch: Stored=73i8FyZdMubALWzCMYnglpCdt/UIS7jQ/iCsdYXYyAM=, Current=aKgiTYA4zNg1wLEP8kMzEy+O1BJBWsPe0bPrpICwia0=
2026-06-05 17:33:19.088 +00:00 [INF] Request finished HTTP/1.1 GET http://192.168.1.6:8080/api/user?page=1&limit=10 - 200 null application/json; charset=utf-8 6.7803ms
2026-06-05 17:33:19.088 +00:00 [INF] Bearer was not authenticated. Failure message: Device fingerprint mismatch
2026-06-05 17:33:19.088 +00:00 [INF] Executing endpoint 'API.Controllers.UserController.Get (API)'
2026-06-05 17:33:19.088 +00:00 [INF] Route matched with {action = "Get", controller = "User"}. Executing controller action with signature System.Threading.Tasks.Task`1[System.Collections.Generic.IEnumerable`1[UserDTO]] Get() on controller API.Controllers.UserController (API).
2026-06-05 17:33:19.088 +00:00 [INF] Fetching user data from database...
2026-06-05 17:33:19.090 +00:00 [INF] Executed DbCommand (1ms) [Parameters=[], CommandType='"Text"', CommandTimeout='30']
SELECT u."ID", u."Email", u."PasswordHash", u."RegisteredAt", u."Role", u."Username"
FROM "Users" AS u
2026-06-05 17:33:19.090 +00:00 [INF] Executing ObjectResult, writing value of type 'System.Collections.Generic.List`1[[UserDTO, API, Version=1.0.0.0, Culture=neutral, PublicKeyToken=null]]'.
2026-06-05 17:33:19.090 +00:00 [INF] Executed action API.Controllers.UserController.Get (API) in 2.0642ms
2026-06-05 17:33:19.091 +00:00 [INF] Executed endpoint 'API.Controllers.UserController.Get (API)'
2026-06-05 17:33:19.091 +00:00 [INF] Request finished HTTP/1.1 GET http://192.168.1.6:8080/api/user - 200 null application/json; charset=utf-8 5.8516ms
2026-06-05 17:33:19.116 +00:00 [INF] Request starting HTTP/1.1 GET http://192.168.1.6:8080/api/user?page=1&limit=10 - null null
2026-06-05 17:33:19.116 +00:00 [INF] Request starting HTTP/1.1 GET http://192.168.1.6:8080/api/user - null null
2026-06-05 17:33:19.116 +00:00 [INF] CORS policy execution successful.
2026-06-05 17:33:19.117 +00:00 [INF] CORS policy execution successful.
2026-06-05 17:33:19.117 +00:00 [INF] ====== OnMessageReceived START ======
2026-06-05 17:33:19.117 +00:00 [INF] ====== OnMessageReceived START ======
2026-06-05 17:33:19.117 +00:00 [INF] Available cookies: 2
2026-06-05 17:33:19.117 +00:00 [INF] Available cookies: 2
2026-06-05 17:33:19.117 +00:00 [INF] Cookie: adminToken = 844 chars
2026-06-05 17:33:19.118 +00:00 [INF] Cookie: adminToken = 844 chars
2026-06-05 17:33:19.118 +00:00 [INF] Cookie: adminRefreshToken = 44 chars
2026-06-05 17:33:19.118 +00:00 [INF] Cookie: adminRefreshToken = 44 chars
2026-06-05 17:33:19.118 +00:00 [INF] Admin token found in cookies, length: 844
2026-06-05 17:33:19.118 +00:00 [INF] Admin token found in cookies, length: 844
2026-06-05 17:33:19.118 +00:00 [INF] Admin token set in context
2026-06-05 17:33:19.119 +00:00 [INF] Admin token set in context
2026-06-05 17:33:19.119 +00:00 [INF] ====== OnMessageReceived END - Token set: true ======
2026-06-05 17:33:19.119 +00:00 [INF] ====== OnMessageReceived END - Token set: true ======
2026-06-05 17:33:19.119 +00:00 [INF] Token validated successfully for user: lengyelnorbi
2026-06-05 17:33:19.119 +00:00 [INF] Token validated successfully for user: lengyelnorbi
2026-06-05 17:33:19.119 +00:00 [INF] Device fingerprint headers - UA: Mozilla/5.0 (X11; Linux x86_64) AppleWebKit/537.36 (KHTML, like Gecko) Chrome/148.0.0.0 Safari/537.36, Accept: application/json, text/plain, */*, Encoding: gzip, deflate
2026-06-05 17:33:19.119 +00:00 [INF] Device fingerprint headers - UA: Mozilla/5.0 (X11; Linux x86_64) AppleWebKit/537.36 (KHTML, like Gecko) Chrome/148.0.0.0 Safari/537.36, Accept: application/json, text/plain, */*, Encoding: gzip, deflate
2026-06-05 17:33:19.120 +00:00 [INF] Device fingerprint validation: Stored=73i8FyZdMubALWzCMYnglpCdt/UIS7jQ/iCsdYXYyAM=, Current=aKgiTYA4zNg1wLEP8kMzEy+O1BJBWsPe0bPrpICwia0=
2026-06-05 17:33:19.120 +00:00 [INF] Device fingerprint validation: Stored=73i8FyZdMubALWzCMYnglpCdt/UIS7jQ/iCsdYXYyAM=, Current=aKgiTYA4zNg1wLEP8kMzEy+O1BJBWsPe0bPrpICwia0=
2026-06-05 17:33:19.120 +00:00 [WRN] Device fingerprint mismatch: Stored=73i8FyZdMubALWzCMYnglpCdt/UIS7jQ/iCsdYXYyAM=, Current=aKgiTYA4zNg1wLEP8kMzEy+O1BJBWsPe0bPrpICwia0=
2026-06-05 17:33:19.120 +00:00 [WRN] Device fingerprint mismatch: Stored=73i8FyZdMubALWzCMYnglpCdt/UIS7jQ/iCsdYXYyAM=, Current=aKgiTYA4zNg1wLEP8kMzEy+O1BJBWsPe0bPrpICwia0=
2026-06-05 17:33:19.120 +00:00 [INF] Bearer was not authenticated. Failure message: Device fingerprint mismatch
2026-06-05 17:33:19.120 +00:00 [INF] Bearer was not authenticated. Failure message: Device fingerprint mismatch
2026-06-05 17:33:19.120 +00:00 [INF] Executing endpoint 'API.Controllers.UserController.Get (API)'
2026-06-05 17:33:19.121 +00:00 [INF] Executing endpoint 'API.Controllers.UserController.Get (API)'
2026-06-05 17:33:19.121 +00:00 [INF] Route matched with {action = "Get", controller = "User"}. Executing controller action with signature System.Threading.Tasks.Task`1[System.Collections.Generic.IEnumerable`1[UserDTO]] Get() on controller API.Controllers.UserController (API).
2026-06-05 17:33:19.121 +00:00 [INF] Route matched with {action = "Get", controller = "User"}. Executing controller action with signature System.Threading.Tasks.Task`1[System.Collections.Generic.IEnumerable`1[UserDTO]] Get() on controller API.Controllers.UserController (API).
2026-06-05 17:33:19.121 +00:00 [INF] Fetching user data from database...
2026-06-05 17:33:19.121 +00:00 [INF] Fetching user data from database...
2026-06-05 17:33:19.123 +00:00 [INF] Executed DbCommand (1ms) [Parameters=[], CommandType='"Text"', CommandTimeout='30']
SELECT u."ID", u."Email", u."PasswordHash", u."RegisteredAt", u."Role", u."Username"
FROM "Users" AS u
2026-06-05 17:33:19.123 +00:00 [INF] Executed DbCommand (1ms) [Parameters=[], CommandType='"Text"', CommandTimeout='30']
SELECT u."ID", u."Email", u."PasswordHash", u."RegisteredAt", u."Role", u."Username"
FROM "Users" AS u
2026-06-05 17:33:19.123 +00:00 [INF] Executing ObjectResult, writing value of type 'System.Collections.Generic.List`1[[UserDTO, API, Version=1.0.0.0, Culture=neutral, PublicKeyToken=null]]'.
2026-06-05 17:33:19.124 +00:00 [INF] Executing ObjectResult, writing value of type 'System.Collections.Generic.List`1[[UserDTO, API, Version=1.0.0.0, Culture=neutral, PublicKeyToken=null]]'.
2026-06-05 17:33:19.124 +00:00 [INF] Executed action API.Controllers.UserController.Get (API) in 2.633ms
2026-06-05 17:33:19.124 +00:00 [INF] Executed action API.Controllers.UserController.Get (API) in 2.837ms
2026-06-05 17:33:19.124 +00:00 [INF] Executed endpoint 'API.Controllers.UserController.Get (API)'
2026-06-05 17:33:19.124 +00:00 [INF] Executed endpoint 'API.Controllers.UserController.Get (API)'
2026-06-05 17:33:19.124 +00:00 [INF] Request finished HTTP/1.1 GET http://192.168.1.6:8080/api/user - 200 null application/json; charset=utf-8 7.9433ms
2026-06-05 17:33:19.124 +00:00 [INF] Request finished HTTP/1.1 GET http://192.168.1.6:8080/api/user?page=1&limit=10 - 200 null application/json; charset=utf-8 8.3404ms
2026-06-05 17:33:24.389 +00:00 [INF] Request starting HTTP/1.1 GET http://192.168.1.6:8080/api/user?page=1&limit=10 - null null
2026-06-05 17:33:24.390 +00:00 [INF] CORS policy execution successful.
2026-06-05 17:33:24.390 +00:00 [INF] ====== OnMessageReceived START ======
2026-06-05 17:33:24.390 +00:00 [INF] Available cookies: 2
2026-06-05 17:33:24.390 +00:00 [INF] Cookie: adminToken = 844 chars
2026-06-05 17:33:24.390 +00:00 [INF] Request starting HTTP/1.1 GET http://192.168.1.6:8080/api/user - null null
2026-06-05 17:33:24.391 +00:00 [INF] Cookie: adminRefreshToken = 44 chars
2026-06-05 17:33:24.391 +00:00 [INF] CORS policy execution successful.
2026-06-05 17:33:24.391 +00:00 [INF] Admin token found in cookies, length: 844
2026-06-05 17:33:24.391 +00:00 [INF] ====== OnMessageReceived START ======
2026-06-05 17:33:24.391 +00:00 [INF] Admin token set in context
2026-06-05 17:33:24.391 +00:00 [INF] Available cookies: 2
2026-06-05 17:33:24.392 +00:00 [INF] ====== OnMessageReceived END - Token set: true ======
2026-06-05 17:33:24.392 +00:00 [INF] Cookie: adminToken = 844 chars
2026-06-05 17:33:24.392 +00:00 [INF] Cookie: adminRefreshToken = 44 chars
2026-06-05 17:33:24.392 +00:00 [INF] Token validated successfully for user: lengyelnorbi
2026-06-05 17:33:24.392 +00:00 [INF] Admin token found in cookies, length: 844
2026-06-05 17:33:24.392 +00:00 [INF] Device fingerprint headers - UA: Mozilla/5.0 (X11; Linux x86_64) AppleWebKit/537.36 (KHTML, like Gecko) Chrome/148.0.0.0 Safari/537.36, Accept: application/json, text/plain, */*, Encoding: gzip, deflate
2026-06-05 17:33:24.392 +00:00 [INF] Admin token set in context
2026-06-05 17:33:24.393 +00:00 [INF] Device fingerprint validation: Stored=73i8FyZdMubALWzCMYnglpCdt/UIS7jQ/iCsdYXYyAM=, Current=aKgiTYA4zNg1wLEP8kMzEy+O1BJBWsPe0bPrpICwia0=
2026-06-05 17:33:24.393 +00:00 [INF] ====== OnMessageReceived END - Token set: true ======
2026-06-05 17:33:24.393 +00:00 [WRN] Device fingerprint mismatch: Stored=73i8FyZdMubALWzCMYnglpCdt/UIS7jQ/iCsdYXYyAM=, Current=aKgiTYA4zNg1wLEP8kMzEy+O1BJBWsPe0bPrpICwia0=
2026-06-05 17:33:24.393 +00:00 [INF] Token validated successfully for user: lengyelnorbi
2026-06-05 17:33:24.393 +00:00 [INF] Bearer was not authenticated. Failure message: Device fingerprint mismatch
2026-06-05 17:33:24.393 +00:00 [INF] Device fingerprint headers - UA: Mozilla/5.0 (X11; Linux x86_64) AppleWebKit/537.36 (KHTML, like Gecko) Chrome/148.0.0.0 Safari/537.36, Accept: application/json, text/plain, */*, Encoding: gzip, deflate
2026-06-05 17:33:24.394 +00:00 [INF] Executing endpoint 'API.Controllers.UserController.Get (API)'
2026-06-05 17:33:24.394 +00:00 [INF] Device fingerprint validation: Stored=73i8FyZdMubALWzCMYnglpCdt/UIS7jQ/iCsdYXYyAM=, Current=aKgiTYA4zNg1wLEP8kMzEy+O1BJBWsPe0bPrpICwia0=
2026-06-05 17:33:24.394 +00:00 [INF] Route matched with {action = "Get", controller = "User"}. Executing controller action with signature System.Threading.Tasks.Task`1[System.Collections.Generic.IEnumerable`1[UserDTO]] Get() on controller API.Controllers.UserController (API).
2026-06-05 17:33:24.394 +00:00 [WRN] Device fingerprint mismatch: Stored=73i8FyZdMubALWzCMYnglpCdt/UIS7jQ/iCsdYXYyAM=, Current=aKgiTYA4zNg1wLEP8kMzEy+O1BJBWsPe0bPrpICwia0=
2026-06-05 17:33:24.394 +00:00 [INF] Bearer was not authenticated. Failure message: Device fingerprint mismatch
2026-06-05 17:33:24.394 +00:00 [INF] Fetching user data from database...
2026-06-05 17:33:24.394 +00:00 [INF] Executing endpoint 'API.Controllers.UserController.Get (API)'
2026-06-05 17:33:24.395 +00:00 [INF] Route matched with {action = "Get", controller = "User"}. Executing controller action with signature System.Threading.Tasks.Task`1[System.Collections.Generic.IEnumerable`1[UserDTO]] Get() on controller API.Controllers.UserController (API).
2026-06-05 17:33:24.395 +00:00 [INF] Fetching user data from database...
2026-06-05 17:33:24.396 +00:00 [INF] Executed DbCommand (1ms) [Parameters=[], CommandType='"Text"', CommandTimeout='30']
SELECT u."ID", u."Email", u."PasswordHash", u."RegisteredAt", u."Role", u."Username"
FROM "Users" AS u
2026-06-05 17:33:24.396 +00:00 [INF] Executed DbCommand (1ms) [Parameters=[], CommandType='"Text"', CommandTimeout='30']
SELECT u."ID", u."Email", u."PasswordHash", u."RegisteredAt", u."Role", u."Username"
FROM "Users" AS u
2026-06-05 17:33:24.397 +00:00 [INF] Executing ObjectResult, writing value of type 'System.Collections.Generic.List`1[[UserDTO, API, Version=1.0.0.0, Culture=neutral, PublicKeyToken=null]]'.
2026-06-05 17:33:24.397 +00:00 [INF] Executing ObjectResult, writing value of type 'System.Collections.Generic.List`1[[UserDTO, API, Version=1.0.0.0, Culture=neutral, PublicKeyToken=null]]'.
2026-06-05 17:33:24.397 +00:00 [INF] Executed action API.Controllers.UserController.Get (API) in 2.7009ms
2026-06-05 17:33:24.397 +00:00 [INF] Executed action API.Controllers.UserController.Get (API) in 2.0898ms
2026-06-05 17:33:24.397 +00:00 [INF] Executed endpoint 'API.Controllers.UserController.Get (API)'
2026-06-05 17:33:24.397 +00:00 [INF] Executed endpoint 'API.Controllers.UserController.Get (API)'
2026-06-05 17:33:24.397 +00:00 [INF] Request finished HTTP/1.1 GET http://192.168.1.6:8080/api/user?page=1&limit=10 - 200 null application/json; charset=utf-8 8.0112ms
2026-06-05 17:33:24.398 +00:00 [INF] Request finished HTTP/1.1 GET http://192.168.1.6:8080/api/user - 200 null application/json; charset=utf-8 7.1133ms
2026-06-05 17:34:08.181 +00:00 [INF] Request starting HTTP/1.1 GET http://192.168.1.6:8080/api/music?page=1&limit=10 - null null
2026-06-05 17:34:08.181 +00:00 [INF] Request starting HTTP/1.1 GET http://192.168.1.6:8080/api/music - null null
2026-06-05 17:34:08.181 +00:00 [INF] ====== OnMessageReceived START ======
2026-06-05 17:34:08.181 +00:00 [INF] ====== OnMessageReceived START ======
2026-06-05 17:34:08.181 +00:00 [INF] Available cookies: 0
2026-06-05 17:34:08.181 +00:00 [INF] Available cookies: 0
2026-06-05 17:34:08.182 +00:00 [WRN] NO TOKEN FOUND IN COOKIES!
2026-06-05 17:34:08.182 +00:00 [WRN] NO TOKEN FOUND IN COOKIES!
2026-06-05 17:34:08.182 +00:00 [INF] ====== OnMessageReceived END - Token set: false ======
2026-06-05 17:34:08.182 +00:00 [INF] ====== OnMessageReceived END - Token set: false ======
2026-06-05 17:34:08.182 +00:00 [INF] Executing endpoint 'API.Controllers.MusicController.Get (API)'
2026-06-05 17:34:08.182 +00:00 [INF] Executing endpoint 'API.Controllers.MusicController.Get (API)'
2026-06-05 17:34:08.183 +00:00 [INF] Route matched with {action = "Get", controller = "Music"}. Executing controller action with signature System.Threading.Tasks.Task`1[System.Collections.Generic.IEnumerable`1[API.Models.Music]] Get() on controller API.Controllers.MusicController (API).
2026-06-05 17:34:08.183 +00:00 [INF] Route matched with {action = "Get", controller = "Music"}. Executing controller action with signature System.Threading.Tasks.Task`1[System.Collections.Generic.IEnumerable`1[API.Models.Music]] Get() on controller API.Controllers.MusicController (API).
2026-06-05 17:34:08.184 +00:00 [INF] Fetching music data from database...
2026-06-05 17:34:08.184 +00:00 [INF] Fetching music data from database...
2026-06-05 17:34:08.186 +00:00 [INF] Executed DbCommand (1ms) [Parameters=[], CommandType='"Text"', CommandTimeout='30']
SELECT m."ID", m."AddedAt", m."File_id", m."Title"
FROM "Musics" AS m
2026-06-05 17:34:08.186 +00:00 [INF] Executed DbCommand (1ms) [Parameters=[], CommandType='"Text"', CommandTimeout='30']
SELECT m."ID", m."AddedAt", m."File_id", m."Title"
FROM "Musics" AS m
2026-06-05 17:34:08.186 +00:00 [INF] Fetched 3 music records.
2026-06-05 17:34:08.186 +00:00 [INF] Fetched 3 music records.
2026-06-05 17:34:08.186 +00:00 [INF] Executing ObjectResult, writing value of type 'System.Collections.Generic.List`1[[API.Models.Music, API, Version=1.0.0.0, Culture=neutral, PublicKeyToken=null]]'.
2026-06-05 17:34:08.186 +00:00 [INF] Executing ObjectResult, writing value of type 'System.Collections.Generic.List`1[[API.Models.Music, API, Version=1.0.0.0, Culture=neutral, PublicKeyToken=null]]'.
2026-06-05 17:34:08.187 +00:00 [INF] Executed action API.Controllers.MusicController.Get (API) in 3.6929ms
2026-06-05 17:34:08.187 +00:00 [INF] Executed action API.Controllers.MusicController.Get (API) in 3.9316ms
2026-06-05 17:34:08.187 +00:00 [INF] Executed endpoint 'API.Controllers.MusicController.Get (API)'
2026-06-05 17:34:08.187 +00:00 [INF] Executed endpoint 'API.Controllers.MusicController.Get (API)'
2026-06-05 17:34:08.187 +00:00 [INF] Request finished HTTP/1.1 GET http://192.168.1.6:8080/api/music - 200 null application/json; charset=utf-8 6.6757ms
2026-06-05 17:34:08.188 +00:00 [INF] Request finished HTTP/1.1 GET http://192.168.1.6:8080/api/music?page=1&limit=10 - 200 null application/json; charset=utf-8 6.8957ms
2026-06-05 17:34:08.216 +00:00 [INF] Request starting HTTP/1.1 GET http://192.168.1.6:8080/api/music?page=1&limit=10 - null null
2026-06-05 17:34:08.216 +00:00 [INF] ====== OnMessageReceived START ======
2026-06-05 17:34:08.216 +00:00 [INF] Available cookies: 0
2026-06-05 17:34:08.216 +00:00 [INF] Request starting HTTP/1.1 GET http://192.168.1.6:8080/api/music - null null
2026-06-05 17:34:08.217 +00:00 [WRN] NO TOKEN FOUND IN COOKIES!
2026-06-05 17:34:08.217 +00:00 [INF] ====== OnMessageReceived START ======
2026-06-05 17:34:08.217 +00:00 [INF] ====== OnMessageReceived END - Token set: false ======
2026-06-05 17:34:08.217 +00:00 [INF] Available cookies: 0
2026-06-05 17:34:08.217 +00:00 [INF] Executing endpoint 'API.Controllers.MusicController.Get (API)'
2026-06-05 17:34:08.218 +00:00 [WRN] NO TOKEN FOUND IN COOKIES!
2026-06-05 17:34:08.218 +00:00 [INF] Route matched with {action = "Get", controller = "Music"}. Executing controller action with signature System.Threading.Tasks.Task`1[System.Collections.Generic.IEnumerable`1[API.Models.Music]] Get() on controller API.Controllers.MusicController (API).
2026-06-05 17:34:08.218 +00:00 [INF] ====== OnMessageReceived END - Token set: false ======
2026-06-05 17:34:08.218 +00:00 [INF] Fetching music data from database...
2026-06-05 17:34:08.218 +00:00 [INF] Executing endpoint 'API.Controllers.MusicController.Get (API)'
2026-06-05 17:34:08.219 +00:00 [INF] Route matched with {action = "Get", controller = "Music"}. Executing controller action with signature System.Threading.Tasks.Task`1[System.Collections.Generic.IEnumerable`1[API.Models.Music]] Get() on controller API.Controllers.MusicController (API).
2026-06-05 17:34:08.219 +00:00 [INF] Fetching music data from database...
2026-06-05 17:34:08.220 +00:00 [INF] Executed DbCommand (1ms) [Parameters=[], CommandType='"Text"', CommandTimeout='30']
SELECT m."ID", m."AddedAt", m."File_id", m."Title"
FROM "Musics" AS m
2026-06-05 17:34:08.221 +00:00 [INF] Fetched 3 music records.
2026-06-05 17:34:08.221 +00:00 [INF] Executed DbCommand (1ms) [Parameters=[], CommandType='"Text"', CommandTimeout='30']
SELECT m."ID", m."AddedAt", m."File_id", m."Title"
FROM "Musics" AS m
2026-06-05 17:34:08.221 +00:00 [INF] Executing ObjectResult, writing value of type 'System.Collections.Generic.List`1[[API.Models.Music, API, Version=1.0.0.0, Culture=neutral, PublicKeyToken=null]]'.
2026-06-05 17:34:08.221 +00:00 [INF] Fetched 3 music records.
2026-06-05 17:34:08.221 +00:00 [INF] Executed action API.Controllers.MusicController.Get (API) in 3.0928ms
2026-06-05 17:34:08.221 +00:00 [INF] Executing ObjectResult, writing value of type 'System.Collections.Generic.List`1[[API.Models.Music, API, Version=1.0.0.0, Culture=neutral, PublicKeyToken=null]]'.
2026-06-05 17:34:08.221 +00:00 [INF] Executed endpoint 'API.Controllers.MusicController.Get (API)'
2026-06-05 17:34:08.222 +00:00 [INF] Executed action API.Controllers.MusicController.Get (API) in 2.787ms
2026-06-05 17:34:08.222 +00:00 [INF] Request finished HTTP/1.1 GET http://192.168.1.6:8080/api/music?page=1&limit=10 - 200 null application/json; charset=utf-8 6.0713ms
2026-06-05 17:34:08.222 +00:00 [INF] Executed endpoint 'API.Controllers.MusicController.Get (API)'
2026-06-05 17:34:08.222 +00:00 [INF] Request finished HTTP/1.1 GET http://192.168.1.6:8080/api/music - 200 null application/json; charset=utf-8 5.8998ms
2026-06-05 17:34:19.797 +00:00 [INF] Request starting HTTP/1.1 GET http://192.168.1.6:8080/api/music - null null
2026-06-05 17:34:19.797 +00:00 [INF] Request starting HTTP/1.1 GET http://192.168.1.6:8080/api/music?page=1&limit=10 - null null
2026-06-05 17:34:19.798 +00:00 [INF] ====== OnMessageReceived START ======
2026-06-05 17:34:19.798 +00:00 [INF] ====== OnMessageReceived START ======
2026-06-05 17:34:19.798 +00:00 [INF] Available cookies: 0
2026-06-05 17:34:19.798 +00:00 [INF] Available cookies: 0
2026-06-05 17:34:19.798 +00:00 [WRN] NO TOKEN FOUND IN COOKIES!
2026-06-05 17:34:19.798 +00:00 [WRN] NO TOKEN FOUND IN COOKIES!
2026-06-05 17:34:19.798 +00:00 [INF] ====== OnMessageReceived END - Token set: false ======
2026-06-05 17:34:19.799 +00:00 [INF] ====== OnMessageReceived END - Token set: false ======
2026-06-05 17:34:19.799 +00:00 [INF] Executing endpoint 'API.Controllers.MusicController.Get (API)'
2026-06-05 17:34:19.799 +00:00 [INF] Executing endpoint 'API.Controllers.MusicController.Get (API)'
2026-06-05 17:34:19.799 +00:00 [INF] Route matched with {action = "Get", controller = "Music"}. Executing controller action with signature System.Threading.Tasks.Task`1[System.Collections.Generic.IEnumerable`1[API.Models.Music]] Get() on controller API.Controllers.MusicController (API).
2026-06-05 17:34:19.799 +00:00 [INF] Route matched with {action = "Get", controller = "Music"}. Executing controller action with signature System.Threading.Tasks.Task`1[System.Collections.Generic.IEnumerable`1[API.Models.Music]] Get() on controller API.Controllers.MusicController (API).
2026-06-05 17:34:19.800 +00:00 [INF] Fetching music data from database...
2026-06-05 17:34:19.800 +00:00 [INF] Fetching music data from database...
2026-06-05 17:34:19.801 +00:00 [INF] Executed DbCommand (1ms) [Parameters=[], CommandType='"Text"', CommandTimeout='30']
SELECT m."ID", m."AddedAt", m."File_id", m."Title"
FROM "Musics" AS m
2026-06-05 17:34:19.801 +00:00 [INF] Executed DbCommand (1ms) [Parameters=[], CommandType='"Text"', CommandTimeout='30']
SELECT m."ID", m."AddedAt", m."File_id", m."Title"
FROM "Musics" AS m
2026-06-05 17:34:19.802 +00:00 [INF] Fetched 3 music records.
2026-06-05 17:34:19.802 +00:00 [INF] Fetched 3 music records.
2026-06-05 17:34:19.802 +00:00 [INF] Executing ObjectResult, writing value of type 'System.Collections.Generic.List`1[[API.Models.Music, API, Version=1.0.0.0, Culture=neutral, PublicKeyToken=null]]'.
2026-06-05 17:34:19.802 +00:00 [INF] Executing ObjectResult, writing value of type 'System.Collections.Generic.List`1[[API.Models.Music, API, Version=1.0.0.0, Culture=neutral, PublicKeyToken=null]]'.
2026-06-05 17:34:19.802 +00:00 [INF] Executed action API.Controllers.MusicController.Get (API) in 2.8238ms
2026-06-05 17:34:19.802 +00:00 [INF] Executed action API.Controllers.MusicController.Get (API) in 2.7804ms
2026-06-05 17:34:19.802 +00:00 [INF] Executed endpoint 'API.Controllers.MusicController.Get (API)'
2026-06-05 17:34:19.803 +00:00 [INF] Executed endpoint 'API.Controllers.MusicController.Get (API)'
2026-06-05 17:34:19.803 +00:00 [INF] Request finished HTTP/1.1 GET http://192.168.1.6:8080/api/music - 200 null application/json; charset=utf-8 5.5305ms
2026-06-05 17:34:19.803 +00:00 [INF] Request finished HTTP/1.1 GET http://192.168.1.6:8080/api/music?page=1&limit=10 - 200 null application/json; charset=utf-8 5.5601ms
2026-06-05 17:35:39.102 +00:00 [INF] Request starting HTTP/1.1 OPTIONS http://192.168.1.6:8080/api/auth - null null
2026-06-05 17:35:39.102 +00:00 [INF] CORS policy execution successful.
2026-06-05 17:35:39.103 +00:00 [INF] Request finished HTTP/1.1 OPTIONS http://192.168.1.6:8080/api/auth - 204 null null 0.7544ms
2026-06-05 17:35:39.119 +00:00 [INF] Request starting HTTP/1.1 POST http://192.168.1.6:8080/api/auth - application/json 73
2026-06-05 17:35:39.119 +00:00 [INF] CORS policy execution successful.
2026-06-05 17:35:39.119 +00:00 [INF] ====== OnMessageReceived START ======
2026-06-05 17:35:39.119 +00:00 [INF] Available cookies: 0
2026-06-05 17:35:39.119 +00:00 [WRN] NO TOKEN FOUND IN COOKIES!
2026-06-05 17:35:39.119 +00:00 [INF] ====== OnMessageReceived END - Token set: false ======
2026-06-05 17:35:39.119 +00:00 [INF] Executing endpoint 'API.Controllers.AuthController.Authenticate (API)'
2026-06-05 17:35:39.120 +00:00 [INF] Route matched with {action = "Authenticate", controller = "Auth"}. Executing controller action with signature System.Threading.Tasks.Task`1[Microsoft.AspNetCore.Mvc.IActionResult] Authenticate(API.Models.RequestModels.LoginRequest) on controller API.Controllers.AuthController (API).
2026-06-05 17:35:39.121 +00:00 [INF] Authentication attempt for email: lengyelnorbi5@gmail.com
2026-06-05 17:35:39.121 +00:00 [INF] Fetching user by email from database...
2026-06-05 17:35:39.123 +00:00 [INF] Executed DbCommand (1ms) [Parameters=[@__email_0='?'], CommandType='"Text"', CommandTimeout='30']
SELECT u."ID", u."Email", u."PasswordHash", u."RegisteredAt", u."Role", u."Username"
FROM "Users" AS u
WHERE u."Email" = @__email_0
LIMIT 1
2026-06-05 17:35:39.124 +00:00 [INF] Mozilla/5.0 (Linux; Android 10; K) AppleWebKit/537.36 (KHTML, like Gecko) Chrome/148.0.0.0 Mobile Safari/537.36
2026-06-05 17:35:39.124 +00:00 [INF] Fetching user by email from database...
2026-06-05 17:35:39.125 +00:00 [INF] Executed DbCommand (1ms) [Parameters=[@__email_0='?'], CommandType='"Text"', CommandTimeout='30']
SELECT u."ID", u."Email", u."PasswordHash", u."RegisteredAt", u."Role", u."Username"
FROM "Users" AS u
WHERE u."Email" = @__email_0
LIMIT 1
2026-06-05 17:35:39.312 +00:00 [INF] Password verification completed: Valid
2026-06-05 17:35:39.316 +00:00 [INF] Executed DbCommand (3ms) [Parameters=[@p0='?' (DbType = DateTime), @p1='?', @p2='?' (DbType = DateTime), @p3='?', @p4='?' (DbType = Int32), @p5='?'], CommandType='"Text"', CommandTimeout='30']
INSERT INTO "AccessTokens" ("CreatedAt", "DeviceFingerprint", "ExpiresAt", "IpAddress", "UserID", jti)
VALUES (@p0, @p1, @p2, @p3, @p4, @p5)
RETURNING "ID", "IsRevoked";
2026-06-05 17:35:39.318 +00:00 [INF] Executed DbCommand (2ms) [Parameters=[@p0='?' (DbType = DateTime), @p1='?', @p2='?' (DbType = DateTime), @p3='?', @p4='?', @p5='?' (DbType = Int32)], CommandType='"Text"', CommandTimeout='30']
INSERT INTO "RefreshTokens" ("CreatedAt", "DeviceFingerprint", "ExpiresAt", "IpAddress", "TokenHash", "UserID")
VALUES (@p0, @p1, @p2, @p3, @p4, @p5)
RETURNING "ID", "IsRevoked";
2026-06-05 17:35:39.319 +00:00 [INF] User lengyelnorbi5@gmail.com authenticated successfully from music player at "2026-06-05T17:35:39.3191855Z"
2026-06-05 17:35:39.319 +00:00 [INF] --------------------------------------------------------------------
2026-06-05 17:35:39.319 +00:00 [INF] eyJhbGciOiJIUzI1NiIsInR5cCI6IkpXVCJ9.eyJodHRwOi8vc2NoZW1hcy54bWxzb2FwLm9yZy93cy8yMDA1LzA1L2lkZW50aXR5L2NsYWltcy9uYW1laWRlbnRpZmllciI6IjEiLCJodHRwOi8vc2NoZW1hcy54bWxzb2FwLm9yZy93cy8yMDA1LzA1L2lkZW50aXR5L2NsYWltcy9lbWFpbGFkZHJlc3MiOiJsZW5neWVsbm9yYmk1QGdtYWlsLmNvbSIsImh0dHA6Ly9zY2hlbWFzLnhtbHNvYXAub3JnL3dzLzIwMDUvMDUvaWRlbnRpdHkvY2xhaW1zL25hbWUiOiJsZW5neWVsbm9yYmkiLCJqdGkiOiJiNDMzMGUzMC1kN2U4LTQ3ZmYtODcwNC0zODAzNzQ0OGZjMmYiLCJpYXQiOjE3ODA2ODA5MzksImV4cCI6MTc4MDY4MTgzOSwiaHR0cDovL3NjaGVtYXMubWljcm9zb2Z0LmNvbS93cy8yMDA4LzA2L2lkZW50aXR5L2NsYWltcy9yb2xlIjoiQWRtaW4iLCJTb3VyY2UiOiJ1c2VyIiwiRGV2aWNlSWQiOiI3M2k4RnlaZE11YkFMV3pDTVluZ2xwQ2R0L1VJUzdqUS9pQ3NkWVhZeUFNPSIsIklQQWRkcmVzcyI6Ijo6ZmZmZjoxNzIuMjAuMC4xIiwiVG9rZW5WZXJzaW9uIjoiMSIsImlzcyI6Ik11c2ljUGxheWVyQVBJIiwiYXVkIjoiTXVzaWNQbGF5ZXJDbGllbnQifQ.zPfYun5fuLBDMsTZC8JAH-PdcparQLIcNpGD-Cw3QVk
2026-06-05 17:35:39.319 +00:00 [INF] LsTguU1JS7pUiKEo7qNRq9eVsekCQ7Xq5Kr4OS6ck+M=
2026-06-05 17:35:39.319 +00:00 [INF] Source: user
2026-06-05 17:35:39.319 +00:00 [INF] Access Token expires at: "2026-06-05T17:50:39.3128790Z"
2026-06-05 17:35:39.320 +00:00 [INF] Refresh Token expires at: "2026-06-06T01:35:39.3169784Z"
2026-06-05 17:35:39.320 +00:00 [INF] tokenCookieName: userToken
2026-06-05 17:35:39.320 +00:00 [INF] refreshTokenCookieName: userRefreshToken
2026-06-05 17:35:39.320 +00:00 [INF] Refresh token hash stored in cookie: LsTguU1JS7pUiKEo7qNRq9eVsekCQ7Xq5Kr4OS6ck+M=
2026-06-05 17:35:39.320 +00:00 [INF] --------------------------------------------------------------------
2026-06-05 17:35:39.320 +00:00 [INF] Executing OkObjectResult, writing value of type '<>f__AnonymousType1`4[[System.Boolean, System.Private.CoreLib, Version=9.0.0.0, Culture=neutral, PublicKeyToken=7cec85d7bea7798e],[System.Int32, System.Private.CoreLib, Version=9.0.0.0, Culture=neutral, PublicKeyToken=7cec85d7bea7798e],[System.Int32, System.Private.CoreLib, Version=9.0.0.0, Culture=neutral, PublicKeyToken=7cec85d7bea7798e],[<>f__AnonymousType2`3[[System.Int32, System.Private.CoreLib, Version=9.0.0.0, Culture=neutral, PublicKeyToken=7cec85d7bea7798e],[System.String, System.Private.CoreLib, Version=9.0.0.0, Culture=neutral, PublicKeyToken=7cec85d7bea7798e],[System.String, System.Private.CoreLib, Version=9.0.0.0, Culture=neutral, PublicKeyToken=7cec85d7bea7798e]], API, Version=1.0.0.0, Culture=neutral, PublicKeyToken=null]]'.
2026-06-05 17:35:39.321 +00:00 [INF] Executed action API.Controllers.AuthController.Authenticate (API) in 200.7043ms
2026-06-05 17:35:39.321 +00:00 [INF] Executed endpoint 'API.Controllers.AuthController.Authenticate (API)'
2026-06-05 17:35:39.321 +00:00 [INF] Request finished HTTP/1.1 POST http://192.168.1.6:8080/api/auth - 200 null application/json; charset=utf-8 202.3187ms
2026-06-05 17:35:39.400 +00:00 [INF] Request starting HTTP/1.1 GET http://192.168.1.6:8080/api/music - null null
2026-06-05 17:35:39.400 +00:00 [INF] CORS policy execution successful.
2026-06-05 17:35:39.401 +00:00 [INF] ====== OnMessageReceived START ======
2026-06-05 17:35:39.401 +00:00 [INF] Available cookies: 2
2026-06-05 17:35:39.401 +00:00 [INF] Cookie: userToken = 843 chars
2026-06-05 17:35:39.401 +00:00 [INF] Cookie: userRefreshToken = 44 chars
2026-06-05 17:35:39.401 +00:00 [INF] User token found in cookies, length: 843
2026-06-05 17:35:39.401 +00:00 [INF] User token set in context
2026-06-05 17:35:39.402 +00:00 [INF] ====== OnMessageReceived END - Token set: true ======
2026-06-05 17:35:39.402 +00:00 [INF] Token validated successfully for user: lengyelnorbi
2026-06-05 17:35:39.402 +00:00 [INF] Device fingerprint headers - UA: Mozilla/5.0 (Linux; Android 10; K) AppleWebKit/537.36 (KHTML, like Gecko) Chrome/148.0.0.0 Mobile Safari/537.36, Accept: application/json, text/plain, */*, Encoding: gzip, deflate
2026-06-05 17:35:39.402 +00:00 [INF] Device fingerprint validation: Stored=73i8FyZdMubALWzCMYnglpCdt/UIS7jQ/iCsdYXYyAM=, Current=73i8FyZdMubALWzCMYnglpCdt/UIS7jQ/iCsdYXYyAM=
2026-06-05 17:35:39.404 +00:00 [INF] Executed DbCommand (1ms) [Parameters=[@__jti_0='?', @__userId_1='?' (DbType = Int32)], CommandType='"Text"', CommandTimeout='30']
SELECT a."ID", a."CreatedAt", a."DeviceFingerprint", a."ExpiresAt", a."IpAddress", a."IsRevoked", a."UserID", a.jti
FROM "AccessTokens" AS a
WHERE a.jti = @__jti_0 AND a."UserID" = @__userId_1 AND NOT (a."IsRevoked") AND a."ExpiresAt" > now()
LIMIT 1
2026-06-05 17:35:39.404 +00:00 [INF] Executing endpoint 'API.Controllers.MusicController.Get (API)'
2026-06-05 17:35:39.405 +00:00 [INF] Route matched with {action = "Get", controller = "Music"}. Executing controller action with signature System.Threading.Tasks.Task`1[System.Collections.Generic.IEnumerable`1[API.Models.Music]] Get() on controller API.Controllers.MusicController (API).
2026-06-05 17:35:39.405 +00:00 [INF] Fetching music data from database...
2026-06-05 17:35:39.406 +00:00 [INF] Executed DbCommand (1ms) [Parameters=[], CommandType='"Text"', CommandTimeout='30']
SELECT m."ID", m."AddedAt", m."File_id", m."Title"
FROM "Musics" AS m
2026-06-05 17:35:39.406 +00:00 [INF] Fetched 3 music records.
2026-06-05 17:35:39.406 +00:00 [INF] Executing ObjectResult, writing value of type 'System.Collections.Generic.List`1[[API.Models.Music, API, Version=1.0.0.0, Culture=neutral, PublicKeyToken=null]]'.
2026-06-05 17:35:39.406 +00:00 [INF] Executed action API.Controllers.MusicController.Get (API) in 1.7921ms
2026-06-05 17:35:39.407 +00:00 [INF] Executed endpoint 'API.Controllers.MusicController.Get (API)'
2026-06-05 17:35:39.407 +00:00 [INF] Request finished HTTP/1.1 GET http://192.168.1.6:8080/api/music - 200 null application/json; charset=utf-8 6.5945ms
2026-06-05 17:35:53.059 +00:00 [INF] Request starting HTTP/1.1 GET http://192.168.1.6:8080/api/music - null null
2026-06-05 17:35:53.060 +00:00 [INF] CORS policy execution successful.
2026-06-05 17:35:53.060 +00:00 [INF] ====== OnMessageReceived START ======
2026-06-05 17:35:53.060 +00:00 [INF] Available cookies: 2
2026-06-05 17:35:53.060 +00:00 [INF] Cookie: userToken = 843 chars
2026-06-05 17:35:53.060 +00:00 [INF] Cookie: userRefreshToken = 44 chars
2026-06-05 17:35:53.061 +00:00 [INF] User token found in cookies, length: 843
2026-06-05 17:35:53.061 +00:00 [INF] User token set in context
2026-06-05 17:35:53.061 +00:00 [INF] ====== OnMessageReceived END - Token set: true ======
2026-06-05 17:35:53.061 +00:00 [INF] Token validated successfully for user: lengyelnorbi
2026-06-05 17:35:53.061 +00:00 [INF] Device fingerprint headers - UA: Mozilla/5.0 (Linux; Android 10; K) AppleWebKit/537.36 (KHTML, like Gecko) Chrome/148.0.0.0 Mobile Safari/537.36, Accept: application/json, text/plain, */*, Encoding: gzip, deflate
2026-06-05 17:35:53.062 +00:00 [INF] Device fingerprint validation: Stored=73i8FyZdMubALWzCMYnglpCdt/UIS7jQ/iCsdYXYyAM=, Current=73i8FyZdMubALWzCMYnglpCdt/UIS7jQ/iCsdYXYyAM=
2026-06-05 17:35:53.064 +00:00 [INF] Executed DbCommand (1ms) [Parameters=[@__jti_0='?', @__userId_1='?' (DbType = Int32)], CommandType='"Text"', CommandTimeout='30']
SELECT a."ID", a."CreatedAt", a."DeviceFingerprint", a."ExpiresAt", a."IpAddress", a."IsRevoked", a."UserID", a.jti
FROM "AccessTokens" AS a
WHERE a.jti = @__jti_0 AND a."UserID" = @__userId_1 AND NOT (a."IsRevoked") AND a."ExpiresAt" > now()
LIMIT 1
2026-06-05 17:35:53.064 +00:00 [INF] Executing endpoint 'API.Controllers.MusicController.Get (API)'
2026-06-05 17:35:53.064 +00:00 [INF] Route matched with {action = "Get", controller = "Music"}. Executing controller action with signature System.Threading.Tasks.Task`1[System.Collections.Generic.IEnumerable`1[API.Models.Music]] Get() on controller API.Controllers.MusicController (API).
2026-06-05 17:35:53.064 +00:00 [INF] Fetching music data from database...
2026-06-05 17:35:53.066 +00:00 [INF] Executed DbCommand (1ms) [Parameters=[], CommandType='"Text"', CommandTimeout='30']
SELECT m."ID", m."AddedAt", m."File_id", m."Title"
FROM "Musics" AS m
2026-06-05 17:35:53.066 +00:00 [INF] Fetched 3 music records.
2026-06-05 17:35:53.066 +00:00 [INF] Executing ObjectResult, writing value of type 'System.Collections.Generic.List`1[[API.Models.Music, API, Version=1.0.0.0, Culture=neutral, PublicKeyToken=null]]'.
2026-06-05 17:35:53.066 +00:00 [INF] Executed action API.Controllers.MusicController.Get (API) in 1.9051ms
2026-06-05 17:35:53.066 +00:00 [INF] Executed endpoint 'API.Controllers.MusicController.Get (API)'
2026-06-05 17:35:53.067 +00:00 [INF] Request finished HTTP/1.1 GET http://192.168.1.6:8080/api/music - 200 null application/json; charset=utf-8 7.2678ms
2026-06-05 17:36:48.696 +00:00 [INF] Request starting HTTP/1.1 GET http://192.168.1.6:8080/api/music?page=1&limit=10 - null null
2026-06-05 17:36:48.696 +00:00 [INF] Request starting HTTP/1.1 GET http://192.168.1.6:8080/api/music - null null
2026-06-05 17:36:48.697 +00:00 [INF] ====== OnMessageReceived START ======
2026-06-05 17:36:48.697 +00:00 [INF] ====== OnMessageReceived START ======
2026-06-05 17:36:48.697 +00:00 [INF] Available cookies: 0
2026-06-05 17:36:48.697 +00:00 [INF] Available cookies: 0
2026-06-05 17:36:48.697 +00:00 [WRN] NO TOKEN FOUND IN COOKIES!
2026-06-05 17:36:48.697 +00:00 [WRN] NO TOKEN FOUND IN COOKIES!
2026-06-05 17:36:48.697 +00:00 [INF] ====== OnMessageReceived END - Token set: false ======
2026-06-05 17:36:48.697 +00:00 [INF] ====== OnMessageReceived END - Token set: false ======
2026-06-05 17:36:48.698 +00:00 [INF] Executing endpoint 'API.Controllers.MusicController.Get (API)'
2026-06-05 17:36:48.698 +00:00 [INF] Executing endpoint 'API.Controllers.MusicController.Get (API)'
2026-06-05 17:36:48.698 +00:00 [INF] Route matched with {action = "Get", controller = "Music"}. Executing controller action with signature System.Threading.Tasks.Task`1[System.Collections.Generic.IEnumerable`1[API.Models.Music]] Get() on controller API.Controllers.MusicController (API).
2026-06-05 17:36:48.698 +00:00 [INF] Route matched with {action = "Get", controller = "Music"}. Executing controller action with signature System.Threading.Tasks.Task`1[System.Collections.Generic.IEnumerable`1[API.Models.Music]] Get() on controller API.Controllers.MusicController (API).
2026-06-05 17:36:48.698 +00:00 [INF] Fetching music data from database...
2026-06-05 17:36:48.698 +00:00 [INF] Fetching music data from database...
2026-06-05 17:36:48.700 +00:00 [INF] Executed DbCommand (1ms) [Parameters=[], CommandType='"Text"', CommandTimeout='30']
SELECT m."ID", m."AddedAt", m."File_id", m."Title"
FROM "Musics" AS m
2026-06-05 17:36:48.700 +00:00 [INF] Executed DbCommand (1ms) [Parameters=[], CommandType='"Text"', CommandTimeout='30']
SELECT m."ID", m."AddedAt", m."File_id", m."Title"
FROM "Musics" AS m
2026-06-05 17:36:48.700 +00:00 [INF] Fetched 3 music records.
2026-06-05 17:36:48.700 +00:00 [INF] Fetched 3 music records.
2026-06-05 17:36:48.700 +00:00 [INF] Executing ObjectResult, writing value of type 'System.Collections.Generic.List`1[[API.Models.Music, API, Version=1.0.0.0, Culture=neutral, PublicKeyToken=null]]'.
2026-06-05 17:36:48.701 +00:00 [INF] Executing ObjectResult, writing value of type 'System.Collections.Generic.List`1[[API.Models.Music, API, Version=1.0.0.0, Culture=neutral, PublicKeyToken=null]]'.
2026-06-05 17:36:48.701 +00:00 [INF] Executed action API.Controllers.MusicController.Get (API) in 2.8147ms
2026-06-05 17:36:48.701 +00:00 [INF] Executed action API.Controllers.MusicController.Get (API) in 2.78ms
2026-06-05 17:36:48.701 +00:00 [INF] Executed endpoint 'API.Controllers.MusicController.Get (API)'
2026-06-05 17:36:48.701 +00:00 [INF] Executed endpoint 'API.Controllers.MusicController.Get (API)'
2026-06-05 17:36:48.701 +00:00 [INF] Request finished HTTP/1.1 GET http://192.168.1.6:8080/api/music - 200 null application/json; charset=utf-8 5.3843ms
2026-06-05 17:36:48.702 +00:00 [INF] Request finished HTTP/1.1 GET http://192.168.1.6:8080/api/music?page=1&limit=10 - 200 null application/json; charset=utf-8 5.4629ms
2026-06-05 17:36:48.735 +00:00 [INF] Request starting HTTP/1.1 GET http://192.168.1.6:8080/api/music?page=1&limit=10 - null null
2026-06-05 17:36:48.735 +00:00 [INF] ====== OnMessageReceived START ======
2026-06-05 17:36:48.735 +00:00 [INF] Request starting HTTP/1.1 GET http://192.168.1.6:8080/api/music - null null
2026-06-05 17:36:48.735 +00:00 [INF] Available cookies: 0
2026-06-05 17:36:48.736 +00:00 [INF] ====== OnMessageReceived START ======
2026-06-05 17:36:48.736 +00:00 [WRN] NO TOKEN FOUND IN COOKIES!
2026-06-05 17:36:48.736 +00:00 [INF] ====== OnMessageReceived END - Token set: false ======
2026-06-05 17:36:48.736 +00:00 [INF] Available cookies: 0
2026-06-05 17:36:48.736 +00:00 [INF] Executing endpoint 'API.Controllers.MusicController.Get (API)'
2026-06-05 17:36:48.736 +00:00 [WRN] NO TOKEN FOUND IN COOKIES!
2026-06-05 17:36:48.736 +00:00 [INF] Route matched with {action = "Get", controller = "Music"}. Executing controller action with signature System.Threading.Tasks.Task`1[System.Collections.Generic.IEnumerable`1[API.Models.Music]] Get() on controller API.Controllers.MusicController (API).
2026-06-05 17:36:48.737 +00:00 [INF] ====== OnMessageReceived END - Token set: false ======
2026-06-05 17:36:48.737 +00:00 [INF] Fetching music data from database...
2026-06-05 17:36:48.737 +00:00 [INF] Executing endpoint 'API.Controllers.MusicController.Get (API)'
2026-06-05 17:36:48.737 +00:00 [INF] Route matched with {action = "Get", controller = "Music"}. Executing controller action with signature System.Threading.Tasks.Task`1[System.Collections.Generic.IEnumerable`1[API.Models.Music]] Get() on controller API.Controllers.MusicController (API).
2026-06-05 17:36:48.737 +00:00 [INF] Fetching music data from database...
2026-06-05 17:36:48.738 +00:00 [INF] Executed DbCommand (1ms) [Parameters=[], CommandType='"Text"', CommandTimeout='30']
SELECT m."ID", m."AddedAt", m."File_id", m."Title"
FROM "Musics" AS m
2026-06-05 17:36:48.739 +00:00 [INF] Fetched 3 music records.
2026-06-05 17:36:48.739 +00:00 [INF] Executing ObjectResult, writing value of type 'System.Collections.Generic.List`1[[API.Models.Music, API, Version=1.0.0.0, Culture=neutral, PublicKeyToken=null]]'.
2026-06-05 17:36:48.739 +00:00 [INF] Executed DbCommand (1ms) [Parameters=[], CommandType='"Text"', CommandTimeout='30']
SELECT m."ID", m."AddedAt", m."File_id", m."Title"
FROM "Musics" AS m
2026-06-05 17:36:48.739 +00:00 [INF] Executed action API.Controllers.MusicController.Get (API) in 2.4026ms
2026-06-05 17:36:48.739 +00:00 [INF] Fetched 3 music records.
2026-06-05 17:36:48.739 +00:00 [INF] Executed endpoint 'API.Controllers.MusicController.Get (API)'
2026-06-05 17:36:48.740 +00:00 [INF] Executing ObjectResult, writing value of type 'System.Collections.Generic.List`1[[API.Models.Music, API, Version=1.0.0.0, Culture=neutral, PublicKeyToken=null]]'.
2026-06-05 17:36:48.740 +00:00 [INF] Request finished HTTP/1.1 GET http://192.168.1.6:8080/api/music?page=1&limit=10 - 200 null application/json; charset=utf-8 4.7584ms
2026-06-05 17:36:48.740 +00:00 [INF] Executed action API.Controllers.MusicController.Get (API) in 2.5409ms
2026-06-05 17:36:48.740 +00:00 [INF] Executed endpoint 'API.Controllers.MusicController.Get (API)'
2026-06-05 17:36:48.740 +00:00 [INF] Request finished HTTP/1.1 GET http://192.168.1.6:8080/api/music - 200 null application/json; charset=utf-8 5.0225ms
2026-06-05 17:36:52.775 +00:00 [INF] Request starting HTTP/1.1 OPTIONS http://192.168.1.6:8080/api/auth/refresh - null null
2026-06-05 17:36:52.775 +00:00 [INF] CORS policy execution successful.
2026-06-05 17:36:52.775 +00:00 [INF] Request finished HTTP/1.1 OPTIONS http://192.168.1.6:8080/api/auth/refresh - 204 null null 0.6196ms
2026-06-05 17:36:52.836 +00:00 [INF] Request starting HTTP/1.1 POST http://192.168.1.6:8080/api/auth/refresh - application/json 18
2026-06-05 17:36:52.836 +00:00 [INF] CORS policy execution successful.
2026-06-05 17:36:52.837 +00:00 [INF] ====== OnMessageReceived START ======
2026-06-05 17:36:52.837 +00:00 [INF] Available cookies: 2
2026-06-05 17:36:52.837 +00:00 [INF] Cookie: adminToken = 844 chars
2026-06-05 17:36:52.837 +00:00 [INF] Cookie: adminRefreshToken = 44 chars
2026-06-05 17:36:52.837 +00:00 [INF] Admin token found in cookies, length: 844
2026-06-05 17:36:52.837 +00:00 [INF] Admin token set in context
2026-06-05 17:36:52.837 +00:00 [INF] ====== OnMessageReceived END - Token set: true ======
2026-06-05 17:36:52.838 +00:00 [INF] Token validated successfully for user: lengyelnorbi
2026-06-05 17:36:52.838 +00:00 [INF] Device fingerprint headers - UA: Mozilla/5.0 (Linux; Android 10; K) AppleWebKit/537.36 (KHTML, like Gecko) Chrome/148.0.0.0 Mobile Safari/537.36, Accept: */*, Encoding: gzip, deflate
2026-06-05 17:36:52.838 +00:00 [INF] Device fingerprint validation: Stored=73i8FyZdMubALWzCMYnglpCdt/UIS7jQ/iCsdYXYyAM=, Current=73i8FyZdMubALWzCMYnglpCdt/UIS7jQ/iCsdYXYyAM=
2026-06-05 17:36:52.841 +00:00 [INF] Executed DbCommand (1ms) [Parameters=[@__jti_0='?', @__userId_1='?' (DbType = Int32)], CommandType='"Text"', CommandTimeout='30']
SELECT a."ID", a."CreatedAt", a."DeviceFingerprint", a."ExpiresAt", a."IpAddress", a."IsRevoked", a."UserID", a.jti
FROM "AccessTokens" AS a
WHERE a.jti = @__jti_0 AND a."UserID" = @__userId_1 AND NOT (a."IsRevoked") AND a."ExpiresAt" > now()
LIMIT 1
2026-06-05 17:36:52.843 +00:00 [INF] Executing endpoint 'API.Controllers.AuthController.RefreshToken (API)'
2026-06-05 17:36:52.845 +00:00 [INF] Route matched with {action = "RefreshToken", controller = "Auth"}. Executing controller action with signature System.Threading.Tasks.Task`1[Microsoft.AspNetCore.Mvc.IActionResult] RefreshToken(API.Models.RequestModels.RefreshRequest) on controller API.Controllers.AuthController (API).
2026-06-05 17:36:52.848 +00:00 [INF] Token refresh attempt at "2026-06-05T17:36:52.8480612Z"
2026-06-05 17:36:52.848 +00:00 [INF] Refreshing admin token at "2026-06-05T17:36:52.8482801Z"
2026-06-05 17:36:52.856 +00:00 [INF] Executed DbCommand (4ms) [Parameters=[@__tokenHash_0='?'], CommandType='"Text"', CommandTimeout='30']
SELECT r."ID", r."CreatedAt", r."DeviceFingerprint", r."ExpiresAt", r."IpAddress", r."IsRevoked", r."TokenHash", r."UserID"
FROM "RefreshTokens" AS r
WHERE r."TokenHash" = @__tokenHash_0 AND NOT (r."IsRevoked") AND r."ExpiresAt" > now()
ORDER BY r."CreatedAt" DESC
LIMIT 1
2026-06-05 17:36:52.857 +00:00 [INF] Mozilla/5.0 (Linux; Android 10; K) AppleWebKit/537.36 (KHTML, like Gecko) Chrome/148.0.0.0 Mobile Safari/537.36
2026-06-05 17:36:52.859 +00:00 [INF] Fetching user by ID from database...
2026-06-05 17:36:52.863 +00:00 [INF] Executed DbCommand (1ms) [Parameters=[@__id_0='?' (DbType = Int32)], CommandType='"Text"', CommandTimeout='30']
SELECT u."ID", u."Email", u."PasswordHash", u."RegisteredAt", u."Role", u."Username"
FROM "Users" AS u
WHERE u."ID" = @__id_0
LIMIT 1
2026-06-05 17:36:52.867 +00:00 [INF] Executed DbCommand (2ms) [Parameters=[@p0='?' (DbType = DateTime), @p1='?', @p2='?' (DbType = DateTime), @p3='?', @p4='?' (DbType = Int32), @p5='?'], CommandType='"Text"', CommandTimeout='30']
INSERT INTO "AccessTokens" ("CreatedAt", "DeviceFingerprint", "ExpiresAt", "IpAddress", "UserID", jti)
VALUES (@p0, @p1, @p2, @p3, @p4, @p5)
RETURNING "ID", "IsRevoked";
2026-06-05 17:36:52.873 +00:00 [INF] Executed DbCommand (1ms) [Parameters=[@__jti_0='?', @__userID_1='?' (DbType = Int32), @__deviceFingerprint_2='?', @__ipAddress_3='?'], CommandType='"Text"', CommandTimeout='30']
SELECT a."ID", a."CreatedAt", a."DeviceFingerprint", a."ExpiresAt", a."IpAddress", a."IsRevoked", a."UserID", a.jti
FROM "AccessTokens" AS a
WHERE a.jti = @__jti_0 AND a."UserID" = @__userID_1 AND a."DeviceFingerprint" = @__deviceFingerprint_2 AND a."IpAddress" = @__ipAddress_3
LIMIT 1
2026-06-05 17:36:52.873 +00:00 [INF] Attempting to revoke access token with jti 39226a5b-6572-45f5-9ce7-194130fe1d23 for user 1 from device 73i8FyZdMubALWzCMYnglpCdt/UIS7jQ/iCsdYXYyAM= and IP ::ffff:172.20.0.1
2026-06-05 17:36:52.873 +00:00 [INF] Access token found: API.Models.AccessToken
2026-06-05 17:36:52.879 +00:00 [INF] Executed DbCommand (3ms) [Parameters=[@p1='?' (DbType = Int32), @p0='?' (DbType = Boolean)], CommandType='"Text"', CommandTimeout='30']
UPDATE "AccessTokens" SET "IsRevoked" = @p0
WHERE "ID" = @p1;
2026-06-05 17:36:52.879 +00:00 [INF] Access token AccessToken for user 1 revoked: true
2026-06-05 17:36:52.882 +00:00 [INF] Executed DbCommand (2ms) [Parameters=[@p0='?' (DbType = DateTime), @p1='?', @p2='?' (DbType = DateTime), @p3='?', @p4='?', @p5='?' (DbType = Int32)], CommandType='"Text"', CommandTimeout='30']
INSERT INTO "RefreshTokens" ("CreatedAt", "DeviceFingerprint", "ExpiresAt", "IpAddress", "TokenHash", "UserID")
VALUES (@p0, @p1, @p2, @p3, @p4, @p5)
RETURNING "ID", "IsRevoked";
2026-06-05 17:36:52.886 +00:00 [INF] Executed DbCommand (1ms) [Parameters=[@__tokenHash_0='?', @__userId_1='?' (DbType = Int32), @__deviceFingerprint_2='?', @__ipAddress_3='?'], CommandType='"Text"', CommandTimeout='30']
SELECT r."ID", r."CreatedAt", r."DeviceFingerprint", r."ExpiresAt", r."IpAddress", r."IsRevoked", r."TokenHash", r."UserID"
FROM "RefreshTokens" AS r
WHERE r."TokenHash" = @__tokenHash_0 AND r."UserID" = @__userId_1 AND r."DeviceFingerprint" = @__deviceFingerprint_2 AND r."IpAddress" = @__ipAddress_3
LIMIT 1
2026-06-05 17:36:52.889 +00:00 [INF] Executed DbCommand (2ms) [Parameters=[@p1='?' (DbType = Int32), @p0='?' (DbType = Boolean)], CommandType='"Text"', CommandTimeout='30']
UPDATE "RefreshTokens" SET "IsRevoked" = @p0
WHERE "ID" = @p1;
2026-06-05 17:36:52.889 +00:00 [INF] Refresh token jWDW1b++LVzVvjwG+FQVhDtIfAxWt/h7W7q8eN37sEc= for user 1 revoked: true
2026-06-05 17:36:52.890 +00:00 [INF] Token refreshed successfully for user 1 at "2026-06-05T17:36:52.8903440Z"
2026-06-05 17:36:52.890 +00:00 [INF] Executing OkObjectResult, writing value of type '<>f__AnonymousType3`2[[System.Boolean, System.Private.CoreLib, Version=9.0.0.0, Culture=neutral, PublicKeyToken=7cec85d7bea7798e],[System.Int32, System.Private.CoreLib, Version=9.0.0.0, Culture=neutral, PublicKeyToken=7cec85d7bea7798e]]'.
2026-06-05 17:36:52.891 +00:00 [INF] Executed action API.Controllers.AuthController.RefreshToken (API) in 45.8359ms
2026-06-05 17:36:52.891 +00:00 [INF] Executed endpoint 'API.Controllers.AuthController.RefreshToken (API)'
2026-06-05 17:36:52.892 +00:00 [INF] Request finished HTTP/1.1 POST http://192.168.1.6:8080/api/auth/refresh - 200 null application/json; charset=utf-8 56.0178ms
2026-06-05 21:35:11.193 +00:00 [INF] Request starting HTTP/1.1 GET http://192.168.1.6:8080/api/music - null null
2026-06-05 21:35:11.193 +00:00 [INF] Request starting HTTP/1.1 GET http://192.168.1.6:8080/api/music?page=1&limit=10 - null null
2026-06-05 21:35:11.197 +00:00 [INF] ====== OnMessageReceived START ======
2026-06-05 21:35:11.197 +00:00 [INF] ====== OnMessageReceived START ======
2026-06-05 21:35:11.198 +00:00 [INF] Available cookies: 0
2026-06-05 21:35:11.198 +00:00 [INF] Available cookies: 0
2026-06-05 21:35:11.198 +00:00 [WRN] NO TOKEN FOUND IN COOKIES!
2026-06-05 21:35:11.198 +00:00 [WRN] NO TOKEN FOUND IN COOKIES!
2026-06-05 21:35:11.198 +00:00 [INF] ====== OnMessageReceived END - Token set: false ======
2026-06-05 21:35:11.198 +00:00 [INF] ====== OnMessageReceived END - Token set: false ======
2026-06-05 21:35:11.200 +00:00 [INF] Executing endpoint 'API.Controllers.MusicController.Get (API)'
2026-06-05 21:35:11.200 +00:00 [INF] Executing endpoint 'API.Controllers.MusicController.Get (API)'
2026-06-05 21:35:11.201 +00:00 [INF] Route matched with {action = "Get", controller = "Music"}. Executing controller action with signature System.Threading.Tasks.Task`1[System.Collections.Generic.IEnumerable`1[API.Models.Music]] Get() on controller API.Controllers.MusicController (API).
2026-06-05 21:35:11.201 +00:00 [INF] Route matched with {action = "Get", controller = "Music"}. Executing controller action with signature System.Threading.Tasks.Task`1[System.Collections.Generic.IEnumerable`1[API.Models.Music]] Get() on controller API.Controllers.MusicController (API).
2026-06-05 21:35:11.204 +00:00 [INF] Fetching music data from database...
2026-06-05 21:35:11.204 +00:00 [INF] Fetching music data from database...
2026-06-05 21:35:11.242 +00:00 [INF] Executed DbCommand (11ms) [Parameters=[], CommandType='"Text"', CommandTimeout='30']
SELECT m."ID", m."AddedAt", m."File_id", m."Title"
FROM "Musics" AS m
2026-06-05 21:35:11.242 +00:00 [INF] Executed DbCommand (11ms) [Parameters=[], CommandType='"Text"', CommandTimeout='30']
SELECT m."ID", m."AddedAt", m."File_id", m."Title"
FROM "Musics" AS m
2026-06-05 21:35:11.246 +00:00 [INF] Fetched 3 music records.
2026-06-05 21:35:11.246 +00:00 [INF] Fetched 3 music records.
2026-06-05 21:35:11.247 +00:00 [INF] Executing ObjectResult, writing value of type 'System.Collections.Generic.List`1[[API.Models.Music, API, Version=1.0.0.0, Culture=neutral, PublicKeyToken=null]]'.
2026-06-05 21:35:11.247 +00:00 [INF] Executing ObjectResult, writing value of type 'System.Collections.Generic.List`1[[API.Models.Music, API, Version=1.0.0.0, Culture=neutral, PublicKeyToken=null]]'.
2026-06-05 21:35:11.249 +00:00 [INF] Executed action API.Controllers.MusicController.Get (API) in 47.1175ms
2026-06-05 21:35:11.249 +00:00 [INF] Executed action API.Controllers.MusicController.Get (API) in 46.6374ms
2026-06-05 21:35:11.250 +00:00 [INF] Executed endpoint 'API.Controllers.MusicController.Get (API)'
2026-06-05 21:35:11.249 +00:00 [INF] Executed endpoint 'API.Controllers.MusicController.Get (API)'
2026-06-05 21:35:11.250 +00:00 [INF] Request finished HTTP/1.1 GET http://192.168.1.6:8080/api/music?page=1&limit=10 - 200 null application/json; charset=utf-8 57.5584ms
2026-06-05 21:35:11.250 +00:00 [INF] Request finished HTTP/1.1 GET http://192.168.1.6:8080/api/music - 200 null application/json; charset=utf-8 57.7363ms
2026-06-05 21:35:11.284 +00:00 [INF] Request starting HTTP/1.1 GET http://192.168.1.6:8080/api/music?page=1&limit=10 - null null
2026-06-05 21:35:11.285 +00:00 [INF] Request starting HTTP/1.1 GET http://192.168.1.6:8080/api/music - null null
2026-06-05 21:35:11.287 +00:00 [INF] ====== OnMessageReceived START ======
2026-06-05 21:35:11.287 +00:00 [INF] ====== OnMessageReceived START ======
2026-06-05 21:35:11.287 +00:00 [INF] Available cookies: 0
2026-06-05 21:35:11.287 +00:00 [INF] Available cookies: 0
2026-06-05 21:35:11.288 +00:00 [WRN] NO TOKEN FOUND IN COOKIES!
2026-06-05 21:35:11.288 +00:00 [WRN] NO TOKEN FOUND IN COOKIES!
2026-06-05 21:35:11.288 +00:00 [INF] ====== OnMessageReceived END - Token set: false ======
2026-06-05 21:35:11.288 +00:00 [INF] ====== OnMessageReceived END - Token set: false ======
2026-06-05 21:35:11.288 +00:00 [INF] Executing endpoint 'API.Controllers.MusicController.Get (API)'
2026-06-05 21:35:11.289 +00:00 [INF] Executing endpoint 'API.Controllers.MusicController.Get (API)'
2026-06-05 21:35:11.289 +00:00 [INF] Route matched with {action = "Get", controller = "Music"}. Executing controller action with signature System.Threading.Tasks.Task`1[System.Collections.Generic.IEnumerable`1[API.Models.Music]] Get() on controller API.Controllers.MusicController (API).
2026-06-05 21:35:11.289 +00:00 [INF] Route matched with {action = "Get", controller = "Music"}. Executing controller action with signature System.Threading.Tasks.Task`1[System.Collections.Generic.IEnumerable`1[API.Models.Music]] Get() on controller API.Controllers.MusicController (API).
2026-06-05 21:35:11.289 +00:00 [INF] Fetching music data from database...
2026-06-05 21:35:11.289 +00:00 [INF] Fetching music data from database...
2026-06-05 21:35:11.291 +00:00 [INF] Executed DbCommand (2ms) [Parameters=[], CommandType='"Text"', CommandTimeout='30']
SELECT m."ID", m."AddedAt", m."File_id", m."Title"
FROM "Musics" AS m
2026-06-05 21:35:11.291 +00:00 [INF] Executed DbCommand (2ms) [Parameters=[], CommandType='"Text"', CommandTimeout='30']
SELECT m."ID", m."AddedAt", m."File_id", m."Title"
FROM "Musics" AS m
2026-06-05 21:35:11.292 +00:00 [INF] Fetched 3 music records.
2026-06-05 21:35:11.292 +00:00 [INF] Fetched 3 music records.
2026-06-05 21:35:11.292 +00:00 [INF] Executing ObjectResult, writing value of type 'System.Collections.Generic.List`1[[API.Models.Music, API, Version=1.0.0.0, Culture=neutral, PublicKeyToken=null]]'.
2026-06-05 21:35:11.292 +00:00 [INF] Executing ObjectResult, writing value of type 'System.Collections.Generic.List`1[[API.Models.Music, API, Version=1.0.0.0, Culture=neutral, PublicKeyToken=null]]'.
2026-06-05 21:35:11.292 +00:00 [INF] Executed action API.Controllers.MusicController.Get (API) in 3.0021ms
2026-06-05 21:35:11.293 +00:00 [INF] Executed endpoint 'API.Controllers.MusicController.Get (API)'
2026-06-05 21:35:11.293 +00:00 [INF] Executed action API.Controllers.MusicController.Get (API) in 3.4035ms
2026-06-05 21:35:11.293 +00:00 [INF] Request finished HTTP/1.1 GET http://192.168.1.6:8080/api/music?page=1&limit=10 - 200 null application/json; charset=utf-8 8.4048ms
2026-06-05 21:35:11.293 +00:00 [INF] Executed endpoint 'API.Controllers.MusicController.Get (API)'
2026-06-05 21:35:11.293 +00:00 [INF] Request finished HTTP/1.1 GET http://192.168.1.6:8080/api/music - 200 null application/json; charset=utf-8 8.4407ms
2026-06-05 21:35:15.000 +00:00 [INF] Application is shutting down...
2026-06-05 21:35:16.029 +00:00 [WRN] Storing keys in a directory '/home/app/.aspnet/DataProtection-Keys' that may not be persisted outside of the container. Protected data will be unavailable when container is destroyed. For more information go to https://aka.ms/aspnet/dataprotectionwarning
2026-06-05 21:35:16.063 +00:00 [INF] User profile is available. Using '/home/app/.aspnet/DataProtection-Keys' as key repository; keys will not be encrypted at rest.
2026-06-05 21:35:16.081 +00:00 [INF] Creating key {1c5069c6-5aa5-4c44-ba26-cf2b655cb502} with creation date 2026-06-05 21:35:16Z, activation date 2026-06-05 21:35:16Z, and expiration date 2026-09-03 21:35:16Z.
2026-06-05 21:35:16.125 +00:00 [WRN] No XML encryptor configured. Key {1c5069c6-5aa5-4c44-ba26-cf2b655cb502} may be persisted to storage in unencrypted form.
2026-06-05 21:35:16.127 +00:00 [INF] Writing data to file '/home/app/.aspnet/DataProtection-Keys/key-1c5069c6-5aa5-4c44-ba26-cf2b655cb502.xml'.
2026-06-05 21:35:16.183 +00:00 [INF] Now listening on: http://[::]:8080
2026-06-05 21:35:16.185 +00:00 [INF] Application started. Press Ctrl+C to shut down.
2026-06-05 21:35:16.185 +00:00 [INF] Hosting environment: Development
2026-06-05 21:35:16.185 +00:00 [INF] Content root path: /app
2026-06-05 21:35:21.159 +00:00 [INF] Request starting HTTP/1.1 OPTIONS http://192.168.1.6:8080/api/auth - null null
2026-06-05 21:35:21.173 +00:00 [WRN] Failed to determine the https port for redirect.
2026-06-05 21:35:21.175 +00:00 [INF] CORS policy execution successful.
2026-06-05 21:35:21.182 +00:00 [INF] Request starting HTTP/1.1 POST http://192.168.1.6:8080/api/auth - application/json 74
2026-06-05 21:35:21.184 +00:00 [INF] CORS policy execution successful.
2026-06-05 21:35:21.180 +00:00 [INF] Request finished HTTP/1.1 OPTIONS http://192.168.1.6:8080/api/auth - 204 null null 21.3035ms
2026-06-05 21:35:21.198 +00:00 [INF] ====== OnMessageReceived START ======
2026-06-05 21:35:21.199 +00:00 [INF] Available cookies: 0
2026-06-05 21:35:21.200 +00:00 [WRN] NO TOKEN FOUND IN COOKIES!
2026-06-05 21:35:21.200 +00:00 [INF] ====== OnMessageReceived END - Token set: false ======
2026-06-05 21:35:21.201 +00:00 [INF] Executing endpoint 'API.Controllers.AuthController.Authenticate (API)'
2026-06-05 21:35:21.214 +00:00 [INF] Route matched with {action = "Authenticate", controller = "Auth"}. Executing controller action with signature System.Threading.Tasks.Task`1[Microsoft.AspNetCore.Mvc.IActionResult] Authenticate(API.Models.RequestModels.LoginRequest) on controller API.Controllers.AuthController (API).
2026-06-05 21:35:21.302 +00:00 [INF] Authentication attempt for email: lengyelnorbi5@gmail.com
2026-06-05 21:35:21.303 +00:00 [INF] Fetching user by email from database...
2026-06-05 21:35:21.914 +00:00 [INF] Executed DbCommand (27ms) [Parameters=[@__email_0='?'], CommandType='"Text"', CommandTimeout='30']
SELECT u."ID", u."Email", u."PasswordHash", u."RegisteredAt", u."Role", u."Username"
FROM "Users" AS u
WHERE u."Email" = @__email_0
LIMIT 1
2026-06-05 21:35:21.959 +00:00 [INF] Mozilla/5.0 (Windows NT 10.0; Win64; x64; rv:151.0) Gecko/20100101 Firefox/151.0
2026-06-05 21:35:21.963 +00:00 [INF] Fetching user by email from database...
2026-06-05 21:35:21.966 +00:00 [INF] Executed DbCommand (2ms) [Parameters=[@__email_0='?'], CommandType='"Text"', CommandTimeout='30']
SELECT u."ID", u."Email", u."PasswordHash", u."RegisteredAt", u."Role", u."Username"
FROM "Users" AS u
WHERE u."Email" = @__email_0
LIMIT 1
2026-06-05 21:35:22.478 +00:00 [INF] Password verification completed: Valid
2026-06-05 21:35:22.556 +00:00 [INF] Executed DbCommand (7ms) [Parameters=[@p0='?' (DbType = DateTime), @p1='?', @p2='?' (DbType = DateTime), @p3='?', @p4='?' (DbType = Int32), @p5='?'], CommandType='"Text"', CommandTimeout='30']
INSERT INTO "AccessTokens" ("CreatedAt", "DeviceFingerprint", "ExpiresAt", "IpAddress", "UserID", jti)
VALUES (@p0, @p1, @p2, @p3, @p4, @p5)
RETURNING "ID", "IsRevoked";
2026-06-05 21:35:22.592 +00:00 [INF] Executed DbCommand (3ms) [Parameters=[@p0='?' (DbType = DateTime), @p1='?', @p2='?' (DbType = DateTime), @p3='?', @p4='?', @p5='?' (DbType = Int32)], CommandType='"Text"', CommandTimeout='30']
INSERT INTO "RefreshTokens" ("CreatedAt", "DeviceFingerprint", "ExpiresAt", "IpAddress", "TokenHash", "UserID")
VALUES (@p0, @p1, @p2, @p3, @p4, @p5)
RETURNING "ID", "IsRevoked";
2026-06-05 21:35:22.595 +00:00 [INF] Admin user lengyelnorbi5@gmail.com authenticated successfully from admin panel at "2026-06-05T21:35:22.5951533Z"
2026-06-05 21:35:22.597 +00:00 [INF] --------------------------------------------------------------------
2026-06-05 21:35:22.598 +00:00 [INF] eyJhbGciOiJIUzI1NiIsInR5cCI6IkpXVCJ9.eyJodHRwOi8vc2NoZW1hcy54bWxzb2FwLm9yZy93cy8yMDA1LzA1L2lkZW50aXR5L2NsYWltcy9uYW1laWRlbnRpZmllciI6IjEiLCJodHRwOi8vc2NoZW1hcy54bWxzb2FwLm9yZy93cy8yMDA1LzA1L2lkZW50aXR5L2NsYWltcy9lbWFpbGFkZHJlc3MiOiJsZW5neWVsbm9yYmk1QGdtYWlsLmNvbSIsImh0dHA6Ly9zY2hlbWFzLnhtbHNvYXAub3JnL3dzLzIwMDUvMDUvaWRlbnRpdHkvY2xhaW1zL25hbWUiOiJsZW5neWVsbm9yYmkiLCJqdGkiOiJhOTljOTIxZS1lZjA3LTQyNDQtOThmOS03ZTU0NDJiMTQwYjciLCJpYXQiOjE3ODA2OTUzMjIsImV4cCI6MTc4MDY5NTYyMiwiaHR0cDovL3NjaGVtYXMubWljcm9zb2Z0LmNvbS93cy8yMDA4LzA2L2lkZW50aXR5L2NsYWltcy9yb2xlIjoiQWRtaW4iLCJTb3VyY2UiOiJhZG1pbiIsIkRldmljZUlkIjoiL2EydWY0ejhyY0JJaElyN0tHYmQ2YWFoTXI4MEJoais5dXlMaVlOWjY2QT0iLCJJUEFkZHJlc3MiOiI6OmZmZmY6MTcyLjIwLjAuMSIsIlRva2VuVmVyc2lvbiI6IjEiLCJpc3MiOiJNdXNpY1BsYXllckFQSSIsImF1ZCI6Ik11c2ljUGxheWVyQ2xpZW50In0.u-90UF--7zOLhSx0_0jzMT8ZGfYAoESkVapS6tEpzFI
2026-06-05 21:35:22.598 +00:00 [INF] m+y1trUZ0HCoDBPbRrMQJ7rW7eV5E14sJGVXdUk4Evs=
2026-06-05 21:35:22.598 +00:00 [INF] Source: admin
2026-06-05 21:35:22.598 +00:00 [INF] Access Token expires at: "2026-06-05T21:40:22.4793454Z"
2026-06-05 21:35:22.599 +00:00 [INF] Refresh Token expires at: "2026-06-06T05:35:22.5778032Z"
2026-06-05 21:35:22.599 +00:00 [INF] tokenCookieName: adminToken
2026-06-05 21:35:22.599 +00:00 [INF] refreshTokenCookieName: adminRefreshToken
2026-06-05 21:35:22.599 +00:00 [INF] Refresh token hash stored in cookie: m+y1trUZ0HCoDBPbRrMQJ7rW7eV5E14sJGVXdUk4Evs=
2026-06-05 21:35:22.599 +00:00 [INF] --------------------------------------------------------------------
2026-06-05 21:35:22.603 +00:00 [INF] Executing OkObjectResult, writing value of type '<>f__AnonymousType1`4[[System.Boolean, System.Private.CoreLib, Version=9.0.0.0, Culture=neutral, PublicKeyToken=7cec85d7bea7798e],[System.Int32, System.Private.CoreLib, Version=9.0.0.0, Culture=neutral, PublicKeyToken=7cec85d7bea7798e],[System.Int32, System.Private.CoreLib, Version=9.0.0.0, Culture=neutral, PublicKeyToken=7cec85d7bea7798e],[<>f__AnonymousType2`3[[System.Int32, System.Private.CoreLib, Version=9.0.0.0, Culture=neutral, PublicKeyToken=7cec85d7bea7798e],[System.String, System.Private.CoreLib, Version=9.0.0.0, Culture=neutral, PublicKeyToken=7cec85d7bea7798e],[System.String, System.Private.CoreLib, Version=9.0.0.0, Culture=neutral, PublicKeyToken=7cec85d7bea7798e]], API, Version=1.0.0.0, Culture=neutral, PublicKeyToken=null]]'.
2026-06-05 21:35:22.614 +00:00 [INF] Executed action API.Controllers.AuthController.Authenticate (API) in 1398.5024ms
2026-06-05 21:35:22.615 +00:00 [INF] Executed endpoint 'API.Controllers.AuthController.Authenticate (API)'
2026-06-05 21:35:22.619 +00:00 [INF] Request finished HTTP/1.1 POST http://192.168.1.6:8080/api/auth - 200 null application/json; charset=utf-8 1436.9928ms
2026-06-05 21:35:24.692 +00:00 [INF] Request starting HTTP/1.1 GET http://192.168.1.6:8080/api/token/access-tokens?page=1&limit=10 - null null
2026-06-05 21:35:24.692 +00:00 [INF] Request starting HTTP/1.1 GET http://192.168.1.6:8080/api/token/access-tokens - null null
2026-06-05 21:35:24.693 +00:00 [INF] CORS policy execution successful.
2026-06-05 21:35:24.693 +00:00 [INF] CORS policy execution successful.
2026-06-05 21:35:24.701 +00:00 [INF] ====== OnMessageReceived START ======
2026-06-05 21:35:24.702 +00:00 [INF] ====== OnMessageReceived START ======
2026-06-05 21:35:24.702 +00:00 [INF] Available cookies: 2
2026-06-05 21:35:24.702 +00:00 [INF] Available cookies: 2
2026-06-05 21:35:24.702 +00:00 [INF] Cookie: adminToken = 844 chars
2026-06-05 21:35:24.702 +00:00 [INF] Cookie: adminToken = 844 chars
2026-06-05 21:35:24.703 +00:00 [INF] Cookie: adminRefreshToken = 44 chars
2026-06-05 21:35:24.703 +00:00 [INF] Cookie: adminRefreshToken = 44 chars
2026-06-05 21:35:24.703 +00:00 [INF] Admin token found in cookies, length: 844
2026-06-05 21:35:24.703 +00:00 [INF] Admin token found in cookies, length: 844
2026-06-05 21:35:24.703 +00:00 [INF] Admin token set in context
2026-06-05 21:35:24.703 +00:00 [INF] Admin token set in context
2026-06-05 21:35:24.704 +00:00 [INF] ====== OnMessageReceived END - Token set: true ======
2026-06-05 21:35:24.704 +00:00 [INF] ====== OnMessageReceived END - Token set: true ======
2026-06-05 21:35:24.710 +00:00 [INF] Request starting HTTP/1.1 GET http://192.168.1.6:8080/api/token/access-tokens - null null
2026-06-05 21:35:24.710 +00:00 [INF] CORS policy execution successful.
2026-06-05 21:35:24.710 +00:00 [INF] ====== OnMessageReceived START ======
2026-06-05 21:35:24.711 +00:00 [INF] Available cookies: 2
2026-06-05 21:35:24.711 +00:00 [INF] Cookie: adminToken = 844 chars
2026-06-05 21:35:24.711 +00:00 [INF] Cookie: adminRefreshToken = 44 chars
2026-06-05 21:35:24.711 +00:00 [INF] Admin token found in cookies, length: 844
2026-06-05 21:35:24.711 +00:00 [INF] Admin token set in context
2026-06-05 21:35:24.712 +00:00 [INF] ====== OnMessageReceived END - Token set: true ======
2026-06-05 21:35:24.728 +00:00 [INF] Token validated successfully for user: lengyelnorbi
2026-06-05 21:35:24.728 +00:00 [INF] Token validated successfully for user: lengyelnorbi
2026-06-05 21:35:24.728 +00:00 [INF] Token validated successfully for user: lengyelnorbi
2026-06-05 21:35:24.728 +00:00 [INF] Device fingerprint headers - UA: Mozilla/5.0 (Windows NT 10.0; Win64; x64; rv:151.0) Gecko/20100101 Firefox/151.0, Accept: application/json, text/plain, */*, Encoding: gzip, deflate
2026-06-05 21:35:24.728 +00:00 [INF] Device fingerprint headers - UA: Mozilla/5.0 (Windows NT 10.0; Win64; x64; rv:151.0) Gecko/20100101 Firefox/151.0, Accept: application/json, text/plain, */*, Encoding: gzip, deflate
2026-06-05 21:35:24.728 +00:00 [INF] Device fingerprint validation: Stored=/a2uf4z8rcBIhIr7KGbd6aahMr80Bhj+9uyLiYNZ66A=, Current=/a2uf4z8rcBIhIr7KGbd6aahMr80Bhj+9uyLiYNZ66A=
2026-06-05 21:35:24.728 +00:00 [INF] Device fingerprint headers - UA: Mozilla/5.0 (Windows NT 10.0; Win64; x64; rv:151.0) Gecko/20100101 Firefox/151.0, Accept: application/json, text/plain, */*, Encoding: gzip, deflate
2026-06-05 21:35:24.728 +00:00 [INF] Device fingerprint validation: Stored=/a2uf4z8rcBIhIr7KGbd6aahMr80Bhj+9uyLiYNZ66A=, Current=/a2uf4z8rcBIhIr7KGbd6aahMr80Bhj+9uyLiYNZ66A=
2026-06-05 21:35:24.729 +00:00 [INF] Device fingerprint validation: Stored=/a2uf4z8rcBIhIr7KGbd6aahMr80Bhj+9uyLiYNZ66A=, Current=/a2uf4z8rcBIhIr7KGbd6aahMr80Bhj+9uyLiYNZ66A=
2026-06-05 21:35:24.760 +00:00 [INF] Executed DbCommand (2ms) [Parameters=[@__jti_0='?', @__userId_1='?' (DbType = Int32)], CommandType='"Text"', CommandTimeout='30']
SELECT a."ID", a."CreatedAt", a."DeviceFingerprint", a."ExpiresAt", a."IpAddress", a."IsRevoked", a."UserID", a.jti
FROM "AccessTokens" AS a
WHERE a.jti = @__jti_0 AND a."UserID" = @__userId_1 AND NOT (a."IsRevoked") AND a."ExpiresAt" > now()
LIMIT 1
2026-06-05 21:35:24.764 +00:00 [INF] Executing endpoint 'API.Controllers.TokenController.GetAccessTokens (API)'
2026-06-05 21:35:24.767 +00:00 [INF] Route matched with {action = "GetAccessTokens", controller = "Token"}. Executing controller action with signature System.Threading.Tasks.Task`1[System.Collections.Generic.IEnumerable`1[API.Models.AccessToken]] GetAccessTokens() on controller API.Controllers.TokenController (API).
2026-06-05 21:35:24.768 +00:00 [INF] Executed DbCommand (2ms) [Parameters=[@__jti_0='?', @__userId_1='?' (DbType = Int32)], CommandType='"Text"', CommandTimeout='30']
SELECT a."ID", a."CreatedAt", a."DeviceFingerprint", a."ExpiresAt", a."IpAddress", a."IsRevoked", a."UserID", a.jti
FROM "AccessTokens" AS a
WHERE a.jti = @__jti_0 AND a."UserID" = @__userId_1 AND NOT (a."IsRevoked") AND a."ExpiresAt" > now()
LIMIT 1
2026-06-05 21:35:24.769 +00:00 [INF] Executed DbCommand (2ms) [Parameters=[@__jti_0='?', @__userId_1='?' (DbType = Int32)], CommandType='"Text"', CommandTimeout='30']
SELECT a."ID", a."CreatedAt", a."DeviceFingerprint", a."ExpiresAt", a."IpAddress", a."IsRevoked", a."UserID", a.jti
FROM "AccessTokens" AS a
WHERE a.jti = @__jti_0 AND a."UserID" = @__userId_1 AND NOT (a."IsRevoked") AND a."ExpiresAt" > now()
LIMIT 1
2026-06-05 21:35:24.769 +00:00 [INF] Executing endpoint 'API.Controllers.TokenController.GetAccessTokens (API)'
2026-06-05 21:35:24.769 +00:00 [INF] Executing endpoint 'API.Controllers.TokenController.GetAccessTokens (API)'
2026-06-05 21:35:24.769 +00:00 [INF] Route matched with {action = "GetAccessTokens", controller = "Token"}. Executing controller action with signature System.Threading.Tasks.Task`1[System.Collections.Generic.IEnumerable`1[API.Models.AccessToken]] GetAccessTokens() on controller API.Controllers.TokenController (API).
2026-06-05 21:35:24.769 +00:00 [INF] Route matched with {action = "GetAccessTokens", controller = "Token"}. Executing controller action with signature System.Threading.Tasks.Task`1[System.Collections.Generic.IEnumerable`1[API.Models.AccessToken]] GetAccessTokens() on controller API.Controllers.TokenController (API).
2026-06-05 21:35:24.774 +00:00 [INF] Executed DbCommand (2ms) [Parameters=[], CommandType='"Text"', CommandTimeout='30']
SELECT a."ID", a."CreatedAt", a."DeviceFingerprint", a."ExpiresAt", a."IpAddress", a."IsRevoked", a."UserID", a.jti
FROM "AccessTokens" AS a
WHERE NOT (a."IsRevoked")
2026-06-05 21:35:24.774 +00:00 [INF] Executed DbCommand (2ms) [Parameters=[], CommandType='"Text"', CommandTimeout='30']
SELECT a."ID", a."CreatedAt", a."DeviceFingerprint", a."ExpiresAt", a."IpAddress", a."IsRevoked", a."UserID", a.jti
FROM "AccessTokens" AS a
WHERE NOT (a."IsRevoked")
2026-06-05 21:35:24.775 +00:00 [INF] Executed DbCommand (3ms) [Parameters=[], CommandType='"Text"', CommandTimeout='30']
SELECT a."ID", a."CreatedAt", a."DeviceFingerprint", a."ExpiresAt", a."IpAddress", a."IsRevoked", a."UserID", a.jti
FROM "AccessTokens" AS a
WHERE NOT (a."IsRevoked")
2026-06-05 21:35:24.778 +00:00 [INF] Executing ObjectResult, writing value of type 'System.Collections.Generic.List`1[[API.Models.AccessToken, API, Version=1.0.0.0, Culture=neutral, PublicKeyToken=null]]'.
2026-06-05 21:35:24.778 +00:00 [INF] Executing ObjectResult, writing value of type 'System.Collections.Generic.List`1[[API.Models.AccessToken, API, Version=1.0.0.0, Culture=neutral, PublicKeyToken=null]]'.
2026-06-05 21:35:24.778 +00:00 [INF] Executing ObjectResult, writing value of type 'System.Collections.Generic.List`1[[API.Models.AccessToken, API, Version=1.0.0.0, Culture=neutral, PublicKeyToken=null]]'.
2026-06-05 21:35:24.793 +00:00 [INF] Executed action API.Controllers.TokenController.GetAccessTokens (API) in 24.1242ms
2026-06-05 21:35:24.793 +00:00 [INF] Executed action API.Controllers.TokenController.GetAccessTokens (API) in 24.0173ms
2026-06-05 21:35:24.793 +00:00 [INF] Executed action API.Controllers.TokenController.GetAccessTokens (API) in 26.2983ms
2026-06-05 21:35:24.794 +00:00 [INF] Executed endpoint 'API.Controllers.TokenController.GetAccessTokens (API)'
2026-06-05 21:35:24.794 +00:00 [INF] Executed endpoint 'API.Controllers.TokenController.GetAccessTokens (API)'
2026-06-05 21:35:24.794 +00:00 [INF] Executed endpoint 'API.Controllers.TokenController.GetAccessTokens (API)'
2026-06-05 21:35:24.795 +00:00 [INF] Request finished HTTP/1.1 GET http://192.168.1.6:8080/api/token/access-tokens - 499 null application/json; charset=utf-8 102.124ms
2026-06-05 21:35:24.795 +00:00 [INF] Request finished HTTP/1.1 GET http://192.168.1.6:8080/api/token/access-tokens?page=1&limit=10 - 200 null application/json; charset=utf-8 102.6367ms
2026-06-05 21:35:24.795 +00:00 [INF] Request finished HTTP/1.1 GET http://192.168.1.6:8080/api/token/access-tokens - 200 null application/json; charset=utf-8 84.9481ms
2026-06-05 21:35:24.797 +00:00 [INF] Request starting HTTP/1.1 GET http://192.168.1.6:8080/api/token/access-tokens?page=1&limit=10 - null null
2026-06-05 21:35:24.797 +00:00 [INF] CORS policy execution successful.
2026-06-05 21:35:24.797 +00:00 [INF] ====== OnMessageReceived START ======
2026-06-05 21:35:24.798 +00:00 [INF] Available cookies: 2
2026-06-05 21:35:24.798 +00:00 [INF] Cookie: adminToken = 844 chars
2026-06-05 21:35:24.798 +00:00 [INF] Cookie: adminRefreshToken = 44 chars
2026-06-05 21:35:24.798 +00:00 [INF] Admin token found in cookies, length: 844
2026-06-05 21:35:24.798 +00:00 [INF] Admin token set in context
2026-06-05 21:35:24.798 +00:00 [INF] ====== OnMessageReceived END - Token set: true ======
2026-06-05 21:35:24.799 +00:00 [INF] Token validated successfully for user: lengyelnorbi
2026-06-05 21:35:24.800 +00:00 [INF] Device fingerprint headers - UA: Mozilla/5.0 (Windows NT 10.0; Win64; x64; rv:151.0) Gecko/20100101 Firefox/151.0, Accept: application/json, text/plain, */*, Encoding: gzip, deflate
2026-06-05 21:35:24.800 +00:00 [INF] Device fingerprint validation: Stored=/a2uf4z8rcBIhIr7KGbd6aahMr80Bhj+9uyLiYNZ66A=, Current=/a2uf4z8rcBIhIr7KGbd6aahMr80Bhj+9uyLiYNZ66A=
2026-06-05 21:35:24.833 +00:00 [INF] Executed DbCommand (2ms) [Parameters=[@__jti_0='?', @__userId_1='?' (DbType = Int32)], CommandType='"Text"', CommandTimeout='30']
SELECT a."ID", a."CreatedAt", a."DeviceFingerprint", a."ExpiresAt", a."IpAddress", a."IsRevoked", a."UserID", a.jti
FROM "AccessTokens" AS a
WHERE a.jti = @__jti_0 AND a."UserID" = @__userId_1 AND NOT (a."IsRevoked") AND a."ExpiresAt" > now()
LIMIT 1
2026-06-05 21:35:24.834 +00:00 [INF] Executing endpoint 'API.Controllers.TokenController.GetAccessTokens (API)'
2026-06-05 21:35:24.834 +00:00 [INF] Route matched with {action = "GetAccessTokens", controller = "Token"}. Executing controller action with signature System.Threading.Tasks.Task`1[System.Collections.Generic.IEnumerable`1[API.Models.AccessToken]] GetAccessTokens() on controller API.Controllers.TokenController (API).
2026-06-05 21:35:24.836 +00:00 [INF] Executed DbCommand (1ms) [Parameters=[], CommandType='"Text"', CommandTimeout='30']
SELECT a."ID", a."CreatedAt", a."DeviceFingerprint", a."ExpiresAt", a."IpAddress", a."IsRevoked", a."UserID", a.jti
FROM "AccessTokens" AS a
WHERE NOT (a."IsRevoked")
2026-06-05 21:35:24.838 +00:00 [INF] Executing ObjectResult, writing value of type 'System.Collections.Generic.List`1[[API.Models.AccessToken, API, Version=1.0.0.0, Culture=neutral, PublicKeyToken=null]]'.
2026-06-05 21:35:24.838 +00:00 [INF] Executed action API.Controllers.TokenController.GetAccessTokens (API) in 3.7319ms
2026-06-05 21:35:24.838 +00:00 [INF] Executed endpoint 'API.Controllers.TokenController.GetAccessTokens (API)'
2026-06-05 21:35:24.838 +00:00 [INF] Request finished HTTP/1.1 GET http://192.168.1.6:8080/api/token/access-tokens?page=1&limit=10 - 200 null application/json; charset=utf-8 41.695ms
2026-06-05 21:35:28.434 +00:00 [INF] Request starting HTTP/1.1 GET http://192.168.1.6:8080/api/token/access-tokens - null null
2026-06-05 21:35:28.434 +00:00 [INF] Request starting HTTP/1.1 GET http://192.168.1.6:8080/api/token/access-tokens?page=1&limit=10 - null null
2026-06-05 21:35:28.435 +00:00 [INF] CORS policy execution successful.
2026-06-05 21:35:28.435 +00:00 [INF] CORS policy execution successful.
2026-06-05 21:35:28.435 +00:00 [INF] ====== OnMessageReceived START ======
2026-06-05 21:35:28.435 +00:00 [INF] ====== OnMessageReceived START ======
2026-06-05 21:35:28.436 +00:00 [INF] Available cookies: 2
2026-06-05 21:35:28.436 +00:00 [INF] Available cookies: 2
2026-06-05 21:35:28.436 +00:00 [INF] Cookie: adminToken = 844 chars
2026-06-05 21:35:28.436 +00:00 [INF] Cookie: adminToken = 844 chars
2026-06-05 21:35:28.436 +00:00 [INF] Cookie: adminRefreshToken = 44 chars
2026-06-05 21:35:28.437 +00:00 [INF] Cookie: adminRefreshToken = 44 chars
2026-06-05 21:35:28.437 +00:00 [INF] Admin token found in cookies, length: 844
2026-06-05 21:35:28.437 +00:00 [INF] Admin token found in cookies, length: 844
2026-06-05 21:35:28.437 +00:00 [INF] Admin token set in context
2026-06-05 21:35:28.437 +00:00 [INF] Admin token set in context
2026-06-05 21:35:28.437 +00:00 [INF] ====== OnMessageReceived END - Token set: true ======
2026-06-05 21:35:28.438 +00:00 [INF] ====== OnMessageReceived END - Token set: true ======
2026-06-05 21:35:28.438 +00:00 [INF] Token validated successfully for user: lengyelnorbi
2026-06-05 21:35:28.438 +00:00 [INF] Device fingerprint headers - UA: Mozilla/5.0 (Windows NT 10.0; Win64; x64; rv:151.0) Gecko/20100101 Firefox/151.0, Accept: application/json, text/plain, */*, Encoding: gzip, deflate
2026-06-05 21:35:28.438 +00:00 [INF] Token validated successfully for user: lengyelnorbi
2026-06-05 21:35:28.438 +00:00 [INF] Device fingerprint validation: Stored=/a2uf4z8rcBIhIr7KGbd6aahMr80Bhj+9uyLiYNZ66A=, Current=/a2uf4z8rcBIhIr7KGbd6aahMr80Bhj+9uyLiYNZ66A=
2026-06-05 21:35:28.438 +00:00 [INF] Device fingerprint headers - UA: Mozilla/5.0 (Windows NT 10.0; Win64; x64; rv:151.0) Gecko/20100101 Firefox/151.0, Accept: application/json, text/plain, */*, Encoding: gzip, deflate
2026-06-05 21:35:28.439 +00:00 [INF] Device fingerprint validation: Stored=/a2uf4z8rcBIhIr7KGbd6aahMr80Bhj+9uyLiYNZ66A=, Current=/a2uf4z8rcBIhIr7KGbd6aahMr80Bhj+9uyLiYNZ66A=
2026-06-05 21:35:28.441 +00:00 [INF] Executed DbCommand (1ms) [Parameters=[@__jti_0='?', @__userId_1='?' (DbType = Int32)], CommandType='"Text"', CommandTimeout='30']
SELECT a."ID", a."CreatedAt", a."DeviceFingerprint", a."ExpiresAt", a."IpAddress", a."IsRevoked", a."UserID", a.jti
FROM "AccessTokens" AS a
WHERE a.jti = @__jti_0 AND a."UserID" = @__userId_1 AND NOT (a."IsRevoked") AND a."ExpiresAt" > now()
LIMIT 1
2026-06-05 21:35:28.441 +00:00 [INF] Executed DbCommand (1ms) [Parameters=[@__jti_0='?', @__userId_1='?' (DbType = Int32)], CommandType='"Text"', CommandTimeout='30']
SELECT a."ID", a."CreatedAt", a."DeviceFingerprint", a."ExpiresAt", a."IpAddress", a."IsRevoked", a."UserID", a.jti
FROM "AccessTokens" AS a
WHERE a.jti = @__jti_0 AND a."UserID" = @__userId_1 AND NOT (a."IsRevoked") AND a."ExpiresAt" > now()
LIMIT 1
2026-06-05 21:35:28.441 +00:00 [INF] Executing endpoint 'API.Controllers.TokenController.GetAccessTokens (API)'
2026-06-05 21:35:28.442 +00:00 [INF] Executing endpoint 'API.Controllers.TokenController.GetAccessTokens (API)'
2026-06-05 21:35:28.442 +00:00 [INF] Route matched with {action = "GetAccessTokens", controller = "Token"}. Executing controller action with signature System.Threading.Tasks.Task`1[System.Collections.Generic.IEnumerable`1[API.Models.AccessToken]] GetAccessTokens() on controller API.Controllers.TokenController (API).
2026-06-05 21:35:28.442 +00:00 [INF] Route matched with {action = "GetAccessTokens", controller = "Token"}. Executing controller action with signature System.Threading.Tasks.Task`1[System.Collections.Generic.IEnumerable`1[API.Models.AccessToken]] GetAccessTokens() on controller API.Controllers.TokenController (API).
2026-06-05 21:35:28.443 +00:00 [INF] Executed DbCommand (1ms) [Parameters=[], CommandType='"Text"', CommandTimeout='30']
SELECT a."ID", a."CreatedAt", a."DeviceFingerprint", a."ExpiresAt", a."IpAddress", a."IsRevoked", a."UserID", a.jti
FROM "AccessTokens" AS a
WHERE NOT (a."IsRevoked")
2026-06-05 21:35:28.444 +00:00 [INF] Executed DbCommand (1ms) [Parameters=[], CommandType='"Text"', CommandTimeout='30']
SELECT a."ID", a."CreatedAt", a."DeviceFingerprint", a."ExpiresAt", a."IpAddress", a."IsRevoked", a."UserID", a.jti
FROM "AccessTokens" AS a
WHERE NOT (a."IsRevoked")
2026-06-05 21:35:28.445 +00:00 [INF] Executing ObjectResult, writing value of type 'System.Collections.Generic.List`1[[API.Models.AccessToken, API, Version=1.0.0.0, Culture=neutral, PublicKeyToken=null]]'.
2026-06-05 21:35:28.445 +00:00 [INF] Executing ObjectResult, writing value of type 'System.Collections.Generic.List`1[[API.Models.AccessToken, API, Version=1.0.0.0, Culture=neutral, PublicKeyToken=null]]'.
2026-06-05 21:35:28.446 +00:00 [INF] Executed action API.Controllers.TokenController.GetAccessTokens (API) in 3.5457ms
2026-06-05 21:35:28.446 +00:00 [INF] Executed action API.Controllers.TokenController.GetAccessTokens (API) in 3.3702ms
2026-06-05 21:35:28.446 +00:00 [INF] Executed endpoint 'API.Controllers.TokenController.GetAccessTokens (API)'
2026-06-05 21:35:28.446 +00:00 [INF] Executed endpoint 'API.Controllers.TokenController.GetAccessTokens (API)'
2026-06-05 21:35:28.446 +00:00 [INF] Request finished HTTP/1.1 GET http://192.168.1.6:8080/api/token/access-tokens?page=1&limit=10 - 200 null application/json; charset=utf-8 11.7212ms
2026-06-05 21:35:28.446 +00:00 [INF] Request finished HTTP/1.1 GET http://192.168.1.6:8080/api/token/access-tokens - 200 null application/json; charset=utf-8 11.8503ms
2026-06-05 21:35:30.337 +00:00 [INF] Request starting HTTP/1.1 GET http://192.168.1.6:8080/api/token/access-tokens?page=1&limit=10 - null null
2026-06-05 21:35:30.337 +00:00 [INF] Request starting HTTP/1.1 GET http://192.168.1.6:8080/api/token/access-tokens - null null
2026-06-05 21:35:30.338 +00:00 [INF] CORS policy execution successful.
2026-06-05 21:35:30.338 +00:00 [INF] CORS policy execution successful.
2026-06-05 21:35:30.339 +00:00 [INF] ====== OnMessageReceived START ======
2026-06-05 21:35:30.339 +00:00 [INF] ====== OnMessageReceived START ======
2026-06-05 21:35:30.339 +00:00 [INF] Available cookies: 2
2026-06-05 21:35:30.339 +00:00 [INF] Available cookies: 2
2026-06-05 21:35:30.340 +00:00 [INF] Cookie: adminToken = 844 chars
2026-06-05 21:35:30.340 +00:00 [INF] Cookie: adminRefreshToken = 44 chars
2026-06-05 21:35:30.340 +00:00 [INF] Cookie: adminToken = 844 chars
2026-06-05 21:35:30.341 +00:00 [INF] Admin token found in cookies, length: 844
2026-06-05 21:35:30.341 +00:00 [INF] Cookie: adminRefreshToken = 44 chars
2026-06-05 21:35:30.341 +00:00 [INF] Admin token set in context
2026-06-05 21:35:30.342 +00:00 [INF] Admin token found in cookies, length: 844
2026-06-05 21:35:30.343 +00:00 [INF] ====== OnMessageReceived END - Token set: true ======
2026-06-05 21:35:30.343 +00:00 [INF] Admin token set in context
2026-06-05 21:35:30.343 +00:00 [INF] ====== OnMessageReceived END - Token set: true ======
2026-06-05 21:35:30.343 +00:00 [INF] Token validated successfully for user: lengyelnorbi
2026-06-05 21:35:30.344 +00:00 [INF] Token validated successfully for user: lengyelnorbi
2026-06-05 21:35:30.344 +00:00 [INF] Device fingerprint headers - UA: Mozilla/5.0 (Windows NT 10.0; Win64; x64; rv:151.0) Gecko/20100101 Firefox/151.0, Accept: application/json, text/plain, */*, Encoding: gzip, deflate
2026-06-05 21:35:30.344 +00:00 [INF] Device fingerprint headers - UA: Mozilla/5.0 (Windows NT 10.0; Win64; x64; rv:151.0) Gecko/20100101 Firefox/151.0, Accept: application/json, text/plain, */*, Encoding: gzip, deflate
2026-06-05 21:35:30.344 +00:00 [INF] Device fingerprint validation: Stored=/a2uf4z8rcBIhIr7KGbd6aahMr80Bhj+9uyLiYNZ66A=, Current=/a2uf4z8rcBIhIr7KGbd6aahMr80Bhj+9uyLiYNZ66A=
2026-06-05 21:35:30.344 +00:00 [INF] Device fingerprint validation: Stored=/a2uf4z8rcBIhIr7KGbd6aahMr80Bhj+9uyLiYNZ66A=, Current=/a2uf4z8rcBIhIr7KGbd6aahMr80Bhj+9uyLiYNZ66A=
2026-06-05 21:35:30.347 +00:00 [INF] Executed DbCommand (1ms) [Parameters=[@__jti_0='?', @__userId_1='?' (DbType = Int32)], CommandType='"Text"', CommandTimeout='30']
SELECT a."ID", a."CreatedAt", a."DeviceFingerprint", a."ExpiresAt", a."IpAddress", a."IsRevoked", a."UserID", a.jti
FROM "AccessTokens" AS a
WHERE a.jti = @__jti_0 AND a."UserID" = @__userId_1 AND NOT (a."IsRevoked") AND a."ExpiresAt" > now()
LIMIT 1
2026-06-05 21:35:30.347 +00:00 [INF] Executed DbCommand (1ms) [Parameters=[@__jti_0='?', @__userId_1='?' (DbType = Int32)], CommandType='"Text"', CommandTimeout='30']
SELECT a."ID", a."CreatedAt", a."DeviceFingerprint", a."ExpiresAt", a."IpAddress", a."IsRevoked", a."UserID", a.jti
FROM "AccessTokens" AS a
WHERE a.jti = @__jti_0 AND a."UserID" = @__userId_1 AND NOT (a."IsRevoked") AND a."ExpiresAt" > now()
LIMIT 1
2026-06-05 21:35:30.347 +00:00 [INF] Executing endpoint 'API.Controllers.TokenController.GetAccessTokens (API)'
2026-06-05 21:35:30.347 +00:00 [INF] Executing endpoint 'API.Controllers.TokenController.GetAccessTokens (API)'
2026-06-05 21:35:30.348 +00:00 [INF] Route matched with {action = "GetAccessTokens", controller = "Token"}. Executing controller action with signature System.Threading.Tasks.Task`1[System.Collections.Generic.IEnumerable`1[API.Models.AccessToken]] GetAccessTokens() on controller API.Controllers.TokenController (API).
2026-06-05 21:35:30.348 +00:00 [INF] Route matched with {action = "GetAccessTokens", controller = "Token"}. Executing controller action with signature System.Threading.Tasks.Task`1[System.Collections.Generic.IEnumerable`1[API.Models.AccessToken]] GetAccessTokens() on controller API.Controllers.TokenController (API).
2026-06-05 21:35:30.350 +00:00 [INF] Executed DbCommand (1ms) [Parameters=[], CommandType='"Text"', CommandTimeout='30']
SELECT a."ID", a."CreatedAt", a."DeviceFingerprint", a."ExpiresAt", a."IpAddress", a."IsRevoked", a."UserID", a.jti
FROM "AccessTokens" AS a
WHERE NOT (a."IsRevoked")
2026-06-05 21:35:30.350 +00:00 [INF] Executed DbCommand (2ms) [Parameters=[], CommandType='"Text"', CommandTimeout='30']
SELECT a."ID", a."CreatedAt", a."DeviceFingerprint", a."ExpiresAt", a."IpAddress", a."IsRevoked", a."UserID", a.jti
FROM "AccessTokens" AS a
WHERE NOT (a."IsRevoked")
2026-06-05 21:35:30.350 +00:00 [INF] Executing ObjectResult, writing value of type 'System.Collections.Generic.List`1[[API.Models.AccessToken, API, Version=1.0.0.0, Culture=neutral, PublicKeyToken=null]]'.
2026-06-05 21:35:30.351 +00:00 [INF] Executed action API.Controllers.TokenController.GetAccessTokens (API) in 2.7297ms
2026-06-05 21:35:30.351 +00:00 [INF] Executed endpoint 'API.Controllers.TokenController.GetAccessTokens (API)'
2026-06-05 21:35:30.351 +00:00 [INF] Executing ObjectResult, writing value of type 'System.Collections.Generic.List`1[[API.Models.AccessToken, API, Version=1.0.0.0, Culture=neutral, PublicKeyToken=null]]'.
2026-06-05 21:35:30.351 +00:00 [INF] Request finished HTTP/1.1 GET http://192.168.1.6:8080/api/token/access-tokens?page=1&limit=10 - 200 null application/json; charset=utf-8 14.2294ms
2026-06-05 21:35:30.352 +00:00 [INF] Executed action API.Controllers.TokenController.GetAccessTokens (API) in 3.6616ms
2026-06-05 21:35:30.352 +00:00 [INF] Executed endpoint 'API.Controllers.TokenController.GetAccessTokens (API)'
2026-06-05 21:35:30.352 +00:00 [INF] Request finished HTTP/1.1 GET http://192.168.1.6:8080/api/token/access-tokens - 200 null application/json; charset=utf-8 14.9273ms
2026-06-05 21:35:31.047 +00:00 [INF] Request starting HTTP/1.1 GET http://192.168.1.6:8080/api/user?page=1&limit=10 - null null
2026-06-05 21:35:31.048 +00:00 [INF] Request starting HTTP/1.1 GET http://192.168.1.6:8080/api/user - null null
2026-06-05 21:35:31.051 +00:00 [INF] CORS policy execution successful.
2026-06-05 21:35:31.051 +00:00 [INF] CORS policy execution successful.
2026-06-05 21:35:31.051 +00:00 [INF] ====== OnMessageReceived START ======
2026-06-05 21:35:31.051 +00:00 [INF] ====== OnMessageReceived START ======
2026-06-05 21:35:31.052 +00:00 [INF] Available cookies: 2
2026-06-05 21:35:31.052 +00:00 [INF] Available cookies: 2
2026-06-05 21:35:31.052 +00:00 [INF] Cookie: adminToken = 844 chars
2026-06-05 21:35:31.052 +00:00 [INF] Cookie: adminToken = 844 chars
2026-06-05 21:35:31.052 +00:00 [INF] Cookie: adminRefreshToken = 44 chars
2026-06-05 21:35:31.052 +00:00 [INF] Cookie: adminRefreshToken = 44 chars
2026-06-05 21:35:31.053 +00:00 [INF] Admin token found in cookies, length: 844
2026-06-05 21:35:31.053 +00:00 [INF] Admin token set in context
2026-06-05 21:35:31.053 +00:00 [INF] Admin token found in cookies, length: 844
2026-06-05 21:35:31.053 +00:00 [INF] ====== OnMessageReceived END - Token set: true ======
2026-06-05 21:35:31.053 +00:00 [INF] Admin token set in context
2026-06-05 21:35:31.054 +00:00 [INF] ====== OnMessageReceived END - Token set: true ======
2026-06-05 21:35:31.054 +00:00 [INF] Token validated successfully for user: lengyelnorbi
2026-06-05 21:35:31.054 +00:00 [INF] Token validated successfully for user: lengyelnorbi
2026-06-05 21:35:31.054 +00:00 [INF] Device fingerprint headers - UA: Mozilla/5.0 (Windows NT 10.0; Win64; x64; rv:151.0) Gecko/20100101 Firefox/151.0, Accept: application/json, text/plain, */*, Encoding: gzip, deflate
2026-06-05 21:35:31.055 +00:00 [INF] Device fingerprint headers - UA: Mozilla/5.0 (Windows NT 10.0; Win64; x64; rv:151.0) Gecko/20100101 Firefox/151.0, Accept: application/json, text/plain, */*, Encoding: gzip, deflate
2026-06-05 21:35:31.055 +00:00 [INF] Device fingerprint validation: Stored=/a2uf4z8rcBIhIr7KGbd6aahMr80Bhj+9uyLiYNZ66A=, Current=/a2uf4z8rcBIhIr7KGbd6aahMr80Bhj+9uyLiYNZ66A=
2026-06-05 21:35:31.055 +00:00 [INF] Device fingerprint validation: Stored=/a2uf4z8rcBIhIr7KGbd6aahMr80Bhj+9uyLiYNZ66A=, Current=/a2uf4z8rcBIhIr7KGbd6aahMr80Bhj+9uyLiYNZ66A=
2026-06-05 21:35:31.059 +00:00 [INF] Executed DbCommand (3ms) [Parameters=[@__jti_0='?', @__userId_1='?' (DbType = Int32)], CommandType='"Text"', CommandTimeout='30']
SELECT a."ID", a."CreatedAt", a."DeviceFingerprint", a."ExpiresAt", a."IpAddress", a."IsRevoked", a."UserID", a.jti
FROM "AccessTokens" AS a
WHERE a.jti = @__jti_0 AND a."UserID" = @__userId_1 AND NOT (a."IsRevoked") AND a."ExpiresAt" > now()
LIMIT 1
2026-06-05 21:35:31.059 +00:00 [INF] Executed DbCommand (3ms) [Parameters=[@__jti_0='?', @__userId_1='?' (DbType = Int32)], CommandType='"Text"', CommandTimeout='30']
SELECT a."ID", a."CreatedAt", a."DeviceFingerprint", a."ExpiresAt", a."IpAddress", a."IsRevoked", a."UserID", a.jti
FROM "AccessTokens" AS a
WHERE a.jti = @__jti_0 AND a."UserID" = @__userId_1 AND NOT (a."IsRevoked") AND a."ExpiresAt" > now()
LIMIT 1
2026-06-05 21:35:31.060 +00:00 [INF] Executing endpoint 'API.Controllers.UserController.Get (API)'
2026-06-05 21:35:31.060 +00:00 [INF] Executing endpoint 'API.Controllers.UserController.Get (API)'
2026-06-05 21:35:31.063 +00:00 [INF] Route matched with {action = "Get", controller = "User"}. Executing controller action with signature System.Threading.Tasks.Task`1[System.Collections.Generic.IEnumerable`1[UserDTO]] Get() on controller API.Controllers.UserController (API).
2026-06-05 21:35:31.063 +00:00 [INF] Route matched with {action = "Get", controller = "User"}. Executing controller action with signature System.Threading.Tasks.Task`1[System.Collections.Generic.IEnumerable`1[UserDTO]] Get() on controller API.Controllers.UserController (API).
2026-06-05 21:35:31.064 +00:00 [INF] Fetching user data from database...
2026-06-05 21:35:31.064 +00:00 [INF] Fetching user data from database...
2026-06-05 21:35:31.069 +00:00 [INF] Request starting HTTP/1.1 GET http://192.168.1.6:8080/api/user - null null
2026-06-05 21:35:31.069 +00:00 [INF] CORS policy execution successful.
2026-06-05 21:35:31.069 +00:00 [INF] ====== OnMessageReceived START ======
2026-06-05 21:35:31.070 +00:00 [INF] Available cookies: 2
2026-06-05 21:35:31.070 +00:00 [INF] Cookie: adminToken = 844 chars
2026-06-05 21:35:31.070 +00:00 [INF] Cookie: adminRefreshToken = 44 chars
2026-06-05 21:35:31.070 +00:00 [INF] Executed DbCommand (2ms) [Parameters=[], CommandType='"Text"', CommandTimeout='30']
SELECT u."ID", u."Email", u."PasswordHash", u."RegisteredAt", u."Role", u."Username"
FROM "Users" AS u
2026-06-05 21:35:31.070 +00:00 [INF] Executed DbCommand (2ms) [Parameters=[], CommandType='"Text"', CommandTimeout='30']
SELECT u."ID", u."Email", u."PasswordHash", u."RegisteredAt", u."Role", u."Username"
FROM "Users" AS u
2026-06-05 21:35:31.070 +00:00 [INF] Admin token found in cookies, length: 844
2026-06-05 21:35:31.071 +00:00 [INF] Admin token set in context
2026-06-05 21:35:31.071 +00:00 [INF] ====== OnMessageReceived END - Token set: true ======
2026-06-05 21:35:31.071 +00:00 [INF] Token validated successfully for user: lengyelnorbi
2026-06-05 21:35:31.071 +00:00 [INF] Device fingerprint headers - UA: Mozilla/5.0 (Windows NT 10.0; Win64; x64; rv:151.0) Gecko/20100101 Firefox/151.0, Accept: application/json, text/plain, */*, Encoding: gzip, deflate
2026-06-05 21:35:31.072 +00:00 [INF] Device fingerprint validation: Stored=/a2uf4z8rcBIhIr7KGbd6aahMr80Bhj+9uyLiYNZ66A=, Current=/a2uf4z8rcBIhIr7KGbd6aahMr80Bhj+9uyLiYNZ66A=
2026-06-05 21:35:31.074 +00:00 [INF] Executed DbCommand (1ms) [Parameters=[@__jti_0='?', @__userId_1='?' (DbType = Int32)], CommandType='"Text"', CommandTimeout='30']
SELECT a."ID", a."CreatedAt", a."DeviceFingerprint", a."ExpiresAt", a."IpAddress", a."IsRevoked", a."UserID", a.jti
FROM "AccessTokens" AS a
WHERE a.jti = @__jti_0 AND a."UserID" = @__userId_1 AND NOT (a."IsRevoked") AND a."ExpiresAt" > now()
LIMIT 1
2026-06-05 21:35:31.074 +00:00 [INF] Executing ObjectResult, writing value of type 'System.Collections.Generic.List`1[[UserDTO, API, Version=1.0.0.0, Culture=neutral, PublicKeyToken=null]]'.
2026-06-05 21:35:31.074 +00:00 [INF] Executing ObjectResult, writing value of type 'System.Collections.Generic.List`1[[UserDTO, API, Version=1.0.0.0, Culture=neutral, PublicKeyToken=null]]'.
2026-06-05 21:35:31.074 +00:00 [INF] Executing endpoint 'API.Controllers.UserController.Get (API)'
2026-06-05 21:35:31.075 +00:00 [INF] Route matched with {action = "Get", controller = "User"}. Executing controller action with signature System.Threading.Tasks.Task`1[System.Collections.Generic.IEnumerable`1[UserDTO]] Get() on controller API.Controllers.UserController (API).
2026-06-05 21:35:31.075 +00:00 [INF] Fetching user data from database...
2026-06-05 21:35:31.076 +00:00 [INF] Executed DbCommand (1ms) [Parameters=[], CommandType='"Text"', CommandTimeout='30']
SELECT u."ID", u."Email", u."PasswordHash", u."RegisteredAt", u."Role", u."Username"
FROM "Users" AS u
2026-06-05 21:35:31.076 +00:00 [INF] Executing ObjectResult, writing value of type 'System.Collections.Generic.List`1[[UserDTO, API, Version=1.0.0.0, Culture=neutral, PublicKeyToken=null]]'.
2026-06-05 21:35:31.077 +00:00 [INF] Executed action API.Controllers.UserController.Get (API) in 2.6305ms
2026-06-05 21:35:31.077 +00:00 [INF] Executed action API.Controllers.UserController.Get (API) in 14.2224ms
2026-06-05 21:35:31.077 +00:00 [INF] Executed action API.Controllers.UserController.Get (API) in 13.8857ms
2026-06-05 21:35:31.078 +00:00 [INF] Executed endpoint 'API.Controllers.UserController.Get (API)'
2026-06-05 21:35:31.078 +00:00 [INF] Executed endpoint 'API.Controllers.UserController.Get (API)'
2026-06-05 21:35:31.078 +00:00 [INF] Executed endpoint 'API.Controllers.UserController.Get (API)'
2026-06-05 21:35:31.078 +00:00 [INF] Request finished HTTP/1.1 GET http://192.168.1.6:8080/api/user - 200 null application/json; charset=utf-8 9.6801ms
2026-06-05 21:35:31.078 +00:00 [INF] Request finished HTTP/1.1 GET http://192.168.1.6:8080/api/user?page=1&limit=10 - 200 null application/json; charset=utf-8 31.0339ms
2026-06-05 21:35:31.079 +00:00 [INF] Request finished HTTP/1.1 GET http://192.168.1.6:8080/api/user - 499 null application/json; charset=utf-8 30.7683ms
2026-06-05 21:35:31.080 +00:00 [INF] Request starting HTTP/1.1 GET http://192.168.1.6:8080/api/user?page=1&limit=10 - null null
2026-06-05 21:35:31.080 +00:00 [INF] CORS policy execution successful.
2026-06-05 21:35:31.081 +00:00 [INF] ====== OnMessageReceived START ======
2026-06-05 21:35:31.081 +00:00 [INF] Available cookies: 2
2026-06-05 21:35:31.081 +00:00 [INF] Cookie: adminToken = 844 chars
2026-06-05 21:35:31.081 +00:00 [INF] Cookie: adminRefreshToken = 44 chars
2026-06-05 21:35:31.081 +00:00 [INF] Admin token found in cookies, length: 844
2026-06-05 21:35:31.081 +00:00 [INF] Admin token set in context
2026-06-05 21:35:31.082 +00:00 [INF] ====== OnMessageReceived END - Token set: true ======
2026-06-05 21:35:31.082 +00:00 [INF] Token validated successfully for user: lengyelnorbi
2026-06-05 21:35:31.082 +00:00 [INF] Device fingerprint headers - UA: Mozilla/5.0 (Windows NT 10.0; Win64; x64; rv:151.0) Gecko/20100101 Firefox/151.0, Accept: application/json, text/plain, */*, Encoding: gzip, deflate
2026-06-05 21:35:31.082 +00:00 [INF] Device fingerprint validation: Stored=/a2uf4z8rcBIhIr7KGbd6aahMr80Bhj+9uyLiYNZ66A=, Current=/a2uf4z8rcBIhIr7KGbd6aahMr80Bhj+9uyLiYNZ66A=
2026-06-05 21:35:31.084 +00:00 [INF] Executed DbCommand (1ms) [Parameters=[@__jti_0='?', @__userId_1='?' (DbType = Int32)], CommandType='"Text"', CommandTimeout='30']
SELECT a."ID", a."CreatedAt", a."DeviceFingerprint", a."ExpiresAt", a."IpAddress", a."IsRevoked", a."UserID", a.jti
FROM "AccessTokens" AS a
WHERE a.jti = @__jti_0 AND a."UserID" = @__userId_1 AND NOT (a."IsRevoked") AND a."ExpiresAt" > now()
LIMIT 1
2026-06-05 21:35:31.085 +00:00 [INF] Executing endpoint 'API.Controllers.UserController.Get (API)'
2026-06-05 21:35:31.085 +00:00 [INF] Route matched with {action = "Get", controller = "User"}. Executing controller action with signature System.Threading.Tasks.Task`1[System.Collections.Generic.IEnumerable`1[UserDTO]] Get() on controller API.Controllers.UserController (API).
2026-06-05 21:35:31.085 +00:00 [INF] Fetching user data from database...
2026-06-05 21:35:31.086 +00:00 [INF] Executed DbCommand (1ms) [Parameters=[], CommandType='"Text"', CommandTimeout='30']
SELECT u."ID", u."Email", u."PasswordHash", u."RegisteredAt", u."Role", u."Username"
FROM "Users" AS u
2026-06-05 21:35:31.087 +00:00 [INF] Executing ObjectResult, writing value of type 'System.Collections.Generic.List`1[[UserDTO, API, Version=1.0.0.0, Culture=neutral, PublicKeyToken=null]]'.
2026-06-05 21:35:31.087 +00:00 [INF] Executed action API.Controllers.UserController.Get (API) in 2.0452ms
2026-06-05 21:35:31.087 +00:00 [INF] Executed endpoint 'API.Controllers.UserController.Get (API)'
2026-06-05 21:35:31.088 +00:00 [INF] Request finished HTTP/1.1 GET http://192.168.1.6:8080/api/user?page=1&limit=10 - 200 null application/json; charset=utf-8 7.4216ms
2026-06-05 21:35:31.427 +00:00 [INF] Request starting HTTP/1.1 GET http://192.168.1.6:8080/api/token/access-tokens - null null
2026-06-05 21:35:31.427 +00:00 [INF] Request starting HTTP/1.1 GET http://192.168.1.6:8080/api/token/access-tokens?page=1&limit=10 - null null
2026-06-05 21:35:31.427 +00:00 [INF] CORS policy execution successful.
2026-06-05 21:35:31.427 +00:00 [INF] CORS policy execution successful.
2026-06-05 21:35:31.428 +00:00 [INF] ====== OnMessageReceived START ======
2026-06-05 21:35:31.429 +00:00 [INF] ====== OnMessageReceived START ======
2026-06-05 21:35:31.429 +00:00 [INF] Available cookies: 2
2026-06-05 21:35:31.430 +00:00 [INF] Available cookies: 2
2026-06-05 21:35:31.430 +00:00 [INF] Cookie: adminToken = 844 chars
2026-06-05 21:35:31.430 +00:00 [INF] Cookie: adminToken = 844 chars
2026-06-05 21:35:31.430 +00:00 [INF] Cookie: adminRefreshToken = 44 chars
2026-06-05 21:35:31.431 +00:00 [INF] Cookie: adminRefreshToken = 44 chars
2026-06-05 21:35:31.431 +00:00 [INF] Admin token found in cookies, length: 844
2026-06-05 21:35:31.431 +00:00 [INF] Admin token found in cookies, length: 844
2026-06-05 21:35:31.431 +00:00 [INF] Admin token set in context
2026-06-05 21:35:31.431 +00:00 [INF] Admin token set in context
2026-06-05 21:35:31.431 +00:00 [INF] ====== OnMessageReceived END - Token set: true ======
2026-06-05 21:35:31.432 +00:00 [INF] ====== OnMessageReceived END - Token set: true ======
2026-06-05 21:35:31.432 +00:00 [INF] Token validated successfully for user: lengyelnorbi
2026-06-05 21:35:31.432 +00:00 [INF] Token validated successfully for user: lengyelnorbi
2026-06-05 21:35:31.432 +00:00 [INF] Device fingerprint headers - UA: Mozilla/5.0 (Windows NT 10.0; Win64; x64; rv:151.0) Gecko/20100101 Firefox/151.0, Accept: application/json, text/plain, */*, Encoding: gzip, deflate
2026-06-05 21:35:31.432 +00:00 [INF] Device fingerprint headers - UA: Mozilla/5.0 (Windows NT 10.0; Win64; x64; rv:151.0) Gecko/20100101 Firefox/151.0, Accept: application/json, text/plain, */*, Encoding: gzip, deflate
2026-06-05 21:35:31.433 +00:00 [INF] Device fingerprint validation: Stored=/a2uf4z8rcBIhIr7KGbd6aahMr80Bhj+9uyLiYNZ66A=, Current=/a2uf4z8rcBIhIr7KGbd6aahMr80Bhj+9uyLiYNZ66A=
2026-06-05 21:35:31.433 +00:00 [INF] Device fingerprint validation: Stored=/a2uf4z8rcBIhIr7KGbd6aahMr80Bhj+9uyLiYNZ66A=, Current=/a2uf4z8rcBIhIr7KGbd6aahMr80Bhj+9uyLiYNZ66A=
2026-06-05 21:35:31.437 +00:00 [INF] Executed DbCommand (3ms) [Parameters=[@__jti_0='?', @__userId_1='?' (DbType = Int32)], CommandType='"Text"', CommandTimeout='30']
SELECT a."ID", a."CreatedAt", a."DeviceFingerprint", a."ExpiresAt", a."IpAddress", a."IsRevoked", a."UserID", a.jti
FROM "AccessTokens" AS a
WHERE a.jti = @__jti_0 AND a."UserID" = @__userId_1 AND NOT (a."IsRevoked") AND a."ExpiresAt" > now()
LIMIT 1
2026-06-05 21:35:31.437 +00:00 [INF] Executed DbCommand (3ms) [Parameters=[@__jti_0='?', @__userId_1='?' (DbType = Int32)], CommandType='"Text"', CommandTimeout='30']
SELECT a."ID", a."CreatedAt", a."DeviceFingerprint", a."ExpiresAt", a."IpAddress", a."IsRevoked", a."UserID", a.jti
FROM "AccessTokens" AS a
WHERE a.jti = @__jti_0 AND a."UserID" = @__userId_1 AND NOT (a."IsRevoked") AND a."ExpiresAt" > now()
LIMIT 1
2026-06-05 21:35:31.438 +00:00 [INF] Executing endpoint 'API.Controllers.TokenController.GetAccessTokens (API)'
2026-06-05 21:35:31.438 +00:00 [INF] Executing endpoint 'API.Controllers.TokenController.GetAccessTokens (API)'
2026-06-05 21:35:31.438 +00:00 [INF] Route matched with {action = "GetAccessTokens", controller = "Token"}. Executing controller action with signature System.Threading.Tasks.Task`1[System.Collections.Generic.IEnumerable`1[API.Models.AccessToken]] GetAccessTokens() on controller API.Controllers.TokenController (API).
2026-06-05 21:35:31.438 +00:00 [INF] Route matched with {action = "GetAccessTokens", controller = "Token"}. Executing controller action with signature System.Threading.Tasks.Task`1[System.Collections.Generic.IEnumerable`1[API.Models.AccessToken]] GetAccessTokens() on controller API.Controllers.TokenController (API).
2026-06-05 21:35:31.441 +00:00 [INF] Executed DbCommand (2ms) [Parameters=[], CommandType='"Text"', CommandTimeout='30']
SELECT a."ID", a."CreatedAt", a."DeviceFingerprint", a."ExpiresAt", a."IpAddress", a."IsRevoked", a."UserID", a.jti
FROM "AccessTokens" AS a
WHERE NOT (a."IsRevoked")
2026-06-05 21:35:31.441 +00:00 [INF] Executed DbCommand (2ms) [Parameters=[], CommandType='"Text"', CommandTimeout='30']
SELECT a."ID", a."CreatedAt", a."DeviceFingerprint", a."ExpiresAt", a."IpAddress", a."IsRevoked", a."UserID", a.jti
FROM "AccessTokens" AS a
WHERE NOT (a."IsRevoked")
2026-06-05 21:35:31.442 +00:00 [INF] Executing ObjectResult, writing value of type 'System.Collections.Generic.List`1[[API.Models.AccessToken, API, Version=1.0.0.0, Culture=neutral, PublicKeyToken=null]]'.
2026-06-05 21:35:31.442 +00:00 [INF] Executing ObjectResult, writing value of type 'System.Collections.Generic.List`1[[API.Models.AccessToken, API, Version=1.0.0.0, Culture=neutral, PublicKeyToken=null]]'.
2026-06-05 21:35:31.443 +00:00 [INF] Executed action API.Controllers.TokenController.GetAccessTokens (API) in 4.7347ms
2026-06-05 21:35:31.443 +00:00 [INF] Executed action API.Controllers.TokenController.GetAccessTokens (API) in 4.7695ms
2026-06-05 21:35:31.443 +00:00 [INF] Executed endpoint 'API.Controllers.TokenController.GetAccessTokens (API)'
2026-06-05 21:35:31.444 +00:00 [INF] Executed endpoint 'API.Controllers.TokenController.GetAccessTokens (API)'
2026-06-05 21:35:31.444 +00:00 [INF] Request finished HTTP/1.1 GET http://192.168.1.6:8080/api/token/access-tokens?page=1&limit=10 - 200 null application/json; charset=utf-8 17.2963ms
2026-06-05 21:35:31.444 +00:00 [INF] Request finished HTTP/1.1 GET http://192.168.1.6:8080/api/token/access-tokens - 499 null application/json; charset=utf-8 17.3819ms
2026-06-05 21:35:31.446 +00:00 [INF] Request starting HTTP/1.1 GET http://192.168.1.6:8080/api/token/access-tokens - null null
2026-06-05 21:35:31.446 +00:00 [INF] CORS policy execution successful.
2026-06-05 21:35:31.446 +00:00 [INF] ====== OnMessageReceived START ======
2026-06-05 21:35:31.446 +00:00 [INF] Available cookies: 2
2026-06-05 21:35:31.447 +00:00 [INF] Cookie: adminToken = 844 chars
2026-06-05 21:35:31.447 +00:00 [INF] Cookie: adminRefreshToken = 44 chars
2026-06-05 21:35:31.447 +00:00 [INF] Request starting HTTP/1.1 GET http://192.168.1.6:8080/api/token/access-tokens?page=1&limit=10 - null null
2026-06-05 21:35:31.447 +00:00 [INF] Admin token found in cookies, length: 844
2026-06-05 21:35:31.447 +00:00 [INF] CORS policy execution successful.
2026-06-05 21:35:31.447 +00:00 [INF] Admin token set in context
2026-06-05 21:35:31.447 +00:00 [INF] ====== OnMessageReceived START ======
2026-06-05 21:35:31.447 +00:00 [INF] ====== OnMessageReceived END - Token set: true ======
2026-06-05 21:35:31.448 +00:00 [INF] Available cookies: 2
2026-06-05 21:35:31.448 +00:00 [INF] Cookie: adminToken = 844 chars
2026-06-05 21:35:31.448 +00:00 [INF] Token validated successfully for user: lengyelnorbi
2026-06-05 21:35:31.448 +00:00 [INF] Device fingerprint headers - UA: Mozilla/5.0 (Windows NT 10.0; Win64; x64; rv:151.0) Gecko/20100101 Firefox/151.0, Accept: application/json, text/plain, */*, Encoding: gzip, deflate
2026-06-05 21:35:31.448 +00:00 [INF] Cookie: adminRefreshToken = 44 chars
2026-06-05 21:35:31.449 +00:00 [INF] Device fingerprint validation: Stored=/a2uf4z8rcBIhIr7KGbd6aahMr80Bhj+9uyLiYNZ66A=, Current=/a2uf4z8rcBIhIr7KGbd6aahMr80Bhj+9uyLiYNZ66A=
2026-06-05 21:35:31.450 +00:00 [INF] Admin token found in cookies, length: 844
2026-06-05 21:35:31.450 +00:00 [INF] Admin token set in context
2026-06-05 21:35:31.450 +00:00 [INF] ====== OnMessageReceived END - Token set: true ======
2026-06-05 21:35:31.450 +00:00 [INF] Token validated successfully for user: lengyelnorbi
2026-06-05 21:35:31.450 +00:00 [INF] Device fingerprint headers - UA: Mozilla/5.0 (Windows NT 10.0; Win64; x64; rv:151.0) Gecko/20100101 Firefox/151.0, Accept: application/json, text/plain, */*, Encoding: gzip, deflate
2026-06-05 21:35:31.451 +00:00 [INF] Device fingerprint validation: Stored=/a2uf4z8rcBIhIr7KGbd6aahMr80Bhj+9uyLiYNZ66A=, Current=/a2uf4z8rcBIhIr7KGbd6aahMr80Bhj+9uyLiYNZ66A=
2026-06-05 21:35:31.452 +00:00 [INF] Executed DbCommand (1ms) [Parameters=[@__jti_0='?', @__userId_1='?' (DbType = Int32)], CommandType='"Text"', CommandTimeout='30']
SELECT a."ID", a."CreatedAt", a."DeviceFingerprint", a."ExpiresAt", a."IpAddress", a."IsRevoked", a."UserID", a.jti
FROM "AccessTokens" AS a
WHERE a.jti = @__jti_0 AND a."UserID" = @__userId_1 AND NOT (a."IsRevoked") AND a."ExpiresAt" > now()
LIMIT 1
2026-06-05 21:35:31.452 +00:00 [INF] Executing endpoint 'API.Controllers.TokenController.GetAccessTokens (API)'
2026-06-05 21:35:31.452 +00:00 [INF] Executed DbCommand (1ms) [Parameters=[@__jti_0='?', @__userId_1='?' (DbType = Int32)], CommandType='"Text"', CommandTimeout='30']
SELECT a."ID", a."CreatedAt", a."DeviceFingerprint", a."ExpiresAt", a."IpAddress", a."IsRevoked", a."UserID", a.jti
FROM "AccessTokens" AS a
WHERE a.jti = @__jti_0 AND a."UserID" = @__userId_1 AND NOT (a."IsRevoked") AND a."ExpiresAt" > now()
LIMIT 1
2026-06-05 21:35:31.452 +00:00 [INF] Route matched with {action = "GetAccessTokens", controller = "Token"}. Executing controller action with signature System.Threading.Tasks.Task`1[System.Collections.Generic.IEnumerable`1[API.Models.AccessToken]] GetAccessTokens() on controller API.Controllers.TokenController (API).
2026-06-05 21:35:31.453 +00:00 [INF] Executing endpoint 'API.Controllers.TokenController.GetAccessTokens (API)'
2026-06-05 21:35:31.453 +00:00 [INF] Route matched with {action = "GetAccessTokens", controller = "Token"}. Executing controller action with signature System.Threading.Tasks.Task`1[System.Collections.Generic.IEnumerable`1[API.Models.AccessToken]] GetAccessTokens() on controller API.Controllers.TokenController (API).
2026-06-05 21:35:31.454 +00:00 [INF] Executed DbCommand (1ms) [Parameters=[], CommandType='"Text"', CommandTimeout='30']
SELECT a."ID", a."CreatedAt", a."DeviceFingerprint", a."ExpiresAt", a."IpAddress", a."IsRevoked", a."UserID", a.jti
FROM "AccessTokens" AS a
WHERE NOT (a."IsRevoked")
2026-06-05 21:35:31.454 +00:00 [INF] Executed DbCommand (1ms) [Parameters=[], CommandType='"Text"', CommandTimeout='30']
SELECT a."ID", a."CreatedAt", a."DeviceFingerprint", a."ExpiresAt", a."IpAddress", a."IsRevoked", a."UserID", a.jti
FROM "AccessTokens" AS a
WHERE NOT (a."IsRevoked")
2026-06-05 21:35:31.455 +00:00 [INF] Executing ObjectResult, writing value of type 'System.Collections.Generic.List`1[[API.Models.AccessToken, API, Version=1.0.0.0, Culture=neutral, PublicKeyToken=null]]'.
2026-06-05 21:35:31.455 +00:00 [INF] Executing ObjectResult, writing value of type 'System.Collections.Generic.List`1[[API.Models.AccessToken, API, Version=1.0.0.0, Culture=neutral, PublicKeyToken=null]]'.
2026-06-05 21:35:31.456 +00:00 [INF] Executed action API.Controllers.TokenController.GetAccessTokens (API) in 2.8427ms
2026-06-05 21:35:31.456 +00:00 [INF] Executed endpoint 'API.Controllers.TokenController.GetAccessTokens (API)'
2026-06-05 21:35:31.456 +00:00 [INF] Executed action API.Controllers.TokenController.GetAccessTokens (API) in 2.7783ms
2026-06-05 21:35:31.456 +00:00 [INF] Request finished HTTP/1.1 GET http://192.168.1.6:8080/api/token/access-tokens - 200 null application/json; charset=utf-8 10.6701ms
2026-06-05 21:35:31.456 +00:00 [INF] Executed endpoint 'API.Controllers.TokenController.GetAccessTokens (API)'
2026-06-05 21:35:31.457 +00:00 [INF] Request finished HTTP/1.1 GET http://192.168.1.6:8080/api/token/access-tokens?page=1&limit=10 - 200 null application/json; charset=utf-8 9.8936ms
2026-06-05 21:41:01.500 +00:00 [INF] Request starting HTTP/1.1 GET http://192.168.1.6:8080/api/music - null null
2026-06-05 21:41:01.500 +00:00 [INF] Request starting HTTP/1.1 GET http://192.168.1.6:8080/api/music?page=1&limit=10 - null null
2026-06-05 21:41:01.501 +00:00 [INF] ====== OnMessageReceived START ======
2026-06-05 21:41:01.501 +00:00 [INF] ====== OnMessageReceived START ======
2026-06-05 21:41:01.501 +00:00 [INF] Available cookies: 0
2026-06-05 21:41:01.501 +00:00 [INF] Available cookies: 0
2026-06-05 21:41:01.501 +00:00 [WRN] NO TOKEN FOUND IN COOKIES!
2026-06-05 21:41:01.502 +00:00 [WRN] NO TOKEN FOUND IN COOKIES!
2026-06-05 21:41:01.502 +00:00 [INF] ====== OnMessageReceived END - Token set: false ======
2026-06-05 21:41:01.502 +00:00 [INF] ====== OnMessageReceived END - Token set: false ======
2026-06-05 21:41:01.502 +00:00 [INF] Executing endpoint 'API.Controllers.MusicController.Get (API)'
2026-06-05 21:41:01.502 +00:00 [INF] Executing endpoint 'API.Controllers.MusicController.Get (API)'
2026-06-05 21:41:01.505 +00:00 [INF] Route matched with {action = "Get", controller = "Music"}. Executing controller action with signature System.Threading.Tasks.Task`1[System.Collections.Generic.IEnumerable`1[API.Models.Music]] Get() on controller API.Controllers.MusicController (API).
2026-06-05 21:41:01.505 +00:00 [INF] Route matched with {action = "Get", controller = "Music"}. Executing controller action with signature System.Threading.Tasks.Task`1[System.Collections.Generic.IEnumerable`1[API.Models.Music]] Get() on controller API.Controllers.MusicController (API).
2026-06-05 21:41:01.507 +00:00 [INF] Fetching music data from database...
2026-06-05 21:41:01.507 +00:00 [INF] Fetching music data from database...
2026-06-05 21:41:01.523 +00:00 [INF] Executed DbCommand (2ms) [Parameters=[], CommandType='"Text"', CommandTimeout='30']
SELECT m."ID", m."AddedAt", m."File_id", m."Title"
FROM "Musics" AS m
2026-06-05 21:41:01.523 +00:00 [INF] Executed DbCommand (2ms) [Parameters=[], CommandType='"Text"', CommandTimeout='30']
SELECT m."ID", m."AddedAt", m."File_id", m."Title"
FROM "Musics" AS m
2026-06-05 21:41:01.530 +00:00 [INF] Fetched 3 music records.
2026-06-05 21:41:01.530 +00:00 [INF] Fetched 3 music records.
2026-06-05 21:41:01.530 +00:00 [INF] Executing ObjectResult, writing value of type 'System.Collections.Generic.List`1[[API.Models.Music, API, Version=1.0.0.0, Culture=neutral, PublicKeyToken=null]]'.
2026-06-05 21:41:01.530 +00:00 [INF] Executing ObjectResult, writing value of type 'System.Collections.Generic.List`1[[API.Models.Music, API, Version=1.0.0.0, Culture=neutral, PublicKeyToken=null]]'.
2026-06-05 21:41:01.532 +00:00 [INF] Executed action API.Controllers.MusicController.Get (API) in 26.6305ms
2026-06-05 21:41:01.532 +00:00 [INF] Executed action API.Controllers.MusicController.Get (API) in 26.4884ms
2026-06-05 21:41:01.532 +00:00 [INF] Executed endpoint 'API.Controllers.MusicController.Get (API)'
2026-06-05 21:41:01.533 +00:00 [INF] Executed endpoint 'API.Controllers.MusicController.Get (API)'
2026-06-05 21:41:01.533 +00:00 [INF] Request finished HTTP/1.1 GET http://192.168.1.6:8080/api/music - 200 null application/json; charset=utf-8 32.7764ms
2026-06-05 21:41:01.533 +00:00 [INF] Request finished HTTP/1.1 GET http://192.168.1.6:8080/api/music?page=1&limit=10 - 200 null application/json; charset=utf-8 32.897ms
2026-06-05 21:41:01.567 +00:00 [INF] Request starting HTTP/1.1 GET http://192.168.1.6:8080/api/music?page=1&limit=10 - null null
2026-06-05 21:41:01.567 +00:00 [INF] ====== OnMessageReceived START ======
2026-06-05 21:41:01.568 +00:00 [INF] Available cookies: 0
2026-06-05 21:41:01.568 +00:00 [WRN] NO TOKEN FOUND IN COOKIES!
2026-06-05 21:41:01.568 +00:00 [INF] Request starting HTTP/1.1 GET http://192.168.1.6:8080/api/music - null null
2026-06-05 21:41:01.568 +00:00 [INF] ====== OnMessageReceived END - Token set: false ======
2026-06-05 21:41:01.568 +00:00 [INF] ====== OnMessageReceived START ======
2026-06-05 21:41:01.568 +00:00 [INF] Executing endpoint 'API.Controllers.MusicController.Get (API)'
2026-06-05 21:41:01.569 +00:00 [INF] Available cookies: 0
2026-06-05 21:41:01.569 +00:00 [INF] Route matched with {action = "Get", controller = "Music"}. Executing controller action with signature System.Threading.Tasks.Task`1[System.Collections.Generic.IEnumerable`1[API.Models.Music]] Get() on controller API.Controllers.MusicController (API).
2026-06-05 21:41:01.569 +00:00 [WRN] NO TOKEN FOUND IN COOKIES!
2026-06-05 21:41:01.569 +00:00 [INF] ====== OnMessageReceived END - Token set: false ======
2026-06-05 21:41:01.569 +00:00 [INF] Executing endpoint 'API.Controllers.MusicController.Get (API)'
2026-06-05 21:41:01.569 +00:00 [INF] Route matched with {action = "Get", controller = "Music"}. Executing controller action with signature System.Threading.Tasks.Task`1[System.Collections.Generic.IEnumerable`1[API.Models.Music]] Get() on controller API.Controllers.MusicController (API).
2026-06-05 21:41:01.570 +00:00 [INF] Fetching music data from database...
2026-06-05 21:41:01.570 +00:00 [INF] Fetching music data from database...
2026-06-05 21:41:01.571 +00:00 [INF] Executed DbCommand (1ms) [Parameters=[], CommandType='"Text"', CommandTimeout='30']
SELECT m."ID", m."AddedAt", m."File_id", m."Title"
FROM "Musics" AS m
2026-06-05 21:41:01.571 +00:00 [INF] Executed DbCommand (1ms) [Parameters=[], CommandType='"Text"', CommandTimeout='30']
SELECT m."ID", m."AddedAt", m."File_id", m."Title"
FROM "Musics" AS m
2026-06-05 21:41:01.572 +00:00 [INF] Fetched 3 music records.
2026-06-05 21:41:01.572 +00:00 [INF] Fetched 3 music records.
2026-06-05 21:41:01.572 +00:00 [INF] Executing ObjectResult, writing value of type 'System.Collections.Generic.List`1[[API.Models.Music, API, Version=1.0.0.0, Culture=neutral, PublicKeyToken=null]]'.
2026-06-05 21:41:01.572 +00:00 [INF] Executing ObjectResult, writing value of type 'System.Collections.Generic.List`1[[API.Models.Music, API, Version=1.0.0.0, Culture=neutral, PublicKeyToken=null]]'.
2026-06-05 21:41:01.572 +00:00 [INF] Executed action API.Controllers.MusicController.Get (API) in 3.4245ms
2026-06-05 21:41:01.573 +00:00 [INF] Executed action API.Controllers.MusicController.Get (API) in 2.9198ms
2026-06-05 21:41:01.573 +00:00 [INF] Executed endpoint 'API.Controllers.MusicController.Get (API)'
2026-06-05 21:41:01.573 +00:00 [INF] Executed endpoint 'API.Controllers.MusicController.Get (API)'
2026-06-05 21:41:01.573 +00:00 [INF] Request finished HTTP/1.1 GET http://192.168.1.6:8080/api/music?page=1&limit=10 - 200 null application/json; charset=utf-8 5.9576ms
2026-06-05 21:41:01.573 +00:00 [INF] Request finished HTTP/1.1 GET http://192.168.1.6:8080/api/music - 200 null application/json; charset=utf-8 5.2061ms
2026-06-05 21:41:15.267 +00:00 [INF] Request starting HTTP/1.1 OPTIONS http://192.168.1.6:8080/api/auth - null null
2026-06-05 21:41:15.268 +00:00 [INF] CORS policy execution failed.
2026-06-05 21:41:15.268 +00:00 [INF] Request origin http://localhost:52000 does not have permission to access the resource.
2026-06-05 21:41:15.269 +00:00 [INF] Request finished HTTP/1.1 OPTIONS http://192.168.1.6:8080/api/auth - 204 null null 1.778ms
2026-06-05 21:42:29.448 +00:00 [INF] Request starting HTTP/1.1 OPTIONS http://192.168.1.6:8080/api/auth - null null
2026-06-05 21:42:29.448 +00:00 [INF] CORS policy execution successful.
2026-06-05 21:42:29.449 +00:00 [INF] Request finished HTTP/1.1 OPTIONS http://192.168.1.6:8080/api/auth - 204 null null 1.1046ms
2026-06-05 21:42:29.452 +00:00 [INF] Request starting HTTP/1.1 POST http://192.168.1.6:8080/api/auth - application/json 74
2026-06-05 21:42:29.452 +00:00 [INF] CORS policy execution successful.
2026-06-05 21:42:29.456 +00:00 [INF] ====== OnMessageReceived START ======
2026-06-05 21:42:29.456 +00:00 [INF] Available cookies: 1
2026-06-05 21:42:29.456 +00:00 [INF] Cookie: adminRefreshToken = 44 chars
2026-06-05 21:42:29.456 +00:00 [WRN] NO TOKEN FOUND IN COOKIES!
2026-06-05 21:42:29.457 +00:00 [INF] ====== OnMessageReceived END - Token set: false ======
2026-06-05 21:42:29.457 +00:00 [INF] Executing endpoint 'API.Controllers.AuthController.Authenticate (API)'
2026-06-05 21:42:29.457 +00:00 [INF] Route matched with {action = "Authenticate", controller = "Auth"}. Executing controller action with signature System.Threading.Tasks.Task`1[Microsoft.AspNetCore.Mvc.IActionResult] Authenticate(API.Models.RequestModels.LoginRequest) on controller API.Controllers.AuthController (API).
2026-06-05 21:42:29.459 +00:00 [INF] Authentication attempt for email: lengyelnorbi5@gmail.com
2026-06-05 21:42:29.459 +00:00 [INF] Fetching user by email from database...
2026-06-05 21:42:29.463 +00:00 [INF] Executed DbCommand (3ms) [Parameters=[@__email_0='?'], CommandType='"Text"', CommandTimeout='30']
SELECT u."ID", u."Email", u."PasswordHash", u."RegisteredAt", u."Role", u."Username"
FROM "Users" AS u
WHERE u."Email" = @__email_0
LIMIT 1
2026-06-05 21:42:29.464 +00:00 [INF] Mozilla/5.0 (Windows NT 10.0; Win64; x64; rv:151.0) Gecko/20100101 Firefox/151.0
2026-06-05 21:42:29.464 +00:00 [INF] Fetching user by email from database...
2026-06-05 21:42:29.466 +00:00 [INF] Executed DbCommand (2ms) [Parameters=[@__email_0='?'], CommandType='"Text"', CommandTimeout='30']
SELECT u."ID", u."Email", u."PasswordHash", u."RegisteredAt", u."Role", u."Username"
FROM "Users" AS u
WHERE u."Email" = @__email_0
LIMIT 1
2026-06-05 21:42:29.655 +00:00 [INF] Password verification completed: Valid
2026-06-05 21:42:29.660 +00:00 [INF] Executed DbCommand (4ms) [Parameters=[@p0='?' (DbType = DateTime), @p1='?', @p2='?' (DbType = DateTime), @p3='?', @p4='?' (DbType = Int32), @p5='?'], CommandType='"Text"', CommandTimeout='30']
INSERT INTO "AccessTokens" ("CreatedAt", "DeviceFingerprint", "ExpiresAt", "IpAddress", "UserID", jti)
VALUES (@p0, @p1, @p2, @p3, @p4, @p5)
RETURNING "ID", "IsRevoked";
2026-06-05 21:42:29.664 +00:00 [INF] Executed DbCommand (2ms) [Parameters=[@p0='?' (DbType = DateTime), @p1='?', @p2='?' (DbType = DateTime), @p3='?', @p4='?', @p5='?' (DbType = Int32)], CommandType='"Text"', CommandTimeout='30']
INSERT INTO "RefreshTokens" ("CreatedAt", "DeviceFingerprint", "ExpiresAt", "IpAddress", "TokenHash", "UserID")
VALUES (@p0, @p1, @p2, @p3, @p4, @p5)
RETURNING "ID", "IsRevoked";
2026-06-05 21:42:29.664 +00:00 [INF] Admin user lengyelnorbi5@gmail.com authenticated successfully from admin panel at "2026-06-05T21:42:29.6645041Z"
2026-06-05 21:42:29.664 +00:00 [INF] --------------------------------------------------------------------
2026-06-05 21:42:29.664 +00:00 [INF] eyJhbGciOiJIUzI1NiIsInR5cCI6IkpXVCJ9.eyJodHRwOi8vc2NoZW1hcy54bWxzb2FwLm9yZy93cy8yMDA1LzA1L2lkZW50aXR5L2NsYWltcy9uYW1laWRlbnRpZmllciI6IjEiLCJodHRwOi8vc2NoZW1hcy54bWxzb2FwLm9yZy93cy8yMDA1LzA1L2lkZW50aXR5L2NsYWltcy9lbWFpbGFkZHJlc3MiOiJsZW5neWVsbm9yYmk1QGdtYWlsLmNvbSIsImh0dHA6Ly9zY2hlbWFzLnhtbHNvYXAub3JnL3dzLzIwMDUvMDUvaWRlbnRpdHkvY2xhaW1zL25hbWUiOiJsZW5neWVsbm9yYmkiLCJqdGkiOiJlNDk3YzIwZi0xY2I3LTQ4YTItOTI0Yy0xZTNhN2NjYTIzZGMiLCJpYXQiOjE3ODA2OTU3NDksImV4cCI6MTc4MDY5NjA0OSwiaHR0cDovL3NjaGVtYXMubWljcm9zb2Z0LmNvbS93cy8yMDA4LzA2L2lkZW50aXR5L2NsYWltcy9yb2xlIjoiQWRtaW4iLCJTb3VyY2UiOiJhZG1pbiIsIkRldmljZUlkIjoiL2EydWY0ejhyY0JJaElyN0tHYmQ2YWFoTXI4MEJoais5dXlMaVlOWjY2QT0iLCJJUEFkZHJlc3MiOiI6OmZmZmY6MTcyLjIwLjAuMSIsIlRva2VuVmVyc2lvbiI6IjEiLCJpc3MiOiJNdXNpY1BsYXllckFQSSIsImF1ZCI6Ik11c2ljUGxheWVyQ2xpZW50In0.pVWssh5lCaECe4t_327v9fVAZuTssCHEhTegX1bu490
2026-06-05 21:42:29.665 +00:00 [INF] 3DnzIitkFOkXSdOaLNChJFuOLu9hHx6ZCmlWjH5xILE=
2026-06-05 21:42:29.665 +00:00 [INF] Source: admin
2026-06-05 21:42:29.665 +00:00 [INF] Access Token expires at: "2026-06-05T21:47:29.6556677Z"
2026-06-05 21:42:29.665 +00:00 [INF] Refresh Token expires at: "2026-06-06T05:42:29.6613527Z"
2026-06-05 21:42:29.665 +00:00 [INF] tokenCookieName: adminToken
2026-06-05 21:42:29.665 +00:00 [INF] refreshTokenCookieName: adminRefreshToken
2026-06-05 21:42:29.665 +00:00 [INF] Refresh token hash stored in cookie: 3DnzIitkFOkXSdOaLNChJFuOLu9hHx6ZCmlWjH5xILE=
2026-06-05 21:42:29.666 +00:00 [INF] --------------------------------------------------------------------
2026-06-05 21:42:29.666 +00:00 [INF] Executing OkObjectResult, writing value of type '<>f__AnonymousType1`4[[System.Boolean, System.Private.CoreLib, Version=9.0.0.0, Culture=neutral, PublicKeyToken=7cec85d7bea7798e],[System.Int32, System.Private.CoreLib, Version=9.0.0.0, Culture=neutral, PublicKeyToken=7cec85d7bea7798e],[System.Int32, System.Private.CoreLib, Version=9.0.0.0, Culture=neutral, PublicKeyToken=7cec85d7bea7798e],[<>f__AnonymousType2`3[[System.Int32, System.Private.CoreLib, Version=9.0.0.0, Culture=neutral, PublicKeyToken=7cec85d7bea7798e],[System.String, System.Private.CoreLib, Version=9.0.0.0, Culture=neutral, PublicKeyToken=7cec85d7bea7798e],[System.String, System.Private.CoreLib, Version=9.0.0.0, Culture=neutral, PublicKeyToken=7cec85d7bea7798e]], API, Version=1.0.0.0, Culture=neutral, PublicKeyToken=null]]'.
2026-06-05 21:42:29.666 +00:00 [INF] Executed action API.Controllers.AuthController.Authenticate (API) in 208.9898ms
2026-06-05 21:42:29.666 +00:00 [INF] Executed endpoint 'API.Controllers.AuthController.Authenticate (API)'
2026-06-05 21:42:29.667 +00:00 [INF] Request finished HTTP/1.1 POST http://192.168.1.6:8080/api/auth - 200 null application/json; charset=utf-8 215.009ms
2026-06-05 21:42:31.034 +00:00 [INF] Request starting HTTP/1.1 GET http://192.168.1.6:8080/api/token/access-token?page=1&limit=10 - null null
2026-06-05 21:42:31.035 +00:00 [INF] CORS policy execution successful.
2026-06-05 21:42:31.035 +00:00 [INF] ====== OnMessageReceived START ======
2026-06-05 21:42:31.035 +00:00 [INF] Available cookies: 2
2026-06-05 21:42:31.036 +00:00 [INF] Cookie: adminRefreshToken = 44 chars
2026-06-05 21:42:31.036 +00:00 [INF] Cookie: adminToken = 844 chars
2026-06-05 21:42:31.036 +00:00 [INF] Admin token found in cookies, length: 844
2026-06-05 21:42:31.036 +00:00 [INF] Admin token set in context
2026-06-05 21:42:31.036 +00:00 [INF] ====== OnMessageReceived END - Token set: true ======
2026-06-05 21:42:31.037 +00:00 [INF] Token validated successfully for user: lengyelnorbi
2026-06-05 21:42:31.037 +00:00 [INF] Device fingerprint headers - UA: Mozilla/5.0 (Windows NT 10.0; Win64; x64; rv:151.0) Gecko/20100101 Firefox/151.0, Accept: application/json, text/plain, */*, Encoding: gzip, deflate
2026-06-05 21:42:31.037 +00:00 [INF] Device fingerprint validation: Stored=/a2uf4z8rcBIhIr7KGbd6aahMr80Bhj+9uyLiYNZ66A=, Current=/a2uf4z8rcBIhIr7KGbd6aahMr80Bhj+9uyLiYNZ66A=
2026-06-05 21:42:31.037 +00:00 [INF] Request starting HTTP/1.1 GET http://192.168.1.6:8080/api/token/access-token - null null
2026-06-05 21:42:31.038 +00:00 [INF] CORS policy execution successful.
2026-06-05 21:42:31.038 +00:00 [INF] ====== OnMessageReceived START ======
2026-06-05 21:42:31.038 +00:00 [INF] Available cookies: 2
2026-06-05 21:42:31.038 +00:00 [INF] Cookie: adminRefreshToken = 44 chars
2026-06-05 21:42:31.039 +00:00 [INF] Cookie: adminToken = 844 chars
2026-06-05 21:42:31.039 +00:00 [INF] Admin token found in cookies, length: 844
2026-06-05 21:42:31.039 +00:00 [INF] Admin token set in context
2026-06-05 21:42:31.039 +00:00 [INF] ====== OnMessageReceived END - Token set: true ======
2026-06-05 21:42:31.040 +00:00 [INF] Token validated successfully for user: lengyelnorbi
2026-06-05 21:42:31.040 +00:00 [INF] Device fingerprint headers - UA: Mozilla/5.0 (Windows NT 10.0; Win64; x64; rv:151.0) Gecko/20100101 Firefox/151.0, Accept: application/json, text/plain, */*, Encoding: gzip, deflate
2026-06-05 21:42:31.040 +00:00 [INF] Device fingerprint validation: Stored=/a2uf4z8rcBIhIr7KGbd6aahMr80Bhj+9uyLiYNZ66A=, Current=/a2uf4z8rcBIhIr7KGbd6aahMr80Bhj+9uyLiYNZ66A=
2026-06-05 21:42:31.041 +00:00 [INF] Executed DbCommand (2ms) [Parameters=[@__jti_0='?', @__userId_1='?' (DbType = Int32)], CommandType='"Text"', CommandTimeout='30']
SELECT a."ID", a."CreatedAt", a."DeviceFingerprint", a."ExpiresAt", a."IpAddress", a."IsRevoked", a."UserID", a.jti
FROM "AccessTokens" AS a
WHERE a.jti = @__jti_0 AND a."UserID" = @__userId_1 AND NOT (a."IsRevoked") AND a."ExpiresAt" > now()
LIMIT 1
2026-06-05 21:42:31.041 +00:00 [INF] Request finished HTTP/1.1 GET http://192.168.1.6:8080/api/token/access-token?page=1&limit=10 - 404 0 null 6.9903ms
2026-06-05 21:42:31.042 +00:00 [INF] Request reached the end of the middleware pipeline without being handled by application code. Request path: GET http://192.168.1.6:8080/api/token/access-token, Response status code: 404
2026-06-05 21:42:31.043 +00:00 [INF] Executed DbCommand (2ms) [Parameters=[@__jti_0='?', @__userId_1='?' (DbType = Int32)], CommandType='"Text"', CommandTimeout='30']
SELECT a."ID", a."CreatedAt", a."DeviceFingerprint", a."ExpiresAt", a."IpAddress", a."IsRevoked", a."UserID", a.jti
FROM "AccessTokens" AS a
WHERE a.jti = @__jti_0 AND a."UserID" = @__userId_1 AND NOT (a."IsRevoked") AND a."ExpiresAt" > now()
LIMIT 1
2026-06-05 21:42:31.043 +00:00 [INF] Request finished HTTP/1.1 GET http://192.168.1.6:8080/api/token/access-token - 404 0 null 5.6215ms
2026-06-05 21:42:31.043 +00:00 [INF] Request reached the end of the middleware pipeline without being handled by application code. Request path: GET http://192.168.1.6:8080/api/token/access-token, Response status code: 404
2026-06-05 21:42:31.056 +00:00 [INF] Request starting HTTP/1.1 GET http://192.168.1.6:8080/api/token/access-token?page=1&limit=10 - null null
2026-06-05 21:42:31.056 +00:00 [INF] CORS policy execution successful.
2026-06-05 21:42:31.056 +00:00 [INF] ====== OnMessageReceived START ======
2026-06-05 21:42:31.057 +00:00 [INF] Available cookies: 2
2026-06-05 21:42:31.057 +00:00 [INF] Cookie: adminRefreshToken = 44 chars
2026-06-05 21:42:31.057 +00:00 [INF] Cookie: adminToken = 844 chars
2026-06-05 21:42:31.057 +00:00 [INF] Request starting HTTP/1.1 GET http://192.168.1.6:8080/api/token/access-token - null null
2026-06-05 21:42:31.057 +00:00 [INF] Admin token found in cookies, length: 844
2026-06-05 21:42:31.058 +00:00 [INF] CORS policy execution successful.
2026-06-05 21:42:31.058 +00:00 [INF] Admin token set in context
2026-06-05 21:42:31.058 +00:00 [INF] ====== OnMessageReceived START ======
2026-06-05 21:42:31.058 +00:00 [INF] ====== OnMessageReceived END - Token set: true ======
2026-06-05 21:42:31.058 +00:00 [INF] Available cookies: 2
2026-06-05 21:42:31.059 +00:00 [INF] Cookie: adminRefreshToken = 44 chars
2026-06-05 21:42:31.059 +00:00 [INF] Token validated successfully for user: lengyelnorbi
2026-06-05 21:42:31.059 +00:00 [INF] Cookie: adminToken = 844 chars
2026-06-05 21:42:31.059 +00:00 [INF] Device fingerprint headers - UA: Mozilla/5.0 (Windows NT 10.0; Win64; x64; rv:151.0) Gecko/20100101 Firefox/151.0, Accept: application/json, text/plain, */*, Encoding: gzip, deflate
2026-06-05 21:42:31.059 +00:00 [INF] Admin token found in cookies, length: 844
2026-06-05 21:42:31.059 +00:00 [INF] Device fingerprint validation: Stored=/a2uf4z8rcBIhIr7KGbd6aahMr80Bhj+9uyLiYNZ66A=, Current=/a2uf4z8rcBIhIr7KGbd6aahMr80Bhj+9uyLiYNZ66A=
2026-06-05 21:42:31.059 +00:00 [INF] Admin token set in context
2026-06-05 21:42:31.060 +00:00 [INF] ====== OnMessageReceived END - Token set: true ======
2026-06-05 21:42:31.060 +00:00 [INF] Token validated successfully for user: lengyelnorbi
2026-06-05 21:42:31.060 +00:00 [INF] Device fingerprint headers - UA: Mozilla/5.0 (Windows NT 10.0; Win64; x64; rv:151.0) Gecko/20100101 Firefox/151.0, Accept: application/json, text/plain, */*, Encoding: gzip, deflate
2026-06-05 21:42:31.060 +00:00 [INF] Device fingerprint validation: Stored=/a2uf4z8rcBIhIr7KGbd6aahMr80Bhj+9uyLiYNZ66A=, Current=/a2uf4z8rcBIhIr7KGbd6aahMr80Bhj+9uyLiYNZ66A=
2026-06-05 21:42:31.062 +00:00 [INF] Executed DbCommand (1ms) [Parameters=[@__jti_0='?', @__userId_1='?' (DbType = Int32)], CommandType='"Text"', CommandTimeout='30']
SELECT a."ID", a."CreatedAt", a."DeviceFingerprint", a."ExpiresAt", a."IpAddress", a."IsRevoked", a."UserID", a.jti
FROM "AccessTokens" AS a
WHERE a.jti = @__jti_0 AND a."UserID" = @__userId_1 AND NOT (a."IsRevoked") AND a."ExpiresAt" > now()
LIMIT 1
2026-06-05 21:42:31.062 +00:00 [INF] Request finished HTTP/1.1 GET http://192.168.1.6:8080/api/token/access-token?page=1&limit=10 - 404 0 null 6.0571ms
2026-06-05 21:42:31.062 +00:00 [INF] Request reached the end of the middleware pipeline without being handled by application code. Request path: GET http://192.168.1.6:8080/api/token/access-token, Response status code: 404
2026-06-05 21:42:31.062 +00:00 [INF] Executed DbCommand (1ms) [Parameters=[@__jti_0='?', @__userId_1='?' (DbType = Int32)], CommandType='"Text"', CommandTimeout='30']
SELECT a."ID", a."CreatedAt", a."DeviceFingerprint", a."ExpiresAt", a."IpAddress", a."IsRevoked", a."UserID", a.jti
FROM "AccessTokens" AS a
WHERE a.jti = @__jti_0 AND a."UserID" = @__userId_1 AND NOT (a."IsRevoked") AND a."ExpiresAt" > now()
LIMIT 1
2026-06-05 21:42:31.063 +00:00 [INF] Request finished HTTP/1.1 GET http://192.168.1.6:8080/api/token/access-token - 404 0 null 5.3717ms
2026-06-05 21:42:31.063 +00:00 [INF] Request reached the end of the middleware pipeline without being handled by application code. Request path: GET http://192.168.1.6:8080/api/token/access-token, Response status code: 404
2026-06-05 21:43:46.865 +00:00 [INF] Application is shutting down...
2026-06-05 21:43:47.645 +00:00 [WRN] Storing keys in a directory '/home/app/.aspnet/DataProtection-Keys' that may not be persisted outside of the container. Protected data will be unavailable when container is destroyed. For more information go to https://aka.ms/aspnet/dataprotectionwarning
2026-06-05 21:43:47.669 +00:00 [INF] User profile is available. Using '/home/app/.aspnet/DataProtection-Keys' as key repository; keys will not be encrypted at rest.
2026-06-05 21:43:47.683 +00:00 [INF] Creating key {2725b052-ed87-40d8-a3fd-7cfab4cdc9a7} with creation date 2026-06-05 21:43:47Z, activation date 2026-06-05 21:43:47Z, and expiration date 2026-09-03 21:43:47Z.
2026-06-05 21:43:47.727 +00:00 [WRN] No XML encryptor configured. Key {2725b052-ed87-40d8-a3fd-7cfab4cdc9a7} may be persisted to storage in unencrypted form.
2026-06-05 21:43:47.730 +00:00 [INF] Writing data to file '/home/app/.aspnet/DataProtection-Keys/key-2725b052-ed87-40d8-a3fd-7cfab4cdc9a7.xml'.
2026-06-05 21:43:47.781 +00:00 [INF] Now listening on: http://[::]:8080
2026-06-05 21:43:47.783 +00:00 [INF] Application started. Press Ctrl+C to shut down.
2026-06-05 21:43:47.784 +00:00 [INF] Hosting environment: Development
2026-06-05 21:43:47.784 +00:00 [INF] Content root path: /app
2026-06-05 21:43:49.865 +00:00 [INF] Request starting HTTP/1.1 GET http://192.168.1.6:8080/api/token/access-token?page=1&limit=10 - null null
2026-06-05 21:43:49.865 +00:00 [INF] Request starting HTTP/1.1 GET http://192.168.1.6:8080/api/token/access-token?page=1&limit=10 - null null
2026-06-05 21:43:49.864 +00:00 [INF] Request starting HTTP/1.1 GET http://192.168.1.6:8080/api/token/access-token - null null
2026-06-05 21:43:49.865 +00:00 [INF] Request starting HTTP/1.1 GET http://192.168.1.6:8080/api/token/access-token - null null
2026-06-05 21:43:49.877 +00:00 [WRN] Failed to determine the https port for redirect.
2026-06-05 21:43:49.880 +00:00 [INF] CORS policy execution successful.
2026-06-05 21:43:49.880 +00:00 [INF] CORS policy execution successful.
2026-06-05 21:43:49.880 +00:00 [INF] CORS policy execution successful.
2026-06-05 21:43:49.880 +00:00 [INF] CORS policy execution successful.
2026-06-05 21:43:49.895 +00:00 [INF] ====== OnMessageReceived START ======
2026-06-05 21:43:49.895 +00:00 [INF] ====== OnMessageReceived START ======
2026-06-05 21:43:49.895 +00:00 [INF] ====== OnMessageReceived START ======
2026-06-05 21:43:49.895 +00:00 [INF] ====== OnMessageReceived START ======
2026-06-05 21:43:49.897 +00:00 [INF] Available cookies: 2
2026-06-05 21:43:49.897 +00:00 [INF] Available cookies: 2
2026-06-05 21:43:49.897 +00:00 [INF] Available cookies: 2
2026-06-05 21:43:49.897 +00:00 [INF] Available cookies: 2
2026-06-05 21:43:49.897 +00:00 [INF] Cookie: adminRefreshToken = 44 chars
2026-06-05 21:43:49.897 +00:00 [INF] Cookie: adminRefreshToken = 44 chars
2026-06-05 21:43:49.897 +00:00 [INF] Cookie: adminRefreshToken = 44 chars
2026-06-05 21:43:49.898 +00:00 [INF] Cookie: adminRefreshToken = 44 chars
2026-06-05 21:43:49.898 +00:00 [INF] Cookie: adminToken = 844 chars
2026-06-05 21:43:49.898 +00:00 [INF] Cookie: adminToken = 844 chars
2026-06-05 21:43:49.898 +00:00 [INF] Cookie: adminToken = 844 chars
2026-06-05 21:43:49.898 +00:00 [INF] Cookie: adminToken = 844 chars
2026-06-05 21:43:49.898 +00:00 [INF] Admin token found in cookies, length: 844
2026-06-05 21:43:49.898 +00:00 [INF] Admin token found in cookies, length: 844
2026-06-05 21:43:49.899 +00:00 [INF] Admin token found in cookies, length: 844
2026-06-05 21:43:49.899 +00:00 [INF] Admin token found in cookies, length: 844
2026-06-05 21:43:49.899 +00:00 [INF] Admin token set in context
2026-06-05 21:43:49.899 +00:00 [INF] Admin token set in context
2026-06-05 21:43:49.899 +00:00 [INF] Admin token set in context
2026-06-05 21:43:49.899 +00:00 [INF] Admin token set in context
2026-06-05 21:43:49.900 +00:00 [INF] ====== OnMessageReceived END - Token set: true ======
2026-06-05 21:43:49.900 +00:00 [INF] ====== OnMessageReceived END - Token set: true ======
2026-06-05 21:43:49.900 +00:00 [INF] ====== OnMessageReceived END - Token set: true ======
2026-06-05 21:43:49.900 +00:00 [INF] ====== OnMessageReceived END - Token set: true ======
2026-06-05 21:43:49.934 +00:00 [INF] Token validated successfully for user: lengyelnorbi
2026-06-05 21:43:49.934 +00:00 [INF] Token validated successfully for user: lengyelnorbi
2026-06-05 21:43:49.934 +00:00 [INF] Token validated successfully for user: lengyelnorbi
2026-06-05 21:43:49.934 +00:00 [INF] Token validated successfully for user: lengyelnorbi
2026-06-05 21:43:49.934 +00:00 [INF] Device fingerprint headers - UA: Mozilla/5.0 (Windows NT 10.0; Win64; x64; rv:151.0) Gecko/20100101 Firefox/151.0, Accept: application/json, text/plain, */*, Encoding: gzip, deflate
2026-06-05 21:43:49.934 +00:00 [INF] Device fingerprint headers - UA: Mozilla/5.0 (Windows NT 10.0; Win64; x64; rv:151.0) Gecko/20100101 Firefox/151.0, Accept: application/json, text/plain, */*, Encoding: gzip, deflate
2026-06-05 21:43:49.934 +00:00 [INF] Device fingerprint headers - UA: Mozilla/5.0 (Windows NT 10.0; Win64; x64; rv:151.0) Gecko/20100101 Firefox/151.0, Accept: application/json, text/plain, */*, Encoding: gzip, deflate
2026-06-05 21:43:49.935 +00:00 [INF] Device fingerprint headers - UA: Mozilla/5.0 (Windows NT 10.0; Win64; x64; rv:151.0) Gecko/20100101 Firefox/151.0, Accept: application/json, text/plain, */*, Encoding: gzip, deflate
2026-06-05 21:43:49.935 +00:00 [INF] Device fingerprint validation: Stored=/a2uf4z8rcBIhIr7KGbd6aahMr80Bhj+9uyLiYNZ66A=, Current=/a2uf4z8rcBIhIr7KGbd6aahMr80Bhj+9uyLiYNZ66A=
2026-06-05 21:43:49.935 +00:00 [INF] Device fingerprint validation: Stored=/a2uf4z8rcBIhIr7KGbd6aahMr80Bhj+9uyLiYNZ66A=, Current=/a2uf4z8rcBIhIr7KGbd6aahMr80Bhj+9uyLiYNZ66A=
2026-06-05 21:43:49.935 +00:00 [INF] Device fingerprint validation: Stored=/a2uf4z8rcBIhIr7KGbd6aahMr80Bhj+9uyLiYNZ66A=, Current=/a2uf4z8rcBIhIr7KGbd6aahMr80Bhj+9uyLiYNZ66A=
2026-06-05 21:43:49.935 +00:00 [INF] Device fingerprint validation: Stored=/a2uf4z8rcBIhIr7KGbd6aahMr80Bhj+9uyLiYNZ66A=, Current=/a2uf4z8rcBIhIr7KGbd6aahMr80Bhj+9uyLiYNZ66A=
2026-06-05 21:43:50.623 +00:00 [INF] Executed DbCommand (33ms) [Parameters=[@__jti_0='?', @__userId_1='?' (DbType = Int32)], CommandType='"Text"', CommandTimeout='30']
SELECT a."ID", a."CreatedAt", a."DeviceFingerprint", a."ExpiresAt", a."IpAddress", a."IsRevoked", a."UserID", a.jti
FROM "AccessTokens" AS a
WHERE a.jti = @__jti_0 AND a."UserID" = @__userId_1 AND NOT (a."IsRevoked") AND a."ExpiresAt" > now()
LIMIT 1
2026-06-05 21:43:50.623 +00:00 [INF] Executed DbCommand (33ms) [Parameters=[@__jti_0='?', @__userId_1='?' (DbType = Int32)], CommandType='"Text"', CommandTimeout='30']
SELECT a."ID", a."CreatedAt", a."DeviceFingerprint", a."ExpiresAt", a."IpAddress", a."IsRevoked", a."UserID", a.jti
FROM "AccessTokens" AS a
WHERE a.jti = @__jti_0 AND a."UserID" = @__userId_1 AND NOT (a."IsRevoked") AND a."ExpiresAt" > now()
LIMIT 1
2026-06-05 21:43:50.623 +00:00 [INF] Executed DbCommand (33ms) [Parameters=[@__jti_0='?', @__userId_1='?' (DbType = Int32)], CommandType='"Text"', CommandTimeout='30']
SELECT a."ID", a."CreatedAt", a."DeviceFingerprint", a."ExpiresAt", a."IpAddress", a."IsRevoked", a."UserID", a.jti
FROM "AccessTokens" AS a
WHERE a.jti = @__jti_0 AND a."UserID" = @__userId_1 AND NOT (a."IsRevoked") AND a."ExpiresAt" > now()
LIMIT 1
2026-06-05 21:43:50.623 +00:00 [INF] Executed DbCommand (33ms) [Parameters=[@__jti_0='?', @__userId_1='?' (DbType = Int32)], CommandType='"Text"', CommandTimeout='30']
SELECT a."ID", a."CreatedAt", a."DeviceFingerprint", a."ExpiresAt", a."IpAddress", a."IsRevoked", a."UserID", a.jti
FROM "AccessTokens" AS a
WHERE a.jti = @__jti_0 AND a."UserID" = @__userId_1 AND NOT (a."IsRevoked") AND a."ExpiresAt" > now()
LIMIT 1
2026-06-05 21:43:50.681 +00:00 [INF] Executing endpoint 'API.Controllers.TokenController.GetAccessTokens (API)'
2026-06-05 21:43:50.681 +00:00 [INF] Executing endpoint 'API.Controllers.TokenController.GetAccessTokens (API)'
2026-06-05 21:43:50.681 +00:00 [INF] Executing endpoint 'API.Controllers.TokenController.GetAccessTokens (API)'
2026-06-05 21:43:50.681 +00:00 [INF] Executing endpoint 'API.Controllers.TokenController.GetAccessTokens (API)'
2026-06-05 21:43:50.691 +00:00 [INF] Route matched with {action = "GetAccessTokens", controller = "Token"}. Executing controller action with signature System.Threading.Tasks.Task`1[System.Collections.Generic.IEnumerable`1[API.Models.AccessToken]] GetAccessTokens() on controller API.Controllers.TokenController (API).
2026-06-05 21:43:50.691 +00:00 [INF] Route matched with {action = "GetAccessTokens", controller = "Token"}. Executing controller action with signature System.Threading.Tasks.Task`1[System.Collections.Generic.IEnumerable`1[API.Models.AccessToken]] GetAccessTokens() on controller API.Controllers.TokenController (API).
2026-06-05 21:43:50.691 +00:00 [INF] Route matched with {action = "GetAccessTokens", controller = "Token"}. Executing controller action with signature System.Threading.Tasks.Task`1[System.Collections.Generic.IEnumerable`1[API.Models.AccessToken]] GetAccessTokens() on controller API.Controllers.TokenController (API).
2026-06-05 21:43:50.691 +00:00 [INF] Route matched with {action = "GetAccessTokens", controller = "Token"}. Executing controller action with signature System.Threading.Tasks.Task`1[System.Collections.Generic.IEnumerable`1[API.Models.AccessToken]] GetAccessTokens() on controller API.Controllers.TokenController (API).
2026-06-05 21:43:50.701 +00:00 [INF] Executed DbCommand (3ms) [Parameters=[], CommandType='"Text"', CommandTimeout='30']
SELECT a."ID", a."CreatedAt", a."DeviceFingerprint", a."ExpiresAt", a."IpAddress", a."IsRevoked", a."UserID", a.jti
FROM "AccessTokens" AS a
WHERE NOT (a."IsRevoked")
2026-06-05 21:43:50.701 +00:00 [INF] Executed DbCommand (3ms) [Parameters=[], CommandType='"Text"', CommandTimeout='30']
SELECT a."ID", a."CreatedAt", a."DeviceFingerprint", a."ExpiresAt", a."IpAddress", a."IsRevoked", a."UserID", a.jti
FROM "AccessTokens" AS a
WHERE NOT (a."IsRevoked")
2026-06-05 21:43:50.701 +00:00 [INF] Executed DbCommand (4ms) [Parameters=[], CommandType='"Text"', CommandTimeout='30']
SELECT a."ID", a."CreatedAt", a."DeviceFingerprint", a."ExpiresAt", a."IpAddress", a."IsRevoked", a."UserID", a.jti
FROM "AccessTokens" AS a
WHERE NOT (a."IsRevoked")
2026-06-05 21:43:50.701 +00:00 [INF] Executed DbCommand (4ms) [Parameters=[], CommandType='"Text"', CommandTimeout='30']
SELECT a."ID", a."CreatedAt", a."DeviceFingerprint", a."ExpiresAt", a."IpAddress", a."IsRevoked", a."UserID", a.jti
FROM "AccessTokens" AS a
WHERE NOT (a."IsRevoked")
2026-06-05 21:43:50.710 +00:00 [INF] Executing ObjectResult, writing value of type 'System.Collections.Generic.List`1[[API.Models.AccessToken, API, Version=1.0.0.0, Culture=neutral, PublicKeyToken=null]]'.
2026-06-05 21:43:50.710 +00:00 [INF] Executing ObjectResult, writing value of type 'System.Collections.Generic.List`1[[API.Models.AccessToken, API, Version=1.0.0.0, Culture=neutral, PublicKeyToken=null]]'.
2026-06-05 21:43:50.710 +00:00 [INF] Executing ObjectResult, writing value of type 'System.Collections.Generic.List`1[[API.Models.AccessToken, API, Version=1.0.0.0, Culture=neutral, PublicKeyToken=null]]'.
2026-06-05 21:43:50.710 +00:00 [INF] Executing ObjectResult, writing value of type 'System.Collections.Generic.List`1[[API.Models.AccessToken, API, Version=1.0.0.0, Culture=neutral, PublicKeyToken=null]]'.
2026-06-05 21:43:50.747 +00:00 [INF] Executed action API.Controllers.TokenController.GetAccessTokens (API) in 54.3912ms
2026-06-05 21:43:50.747 +00:00 [INF] Executed action API.Controllers.TokenController.GetAccessTokens (API) in 55.8991ms
2026-06-05 21:43:50.747 +00:00 [INF] Executed action API.Controllers.TokenController.GetAccessTokens (API) in 55.7409ms
2026-06-05 21:43:50.747 +00:00 [INF] Executed action API.Controllers.TokenController.GetAccessTokens (API) in 56.0995ms
2026-06-05 21:43:50.750 +00:00 [INF] Executed endpoint 'API.Controllers.TokenController.GetAccessTokens (API)'
2026-06-05 21:43:50.750 +00:00 [INF] Executed endpoint 'API.Controllers.TokenController.GetAccessTokens (API)'
2026-06-05 21:43:50.751 +00:00 [INF] Executed endpoint 'API.Controllers.TokenController.GetAccessTokens (API)'
2026-06-05 21:43:50.751 +00:00 [INF] Executed endpoint 'API.Controllers.TokenController.GetAccessTokens (API)'
2026-06-05 21:43:50.756 +00:00 [INF] Request finished HTTP/1.1 GET http://192.168.1.6:8080/api/token/access-token?page=1&limit=10 - 200 null application/json; charset=utf-8 893.2039ms
2026-06-05 21:43:50.756 +00:00 [INF] Request finished HTTP/1.1 GET http://192.168.1.6:8080/api/token/access-token - 200 null application/json; charset=utf-8 893.1755ms
2026-06-05 21:43:50.756 +00:00 [INF] Request finished HTTP/1.1 GET http://192.168.1.6:8080/api/token/access-token - 499 null application/json; charset=utf-8 893.1746ms
2026-06-05 21:43:50.756 +00:00 [INF] Request finished HTTP/1.1 GET http://192.168.1.6:8080/api/token/access-token?page=1&limit=10 - 200 null application/json; charset=utf-8 893.1798ms
2026-06-05 21:44:03.919 +00:00 [INF] Request starting HTTP/1.1 GET http://192.168.1.6:8080/api/token/access-token?page=1&limit=10 - null null
2026-06-05 21:44:03.921 +00:00 [INF] CORS policy execution successful.
2026-06-05 21:44:03.922 +00:00 [INF] ====== OnMessageReceived START ======
2026-06-05 21:44:03.923 +00:00 [INF] Available cookies: 2
2026-06-05 21:44:03.923 +00:00 [INF] Cookie: adminRefreshToken = 44 chars
2026-06-05 21:44:03.923 +00:00 [INF] Cookie: adminToken = 844 chars
2026-06-05 21:44:03.923 +00:00 [INF] Admin token found in cookies, length: 844
2026-06-05 21:44:03.924 +00:00 [INF] Admin token set in context
2026-06-05 21:44:03.924 +00:00 [INF] ====== OnMessageReceived END - Token set: true ======
2026-06-05 21:44:03.924 +00:00 [INF] Request starting HTTP/1.1 GET http://192.168.1.6:8080/api/token/access-token?page=2&limit=10 - null null
2026-06-05 21:44:03.924 +00:00 [INF] CORS policy execution successful.
2026-06-05 21:44:03.925 +00:00 [INF] ====== OnMessageReceived START ======
2026-06-05 21:44:03.925 +00:00 [INF] Token validated successfully for user: lengyelnorbi
2026-06-05 21:44:03.925 +00:00 [INF] Available cookies: 2
2026-06-05 21:44:03.925 +00:00 [INF] Device fingerprint headers - UA: Mozilla/5.0 (Windows NT 10.0; Win64; x64; rv:151.0) Gecko/20100101 Firefox/151.0, Accept: application/json, text/plain, */*, Encoding: gzip, deflate
2026-06-05 21:44:03.925 +00:00 [INF] Cookie: adminRefreshToken = 44 chars
2026-06-05 21:44:03.925 +00:00 [INF] Cookie: adminToken = 844 chars
2026-06-05 21:44:03.926 +00:00 [INF] Device fingerprint validation: Stored=/a2uf4z8rcBIhIr7KGbd6aahMr80Bhj+9uyLiYNZ66A=, Current=/a2uf4z8rcBIhIr7KGbd6aahMr80Bhj+9uyLiYNZ66A=
2026-06-05 21:44:03.926 +00:00 [INF] Admin token found in cookies, length: 844
2026-06-05 21:44:03.926 +00:00 [INF] Admin token set in context
2026-06-05 21:44:03.926 +00:00 [INF] ====== OnMessageReceived END - Token set: true ======
2026-06-05 21:44:03.926 +00:00 [INF] Token validated successfully for user: lengyelnorbi
2026-06-05 21:44:03.926 +00:00 [INF] Device fingerprint headers - UA: Mozilla/5.0 (Windows NT 10.0; Win64; x64; rv:151.0) Gecko/20100101 Firefox/151.0, Accept: application/json, text/plain, */*, Encoding: gzip, deflate
2026-06-05 21:44:03.927 +00:00 [INF] Device fingerprint validation: Stored=/a2uf4z8rcBIhIr7KGbd6aahMr80Bhj+9uyLiYNZ66A=, Current=/a2uf4z8rcBIhIr7KGbd6aahMr80Bhj+9uyLiYNZ66A=
2026-06-05 21:44:03.932 +00:00 [INF] Request starting HTTP/1.1 GET http://192.168.1.6:8080/api/token/access-token?page=3&limit=10 - null null
2026-06-05 21:44:03.933 +00:00 [INF] CORS policy execution successful.
2026-06-05 21:44:03.933 +00:00 [INF] ====== OnMessageReceived START ======
2026-06-05 21:44:03.933 +00:00 [INF] Available cookies: 2
2026-06-05 21:44:03.933 +00:00 [INF] Cookie: adminRefreshToken = 44 chars
2026-06-05 21:44:03.933 +00:00 [INF] Cookie: adminToken = 844 chars
2026-06-05 21:44:03.934 +00:00 [INF] Admin token found in cookies, length: 844
2026-06-05 21:44:03.934 +00:00 [INF] Admin token set in context
2026-06-05 21:44:03.934 +00:00 [INF] ====== OnMessageReceived END - Token set: true ======
2026-06-05 21:44:03.934 +00:00 [INF] Token validated successfully for user: lengyelnorbi
2026-06-05 21:44:03.934 +00:00 [INF] Device fingerprint headers - UA: Mozilla/5.0 (Windows NT 10.0; Win64; x64; rv:151.0) Gecko/20100101 Firefox/151.0, Accept: application/json, text/plain, */*, Encoding: gzip, deflate
2026-06-05 21:44:03.935 +00:00 [INF] Device fingerprint validation: Stored=/a2uf4z8rcBIhIr7KGbd6aahMr80Bhj+9uyLiYNZ66A=, Current=/a2uf4z8rcBIhIr7KGbd6aahMr80Bhj+9uyLiYNZ66A=
2026-06-05 21:44:03.940 +00:00 [INF] Request starting HTTP/1.1 GET http://192.168.1.6:8080/api/token/access-token?page=4&limit=10 - null null
2026-06-05 21:44:03.940 +00:00 [INF] CORS policy execution successful.
2026-06-05 21:44:03.940 +00:00 [INF] ====== OnMessageReceived START ======
2026-06-05 21:44:03.941 +00:00 [INF] Available cookies: 2
2026-06-05 21:44:03.941 +00:00 [INF] Cookie: adminRefreshToken = 44 chars
2026-06-05 21:44:03.941 +00:00 [INF] Cookie: adminToken = 844 chars
2026-06-05 21:44:03.941 +00:00 [INF] Admin token found in cookies, length: 844
2026-06-05 21:44:03.941 +00:00 [INF] Admin token set in context
2026-06-05 21:44:03.941 +00:00 [INF] ====== OnMessageReceived END - Token set: true ======
2026-06-05 21:44:03.942 +00:00 [INF] Token validated successfully for user: lengyelnorbi
2026-06-05 21:44:03.942 +00:00 [INF] Device fingerprint headers - UA: Mozilla/5.0 (Windows NT 10.0; Win64; x64; rv:151.0) Gecko/20100101 Firefox/151.0, Accept: application/json, text/plain, */*, Encoding: gzip, deflate
2026-06-05 21:44:03.942 +00:00 [INF] Device fingerprint validation: Stored=/a2uf4z8rcBIhIr7KGbd6aahMr80Bhj+9uyLiYNZ66A=, Current=/a2uf4z8rcBIhIr7KGbd6aahMr80Bhj+9uyLiYNZ66A=
2026-06-05 21:44:03.947 +00:00 [INF] Request starting HTTP/1.1 GET http://192.168.1.6:8080/api/token/access-token?page=5&limit=10 - null null
2026-06-05 21:44:03.947 +00:00 [INF] CORS policy execution successful.
2026-06-05 21:44:03.947 +00:00 [INF] ====== OnMessageReceived START ======
2026-06-05 21:44:03.948 +00:00 [INF] Available cookies: 2
2026-06-05 21:44:03.948 +00:00 [INF] Cookie: adminRefreshToken = 44 chars
2026-06-05 21:44:03.948 +00:00 [INF] Cookie: adminToken = 844 chars
2026-06-05 21:44:03.948 +00:00 [INF] Admin token found in cookies, length: 844
2026-06-05 21:44:03.948 +00:00 [INF] Admin token set in context
2026-06-05 21:44:03.949 +00:00 [INF] ====== OnMessageReceived END - Token set: true ======
2026-06-05 21:44:03.949 +00:00 [INF] Token validated successfully for user: lengyelnorbi
2026-06-05 21:44:03.949 +00:00 [INF] Device fingerprint headers - UA: Mozilla/5.0 (Windows NT 10.0; Win64; x64; rv:151.0) Gecko/20100101 Firefox/151.0, Accept: application/json, text/plain, */*, Encoding: gzip, deflate
2026-06-05 21:44:03.949 +00:00 [INF] Device fingerprint validation: Stored=/a2uf4z8rcBIhIr7KGbd6aahMr80Bhj+9uyLiYNZ66A=, Current=/a2uf4z8rcBIhIr7KGbd6aahMr80Bhj+9uyLiYNZ66A=
2026-06-05 21:44:03.953 +00:00 [INF] Request starting HTTP/1.1 GET http://192.168.1.6:8080/api/token/access-token?page=6&limit=10 - null null
2026-06-05 21:44:03.953 +00:00 [INF] CORS policy execution successful.
2026-06-05 21:44:03.954 +00:00 [INF] ====== OnMessageReceived START ======
2026-06-05 21:44:03.954 +00:00 [INF] Available cookies: 2
2026-06-05 21:44:03.954 +00:00 [INF] Cookie: adminRefreshToken = 44 chars
2026-06-05 21:44:03.954 +00:00 [INF] Cookie: adminToken = 844 chars
2026-06-05 21:44:03.954 +00:00 [INF] Admin token found in cookies, length: 844
2026-06-05 21:44:03.955 +00:00 [INF] Admin token set in context
2026-06-05 21:44:03.955 +00:00 [INF] ====== OnMessageReceived END - Token set: true ======
2026-06-05 21:44:03.955 +00:00 [INF] Token validated successfully for user: lengyelnorbi
2026-06-05 21:44:03.956 +00:00 [INF] Device fingerprint headers - UA: Mozilla/5.0 (Windows NT 10.0; Win64; x64; rv:151.0) Gecko/20100101 Firefox/151.0, Accept: application/json, text/plain, */*, Encoding: gzip, deflate
2026-06-05 21:44:03.956 +00:00 [INF] Device fingerprint validation: Stored=/a2uf4z8rcBIhIr7KGbd6aahMr80Bhj+9uyLiYNZ66A=, Current=/a2uf4z8rcBIhIr7KGbd6aahMr80Bhj+9uyLiYNZ66A=
2026-06-05 21:44:03.975 +00:00 [INF] Executed DbCommand (3ms) [Parameters=[@__jti_0='?', @__userId_1='?' (DbType = Int32)], CommandType='"Text"', CommandTimeout='30']
SELECT a."ID", a."CreatedAt", a."DeviceFingerprint", a."ExpiresAt", a."IpAddress", a."IsRevoked", a."UserID", a.jti
FROM "AccessTokens" AS a
WHERE a.jti = @__jti_0 AND a."UserID" = @__userId_1 AND NOT (a."IsRevoked") AND a."ExpiresAt" > now()
LIMIT 1
2026-06-05 21:44:03.975 +00:00 [INF] Executed DbCommand (3ms) [Parameters=[@__jti_0='?', @__userId_1='?' (DbType = Int32)], CommandType='"Text"', CommandTimeout='30']
SELECT a."ID", a."CreatedAt", a."DeviceFingerprint", a."ExpiresAt", a."IpAddress", a."IsRevoked", a."UserID", a.jti
FROM "AccessTokens" AS a
WHERE a.jti = @__jti_0 AND a."UserID" = @__userId_1 AND NOT (a."IsRevoked") AND a."ExpiresAt" > now()
LIMIT 1
2026-06-05 21:44:03.975 +00:00 [INF] Executed DbCommand (3ms) [Parameters=[@__jti_0='?', @__userId_1='?' (DbType = Int32)], CommandType='"Text"', CommandTimeout='30']
SELECT a."ID", a."CreatedAt", a."DeviceFingerprint", a."ExpiresAt", a."IpAddress", a."IsRevoked", a."UserID", a.jti
FROM "AccessTokens" AS a
WHERE a.jti = @__jti_0 AND a."UserID" = @__userId_1 AND NOT (a."IsRevoked") AND a."ExpiresAt" > now()
LIMIT 1
2026-06-05 21:44:03.976 +00:00 [INF] Executed DbCommand (3ms) [Parameters=[@__jti_0='?', @__userId_1='?' (DbType = Int32)], CommandType='"Text"', CommandTimeout='30']
SELECT a."ID", a."CreatedAt", a."DeviceFingerprint", a."ExpiresAt", a."IpAddress", a."IsRevoked", a."UserID", a.jti
FROM "AccessTokens" AS a
WHERE a.jti = @__jti_0 AND a."UserID" = @__userId_1 AND NOT (a."IsRevoked") AND a."ExpiresAt" > now()
LIMIT 1
2026-06-05 21:44:03.976 +00:00 [INF] Executing endpoint 'API.Controllers.TokenController.GetAccessTokens (API)'
2026-06-05 21:44:03.976 +00:00 [INF] Executing endpoint 'API.Controllers.TokenController.GetAccessTokens (API)'
2026-06-05 21:44:03.976 +00:00 [INF] Executing endpoint 'API.Controllers.TokenController.GetAccessTokens (API)'
2026-06-05 21:44:03.976 +00:00 [INF] Executing endpoint 'API.Controllers.TokenController.GetAccessTokens (API)'
2026-06-05 21:44:03.977 +00:00 [INF] Route matched with {action = "GetAccessTokens", controller = "Token"}. Executing controller action with signature System.Threading.Tasks.Task`1[System.Collections.Generic.IEnumerable`1[API.Models.AccessToken]] GetAccessTokens() on controller API.Controllers.TokenController (API).
2026-06-05 21:44:03.977 +00:00 [INF] Route matched with {action = "GetAccessTokens", controller = "Token"}. Executing controller action with signature System.Threading.Tasks.Task`1[System.Collections.Generic.IEnumerable`1[API.Models.AccessToken]] GetAccessTokens() on controller API.Controllers.TokenController (API).
2026-06-05 21:44:03.977 +00:00 [INF] Route matched with {action = "GetAccessTokens", controller = "Token"}. Executing controller action with signature System.Threading.Tasks.Task`1[System.Collections.Generic.IEnumerable`1[API.Models.AccessToken]] GetAccessTokens() on controller API.Controllers.TokenController (API).
2026-06-05 21:44:03.977 +00:00 [INF] Route matched with {action = "GetAccessTokens", controller = "Token"}. Executing controller action with signature System.Threading.Tasks.Task`1[System.Collections.Generic.IEnumerable`1[API.Models.AccessToken]] GetAccessTokens() on controller API.Controllers.TokenController (API).
2026-06-05 21:44:03.980 +00:00 [INF] Executed DbCommand (2ms) [Parameters=[], CommandType='"Text"', CommandTimeout='30']
SELECT a."ID", a."CreatedAt", a."DeviceFingerprint", a."ExpiresAt", a."IpAddress", a."IsRevoked", a."UserID", a.jti
FROM "AccessTokens" AS a
WHERE NOT (a."IsRevoked")
2026-06-05 21:44:03.981 +00:00 [INF] Executed DbCommand (2ms) [Parameters=[], CommandType='"Text"', CommandTimeout='30']
SELECT a."ID", a."CreatedAt", a."DeviceFingerprint", a."ExpiresAt", a."IpAddress", a."IsRevoked", a."UserID", a.jti
FROM "AccessTokens" AS a
WHERE NOT (a."IsRevoked")
2026-06-05 21:44:03.981 +00:00 [INF] Executed DbCommand (2ms) [Parameters=[], CommandType='"Text"', CommandTimeout='30']
SELECT a."ID", a."CreatedAt", a."DeviceFingerprint", a."ExpiresAt", a."IpAddress", a."IsRevoked", a."UserID", a.jti
FROM "AccessTokens" AS a
WHERE NOT (a."IsRevoked")
2026-06-05 21:44:03.981 +00:00 [INF] Executed DbCommand (2ms) [Parameters=[], CommandType='"Text"', CommandTimeout='30']
SELECT a."ID", a."CreatedAt", a."DeviceFingerprint", a."ExpiresAt", a."IpAddress", a."IsRevoked", a."UserID", a.jti
FROM "AccessTokens" AS a
WHERE NOT (a."IsRevoked")
2026-06-05 21:44:03.983 +00:00 [INF] Executing ObjectResult, writing value of type 'System.Collections.Generic.List`1[[API.Models.AccessToken, API, Version=1.0.0.0, Culture=neutral, PublicKeyToken=null]]'.
2026-06-05 21:44:03.984 +00:00 [INF] Executing ObjectResult, writing value of type 'System.Collections.Generic.List`1[[API.Models.AccessToken, API, Version=1.0.0.0, Culture=neutral, PublicKeyToken=null]]'.
2026-06-05 21:44:03.984 +00:00 [INF] Executed action API.Controllers.TokenController.GetAccessTokens (API) in 6.6251ms
2026-06-05 21:44:03.984 +00:00 [INF] Executing ObjectResult, writing value of type 'System.Collections.Generic.List`1[[API.Models.AccessToken, API, Version=1.0.0.0, Culture=neutral, PublicKeyToken=null]]'.
2026-06-05 21:44:03.985 +00:00 [INF] Executed endpoint 'API.Controllers.TokenController.GetAccessTokens (API)'
2026-06-05 21:44:03.985 +00:00 [INF] Executed action API.Controllers.TokenController.GetAccessTokens (API) in 7.0898ms
2026-06-05 21:44:03.985 +00:00 [INF] Request finished HTTP/1.1 GET http://192.168.1.6:8080/api/token/access-token?page=5&limit=10 - 200 null application/json; charset=utf-8 38.7082ms
2026-06-05 21:44:03.985 +00:00 [INF] Executing ObjectResult, writing value of type 'System.Collections.Generic.List`1[[API.Models.AccessToken, API, Version=1.0.0.0, Culture=neutral, PublicKeyToken=null]]'.
2026-06-05 21:44:03.985 +00:00 [INF] Executed action API.Controllers.TokenController.GetAccessTokens (API) in 7.6066ms
2026-06-05 21:44:03.987 +00:00 [INF] Executed action API.Controllers.TokenController.GetAccessTokens (API) in 9.383ms
2026-06-05 21:44:03.987 +00:00 [INF] Executed endpoint 'API.Controllers.TokenController.GetAccessTokens (API)'
2026-06-05 21:44:03.986 +00:00 [INF] Executed endpoint 'API.Controllers.TokenController.GetAccessTokens (API)'
2026-06-05 21:44:03.988 +00:00 [INF] Request finished HTTP/1.1 GET http://192.168.1.6:8080/api/token/access-token?page=6&limit=10 - 200 null application/json; charset=utf-8 34.4135ms
2026-06-05 21:44:03.987 +00:00 [INF] Executed endpoint 'API.Controllers.TokenController.GetAccessTokens (API)'
2026-06-05 21:44:03.987 +00:00 [INF] Request starting HTTP/1.1 GET http://192.168.1.6:8080/api/token/access-token?page=7&limit=10 - null null
2026-06-05 21:44:03.988 +00:00 [INF] Request finished HTTP/1.1 GET http://192.168.1.6:8080/api/token/access-token?page=2&limit=10 - 200 null application/json; charset=utf-8 63.4419ms
2026-06-05 21:44:03.988 +00:00 [INF] Request finished HTTP/1.1 GET http://192.168.1.6:8080/api/token/access-token?page=1&limit=10 - 200 null application/json; charset=utf-8 69.088ms
2026-06-05 21:44:03.988 +00:00 [INF] CORS policy execution successful.
2026-06-05 21:44:03.989 +00:00 [INF] ====== OnMessageReceived START ======
2026-06-05 21:44:03.989 +00:00 [INF] Available cookies: 2
2026-06-05 21:44:03.989 +00:00 [INF] Executed DbCommand (4ms) [Parameters=[@__jti_0='?', @__userId_1='?' (DbType = Int32)], CommandType='"Text"', CommandTimeout='30']
SELECT a."ID", a."CreatedAt", a."DeviceFingerprint", a."ExpiresAt", a."IpAddress", a."IsRevoked", a."UserID", a.jti
FROM "AccessTokens" AS a
WHERE a.jti = @__jti_0 AND a."UserID" = @__userId_1 AND NOT (a."IsRevoked") AND a."ExpiresAt" > now()
LIMIT 1
2026-06-05 21:44:03.989 +00:00 [INF] Cookie: adminRefreshToken = 44 chars
2026-06-05 21:44:03.990 +00:00 [INF] Cookie: adminToken = 844 chars
2026-06-05 21:44:03.990 +00:00 [INF] Executing endpoint 'API.Controllers.TokenController.GetAccessTokens (API)'
2026-06-05 21:44:03.990 +00:00 [INF] Admin token found in cookies, length: 844
2026-06-05 21:44:03.990 +00:00 [INF] Route matched with {action = "GetAccessTokens", controller = "Token"}. Executing controller action with signature System.Threading.Tasks.Task`1[System.Collections.Generic.IEnumerable`1[API.Models.AccessToken]] GetAccessTokens() on controller API.Controllers.TokenController (API).
2026-06-05 21:44:03.990 +00:00 [INF] Executed DbCommand (3ms) [Parameters=[@__jti_0='?', @__userId_1='?' (DbType = Int32)], CommandType='"Text"', CommandTimeout='30']
SELECT a."ID", a."CreatedAt", a."DeviceFingerprint", a."ExpiresAt", a."IpAddress", a."IsRevoked", a."UserID", a.jti
FROM "AccessTokens" AS a
WHERE a.jti = @__jti_0 AND a."UserID" = @__userId_1 AND NOT (a."IsRevoked") AND a."ExpiresAt" > now()
LIMIT 1
2026-06-05 21:44:03.990 +00:00 [INF] Admin token set in context
2026-06-05 21:44:03.991 +00:00 [INF] ====== OnMessageReceived END - Token set: true ======
2026-06-05 21:44:03.991 +00:00 [INF] Executing endpoint 'API.Controllers.TokenController.GetAccessTokens (API)'
2026-06-05 21:44:03.991 +00:00 [INF] Route matched with {action = "GetAccessTokens", controller = "Token"}. Executing controller action with signature System.Threading.Tasks.Task`1[System.Collections.Generic.IEnumerable`1[API.Models.AccessToken]] GetAccessTokens() on controller API.Controllers.TokenController (API).
2026-06-05 21:44:03.991 +00:00 [INF] Token validated successfully for user: lengyelnorbi
2026-06-05 21:44:03.991 +00:00 [INF] Device fingerprint headers - UA: Mozilla/5.0 (Windows NT 10.0; Win64; x64; rv:151.0) Gecko/20100101 Firefox/151.0, Accept: application/json, text/plain, */*, Encoding: gzip, deflate
2026-06-05 21:44:03.992 +00:00 [INF] Device fingerprint validation: Stored=/a2uf4z8rcBIhIr7KGbd6aahMr80Bhj+9uyLiYNZ66A=, Current=/a2uf4z8rcBIhIr7KGbd6aahMr80Bhj+9uyLiYNZ66A=
2026-06-05 21:44:03.992 +00:00 [INF] Executed DbCommand (1ms) [Parameters=[], CommandType='"Text"', CommandTimeout='30']
SELECT a."ID", a."CreatedAt", a."DeviceFingerprint", a."ExpiresAt", a."IpAddress", a."IsRevoked", a."UserID", a.jti
FROM "AccessTokens" AS a
WHERE NOT (a."IsRevoked")
2026-06-05 21:44:03.994 +00:00 [INF] Executed DbCommand (2ms) [Parameters=[], CommandType='"Text"', CommandTimeout='30']
SELECT a."ID", a."CreatedAt", a."DeviceFingerprint", a."ExpiresAt", a."IpAddress", a."IsRevoked", a."UserID", a.jti
FROM "AccessTokens" AS a
WHERE NOT (a."IsRevoked")
2026-06-05 21:44:03.994 +00:00 [INF] Executing ObjectResult, writing value of type 'System.Collections.Generic.List`1[[API.Models.AccessToken, API, Version=1.0.0.0, Culture=neutral, PublicKeyToken=null]]'.
2026-06-05 21:44:03.995 +00:00 [INF] Executing ObjectResult, writing value of type 'System.Collections.Generic.List`1[[API.Models.AccessToken, API, Version=1.0.0.0, Culture=neutral, PublicKeyToken=null]]'.
2026-06-05 21:44:03.995 +00:00 [INF] Executed action API.Controllers.TokenController.GetAccessTokens (API) in 4.4672ms
2026-06-05 21:44:03.995 +00:00 [INF] Executed DbCommand (1ms) [Parameters=[@__jti_0='?', @__userId_1='?' (DbType = Int32)], CommandType='"Text"', CommandTimeout='30']
SELECT a."ID", a."CreatedAt", a."DeviceFingerprint", a."ExpiresAt", a."IpAddress", a."IsRevoked", a."UserID", a.jti
FROM "AccessTokens" AS a
WHERE a.jti = @__jti_0 AND a."UserID" = @__userId_1 AND NOT (a."IsRevoked") AND a."ExpiresAt" > now()
LIMIT 1
2026-06-05 21:44:03.995 +00:00 [INF] Executed action API.Controllers.TokenController.GetAccessTokens (API) in 4.129ms
2026-06-05 21:44:03.995 +00:00 [INF] Executed endpoint 'API.Controllers.TokenController.GetAccessTokens (API)'
2026-06-05 21:44:03.996 +00:00 [INF] Executing endpoint 'API.Controllers.TokenController.GetAccessTokens (API)'
2026-06-05 21:44:03.996 +00:00 [INF] Executed endpoint 'API.Controllers.TokenController.GetAccessTokens (API)'
2026-06-05 21:44:03.996 +00:00 [INF] Request finished HTTP/1.1 GET http://192.168.1.6:8080/api/token/access-token?page=4&limit=10 - 200 null application/json; charset=utf-8 56.1837ms
2026-06-05 21:44:03.996 +00:00 [INF] Request finished HTTP/1.1 GET http://192.168.1.6:8080/api/token/access-token?page=3&limit=10 - 200 null application/json; charset=utf-8 63.9873ms
2026-06-05 21:44:03.996 +00:00 [INF] Route matched with {action = "GetAccessTokens", controller = "Token"}. Executing controller action with signature System.Threading.Tasks.Task`1[System.Collections.Generic.IEnumerable`1[API.Models.AccessToken]] GetAccessTokens() on controller API.Controllers.TokenController (API).
2026-06-05 21:44:03.997 +00:00 [INF] Request starting HTTP/1.1 GET http://192.168.1.6:8080/api/token/access-token?page=8&limit=10 - null null
2026-06-05 21:44:03.997 +00:00 [INF] CORS policy execution successful.
2026-06-05 21:44:03.997 +00:00 [INF] ====== OnMessageReceived START ======
2026-06-05 21:44:03.998 +00:00 [INF] Available cookies: 2
2026-06-05 21:44:03.998 +00:00 [INF] Cookie: adminRefreshToken = 44 chars
2026-06-05 21:44:03.998 +00:00 [INF] Cookie: adminToken = 844 chars
2026-06-05 21:44:03.998 +00:00 [INF] Executed DbCommand (1ms) [Parameters=[], CommandType='"Text"', CommandTimeout='30']
SELECT a."ID", a."CreatedAt", a."DeviceFingerprint", a."ExpiresAt", a."IpAddress", a."IsRevoked", a."UserID", a.jti
FROM "AccessTokens" AS a
WHERE NOT (a."IsRevoked")
2026-06-05 21:44:03.998 +00:00 [INF] Admin token found in cookies, length: 844
2026-06-05 21:44:03.999 +00:00 [INF] Admin token set in context
2026-06-05 21:44:03.999 +00:00 [INF] ====== OnMessageReceived END - Token set: true ======
2026-06-05 21:44:03.999 +00:00 [INF] Token validated successfully for user: lengyelnorbi
2026-06-05 21:44:04.000 +00:00 [INF] Executing ObjectResult, writing value of type 'System.Collections.Generic.List`1[[API.Models.AccessToken, API, Version=1.0.0.0, Culture=neutral, PublicKeyToken=null]]'.
2026-06-05 21:44:04.000 +00:00 [INF] Device fingerprint headers - UA: Mozilla/5.0 (Windows NT 10.0; Win64; x64; rv:151.0) Gecko/20100101 Firefox/151.0, Accept: application/json, text/plain, */*, Encoding: gzip, deflate
2026-06-05 21:44:04.000 +00:00 [INF] Device fingerprint validation: Stored=/a2uf4z8rcBIhIr7KGbd6aahMr80Bhj+9uyLiYNZ66A=, Current=/a2uf4z8rcBIhIr7KGbd6aahMr80Bhj+9uyLiYNZ66A=
2026-06-05 21:44:04.000 +00:00 [INF] Executed action API.Controllers.TokenController.GetAccessTokens (API) in 3.5564ms
2026-06-05 21:44:04.000 +00:00 [INF] Executed endpoint 'API.Controllers.TokenController.GetAccessTokens (API)'
2026-06-05 21:44:04.001 +00:00 [INF] Request finished HTTP/1.1 GET http://192.168.1.6:8080/api/token/access-token?page=7&limit=10 - 200 null application/json; charset=utf-8 14.0961ms
2026-06-05 21:44:04.002 +00:00 [INF] Executed DbCommand (1ms) [Parameters=[@__jti_0='?', @__userId_1='?' (DbType = Int32)], CommandType='"Text"', CommandTimeout='30']
SELECT a."ID", a."CreatedAt", a."DeviceFingerprint", a."ExpiresAt", a."IpAddress", a."IsRevoked", a."UserID", a.jti
FROM "AccessTokens" AS a
WHERE a.jti = @__jti_0 AND a."UserID" = @__userId_1 AND NOT (a."IsRevoked") AND a."ExpiresAt" > now()
LIMIT 1
2026-06-05 21:44:04.003 +00:00 [INF] Executing endpoint 'API.Controllers.TokenController.GetAccessTokens (API)'
2026-06-05 21:44:04.003 +00:00 [INF] Route matched with {action = "GetAccessTokens", controller = "Token"}. Executing controller action with signature System.Threading.Tasks.Task`1[System.Collections.Generic.IEnumerable`1[API.Models.AccessToken]] GetAccessTokens() on controller API.Controllers.TokenController (API).
2026-06-05 21:44:04.005 +00:00 [INF] Executed DbCommand (1ms) [Parameters=[], CommandType='"Text"', CommandTimeout='30']
SELECT a."ID", a."CreatedAt", a."DeviceFingerprint", a."ExpiresAt", a."IpAddress", a."IsRevoked", a."UserID", a.jti
FROM "AccessTokens" AS a
WHERE NOT (a."IsRevoked")
2026-06-05 21:44:04.006 +00:00 [INF] Executing ObjectResult, writing value of type 'System.Collections.Generic.List`1[[API.Models.AccessToken, API, Version=1.0.0.0, Culture=neutral, PublicKeyToken=null]]'.
2026-06-05 21:44:04.007 +00:00 [INF] Executed action API.Controllers.TokenController.GetAccessTokens (API) in 3.3747ms
2026-06-05 21:44:04.007 +00:00 [INF] Executed endpoint 'API.Controllers.TokenController.GetAccessTokens (API)'
2026-06-05 21:44:04.007 +00:00 [INF] Request finished HTTP/1.1 GET http://192.168.1.6:8080/api/token/access-token?page=8&limit=10 - 200 null application/json; charset=utf-8 10.1424ms
2026-06-05 21:44:04.013 +00:00 [INF] Request starting HTTP/1.1 GET http://192.168.1.6:8080/api/token/access-token?page=9&limit=10 - null null
2026-06-05 21:44:04.013 +00:00 [INF] Request starting HTTP/1.1 GET http://192.168.1.6:8080/api/token/access-token?page=10&limit=10 - null null
2026-06-05 21:44:04.013 +00:00 [INF] CORS policy execution successful.
2026-06-05 21:44:04.014 +00:00 [INF] CORS policy execution successful.
2026-06-05 21:44:04.014 +00:00 [INF] ====== OnMessageReceived START ======
2026-06-05 21:44:04.014 +00:00 [INF] ====== OnMessageReceived START ======
2026-06-05 21:44:04.014 +00:00 [INF] Available cookies: 2
2026-06-05 21:44:04.014 +00:00 [INF] Available cookies: 2
2026-06-05 21:44:04.015 +00:00 [INF] Cookie: adminRefreshToken = 44 chars
2026-06-05 21:44:04.015 +00:00 [INF] Cookie: adminRefreshToken = 44 chars
2026-06-05 21:44:04.015 +00:00 [INF] Cookie: adminToken = 844 chars
2026-06-05 21:44:04.015 +00:00 [INF] Cookie: adminToken = 844 chars
2026-06-05 21:44:04.015 +00:00 [INF] Admin token found in cookies, length: 844
2026-06-05 21:44:04.015 +00:00 [INF] Admin token found in cookies, length: 844
2026-06-05 21:44:04.015 +00:00 [INF] Admin token set in context
2026-06-05 21:44:04.016 +00:00 [INF] Admin token set in context
2026-06-05 21:44:04.016 +00:00 [INF] ====== OnMessageReceived END - Token set: true ======
2026-06-05 21:44:04.016 +00:00 [INF] ====== OnMessageReceived END - Token set: true ======
2026-06-05 21:44:04.016 +00:00 [INF] Token validated successfully for user: lengyelnorbi
2026-06-05 21:44:04.016 +00:00 [INF] Token validated successfully for user: lengyelnorbi
2026-06-05 21:44:04.017 +00:00 [INF] Device fingerprint headers - UA: Mozilla/5.0 (Windows NT 10.0; Win64; x64; rv:151.0) Gecko/20100101 Firefox/151.0, Accept: application/json, text/plain, */*, Encoding: gzip, deflate
2026-06-05 21:44:04.017 +00:00 [INF] Device fingerprint headers - UA: Mozilla/5.0 (Windows NT 10.0; Win64; x64; rv:151.0) Gecko/20100101 Firefox/151.0, Accept: application/json, text/plain, */*, Encoding: gzip, deflate
2026-06-05 21:44:04.017 +00:00 [INF] Device fingerprint validation: Stored=/a2uf4z8rcBIhIr7KGbd6aahMr80Bhj+9uyLiYNZ66A=, Current=/a2uf4z8rcBIhIr7KGbd6aahMr80Bhj+9uyLiYNZ66A=
2026-06-05 21:44:04.017 +00:00 [INF] Device fingerprint validation: Stored=/a2uf4z8rcBIhIr7KGbd6aahMr80Bhj+9uyLiYNZ66A=, Current=/a2uf4z8rcBIhIr7KGbd6aahMr80Bhj+9uyLiYNZ66A=
2026-06-05 21:44:04.020 +00:00 [INF] Executed DbCommand (1ms) [Parameters=[@__jti_0='?', @__userId_1='?' (DbType = Int32)], CommandType='"Text"', CommandTimeout='30']
SELECT a."ID", a."CreatedAt", a."DeviceFingerprint", a."ExpiresAt", a."IpAddress", a."IsRevoked", a."UserID", a.jti
FROM "AccessTokens" AS a
WHERE a.jti = @__jti_0 AND a."UserID" = @__userId_1 AND NOT (a."IsRevoked") AND a."ExpiresAt" > now()
LIMIT 1
2026-06-05 21:44:04.020 +00:00 [INF] Executed DbCommand (1ms) [Parameters=[@__jti_0='?', @__userId_1='?' (DbType = Int32)], CommandType='"Text"', CommandTimeout='30']
SELECT a."ID", a."CreatedAt", a."DeviceFingerprint", a."ExpiresAt", a."IpAddress", a."IsRevoked", a."UserID", a.jti
FROM "AccessTokens" AS a
WHERE a.jti = @__jti_0 AND a."UserID" = @__userId_1 AND NOT (a."IsRevoked") AND a."ExpiresAt" > now()
LIMIT 1
2026-06-05 21:44:04.020 +00:00 [INF] Executing endpoint 'API.Controllers.TokenController.GetAccessTokens (API)'
2026-06-05 21:44:04.020 +00:00 [INF] Executing endpoint 'API.Controllers.TokenController.GetAccessTokens (API)'
2026-06-05 21:44:04.020 +00:00 [INF] Route matched with {action = "GetAccessTokens", controller = "Token"}. Executing controller action with signature System.Threading.Tasks.Task`1[System.Collections.Generic.IEnumerable`1[API.Models.AccessToken]] GetAccessTokens() on controller API.Controllers.TokenController (API).
2026-06-05 21:44:04.021 +00:00 [INF] Route matched with {action = "GetAccessTokens", controller = "Token"}. Executing controller action with signature System.Threading.Tasks.Task`1[System.Collections.Generic.IEnumerable`1[API.Models.AccessToken]] GetAccessTokens() on controller API.Controllers.TokenController (API).
2026-06-05 21:44:04.022 +00:00 [INF] Executed DbCommand (1ms) [Parameters=[], CommandType='"Text"', CommandTimeout='30']
SELECT a."ID", a."CreatedAt", a."DeviceFingerprint", a."ExpiresAt", a."IpAddress", a."IsRevoked", a."UserID", a.jti
FROM "AccessTokens" AS a
WHERE NOT (a."IsRevoked")
2026-06-05 21:44:04.022 +00:00 [INF] Executed DbCommand (1ms) [Parameters=[], CommandType='"Text"', CommandTimeout='30']
SELECT a."ID", a."CreatedAt", a."DeviceFingerprint", a."ExpiresAt", a."IpAddress", a."IsRevoked", a."UserID", a.jti
FROM "AccessTokens" AS a
WHERE NOT (a."IsRevoked")
2026-06-05 21:44:04.024 +00:00 [INF] Executing ObjectResult, writing value of type 'System.Collections.Generic.List`1[[API.Models.AccessToken, API, Version=1.0.0.0, Culture=neutral, PublicKeyToken=null]]'.
2026-06-05 21:44:04.024 +00:00 [INF] Executing ObjectResult, writing value of type 'System.Collections.Generic.List`1[[API.Models.AccessToken, API, Version=1.0.0.0, Culture=neutral, PublicKeyToken=null]]'.
2026-06-05 21:44:04.024 +00:00 [INF] Executed action API.Controllers.TokenController.GetAccessTokens (API) in 3.3405ms
2026-06-05 21:44:04.024 +00:00 [INF] Executed action API.Controllers.TokenController.GetAccessTokens (API) in 3.6788ms
2026-06-05 21:44:04.024 +00:00 [INF] Executed endpoint 'API.Controllers.TokenController.GetAccessTokens (API)'
2026-06-05 21:44:04.025 +00:00 [INF] Executed endpoint 'API.Controllers.TokenController.GetAccessTokens (API)'
2026-06-05 21:44:04.025 +00:00 [INF] Request finished HTTP/1.1 GET http://192.168.1.6:8080/api/token/access-token?page=10&limit=10 - 200 null application/json; charset=utf-8 11.5472ms
2026-06-05 21:44:04.025 +00:00 [INF] Request finished HTTP/1.1 GET http://192.168.1.6:8080/api/token/access-token?page=9&limit=10 - 200 null application/json; charset=utf-8 12.0443ms
2026-06-05 21:44:09.581 +00:00 [INF] Request starting HTTP/1.1 GET http://192.168.1.6:8080/api/token/access-token?page=21&limit=10 - null null
2026-06-05 21:44:09.582 +00:00 [INF] CORS policy execution successful.
2026-06-05 21:44:09.582 +00:00 [INF] ====== OnMessageReceived START ======
2026-06-05 21:44:09.582 +00:00 [INF] Available cookies: 2
2026-06-05 21:44:09.582 +00:00 [INF] Cookie: adminRefreshToken = 44 chars
2026-06-05 21:44:09.582 +00:00 [INF] Cookie: adminToken = 844 chars
2026-06-05 21:44:09.583 +00:00 [INF] Admin token found in cookies, length: 844
2026-06-05 21:44:09.583 +00:00 [INF] Admin token set in context
2026-06-05 21:44:09.583 +00:00 [INF] ====== OnMessageReceived END - Token set: true ======
2026-06-05 21:44:09.583 +00:00 [INF] Token validated successfully for user: lengyelnorbi
2026-06-05 21:44:09.583 +00:00 [INF] Device fingerprint headers - UA: Mozilla/5.0 (Windows NT 10.0; Win64; x64; rv:151.0) Gecko/20100101 Firefox/151.0, Accept: application/json, text/plain, */*, Encoding: gzip, deflate
2026-06-05 21:44:09.584 +00:00 [INF] Device fingerprint validation: Stored=/a2uf4z8rcBIhIr7KGbd6aahMr80Bhj+9uyLiYNZ66A=, Current=/a2uf4z8rcBIhIr7KGbd6aahMr80Bhj+9uyLiYNZ66A=
2026-06-05 21:44:09.587 +00:00 [INF] Executed DbCommand (2ms) [Parameters=[@__jti_0='?', @__userId_1='?' (DbType = Int32)], CommandType='"Text"', CommandTimeout='30']
SELECT a."ID", a."CreatedAt", a."DeviceFingerprint", a."ExpiresAt", a."IpAddress", a."IsRevoked", a."UserID", a.jti
FROM "AccessTokens" AS a
WHERE a.jti = @__jti_0 AND a."UserID" = @__userId_1 AND NOT (a."IsRevoked") AND a."ExpiresAt" > now()
LIMIT 1
2026-06-05 21:44:09.587 +00:00 [INF] Executing endpoint 'API.Controllers.TokenController.GetAccessTokens (API)'
2026-06-05 21:44:09.588 +00:00 [INF] Route matched with {action = "GetAccessTokens", controller = "Token"}. Executing controller action with signature System.Threading.Tasks.Task`1[System.Collections.Generic.IEnumerable`1[API.Models.AccessToken]] GetAccessTokens() on controller API.Controllers.TokenController (API).
2026-06-05 21:44:09.589 +00:00 [INF] Request starting HTTP/1.1 GET http://192.168.1.6:8080/api/token/access-token?page=22&limit=10 - null null
2026-06-05 21:44:09.589 +00:00 [INF] Executed DbCommand (1ms) [Parameters=[], CommandType='"Text"', CommandTimeout='30']
SELECT a."ID", a."CreatedAt", a."DeviceFingerprint", a."ExpiresAt", a."IpAddress", a."IsRevoked", a."UserID", a.jti
FROM "AccessTokens" AS a
WHERE NOT (a."IsRevoked")
2026-06-05 21:44:09.590 +00:00 [INF] CORS policy execution successful.
2026-06-05 21:44:09.590 +00:00 [INF] ====== OnMessageReceived START ======
2026-06-05 21:44:09.590 +00:00 [INF] Available cookies: 2
2026-06-05 21:44:09.590 +00:00 [INF] Cookie: adminRefreshToken = 44 chars
2026-06-05 21:44:09.591 +00:00 [INF] Cookie: adminToken = 844 chars
2026-06-05 21:44:09.591 +00:00 [INF] Admin token found in cookies, length: 844
2026-06-05 21:44:09.591 +00:00 [INF] Admin token set in context
2026-06-05 21:44:09.591 +00:00 [INF] ====== OnMessageReceived END - Token set: true ======
2026-06-05 21:44:09.591 +00:00 [INF] Executing ObjectResult, writing value of type 'System.Collections.Generic.List`1[[API.Models.AccessToken, API, Version=1.0.0.0, Culture=neutral, PublicKeyToken=null]]'.
2026-06-05 21:44:09.591 +00:00 [INF] Token validated successfully for user: lengyelnorbi
2026-06-05 21:44:09.592 +00:00 [INF] Device fingerprint headers - UA: Mozilla/5.0 (Windows NT 10.0; Win64; x64; rv:151.0) Gecko/20100101 Firefox/151.0, Accept: application/json, text/plain, */*, Encoding: gzip, deflate
2026-06-05 21:44:09.592 +00:00 [INF] Device fingerprint validation: Stored=/a2uf4z8rcBIhIr7KGbd6aahMr80Bhj+9uyLiYNZ66A=, Current=/a2uf4z8rcBIhIr7KGbd6aahMr80Bhj+9uyLiYNZ66A=
2026-06-05 21:44:09.592 +00:00 [INF] Executed action API.Controllers.TokenController.GetAccessTokens (API) in 4.1552ms
2026-06-05 21:44:09.592 +00:00 [INF] Executed endpoint 'API.Controllers.TokenController.GetAccessTokens (API)'
2026-06-05 21:44:09.592 +00:00 [INF] Request finished HTTP/1.1 GET http://192.168.1.6:8080/api/token/access-token?page=21&limit=10 - 200 null application/json; charset=utf-8 11.2509ms
2026-06-05 21:44:09.594 +00:00 [INF] Executed DbCommand (1ms) [Parameters=[@__jti_0='?', @__userId_1='?' (DbType = Int32)], CommandType='"Text"', CommandTimeout='30']
SELECT a."ID", a."CreatedAt", a."DeviceFingerprint", a."ExpiresAt", a."IpAddress", a."IsRevoked", a."UserID", a.jti
FROM "AccessTokens" AS a
WHERE a.jti = @__jti_0 AND a."UserID" = @__userId_1 AND NOT (a."IsRevoked") AND a."ExpiresAt" > now()
LIMIT 1
2026-06-05 21:44:09.595 +00:00 [INF] Executing endpoint 'API.Controllers.TokenController.GetAccessTokens (API)'
2026-06-05 21:44:09.595 +00:00 [INF] Route matched with {action = "GetAccessTokens", controller = "Token"}. Executing controller action with signature System.Threading.Tasks.Task`1[System.Collections.Generic.IEnumerable`1[API.Models.AccessToken]] GetAccessTokens() on controller API.Controllers.TokenController (API).
2026-06-05 21:44:09.597 +00:00 [INF] Executed DbCommand (1ms) [Parameters=[], CommandType='"Text"', CommandTimeout='30']
SELECT a."ID", a."CreatedAt", a."DeviceFingerprint", a."ExpiresAt", a."IpAddress", a."IsRevoked", a."UserID", a.jti
FROM "AccessTokens" AS a
WHERE NOT (a."IsRevoked")
2026-06-05 21:44:09.598 +00:00 [INF] Executing ObjectResult, writing value of type 'System.Collections.Generic.List`1[[API.Models.AccessToken, API, Version=1.0.0.0, Culture=neutral, PublicKeyToken=null]]'.
2026-06-05 21:44:09.598 +00:00 [INF] Executed action API.Controllers.TokenController.GetAccessTokens (API) in 3.2654ms
2026-06-05 21:44:09.599 +00:00 [INF] Executed endpoint 'API.Controllers.TokenController.GetAccessTokens (API)'
2026-06-05 21:44:09.599 +00:00 [INF] Request finished HTTP/1.1 GET http://192.168.1.6:8080/api/token/access-token?page=22&limit=10 - 200 null application/json; charset=utf-8 9.7963ms
2026-06-05 21:44:09.655 +00:00 [INF] Request starting HTTP/1.1 GET http://192.168.1.6:8080/api/token/access-token?page=23&limit=10 - null null
2026-06-05 21:44:09.656 +00:00 [INF] CORS policy execution successful.
2026-06-05 21:44:09.656 +00:00 [INF] ====== OnMessageReceived START ======
2026-06-05 21:44:09.656 +00:00 [INF] Available cookies: 2
2026-06-05 21:44:09.656 +00:00 [INF] Cookie: adminRefreshToken = 44 chars
2026-06-05 21:44:09.656 +00:00 [INF] Cookie: adminToken = 844 chars
2026-06-05 21:44:09.657 +00:00 [INF] Admin token found in cookies, length: 844
2026-06-05 21:44:09.657 +00:00 [INF] Admin token set in context
2026-06-05 21:44:09.657 +00:00 [INF] ====== OnMessageReceived END - Token set: true ======
2026-06-05 21:44:09.657 +00:00 [INF] Token validated successfully for user: lengyelnorbi
2026-06-05 21:44:09.658 +00:00 [INF] Device fingerprint headers - UA: Mozilla/5.0 (Windows NT 10.0; Win64; x64; rv:151.0) Gecko/20100101 Firefox/151.0, Accept: application/json, text/plain, */*, Encoding: gzip, deflate
2026-06-05 21:44:09.658 +00:00 [INF] Device fingerprint validation: Stored=/a2uf4z8rcBIhIr7KGbd6aahMr80Bhj+9uyLiYNZ66A=, Current=/a2uf4z8rcBIhIr7KGbd6aahMr80Bhj+9uyLiYNZ66A=
2026-06-05 21:44:09.660 +00:00 [INF] Executed DbCommand (2ms) [Parameters=[@__jti_0='?', @__userId_1='?' (DbType = Int32)], CommandType='"Text"', CommandTimeout='30']
SELECT a."ID", a."CreatedAt", a."DeviceFingerprint", a."ExpiresAt", a."IpAddress", a."IsRevoked", a."UserID", a.jti
FROM "AccessTokens" AS a
WHERE a.jti = @__jti_0 AND a."UserID" = @__userId_1 AND NOT (a."IsRevoked") AND a."ExpiresAt" > now()
LIMIT 1
2026-06-05 21:44:09.661 +00:00 [INF] Executing endpoint 'API.Controllers.TokenController.GetAccessTokens (API)'
2026-06-05 21:44:09.661 +00:00 [INF] Route matched with {action = "GetAccessTokens", controller = "Token"}. Executing controller action with signature System.Threading.Tasks.Task`1[System.Collections.Generic.IEnumerable`1[API.Models.AccessToken]] GetAccessTokens() on controller API.Controllers.TokenController (API).
2026-06-05 21:44:09.663 +00:00 [INF] Executed DbCommand (1ms) [Parameters=[], CommandType='"Text"', CommandTimeout='30']
SELECT a."ID", a."CreatedAt", a."DeviceFingerprint", a."ExpiresAt", a."IpAddress", a."IsRevoked", a."UserID", a.jti
FROM "AccessTokens" AS a
WHERE NOT (a."IsRevoked")
2026-06-05 21:44:09.664 +00:00 [INF] Executing ObjectResult, writing value of type 'System.Collections.Generic.List`1[[API.Models.AccessToken, API, Version=1.0.0.0, Culture=neutral, PublicKeyToken=null]]'.
2026-06-05 21:44:09.665 +00:00 [INF] Executed action API.Controllers.TokenController.GetAccessTokens (API) in 3.4527ms
2026-06-05 21:44:09.665 +00:00 [INF] Executed endpoint 'API.Controllers.TokenController.GetAccessTokens (API)'
2026-06-05 21:44:09.665 +00:00 [INF] Request finished HTTP/1.1 GET http://192.168.1.6:8080/api/token/access-token?page=23&limit=10 - 200 null application/json; charset=utf-8 10.0137ms
2026-06-05 21:44:09.667 +00:00 [INF] Request starting HTTP/1.1 GET http://192.168.1.6:8080/api/token/access-token?page=24&limit=10 - null null
2026-06-05 21:44:09.667 +00:00 [INF] CORS policy execution successful.
2026-06-05 21:44:09.667 +00:00 [INF] Request starting HTTP/1.1 GET http://192.168.1.6:8080/api/token/access-token?page=25&limit=10 - null null
2026-06-05 21:44:09.667 +00:00 [INF] ====== OnMessageReceived START ======
2026-06-05 21:44:09.667 +00:00 [INF] Request starting HTTP/1.1 GET http://192.168.1.6:8080/api/token/access-token?page=26&limit=10 - null null
2026-06-05 21:44:09.667 +00:00 [INF] CORS policy execution successful.
2026-06-05 21:44:09.668 +00:00 [INF] Request starting HTTP/1.1 GET http://192.168.1.6:8080/api/token/access-token?page=28&limit=10 - null null
2026-06-05 21:44:09.668 +00:00 [INF] Request starting HTTP/1.1 GET http://192.168.1.6:8080/api/token/access-token?page=27&limit=10 - null null
2026-06-05 21:44:09.668 +00:00 [INF] CORS policy execution successful.
2026-06-05 21:44:09.668 +00:00 [INF] Available cookies: 2
2026-06-05 21:44:09.668 +00:00 [INF] ====== OnMessageReceived START ======
2026-06-05 21:44:09.668 +00:00 [INF] CORS policy execution successful.
2026-06-05 21:44:09.668 +00:00 [INF] CORS policy execution successful.
2026-06-05 21:44:09.669 +00:00 [INF] ====== OnMessageReceived START ======
2026-06-05 21:44:09.669 +00:00 [INF] Cookie: adminRefreshToken = 44 chars
2026-06-05 21:44:09.669 +00:00 [INF] Available cookies: 2
2026-06-05 21:44:09.669 +00:00 [INF] ====== OnMessageReceived START ======
2026-06-05 21:44:09.669 +00:00 [INF] ====== OnMessageReceived START ======
2026-06-05 21:44:09.669 +00:00 [INF] Available cookies: 2
2026-06-05 21:44:09.669 +00:00 [INF] Cookie: adminToken = 844 chars
2026-06-05 21:44:09.670 +00:00 [INF] Cookie: adminRefreshToken = 44 chars
2026-06-05 21:44:09.670 +00:00 [INF] Available cookies: 2
2026-06-05 21:44:09.670 +00:00 [INF] Available cookies: 2
2026-06-05 21:44:09.670 +00:00 [INF] Cookie: adminRefreshToken = 44 chars
2026-06-05 21:44:09.670 +00:00 [INF] Admin token found in cookies, length: 844
2026-06-05 21:44:09.670 +00:00 [INF] Cookie: adminToken = 844 chars
2026-06-05 21:44:09.670 +00:00 [INF] Cookie: adminRefreshToken = 44 chars
2026-06-05 21:44:09.671 +00:00 [INF] Cookie: adminToken = 844 chars
2026-06-05 21:44:09.671 +00:00 [INF] Cookie: adminToken = 844 chars
2026-06-05 21:44:09.671 +00:00 [INF] Admin token set in context
2026-06-05 21:44:09.671 +00:00 [INF] Admin token found in cookies, length: 844
2026-06-05 21:44:09.671 +00:00 [INF] Cookie: adminRefreshToken = 44 chars
2026-06-05 21:44:09.672 +00:00 [INF] Admin token found in cookies, length: 844
2026-06-05 21:44:09.672 +00:00 [INF] Admin token found in cookies, length: 844
2026-06-05 21:44:09.672 +00:00 [INF] ====== OnMessageReceived END - Token set: true ======
2026-06-05 21:44:09.672 +00:00 [INF] Admin token set in context
2026-06-05 21:44:09.672 +00:00 [INF] Cookie: adminToken = 844 chars
2026-06-05 21:44:09.672 +00:00 [INF] Admin token set in context
2026-06-05 21:44:09.672 +00:00 [INF] Admin token set in context
2026-06-05 21:44:09.673 +00:00 [INF] ====== OnMessageReceived END - Token set: true ======
2026-06-05 21:44:09.673 +00:00 [INF] Token validated successfully for user: lengyelnorbi
2026-06-05 21:44:09.673 +00:00 [INF] Admin token found in cookies, length: 844
2026-06-05 21:44:09.673 +00:00 [INF] ====== OnMessageReceived END - Token set: true ======
2026-06-05 21:44:09.673 +00:00 [INF] ====== OnMessageReceived END - Token set: true ======
2026-06-05 21:44:09.674 +00:00 [INF] Token validated successfully for user: lengyelnorbi
2026-06-05 21:44:09.674 +00:00 [INF] Token validated successfully for user: lengyelnorbi
2026-06-05 21:44:09.674 +00:00 [INF] Admin token set in context
2026-06-05 21:44:09.674 +00:00 [INF] Device fingerprint headers - UA: Mozilla/5.0 (Windows NT 10.0; Win64; x64; rv:151.0) Gecko/20100101 Firefox/151.0, Accept: application/json, text/plain, */*, Encoding: gzip, deflate
2026-06-05 21:44:09.674 +00:00 [INF] Token validated successfully for user: lengyelnorbi
2026-06-05 21:44:09.674 +00:00 [INF] Device fingerprint headers - UA: Mozilla/5.0 (Windows NT 10.0; Win64; x64; rv:151.0) Gecko/20100101 Firefox/151.0, Accept: application/json, text/plain, */*, Encoding: gzip, deflate
2026-06-05 21:44:09.674 +00:00 [INF] Device fingerprint headers - UA: Mozilla/5.0 (Windows NT 10.0; Win64; x64; rv:151.0) Gecko/20100101 Firefox/151.0, Accept: application/json, text/plain, */*, Encoding: gzip, deflate
2026-06-05 21:44:09.674 +00:00 [INF] ====== OnMessageReceived END - Token set: true ======
2026-06-05 21:44:09.675 +00:00 [INF] Device fingerprint validation: Stored=/a2uf4z8rcBIhIr7KGbd6aahMr80Bhj+9uyLiYNZ66A=, Current=/a2uf4z8rcBIhIr7KGbd6aahMr80Bhj+9uyLiYNZ66A=
2026-06-05 21:44:09.675 +00:00 [INF] Device fingerprint headers - UA: Mozilla/5.0 (Windows NT 10.0; Win64; x64; rv:151.0) Gecko/20100101 Firefox/151.0, Accept: application/json, text/plain, */*, Encoding: gzip, deflate
2026-06-05 21:44:09.675 +00:00 [INF] Device fingerprint validation: Stored=/a2uf4z8rcBIhIr7KGbd6aahMr80Bhj+9uyLiYNZ66A=, Current=/a2uf4z8rcBIhIr7KGbd6aahMr80Bhj+9uyLiYNZ66A=
2026-06-05 21:44:09.675 +00:00 [INF] Device fingerprint validation: Stored=/a2uf4z8rcBIhIr7KGbd6aahMr80Bhj+9uyLiYNZ66A=, Current=/a2uf4z8rcBIhIr7KGbd6aahMr80Bhj+9uyLiYNZ66A=
2026-06-05 21:44:09.675 +00:00 [INF] Token validated successfully for user: lengyelnorbi
2026-06-05 21:44:09.675 +00:00 [INF] Device fingerprint validation: Stored=/a2uf4z8rcBIhIr7KGbd6aahMr80Bhj+9uyLiYNZ66A=, Current=/a2uf4z8rcBIhIr7KGbd6aahMr80Bhj+9uyLiYNZ66A=
2026-06-05 21:44:09.676 +00:00 [INF] Device fingerprint headers - UA: Mozilla/5.0 (Windows NT 10.0; Win64; x64; rv:151.0) Gecko/20100101 Firefox/151.0, Accept: application/json, text/plain, */*, Encoding: gzip, deflate
2026-06-05 21:44:09.676 +00:00 [INF] Device fingerprint validation: Stored=/a2uf4z8rcBIhIr7KGbd6aahMr80Bhj+9uyLiYNZ66A=, Current=/a2uf4z8rcBIhIr7KGbd6aahMr80Bhj+9uyLiYNZ66A=
2026-06-05 21:44:09.678 +00:00 [INF] Executed DbCommand (1ms) [Parameters=[@__jti_0='?', @__userId_1='?' (DbType = Int32)], CommandType='"Text"', CommandTimeout='30']
SELECT a."ID", a."CreatedAt", a."DeviceFingerprint", a."ExpiresAt", a."IpAddress", a."IsRevoked", a."UserID", a.jti
FROM "AccessTokens" AS a
WHERE a.jti = @__jti_0 AND a."UserID" = @__userId_1 AND NOT (a."IsRevoked") AND a."ExpiresAt" > now()
LIMIT 1
2026-06-05 21:44:09.678 +00:00 [INF] Executed DbCommand (1ms) [Parameters=[@__jti_0='?', @__userId_1='?' (DbType = Int32)], CommandType='"Text"', CommandTimeout='30']
SELECT a."ID", a."CreatedAt", a."DeviceFingerprint", a."ExpiresAt", a."IpAddress", a."IsRevoked", a."UserID", a.jti
FROM "AccessTokens" AS a
WHERE a.jti = @__jti_0 AND a."UserID" = @__userId_1 AND NOT (a."IsRevoked") AND a."ExpiresAt" > now()
LIMIT 1
2026-06-05 21:44:09.678 +00:00 [INF] Executed DbCommand (1ms) [Parameters=[@__jti_0='?', @__userId_1='?' (DbType = Int32)], CommandType='"Text"', CommandTimeout='30']
SELECT a."ID", a."CreatedAt", a."DeviceFingerprint", a."ExpiresAt", a."IpAddress", a."IsRevoked", a."UserID", a.jti
FROM "AccessTokens" AS a
WHERE a.jti = @__jti_0 AND a."UserID" = @__userId_1 AND NOT (a."IsRevoked") AND a."ExpiresAt" > now()
LIMIT 1
2026-06-05 21:44:09.678 +00:00 [INF] Executed DbCommand (2ms) [Parameters=[@__jti_0='?', @__userId_1='?' (DbType = Int32)], CommandType='"Text"', CommandTimeout='30']
SELECT a."ID", a."CreatedAt", a."DeviceFingerprint", a."ExpiresAt", a."IpAddress", a."IsRevoked", a."UserID", a.jti
FROM "AccessTokens" AS a
WHERE a.jti = @__jti_0 AND a."UserID" = @__userId_1 AND NOT (a."IsRevoked") AND a."ExpiresAt" > now()
LIMIT 1
2026-06-05 21:44:09.678 +00:00 [INF] Executing endpoint 'API.Controllers.TokenController.GetAccessTokens (API)'
2026-06-05 21:44:09.679 +00:00 [INF] Executing endpoint 'API.Controllers.TokenController.GetAccessTokens (API)'
2026-06-05 21:44:09.678 +00:00 [INF] Executed DbCommand (1ms) [Parameters=[@__jti_0='?', @__userId_1='?' (DbType = Int32)], CommandType='"Text"', CommandTimeout='30']
SELECT a."ID", a."CreatedAt", a."DeviceFingerprint", a."ExpiresAt", a."IpAddress", a."IsRevoked", a."UserID", a.jti
FROM "AccessTokens" AS a
WHERE a.jti = @__jti_0 AND a."UserID" = @__userId_1 AND NOT (a."IsRevoked") AND a."ExpiresAt" > now()
LIMIT 1
2026-06-05 21:44:09.679 +00:00 [INF] Executing endpoint 'API.Controllers.TokenController.GetAccessTokens (API)'
2026-06-05 21:44:09.678 +00:00 [INF] Executing endpoint 'API.Controllers.TokenController.GetAccessTokens (API)'
2026-06-05 21:44:09.679 +00:00 [INF] Route matched with {action = "GetAccessTokens", controller = "Token"}. Executing controller action with signature System.Threading.Tasks.Task`1[System.Collections.Generic.IEnumerable`1[API.Models.AccessToken]] GetAccessTokens() on controller API.Controllers.TokenController (API).
2026-06-05 21:44:09.679 +00:00 [INF] Route matched with {action = "GetAccessTokens", controller = "Token"}. Executing controller action with signature System.Threading.Tasks.Task`1[System.Collections.Generic.IEnumerable`1[API.Models.AccessToken]] GetAccessTokens() on controller API.Controllers.TokenController (API).
2026-06-05 21:44:09.679 +00:00 [INF] Executing endpoint 'API.Controllers.TokenController.GetAccessTokens (API)'
2026-06-05 21:44:09.679 +00:00 [INF] Route matched with {action = "GetAccessTokens", controller = "Token"}. Executing controller action with signature System.Threading.Tasks.Task`1[System.Collections.Generic.IEnumerable`1[API.Models.AccessToken]] GetAccessTokens() on controller API.Controllers.TokenController (API).
2026-06-05 21:44:09.679 +00:00 [INF] Route matched with {action = "GetAccessTokens", controller = "Token"}. Executing controller action with signature System.Threading.Tasks.Task`1[System.Collections.Generic.IEnumerable`1[API.Models.AccessToken]] GetAccessTokens() on controller API.Controllers.TokenController (API).
2026-06-05 21:44:09.680 +00:00 [INF] Route matched with {action = "GetAccessTokens", controller = "Token"}. Executing controller action with signature System.Threading.Tasks.Task`1[System.Collections.Generic.IEnumerable`1[API.Models.AccessToken]] GetAccessTokens() on controller API.Controllers.TokenController (API).
2026-06-05 21:44:09.681 +00:00 [INF] Executed DbCommand (1ms) [Parameters=[], CommandType='"Text"', CommandTimeout='30']
SELECT a."ID", a."CreatedAt", a."DeviceFingerprint", a."ExpiresAt", a."IpAddress", a."IsRevoked", a."UserID", a.jti
FROM "AccessTokens" AS a
WHERE NOT (a."IsRevoked")
2026-06-05 21:44:09.681 +00:00 [INF] Executed DbCommand (2ms) [Parameters=[], CommandType='"Text"', CommandTimeout='30']
SELECT a."ID", a."CreatedAt", a."DeviceFingerprint", a."ExpiresAt", a."IpAddress", a."IsRevoked", a."UserID", a.jti
FROM "AccessTokens" AS a
WHERE NOT (a."IsRevoked")
2026-06-05 21:44:09.682 +00:00 [INF] Executed DbCommand (2ms) [Parameters=[], CommandType='"Text"', CommandTimeout='30']
SELECT a."ID", a."CreatedAt", a."DeviceFingerprint", a."ExpiresAt", a."IpAddress", a."IsRevoked", a."UserID", a.jti
FROM "AccessTokens" AS a
WHERE NOT (a."IsRevoked")
2026-06-05 21:44:09.682 +00:00 [INF] Executed DbCommand (2ms) [Parameters=[], CommandType='"Text"', CommandTimeout='30']
SELECT a."ID", a."CreatedAt", a."DeviceFingerprint", a."ExpiresAt", a."IpAddress", a."IsRevoked", a."UserID", a.jti
FROM "AccessTokens" AS a
WHERE NOT (a."IsRevoked")
2026-06-05 21:44:09.682 +00:00 [INF] Executed DbCommand (2ms) [Parameters=[], CommandType='"Text"', CommandTimeout='30']
SELECT a."ID", a."CreatedAt", a."DeviceFingerprint", a."ExpiresAt", a."IpAddress", a."IsRevoked", a."UserID", a.jti
FROM "AccessTokens" AS a
WHERE NOT (a."IsRevoked")
2026-06-05 21:44:09.683 +00:00 [INF] Executing ObjectResult, writing value of type 'System.Collections.Generic.List`1[[API.Models.AccessToken, API, Version=1.0.0.0, Culture=neutral, PublicKeyToken=null]]'.
2026-06-05 21:44:09.683 +00:00 [INF] Executing ObjectResult, writing value of type 'System.Collections.Generic.List`1[[API.Models.AccessToken, API, Version=1.0.0.0, Culture=neutral, PublicKeyToken=null]]'.
2026-06-05 21:44:09.684 +00:00 [INF] Executed action API.Controllers.TokenController.GetAccessTokens (API) in 4.0159ms
2026-06-05 21:44:09.684 +00:00 [INF] Executed action API.Controllers.TokenController.GetAccessTokens (API) in 4.3585ms
2026-06-05 21:44:09.684 +00:00 [INF] Executing ObjectResult, writing value of type 'System.Collections.Generic.List`1[[API.Models.AccessToken, API, Version=1.0.0.0, Culture=neutral, PublicKeyToken=null]]'.
2026-06-05 21:44:09.684 +00:00 [INF] Executed endpoint 'API.Controllers.TokenController.GetAccessTokens (API)'
2026-06-05 21:44:09.684 +00:00 [INF] Executed endpoint 'API.Controllers.TokenController.GetAccessTokens (API)'
2026-06-05 21:44:09.684 +00:00 [INF] Executing ObjectResult, writing value of type 'System.Collections.Generic.List`1[[API.Models.AccessToken, API, Version=1.0.0.0, Culture=neutral, PublicKeyToken=null]]'.
2026-06-05 21:44:09.684 +00:00 [INF] Executing ObjectResult, writing value of type 'System.Collections.Generic.List`1[[API.Models.AccessToken, API, Version=1.0.0.0, Culture=neutral, PublicKeyToken=null]]'.
2026-06-05 21:44:09.685 +00:00 [INF] Request finished HTTP/1.1 GET http://192.168.1.6:8080/api/token/access-token?page=24&limit=10 - 200 null application/json; charset=utf-8 17.9473ms
2026-06-05 21:44:09.685 +00:00 [INF] Executed action API.Controllers.TokenController.GetAccessTokens (API) in 4.6513ms
2026-06-05 21:44:09.685 +00:00 [INF] Request finished HTTP/1.1 GET http://192.168.1.6:8080/api/token/access-token?page=25&limit=10 - 200 null application/json; charset=utf-8 17.7092ms
2026-06-05 21:44:09.685 +00:00 [INF] Executed action API.Controllers.TokenController.GetAccessTokens (API) in 4.6311ms
2026-06-05 21:44:09.686 +00:00 [INF] Executed action API.Controllers.TokenController.GetAccessTokens (API) in 5.0407ms
2026-06-05 21:44:09.686 +00:00 [INF] Executed endpoint 'API.Controllers.TokenController.GetAccessTokens (API)'
2026-06-05 21:44:09.686 +00:00 [INF] Executed endpoint 'API.Controllers.TokenController.GetAccessTokens (API)'
2026-06-05 21:44:09.686 +00:00 [INF] Executed endpoint 'API.Controllers.TokenController.GetAccessTokens (API)'
2026-06-05 21:44:09.687 +00:00 [INF] Request finished HTTP/1.1 GET http://192.168.1.6:8080/api/token/access-token?page=26&limit=10 - 200 null application/json; charset=utf-8 19.233ms
2026-06-05 21:44:09.687 +00:00 [INF] Request finished HTTP/1.1 GET http://192.168.1.6:8080/api/token/access-token?page=27&limit=10 - 200 null application/json; charset=utf-8 19.0006ms
2026-06-05 21:44:09.687 +00:00 [INF] Request finished HTTP/1.1 GET http://192.168.1.6:8080/api/token/access-token?page=28&limit=10 - 200 null application/json; charset=utf-8 18.9506ms
2026-06-05 21:44:09.695 +00:00 [INF] Request starting HTTP/1.1 GET http://192.168.1.6:8080/api/token/access-token?page=29&limit=10 - null null
2026-06-05 21:44:09.695 +00:00 [INF] Request starting HTTP/1.1 GET http://192.168.1.6:8080/api/token/access-token?page=31&limit=10 - null null
2026-06-05 21:44:09.695 +00:00 [INF] Request starting HTTP/1.1 GET http://192.168.1.6:8080/api/token/access-token?page=30&limit=10 - null null
2026-06-05 21:44:09.695 +00:00 [INF] CORS policy execution successful.
2026-06-05 21:44:09.696 +00:00 [INF] CORS policy execution successful.
2026-06-05 21:44:09.696 +00:00 [INF] CORS policy execution successful.
2026-06-05 21:44:09.696 +00:00 [INF] Request starting HTTP/1.1 GET http://192.168.1.6:8080/api/token/access-token?page=32&limit=10 - null null
2026-06-05 21:44:09.696 +00:00 [INF] ====== OnMessageReceived START ======
2026-06-05 21:44:09.696 +00:00 [INF] ====== OnMessageReceived START ======
2026-06-05 21:44:09.696 +00:00 [INF] ====== OnMessageReceived START ======
2026-06-05 21:44:09.696 +00:00 [INF] CORS policy execution successful.
2026-06-05 21:44:09.697 +00:00 [INF] Available cookies: 2
2026-06-05 21:44:09.697 +00:00 [INF] Available cookies: 2
2026-06-05 21:44:09.697 +00:00 [INF] Available cookies: 2
2026-06-05 21:44:09.697 +00:00 [INF] ====== OnMessageReceived START ======
2026-06-05 21:44:09.697 +00:00 [INF] Cookie: adminRefreshToken = 44 chars
2026-06-05 21:44:09.697 +00:00 [INF] Cookie: adminRefreshToken = 44 chars
2026-06-05 21:44:09.697 +00:00 [INF] Cookie: adminRefreshToken = 44 chars
2026-06-05 21:44:09.697 +00:00 [INF] Available cookies: 2
2026-06-05 21:44:09.698 +00:00 [INF] Cookie: adminToken = 844 chars
2026-06-05 21:44:09.698 +00:00 [INF] Cookie: adminToken = 844 chars
2026-06-05 21:44:09.698 +00:00 [INF] Cookie: adminToken = 844 chars
2026-06-05 21:44:09.698 +00:00 [INF] Cookie: adminRefreshToken = 44 chars
2026-06-05 21:44:09.698 +00:00 [INF] Admin token found in cookies, length: 844
2026-06-05 21:44:09.698 +00:00 [INF] Admin token found in cookies, length: 844
2026-06-05 21:44:09.698 +00:00 [INF] Admin token found in cookies, length: 844
2026-06-05 21:44:09.699 +00:00 [INF] Admin token set in context
2026-06-05 21:44:09.699 +00:00 [INF] Admin token set in context
2026-06-05 21:44:09.699 +00:00 [INF] Admin token set in context
2026-06-05 21:44:09.699 +00:00 [INF] Cookie: adminToken = 844 chars
2026-06-05 21:44:09.699 +00:00 [INF] ====== OnMessageReceived END - Token set: true ======
2026-06-05 21:44:09.699 +00:00 [INF] ====== OnMessageReceived END - Token set: true ======
2026-06-05 21:44:09.700 +00:00 [INF] ====== OnMessageReceived END - Token set: true ======
2026-06-05 21:44:09.700 +00:00 [INF] Admin token found in cookies, length: 844
2026-06-05 21:44:09.700 +00:00 [INF] Token validated successfully for user: lengyelnorbi
2026-06-05 21:44:09.700 +00:00 [INF] Token validated successfully for user: lengyelnorbi
2026-06-05 21:44:09.700 +00:00 [INF] Token validated successfully for user: lengyelnorbi
2026-06-05 21:44:09.700 +00:00 [INF] Admin token set in context
2026-06-05 21:44:09.701 +00:00 [INF] Device fingerprint headers - UA: Mozilla/5.0 (Windows NT 10.0; Win64; x64; rv:151.0) Gecko/20100101 Firefox/151.0, Accept: application/json, text/plain, */*, Encoding: gzip, deflate
2026-06-05 21:44:09.701 +00:00 [INF] Device fingerprint headers - UA: Mozilla/5.0 (Windows NT 10.0; Win64; x64; rv:151.0) Gecko/20100101 Firefox/151.0, Accept: application/json, text/plain, */*, Encoding: gzip, deflate
2026-06-05 21:44:09.701 +00:00 [INF] Device fingerprint headers - UA: Mozilla/5.0 (Windows NT 10.0; Win64; x64; rv:151.0) Gecko/20100101 Firefox/151.0, Accept: application/json, text/plain, */*, Encoding: gzip, deflate
2026-06-05 21:44:09.701 +00:00 [INF] ====== OnMessageReceived END - Token set: true ======
2026-06-05 21:44:09.701 +00:00 [INF] Device fingerprint validation: Stored=/a2uf4z8rcBIhIr7KGbd6aahMr80Bhj+9uyLiYNZ66A=, Current=/a2uf4z8rcBIhIr7KGbd6aahMr80Bhj+9uyLiYNZ66A=
2026-06-05 21:44:09.701 +00:00 [INF] Device fingerprint validation: Stored=/a2uf4z8rcBIhIr7KGbd6aahMr80Bhj+9uyLiYNZ66A=, Current=/a2uf4z8rcBIhIr7KGbd6aahMr80Bhj+9uyLiYNZ66A=
2026-06-05 21:44:09.702 +00:00 [INF] Request starting HTTP/1.1 GET http://192.168.1.6:8080/api/token/access-token?page=34&limit=10 - null null
2026-06-05 21:44:09.702 +00:00 [INF] Device fingerprint validation: Stored=/a2uf4z8rcBIhIr7KGbd6aahMr80Bhj+9uyLiYNZ66A=, Current=/a2uf4z8rcBIhIr7KGbd6aahMr80Bhj+9uyLiYNZ66A=
2026-06-05 21:44:09.702 +00:00 [INF] Token validated successfully for user: lengyelnorbi
2026-06-05 21:44:09.702 +00:00 [INF] Request starting HTTP/1.1 GET http://192.168.1.6:8080/api/token/access-token?page=33&limit=10 - null null
2026-06-05 21:44:09.702 +00:00 [INF] CORS policy execution successful.
2026-06-05 21:44:09.703 +00:00 [INF] Device fingerprint headers - UA: Mozilla/5.0 (Windows NT 10.0; Win64; x64; rv:151.0) Gecko/20100101 Firefox/151.0, Accept: application/json, text/plain, */*, Encoding: gzip, deflate
2026-06-05 21:44:09.703 +00:00 [INF] CORS policy execution successful.
2026-06-05 21:44:09.703 +00:00 [INF] ====== OnMessageReceived START ======
2026-06-05 21:44:09.703 +00:00 [INF] Device fingerprint validation: Stored=/a2uf4z8rcBIhIr7KGbd6aahMr80Bhj+9uyLiYNZ66A=, Current=/a2uf4z8rcBIhIr7KGbd6aahMr80Bhj+9uyLiYNZ66A=
2026-06-05 21:44:09.703 +00:00 [INF] ====== OnMessageReceived START ======
2026-06-05 21:44:09.703 +00:00 [INF] Available cookies: 2
2026-06-05 21:44:09.704 +00:00 [INF] Cookie: adminRefreshToken = 44 chars
2026-06-05 21:44:09.704 +00:00 [INF] Available cookies: 2
2026-06-05 21:44:09.704 +00:00 [INF] Cookie: adminToken = 844 chars
2026-06-05 21:44:09.704 +00:00 [INF] Cookie: adminRefreshToken = 44 chars
2026-06-05 21:44:09.704 +00:00 [INF] Admin token found in cookies, length: 844
2026-06-05 21:44:09.704 +00:00 [INF] Cookie: adminToken = 844 chars
2026-06-05 21:44:09.705 +00:00 [INF] Executed DbCommand (2ms) [Parameters=[@__jti_0='?', @__userId_1='?' (DbType = Int32)], CommandType='"Text"', CommandTimeout='30']
SELECT a."ID", a."CreatedAt", a."DeviceFingerprint", a."ExpiresAt", a."IpAddress", a."IsRevoked", a."UserID", a.jti
FROM "AccessTokens" AS a
WHERE a.jti = @__jti_0 AND a."UserID" = @__userId_1 AND NOT (a."IsRevoked") AND a."ExpiresAt" > now()
LIMIT 1
2026-06-05 21:44:09.705 +00:00 [INF] Executed DbCommand (2ms) [Parameters=[@__jti_0='?', @__userId_1='?' (DbType = Int32)], CommandType='"Text"', CommandTimeout='30']
SELECT a."ID", a."CreatedAt", a."DeviceFingerprint", a."ExpiresAt", a."IpAddress", a."IsRevoked", a."UserID", a.jti
FROM "AccessTokens" AS a
WHERE a.jti = @__jti_0 AND a."UserID" = @__userId_1 AND NOT (a."IsRevoked") AND a."ExpiresAt" > now()
LIMIT 1
2026-06-05 21:44:09.705 +00:00 [INF] Executed DbCommand (2ms) [Parameters=[@__jti_0='?', @__userId_1='?' (DbType = Int32)], CommandType='"Text"', CommandTimeout='30']
SELECT a."ID", a."CreatedAt", a."DeviceFingerprint", a."ExpiresAt", a."IpAddress", a."IsRevoked", a."UserID", a.jti
FROM "AccessTokens" AS a
WHERE a.jti = @__jti_0 AND a."UserID" = @__userId_1 AND NOT (a."IsRevoked") AND a."ExpiresAt" > now()
LIMIT 1
2026-06-05 21:44:09.705 +00:00 [INF] Admin token set in context
2026-06-05 21:44:09.705 +00:00 [INF] Admin token found in cookies, length: 844
2026-06-05 21:44:09.705 +00:00 [INF] Executed DbCommand (1ms) [Parameters=[@__jti_0='?', @__userId_1='?' (DbType = Int32)], CommandType='"Text"', CommandTimeout='30']
SELECT a."ID", a."CreatedAt", a."DeviceFingerprint", a."ExpiresAt", a."IpAddress", a."IsRevoked", a."UserID", a.jti
FROM "AccessTokens" AS a
WHERE a.jti = @__jti_0 AND a."UserID" = @__userId_1 AND NOT (a."IsRevoked") AND a."ExpiresAt" > now()
LIMIT 1
2026-06-05 21:44:09.705 +00:00 [INF] Executing endpoint 'API.Controllers.TokenController.GetAccessTokens (API)'
2026-06-05 21:44:09.705 +00:00 [INF] Executing endpoint 'API.Controllers.TokenController.GetAccessTokens (API)'
2026-06-05 21:44:09.706 +00:00 [INF] ====== OnMessageReceived END - Token set: true ======
2026-06-05 21:44:09.705 +00:00 [INF] Executing endpoint 'API.Controllers.TokenController.GetAccessTokens (API)'
2026-06-05 21:44:09.706 +00:00 [INF] Admin token set in context
2026-06-05 21:44:09.706 +00:00 [INF] Executing endpoint 'API.Controllers.TokenController.GetAccessTokens (API)'
2026-06-05 21:44:09.706 +00:00 [INF] Route matched with {action = "GetAccessTokens", controller = "Token"}. Executing controller action with signature System.Threading.Tasks.Task`1[System.Collections.Generic.IEnumerable`1[API.Models.AccessToken]] GetAccessTokens() on controller API.Controllers.TokenController (API).
2026-06-05 21:44:09.706 +00:00 [INF] Route matched with {action = "GetAccessTokens", controller = "Token"}. Executing controller action with signature System.Threading.Tasks.Task`1[System.Collections.Generic.IEnumerable`1[API.Models.AccessToken]] GetAccessTokens() on controller API.Controllers.TokenController (API).
2026-06-05 21:44:09.707 +00:00 [INF] Token validated successfully for user: lengyelnorbi
2026-06-05 21:44:09.707 +00:00 [INF] Route matched with {action = "GetAccessTokens", controller = "Token"}. Executing controller action with signature System.Threading.Tasks.Task`1[System.Collections.Generic.IEnumerable`1[API.Models.AccessToken]] GetAccessTokens() on controller API.Controllers.TokenController (API).
2026-06-05 21:44:09.707 +00:00 [INF] ====== OnMessageReceived END - Token set: true ======
2026-06-05 21:44:09.707 +00:00 [INF] Route matched with {action = "GetAccessTokens", controller = "Token"}. Executing controller action with signature System.Threading.Tasks.Task`1[System.Collections.Generic.IEnumerable`1[API.Models.AccessToken]] GetAccessTokens() on controller API.Controllers.TokenController (API).
2026-06-05 21:44:09.707 +00:00 [INF] Device fingerprint headers - UA: Mozilla/5.0 (Windows NT 10.0; Win64; x64; rv:151.0) Gecko/20100101 Firefox/151.0, Accept: application/json, text/plain, */*, Encoding: gzip, deflate
2026-06-05 21:44:09.708 +00:00 [INF] Token validated successfully for user: lengyelnorbi
2026-06-05 21:44:09.709 +00:00 [INF] Device fingerprint headers - UA: Mozilla/5.0 (Windows NT 10.0; Win64; x64; rv:151.0) Gecko/20100101 Firefox/151.0, Accept: application/json, text/plain, */*, Encoding: gzip, deflate
2026-06-05 21:44:09.708 +00:00 [INF] Device fingerprint validation: Stored=/a2uf4z8rcBIhIr7KGbd6aahMr80Bhj+9uyLiYNZ66A=, Current=/a2uf4z8rcBIhIr7KGbd6aahMr80Bhj+9uyLiYNZ66A=
2026-06-05 21:44:09.709 +00:00 [INF] Device fingerprint validation: Stored=/a2uf4z8rcBIhIr7KGbd6aahMr80Bhj+9uyLiYNZ66A=, Current=/a2uf4z8rcBIhIr7KGbd6aahMr80Bhj+9uyLiYNZ66A=
2026-06-05 21:44:09.709 +00:00 [INF] Executed DbCommand (1ms) [Parameters=[], CommandType='"Text"', CommandTimeout='30']
SELECT a."ID", a."CreatedAt", a."DeviceFingerprint", a."ExpiresAt", a."IpAddress", a."IsRevoked", a."UserID", a.jti
FROM "AccessTokens" AS a
WHERE NOT (a."IsRevoked")
2026-06-05 21:44:09.709 +00:00 [INF] Executed DbCommand (2ms) [Parameters=[], CommandType='"Text"', CommandTimeout='30']
SELECT a."ID", a."CreatedAt", a."DeviceFingerprint", a."ExpiresAt", a."IpAddress", a."IsRevoked", a."UserID", a.jti
FROM "AccessTokens" AS a
WHERE NOT (a."IsRevoked")
2026-06-05 21:44:09.709 +00:00 [INF] Executed DbCommand (1ms) [Parameters=[], CommandType='"Text"', CommandTimeout='30']
SELECT a."ID", a."CreatedAt", a."DeviceFingerprint", a."ExpiresAt", a."IpAddress", a."IsRevoked", a."UserID", a.jti
FROM "AccessTokens" AS a
WHERE NOT (a."IsRevoked")
2026-06-05 21:44:09.710 +00:00 [INF] Executed DbCommand (2ms) [Parameters=[], CommandType='"Text"', CommandTimeout='30']
SELECT a."ID", a."CreatedAt", a."DeviceFingerprint", a."ExpiresAt", a."IpAddress", a."IsRevoked", a."UserID", a.jti
FROM "AccessTokens" AS a
WHERE NOT (a."IsRevoked")
2026-06-05 21:44:09.712 +00:00 [INF] Executing ObjectResult, writing value of type 'System.Collections.Generic.List`1[[API.Models.AccessToken, API, Version=1.0.0.0, Culture=neutral, PublicKeyToken=null]]'.
2026-06-05 21:44:09.712 +00:00 [INF] Executed DbCommand (2ms) [Parameters=[@__jti_0='?', @__userId_1='?' (DbType = Int32)], CommandType='"Text"', CommandTimeout='30']
SELECT a."ID", a."CreatedAt", a."DeviceFingerprint", a."ExpiresAt", a."IpAddress", a."IsRevoked", a."UserID", a.jti
FROM "AccessTokens" AS a
WHERE a.jti = @__jti_0 AND a."UserID" = @__userId_1 AND NOT (a."IsRevoked") AND a."ExpiresAt" > now()
LIMIT 1
2026-06-05 21:44:09.712 +00:00 [INF] Executing ObjectResult, writing value of type 'System.Collections.Generic.List`1[[API.Models.AccessToken, API, Version=1.0.0.0, Culture=neutral, PublicKeyToken=null]]'.
2026-06-05 21:44:09.712 +00:00 [INF] Executed DbCommand (2ms) [Parameters=[@__jti_0='?', @__userId_1='?' (DbType = Int32)], CommandType='"Text"', CommandTimeout='30']
SELECT a."ID", a."CreatedAt", a."DeviceFingerprint", a."ExpiresAt", a."IpAddress", a."IsRevoked", a."UserID", a.jti
FROM "AccessTokens" AS a
WHERE a.jti = @__jti_0 AND a."UserID" = @__userId_1 AND NOT (a."IsRevoked") AND a."ExpiresAt" > now()
LIMIT 1
2026-06-05 21:44:09.712 +00:00 [INF] Executing ObjectResult, writing value of type 'System.Collections.Generic.List`1[[API.Models.AccessToken, API, Version=1.0.0.0, Culture=neutral, PublicKeyToken=null]]'.
2026-06-05 21:44:09.712 +00:00 [INF] Executing ObjectResult, writing value of type 'System.Collections.Generic.List`1[[API.Models.AccessToken, API, Version=1.0.0.0, Culture=neutral, PublicKeyToken=null]]'.
2026-06-05 21:44:09.712 +00:00 [INF] Executing endpoint 'API.Controllers.TokenController.GetAccessTokens (API)'
2026-06-05 21:44:09.712 +00:00 [INF] Executed action API.Controllers.TokenController.GetAccessTokens (API) in 5.1394ms
2026-06-05 21:44:09.713 +00:00 [INF] Executing endpoint 'API.Controllers.TokenController.GetAccessTokens (API)'
2026-06-05 21:44:09.713 +00:00 [INF] Executed action API.Controllers.TokenController.GetAccessTokens (API) in 4.852ms
2026-06-05 21:44:09.713 +00:00 [INF] Route matched with {action = "GetAccessTokens", controller = "Token"}. Executing controller action with signature System.Threading.Tasks.Task`1[System.Collections.Generic.IEnumerable`1[API.Models.AccessToken]] GetAccessTokens() on controller API.Controllers.TokenController (API).
2026-06-05 21:44:09.713 +00:00 [INF] Executed action API.Controllers.TokenController.GetAccessTokens (API) in 6.0797ms
2026-06-05 21:44:09.713 +00:00 [INF] Executed action API.Controllers.TokenController.GetAccessTokens (API) in 5.7632ms
2026-06-05 21:44:09.713 +00:00 [INF] Executed endpoint 'API.Controllers.TokenController.GetAccessTokens (API)'
2026-06-05 21:44:09.714 +00:00 [INF] Route matched with {action = "GetAccessTokens", controller = "Token"}. Executing controller action with signature System.Threading.Tasks.Task`1[System.Collections.Generic.IEnumerable`1[API.Models.AccessToken]] GetAccessTokens() on controller API.Controllers.TokenController (API).
2026-06-05 21:44:09.714 +00:00 [INF] Executed endpoint 'API.Controllers.TokenController.GetAccessTokens (API)'
2026-06-05 21:44:09.714 +00:00 [INF] Executed endpoint 'API.Controllers.TokenController.GetAccessTokens (API)'
2026-06-05 21:44:09.714 +00:00 [INF] Executed endpoint 'API.Controllers.TokenController.GetAccessTokens (API)'
2026-06-05 21:44:09.714 +00:00 [INF] Request finished HTTP/1.1 GET http://192.168.1.6:8080/api/token/access-token?page=31&limit=10 - 200 null application/json; charset=utf-8 19.1252ms
2026-06-05 21:44:09.715 +00:00 [INF] Request finished HTTP/1.1 GET http://192.168.1.6:8080/api/token/access-token?page=32&limit=10 - 200 null application/json; charset=utf-8 18.6024ms
2026-06-05 21:44:09.715 +00:00 [INF] Request finished HTTP/1.1 GET http://192.168.1.6:8080/api/token/access-token?page=29&limit=10 - 200 null application/json; charset=utf-8 19.9642ms
2026-06-05 21:44:09.715 +00:00 [INF] Request finished HTTP/1.1 GET http://192.168.1.6:8080/api/token/access-token?page=30&limit=10 - 200 null application/json; charset=utf-8 20.1514ms
2026-06-05 21:44:09.716 +00:00 [INF] Request starting HTTP/1.1 GET http://192.168.1.6:8080/api/token/access-token?page=35&limit=10 - null null
2026-06-05 21:44:09.716 +00:00 [INF] Executed DbCommand (2ms) [Parameters=[], CommandType='"Text"', CommandTimeout='30']
SELECT a."ID", a."CreatedAt", a."DeviceFingerprint", a."ExpiresAt", a."IpAddress", a."IsRevoked", a."UserID", a.jti
FROM "AccessTokens" AS a
WHERE NOT (a."IsRevoked")
2026-06-05 21:44:09.717 +00:00 [INF] CORS policy execution successful.
2026-06-05 21:44:09.717 +00:00 [INF] Executed DbCommand (2ms) [Parameters=[], CommandType='"Text"', CommandTimeout='30']
SELECT a."ID", a."CreatedAt", a."DeviceFingerprint", a."ExpiresAt", a."IpAddress", a."IsRevoked", a."UserID", a.jti
FROM "AccessTokens" AS a
WHERE NOT (a."IsRevoked")
2026-06-05 21:44:09.718 +00:00 [INF] Executing ObjectResult, writing value of type 'System.Collections.Generic.List`1[[API.Models.AccessToken, API, Version=1.0.0.0, Culture=neutral, PublicKeyToken=null]]'.
2026-06-05 21:44:09.718 +00:00 [INF] ====== OnMessageReceived START ======
2026-06-05 21:44:09.719 +00:00 [INF] Executed action API.Controllers.TokenController.GetAccessTokens (API) in 4.8786ms
2026-06-05 21:44:09.719 +00:00 [INF] Available cookies: 2
2026-06-05 21:44:09.719 +00:00 [INF] Executed endpoint 'API.Controllers.TokenController.GetAccessTokens (API)'
2026-06-05 21:44:09.719 +00:00 [INF] Cookie: adminRefreshToken = 44 chars
2026-06-05 21:44:09.719 +00:00 [INF] Cookie: adminToken = 844 chars
2026-06-05 21:44:09.720 +00:00 [INF] Executing ObjectResult, writing value of type 'System.Collections.Generic.List`1[[API.Models.AccessToken, API, Version=1.0.0.0, Culture=neutral, PublicKeyToken=null]]'.
2026-06-05 21:44:09.719 +00:00 [INF] Request finished HTTP/1.1 GET http://192.168.1.6:8080/api/token/access-token?page=33&limit=10 - 200 null application/json; charset=utf-8 17.5494ms
2026-06-05 21:44:09.720 +00:00 [INF] Admin token found in cookies, length: 844
2026-06-05 21:44:09.720 +00:00 [INF] Admin token set in context
2026-06-05 21:44:09.720 +00:00 [INF] Executed action API.Controllers.TokenController.GetAccessTokens (API) in 5.7434ms
2026-06-05 21:44:09.720 +00:00 [INF] ====== OnMessageReceived END - Token set: true ======
2026-06-05 21:44:09.721 +00:00 [INF] Executed endpoint 'API.Controllers.TokenController.GetAccessTokens (API)'
2026-06-05 21:44:09.721 +00:00 [INF] Request finished HTTP/1.1 GET http://192.168.1.6:8080/api/token/access-token?page=34&limit=10 - 200 null application/json; charset=utf-8 18.8784ms
2026-06-05 21:44:09.721 +00:00 [INF] Token validated successfully for user: lengyelnorbi
2026-06-05 21:44:09.721 +00:00 [INF] Device fingerprint headers - UA: Mozilla/5.0 (Windows NT 10.0; Win64; x64; rv:151.0) Gecko/20100101 Firefox/151.0, Accept: application/json, text/plain, */*, Encoding: gzip, deflate
2026-06-05 21:44:09.722 +00:00 [INF] Device fingerprint validation: Stored=/a2uf4z8rcBIhIr7KGbd6aahMr80Bhj+9uyLiYNZ66A=, Current=/a2uf4z8rcBIhIr7KGbd6aahMr80Bhj+9uyLiYNZ66A=
2026-06-05 21:44:09.724 +00:00 [INF] Executed DbCommand (2ms) [Parameters=[@__jti_0='?', @__userId_1='?' (DbType = Int32)], CommandType='"Text"', CommandTimeout='30']
SELECT a."ID", a."CreatedAt", a."DeviceFingerprint", a."ExpiresAt", a."IpAddress", a."IsRevoked", a."UserID", a.jti
FROM "AccessTokens" AS a
WHERE a.jti = @__jti_0 AND a."UserID" = @__userId_1 AND NOT (a."IsRevoked") AND a."ExpiresAt" > now()
LIMIT 1
2026-06-05 21:44:09.725 +00:00 [INF] Executing endpoint 'API.Controllers.TokenController.GetAccessTokens (API)'
2026-06-05 21:44:09.725 +00:00 [INF] Route matched with {action = "GetAccessTokens", controller = "Token"}. Executing controller action with signature System.Threading.Tasks.Task`1[System.Collections.Generic.IEnumerable`1[API.Models.AccessToken]] GetAccessTokens() on controller API.Controllers.TokenController (API).
2026-06-05 21:44:09.727 +00:00 [INF] Executed DbCommand (1ms) [Parameters=[], CommandType='"Text"', CommandTimeout='30']
SELECT a."ID", a."CreatedAt", a."DeviceFingerprint", a."ExpiresAt", a."IpAddress", a."IsRevoked", a."UserID", a.jti
FROM "AccessTokens" AS a
WHERE NOT (a."IsRevoked")
2026-06-05 21:44:09.728 +00:00 [INF] Executing ObjectResult, writing value of type 'System.Collections.Generic.List`1[[API.Models.AccessToken, API, Version=1.0.0.0, Culture=neutral, PublicKeyToken=null]]'.
2026-06-05 21:44:09.729 +00:00 [INF] Executed action API.Controllers.TokenController.GetAccessTokens (API) in 3.4732ms
2026-06-05 21:44:09.729 +00:00 [INF] Executed endpoint 'API.Controllers.TokenController.GetAccessTokens (API)'
2026-06-05 21:44:09.729 +00:00 [INF] Request finished HTTP/1.1 GET http://192.168.1.6:8080/api/token/access-token?page=35&limit=10 - 200 null application/json; charset=utf-8 13.7956ms
2026-06-05 21:44:16.036 +00:00 [INF] Request starting HTTP/1.1 GET http://192.168.1.6:8080/api/token/access-token?page=1&limit=10 - null null
2026-06-05 21:44:16.037 +00:00 [INF] CORS policy execution successful.
2026-06-05 21:44:16.037 +00:00 [INF] ====== OnMessageReceived START ======
2026-06-05 21:44:16.038 +00:00 [INF] Available cookies: 2
2026-06-05 21:44:16.038 +00:00 [INF] Request starting HTTP/1.1 GET http://192.168.1.6:8080/api/token/access-token - null null
2026-06-05 21:44:16.038 +00:00 [INF] Cookie: adminRefreshToken = 44 chars
2026-06-05 21:44:16.038 +00:00 [INF] Cookie: adminToken = 844 chars
2026-06-05 21:44:16.038 +00:00 [INF] CORS policy execution successful.
2026-06-05 21:44:16.038 +00:00 [INF] Admin token found in cookies, length: 844
2026-06-05 21:44:16.039 +00:00 [INF] ====== OnMessageReceived START ======
2026-06-05 21:44:16.039 +00:00 [INF] Admin token set in context
2026-06-05 21:44:16.039 +00:00 [INF] Available cookies: 2
2026-06-05 21:44:16.039 +00:00 [INF] ====== OnMessageReceived END - Token set: true ======
2026-06-05 21:44:16.039 +00:00 [INF] Cookie: adminRefreshToken = 44 chars
2026-06-05 21:44:16.040 +00:00 [INF] Cookie: adminToken = 844 chars
2026-06-05 21:44:16.040 +00:00 [INF] Admin token found in cookies, length: 844
2026-06-05 21:44:16.040 +00:00 [INF] Token validated successfully for user: lengyelnorbi
2026-06-05 21:44:16.040 +00:00 [INF] Admin token set in context
2026-06-05 21:44:16.040 +00:00 [INF] Device fingerprint headers - UA: Mozilla/5.0 (Windows NT 10.0; Win64; x64; rv:151.0) Gecko/20100101 Firefox/151.0, Accept: application/json, text/plain, */*, Encoding: gzip, deflate
2026-06-05 21:44:16.040 +00:00 [INF] ====== OnMessageReceived END - Token set: true ======
2026-06-05 21:44:16.041 +00:00 [INF] Device fingerprint validation: Stored=/a2uf4z8rcBIhIr7KGbd6aahMr80Bhj+9uyLiYNZ66A=, Current=/a2uf4z8rcBIhIr7KGbd6aahMr80Bhj+9uyLiYNZ66A=
2026-06-05 21:44:16.041 +00:00 [INF] Token validated successfully for user: lengyelnorbi
2026-06-05 21:44:16.041 +00:00 [INF] Device fingerprint headers - UA: Mozilla/5.0 (Windows NT 10.0; Win64; x64; rv:151.0) Gecko/20100101 Firefox/151.0, Accept: application/json, text/plain, */*, Encoding: gzip, deflate
2026-06-05 21:44:16.041 +00:00 [INF] Device fingerprint validation: Stored=/a2uf4z8rcBIhIr7KGbd6aahMr80Bhj+9uyLiYNZ66A=, Current=/a2uf4z8rcBIhIr7KGbd6aahMr80Bhj+9uyLiYNZ66A=
2026-06-05 21:44:16.045 +00:00 [INF] Executed DbCommand (2ms) [Parameters=[@__jti_0='?', @__userId_1='?' (DbType = Int32)], CommandType='"Text"', CommandTimeout='30']
SELECT a."ID", a."CreatedAt", a."DeviceFingerprint", a."ExpiresAt", a."IpAddress", a."IsRevoked", a."UserID", a.jti
FROM "AccessTokens" AS a
WHERE a.jti = @__jti_0 AND a."UserID" = @__userId_1 AND NOT (a."IsRevoked") AND a."ExpiresAt" > now()
LIMIT 1
2026-06-05 21:44:16.045 +00:00 [INF] Executed DbCommand (2ms) [Parameters=[@__jti_0='?', @__userId_1='?' (DbType = Int32)], CommandType='"Text"', CommandTimeout='30']
SELECT a."ID", a."CreatedAt", a."DeviceFingerprint", a."ExpiresAt", a."IpAddress", a."IsRevoked", a."UserID", a.jti
FROM "AccessTokens" AS a
WHERE a.jti = @__jti_0 AND a."UserID" = @__userId_1 AND NOT (a."IsRevoked") AND a."ExpiresAt" > now()
LIMIT 1
2026-06-05 21:44:16.046 +00:00 [INF] Executing endpoint 'API.Controllers.TokenController.GetAccessTokens (API)'
2026-06-05 21:44:16.046 +00:00 [INF] Executing endpoint 'API.Controllers.TokenController.GetAccessTokens (API)'
2026-06-05 21:44:16.046 +00:00 [INF] Route matched with {action = "GetAccessTokens", controller = "Token"}. Executing controller action with signature System.Threading.Tasks.Task`1[System.Collections.Generic.IEnumerable`1[API.Models.AccessToken]] GetAccessTokens() on controller API.Controllers.TokenController (API).
2026-06-05 21:44:16.046 +00:00 [INF] Route matched with {action = "GetAccessTokens", controller = "Token"}. Executing controller action with signature System.Threading.Tasks.Task`1[System.Collections.Generic.IEnumerable`1[API.Models.AccessToken]] GetAccessTokens() on controller API.Controllers.TokenController (API).
2026-06-05 21:44:16.048 +00:00 [INF] Executed DbCommand (2ms) [Parameters=[], CommandType='"Text"', CommandTimeout='30']
SELECT a."ID", a."CreatedAt", a."DeviceFingerprint", a."ExpiresAt", a."IpAddress", a."IsRevoked", a."UserID", a.jti
FROM "AccessTokens" AS a
WHERE NOT (a."IsRevoked")
2026-06-05 21:44:16.048 +00:00 [INF] Executed DbCommand (2ms) [Parameters=[], CommandType='"Text"', CommandTimeout='30']
SELECT a."ID", a."CreatedAt", a."DeviceFingerprint", a."ExpiresAt", a."IpAddress", a."IsRevoked", a."UserID", a.jti
FROM "AccessTokens" AS a
WHERE NOT (a."IsRevoked")
2026-06-05 21:44:16.050 +00:00 [INF] Executing ObjectResult, writing value of type 'System.Collections.Generic.List`1[[API.Models.AccessToken, API, Version=1.0.0.0, Culture=neutral, PublicKeyToken=null]]'.
2026-06-05 21:44:16.050 +00:00 [INF] Executing ObjectResult, writing value of type 'System.Collections.Generic.List`1[[API.Models.AccessToken, API, Version=1.0.0.0, Culture=neutral, PublicKeyToken=null]]'.
2026-06-05 21:44:16.050 +00:00 [INF] Executed action API.Controllers.TokenController.GetAccessTokens (API) in 3.6907ms
2026-06-05 21:44:16.050 +00:00 [INF] Executed action API.Controllers.TokenController.GetAccessTokens (API) in 3.5869ms
2026-06-05 21:44:16.050 +00:00 [INF] Executed endpoint 'API.Controllers.TokenController.GetAccessTokens (API)'
2026-06-05 21:44:16.051 +00:00 [INF] Executed endpoint 'API.Controllers.TokenController.GetAccessTokens (API)'
2026-06-05 21:44:16.051 +00:00 [INF] Request finished HTTP/1.1 GET http://192.168.1.6:8080/api/token/access-token - 499 null application/json; charset=utf-8 13.2398ms
2026-06-05 21:44:16.051 +00:00 [INF] Request finished HTTP/1.1 GET http://192.168.1.6:8080/api/token/access-token?page=1&limit=10 - 200 null application/json; charset=utf-8 15.1ms
2026-06-05 21:44:16.055 +00:00 [INF] Request starting HTTP/1.1 GET http://192.168.1.6:8080/api/token/access-token?page=1&limit=10 - null null
2026-06-05 21:44:16.055 +00:00 [INF] Request starting HTTP/1.1 GET http://192.168.1.6:8080/api/token/access-token - null null
2026-06-05 21:44:16.056 +00:00 [INF] CORS policy execution successful.
2026-06-05 21:44:16.056 +00:00 [INF] CORS policy execution successful.
2026-06-05 21:44:16.056 +00:00 [INF] ====== OnMessageReceived START ======
2026-06-05 21:44:16.056 +00:00 [INF] ====== OnMessageReceived START ======
2026-06-05 21:44:16.056 +00:00 [INF] Available cookies: 2
2026-06-05 21:44:16.057 +00:00 [INF] Available cookies: 2
2026-06-05 21:44:16.057 +00:00 [INF] Cookie: adminRefreshToken = 44 chars
2026-06-05 21:44:16.057 +00:00 [INF] Cookie: adminRefreshToken = 44 chars
2026-06-05 21:44:16.057 +00:00 [INF] Cookie: adminToken = 844 chars
2026-06-05 21:44:16.057 +00:00 [INF] Cookie: adminToken = 844 chars
2026-06-05 21:44:16.057 +00:00 [INF] Admin token found in cookies, length: 844
2026-06-05 21:44:16.057 +00:00 [INF] Admin token found in cookies, length: 844
2026-06-05 21:44:16.058 +00:00 [INF] Admin token set in context
2026-06-05 21:44:16.058 +00:00 [INF] Admin token set in context
2026-06-05 21:44:16.058 +00:00 [INF] ====== OnMessageReceived END - Token set: true ======
2026-06-05 21:44:16.058 +00:00 [INF] ====== OnMessageReceived END - Token set: true ======
2026-06-05 21:44:16.058 +00:00 [INF] Token validated successfully for user: lengyelnorbi
2026-06-05 21:44:16.058 +00:00 [INF] Token validated successfully for user: lengyelnorbi
2026-06-05 21:44:16.058 +00:00 [INF] Device fingerprint headers - UA: Mozilla/5.0 (Windows NT 10.0; Win64; x64; rv:151.0) Gecko/20100101 Firefox/151.0, Accept: application/json, text/plain, */*, Encoding: gzip, deflate
2026-06-05 21:44:16.059 +00:00 [INF] Device fingerprint headers - UA: Mozilla/5.0 (Windows NT 10.0; Win64; x64; rv:151.0) Gecko/20100101 Firefox/151.0, Accept: application/json, text/plain, */*, Encoding: gzip, deflate
2026-06-05 21:44:16.059 +00:00 [INF] Device fingerprint validation: Stored=/a2uf4z8rcBIhIr7KGbd6aahMr80Bhj+9uyLiYNZ66A=, Current=/a2uf4z8rcBIhIr7KGbd6aahMr80Bhj+9uyLiYNZ66A=
2026-06-05 21:44:16.059 +00:00 [INF] Device fingerprint validation: Stored=/a2uf4z8rcBIhIr7KGbd6aahMr80Bhj+9uyLiYNZ66A=, Current=/a2uf4z8rcBIhIr7KGbd6aahMr80Bhj+9uyLiYNZ66A=
2026-06-05 21:44:16.061 +00:00 [INF] Executed DbCommand (1ms) [Parameters=[@__jti_0='?', @__userId_1='?' (DbType = Int32)], CommandType='"Text"', CommandTimeout='30']
SELECT a."ID", a."CreatedAt", a."DeviceFingerprint", a."ExpiresAt", a."IpAddress", a."IsRevoked", a."UserID", a.jti
FROM "AccessTokens" AS a
WHERE a.jti = @__jti_0 AND a."UserID" = @__userId_1 AND NOT (a."IsRevoked") AND a."ExpiresAt" > now()
LIMIT 1
2026-06-05 21:44:16.061 +00:00 [INF] Executed DbCommand (1ms) [Parameters=[@__jti_0='?', @__userId_1='?' (DbType = Int32)], CommandType='"Text"', CommandTimeout='30']
SELECT a."ID", a."CreatedAt", a."DeviceFingerprint", a."ExpiresAt", a."IpAddress", a."IsRevoked", a."UserID", a.jti
FROM "AccessTokens" AS a
WHERE a.jti = @__jti_0 AND a."UserID" = @__userId_1 AND NOT (a."IsRevoked") AND a."ExpiresAt" > now()
LIMIT 1
2026-06-05 21:44:16.061 +00:00 [INF] Executing endpoint 'API.Controllers.TokenController.GetAccessTokens (API)'
2026-06-05 21:44:16.061 +00:00 [INF] Executing endpoint 'API.Controllers.TokenController.GetAccessTokens (API)'
2026-06-05 21:44:16.061 +00:00 [INF] Route matched with {action = "GetAccessTokens", controller = "Token"}. Executing controller action with signature System.Threading.Tasks.Task`1[System.Collections.Generic.IEnumerable`1[API.Models.AccessToken]] GetAccessTokens() on controller API.Controllers.TokenController (API).
2026-06-05 21:44:16.062 +00:00 [INF] Route matched with {action = "GetAccessTokens", controller = "Token"}. Executing controller action with signature System.Threading.Tasks.Task`1[System.Collections.Generic.IEnumerable`1[API.Models.AccessToken]] GetAccessTokens() on controller API.Controllers.TokenController (API).
2026-06-05 21:44:16.063 +00:00 [INF] Executed DbCommand (1ms) [Parameters=[], CommandType='"Text"', CommandTimeout='30']
SELECT a."ID", a."CreatedAt", a."DeviceFingerprint", a."ExpiresAt", a."IpAddress", a."IsRevoked", a."UserID", a.jti
FROM "AccessTokens" AS a
WHERE NOT (a."IsRevoked")
2026-06-05 21:44:16.063 +00:00 [INF] Executed DbCommand (1ms) [Parameters=[], CommandType='"Text"', CommandTimeout='30']
SELECT a."ID", a."CreatedAt", a."DeviceFingerprint", a."ExpiresAt", a."IpAddress", a."IsRevoked", a."UserID", a.jti
FROM "AccessTokens" AS a
WHERE NOT (a."IsRevoked")
2026-06-05 21:44:16.064 +00:00 [INF] Executing ObjectResult, writing value of type 'System.Collections.Generic.List`1[[API.Models.AccessToken, API, Version=1.0.0.0, Culture=neutral, PublicKeyToken=null]]'.
2026-06-05 21:44:16.064 +00:00 [INF] Executing ObjectResult, writing value of type 'System.Collections.Generic.List`1[[API.Models.AccessToken, API, Version=1.0.0.0, Culture=neutral, PublicKeyToken=null]]'.
2026-06-05 21:44:16.064 +00:00 [INF] Executed action API.Controllers.TokenController.GetAccessTokens (API) in 2.3216ms
2026-06-05 21:44:16.064 +00:00 [INF] Executed action API.Controllers.TokenController.GetAccessTokens (API) in 2.3179ms
2026-06-05 21:44:16.064 +00:00 [INF] Executed endpoint 'API.Controllers.TokenController.GetAccessTokens (API)'
2026-06-05 21:44:16.064 +00:00 [INF] Executed endpoint 'API.Controllers.TokenController.GetAccessTokens (API)'
2026-06-05 21:44:16.064 +00:00 [INF] Request finished HTTP/1.1 GET http://192.168.1.6:8080/api/token/access-token?page=1&limit=10 - 200 null application/json; charset=utf-8 9.0891ms
2026-06-05 21:44:16.065 +00:00 [INF] Request finished HTTP/1.1 GET http://192.168.1.6:8080/api/token/access-token - 200 null application/json; charset=utf-8 9.1078ms
2026-06-05 21:46:59.685 +00:00 [INF] Request starting HTTP/1.1 OPTIONS http://192.168.1.6:8080/api/auth/refresh - null null
2026-06-05 21:46:59.685 +00:00 [INF] CORS policy execution successful.
2026-06-05 21:46:59.686 +00:00 [INF] Request finished HTTP/1.1 OPTIONS http://192.168.1.6:8080/api/auth/refresh - 204 null null 1.8767ms
2026-06-05 21:46:59.689 +00:00 [INF] Request starting HTTP/1.1 POST http://192.168.1.6:8080/api/auth/refresh - application/json 18
2026-06-05 21:46:59.690 +00:00 [INF] CORS policy execution successful.
2026-06-05 21:46:59.690 +00:00 [INF] ====== OnMessageReceived START ======
2026-06-05 21:46:59.690 +00:00 [INF] Available cookies: 2
2026-06-05 21:46:59.690 +00:00 [INF] Cookie: adminRefreshToken = 44 chars
2026-06-05 21:46:59.691 +00:00 [INF] Cookie: adminToken = 844 chars
2026-06-05 21:46:59.691 +00:00 [INF] Admin token found in cookies, length: 844
2026-06-05 21:46:59.691 +00:00 [INF] Admin token set in context
2026-06-05 21:46:59.691 +00:00 [INF] ====== OnMessageReceived END - Token set: true ======
2026-06-05 21:46:59.692 +00:00 [INF] Token validated successfully for user: lengyelnorbi
2026-06-05 21:46:59.692 +00:00 [INF] Device fingerprint headers - UA: Mozilla/5.0 (Windows NT 10.0; Win64; x64; rv:151.0) Gecko/20100101 Firefox/151.0, Accept: */*, Encoding: gzip, deflate
2026-06-05 21:46:59.692 +00:00 [INF] Device fingerprint validation: Stored=/a2uf4z8rcBIhIr7KGbd6aahMr80Bhj+9uyLiYNZ66A=, Current=/a2uf4z8rcBIhIr7KGbd6aahMr80Bhj+9uyLiYNZ66A=
2026-06-05 21:46:59.695 +00:00 [INF] Executed DbCommand (1ms) [Parameters=[@__jti_0='?', @__userId_1='?' (DbType = Int32)], CommandType='"Text"', CommandTimeout='30']
SELECT a."ID", a."CreatedAt", a."DeviceFingerprint", a."ExpiresAt", a."IpAddress", a."IsRevoked", a."UserID", a.jti
FROM "AccessTokens" AS a
WHERE a.jti = @__jti_0 AND a."UserID" = @__userId_1 AND NOT (a."IsRevoked") AND a."ExpiresAt" > now()
LIMIT 1
2026-06-05 21:46:59.698 +00:00 [INF] Executing endpoint 'API.Controllers.AuthController.RefreshToken (API)'
2026-06-05 21:46:59.703 +00:00 [INF] Route matched with {action = "RefreshToken", controller = "Auth"}. Executing controller action with signature System.Threading.Tasks.Task`1[Microsoft.AspNetCore.Mvc.IActionResult] RefreshToken(API.Models.RequestModels.RefreshRequest) on controller API.Controllers.AuthController (API).
2026-06-05 21:46:59.722 +00:00 [INF] Token refresh attempt at "2026-06-05T21:46:59.7221940Z"
2026-06-05 21:46:59.722 +00:00 [INF] Refreshing admin token at "2026-06-05T21:46:59.7228426Z"
2026-06-05 21:46:59.731 +00:00 [INF] Executed DbCommand (2ms) [Parameters=[@__tokenHash_0='?'], CommandType='"Text"', CommandTimeout='30']
SELECT r."ID", r."CreatedAt", r."DeviceFingerprint", r."ExpiresAt", r."IpAddress", r."IsRevoked", r."TokenHash", r."UserID"
FROM "RefreshTokens" AS r
WHERE r."TokenHash" = @__tokenHash_0 AND NOT (r."IsRevoked") AND r."ExpiresAt" > now()
ORDER BY r."CreatedAt" DESC
LIMIT 1
2026-06-05 21:46:59.741 +00:00 [INF] Mozilla/5.0 (Windows NT 10.0; Win64; x64; rv:151.0) Gecko/20100101 Firefox/151.0
2026-06-05 21:46:59.744 +00:00 [INF] Fetching user by ID from database...
2026-06-05 21:46:59.752 +00:00 [INF] Executed DbCommand (2ms) [Parameters=[@__id_0='?' (DbType = Int32)], CommandType='"Text"', CommandTimeout='30']
SELECT u."ID", u."Email", u."PasswordHash", u."RegisteredAt", u."Role", u."Username"
FROM "Users" AS u
WHERE u."ID" = @__id_0
LIMIT 1
2026-06-05 21:46:59.834 +00:00 [INF] Executed DbCommand (4ms) [Parameters=[@p0='?' (DbType = DateTime), @p1='?', @p2='?' (DbType = DateTime), @p3='?', @p4='?' (DbType = Int32), @p5='?'], CommandType='"Text"', CommandTimeout='30']
INSERT INTO "AccessTokens" ("CreatedAt", "DeviceFingerprint", "ExpiresAt", "IpAddress", "UserID", jti)
VALUES (@p0, @p1, @p2, @p3, @p4, @p5)
RETURNING "ID", "IsRevoked";
2026-06-05 21:46:59.856 +00:00 [INF] Executed DbCommand (2ms) [Parameters=[@__jti_0='?', @__userID_1='?' (DbType = Int32), @__deviceFingerprint_2='?', @__ipAddress_3='?'], CommandType='"Text"', CommandTimeout='30']
SELECT a."ID", a."CreatedAt", a."DeviceFingerprint", a."ExpiresAt", a."IpAddress", a."IsRevoked", a."UserID", a.jti
FROM "AccessTokens" AS a
WHERE a.jti = @__jti_0 AND a."UserID" = @__userID_1 AND a."DeviceFingerprint" = @__deviceFingerprint_2 AND a."IpAddress" = @__ipAddress_3
LIMIT 1
2026-06-05 21:46:59.856 +00:00 [INF] Attempting to revoke access token with jti e497c20f-1cb7-48a2-924c-1e3a7cca23dc for user 1 from device /a2uf4z8rcBIhIr7KGbd6aahMr80Bhj+9uyLiYNZ66A= and IP ::ffff:172.20.0.1
2026-06-05 21:46:59.856 +00:00 [INF] Access token found: API.Models.AccessToken
2026-06-05 21:46:59.862 +00:00 [INF] Executed DbCommand (3ms) [Parameters=[@p1='?' (DbType = Int32), @p0='?' (DbType = Boolean)], CommandType='"Text"', CommandTimeout='30']
UPDATE "AccessTokens" SET "IsRevoked" = @p0
WHERE "ID" = @p1;
2026-06-05 21:46:59.863 +00:00 [INF] Access token AccessToken for user 1 revoked: true
2026-06-05 21:46:59.868 +00:00 [INF] Executed DbCommand (3ms) [Parameters=[@p0='?' (DbType = DateTime), @p1='?', @p2='?' (DbType = DateTime), @p3='?', @p4='?', @p5='?' (DbType = Int32)], CommandType='"Text"', CommandTimeout='30']
INSERT INTO "RefreshTokens" ("CreatedAt", "DeviceFingerprint", "ExpiresAt", "IpAddress", "TokenHash", "UserID")
VALUES (@p0, @p1, @p2, @p3, @p4, @p5)
RETURNING "ID", "IsRevoked";
2026-06-05 21:46:59.875 +00:00 [INF] Executed DbCommand (1ms) [Parameters=[@__tokenHash_0='?', @__userId_1='?' (DbType = Int32), @__deviceFingerprint_2='?', @__ipAddress_3='?'], CommandType='"Text"', CommandTimeout='30']
SELECT r."ID", r."CreatedAt", r."DeviceFingerprint", r."ExpiresAt", r."IpAddress", r."IsRevoked", r."TokenHash", r."UserID"
FROM "RefreshTokens" AS r
WHERE r."TokenHash" = @__tokenHash_0 AND r."UserID" = @__userId_1 AND r."DeviceFingerprint" = @__deviceFingerprint_2 AND r."IpAddress" = @__ipAddress_3
LIMIT 1
2026-06-05 21:46:59.878 +00:00 [INF] Executed DbCommand (2ms) [Parameters=[@p1='?' (DbType = Int32), @p0='?' (DbType = Boolean)], CommandType='"Text"', CommandTimeout='30']
UPDATE "RefreshTokens" SET "IsRevoked" = @p0
WHERE "ID" = @p1;
2026-06-05 21:46:59.879 +00:00 [INF] Refresh token 3DnzIitkFOkXSdOaLNChJFuOLu9hHx6ZCmlWjH5xILE= for user 1 revoked: true
2026-06-05 21:46:59.881 +00:00 [INF] Token refreshed successfully for user 1 at "2026-06-05T21:46:59.8810797Z"
2026-06-05 21:46:59.881 +00:00 [INF] Executing OkObjectResult, writing value of type '<>f__AnonymousType3`2[[System.Boolean, System.Private.CoreLib, Version=9.0.0.0, Culture=neutral, PublicKeyToken=7cec85d7bea7798e],[System.Int32, System.Private.CoreLib, Version=9.0.0.0, Culture=neutral, PublicKeyToken=7cec85d7bea7798e]]'.
2026-06-05 21:46:59.883 +00:00 [INF] Executed action API.Controllers.AuthController.RefreshToken (API) in 179.4455ms
2026-06-05 21:46:59.883 +00:00 [INF] Executed endpoint 'API.Controllers.AuthController.RefreshToken (API)'
2026-06-05 21:46:59.883 +00:00 [INF] Request finished HTTP/1.1 POST http://192.168.1.6:8080/api/auth/refresh - 200 null application/json; charset=utf-8 194.3775ms
2026-06-05 21:48:30.422 +00:00 [INF] Request starting HTTP/1.1 GET http://192.168.1.6:8080/api/token/access-token?page=1&limit=10 - null null
2026-06-05 21:48:30.423 +00:00 [INF] CORS policy execution successful.
2026-06-05 21:48:30.423 +00:00 [INF] ====== OnMessageReceived START ======
2026-06-05 21:48:30.423 +00:00 [INF] Available cookies: 2
2026-06-05 21:48:30.423 +00:00 [INF] Cookie: adminRefreshToken = 44 chars
2026-06-05 21:48:30.424 +00:00 [INF] Request starting HTTP/1.1 GET http://192.168.1.6:8080/api/token/access-token - null null
2026-06-05 21:48:30.424 +00:00 [INF] Cookie: adminToken = 844 chars
2026-06-05 21:48:30.424 +00:00 [INF] CORS policy execution successful.
2026-06-05 21:48:30.424 +00:00 [INF] Admin token found in cookies, length: 844
2026-06-05 21:48:30.424 +00:00 [INF] ====== OnMessageReceived START ======
2026-06-05 21:48:30.425 +00:00 [INF] Admin token set in context
2026-06-05 21:48:30.425 +00:00 [INF] Available cookies: 2
2026-06-05 21:48:30.425 +00:00 [INF] ====== OnMessageReceived END - Token set: true ======
2026-06-05 21:48:30.425 +00:00 [INF] Cookie: adminRefreshToken = 44 chars
2026-06-05 21:48:30.425 +00:00 [INF] Cookie: adminToken = 844 chars
2026-06-05 21:48:30.425 +00:00 [INF] Admin token found in cookies, length: 844
2026-06-05 21:48:30.425 +00:00 [INF] Token validated successfully for user: lengyelnorbi
2026-06-05 21:48:30.426 +00:00 [INF] Admin token set in context
2026-06-05 21:48:30.426 +00:00 [INF] Device fingerprint headers - UA: Mozilla/5.0 (Windows NT 10.0; Win64; x64; rv:151.0) Gecko/20100101 Firefox/151.0, Accept: application/json, text/plain, */*, Encoding: gzip, deflate
2026-06-05 21:48:30.426 +00:00 [INF] ====== OnMessageReceived END - Token set: true ======
2026-06-05 21:48:30.426 +00:00 [INF] Device fingerprint validation: Stored=/a2uf4z8rcBIhIr7KGbd6aahMr80Bhj+9uyLiYNZ66A=, Current=/a2uf4z8rcBIhIr7KGbd6aahMr80Bhj+9uyLiYNZ66A=
2026-06-05 21:48:30.426 +00:00 [INF] Token validated successfully for user: lengyelnorbi
2026-06-05 21:48:30.426 +00:00 [INF] Device fingerprint headers - UA: Mozilla/5.0 (Windows NT 10.0; Win64; x64; rv:151.0) Gecko/20100101 Firefox/151.0, Accept: application/json, text/plain, */*, Encoding: gzip, deflate
2026-06-05 21:48:30.427 +00:00 [INF] Device fingerprint validation: Stored=/a2uf4z8rcBIhIr7KGbd6aahMr80Bhj+9uyLiYNZ66A=, Current=/a2uf4z8rcBIhIr7KGbd6aahMr80Bhj+9uyLiYNZ66A=
2026-06-05 21:48:30.430 +00:00 [INF] Executed DbCommand (2ms) [Parameters=[@__jti_0='?', @__userId_1='?' (DbType = Int32)], CommandType='"Text"', CommandTimeout='30']
SELECT a."ID", a."CreatedAt", a."DeviceFingerprint", a."ExpiresAt", a."IpAddress", a."IsRevoked", a."UserID", a.jti
FROM "AccessTokens" AS a
WHERE a.jti = @__jti_0 AND a."UserID" = @__userId_1 AND NOT (a."IsRevoked") AND a."ExpiresAt" > now()
LIMIT 1
2026-06-05 21:48:30.430 +00:00 [INF] Executed DbCommand (2ms) [Parameters=[@__jti_0='?', @__userId_1='?' (DbType = Int32)], CommandType='"Text"', CommandTimeout='30']
SELECT a."ID", a."CreatedAt", a."DeviceFingerprint", a."ExpiresAt", a."IpAddress", a."IsRevoked", a."UserID", a.jti
FROM "AccessTokens" AS a
WHERE a.jti = @__jti_0 AND a."UserID" = @__userId_1 AND NOT (a."IsRevoked") AND a."ExpiresAt" > now()
LIMIT 1
2026-06-05 21:48:30.430 +00:00 [INF] Executing endpoint 'API.Controllers.TokenController.GetAccessTokens (API)'
2026-06-05 21:48:30.430 +00:00 [INF] Executing endpoint 'API.Controllers.TokenController.GetAccessTokens (API)'
2026-06-05 21:48:30.431 +00:00 [INF] Route matched with {action = "GetAccessTokens", controller = "Token"}. Executing controller action with signature System.Threading.Tasks.Task`1[System.Collections.Generic.IEnumerable`1[API.Models.AccessToken]] GetAccessTokens() on controller API.Controllers.TokenController (API).
2026-06-05 21:48:30.431 +00:00 [INF] Route matched with {action = "GetAccessTokens", controller = "Token"}. Executing controller action with signature System.Threading.Tasks.Task`1[System.Collections.Generic.IEnumerable`1[API.Models.AccessToken]] GetAccessTokens() on controller API.Controllers.TokenController (API).
2026-06-05 21:48:30.434 +00:00 [INF] Executed DbCommand (3ms) [Parameters=[], CommandType='"Text"', CommandTimeout='30']
SELECT a."ID", a."CreatedAt", a."DeviceFingerprint", a."ExpiresAt", a."IpAddress", a."IsRevoked", a."UserID", a.jti
FROM "AccessTokens" AS a
WHERE NOT (a."IsRevoked")
2026-06-05 21:48:30.434 +00:00 [INF] Executed DbCommand (3ms) [Parameters=[], CommandType='"Text"', CommandTimeout='30']
SELECT a."ID", a."CreatedAt", a."DeviceFingerprint", a."ExpiresAt", a."IpAddress", a."IsRevoked", a."UserID", a.jti
FROM "AccessTokens" AS a
WHERE NOT (a."IsRevoked")
2026-06-05 21:48:30.436 +00:00 [INF] Executing ObjectResult, writing value of type 'System.Collections.Generic.List`1[[API.Models.AccessToken, API, Version=1.0.0.0, Culture=neutral, PublicKeyToken=null]]'.
2026-06-05 21:48:30.436 +00:00 [INF] Executing ObjectResult, writing value of type 'System.Collections.Generic.List`1[[API.Models.AccessToken, API, Version=1.0.0.0, Culture=neutral, PublicKeyToken=null]]'.
2026-06-05 21:48:30.437 +00:00 [INF] Executed action API.Controllers.TokenController.GetAccessTokens (API) in 5.7248ms
2026-06-05 21:48:30.437 +00:00 [INF] Executed action API.Controllers.TokenController.GetAccessTokens (API) in 5.5615ms
2026-06-05 21:48:30.437 +00:00 [INF] Executed endpoint 'API.Controllers.TokenController.GetAccessTokens (API)'
2026-06-05 21:48:30.437 +00:00 [INF] Executed endpoint 'API.Controllers.TokenController.GetAccessTokens (API)'
2026-06-05 21:48:30.438 +00:00 [INF] Request finished HTTP/1.1 GET http://192.168.1.6:8080/api/token/access-token - 499 null application/json; charset=utf-8 13.9949ms
2026-06-05 21:48:30.438 +00:00 [INF] Request finished HTTP/1.1 GET http://192.168.1.6:8080/api/token/access-token?page=1&limit=10 - 200 null application/json; charset=utf-8 15.9694ms
2026-06-05 21:48:30.442 +00:00 [INF] Request starting HTTP/1.1 GET http://192.168.1.6:8080/api/token/access-token?page=1&limit=10 - null null
2026-06-05 21:48:30.443 +00:00 [INF] CORS policy execution successful.
2026-06-05 21:48:30.443 +00:00 [INF] ====== OnMessageReceived START ======
2026-06-05 21:48:30.443 +00:00 [INF] Available cookies: 2
2026-06-05 21:48:30.443 +00:00 [INF] Cookie: adminRefreshToken = 44 chars
2026-06-05 21:48:30.443 +00:00 [INF] Request starting HTTP/1.1 GET http://192.168.1.6:8080/api/token/access-token - null null
2026-06-05 21:48:30.444 +00:00 [INF] Cookie: adminToken = 844 chars
2026-06-05 21:48:30.444 +00:00 [INF] CORS policy execution successful.
2026-06-05 21:48:30.444 +00:00 [INF] Admin token found in cookies, length: 844
2026-06-05 21:48:30.444 +00:00 [INF] ====== OnMessageReceived START ======
2026-06-05 21:48:30.444 +00:00 [INF] Admin token set in context
2026-06-05 21:48:30.444 +00:00 [INF] Available cookies: 2
2026-06-05 21:48:30.445 +00:00 [INF] ====== OnMessageReceived END - Token set: true ======
2026-06-05 21:48:30.445 +00:00 [INF] Cookie: adminRefreshToken = 44 chars
2026-06-05 21:48:30.445 +00:00 [INF] Token validated successfully for user: lengyelnorbi
2026-06-05 21:48:30.445 +00:00 [INF] Cookie: adminToken = 844 chars
2026-06-05 21:48:30.445 +00:00 [INF] Device fingerprint headers - UA: Mozilla/5.0 (Windows NT 10.0; Win64; x64; rv:151.0) Gecko/20100101 Firefox/151.0, Accept: application/json, text/plain, */*, Encoding: gzip, deflate
2026-06-05 21:48:30.445 +00:00 [INF] Admin token found in cookies, length: 844
2026-06-05 21:48:30.445 +00:00 [INF] Device fingerprint validation: Stored=/a2uf4z8rcBIhIr7KGbd6aahMr80Bhj+9uyLiYNZ66A=, Current=/a2uf4z8rcBIhIr7KGbd6aahMr80Bhj+9uyLiYNZ66A=
2026-06-05 21:48:30.446 +00:00 [INF] Admin token set in context
2026-06-05 21:48:30.446 +00:00 [INF] ====== OnMessageReceived END - Token set: true ======
2026-06-05 21:48:30.446 +00:00 [INF] Token validated successfully for user: lengyelnorbi
2026-06-05 21:48:30.446 +00:00 [INF] Device fingerprint headers - UA: Mozilla/5.0 (Windows NT 10.0; Win64; x64; rv:151.0) Gecko/20100101 Firefox/151.0, Accept: application/json, text/plain, */*, Encoding: gzip, deflate
2026-06-05 21:48:30.447 +00:00 [INF] Device fingerprint validation: Stored=/a2uf4z8rcBIhIr7KGbd6aahMr80Bhj+9uyLiYNZ66A=, Current=/a2uf4z8rcBIhIr7KGbd6aahMr80Bhj+9uyLiYNZ66A=
2026-06-05 21:48:30.448 +00:00 [INF] Executed DbCommand (2ms) [Parameters=[@__jti_0='?', @__userId_1='?' (DbType = Int32)], CommandType='"Text"', CommandTimeout='30']
SELECT a."ID", a."CreatedAt", a."DeviceFingerprint", a."ExpiresAt", a."IpAddress", a."IsRevoked", a."UserID", a.jti
FROM "AccessTokens" AS a
WHERE a.jti = @__jti_0 AND a."UserID" = @__userId_1 AND NOT (a."IsRevoked") AND a."ExpiresAt" > now()
LIMIT 1
2026-06-05 21:48:30.448 +00:00 [INF] Executing endpoint 'API.Controllers.TokenController.GetAccessTokens (API)'
2026-06-05 21:48:30.449 +00:00 [INF] Route matched with {action = "GetAccessTokens", controller = "Token"}. Executing controller action with signature System.Threading.Tasks.Task`1[System.Collections.Generic.IEnumerable`1[API.Models.AccessToken]] GetAccessTokens() on controller API.Controllers.TokenController (API).
2026-06-05 21:48:30.449 +00:00 [INF] Executed DbCommand (1ms) [Parameters=[@__jti_0='?', @__userId_1='?' (DbType = Int32)], CommandType='"Text"', CommandTimeout='30']
SELECT a."ID", a."CreatedAt", a."DeviceFingerprint", a."ExpiresAt", a."IpAddress", a."IsRevoked", a."UserID", a.jti
FROM "AccessTokens" AS a
WHERE a.jti = @__jti_0 AND a."UserID" = @__userId_1 AND NOT (a."IsRevoked") AND a."ExpiresAt" > now()
LIMIT 1
2026-06-05 21:48:30.449 +00:00 [INF] Executing endpoint 'API.Controllers.TokenController.GetAccessTokens (API)'
2026-06-05 21:48:30.449 +00:00 [INF] Route matched with {action = "GetAccessTokens", controller = "Token"}. Executing controller action with signature System.Threading.Tasks.Task`1[System.Collections.Generic.IEnumerable`1[API.Models.AccessToken]] GetAccessTokens() on controller API.Controllers.TokenController (API).
2026-06-05 21:48:30.450 +00:00 [INF] Executed DbCommand (1ms) [Parameters=[], CommandType='"Text"', CommandTimeout='30']
SELECT a."ID", a."CreatedAt", a."DeviceFingerprint", a."ExpiresAt", a."IpAddress", a."IsRevoked", a."UserID", a.jti
FROM "AccessTokens" AS a
WHERE NOT (a."IsRevoked")
2026-06-05 21:48:30.451 +00:00 [INF] Executed DbCommand (1ms) [Parameters=[], CommandType='"Text"', CommandTimeout='30']
SELECT a."ID", a."CreatedAt", a."DeviceFingerprint", a."ExpiresAt", a."IpAddress", a."IsRevoked", a."UserID", a.jti
FROM "AccessTokens" AS a
WHERE NOT (a."IsRevoked")
2026-06-05 21:48:30.451 +00:00 [INF] Executing ObjectResult, writing value of type 'System.Collections.Generic.List`1[[API.Models.AccessToken, API, Version=1.0.0.0, Culture=neutral, PublicKeyToken=null]]'.
2026-06-05 21:48:30.458 +00:00 [INF] Executed action API.Controllers.TokenController.GetAccessTokens (API) in 9.5259ms
2026-06-05 21:48:30.458 +00:00 [INF] Executing ObjectResult, writing value of type 'System.Collections.Generic.List`1[[API.Models.AccessToken, API, Version=1.0.0.0, Culture=neutral, PublicKeyToken=null]]'.
2026-06-05 21:48:30.459 +00:00 [INF] Executed endpoint 'API.Controllers.TokenController.GetAccessTokens (API)'
2026-06-05 21:48:30.459 +00:00 [INF] Executed action API.Controllers.TokenController.GetAccessTokens (API) in 9.4707ms
2026-06-05 21:48:30.459 +00:00 [INF] Request finished HTTP/1.1 GET http://192.168.1.6:8080/api/token/access-token?page=1&limit=10 - 200 null application/json; charset=utf-8 16.9075ms
2026-06-05 21:48:30.459 +00:00 [INF] Executed endpoint 'API.Controllers.TokenController.GetAccessTokens (API)'
2026-06-05 21:48:30.460 +00:00 [INF] Request finished HTTP/1.1 GET http://192.168.1.6:8080/api/token/access-token - 200 null application/json; charset=utf-8 16.2689ms
2026-06-05 21:50:48.407 +00:00 [INF] Request starting HTTP/1.1 GET http://192.168.1.6:8080/api/token/access-token?page=1&limit=10 - null null
2026-06-05 21:50:48.407 +00:00 [INF] Request starting HTTP/1.1 GET http://192.168.1.6:8080/api/token/access-token?page=1&limit=10 - null null
2026-06-05 21:50:48.407 +00:00 [INF] CORS policy execution successful.
2026-06-05 21:50:48.407 +00:00 [INF] Request starting HTTP/1.1 GET http://192.168.1.6:8080/api/token/access-token - null null
2026-06-05 21:50:48.407 +00:00 [INF] CORS policy execution successful.
2026-06-05 21:50:48.408 +00:00 [INF] ====== OnMessageReceived START ======
2026-06-05 21:50:48.408 +00:00 [INF] CORS policy execution successful.
2026-06-05 21:50:48.408 +00:00 [INF] ====== OnMessageReceived START ======
2026-06-05 21:50:48.408 +00:00 [INF] Available cookies: 2
2026-06-05 21:50:48.408 +00:00 [INF] ====== OnMessageReceived START ======
2026-06-05 21:50:48.408 +00:00 [INF] Available cookies: 2
2026-06-05 21:50:48.409 +00:00 [INF] Cookie: adminRefreshToken = 44 chars
2026-06-05 21:50:48.409 +00:00 [INF] Available cookies: 2
2026-06-05 21:50:48.409 +00:00 [INF] Cookie: adminRefreshToken = 44 chars
2026-06-05 21:50:48.409 +00:00 [INF] Cookie: adminToken = 844 chars
2026-06-05 21:50:48.409 +00:00 [INF] Cookie: adminRefreshToken = 44 chars
2026-06-05 21:50:48.409 +00:00 [INF] Cookie: adminToken = 844 chars
2026-06-05 21:50:48.409 +00:00 [INF] Admin token found in cookies, length: 844
2026-06-05 21:50:48.409 +00:00 [INF] Cookie: adminToken = 844 chars
2026-06-05 21:50:48.409 +00:00 [INF] Admin token found in cookies, length: 844
2026-06-05 21:50:48.410 +00:00 [INF] Admin token set in context
2026-06-05 21:50:48.410 +00:00 [INF] Admin token found in cookies, length: 844
2026-06-05 21:50:48.410 +00:00 [INF] Admin token set in context
2026-06-05 21:50:48.410 +00:00 [INF] ====== OnMessageReceived END - Token set: true ======
2026-06-05 21:50:48.410 +00:00 [INF] Admin token set in context
2026-06-05 21:50:48.411 +00:00 [INF] ====== OnMessageReceived END - Token set: true ======
2026-06-05 21:50:48.411 +00:00 [INF] ====== OnMessageReceived END - Token set: true ======
2026-06-05 21:50:48.411 +00:00 [INF] Token validated successfully for user: lengyelnorbi
2026-06-05 21:50:48.411 +00:00 [INF] Token validated successfully for user: lengyelnorbi
2026-06-05 21:50:48.412 +00:00 [INF] Token validated successfully for user: lengyelnorbi
2026-06-05 21:50:48.412 +00:00 [INF] Device fingerprint headers - UA: Mozilla/5.0 (Windows NT 10.0; Win64; x64; rv:151.0) Gecko/20100101 Firefox/151.0, Accept: application/json, text/plain, */*, Encoding: gzip, deflate
2026-06-05 21:50:48.412 +00:00 [INF] Device fingerprint headers - UA: Mozilla/5.0 (Windows NT 10.0; Win64; x64; rv:151.0) Gecko/20100101 Firefox/151.0, Accept: application/json, text/plain, */*, Encoding: gzip, deflate
2026-06-05 21:50:48.412 +00:00 [INF] Device fingerprint validation: Stored=/a2uf4z8rcBIhIr7KGbd6aahMr80Bhj+9uyLiYNZ66A=, Current=/a2uf4z8rcBIhIr7KGbd6aahMr80Bhj+9uyLiYNZ66A=
2026-06-05 21:50:48.412 +00:00 [INF] Device fingerprint headers - UA: Mozilla/5.0 (Windows NT 10.0; Win64; x64; rv:151.0) Gecko/20100101 Firefox/151.0, Accept: application/json, text/plain, */*, Encoding: gzip, deflate
2026-06-05 21:50:48.412 +00:00 [INF] Device fingerprint validation: Stored=/a2uf4z8rcBIhIr7KGbd6aahMr80Bhj+9uyLiYNZ66A=, Current=/a2uf4z8rcBIhIr7KGbd6aahMr80Bhj+9uyLiYNZ66A=
2026-06-05 21:50:48.413 +00:00 [INF] Device fingerprint validation: Stored=/a2uf4z8rcBIhIr7KGbd6aahMr80Bhj+9uyLiYNZ66A=, Current=/a2uf4z8rcBIhIr7KGbd6aahMr80Bhj+9uyLiYNZ66A=
2026-06-05 21:50:48.425 +00:00 [INF] Executed DbCommand (3ms) [Parameters=[@__jti_0='?', @__userId_1='?' (DbType = Int32)], CommandType='"Text"', CommandTimeout='30']
SELECT a."ID", a."CreatedAt", a."DeviceFingerprint", a."ExpiresAt", a."IpAddress", a."IsRevoked", a."UserID", a.jti
FROM "AccessTokens" AS a
WHERE a.jti = @__jti_0 AND a."UserID" = @__userId_1 AND NOT (a."IsRevoked") AND a."ExpiresAt" > now()
LIMIT 1
2026-06-05 21:50:48.425 +00:00 [INF] Executed DbCommand (3ms) [Parameters=[@__jti_0='?', @__userId_1='?' (DbType = Int32)], CommandType='"Text"', CommandTimeout='30']
SELECT a."ID", a."CreatedAt", a."DeviceFingerprint", a."ExpiresAt", a."IpAddress", a."IsRevoked", a."UserID", a.jti
FROM "AccessTokens" AS a
WHERE a.jti = @__jti_0 AND a."UserID" = @__userId_1 AND NOT (a."IsRevoked") AND a."ExpiresAt" > now()
LIMIT 1
2026-06-05 21:50:48.426 +00:00 [INF] Executed DbCommand (2ms) [Parameters=[@__jti_0='?', @__userId_1='?' (DbType = Int32)], CommandType='"Text"', CommandTimeout='30']
SELECT a."ID", a."CreatedAt", a."DeviceFingerprint", a."ExpiresAt", a."IpAddress", a."IsRevoked", a."UserID", a.jti
FROM "AccessTokens" AS a
WHERE a.jti = @__jti_0 AND a."UserID" = @__userId_1 AND NOT (a."IsRevoked") AND a."ExpiresAt" > now()
LIMIT 1
2026-06-05 21:50:48.427 +00:00 [INF] Executing endpoint 'API.Controllers.TokenController.GetAccessTokens (API)'
2026-06-05 21:50:48.427 +00:00 [INF] Executing endpoint 'API.Controllers.TokenController.GetAccessTokens (API)'
2026-06-05 21:50:48.427 +00:00 [INF] Executing endpoint 'API.Controllers.TokenController.GetAccessTokens (API)'
2026-06-05 21:50:48.427 +00:00 [INF] Route matched with {action = "GetAccessTokens", controller = "Token"}. Executing controller action with signature System.Threading.Tasks.Task`1[System.Collections.Generic.IEnumerable`1[API.Models.AccessToken]] GetAccessTokens() on controller API.Controllers.TokenController (API).
2026-06-05 21:50:48.427 +00:00 [INF] Route matched with {action = "GetAccessTokens", controller = "Token"}. Executing controller action with signature System.Threading.Tasks.Task`1[System.Collections.Generic.IEnumerable`1[API.Models.AccessToken]] GetAccessTokens() on controller API.Controllers.TokenController (API).
2026-06-05 21:50:48.427 +00:00 [INF] Route matched with {action = "GetAccessTokens", controller = "Token"}. Executing controller action with signature System.Threading.Tasks.Task`1[System.Collections.Generic.IEnumerable`1[API.Models.AccessToken]] GetAccessTokens() on controller API.Controllers.TokenController (API).
2026-06-05 21:50:48.429 +00:00 [INF] Executed DbCommand (1ms) [Parameters=[], CommandType='"Text"', CommandTimeout='30']
SELECT a."ID", a."CreatedAt", a."DeviceFingerprint", a."ExpiresAt", a."IpAddress", a."IsRevoked", a."UserID", a.jti
FROM "AccessTokens" AS a
WHERE NOT (a."IsRevoked")
2026-06-05 21:50:48.429 +00:00 [INF] Executed DbCommand (2ms) [Parameters=[], CommandType='"Text"', CommandTimeout='30']
SELECT a."ID", a."CreatedAt", a."DeviceFingerprint", a."ExpiresAt", a."IpAddress", a."IsRevoked", a."UserID", a.jti
FROM "AccessTokens" AS a
WHERE NOT (a."IsRevoked")
2026-06-05 21:50:48.430 +00:00 [INF] Executed DbCommand (2ms) [Parameters=[], CommandType='"Text"', CommandTimeout='30']
SELECT a."ID", a."CreatedAt", a."DeviceFingerprint", a."ExpiresAt", a."IpAddress", a."IsRevoked", a."UserID", a.jti
FROM "AccessTokens" AS a
WHERE NOT (a."IsRevoked")
2026-06-05 21:50:48.431 +00:00 [INF] Executing ObjectResult, writing value of type 'System.Collections.Generic.List`1[[API.Models.AccessToken, API, Version=1.0.0.0, Culture=neutral, PublicKeyToken=null]]'.
2026-06-05 21:50:48.431 +00:00 [INF] Executing ObjectResult, writing value of type 'System.Collections.Generic.List`1[[API.Models.AccessToken, API, Version=1.0.0.0, Culture=neutral, PublicKeyToken=null]]'.
2026-06-05 21:50:48.431 +00:00 [INF] Executing ObjectResult, writing value of type 'System.Collections.Generic.List`1[[API.Models.AccessToken, API, Version=1.0.0.0, Culture=neutral, PublicKeyToken=null]]'.
2026-06-05 21:50:48.431 +00:00 [INF] Executed action API.Controllers.TokenController.GetAccessTokens (API) in 3.2165ms
2026-06-05 21:50:48.431 +00:00 [INF] Executed action API.Controllers.TokenController.GetAccessTokens (API) in 3.7837ms
2026-06-05 21:50:48.432 +00:00 [INF] Executed endpoint 'API.Controllers.TokenController.GetAccessTokens (API)'
2026-06-05 21:50:48.432 +00:00 [INF] Executed action API.Controllers.TokenController.GetAccessTokens (API) in 3.8932ms
2026-06-05 21:50:48.432 +00:00 [INF] Executed endpoint 'API.Controllers.TokenController.GetAccessTokens (API)'
2026-06-05 21:50:48.432 +00:00 [INF] Request finished HTTP/1.1 GET http://192.168.1.6:8080/api/token/access-token?page=1&limit=10 - 200 null application/json; charset=utf-8 25.3924ms
2026-06-05 21:50:48.432 +00:00 [INF] Executed endpoint 'API.Controllers.TokenController.GetAccessTokens (API)'
2026-06-05 21:50:48.432 +00:00 [INF] Request finished HTTP/1.1 GET http://192.168.1.6:8080/api/token/access-token - 200 null application/json; charset=utf-8 25.7775ms
2026-06-05 21:50:48.433 +00:00 [INF] Request finished HTTP/1.1 GET http://192.168.1.6:8080/api/token/access-token?page=1&limit=10 - 200 null application/json; charset=utf-8 26.0607ms
2026-06-05 21:50:57.167 +00:00 [INF] Request starting HTTP/1.1 GET http://192.168.1.6:8080/api/user?page=1&limit=10 - null null
2026-06-05 21:50:57.167 +00:00 [INF] CORS policy execution successful.
2026-06-05 21:50:57.168 +00:00 [INF] ====== OnMessageReceived START ======
2026-06-05 21:50:57.168 +00:00 [INF] Available cookies: 2
2026-06-05 21:50:57.168 +00:00 [INF] Cookie: adminRefreshToken = 44 chars
2026-06-05 21:50:57.168 +00:00 [INF] Request starting HTTP/1.1 GET http://192.168.1.6:8080/api/user - null null
2026-06-05 21:50:57.168 +00:00 [INF] Cookie: adminToken = 844 chars
2026-06-05 21:50:57.168 +00:00 [INF] CORS policy execution successful.
2026-06-05 21:50:57.168 +00:00 [INF] Admin token found in cookies, length: 844
2026-06-05 21:50:57.169 +00:00 [INF] ====== OnMessageReceived START ======
2026-06-05 21:50:57.169 +00:00 [INF] Admin token set in context
2026-06-05 21:50:57.169 +00:00 [INF] Available cookies: 2
2026-06-05 21:50:57.169 +00:00 [INF] ====== OnMessageReceived END - Token set: true ======
2026-06-05 21:50:57.169 +00:00 [INF] Cookie: adminRefreshToken = 44 chars
2026-06-05 21:50:57.169 +00:00 [INF] Cookie: adminToken = 844 chars
2026-06-05 21:50:57.169 +00:00 [INF] Token validated successfully for user: lengyelnorbi
2026-06-05 21:50:57.170 +00:00 [INF] Admin token found in cookies, length: 844
2026-06-05 21:50:57.170 +00:00 [INF] Device fingerprint headers - UA: Mozilla/5.0 (Windows NT 10.0; Win64; x64; rv:151.0) Gecko/20100101 Firefox/151.0, Accept: application/json, text/plain, */*, Encoding: gzip, deflate
2026-06-05 21:50:57.170 +00:00 [INF] Admin token set in context
2026-06-05 21:50:57.170 +00:00 [INF] ====== OnMessageReceived END - Token set: true ======
2026-06-05 21:50:57.170 +00:00 [INF] Device fingerprint validation: Stored=/a2uf4z8rcBIhIr7KGbd6aahMr80Bhj+9uyLiYNZ66A=, Current=/a2uf4z8rcBIhIr7KGbd6aahMr80Bhj+9uyLiYNZ66A=
2026-06-05 21:50:57.171 +00:00 [INF] Token validated successfully for user: lengyelnorbi
2026-06-05 21:50:57.171 +00:00 [INF] Device fingerprint headers - UA: Mozilla/5.0 (Windows NT 10.0; Win64; x64; rv:151.0) Gecko/20100101 Firefox/151.0, Accept: application/json, text/plain, */*, Encoding: gzip, deflate
2026-06-05 21:50:57.172 +00:00 [INF] Device fingerprint validation: Stored=/a2uf4z8rcBIhIr7KGbd6aahMr80Bhj+9uyLiYNZ66A=, Current=/a2uf4z8rcBIhIr7KGbd6aahMr80Bhj+9uyLiYNZ66A=
2026-06-05 21:50:57.174 +00:00 [INF] Executed DbCommand (2ms) [Parameters=[@__jti_0='?', @__userId_1='?' (DbType = Int32)], CommandType='"Text"', CommandTimeout='30']
SELECT a."ID", a."CreatedAt", a."DeviceFingerprint", a."ExpiresAt", a."IpAddress", a."IsRevoked", a."UserID", a.jti
FROM "AccessTokens" AS a
WHERE a.jti = @__jti_0 AND a."UserID" = @__userId_1 AND NOT (a."IsRevoked") AND a."ExpiresAt" > now()
LIMIT 1
2026-06-05 21:50:57.175 +00:00 [INF] Executed DbCommand (2ms) [Parameters=[@__jti_0='?', @__userId_1='?' (DbType = Int32)], CommandType='"Text"', CommandTimeout='30']
SELECT a."ID", a."CreatedAt", a."DeviceFingerprint", a."ExpiresAt", a."IpAddress", a."IsRevoked", a."UserID", a.jti
FROM "AccessTokens" AS a
WHERE a.jti = @__jti_0 AND a."UserID" = @__userId_1 AND NOT (a."IsRevoked") AND a."ExpiresAt" > now()
LIMIT 1
2026-06-05 21:50:57.175 +00:00 [INF] Executing endpoint 'API.Controllers.UserController.Get (API)'
2026-06-05 21:50:57.175 +00:00 [INF] Executing endpoint 'API.Controllers.UserController.Get (API)'
2026-06-05 21:50:57.178 +00:00 [INF] Route matched with {action = "Get", controller = "User"}. Executing controller action with signature System.Threading.Tasks.Task`1[System.Collections.Generic.IEnumerable`1[UserDTO]] Get() on controller API.Controllers.UserController (API).
2026-06-05 21:50:57.178 +00:00 [INF] Route matched with {action = "Get", controller = "User"}. Executing controller action with signature System.Threading.Tasks.Task`1[System.Collections.Generic.IEnumerable`1[UserDTO]] Get() on controller API.Controllers.UserController (API).
2026-06-05 21:50:57.180 +00:00 [INF] Fetching user data from database...
2026-06-05 21:50:57.180 +00:00 [INF] Fetching user data from database...
2026-06-05 21:50:57.186 +00:00 [INF] Executed DbCommand (2ms) [Parameters=[], CommandType='"Text"', CommandTimeout='30']
SELECT u."ID", u."Email", u."PasswordHash", u."RegisteredAt", u."Role", u."Username"
FROM "Users" AS u
2026-06-05 21:50:57.187 +00:00 [INF] Executed DbCommand (2ms) [Parameters=[], CommandType='"Text"', CommandTimeout='30']
SELECT u."ID", u."Email", u."PasswordHash", u."RegisteredAt", u."Role", u."Username"
FROM "Users" AS u
2026-06-05 21:50:57.188 +00:00 [INF] Executing ObjectResult, writing value of type 'System.Collections.Generic.List`1[[UserDTO, API, Version=1.0.0.0, Culture=neutral, PublicKeyToken=null]]'.
2026-06-05 21:50:57.188 +00:00 [INF] Executing ObjectResult, writing value of type 'System.Collections.Generic.List`1[[UserDTO, API, Version=1.0.0.0, Culture=neutral, PublicKeyToken=null]]'.
2026-06-05 21:50:57.190 +00:00 [INF] Request starting HTTP/1.1 GET http://192.168.1.6:8080/api/user?page=1&limit=10 - null null
2026-06-05 21:50:57.190 +00:00 [INF] CORS policy execution successful.
2026-06-05 21:50:57.190 +00:00 [INF] ====== OnMessageReceived START ======
2026-06-05 21:50:57.191 +00:00 [INF] Available cookies: 2
2026-06-05 21:50:57.191 +00:00 [INF] Cookie: adminRefreshToken = 44 chars
2026-06-05 21:50:57.191 +00:00 [INF] Cookie: adminToken = 844 chars
2026-06-05 21:50:57.191 +00:00 [INF] Request starting HTTP/1.1 GET http://192.168.1.6:8080/api/user - null null
2026-06-05 21:50:57.191 +00:00 [INF] Admin token found in cookies, length: 844
2026-06-05 21:50:57.191 +00:00 [INF] Executed action API.Controllers.UserController.Get (API) in 12.8545ms
2026-06-05 21:50:57.191 +00:00 [INF] CORS policy execution successful.
2026-06-05 21:50:57.192 +00:00 [INF] Admin token set in context
2026-06-05 21:50:57.192 +00:00 [INF] Executed action API.Controllers.UserController.Get (API) in 13.2446ms
2026-06-05 21:50:57.192 +00:00 [INF] Executed endpoint 'API.Controllers.UserController.Get (API)'
2026-06-05 21:50:57.192 +00:00 [INF] ====== OnMessageReceived START ======
2026-06-05 21:50:57.192 +00:00 [INF] ====== OnMessageReceived END - Token set: true ======
2026-06-05 21:50:57.192 +00:00 [INF] Executed endpoint 'API.Controllers.UserController.Get (API)'
2026-06-05 21:50:57.192 +00:00 [INF] Request finished HTTP/1.1 GET http://192.168.1.6:8080/api/user?page=1&limit=10 - 200 null application/json; charset=utf-8 25.549ms
2026-06-05 21:50:57.193 +00:00 [INF] Available cookies: 2
2026-06-05 21:50:57.193 +00:00 [INF] Request finished HTTP/1.1 GET http://192.168.1.6:8080/api/user - 499 null application/json; charset=utf-8 24.9996ms
2026-06-05 21:50:57.193 +00:00 [INF] Token validated successfully for user: lengyelnorbi
2026-06-05 21:50:57.193 +00:00 [INF] Cookie: adminRefreshToken = 44 chars
2026-06-05 21:50:57.194 +00:00 [INF] Device fingerprint headers - UA: Mozilla/5.0 (Windows NT 10.0; Win64; x64; rv:151.0) Gecko/20100101 Firefox/151.0, Accept: application/json, text/plain, */*, Encoding: gzip, deflate
2026-06-05 21:50:57.194 +00:00 [INF] Cookie: adminToken = 844 chars
2026-06-05 21:50:57.194 +00:00 [INF] Device fingerprint validation: Stored=/a2uf4z8rcBIhIr7KGbd6aahMr80Bhj+9uyLiYNZ66A=, Current=/a2uf4z8rcBIhIr7KGbd6aahMr80Bhj+9uyLiYNZ66A=
2026-06-05 21:50:57.194 +00:00 [INF] Admin token found in cookies, length: 844
2026-06-05 21:50:57.194 +00:00 [INF] Admin token set in context
2026-06-05 21:50:57.195 +00:00 [INF] ====== OnMessageReceived END - Token set: true ======
2026-06-05 21:50:57.195 +00:00 [INF] Token validated successfully for user: lengyelnorbi
2026-06-05 21:50:57.195 +00:00 [INF] Device fingerprint headers - UA: Mozilla/5.0 (Windows NT 10.0; Win64; x64; rv:151.0) Gecko/20100101 Firefox/151.0, Accept: application/json, text/plain, */*, Encoding: gzip, deflate
2026-06-05 21:50:57.195 +00:00 [INF] Device fingerprint validation: Stored=/a2uf4z8rcBIhIr7KGbd6aahMr80Bhj+9uyLiYNZ66A=, Current=/a2uf4z8rcBIhIr7KGbd6aahMr80Bhj+9uyLiYNZ66A=
2026-06-05 21:50:57.196 +00:00 [INF] Executed DbCommand (1ms) [Parameters=[@__jti_0='?', @__userId_1='?' (DbType = Int32)], CommandType='"Text"', CommandTimeout='30']
SELECT a."ID", a."CreatedAt", a."DeviceFingerprint", a."ExpiresAt", a."IpAddress", a."IsRevoked", a."UserID", a.jti
FROM "AccessTokens" AS a
WHERE a.jti = @__jti_0 AND a."UserID" = @__userId_1 AND NOT (a."IsRevoked") AND a."ExpiresAt" > now()
LIMIT 1
2026-06-05 21:50:57.197 +00:00 [INF] Executed DbCommand (1ms) [Parameters=[@__jti_0='?', @__userId_1='?' (DbType = Int32)], CommandType='"Text"', CommandTimeout='30']
SELECT a."ID", a."CreatedAt", a."DeviceFingerprint", a."ExpiresAt", a."IpAddress", a."IsRevoked", a."UserID", a.jti
FROM "AccessTokens" AS a
WHERE a.jti = @__jti_0 AND a."UserID" = @__userId_1 AND NOT (a."IsRevoked") AND a."ExpiresAt" > now()
LIMIT 1
2026-06-05 21:50:57.197 +00:00 [INF] Executing endpoint 'API.Controllers.UserController.Get (API)'
2026-06-05 21:50:57.197 +00:00 [INF] Executing endpoint 'API.Controllers.UserController.Get (API)'
2026-06-05 21:50:57.197 +00:00 [INF] Route matched with {action = "Get", controller = "User"}. Executing controller action with signature System.Threading.Tasks.Task`1[System.Collections.Generic.IEnumerable`1[UserDTO]] Get() on controller API.Controllers.UserController (API).
2026-06-05 21:50:57.197 +00:00 [INF] Route matched with {action = "Get", controller = "User"}. Executing controller action with signature System.Threading.Tasks.Task`1[System.Collections.Generic.IEnumerable`1[UserDTO]] Get() on controller API.Controllers.UserController (API).
2026-06-05 21:50:57.197 +00:00 [INF] Fetching user data from database...
2026-06-05 21:50:57.197 +00:00 [INF] Fetching user data from database...
2026-06-05 21:50:57.198 +00:00 [INF] Executed DbCommand (1ms) [Parameters=[], CommandType='"Text"', CommandTimeout='30']
SELECT u."ID", u."Email", u."PasswordHash", u."RegisteredAt", u."Role", u."Username"
FROM "Users" AS u
2026-06-05 21:50:57.199 +00:00 [INF] Executing ObjectResult, writing value of type 'System.Collections.Generic.List`1[[UserDTO, API, Version=1.0.0.0, Culture=neutral, PublicKeyToken=null]]'.
2026-06-05 21:50:57.199 +00:00 [INF] Executed DbCommand (1ms) [Parameters=[], CommandType='"Text"', CommandTimeout='30']
SELECT u."ID", u."Email", u."PasswordHash", u."RegisteredAt", u."Role", u."Username"
FROM "Users" AS u
2026-06-05 21:50:57.199 +00:00 [INF] Executed action API.Controllers.UserController.Get (API) in 1.8127ms
2026-06-05 21:50:57.199 +00:00 [INF] Executing ObjectResult, writing value of type 'System.Collections.Generic.List`1[[UserDTO, API, Version=1.0.0.0, Culture=neutral, PublicKeyToken=null]]'.
2026-06-05 21:50:57.199 +00:00 [INF] Executed endpoint 'API.Controllers.UserController.Get (API)'
2026-06-05 21:50:57.199 +00:00 [INF] Executed action API.Controllers.UserController.Get (API) in 2.1101ms
2026-06-05 21:50:57.200 +00:00 [INF] Request finished HTTP/1.1 GET http://192.168.1.6:8080/api/user?page=1&limit=10 - 200 null application/json; charset=utf-8 9.7446ms
2026-06-05 21:50:57.200 +00:00 [INF] Executed endpoint 'API.Controllers.UserController.Get (API)'
2026-06-05 21:50:57.200 +00:00 [INF] Request finished HTTP/1.1 GET http://192.168.1.6:8080/api/user - 200 null application/json; charset=utf-8 8.902ms
2026-06-05 21:50:57.502 +00:00 [INF] Request starting HTTP/1.1 GET http://192.168.1.6:8080/api/token/access-token?page=1&limit=10 - null null
2026-06-05 21:50:57.502 +00:00 [INF] CORS policy execution successful.
2026-06-05 21:50:57.502 +00:00 [INF] ====== OnMessageReceived START ======
2026-06-05 21:50:57.502 +00:00 [INF] Available cookies: 2
2026-06-05 21:50:57.503 +00:00 [INF] Cookie: adminRefreshToken = 44 chars
2026-06-05 21:50:57.503 +00:00 [INF] Cookie: adminToken = 844 chars
2026-06-05 21:50:57.503 +00:00 [INF] Request starting HTTP/1.1 GET http://192.168.1.6:8080/api/token/access-token - null null
2026-06-05 21:50:57.503 +00:00 [INF] Admin token found in cookies, length: 844
2026-06-05 21:50:57.503 +00:00 [INF] CORS policy execution successful.
2026-06-05 21:50:57.504 +00:00 [INF] Admin token set in context
2026-06-05 21:50:57.504 +00:00 [INF] ====== OnMessageReceived END - Token set: true ======
2026-06-05 21:50:57.504 +00:00 [INF] ====== OnMessageReceived START ======
2026-06-05 21:50:57.504 +00:00 [INF] Token validated successfully for user: lengyelnorbi
2026-06-05 21:50:57.505 +00:00 [INF] Available cookies: 2
2026-06-05 21:50:57.505 +00:00 [INF] Device fingerprint headers - UA: Mozilla/5.0 (Windows NT 10.0; Win64; x64; rv:151.0) Gecko/20100101 Firefox/151.0, Accept: application/json, text/plain, */*, Encoding: gzip, deflate
2026-06-05 21:50:57.505 +00:00 [INF] Device fingerprint validation: Stored=/a2uf4z8rcBIhIr7KGbd6aahMr80Bhj+9uyLiYNZ66A=, Current=/a2uf4z8rcBIhIr7KGbd6aahMr80Bhj+9uyLiYNZ66A=
2026-06-05 21:50:57.505 +00:00 [INF] Cookie: adminRefreshToken = 44 chars
2026-06-05 21:50:57.505 +00:00 [INF] Cookie: adminToken = 844 chars
2026-06-05 21:50:57.506 +00:00 [INF] Admin token found in cookies, length: 844
2026-06-05 21:50:57.506 +00:00 [INF] Admin token set in context
2026-06-05 21:50:57.506 +00:00 [INF] ====== OnMessageReceived END - Token set: true ======
2026-06-05 21:50:57.507 +00:00 [INF] Token validated successfully for user: lengyelnorbi
2026-06-05 21:50:57.507 +00:00 [INF] Device fingerprint headers - UA: Mozilla/5.0 (Windows NT 10.0; Win64; x64; rv:151.0) Gecko/20100101 Firefox/151.0, Accept: application/json, text/plain, */*, Encoding: gzip, deflate
2026-06-05 21:50:57.507 +00:00 [INF] Device fingerprint validation: Stored=/a2uf4z8rcBIhIr7KGbd6aahMr80Bhj+9uyLiYNZ66A=, Current=/a2uf4z8rcBIhIr7KGbd6aahMr80Bhj+9uyLiYNZ66A=
2026-06-05 21:50:57.509 +00:00 [INF] Executed DbCommand (3ms) [Parameters=[@__jti_0='?', @__userId_1='?' (DbType = Int32)], CommandType='"Text"', CommandTimeout='30']
SELECT a."ID", a."CreatedAt", a."DeviceFingerprint", a."ExpiresAt", a."IpAddress", a."IsRevoked", a."UserID", a.jti
FROM "AccessTokens" AS a
WHERE a.jti = @__jti_0 AND a."UserID" = @__userId_1 AND NOT (a."IsRevoked") AND a."ExpiresAt" > now()
LIMIT 1
2026-06-05 21:50:57.509 +00:00 [INF] Executing endpoint 'API.Controllers.TokenController.GetAccessTokens (API)'
2026-06-05 21:50:57.509 +00:00 [INF] Route matched with {action = "GetAccessTokens", controller = "Token"}. Executing controller action with signature System.Threading.Tasks.Task`1[System.Collections.Generic.IEnumerable`1[API.Models.AccessToken]] GetAccessTokens() on controller API.Controllers.TokenController (API).
2026-06-05 21:50:57.509 +00:00 [INF] Executed DbCommand (1ms) [Parameters=[@__jti_0='?', @__userId_1='?' (DbType = Int32)], CommandType='"Text"', CommandTimeout='30']
SELECT a."ID", a."CreatedAt", a."DeviceFingerprint", a."ExpiresAt", a."IpAddress", a."IsRevoked", a."UserID", a.jti
FROM "AccessTokens" AS a
WHERE a.jti = @__jti_0 AND a."UserID" = @__userId_1 AND NOT (a."IsRevoked") AND a."ExpiresAt" > now()
LIMIT 1
2026-06-05 21:50:57.510 +00:00 [INF] Executing endpoint 'API.Controllers.TokenController.GetAccessTokens (API)'
2026-06-05 21:50:57.511 +00:00 [INF] Route matched with {action = "GetAccessTokens", controller = "Token"}. Executing controller action with signature System.Threading.Tasks.Task`1[System.Collections.Generic.IEnumerable`1[API.Models.AccessToken]] GetAccessTokens() on controller API.Controllers.TokenController (API).
2026-06-05 21:50:57.512 +00:00 [INF] Executed DbCommand (2ms) [Parameters=[], CommandType='"Text"', CommandTimeout='30']
SELECT a."ID", a."CreatedAt", a."DeviceFingerprint", a."ExpiresAt", a."IpAddress", a."IsRevoked", a."UserID", a.jti
FROM "AccessTokens" AS a
WHERE NOT (a."IsRevoked")
2026-06-05 21:50:57.513 +00:00 [INF] Executing ObjectResult, writing value of type 'System.Collections.Generic.List`1[[API.Models.AccessToken, API, Version=1.0.0.0, Culture=neutral, PublicKeyToken=null]]'.
2026-06-05 21:50:57.514 +00:00 [INF] Executed DbCommand (2ms) [Parameters=[], CommandType='"Text"', CommandTimeout='30']
SELECT a."ID", a."CreatedAt", a."DeviceFingerprint", a."ExpiresAt", a."IpAddress", a."IsRevoked", a."UserID", a.jti
FROM "AccessTokens" AS a
WHERE NOT (a."IsRevoked")
2026-06-05 21:50:57.514 +00:00 [INF] Executed action API.Controllers.TokenController.GetAccessTokens (API) in 4.2549ms
2026-06-05 21:50:57.514 +00:00 [INF] Executed endpoint 'API.Controllers.TokenController.GetAccessTokens (API)'
2026-06-05 21:50:57.514 +00:00 [INF] Executing ObjectResult, writing value of type 'System.Collections.Generic.List`1[[API.Models.AccessToken, API, Version=1.0.0.0, Culture=neutral, PublicKeyToken=null]]'.
2026-06-05 21:50:57.515 +00:00 [INF] Request finished HTTP/1.1 GET http://192.168.1.6:8080/api/token/access-token?page=1&limit=10 - 200 null application/json; charset=utf-8 12.9816ms
2026-06-05 21:50:57.515 +00:00 [INF] Executed action API.Controllers.TokenController.GetAccessTokens (API) in 3.3162ms
2026-06-05 21:50:57.516 +00:00 [INF] Executed endpoint 'API.Controllers.TokenController.GetAccessTokens (API)'
2026-06-05 21:50:57.516 +00:00 [INF] Request finished HTTP/1.1 GET http://192.168.1.6:8080/api/token/access-token - 200 null application/json; charset=utf-8 13.1303ms
2026-06-05 21:50:57.524 +00:00 [INF] Request starting HTTP/1.1 GET http://192.168.1.6:8080/api/token/access-token?page=1&limit=10 - null null
2026-06-05 21:50:57.525 +00:00 [INF] CORS policy execution successful.
2026-06-05 21:50:57.525 +00:00 [INF] ====== OnMessageReceived START ======
2026-06-05 21:50:57.525 +00:00 [INF] Available cookies: 2
2026-06-05 21:50:57.525 +00:00 [INF] Cookie: adminRefreshToken = 44 chars
2026-06-05 21:50:57.526 +00:00 [INF] Cookie: adminToken = 844 chars
2026-06-05 21:50:57.526 +00:00 [INF] Admin token found in cookies, length: 844
2026-06-05 21:50:57.526 +00:00 [INF] Admin token set in context
2026-06-05 21:50:57.526 +00:00 [INF] ====== OnMessageReceived END - Token set: true ======
2026-06-05 21:50:57.526 +00:00 [INF] Request starting HTTP/1.1 GET http://192.168.1.6:8080/api/token/access-token - null null
2026-06-05 21:50:57.527 +00:00 [INF] Token validated successfully for user: lengyelnorbi
2026-06-05 21:50:57.527 +00:00 [INF] CORS policy execution successful.
2026-06-05 21:50:57.527 +00:00 [INF] Device fingerprint headers - UA: Mozilla/5.0 (Windows NT 10.0; Win64; x64; rv:151.0) Gecko/20100101 Firefox/151.0, Accept: application/json, text/plain, */*, Encoding: gzip, deflate
2026-06-05 21:50:57.527 +00:00 [INF] ====== OnMessageReceived START ======
2026-06-05 21:50:57.527 +00:00 [INF] Device fingerprint validation: Stored=/a2uf4z8rcBIhIr7KGbd6aahMr80Bhj+9uyLiYNZ66A=, Current=/a2uf4z8rcBIhIr7KGbd6aahMr80Bhj+9uyLiYNZ66A=
2026-06-05 21:50:57.527 +00:00 [INF] Available cookies: 2
2026-06-05 21:50:57.527 +00:00 [INF] Cookie: adminRefreshToken = 44 chars
2026-06-05 21:50:57.528 +00:00 [INF] Cookie: adminToken = 844 chars
2026-06-05 21:50:57.528 +00:00 [INF] Admin token found in cookies, length: 844
2026-06-05 21:50:57.528 +00:00 [INF] Admin token set in context
2026-06-05 21:50:57.528 +00:00 [INF] ====== OnMessageReceived END - Token set: true ======
2026-06-05 21:50:57.528 +00:00 [INF] Token validated successfully for user: lengyelnorbi
2026-06-05 21:50:57.529 +00:00 [INF] Device fingerprint headers - UA: Mozilla/5.0 (Windows NT 10.0; Win64; x64; rv:151.0) Gecko/20100101 Firefox/151.0, Accept: application/json, text/plain, */*, Encoding: gzip, deflate
2026-06-05 21:50:57.529 +00:00 [INF] Device fingerprint validation: Stored=/a2uf4z8rcBIhIr7KGbd6aahMr80Bhj+9uyLiYNZ66A=, Current=/a2uf4z8rcBIhIr7KGbd6aahMr80Bhj+9uyLiYNZ66A=
2026-06-05 21:50:57.529 +00:00 [INF] Executed DbCommand (1ms) [Parameters=[@__jti_0='?', @__userId_1='?' (DbType = Int32)], CommandType='"Text"', CommandTimeout='30']
SELECT a."ID", a."CreatedAt", a."DeviceFingerprint", a."ExpiresAt", a."IpAddress", a."IsRevoked", a."UserID", a.jti
FROM "AccessTokens" AS a
WHERE a.jti = @__jti_0 AND a."UserID" = @__userId_1 AND NOT (a."IsRevoked") AND a."ExpiresAt" > now()
LIMIT 1
2026-06-05 21:50:57.530 +00:00 [INF] Executing endpoint 'API.Controllers.TokenController.GetAccessTokens (API)'
2026-06-05 21:50:57.530 +00:00 [INF] Route matched with {action = "GetAccessTokens", controller = "Token"}. Executing controller action with signature System.Threading.Tasks.Task`1[System.Collections.Generic.IEnumerable`1[API.Models.AccessToken]] GetAccessTokens() on controller API.Controllers.TokenController (API).
2026-06-05 21:50:57.531 +00:00 [INF] Executed DbCommand (1ms) [Parameters=[@__jti_0='?', @__userId_1='?' (DbType = Int32)], CommandType='"Text"', CommandTimeout='30']
SELECT a."ID", a."CreatedAt", a."DeviceFingerprint", a."ExpiresAt", a."IpAddress", a."IsRevoked", a."UserID", a.jti
FROM "AccessTokens" AS a
WHERE a.jti = @__jti_0 AND a."UserID" = @__userId_1 AND NOT (a."IsRevoked") AND a."ExpiresAt" > now()
LIMIT 1
2026-06-05 21:50:57.531 +00:00 [INF] Executing endpoint 'API.Controllers.TokenController.GetAccessTokens (API)'
2026-06-05 21:50:57.531 +00:00 [INF] Route matched with {action = "GetAccessTokens", controller = "Token"}. Executing controller action with signature System.Threading.Tasks.Task`1[System.Collections.Generic.IEnumerable`1[API.Models.AccessToken]] GetAccessTokens() on controller API.Controllers.TokenController (API).
2026-06-05 21:50:57.531 +00:00 [INF] Executed DbCommand (1ms) [Parameters=[], CommandType='"Text"', CommandTimeout='30']
SELECT a."ID", a."CreatedAt", a."DeviceFingerprint", a."ExpiresAt", a."IpAddress", a."IsRevoked", a."UserID", a.jti
FROM "AccessTokens" AS a
WHERE NOT (a."IsRevoked")
2026-06-05 21:50:57.532 +00:00 [INF] Executing ObjectResult, writing value of type 'System.Collections.Generic.List`1[[API.Models.AccessToken, API, Version=1.0.0.0, Culture=neutral, PublicKeyToken=null]]'.
2026-06-05 21:50:57.532 +00:00 [INF] Executed action API.Controllers.TokenController.GetAccessTokens (API) in 2.4227ms
2026-06-05 21:50:57.533 +00:00 [INF] Executed DbCommand (1ms) [Parameters=[], CommandType='"Text"', CommandTimeout='30']
SELECT a."ID", a."CreatedAt", a."DeviceFingerprint", a."ExpiresAt", a."IpAddress", a."IsRevoked", a."UserID", a.jti
FROM "AccessTokens" AS a
WHERE NOT (a."IsRevoked")
2026-06-05 21:50:57.533 +00:00 [INF] Executed endpoint 'API.Controllers.TokenController.GetAccessTokens (API)'
2026-06-05 21:50:57.533 +00:00 [INF] Request finished HTTP/1.1 GET http://192.168.1.6:8080/api/token/access-token?page=1&limit=10 - 200 null application/json; charset=utf-8 8.9101ms
2026-06-05 21:50:57.534 +00:00 [INF] Executing ObjectResult, writing value of type 'System.Collections.Generic.List`1[[API.Models.AccessToken, API, Version=1.0.0.0, Culture=neutral, PublicKeyToken=null]]'.
2026-06-05 21:50:57.534 +00:00 [INF] Executed action API.Controllers.TokenController.GetAccessTokens (API) in 2.3873ms
2026-06-05 21:50:57.534 +00:00 [INF] Executed endpoint 'API.Controllers.TokenController.GetAccessTokens (API)'
2026-06-05 21:50:57.534 +00:00 [INF] Request finished HTTP/1.1 GET http://192.168.1.6:8080/api/token/access-token - 200 null application/json; charset=utf-8 7.9369ms
2026-06-05 21:51:30.559 +00:00 [INF] Request starting HTTP/1.1 OPTIONS http://192.168.1.6:8080/api/auth/refresh - null null
2026-06-05 21:51:30.559 +00:00 [INF] CORS policy execution successful.
2026-06-05 21:51:30.560 +00:00 [INF] Request finished HTTP/1.1 OPTIONS http://192.168.1.6:8080/api/auth/refresh - 204 null null 0.9598ms
2026-06-05 21:51:30.562 +00:00 [INF] Request starting HTTP/1.1 POST http://192.168.1.6:8080/api/auth/refresh - application/json 18
2026-06-05 21:51:30.563 +00:00 [INF] CORS policy execution successful.
2026-06-05 21:51:30.563 +00:00 [INF] ====== OnMessageReceived START ======
2026-06-05 21:51:30.563 +00:00 [INF] Available cookies: 2
2026-06-05 21:51:30.563 +00:00 [INF] Cookie: adminRefreshToken = 44 chars
2026-06-05 21:51:30.563 +00:00 [INF] Cookie: adminToken = 844 chars
2026-06-05 21:51:30.564 +00:00 [INF] Admin token found in cookies, length: 844
2026-06-05 21:51:30.564 +00:00 [INF] Admin token set in context
2026-06-05 21:51:30.564 +00:00 [INF] ====== OnMessageReceived END - Token set: true ======
2026-06-05 21:51:30.564 +00:00 [INF] Token validated successfully for user: lengyelnorbi
2026-06-05 21:51:30.564 +00:00 [INF] Device fingerprint headers - UA: Mozilla/5.0 (Windows NT 10.0; Win64; x64; rv:151.0) Gecko/20100101 Firefox/151.0, Accept: */*, Encoding: gzip, deflate
2026-06-05 21:51:30.565 +00:00 [INF] Device fingerprint validation: Stored=/a2uf4z8rcBIhIr7KGbd6aahMr80Bhj+9uyLiYNZ66A=, Current=/a2uf4z8rcBIhIr7KGbd6aahMr80Bhj+9uyLiYNZ66A=
2026-06-05 21:51:30.567 +00:00 [INF] Executed DbCommand (1ms) [Parameters=[@__jti_0='?', @__userId_1='?' (DbType = Int32)], CommandType='"Text"', CommandTimeout='30']
SELECT a."ID", a."CreatedAt", a."DeviceFingerprint", a."ExpiresAt", a."IpAddress", a."IsRevoked", a."UserID", a.jti
FROM "AccessTokens" AS a
WHERE a.jti = @__jti_0 AND a."UserID" = @__userId_1 AND NOT (a."IsRevoked") AND a."ExpiresAt" > now()
LIMIT 1
2026-06-05 21:51:30.569 +00:00 [INF] Executing endpoint 'API.Controllers.AuthController.RefreshToken (API)'
2026-06-05 21:51:30.569 +00:00 [INF] Route matched with {action = "RefreshToken", controller = "Auth"}. Executing controller action with signature System.Threading.Tasks.Task`1[Microsoft.AspNetCore.Mvc.IActionResult] RefreshToken(API.Models.RequestModels.RefreshRequest) on controller API.Controllers.AuthController (API).
2026-06-05 21:51:30.570 +00:00 [INF] Token refresh attempt at "2026-06-05T21:51:30.5705487Z"
2026-06-05 21:51:30.570 +00:00 [INF] Refreshing admin token at "2026-06-05T21:51:30.5706969Z"
2026-06-05 21:51:30.573 +00:00 [INF] Executed DbCommand (2ms) [Parameters=[@__tokenHash_0='?'], CommandType='"Text"', CommandTimeout='30']
SELECT r."ID", r."CreatedAt", r."DeviceFingerprint", r."ExpiresAt", r."IpAddress", r."IsRevoked", r."TokenHash", r."UserID"
FROM "RefreshTokens" AS r
WHERE r."TokenHash" = @__tokenHash_0 AND NOT (r."IsRevoked") AND r."ExpiresAt" > now()
ORDER BY r."CreatedAt" DESC
LIMIT 1
2026-06-05 21:51:30.573 +00:00 [INF] Mozilla/5.0 (Windows NT 10.0; Win64; x64; rv:151.0) Gecko/20100101 Firefox/151.0
2026-06-05 21:51:30.573 +00:00 [INF] Fetching user by ID from database...
2026-06-05 21:51:30.575 +00:00 [INF] Executed DbCommand (1ms) [Parameters=[@__id_0='?' (DbType = Int32)], CommandType='"Text"', CommandTimeout='30']
SELECT u."ID", u."Email", u."PasswordHash", u."RegisteredAt", u."Role", u."Username"
FROM "Users" AS u
WHERE u."ID" = @__id_0
LIMIT 1
2026-06-05 21:51:30.580 +00:00 [INF] Executed DbCommand (3ms) [Parameters=[@p0='?' (DbType = DateTime), @p1='?', @p2='?' (DbType = DateTime), @p3='?', @p4='?' (DbType = Int32), @p5='?'], CommandType='"Text"', CommandTimeout='30']
INSERT INTO "AccessTokens" ("CreatedAt", "DeviceFingerprint", "ExpiresAt", "IpAddress", "UserID", jti)
VALUES (@p0, @p1, @p2, @p3, @p4, @p5)
RETURNING "ID", "IsRevoked";
2026-06-05 21:51:30.582 +00:00 [INF] Executed DbCommand (1ms) [Parameters=[@__jti_0='?', @__userID_1='?' (DbType = Int32), @__deviceFingerprint_2='?', @__ipAddress_3='?'], CommandType='"Text"', CommandTimeout='30']
SELECT a."ID", a."CreatedAt", a."DeviceFingerprint", a."ExpiresAt", a."IpAddress", a."IsRevoked", a."UserID", a.jti
FROM "AccessTokens" AS a
WHERE a.jti = @__jti_0 AND a."UserID" = @__userID_1 AND a."DeviceFingerprint" = @__deviceFingerprint_2 AND a."IpAddress" = @__ipAddress_3
LIMIT 1
2026-06-05 21:51:30.582 +00:00 [INF] Attempting to revoke access token with jti d444c5a7-d7bd-43ab-bfe3-b045a0481bb0 for user 1 from device /a2uf4z8rcBIhIr7KGbd6aahMr80Bhj+9uyLiYNZ66A= and IP ::ffff:172.20.0.1
2026-06-05 21:51:30.582 +00:00 [INF] Access token found: API.Models.AccessToken
2026-06-05 21:51:30.585 +00:00 [INF] Executed DbCommand (2ms) [Parameters=[@p1='?' (DbType = Int32), @p0='?' (DbType = Boolean)], CommandType='"Text"', CommandTimeout='30']
UPDATE "AccessTokens" SET "IsRevoked" = @p0
WHERE "ID" = @p1;
2026-06-05 21:51:30.585 +00:00 [INF] Access token AccessToken for user 1 revoked: true
2026-06-05 21:51:30.588 +00:00 [INF] Executed DbCommand (2ms) [Parameters=[@p0='?' (DbType = DateTime), @p1='?', @p2='?' (DbType = DateTime), @p3='?', @p4='?', @p5='?' (DbType = Int32)], CommandType='"Text"', CommandTimeout='30']
INSERT INTO "RefreshTokens" ("CreatedAt", "DeviceFingerprint", "ExpiresAt", "IpAddress", "TokenHash", "UserID")
VALUES (@p0, @p1, @p2, @p3, @p4, @p5)
RETURNING "ID", "IsRevoked";
2026-06-05 21:51:30.589 +00:00 [INF] Executed DbCommand (1ms) [Parameters=[@__tokenHash_0='?', @__userId_1='?' (DbType = Int32), @__deviceFingerprint_2='?', @__ipAddress_3='?'], CommandType='"Text"', CommandTimeout='30']
SELECT r."ID", r."CreatedAt", r."DeviceFingerprint", r."ExpiresAt", r."IpAddress", r."IsRevoked", r."TokenHash", r."UserID"
FROM "RefreshTokens" AS r
WHERE r."TokenHash" = @__tokenHash_0 AND r."UserID" = @__userId_1 AND r."DeviceFingerprint" = @__deviceFingerprint_2 AND r."IpAddress" = @__ipAddress_3
LIMIT 1
2026-06-05 21:51:30.591 +00:00 [INF] Executed DbCommand (2ms) [Parameters=[@p1='?' (DbType = Int32), @p0='?' (DbType = Boolean)], CommandType='"Text"', CommandTimeout='30']
UPDATE "RefreshTokens" SET "IsRevoked" = @p0
WHERE "ID" = @p1;
2026-06-05 21:51:30.592 +00:00 [INF] Refresh token HeIfi6lxpT4gUdHH6j6Ag4cb5h5LB1ed7gzQduCo0dc= for user 1 revoked: true
2026-06-05 21:51:30.592 +00:00 [INF] Token refreshed successfully for user 1 at "2026-06-05T21:51:30.5923897Z"
2026-06-05 21:51:30.592 +00:00 [INF] Executing OkObjectResult, writing value of type '<>f__AnonymousType3`2[[System.Boolean, System.Private.CoreLib, Version=9.0.0.0, Culture=neutral, PublicKeyToken=7cec85d7bea7798e],[System.Int32, System.Private.CoreLib, Version=9.0.0.0, Culture=neutral, PublicKeyToken=7cec85d7bea7798e]]'.
2026-06-05 21:51:30.593 +00:00 [INF] Executed action API.Controllers.AuthController.RefreshToken (API) in 23.4028ms
2026-06-05 21:51:30.593 +00:00 [INF] Executed endpoint 'API.Controllers.AuthController.RefreshToken (API)'
2026-06-05 21:51:30.593 +00:00 [INF] Request finished HTTP/1.1 POST http://192.168.1.6:8080/api/auth/refresh - 200 null application/json; charset=utf-8 30.6974ms
2026-06-05 21:51:38.971 +00:00 [INF] Request starting HTTP/1.1 GET http://192.168.1.6:8080/api/token/access-token?page=1&limit=10 - null null
2026-06-05 21:51:38.971 +00:00 [INF] CORS policy execution successful.
2026-06-05 21:51:38.972 +00:00 [INF] ====== OnMessageReceived START ======
2026-06-05 21:51:38.972 +00:00 [INF] Available cookies: 2
2026-06-05 21:51:38.972 +00:00 [INF] Cookie: adminRefreshToken = 44 chars
2026-06-05 21:51:38.972 +00:00 [INF] Cookie: adminToken = 844 chars
2026-06-05 21:51:38.972 +00:00 [INF] Admin token found in cookies, length: 844
2026-06-05 21:51:38.972 +00:00 [INF] Request starting HTTP/1.1 GET http://192.168.1.6:8080/api/token/access-token - null null
2026-06-05 21:51:38.973 +00:00 [INF] Admin token set in context
2026-06-05 21:51:38.973 +00:00 [INF] CORS policy execution successful.
2026-06-05 21:51:38.973 +00:00 [INF] ====== OnMessageReceived END - Token set: true ======
2026-06-05 21:51:38.973 +00:00 [INF] ====== OnMessageReceived START ======
2026-06-05 21:51:38.974 +00:00 [INF] Token validated successfully for user: lengyelnorbi
2026-06-05 21:51:38.974 +00:00 [INF] Available cookies: 2
2026-06-05 21:51:38.974 +00:00 [INF] Device fingerprint headers - UA: Mozilla/5.0 (Windows NT 10.0; Win64; x64; rv:151.0) Gecko/20100101 Firefox/151.0, Accept: application/json, text/plain, */*, Encoding: gzip, deflate
2026-06-05 21:51:38.974 +00:00 [INF] Cookie: adminRefreshToken = 44 chars
2026-06-05 21:51:38.974 +00:00 [INF] Device fingerprint validation: Stored=/a2uf4z8rcBIhIr7KGbd6aahMr80Bhj+9uyLiYNZ66A=, Current=/a2uf4z8rcBIhIr7KGbd6aahMr80Bhj+9uyLiYNZ66A=
2026-06-05 21:51:38.974 +00:00 [INF] Cookie: adminToken = 844 chars
2026-06-05 21:51:38.975 +00:00 [INF] Admin token found in cookies, length: 844
2026-06-05 21:51:38.975 +00:00 [INF] Admin token set in context
2026-06-05 21:51:38.975 +00:00 [INF] ====== OnMessageReceived END - Token set: true ======
2026-06-05 21:51:38.975 +00:00 [INF] Token validated successfully for user: lengyelnorbi
2026-06-05 21:51:38.976 +00:00 [INF] Device fingerprint headers - UA: Mozilla/5.0 (Windows NT 10.0; Win64; x64; rv:151.0) Gecko/20100101 Firefox/151.0, Accept: application/json, text/plain, */*, Encoding: gzip, deflate
2026-06-05 21:51:38.976 +00:00 [INF] Device fingerprint validation: Stored=/a2uf4z8rcBIhIr7KGbd6aahMr80Bhj+9uyLiYNZ66A=, Current=/a2uf4z8rcBIhIr7KGbd6aahMr80Bhj+9uyLiYNZ66A=
2026-06-05 21:51:38.977 +00:00 [INF] Executed DbCommand (2ms) [Parameters=[@__jti_0='?', @__userId_1='?' (DbType = Int32)], CommandType='"Text"', CommandTimeout='30']
SELECT a."ID", a."CreatedAt", a."DeviceFingerprint", a."ExpiresAt", a."IpAddress", a."IsRevoked", a."UserID", a.jti
FROM "AccessTokens" AS a
WHERE a.jti = @__jti_0 AND a."UserID" = @__userId_1 AND NOT (a."IsRevoked") AND a."ExpiresAt" > now()
LIMIT 1
2026-06-05 21:51:38.978 +00:00 [INF] Executing endpoint 'API.Controllers.TokenController.GetAccessTokens (API)'
2026-06-05 21:51:38.978 +00:00 [INF] Route matched with {action = "GetAccessTokens", controller = "Token"}. Executing controller action with signature System.Threading.Tasks.Task`1[System.Collections.Generic.IEnumerable`1[API.Models.AccessToken]] GetAccessTokens() on controller API.Controllers.TokenController (API).
2026-06-05 21:51:38.978 +00:00 [INF] Executed DbCommand (1ms) [Parameters=[@__jti_0='?', @__userId_1='?' (DbType = Int32)], CommandType='"Text"', CommandTimeout='30']
SELECT a."ID", a."CreatedAt", a."DeviceFingerprint", a."ExpiresAt", a."IpAddress", a."IsRevoked", a."UserID", a.jti
FROM "AccessTokens" AS a
WHERE a.jti = @__jti_0 AND a."UserID" = @__userId_1 AND NOT (a."IsRevoked") AND a."ExpiresAt" > now()
LIMIT 1
2026-06-05 21:51:38.978 +00:00 [INF] Executing endpoint 'API.Controllers.TokenController.GetAccessTokens (API)'
2026-06-05 21:51:38.979 +00:00 [INF] Route matched with {action = "GetAccessTokens", controller = "Token"}. Executing controller action with signature System.Threading.Tasks.Task`1[System.Collections.Generic.IEnumerable`1[API.Models.AccessToken]] GetAccessTokens() on controller API.Controllers.TokenController (API).
2026-06-05 21:51:38.980 +00:00 [INF] Executed DbCommand (1ms) [Parameters=[], CommandType='"Text"', CommandTimeout='30']
SELECT a."ID", a."CreatedAt", a."DeviceFingerprint", a."ExpiresAt", a."IpAddress", a."IsRevoked", a."UserID", a.jti
FROM "AccessTokens" AS a
WHERE NOT (a."IsRevoked")
2026-06-05 21:51:38.980 +00:00 [INF] Executing ObjectResult, writing value of type 'System.Collections.Generic.List`1[[API.Models.AccessToken, API, Version=1.0.0.0, Culture=neutral, PublicKeyToken=null]]'.
2026-06-05 21:51:38.980 +00:00 [INF] Executed DbCommand (1ms) [Parameters=[], CommandType='"Text"', CommandTimeout='30']
SELECT a."ID", a."CreatedAt", a."DeviceFingerprint", a."ExpiresAt", a."IpAddress", a."IsRevoked", a."UserID", a.jti
FROM "AccessTokens" AS a
WHERE NOT (a."IsRevoked")
2026-06-05 21:51:38.981 +00:00 [INF] Executed action API.Controllers.TokenController.GetAccessTokens (API) in 2.9425ms
2026-06-05 21:51:38.981 +00:00 [INF] Executed endpoint 'API.Controllers.TokenController.GetAccessTokens (API)'
2026-06-05 21:51:38.981 +00:00 [INF] Executing ObjectResult, writing value of type 'System.Collections.Generic.List`1[[API.Models.AccessToken, API, Version=1.0.0.0, Culture=neutral, PublicKeyToken=null]]'.
2026-06-05 21:51:38.982 +00:00 [INF] Request finished HTTP/1.1 GET http://192.168.1.6:8080/api/token/access-token?page=1&limit=10 - 200 null application/json; charset=utf-8 11.0852ms
2026-06-05 21:51:38.982 +00:00 [INF] Executed action API.Controllers.TokenController.GetAccessTokens (API) in 3.1039ms
2026-06-05 21:51:38.982 +00:00 [INF] Executed endpoint 'API.Controllers.TokenController.GetAccessTokens (API)'
2026-06-05 21:51:38.983 +00:00 [INF] Request finished HTTP/1.1 GET http://192.168.1.6:8080/api/token/access-token - 200 null application/json; charset=utf-8 10.2471ms
2026-06-05 21:51:38.991 +00:00 [INF] Request starting HTTP/1.1 GET http://192.168.1.6:8080/api/token/access-token?page=1&limit=10 - null null
2026-06-05 21:51:38.992 +00:00 [INF] CORS policy execution successful.
2026-06-05 21:51:38.992 +00:00 [INF] ====== OnMessageReceived START ======
2026-06-05 21:51:38.992 +00:00 [INF] Available cookies: 2
2026-06-05 21:51:38.993 +00:00 [INF] Cookie: adminRefreshToken = 44 chars
2026-06-05 21:51:38.993 +00:00 [INF] Request starting HTTP/1.1 GET http://192.168.1.6:8080/api/token/access-token - null null
2026-06-05 21:51:38.993 +00:00 [INF] Cookie: adminToken = 844 chars
2026-06-05 21:51:38.993 +00:00 [INF] CORS policy execution successful.
2026-06-05 21:51:38.993 +00:00 [INF] Admin token found in cookies, length: 844
2026-06-05 21:51:38.993 +00:00 [INF] ====== OnMessageReceived START ======
2026-06-05 21:51:38.994 +00:00 [INF] Admin token set in context
2026-06-05 21:51:38.994 +00:00 [INF] Available cookies: 2
2026-06-05 21:51:38.994 +00:00 [INF] ====== OnMessageReceived END - Token set: true ======
2026-06-05 21:51:38.994 +00:00 [INF] Cookie: adminRefreshToken = 44 chars
2026-06-05 21:51:38.994 +00:00 [INF] Cookie: adminToken = 844 chars
2026-06-05 21:51:38.994 +00:00 [INF] Token validated successfully for user: lengyelnorbi
2026-06-05 21:51:38.995 +00:00 [INF] Admin token found in cookies, length: 844
2026-06-05 21:51:38.995 +00:00 [INF] Device fingerprint headers - UA: Mozilla/5.0 (Windows NT 10.0; Win64; x64; rv:151.0) Gecko/20100101 Firefox/151.0, Accept: application/json, text/plain, */*, Encoding: gzip, deflate
2026-06-05 21:51:38.995 +00:00 [INF] Admin token set in context
2026-06-05 21:51:38.995 +00:00 [INF] ====== OnMessageReceived END - Token set: true ======
2026-06-05 21:51:38.995 +00:00 [INF] Device fingerprint validation: Stored=/a2uf4z8rcBIhIr7KGbd6aahMr80Bhj+9uyLiYNZ66A=, Current=/a2uf4z8rcBIhIr7KGbd6aahMr80Bhj+9uyLiYNZ66A=
2026-06-05 21:51:38.995 +00:00 [INF] Token validated successfully for user: lengyelnorbi
2026-06-05 21:51:38.996 +00:00 [INF] Device fingerprint headers - UA: Mozilla/5.0 (Windows NT 10.0; Win64; x64; rv:151.0) Gecko/20100101 Firefox/151.0, Accept: application/json, text/plain, */*, Encoding: gzip, deflate
2026-06-05 21:51:38.996 +00:00 [INF] Device fingerprint validation: Stored=/a2uf4z8rcBIhIr7KGbd6aahMr80Bhj+9uyLiYNZ66A=, Current=/a2uf4z8rcBIhIr7KGbd6aahMr80Bhj+9uyLiYNZ66A=
2026-06-05 21:51:38.997 +00:00 [INF] Executed DbCommand (1ms) [Parameters=[@__jti_0='?', @__userId_1='?' (DbType = Int32)], CommandType='"Text"', CommandTimeout='30']
SELECT a."ID", a."CreatedAt", a."DeviceFingerprint", a."ExpiresAt", a."IpAddress", a."IsRevoked", a."UserID", a.jti
FROM "AccessTokens" AS a
WHERE a.jti = @__jti_0 AND a."UserID" = @__userId_1 AND NOT (a."IsRevoked") AND a."ExpiresAt" > now()
LIMIT 1
2026-06-05 21:51:38.997 +00:00 [INF] Executed DbCommand (1ms) [Parameters=[@__jti_0='?', @__userId_1='?' (DbType = Int32)], CommandType='"Text"', CommandTimeout='30']
SELECT a."ID", a."CreatedAt", a."DeviceFingerprint", a."ExpiresAt", a."IpAddress", a."IsRevoked", a."UserID", a.jti
FROM "AccessTokens" AS a
WHERE a.jti = @__jti_0 AND a."UserID" = @__userId_1 AND NOT (a."IsRevoked") AND a."ExpiresAt" > now()
LIMIT 1
2026-06-05 21:51:38.998 +00:00 [INF] Executing endpoint 'API.Controllers.TokenController.GetAccessTokens (API)'
2026-06-05 21:51:38.998 +00:00 [INF] Executing endpoint 'API.Controllers.TokenController.GetAccessTokens (API)'
2026-06-05 21:51:38.998 +00:00 [INF] Route matched with {action = "GetAccessTokens", controller = "Token"}. Executing controller action with signature System.Threading.Tasks.Task`1[System.Collections.Generic.IEnumerable`1[API.Models.AccessToken]] GetAccessTokens() on controller API.Controllers.TokenController (API).
2026-06-05 21:51:38.998 +00:00 [INF] Route matched with {action = "GetAccessTokens", controller = "Token"}. Executing controller action with signature System.Threading.Tasks.Task`1[System.Collections.Generic.IEnumerable`1[API.Models.AccessToken]] GetAccessTokens() on controller API.Controllers.TokenController (API).
2026-06-05 21:51:39.000 +00:00 [INF] Executed DbCommand (1ms) [Parameters=[], CommandType='"Text"', CommandTimeout='30']
SELECT a."ID", a."CreatedAt", a."DeviceFingerprint", a."ExpiresAt", a."IpAddress", a."IsRevoked", a."UserID", a.jti
FROM "AccessTokens" AS a
WHERE NOT (a."IsRevoked")
2026-06-05 21:51:39.000 +00:00 [INF] Executed DbCommand (1ms) [Parameters=[], CommandType='"Text"', CommandTimeout='30']
SELECT a."ID", a."CreatedAt", a."DeviceFingerprint", a."ExpiresAt", a."IpAddress", a."IsRevoked", a."UserID", a.jti
FROM "AccessTokens" AS a
WHERE NOT (a."IsRevoked")
2026-06-05 21:51:39.000 +00:00 [INF] Executing ObjectResult, writing value of type 'System.Collections.Generic.List`1[[API.Models.AccessToken, API, Version=1.0.0.0, Culture=neutral, PublicKeyToken=null]]'.
2026-06-05 21:51:39.000 +00:00 [INF] Executed action API.Controllers.TokenController.GetAccessTokens (API) in 2.0001ms
2026-06-05 21:51:39.001 +00:00 [INF] Executed endpoint 'API.Controllers.TokenController.GetAccessTokens (API)'
2026-06-05 21:51:39.001 +00:00 [INF] Request finished HTTP/1.1 GET http://192.168.1.6:8080/api/token/access-token?page=1&limit=10 - 200 null application/json; charset=utf-8 9.5988ms
2026-06-05 21:51:39.001 +00:00 [INF] Executing ObjectResult, writing value of type 'System.Collections.Generic.List`1[[API.Models.AccessToken, API, Version=1.0.0.0, Culture=neutral, PublicKeyToken=null]]'.
2026-06-05 21:51:39.002 +00:00 [INF] Executed action API.Controllers.TokenController.GetAccessTokens (API) in 3.3029ms
2026-06-05 21:51:39.002 +00:00 [INF] Executed endpoint 'API.Controllers.TokenController.GetAccessTokens (API)'
2026-06-05 21:51:39.002 +00:00 [INF] Request finished HTTP/1.1 GET http://192.168.1.6:8080/api/token/access-token - 200 null application/json; charset=utf-8 9.2375ms
2026-06-05 21:55:12.824 +00:00 [INF] Request starting HTTP/1.1 GET http://192.168.1.6:8080/api/token/access-token?page=1&limit=10 - null null
2026-06-05 21:55:12.824 +00:00 [INF] Request starting HTTP/1.1 GET http://192.168.1.6:8080/api/token/access-token - null null
2026-06-05 21:55:12.829 +00:00 [INF] CORS policy execution successful.
2026-06-05 21:55:12.829 +00:00 [INF] CORS policy execution successful.
2026-06-05 21:55:12.829 +00:00 [INF] ====== OnMessageReceived START ======
2026-06-05 21:55:12.830 +00:00 [INF] ====== OnMessageReceived START ======
2026-06-05 21:55:12.830 +00:00 [INF] Available cookies: 2
2026-06-05 21:55:12.830 +00:00 [INF] Available cookies: 2
2026-06-05 21:55:12.830 +00:00 [INF] Cookie: adminRefreshToken = 44 chars
2026-06-05 21:55:12.830 +00:00 [INF] Cookie: adminRefreshToken = 44 chars
2026-06-05 21:55:12.830 +00:00 [INF] Cookie: adminToken = 844 chars
2026-06-05 21:55:12.831 +00:00 [INF] Cookie: adminToken = 844 chars
2026-06-05 21:55:12.831 +00:00 [INF] Admin token found in cookies, length: 844
2026-06-05 21:55:12.831 +00:00 [INF] Admin token found in cookies, length: 844
2026-06-05 21:55:12.831 +00:00 [INF] Admin token set in context
2026-06-05 21:55:12.832 +00:00 [INF] Admin token set in context
2026-06-05 21:55:12.832 +00:00 [INF] ====== OnMessageReceived END - Token set: true ======
2026-06-05 21:55:12.832 +00:00 [INF] ====== OnMessageReceived END - Token set: true ======
2026-06-05 21:55:12.833 +00:00 [INF] Token validated successfully for user: lengyelnorbi
2026-06-05 21:55:12.833 +00:00 [INF] Token validated successfully for user: lengyelnorbi
2026-06-05 21:55:12.833 +00:00 [INF] Device fingerprint headers - UA: Mozilla/5.0 (Windows NT 10.0; Win64; x64; rv:151.0) Gecko/20100101 Firefox/151.0, Accept: application/json, text/plain, */*, Encoding: gzip, deflate
2026-06-05 21:55:12.833 +00:00 [INF] Device fingerprint headers - UA: Mozilla/5.0 (Windows NT 10.0; Win64; x64; rv:151.0) Gecko/20100101 Firefox/151.0, Accept: application/json, text/plain, */*, Encoding: gzip, deflate
2026-06-05 21:55:12.833 +00:00 [INF] Device fingerprint validation: Stored=/a2uf4z8rcBIhIr7KGbd6aahMr80Bhj+9uyLiYNZ66A=, Current=/a2uf4z8rcBIhIr7KGbd6aahMr80Bhj+9uyLiYNZ66A=
2026-06-05 21:55:12.833 +00:00 [INF] Device fingerprint validation: Stored=/a2uf4z8rcBIhIr7KGbd6aahMr80Bhj+9uyLiYNZ66A=, Current=/a2uf4z8rcBIhIr7KGbd6aahMr80Bhj+9uyLiYNZ66A=
2026-06-05 21:55:12.836 +00:00 [INF] Executed DbCommand (2ms) [Parameters=[@__jti_0='?', @__userId_1='?' (DbType = Int32)], CommandType='"Text"', CommandTimeout='30']
SELECT a."ID", a."CreatedAt", a."DeviceFingerprint", a."ExpiresAt", a."IpAddress", a."IsRevoked", a."UserID", a.jti
FROM "AccessTokens" AS a
WHERE a.jti = @__jti_0 AND a."UserID" = @__userId_1 AND NOT (a."IsRevoked") AND a."ExpiresAt" > now()
LIMIT 1
2026-06-05 21:55:12.836 +00:00 [INF] Executed DbCommand (2ms) [Parameters=[@__jti_0='?', @__userId_1='?' (DbType = Int32)], CommandType='"Text"', CommandTimeout='30']
SELECT a."ID", a."CreatedAt", a."DeviceFingerprint", a."ExpiresAt", a."IpAddress", a."IsRevoked", a."UserID", a.jti
FROM "AccessTokens" AS a
WHERE a.jti = @__jti_0 AND a."UserID" = @__userId_1 AND NOT (a."IsRevoked") AND a."ExpiresAt" > now()
LIMIT 1
2026-06-05 21:55:12.837 +00:00 [INF] Executing endpoint 'API.Controllers.TokenController.GetAccessTokens (API)'
2026-06-05 21:55:12.837 +00:00 [INF] Executing endpoint 'API.Controllers.TokenController.GetAccessTokens (API)'
2026-06-05 21:55:12.837 +00:00 [INF] Route matched with {action = "GetAccessTokens", controller = "Token"}. Executing controller action with signature System.Threading.Tasks.Task`1[System.Collections.Generic.IEnumerable`1[API.Models.AccessToken]] GetAccessTokens() on controller API.Controllers.TokenController (API).
2026-06-05 21:55:12.837 +00:00 [INF] Route matched with {action = "GetAccessTokens", controller = "Token"}. Executing controller action with signature System.Threading.Tasks.Task`1[System.Collections.Generic.IEnumerable`1[API.Models.AccessToken]] GetAccessTokens() on controller API.Controllers.TokenController (API).
2026-06-05 21:55:12.839 +00:00 [INF] Executed DbCommand (2ms) [Parameters=[], CommandType='"Text"', CommandTimeout='30']
SELECT a."ID", a."CreatedAt", a."DeviceFingerprint", a."ExpiresAt", a."IpAddress", a."IsRevoked", a."UserID", a.jti
FROM "AccessTokens" AS a
WHERE NOT (a."IsRevoked")
2026-06-05 21:55:12.839 +00:00 [INF] Executed DbCommand (2ms) [Parameters=[], CommandType='"Text"', CommandTimeout='30']
SELECT a."ID", a."CreatedAt", a."DeviceFingerprint", a."ExpiresAt", a."IpAddress", a."IsRevoked", a."UserID", a.jti
FROM "AccessTokens" AS a
WHERE NOT (a."IsRevoked")
2026-06-05 21:55:12.840 +00:00 [INF] Executing ObjectResult, writing value of type 'System.Collections.Generic.List`1[[API.Models.AccessToken, API, Version=1.0.0.0, Culture=neutral, PublicKeyToken=null]]'.
2026-06-05 21:55:12.840 +00:00 [INF] Executing ObjectResult, writing value of type 'System.Collections.Generic.List`1[[API.Models.AccessToken, API, Version=1.0.0.0, Culture=neutral, PublicKeyToken=null]]'.
2026-06-05 21:55:12.841 +00:00 [INF] Executed action API.Controllers.TokenController.GetAccessTokens (API) in 3.4275ms
2026-06-05 21:55:12.841 +00:00 [INF] Executed action API.Controllers.TokenController.GetAccessTokens (API) in 3.6093ms
2026-06-05 21:55:12.841 +00:00 [INF] Executed endpoint 'API.Controllers.TokenController.GetAccessTokens (API)'
2026-06-05 21:55:12.841 +00:00 [INF] Executed endpoint 'API.Controllers.TokenController.GetAccessTokens (API)'
2026-06-05 21:55:12.841 +00:00 [INF] Request finished HTTP/1.1 GET http://192.168.1.6:8080/api/token/access-token?page=1&limit=10 - 200 null application/json; charset=utf-8 17.3253ms
2026-06-05 21:55:12.841 +00:00 [INF] Request finished HTTP/1.1 GET http://192.168.1.6:8080/api/token/access-token - 499 null application/json; charset=utf-8 17.1854ms
2026-06-05 21:55:12.842 +00:00 [INF] Request starting HTTP/1.1 GET http://192.168.1.6:8080/api/token/access-token?page=1&limit=10 - null null
2026-06-05 21:55:12.842 +00:00 [INF] CORS policy execution successful.
2026-06-05 21:55:12.842 +00:00 [INF] Request starting HTTP/1.1 GET http://192.168.1.6:8080/api/token/access-token - null null
2026-06-05 21:55:12.842 +00:00 [INF] ====== OnMessageReceived START ======
2026-06-05 21:55:12.842 +00:00 [INF] CORS policy execution successful.
2026-06-05 21:55:12.843 +00:00 [INF] Available cookies: 2
2026-06-05 21:55:12.843 +00:00 [INF] ====== OnMessageReceived START ======
2026-06-05 21:55:12.843 +00:00 [INF] Cookie: adminRefreshToken = 44 chars
2026-06-05 21:55:12.843 +00:00 [INF] Available cookies: 2
2026-06-05 21:55:12.843 +00:00 [INF] Cookie: adminRefreshToken = 44 chars
2026-06-05 21:55:12.843 +00:00 [INF] Cookie: adminToken = 844 chars
2026-06-05 21:55:12.843 +00:00 [INF] Cookie: adminToken = 844 chars
2026-06-05 21:55:12.844 +00:00 [INF] Admin token found in cookies, length: 844
2026-06-05 21:55:12.844 +00:00 [INF] Admin token found in cookies, length: 844
2026-06-05 21:55:12.844 +00:00 [INF] Admin token set in context
2026-06-05 21:55:12.844 +00:00 [INF] Admin token set in context
2026-06-05 21:55:12.844 +00:00 [INF] ====== OnMessageReceived END - Token set: true ======
2026-06-05 21:55:12.844 +00:00 [INF] ====== OnMessageReceived END - Token set: true ======
2026-06-05 21:55:12.845 +00:00 [INF] Token validated successfully for user: lengyelnorbi
2026-06-05 21:55:12.845 +00:00 [INF] Token validated successfully for user: lengyelnorbi
2026-06-05 21:55:12.845 +00:00 [INF] Device fingerprint headers - UA: Mozilla/5.0 (Windows NT 10.0; Win64; x64; rv:151.0) Gecko/20100101 Firefox/151.0, Accept: application/json, text/plain, */*, Encoding: gzip, deflate
2026-06-05 21:55:12.845 +00:00 [INF] Device fingerprint headers - UA: Mozilla/5.0 (Windows NT 10.0; Win64; x64; rv:151.0) Gecko/20100101 Firefox/151.0, Accept: application/json, text/plain, */*, Encoding: gzip, deflate
2026-06-05 21:55:12.845 +00:00 [INF] Device fingerprint validation: Stored=/a2uf4z8rcBIhIr7KGbd6aahMr80Bhj+9uyLiYNZ66A=, Current=/a2uf4z8rcBIhIr7KGbd6aahMr80Bhj+9uyLiYNZ66A=
2026-06-05 21:55:12.845 +00:00 [INF] Device fingerprint validation: Stored=/a2uf4z8rcBIhIr7KGbd6aahMr80Bhj+9uyLiYNZ66A=, Current=/a2uf4z8rcBIhIr7KGbd6aahMr80Bhj+9uyLiYNZ66A=
2026-06-05 21:55:12.847 +00:00 [INF] Executed DbCommand (1ms) [Parameters=[@__jti_0='?', @__userId_1='?' (DbType = Int32)], CommandType='"Text"', CommandTimeout='30']
SELECT a."ID", a."CreatedAt", a."DeviceFingerprint", a."ExpiresAt", a."IpAddress", a."IsRevoked", a."UserID", a.jti
FROM "AccessTokens" AS a
WHERE a.jti = @__jti_0 AND a."UserID" = @__userId_1 AND NOT (a."IsRevoked") AND a."ExpiresAt" > now()
LIMIT 1
2026-06-05 21:55:12.847 +00:00 [INF] Executed DbCommand (1ms) [Parameters=[@__jti_0='?', @__userId_1='?' (DbType = Int32)], CommandType='"Text"', CommandTimeout='30']
SELECT a."ID", a."CreatedAt", a."DeviceFingerprint", a."ExpiresAt", a."IpAddress", a."IsRevoked", a."UserID", a.jti
FROM "AccessTokens" AS a
WHERE a.jti = @__jti_0 AND a."UserID" = @__userId_1 AND NOT (a."IsRevoked") AND a."ExpiresAt" > now()
LIMIT 1
2026-06-05 21:55:12.847 +00:00 [INF] Executing endpoint 'API.Controllers.TokenController.GetAccessTokens (API)'
2026-06-05 21:55:12.848 +00:00 [INF] Executing endpoint 'API.Controllers.TokenController.GetAccessTokens (API)'
2026-06-05 21:55:12.848 +00:00 [INF] Route matched with {action = "GetAccessTokens", controller = "Token"}. Executing controller action with signature System.Threading.Tasks.Task`1[System.Collections.Generic.IEnumerable`1[API.Models.AccessToken]] GetAccessTokens() on controller API.Controllers.TokenController (API).
2026-06-05 21:55:12.848 +00:00 [INF] Route matched with {action = "GetAccessTokens", controller = "Token"}. Executing controller action with signature System.Threading.Tasks.Task`1[System.Collections.Generic.IEnumerable`1[API.Models.AccessToken]] GetAccessTokens() on controller API.Controllers.TokenController (API).
2026-06-05 21:55:12.849 +00:00 [INF] Executed DbCommand (1ms) [Parameters=[], CommandType='"Text"', CommandTimeout='30']
SELECT a."ID", a."CreatedAt", a."DeviceFingerprint", a."ExpiresAt", a."IpAddress", a."IsRevoked", a."UserID", a.jti
FROM "AccessTokens" AS a
WHERE NOT (a."IsRevoked")
2026-06-05 21:55:12.849 +00:00 [INF] Executed DbCommand (1ms) [Parameters=[], CommandType='"Text"', CommandTimeout='30']
SELECT a."ID", a."CreatedAt", a."DeviceFingerprint", a."ExpiresAt", a."IpAddress", a."IsRevoked", a."UserID", a.jti
FROM "AccessTokens" AS a
WHERE NOT (a."IsRevoked")
2026-06-05 21:55:12.850 +00:00 [INF] Executing ObjectResult, writing value of type 'System.Collections.Generic.List`1[[API.Models.AccessToken, API, Version=1.0.0.0, Culture=neutral, PublicKeyToken=null]]'.
2026-06-05 21:55:12.850 +00:00 [INF] Executing ObjectResult, writing value of type 'System.Collections.Generic.List`1[[API.Models.AccessToken, API, Version=1.0.0.0, Culture=neutral, PublicKeyToken=null]]'.
2026-06-05 21:55:12.850 +00:00 [INF] Executed action API.Controllers.TokenController.GetAccessTokens (API) in 1.8969ms
2026-06-05 21:55:12.850 +00:00 [INF] Executed action API.Controllers.TokenController.GetAccessTokens (API) in 2.1055ms
2026-06-05 21:55:12.850 +00:00 [INF] Executed endpoint 'API.Controllers.TokenController.GetAccessTokens (API)'
2026-06-05 21:55:12.851 +00:00 [INF] Executed endpoint 'API.Controllers.TokenController.GetAccessTokens (API)'
2026-06-05 21:55:12.851 +00:00 [INF] Request finished HTTP/1.1 GET http://192.168.1.6:8080/api/token/access-token - 200 null application/json; charset=utf-8 8.7608ms
2026-06-05 21:55:12.851 +00:00 [INF] Request finished HTTP/1.1 GET http://192.168.1.6:8080/api/token/access-token?page=1&limit=10 - 200 null application/json; charset=utf-8 9.3466ms
2026-06-05 21:55:13.733 +00:00 [INF] Request starting HTTP/1.1 GET http://192.168.1.6:8080/api/token/access-token?page=1&limit=10 - null null
2026-06-05 21:55:13.733 +00:00 [INF] CORS policy execution successful.
2026-06-05 21:55:13.733 +00:00 [INF] ====== OnMessageReceived START ======
2026-06-05 21:55:13.733 +00:00 [INF] Available cookies: 2
2026-06-05 21:55:13.734 +00:00 [INF] Cookie: adminRefreshToken = 44 chars
2026-06-05 21:55:13.734 +00:00 [INF] Request starting HTTP/1.1 GET http://192.168.1.6:8080/api/token/access-token - null null
2026-06-05 21:55:13.735 +00:00 [INF] Cookie: adminToken = 844 chars
2026-06-05 21:55:13.735 +00:00 [INF] CORS policy execution successful.
2026-06-05 21:55:13.735 +00:00 [INF] Admin token found in cookies, length: 844
2026-06-05 21:55:13.735 +00:00 [INF] ====== OnMessageReceived START ======
2026-06-05 21:55:13.735 +00:00 [INF] Admin token set in context
2026-06-05 21:55:13.736 +00:00 [INF] Available cookies: 2
2026-06-05 21:55:13.736 +00:00 [INF] ====== OnMessageReceived END - Token set: true ======
2026-06-05 21:55:13.736 +00:00 [INF] Cookie: adminRefreshToken = 44 chars
2026-06-05 21:55:13.736 +00:00 [INF] Token validated successfully for user: lengyelnorbi
2026-06-05 21:55:13.736 +00:00 [INF] Cookie: adminToken = 844 chars
2026-06-05 21:55:13.736 +00:00 [INF] Device fingerprint headers - UA: Mozilla/5.0 (Windows NT 10.0; Win64; x64; rv:151.0) Gecko/20100101 Firefox/151.0, Accept: application/json, text/plain, */*, Encoding: gzip, deflate
2026-06-05 21:55:13.736 +00:00 [INF] Admin token found in cookies, length: 844
2026-06-05 21:55:13.736 +00:00 [INF] Device fingerprint validation: Stored=/a2uf4z8rcBIhIr7KGbd6aahMr80Bhj+9uyLiYNZ66A=, Current=/a2uf4z8rcBIhIr7KGbd6aahMr80Bhj+9uyLiYNZ66A=
2026-06-05 21:55:13.737 +00:00 [INF] Admin token set in context
2026-06-05 21:55:13.739 +00:00 [INF] Executed DbCommand (1ms) [Parameters=[@__jti_0='?', @__userId_1='?' (DbType = Int32)], CommandType='"Text"', CommandTimeout='30']
SELECT a."ID", a."CreatedAt", a."DeviceFingerprint", a."ExpiresAt", a."IpAddress", a."IsRevoked", a."UserID", a.jti
FROM "AccessTokens" AS a
WHERE a.jti = @__jti_0 AND a."UserID" = @__userId_1 AND NOT (a."IsRevoked") AND a."ExpiresAt" > now()
LIMIT 1
2026-06-05 21:55:13.741 +00:00 [INF] ====== OnMessageReceived END - Token set: true ======
2026-06-05 21:55:13.741 +00:00 [INF] Executing endpoint 'API.Controllers.TokenController.GetAccessTokens (API)'
2026-06-05 21:55:13.741 +00:00 [INF] Token validated successfully for user: lengyelnorbi
2026-06-05 21:55:13.741 +00:00 [INF] Route matched with {action = "GetAccessTokens", controller = "Token"}. Executing controller action with signature System.Threading.Tasks.Task`1[System.Collections.Generic.IEnumerable`1[API.Models.AccessToken]] GetAccessTokens() on controller API.Controllers.TokenController (API).
2026-06-05 21:55:13.741 +00:00 [INF] Device fingerprint headers - UA: Mozilla/5.0 (Windows NT 10.0; Win64; x64; rv:151.0) Gecko/20100101 Firefox/151.0, Accept: application/json, text/plain, */*, Encoding: gzip, deflate
2026-06-05 21:55:13.742 +00:00 [INF] Device fingerprint validation: Stored=/a2uf4z8rcBIhIr7KGbd6aahMr80Bhj+9uyLiYNZ66A=, Current=/a2uf4z8rcBIhIr7KGbd6aahMr80Bhj+9uyLiYNZ66A=
2026-06-05 21:55:13.743 +00:00 [INF] Executed DbCommand (1ms) [Parameters=[], CommandType='"Text"', CommandTimeout='30']
SELECT a."ID", a."CreatedAt", a."DeviceFingerprint", a."ExpiresAt", a."IpAddress", a."IsRevoked", a."UserID", a.jti
FROM "AccessTokens" AS a
WHERE NOT (a."IsRevoked")
2026-06-05 21:55:13.744 +00:00 [INF] Executed DbCommand (1ms) [Parameters=[@__jti_0='?', @__userId_1='?' (DbType = Int32)], CommandType='"Text"', CommandTimeout='30']
SELECT a."ID", a."CreatedAt", a."DeviceFingerprint", a."ExpiresAt", a."IpAddress", a."IsRevoked", a."UserID", a.jti
FROM "AccessTokens" AS a
WHERE a.jti = @__jti_0 AND a."UserID" = @__userId_1 AND NOT (a."IsRevoked") AND a."ExpiresAt" > now()
LIMIT 1
2026-06-05 21:55:13.744 +00:00 [INF] Executing endpoint 'API.Controllers.TokenController.GetAccessTokens (API)'
2026-06-05 21:55:13.744 +00:00 [INF] Route matched with {action = "GetAccessTokens", controller = "Token"}. Executing controller action with signature System.Threading.Tasks.Task`1[System.Collections.Generic.IEnumerable`1[API.Models.AccessToken]] GetAccessTokens() on controller API.Controllers.TokenController (API).
2026-06-05 21:55:13.744 +00:00 [INF] Executing ObjectResult, writing value of type 'System.Collections.Generic.List`1[[API.Models.AccessToken, API, Version=1.0.0.0, Culture=neutral, PublicKeyToken=null]]'.
2026-06-05 21:55:13.745 +00:00 [INF] Executed action API.Controllers.TokenController.GetAccessTokens (API) in 2.9739ms
2026-06-05 21:55:13.745 +00:00 [INF] Executed endpoint 'API.Controllers.TokenController.GetAccessTokens (API)'
2026-06-05 21:55:13.745 +00:00 [INF] Request finished HTTP/1.1 GET http://192.168.1.6:8080/api/token/access-token?page=1&limit=10 - 200 null application/json; charset=utf-8 12.8303ms
2026-06-05 21:55:13.746 +00:00 [INF] Executed DbCommand (1ms) [Parameters=[], CommandType='"Text"', CommandTimeout='30']
SELECT a."ID", a."CreatedAt", a."DeviceFingerprint", a."ExpiresAt", a."IpAddress", a."IsRevoked", a."UserID", a.jti
FROM "AccessTokens" AS a
WHERE NOT (a."IsRevoked")
2026-06-05 21:55:13.746 +00:00 [INF] Executing ObjectResult, writing value of type 'System.Collections.Generic.List`1[[API.Models.AccessToken, API, Version=1.0.0.0, Culture=neutral, PublicKeyToken=null]]'.
2026-06-05 21:55:13.747 +00:00 [INF] Executed action API.Controllers.TokenController.GetAccessTokens (API) in 2.3523ms
2026-06-05 21:55:13.747 +00:00 [INF] Executed endpoint 'API.Controllers.TokenController.GetAccessTokens (API)'
2026-06-05 21:55:13.747 +00:00 [INF] Request finished HTTP/1.1 GET http://192.168.1.6:8080/api/token/access-token - 200 null application/json; charset=utf-8 13.2524ms
2026-06-05 21:55:14.514 +00:00 [INF] Request starting HTTP/1.1 GET http://192.168.1.6:8080/api/token/access-token?page=1&limit=10 - null null
2026-06-05 21:55:14.515 +00:00 [INF] CORS policy execution successful.
2026-06-05 21:55:14.515 +00:00 [INF] ====== OnMessageReceived START ======
2026-06-05 21:55:14.515 +00:00 [INF] Available cookies: 2
2026-06-05 21:55:14.515 +00:00 [INF] Cookie: adminRefreshToken = 44 chars
2026-06-05 21:55:14.515 +00:00 [INF] Cookie: adminToken = 844 chars
2026-06-05 21:55:14.516 +00:00 [INF] Admin token found in cookies, length: 844
2026-06-05 21:55:14.516 +00:00 [INF] Admin token set in context
2026-06-05 21:55:14.516 +00:00 [INF] ====== OnMessageReceived END - Token set: true ======
2026-06-05 21:55:14.516 +00:00 [INF] Token validated successfully for user: lengyelnorbi
2026-06-05 21:55:14.516 +00:00 [INF] Device fingerprint headers - UA: Mozilla/5.0 (Windows NT 10.0; Win64; x64; rv:151.0) Gecko/20100101 Firefox/151.0, Accept: application/json, text/plain, */*, Encoding: gzip, deflate
2026-06-05 21:55:14.517 +00:00 [INF] Device fingerprint validation: Stored=/a2uf4z8rcBIhIr7KGbd6aahMr80Bhj+9uyLiYNZ66A=, Current=/a2uf4z8rcBIhIr7KGbd6aahMr80Bhj+9uyLiYNZ66A=
2026-06-05 21:55:14.518 +00:00 [INF] Request starting HTTP/1.1 GET http://192.168.1.6:8080/api/token/access-token - null null
2026-06-05 21:55:14.518 +00:00 [INF] CORS policy execution successful.
2026-06-05 21:55:14.518 +00:00 [INF] ====== OnMessageReceived START ======
2026-06-05 21:55:14.518 +00:00 [INF] Available cookies: 2
2026-06-05 21:55:14.519 +00:00 [INF] Cookie: adminRefreshToken = 44 chars
2026-06-05 21:55:14.519 +00:00 [INF] Cookie: adminToken = 844 chars
2026-06-05 21:55:14.519 +00:00 [INF] Executed DbCommand (2ms) [Parameters=[@__jti_0='?', @__userId_1='?' (DbType = Int32)], CommandType='"Text"', CommandTimeout='30']
SELECT a."ID", a."CreatedAt", a."DeviceFingerprint", a."ExpiresAt", a."IpAddress", a."IsRevoked", a."UserID", a.jti
FROM "AccessTokens" AS a
WHERE a.jti = @__jti_0 AND a."UserID" = @__userId_1 AND NOT (a."IsRevoked") AND a."ExpiresAt" > now()
LIMIT 1
2026-06-05 21:55:14.519 +00:00 [INF] Admin token found in cookies, length: 844
2026-06-05 21:55:14.519 +00:00 [INF] Executing endpoint 'API.Controllers.TokenController.GetAccessTokens (API)'
2026-06-05 21:55:14.520 +00:00 [INF] Admin token set in context
2026-06-05 21:55:14.520 +00:00 [INF] Route matched with {action = "GetAccessTokens", controller = "Token"}. Executing controller action with signature System.Threading.Tasks.Task`1[System.Collections.Generic.IEnumerable`1[API.Models.AccessToken]] GetAccessTokens() on controller API.Controllers.TokenController (API).
2026-06-05 21:55:14.520 +00:00 [INF] ====== OnMessageReceived END - Token set: true ======
2026-06-05 21:55:14.520 +00:00 [INF] Token validated successfully for user: lengyelnorbi
2026-06-05 21:55:14.520 +00:00 [INF] Device fingerprint headers - UA: Mozilla/5.0 (Windows NT 10.0; Win64; x64; rv:151.0) Gecko/20100101 Firefox/151.0, Accept: application/json, text/plain, */*, Encoding: gzip, deflate
2026-06-05 21:55:14.521 +00:00 [INF] Device fingerprint validation: Stored=/a2uf4z8rcBIhIr7KGbd6aahMr80Bhj+9uyLiYNZ66A=, Current=/a2uf4z8rcBIhIr7KGbd6aahMr80Bhj+9uyLiYNZ66A=
2026-06-05 21:55:14.522 +00:00 [INF] Executed DbCommand (1ms) [Parameters=[], CommandType='"Text"', CommandTimeout='30']
SELECT a."ID", a."CreatedAt", a."DeviceFingerprint", a."ExpiresAt", a."IpAddress", a."IsRevoked", a."UserID", a.jti
FROM "AccessTokens" AS a
WHERE NOT (a."IsRevoked")
2026-06-05 21:55:14.522 +00:00 [INF] Executing ObjectResult, writing value of type 'System.Collections.Generic.List`1[[API.Models.AccessToken, API, Version=1.0.0.0, Culture=neutral, PublicKeyToken=null]]'.
2026-06-05 21:55:14.523 +00:00 [INF] Executed action API.Controllers.TokenController.GetAccessTokens (API) in 2.5631ms
2026-06-05 21:55:14.523 +00:00 [INF] Executed endpoint 'API.Controllers.TokenController.GetAccessTokens (API)'
2026-06-05 21:55:14.523 +00:00 [INF] Executed DbCommand (1ms) [Parameters=[@__jti_0='?', @__userId_1='?' (DbType = Int32)], CommandType='"Text"', CommandTimeout='30']
SELECT a."ID", a."CreatedAt", a."DeviceFingerprint", a."ExpiresAt", a."IpAddress", a."IsRevoked", a."UserID", a.jti
FROM "AccessTokens" AS a
WHERE a.jti = @__jti_0 AND a."UserID" = @__userId_1 AND NOT (a."IsRevoked") AND a."ExpiresAt" > now()
LIMIT 1
2026-06-05 21:55:14.523 +00:00 [INF] Request finished HTTP/1.1 GET http://192.168.1.6:8080/api/token/access-token?page=1&limit=10 - 200 null application/json; charset=utf-8 8.7866ms
2026-06-05 21:55:14.523 +00:00 [INF] Executing endpoint 'API.Controllers.TokenController.GetAccessTokens (API)'
2026-06-05 21:55:14.523 +00:00 [INF] Route matched with {action = "GetAccessTokens", controller = "Token"}. Executing controller action with signature System.Threading.Tasks.Task`1[System.Collections.Generic.IEnumerable`1[API.Models.AccessToken]] GetAccessTokens() on controller API.Controllers.TokenController (API).
2026-06-05 21:55:14.525 +00:00 [INF] Executed DbCommand (1ms) [Parameters=[], CommandType='"Text"', CommandTimeout='30']
SELECT a."ID", a."CreatedAt", a."DeviceFingerprint", a."ExpiresAt", a."IpAddress", a."IsRevoked", a."UserID", a.jti
FROM "AccessTokens" AS a
WHERE NOT (a."IsRevoked")
2026-06-05 21:55:14.526 +00:00 [INF] Executing ObjectResult, writing value of type 'System.Collections.Generic.List`1[[API.Models.AccessToken, API, Version=1.0.0.0, Culture=neutral, PublicKeyToken=null]]'.
2026-06-05 21:55:14.526 +00:00 [INF] Executed action API.Controllers.TokenController.GetAccessTokens (API) in 2.7126ms
2026-06-05 21:55:14.527 +00:00 [INF] Executed endpoint 'API.Controllers.TokenController.GetAccessTokens (API)'
2026-06-05 21:55:14.527 +00:00 [INF] Request finished HTTP/1.1 GET http://192.168.1.6:8080/api/token/access-token - 200 null application/json; charset=utf-8 8.8983ms
2026-06-05 21:55:15.044 +00:00 [INF] Request starting HTTP/1.1 GET http://192.168.1.6:8080/api/token/access-token?page=1&limit=10 - null null
2026-06-05 21:55:15.044 +00:00 [INF] CORS policy execution successful.
2026-06-05 21:55:15.044 +00:00 [INF] ====== OnMessageReceived START ======
2026-06-05 21:55:15.045 +00:00 [INF] Available cookies: 2
2026-06-05 21:55:15.045 +00:00 [INF] Request starting HTTP/1.1 GET http://192.168.1.6:8080/api/token/access-token - null null
2026-06-05 21:55:15.045 +00:00 [INF] Cookie: adminRefreshToken = 44 chars
2026-06-05 21:55:15.045 +00:00 [INF] CORS policy execution successful.
2026-06-05 21:55:15.045 +00:00 [INF] Cookie: adminToken = 844 chars
2026-06-05 21:55:15.045 +00:00 [INF] ====== OnMessageReceived START ======
2026-06-05 21:55:15.045 +00:00 [INF] Admin token found in cookies, length: 844
2026-06-05 21:55:15.046 +00:00 [INF] Available cookies: 2
2026-06-05 21:55:15.046 +00:00 [INF] Admin token set in context
2026-06-05 21:55:15.046 +00:00 [INF] Cookie: adminRefreshToken = 44 chars
2026-06-05 21:55:15.046 +00:00 [INF] ====== OnMessageReceived END - Token set: true ======
2026-06-05 21:55:15.046 +00:00 [INF] Cookie: adminToken = 844 chars
2026-06-05 21:55:15.047 +00:00 [INF] Admin token found in cookies, length: 844
2026-06-05 21:55:15.047 +00:00 [INF] Token validated successfully for user: lengyelnorbi
2026-06-05 21:55:15.047 +00:00 [INF] Admin token set in context
2026-06-05 21:55:15.047 +00:00 [INF] ====== OnMessageReceived END - Token set: true ======
2026-06-05 21:55:15.047 +00:00 [INF] Device fingerprint headers - UA: Mozilla/5.0 (Windows NT 10.0; Win64; x64; rv:151.0) Gecko/20100101 Firefox/151.0, Accept: application/json, text/plain, */*, Encoding: gzip, deflate
2026-06-05 21:55:15.047 +00:00 [INF] Token validated successfully for user: lengyelnorbi
2026-06-05 21:55:15.047 +00:00 [INF] Device fingerprint validation: Stored=/a2uf4z8rcBIhIr7KGbd6aahMr80Bhj+9uyLiYNZ66A=, Current=/a2uf4z8rcBIhIr7KGbd6aahMr80Bhj+9uyLiYNZ66A=
2026-06-05 21:55:15.047 +00:00 [INF] Device fingerprint headers - UA: Mozilla/5.0 (Windows NT 10.0; Win64; x64; rv:151.0) Gecko/20100101 Firefox/151.0, Accept: application/json, text/plain, */*, Encoding: gzip, deflate
2026-06-05 21:55:15.048 +00:00 [INF] Device fingerprint validation: Stored=/a2uf4z8rcBIhIr7KGbd6aahMr80Bhj+9uyLiYNZ66A=, Current=/a2uf4z8rcBIhIr7KGbd6aahMr80Bhj+9uyLiYNZ66A=
2026-06-05 21:55:15.050 +00:00 [INF] Executed DbCommand (1ms) [Parameters=[@__jti_0='?', @__userId_1='?' (DbType = Int32)], CommandType='"Text"', CommandTimeout='30']
SELECT a."ID", a."CreatedAt", a."DeviceFingerprint", a."ExpiresAt", a."IpAddress", a."IsRevoked", a."UserID", a.jti
FROM "AccessTokens" AS a
WHERE a.jti = @__jti_0 AND a."UserID" = @__userId_1 AND NOT (a."IsRevoked") AND a."ExpiresAt" > now()
LIMIT 1
2026-06-05 21:55:15.050 +00:00 [INF] Executed DbCommand (1ms) [Parameters=[@__jti_0='?', @__userId_1='?' (DbType = Int32)], CommandType='"Text"', CommandTimeout='30']
SELECT a."ID", a."CreatedAt", a."DeviceFingerprint", a."ExpiresAt", a."IpAddress", a."IsRevoked", a."UserID", a.jti
FROM "AccessTokens" AS a
WHERE a.jti = @__jti_0 AND a."UserID" = @__userId_1 AND NOT (a."IsRevoked") AND a."ExpiresAt" > now()
LIMIT 1
2026-06-05 21:55:15.050 +00:00 [INF] Executing endpoint 'API.Controllers.TokenController.GetAccessTokens (API)'
2026-06-05 21:55:15.050 +00:00 [INF] Executing endpoint 'API.Controllers.TokenController.GetAccessTokens (API)'
2026-06-05 21:55:15.050 +00:00 [INF] Route matched with {action = "GetAccessTokens", controller = "Token"}. Executing controller action with signature System.Threading.Tasks.Task`1[System.Collections.Generic.IEnumerable`1[API.Models.AccessToken]] GetAccessTokens() on controller API.Controllers.TokenController (API).
2026-06-05 21:55:15.051 +00:00 [INF] Route matched with {action = "GetAccessTokens", controller = "Token"}. Executing controller action with signature System.Threading.Tasks.Task`1[System.Collections.Generic.IEnumerable`1[API.Models.AccessToken]] GetAccessTokens() on controller API.Controllers.TokenController (API).
2026-06-05 21:55:15.052 +00:00 [INF] Executed DbCommand (1ms) [Parameters=[], CommandType='"Text"', CommandTimeout='30']
SELECT a."ID", a."CreatedAt", a."DeviceFingerprint", a."ExpiresAt", a."IpAddress", a."IsRevoked", a."UserID", a.jti
FROM "AccessTokens" AS a
WHERE NOT (a."IsRevoked")
2026-06-05 21:55:15.053 +00:00 [INF] Executing ObjectResult, writing value of type 'System.Collections.Generic.List`1[[API.Models.AccessToken, API, Version=1.0.0.0, Culture=neutral, PublicKeyToken=null]]'.
2026-06-05 21:55:15.053 +00:00 [INF] Executed DbCommand (1ms) [Parameters=[], CommandType='"Text"', CommandTimeout='30']
SELECT a."ID", a."CreatedAt", a."DeviceFingerprint", a."ExpiresAt", a."IpAddress", a."IsRevoked", a."UserID", a.jti
FROM "AccessTokens" AS a
WHERE NOT (a."IsRevoked")
2026-06-05 21:55:15.053 +00:00 [INF] Executed action API.Controllers.TokenController.GetAccessTokens (API) in 2.416ms
2026-06-05 21:55:15.053 +00:00 [INF] Executed endpoint 'API.Controllers.TokenController.GetAccessTokens (API)'
2026-06-05 21:55:15.054 +00:00 [INF] Request finished HTTP/1.1 GET http://192.168.1.6:8080/api/token/access-token?page=1&limit=10 - 200 null application/json; charset=utf-8 9.9694ms
2026-06-05 21:55:15.054 +00:00 [INF] Executing ObjectResult, writing value of type 'System.Collections.Generic.List`1[[API.Models.AccessToken, API, Version=1.0.0.0, Culture=neutral, PublicKeyToken=null]]'.
2026-06-05 21:55:15.054 +00:00 [INF] Executed action API.Controllers.TokenController.GetAccessTokens (API) in 2.5742ms
2026-06-05 21:55:15.055 +00:00 [INF] Executed endpoint 'API.Controllers.TokenController.GetAccessTokens (API)'
2026-06-05 21:55:15.055 +00:00 [INF] Request finished HTTP/1.1 GET http://192.168.1.6:8080/api/token/access-token - 200 null application/json; charset=utf-8 10.1106ms
2026-06-05 21:55:31.861 +00:00 [INF] Request starting HTTP/1.1 GET http://192.168.1.6:8080/api/token/access-token?page=1&limit=10 - null null
2026-06-05 21:55:31.861 +00:00 [INF] CORS policy execution successful.
2026-06-05 21:55:31.862 +00:00 [INF] ====== OnMessageReceived START ======
2026-06-05 21:55:31.862 +00:00 [INF] Available cookies: 2
2026-06-05 21:55:31.862 +00:00 [INF] Cookie: adminRefreshToken = 44 chars
2026-06-05 21:55:31.862 +00:00 [INF] Cookie: adminToken = 844 chars
2026-06-05 21:55:31.862 +00:00 [INF] Admin token found in cookies, length: 844
2026-06-05 21:55:31.862 +00:00 [INF] Admin token set in context
2026-06-05 21:55:31.862 +00:00 [INF] ====== OnMessageReceived END - Token set: true ======
2026-06-05 21:55:31.863 +00:00 [INF] Token validated successfully for user: lengyelnorbi
2026-06-05 21:55:31.863 +00:00 [INF] Device fingerprint headers - UA: Mozilla/5.0 (Windows NT 10.0; Win64; x64; rv:151.0) Gecko/20100101 Firefox/151.0, Accept: application/json, text/plain, */*, Encoding: gzip, deflate
2026-06-05 21:55:31.863 +00:00 [INF] Device fingerprint validation: Stored=/a2uf4z8rcBIhIr7KGbd6aahMr80Bhj+9uyLiYNZ66A=, Current=/a2uf4z8rcBIhIr7KGbd6aahMr80Bhj+9uyLiYNZ66A=
2026-06-05 21:55:31.865 +00:00 [INF] Executed DbCommand (1ms) [Parameters=[@__jti_0='?', @__userId_1='?' (DbType = Int32)], CommandType='"Text"', CommandTimeout='30']
SELECT a."ID", a."CreatedAt", a."DeviceFingerprint", a."ExpiresAt", a."IpAddress", a."IsRevoked", a."UserID", a.jti
FROM "AccessTokens" AS a
WHERE a.jti = @__jti_0 AND a."UserID" = @__userId_1 AND NOT (a."IsRevoked") AND a."ExpiresAt" > now()
LIMIT 1
2026-06-05 21:55:31.866 +00:00 [INF] Request starting HTTP/1.1 GET http://192.168.1.6:8080/api/token/access-token - null null
2026-06-05 21:55:31.867 +00:00 [INF] Executing endpoint 'API.Controllers.TokenController.GetAccessTokens (API)'
2026-06-05 21:55:31.867 +00:00 [INF] CORS policy execution successful.
2026-06-05 21:55:31.867 +00:00 [INF] Route matched with {action = "GetAccessTokens", controller = "Token"}. Executing controller action with signature System.Threading.Tasks.Task`1[System.Collections.Generic.IEnumerable`1[API.Models.AccessToken]] GetAccessTokens() on controller API.Controllers.TokenController (API).
2026-06-05 21:55:31.867 +00:00 [INF] ====== OnMessageReceived START ======
2026-06-05 21:55:31.867 +00:00 [INF] Available cookies: 2
2026-06-05 21:55:31.867 +00:00 [INF] Cookie: adminRefreshToken = 44 chars
2026-06-05 21:55:31.868 +00:00 [INF] Cookie: adminToken = 844 chars
2026-06-05 21:55:31.868 +00:00 [INF] Admin token found in cookies, length: 844
2026-06-05 21:55:31.868 +00:00 [INF] Admin token set in context
2026-06-05 21:55:31.868 +00:00 [INF] ====== OnMessageReceived END - Token set: true ======
2026-06-05 21:55:31.868 +00:00 [INF] Token validated successfully for user: lengyelnorbi
2026-06-05 21:55:31.868 +00:00 [INF] Device fingerprint headers - UA: Mozilla/5.0 (Windows NT 10.0; Win64; x64; rv:151.0) Gecko/20100101 Firefox/151.0, Accept: application/json, text/plain, */*, Encoding: gzip, deflate
2026-06-05 21:55:31.868 +00:00 [INF] Executed DbCommand (1ms) [Parameters=[], CommandType='"Text"', CommandTimeout='30']
SELECT a."ID", a."CreatedAt", a."DeviceFingerprint", a."ExpiresAt", a."IpAddress", a."IsRevoked", a."UserID", a.jti
FROM "AccessTokens" AS a
WHERE NOT (a."IsRevoked")
2026-06-05 21:55:31.869 +00:00 [INF] Device fingerprint validation: Stored=/a2uf4z8rcBIhIr7KGbd6aahMr80Bhj+9uyLiYNZ66A=, Current=/a2uf4z8rcBIhIr7KGbd6aahMr80Bhj+9uyLiYNZ66A=
2026-06-05 21:55:31.869 +00:00 [INF] Executing ObjectResult, writing value of type 'System.Collections.Generic.List`1[[API.Models.AccessToken, API, Version=1.0.0.0, Culture=neutral, PublicKeyToken=null]]'.
2026-06-05 21:55:31.869 +00:00 [INF] Executed action API.Controllers.TokenController.GetAccessTokens (API) in 2.1045ms
2026-06-05 21:55:31.869 +00:00 [INF] Executed endpoint 'API.Controllers.TokenController.GetAccessTokens (API)'
2026-06-05 21:55:31.870 +00:00 [INF] Request finished HTTP/1.1 GET http://192.168.1.6:8080/api/token/access-token?page=1&limit=10 - 200 null application/json; charset=utf-8 8.7978ms
2026-06-05 21:55:31.870 +00:00 [INF] Executed DbCommand (1ms) [Parameters=[@__jti_0='?', @__userId_1='?' (DbType = Int32)], CommandType='"Text"', CommandTimeout='30']
SELECT a."ID", a."CreatedAt", a."DeviceFingerprint", a."ExpiresAt", a."IpAddress", a."IsRevoked", a."UserID", a.jti
FROM "AccessTokens" AS a
WHERE a.jti = @__jti_0 AND a."UserID" = @__userId_1 AND NOT (a."IsRevoked") AND a."ExpiresAt" > now()
LIMIT 1
2026-06-05 21:55:31.871 +00:00 [INF] Executing endpoint 'API.Controllers.TokenController.GetAccessTokens (API)'
2026-06-05 21:55:31.871 +00:00 [INF] Route matched with {action = "GetAccessTokens", controller = "Token"}. Executing controller action with signature System.Threading.Tasks.Task`1[System.Collections.Generic.IEnumerable`1[API.Models.AccessToken]] GetAccessTokens() on controller API.Controllers.TokenController (API).
2026-06-05 21:55:31.872 +00:00 [INF] Executed DbCommand (1ms) [Parameters=[], CommandType='"Text"', CommandTimeout='30']
SELECT a."ID", a."CreatedAt", a."DeviceFingerprint", a."ExpiresAt", a."IpAddress", a."IsRevoked", a."UserID", a.jti
FROM "AccessTokens" AS a
WHERE NOT (a."IsRevoked")
2026-06-05 21:55:31.873 +00:00 [INF] Executing ObjectResult, writing value of type 'System.Collections.Generic.List`1[[API.Models.AccessToken, API, Version=1.0.0.0, Culture=neutral, PublicKeyToken=null]]'.
2026-06-05 21:55:31.873 +00:00 [INF] Executed action API.Controllers.TokenController.GetAccessTokens (API) in 2.0903ms
2026-06-05 21:55:31.873 +00:00 [INF] Executed endpoint 'API.Controllers.TokenController.GetAccessTokens (API)'
2026-06-05 21:55:31.873 +00:00 [INF] Request finished HTTP/1.1 GET http://192.168.1.6:8080/api/token/access-token - 200 null application/json; charset=utf-8 7.0626ms
2026-06-05 21:56:02.246 +00:00 [INF] Request starting HTTP/1.1 OPTIONS http://192.168.1.6:8080/api/auth/refresh - null null
2026-06-05 21:56:02.246 +00:00 [INF] CORS policy execution successful.
2026-06-05 21:56:02.246 +00:00 [INF] Request finished HTTP/1.1 OPTIONS http://192.168.1.6:8080/api/auth/refresh - 204 null null 0.6832ms
2026-06-05 21:56:02.248 +00:00 [INF] Request starting HTTP/1.1 POST http://192.168.1.6:8080/api/auth/refresh - application/json 18
2026-06-05 21:56:02.249 +00:00 [INF] CORS policy execution successful.
2026-06-05 21:56:02.249 +00:00 [INF] ====== OnMessageReceived START ======
2026-06-05 21:56:02.249 +00:00 [INF] Available cookies: 2
2026-06-05 21:56:02.249 +00:00 [INF] Cookie: adminRefreshToken = 44 chars
2026-06-05 21:56:02.249 +00:00 [INF] Cookie: adminToken = 844 chars
2026-06-05 21:56:02.249 +00:00 [INF] Admin token found in cookies, length: 844
2026-06-05 21:56:02.250 +00:00 [INF] Admin token set in context
2026-06-05 21:56:02.250 +00:00 [INF] ====== OnMessageReceived END - Token set: true ======
2026-06-05 21:56:02.250 +00:00 [INF] Token validated successfully for user: lengyelnorbi
2026-06-05 21:56:02.250 +00:00 [INF] Device fingerprint headers - UA: Mozilla/5.0 (Windows NT 10.0; Win64; x64; rv:151.0) Gecko/20100101 Firefox/151.0, Accept: */*, Encoding: gzip, deflate
2026-06-05 21:56:02.250 +00:00 [INF] Device fingerprint validation: Stored=/a2uf4z8rcBIhIr7KGbd6aahMr80Bhj+9uyLiYNZ66A=, Current=/a2uf4z8rcBIhIr7KGbd6aahMr80Bhj+9uyLiYNZ66A=
2026-06-05 21:56:02.262 +00:00 [INF] Executed DbCommand (3ms) [Parameters=[@__jti_0='?', @__userId_1='?' (DbType = Int32)], CommandType='"Text"', CommandTimeout='30']
SELECT a."ID", a."CreatedAt", a."DeviceFingerprint", a."ExpiresAt", a."IpAddress", a."IsRevoked", a."UserID", a.jti
FROM "AccessTokens" AS a
WHERE a.jti = @__jti_0 AND a."UserID" = @__userId_1 AND NOT (a."IsRevoked") AND a."ExpiresAt" > now()
LIMIT 1
2026-06-05 21:56:02.264 +00:00 [INF] Executing endpoint 'API.Controllers.AuthController.RefreshToken (API)'
2026-06-05 21:56:02.264 +00:00 [INF] Route matched with {action = "RefreshToken", controller = "Auth"}. Executing controller action with signature System.Threading.Tasks.Task`1[Microsoft.AspNetCore.Mvc.IActionResult] RefreshToken(API.Models.RequestModels.RefreshRequest) on controller API.Controllers.AuthController (API).
2026-06-05 21:56:02.265 +00:00 [INF] Token refresh attempt at "2026-06-05T21:56:02.2652285Z"
2026-06-05 21:56:02.265 +00:00 [INF] Refreshing admin token at "2026-06-05T21:56:02.2655057Z"
2026-06-05 21:56:02.267 +00:00 [INF] Executed DbCommand (2ms) [Parameters=[@__tokenHash_0='?'], CommandType='"Text"', CommandTimeout='30']
SELECT r."ID", r."CreatedAt", r."DeviceFingerprint", r."ExpiresAt", r."IpAddress", r."IsRevoked", r."TokenHash", r."UserID"
FROM "RefreshTokens" AS r
WHERE r."TokenHash" = @__tokenHash_0 AND NOT (r."IsRevoked") AND r."ExpiresAt" > now()
ORDER BY r."CreatedAt" DESC
LIMIT 1
2026-06-05 21:56:02.267 +00:00 [INF] Mozilla/5.0 (Windows NT 10.0; Win64; x64; rv:151.0) Gecko/20100101 Firefox/151.0
2026-06-05 21:56:02.268 +00:00 [INF] Fetching user by ID from database...
2026-06-05 21:56:02.269 +00:00 [INF] Executed DbCommand (1ms) [Parameters=[@__id_0='?' (DbType = Int32)], CommandType='"Text"', CommandTimeout='30']
SELECT u."ID", u."Email", u."PasswordHash", u."RegisteredAt", u."Role", u."Username"
FROM "Users" AS u
WHERE u."ID" = @__id_0
LIMIT 1
2026-06-05 21:56:02.273 +00:00 [INF] Executed DbCommand (2ms) [Parameters=[@p0='?' (DbType = DateTime), @p1='?', @p2='?' (DbType = DateTime), @p3='?', @p4='?' (DbType = Int32), @p5='?'], CommandType='"Text"', CommandTimeout='30']
INSERT INTO "AccessTokens" ("CreatedAt", "DeviceFingerprint", "ExpiresAt", "IpAddress", "UserID", jti)
VALUES (@p0, @p1, @p2, @p3, @p4, @p5)
RETURNING "ID", "IsRevoked";
2026-06-05 21:56:02.274 +00:00 [INF] Executed DbCommand (1ms) [Parameters=[@__jti_0='?', @__userID_1='?' (DbType = Int32), @__deviceFingerprint_2='?', @__ipAddress_3='?'], CommandType='"Text"', CommandTimeout='30']
SELECT a."ID", a."CreatedAt", a."DeviceFingerprint", a."ExpiresAt", a."IpAddress", a."IsRevoked", a."UserID", a.jti
FROM "AccessTokens" AS a
WHERE a.jti = @__jti_0 AND a."UserID" = @__userID_1 AND a."DeviceFingerprint" = @__deviceFingerprint_2 AND a."IpAddress" = @__ipAddress_3
LIMIT 1
2026-06-05 21:56:02.274 +00:00 [INF] Attempting to revoke access token with jti 40b6c8d7-7070-46ca-b019-b907c7b9c4eb for user 1 from device /a2uf4z8rcBIhIr7KGbd6aahMr80Bhj+9uyLiYNZ66A= and IP ::ffff:172.20.0.1
2026-06-05 21:56:02.275 +00:00 [INF] Access token found: API.Models.AccessToken
2026-06-05 21:56:02.277 +00:00 [INF] Executed DbCommand (2ms) [Parameters=[@p1='?' (DbType = Int32), @p0='?' (DbType = Boolean)], CommandType='"Text"', CommandTimeout='30']
UPDATE "AccessTokens" SET "IsRevoked" = @p0
WHERE "ID" = @p1;
2026-06-05 21:56:02.277 +00:00 [INF] Access token AccessToken for user 1 revoked: true
2026-06-05 21:56:02.279 +00:00 [INF] Executed DbCommand (2ms) [Parameters=[@p0='?' (DbType = DateTime), @p1='?', @p2='?' (DbType = DateTime), @p3='?', @p4='?', @p5='?' (DbType = Int32)], CommandType='"Text"', CommandTimeout='30']
INSERT INTO "RefreshTokens" ("CreatedAt", "DeviceFingerprint", "ExpiresAt", "IpAddress", "TokenHash", "UserID")
VALUES (@p0, @p1, @p2, @p3, @p4, @p5)
RETURNING "ID", "IsRevoked";
2026-06-05 21:56:02.281 +00:00 [INF] Executed DbCommand (1ms) [Parameters=[@__tokenHash_0='?', @__userId_1='?' (DbType = Int32), @__deviceFingerprint_2='?', @__ipAddress_3='?'], CommandType='"Text"', CommandTimeout='30']
SELECT r."ID", r."CreatedAt", r."DeviceFingerprint", r."ExpiresAt", r."IpAddress", r."IsRevoked", r."TokenHash", r."UserID"
FROM "RefreshTokens" AS r
WHERE r."TokenHash" = @__tokenHash_0 AND r."UserID" = @__userId_1 AND r."DeviceFingerprint" = @__deviceFingerprint_2 AND r."IpAddress" = @__ipAddress_3
LIMIT 1
2026-06-05 21:56:02.283 +00:00 [INF] Executed DbCommand (2ms) [Parameters=[@p1='?' (DbType = Int32), @p0='?' (DbType = Boolean)], CommandType='"Text"', CommandTimeout='30']
UPDATE "RefreshTokens" SET "IsRevoked" = @p0
WHERE "ID" = @p1;
2026-06-05 21:56:02.283 +00:00 [INF] Refresh token Ddab2DBFroNWpNEmGdj7byZONBBaFhXM1y6CjE+TFiU= for user 1 revoked: true
2026-06-05 21:56:02.283 +00:00 [INF] Token refreshed successfully for user 1 at "2026-06-05T21:56:02.2835304Z"
2026-06-05 21:56:02.283 +00:00 [INF] Executing OkObjectResult, writing value of type '<>f__AnonymousType3`2[[System.Boolean, System.Private.CoreLib, Version=9.0.0.0, Culture=neutral, PublicKeyToken=7cec85d7bea7798e],[System.Int32, System.Private.CoreLib, Version=9.0.0.0, Culture=neutral, PublicKeyToken=7cec85d7bea7798e]]'.
2026-06-05 21:56:02.284 +00:00 [INF] Executed action API.Controllers.AuthController.RefreshToken (API) in 19.2979ms
2026-06-05 21:56:02.284 +00:00 [INF] Executed endpoint 'API.Controllers.AuthController.RefreshToken (API)'
2026-06-05 21:56:02.284 +00:00 [INF] Request finished HTTP/1.1 POST http://192.168.1.6:8080/api/auth/refresh - 200 null application/json; charset=utf-8 35.5294ms
2026-06-05 21:57:01.070 +00:00 [INF] Request starting HTTP/1.1 GET http://192.168.1.6:8080/api/user?page=1&limit=10 - null null
2026-06-05 21:57:01.071 +00:00 [INF] CORS policy execution successful.
2026-06-05 21:57:01.071 +00:00 [INF] ====== OnMessageReceived START ======
2026-06-05 21:57:01.071 +00:00 [INF] Available cookies: 2
2026-06-05 21:57:01.072 +00:00 [INF] Cookie: adminRefreshToken = 44 chars
2026-06-05 21:57:01.072 +00:00 [INF] Cookie: adminToken = 844 chars
2026-06-05 21:57:01.072 +00:00 [INF] Admin token found in cookies, length: 844
2026-06-05 21:57:01.072 +00:00 [INF] Admin token set in context
2026-06-05 21:57:01.072 +00:00 [INF] ====== OnMessageReceived END - Token set: true ======
2026-06-05 21:57:01.073 +00:00 [INF] Token validated successfully for user: lengyelnorbi
2026-06-05 21:57:01.073 +00:00 [INF] Device fingerprint headers - UA: Mozilla/5.0 (Windows NT 10.0; Win64; x64; rv:151.0) Gecko/20100101 Firefox/151.0, Accept: application/json, text/plain, */*, Encoding: gzip, deflate
2026-06-05 21:57:01.073 +00:00 [INF] Device fingerprint validation: Stored=/a2uf4z8rcBIhIr7KGbd6aahMr80Bhj+9uyLiYNZ66A=, Current=/a2uf4z8rcBIhIr7KGbd6aahMr80Bhj+9uyLiYNZ66A=
2026-06-05 21:57:01.074 +00:00 [INF] Request starting HTTP/1.1 GET http://192.168.1.6:8080/api/user - null null
2026-06-05 21:57:01.075 +00:00 [INF] CORS policy execution successful.
2026-06-05 21:57:01.075 +00:00 [INF] ====== OnMessageReceived START ======
2026-06-05 21:57:01.075 +00:00 [INF] Available cookies: 2
2026-06-05 21:57:01.075 +00:00 [INF] Cookie: adminRefreshToken = 44 chars
2026-06-05 21:57:01.075 +00:00 [INF] Cookie: adminToken = 844 chars
2026-06-05 21:57:01.076 +00:00 [INF] Admin token found in cookies, length: 844
2026-06-05 21:57:01.076 +00:00 [INF] Admin token set in context
2026-06-05 21:57:01.076 +00:00 [INF] ====== OnMessageReceived END - Token set: true ======
2026-06-05 21:57:01.077 +00:00 [INF] Token validated successfully for user: lengyelnorbi
2026-06-05 21:57:01.077 +00:00 [INF] Executed DbCommand (2ms) [Parameters=[@__jti_0='?', @__userId_1='?' (DbType = Int32)], CommandType='"Text"', CommandTimeout='30']
SELECT a."ID", a."CreatedAt", a."DeviceFingerprint", a."ExpiresAt", a."IpAddress", a."IsRevoked", a."UserID", a.jti
FROM "AccessTokens" AS a
WHERE a.jti = @__jti_0 AND a."UserID" = @__userId_1 AND NOT (a."IsRevoked") AND a."ExpiresAt" > now()
LIMIT 1
2026-06-05 21:57:01.077 +00:00 [INF] Device fingerprint headers - UA: Mozilla/5.0 (Windows NT 10.0; Win64; x64; rv:151.0) Gecko/20100101 Firefox/151.0, Accept: application/json, text/plain, */*, Encoding: gzip, deflate
2026-06-05 21:57:01.077 +00:00 [INF] Device fingerprint validation: Stored=/a2uf4z8rcBIhIr7KGbd6aahMr80Bhj+9uyLiYNZ66A=, Current=/a2uf4z8rcBIhIr7KGbd6aahMr80Bhj+9uyLiYNZ66A=
2026-06-05 21:57:01.078 +00:00 [INF] Executing endpoint 'API.Controllers.UserController.Get (API)'
2026-06-05 21:57:01.078 +00:00 [INF] Route matched with {action = "Get", controller = "User"}. Executing controller action with signature System.Threading.Tasks.Task`1[System.Collections.Generic.IEnumerable`1[UserDTO]] Get() on controller API.Controllers.UserController (API).
2026-06-05 21:57:01.078 +00:00 [INF] Fetching user data from database...
2026-06-05 21:57:01.080 +00:00 [INF] Executed DbCommand (1ms) [Parameters=[@__jti_0='?', @__userId_1='?' (DbType = Int32)], CommandType='"Text"', CommandTimeout='30']
SELECT a."ID", a."CreatedAt", a."DeviceFingerprint", a."ExpiresAt", a."IpAddress", a."IsRevoked", a."UserID", a.jti
FROM "AccessTokens" AS a
WHERE a.jti = @__jti_0 AND a."UserID" = @__userId_1 AND NOT (a."IsRevoked") AND a."ExpiresAt" > now()
LIMIT 1
2026-06-05 21:57:01.080 +00:00 [INF] Executing endpoint 'API.Controllers.UserController.Get (API)'
2026-06-05 21:57:01.081 +00:00 [INF] Route matched with {action = "Get", controller = "User"}. Executing controller action with signature System.Threading.Tasks.Task`1[System.Collections.Generic.IEnumerable`1[UserDTO]] Get() on controller API.Controllers.UserController (API).
2026-06-05 21:57:01.081 +00:00 [INF] Fetching user data from database...
2026-06-05 21:57:01.083 +00:00 [INF] Executed DbCommand (1ms) [Parameters=[], CommandType='"Text"', CommandTimeout='30']
SELECT u."ID", u."Email", u."PasswordHash", u."RegisteredAt", u."Role", u."Username"
FROM "Users" AS u
2026-06-05 21:57:01.083 +00:00 [INF] Executing ObjectResult, writing value of type 'System.Collections.Generic.List`1[[UserDTO, API, Version=1.0.0.0, Culture=neutral, PublicKeyToken=null]]'.
2026-06-05 21:57:01.084 +00:00 [INF] Executed action API.Controllers.UserController.Get (API) in 2.7608ms
2026-06-05 21:57:01.084 +00:00 [INF] Executed endpoint 'API.Controllers.UserController.Get (API)'
2026-06-05 21:57:01.084 +00:00 [INF] Request finished HTTP/1.1 GET http://192.168.1.6:8080/api/user - 200 null application/json; charset=utf-8 9.9304ms
2026-06-05 21:57:01.092 +00:00 [INF] Executed DbCommand (2ms) [Parameters=[], CommandType='"Text"', CommandTimeout='30']
SELECT u."ID", u."Email", u."PasswordHash", u."RegisteredAt", u."Role", u."Username"
FROM "Users" AS u
2026-06-05 21:57:01.092 +00:00 [INF] Executing ObjectResult, writing value of type 'System.Collections.Generic.List`1[[UserDTO, API, Version=1.0.0.0, Culture=neutral, PublicKeyToken=null]]'.
2026-06-05 21:57:01.093 +00:00 [INF] Executed action API.Controllers.UserController.Get (API) in 14.3916ms
2026-06-05 21:57:01.093 +00:00 [INF] Executed endpoint 'API.Controllers.UserController.Get (API)'
2026-06-05 21:57:01.093 +00:00 [INF] Request finished HTTP/1.1 GET http://192.168.1.6:8080/api/user?page=1&limit=10 - 200 null application/json; charset=utf-8 22.8693ms
2026-06-05 21:57:01.134 +00:00 [INF] Request starting HTTP/1.1 GET http://192.168.1.6:8080/api/user?page=1&limit=10 - null null
2026-06-05 21:57:01.135 +00:00 [INF] CORS policy execution successful.
2026-06-05 21:57:01.135 +00:00 [INF] ====== OnMessageReceived START ======
2026-06-05 21:57:01.135 +00:00 [INF] Available cookies: 2
2026-06-05 21:57:01.136 +00:00 [INF] Cookie: adminRefreshToken = 44 chars
2026-06-05 21:57:01.136 +00:00 [INF] Cookie: adminToken = 844 chars
2026-06-05 21:57:01.136 +00:00 [INF] Admin token found in cookies, length: 844
2026-06-05 21:57:01.136 +00:00 [INF] Admin token set in context
2026-06-05 21:57:01.137 +00:00 [INF] ====== OnMessageReceived END - Token set: true ======
2026-06-05 21:57:01.137 +00:00 [INF] Token validated successfully for user: lengyelnorbi
2026-06-05 21:57:01.137 +00:00 [INF] Device fingerprint headers - UA: Mozilla/5.0 (Windows NT 10.0; Win64; x64; rv:151.0) Gecko/20100101 Firefox/151.0, Accept: application/json, text/plain, */*, Encoding: gzip, deflate
2026-06-05 21:57:01.137 +00:00 [INF] Device fingerprint validation: Stored=/a2uf4z8rcBIhIr7KGbd6aahMr80Bhj+9uyLiYNZ66A=, Current=/a2uf4z8rcBIhIr7KGbd6aahMr80Bhj+9uyLiYNZ66A=
2026-06-05 21:57:01.140 +00:00 [INF] Executed DbCommand (2ms) [Parameters=[@__jti_0='?', @__userId_1='?' (DbType = Int32)], CommandType='"Text"', CommandTimeout='30']
SELECT a."ID", a."CreatedAt", a."DeviceFingerprint", a."ExpiresAt", a."IpAddress", a."IsRevoked", a."UserID", a.jti
FROM "AccessTokens" AS a
WHERE a.jti = @__jti_0 AND a."UserID" = @__userId_1 AND NOT (a."IsRevoked") AND a."ExpiresAt" > now()
LIMIT 1
2026-06-05 21:57:01.140 +00:00 [INF] Executing endpoint 'API.Controllers.UserController.Get (API)'
2026-06-05 21:57:01.141 +00:00 [INF] Route matched with {action = "Get", controller = "User"}. Executing controller action with signature System.Threading.Tasks.Task`1[System.Collections.Generic.IEnumerable`1[UserDTO]] Get() on controller API.Controllers.UserController (API).
2026-06-05 21:57:01.141 +00:00 [INF] Fetching user data from database...
2026-06-05 21:57:01.142 +00:00 [INF] Executed DbCommand (1ms) [Parameters=[], CommandType='"Text"', CommandTimeout='30']
SELECT u."ID", u."Email", u."PasswordHash", u."RegisteredAt", u."Role", u."Username"
FROM "Users" AS u
2026-06-05 21:57:01.143 +00:00 [INF] Executing ObjectResult, writing value of type 'System.Collections.Generic.List`1[[UserDTO, API, Version=1.0.0.0, Culture=neutral, PublicKeyToken=null]]'.
2026-06-05 21:57:01.143 +00:00 [INF] Executed action API.Controllers.UserController.Get (API) in 2.4607ms
2026-06-05 21:57:01.143 +00:00 [INF] Executed endpoint 'API.Controllers.UserController.Get (API)'
2026-06-05 21:57:01.144 +00:00 [INF] Request finished HTTP/1.1 GET http://192.168.1.6:8080/api/user?page=1&limit=10 - 200 null application/json; charset=utf-8 9.7202ms
2026-06-05 21:57:01.144 +00:00 [INF] Request starting HTTP/1.1 GET http://192.168.1.6:8080/api/user - null null
2026-06-05 21:57:01.144 +00:00 [INF] CORS policy execution successful.
2026-06-05 21:57:01.144 +00:00 [INF] ====== OnMessageReceived START ======
2026-06-05 21:57:01.145 +00:00 [INF] Available cookies: 2
2026-06-05 21:57:01.145 +00:00 [INF] Cookie: adminRefreshToken = 44 chars
2026-06-05 21:57:01.145 +00:00 [INF] Cookie: adminToken = 844 chars
2026-06-05 21:57:01.145 +00:00 [INF] Admin token found in cookies, length: 844
2026-06-05 21:57:01.145 +00:00 [INF] Admin token set in context
2026-06-05 21:57:01.145 +00:00 [INF] ====== OnMessageReceived END - Token set: true ======
2026-06-05 21:57:01.146 +00:00 [INF] Token validated successfully for user: lengyelnorbi
2026-06-05 21:57:01.146 +00:00 [INF] Device fingerprint headers - UA: Mozilla/5.0 (Windows NT 10.0; Win64; x64; rv:151.0) Gecko/20100101 Firefox/151.0, Accept: application/json, text/plain, */*, Encoding: gzip, deflate
2026-06-05 21:57:01.146 +00:00 [INF] Device fingerprint validation: Stored=/a2uf4z8rcBIhIr7KGbd6aahMr80Bhj+9uyLiYNZ66A=, Current=/a2uf4z8rcBIhIr7KGbd6aahMr80Bhj+9uyLiYNZ66A=
2026-06-05 21:57:01.148 +00:00 [INF] Executed DbCommand (1ms) [Parameters=[@__jti_0='?', @__userId_1='?' (DbType = Int32)], CommandType='"Text"', CommandTimeout='30']
SELECT a."ID", a."CreatedAt", a."DeviceFingerprint", a."ExpiresAt", a."IpAddress", a."IsRevoked", a."UserID", a.jti
FROM "AccessTokens" AS a
WHERE a.jti = @__jti_0 AND a."UserID" = @__userId_1 AND NOT (a."IsRevoked") AND a."ExpiresAt" > now()
LIMIT 1
2026-06-05 21:57:01.149 +00:00 [INF] Executing endpoint 'API.Controllers.UserController.Get (API)'
2026-06-05 21:57:01.149 +00:00 [INF] Route matched with {action = "Get", controller = "User"}. Executing controller action with signature System.Threading.Tasks.Task`1[System.Collections.Generic.IEnumerable`1[UserDTO]] Get() on controller API.Controllers.UserController (API).
2026-06-05 21:57:01.149 +00:00 [INF] Fetching user data from database...
2026-06-05 21:57:01.150 +00:00 [INF] Executed DbCommand (1ms) [Parameters=[], CommandType='"Text"', CommandTimeout='30']
SELECT u."ID", u."Email", u."PasswordHash", u."RegisteredAt", u."Role", u."Username"
FROM "Users" AS u
2026-06-05 21:57:01.151 +00:00 [INF] Executing ObjectResult, writing value of type 'System.Collections.Generic.List`1[[UserDTO, API, Version=1.0.0.0, Culture=neutral, PublicKeyToken=null]]'.
2026-06-05 21:57:01.151 +00:00 [INF] Executed action API.Controllers.UserController.Get (API) in 1.8449ms
2026-06-05 21:57:01.151 +00:00 [INF] Executed endpoint 'API.Controllers.UserController.Get (API)'
2026-06-05 21:57:01.151 +00:00 [INF] Request finished HTTP/1.1 GET http://192.168.1.6:8080/api/user - 200 null application/json; charset=utf-8 7.3809ms
2026-06-05 21:57:01.287 +00:00 [INF] Request starting HTTP/1.1 GET http://192.168.1.6:8080/api/token/access-token?page=1&limit=10 - null null
2026-06-05 21:57:01.288 +00:00 [INF] CORS policy execution successful.
2026-06-05 21:57:01.288 +00:00 [INF] ====== OnMessageReceived START ======
2026-06-05 21:57:01.288 +00:00 [INF] Available cookies: 2
2026-06-05 21:57:01.288 +00:00 [INF] Cookie: adminRefreshToken = 44 chars
2026-06-05 21:57:01.289 +00:00 [INF] Cookie: adminToken = 844 chars
2026-06-05 21:57:01.289 +00:00 [INF] Request starting HTTP/1.1 GET http://192.168.1.6:8080/api/token/access-token?page=1&limit=10 - null null
2026-06-05 21:57:01.289 +00:00 [INF] Admin token found in cookies, length: 844
2026-06-05 21:57:01.290 +00:00 [INF] Admin token set in context
2026-06-05 21:57:01.289 +00:00 [INF] CORS policy execution successful.
2026-06-05 21:57:01.290 +00:00 [INF] Request starting HTTP/1.1 GET http://192.168.1.6:8080/api/token/access-token - null null
2026-06-05 21:57:01.291 +00:00 [INF] ====== OnMessageReceived END - Token set: true ======
2026-06-05 21:57:01.291 +00:00 [INF] ====== OnMessageReceived START ======
2026-06-05 21:57:01.291 +00:00 [INF] CORS policy execution successful.
2026-06-05 21:57:01.291 +00:00 [INF] Token validated successfully for user: lengyelnorbi
2026-06-05 21:57:01.292 +00:00 [INF] Available cookies: 2
2026-06-05 21:57:01.292 +00:00 [INF] ====== OnMessageReceived START ======
2026-06-05 21:57:01.292 +00:00 [INF] Device fingerprint headers - UA: Mozilla/5.0 (Windows NT 10.0; Win64; x64; rv:151.0) Gecko/20100101 Firefox/151.0, Accept: application/json, text/plain, */*, Encoding: gzip, deflate
2026-06-05 21:57:01.292 +00:00 [INF] Cookie: adminRefreshToken = 44 chars
2026-06-05 21:57:01.292 +00:00 [INF] Available cookies: 2
2026-06-05 21:57:01.292 +00:00 [INF] Device fingerprint validation: Stored=/a2uf4z8rcBIhIr7KGbd6aahMr80Bhj+9uyLiYNZ66A=, Current=/a2uf4z8rcBIhIr7KGbd6aahMr80Bhj+9uyLiYNZ66A=
2026-06-05 21:57:01.292 +00:00 [INF] Cookie: adminToken = 844 chars
2026-06-05 21:57:01.292 +00:00 [INF] Cookie: adminRefreshToken = 44 chars
2026-06-05 21:57:01.293 +00:00 [INF] Admin token found in cookies, length: 844
2026-06-05 21:57:01.293 +00:00 [INF] Cookie: adminToken = 844 chars
2026-06-05 21:57:01.293 +00:00 [INF] Admin token set in context
2026-06-05 21:57:01.293 +00:00 [INF] Admin token found in cookies, length: 844
2026-06-05 21:57:01.293 +00:00 [INF] ====== OnMessageReceived END - Token set: true ======
2026-06-05 21:57:01.293 +00:00 [INF] Admin token set in context
2026-06-05 21:57:01.294 +00:00 [INF] Token validated successfully for user: lengyelnorbi
2026-06-05 21:57:01.294 +00:00 [INF] ====== OnMessageReceived END - Token set: true ======
2026-06-05 21:57:01.294 +00:00 [INF] Device fingerprint headers - UA: Mozilla/5.0 (Windows NT 10.0; Win64; x64; rv:151.0) Gecko/20100101 Firefox/151.0, Accept: application/json, text/plain, */*, Encoding: gzip, deflate
2026-06-05 21:57:01.294 +00:00 [INF] Token validated successfully for user: lengyelnorbi
2026-06-05 21:57:01.294 +00:00 [INF] Device fingerprint validation: Stored=/a2uf4z8rcBIhIr7KGbd6aahMr80Bhj+9uyLiYNZ66A=, Current=/a2uf4z8rcBIhIr7KGbd6aahMr80Bhj+9uyLiYNZ66A=
2026-06-05 21:57:01.294 +00:00 [INF] Executed DbCommand (1ms) [Parameters=[@__jti_0='?', @__userId_1='?' (DbType = Int32)], CommandType='"Text"', CommandTimeout='30']
SELECT a."ID", a."CreatedAt", a."DeviceFingerprint", a."ExpiresAt", a."IpAddress", a."IsRevoked", a."UserID", a.jti
FROM "AccessTokens" AS a
WHERE a.jti = @__jti_0 AND a."UserID" = @__userId_1 AND NOT (a."IsRevoked") AND a."ExpiresAt" > now()
LIMIT 1
2026-06-05 21:57:01.294 +00:00 [INF] Device fingerprint headers - UA: Mozilla/5.0 (Windows NT 10.0; Win64; x64; rv:151.0) Gecko/20100101 Firefox/151.0, Accept: application/json, text/plain, */*, Encoding: gzip, deflate
2026-06-05 21:57:01.295 +00:00 [INF] Executing endpoint 'API.Controllers.TokenController.GetAccessTokens (API)'
2026-06-05 21:57:01.295 +00:00 [INF] Device fingerprint validation: Stored=/a2uf4z8rcBIhIr7KGbd6aahMr80Bhj+9uyLiYNZ66A=, Current=/a2uf4z8rcBIhIr7KGbd6aahMr80Bhj+9uyLiYNZ66A=
2026-06-05 21:57:01.295 +00:00 [INF] Route matched with {action = "GetAccessTokens", controller = "Token"}. Executing controller action with signature System.Threading.Tasks.Task`1[System.Collections.Generic.IEnumerable`1[API.Models.AccessToken]] GetAccessTokens() on controller API.Controllers.TokenController (API).
2026-06-05 21:57:01.297 +00:00 [INF] Executed DbCommand (1ms) [Parameters=[], CommandType='"Text"', CommandTimeout='30']
SELECT a."ID", a."CreatedAt", a."DeviceFingerprint", a."ExpiresAt", a."IpAddress", a."IsRevoked", a."UserID", a.jti
FROM "AccessTokens" AS a
WHERE NOT (a."IsRevoked")
2026-06-05 21:57:01.297 +00:00 [INF] Executing ObjectResult, writing value of type 'System.Collections.Generic.List`1[[API.Models.AccessToken, API, Version=1.0.0.0, Culture=neutral, PublicKeyToken=null]]'.
2026-06-05 21:57:01.297 +00:00 [INF] Executed DbCommand (2ms) [Parameters=[@__jti_0='?', @__userId_1='?' (DbType = Int32)], CommandType='"Text"', CommandTimeout='30']
SELECT a."ID", a."CreatedAt", a."DeviceFingerprint", a."ExpiresAt", a."IpAddress", a."IsRevoked", a."UserID", a.jti
FROM "AccessTokens" AS a
WHERE a.jti = @__jti_0 AND a."UserID" = @__userId_1 AND NOT (a."IsRevoked") AND a."ExpiresAt" > now()
LIMIT 1
2026-06-05 21:57:01.298 +00:00 [INF] Executed action API.Controllers.TokenController.GetAccessTokens (API) in 2.6707ms
2026-06-05 21:57:01.298 +00:00 [INF] Executing endpoint 'API.Controllers.TokenController.GetAccessTokens (API)'
2026-06-05 21:57:01.298 +00:00 [INF] Executed endpoint 'API.Controllers.TokenController.GetAccessTokens (API)'
2026-06-05 21:57:01.299 +00:00 [INF] Route matched with {action = "GetAccessTokens", controller = "Token"}. Executing controller action with signature System.Threading.Tasks.Task`1[System.Collections.Generic.IEnumerable`1[API.Models.AccessToken]] GetAccessTokens() on controller API.Controllers.TokenController (API).
2026-06-05 21:57:01.299 +00:00 [INF] Request finished HTTP/1.1 GET http://192.168.1.6:8080/api/token/access-token?page=1&limit=10 - 200 null application/json; charset=utf-8 11.208ms
2026-06-05 21:57:01.300 +00:00 [INF] Executed DbCommand (1ms) [Parameters=[], CommandType='"Text"', CommandTimeout='30']
SELECT a."ID", a."CreatedAt", a."DeviceFingerprint", a."ExpiresAt", a."IpAddress", a."IsRevoked", a."UserID", a.jti
FROM "AccessTokens" AS a
WHERE NOT (a."IsRevoked")
2026-06-05 21:57:01.301 +00:00 [INF] Executing ObjectResult, writing value of type 'System.Collections.Generic.List`1[[API.Models.AccessToken, API, Version=1.0.0.0, Culture=neutral, PublicKeyToken=null]]'.
2026-06-05 21:57:01.301 +00:00 [INF] Executed action API.Controllers.TokenController.GetAccessTokens (API) in 2.025ms
2026-06-05 21:57:01.301 +00:00 [INF] Executed endpoint 'API.Controllers.TokenController.GetAccessTokens (API)'
2026-06-05 21:57:01.301 +00:00 [INF] Request finished HTTP/1.1 GET http://192.168.1.6:8080/api/token/access-token?page=1&limit=10 - 200 null application/json; charset=utf-8 12.7471ms
2026-06-05 21:57:01.308 +00:00 [INF] Executed DbCommand (2ms) [Parameters=[@__jti_0='?', @__userId_1='?' (DbType = Int32)], CommandType='"Text"', CommandTimeout='30']
SELECT a."ID", a."CreatedAt", a."DeviceFingerprint", a."ExpiresAt", a."IpAddress", a."IsRevoked", a."UserID", a.jti
FROM "AccessTokens" AS a
WHERE a.jti = @__jti_0 AND a."UserID" = @__userId_1 AND NOT (a."IsRevoked") AND a."ExpiresAt" > now()
LIMIT 1
2026-06-05 21:57:01.308 +00:00 [INF] Executing endpoint 'API.Controllers.TokenController.GetAccessTokens (API)'
2026-06-05 21:57:01.308 +00:00 [INF] Route matched with {action = "GetAccessTokens", controller = "Token"}. Executing controller action with signature System.Threading.Tasks.Task`1[System.Collections.Generic.IEnumerable`1[API.Models.AccessToken]] GetAccessTokens() on controller API.Controllers.TokenController (API).
2026-06-05 21:57:01.309 +00:00 [INF] Executed DbCommand (1ms) [Parameters=[], CommandType='"Text"', CommandTimeout='30']
SELECT a."ID", a."CreatedAt", a."DeviceFingerprint", a."ExpiresAt", a."IpAddress", a."IsRevoked", a."UserID", a.jti
FROM "AccessTokens" AS a
WHERE NOT (a."IsRevoked")
2026-06-05 21:57:01.310 +00:00 [INF] Executing ObjectResult, writing value of type 'System.Collections.Generic.List`1[[API.Models.AccessToken, API, Version=1.0.0.0, Culture=neutral, PublicKeyToken=null]]'.
2026-06-05 21:57:01.310 +00:00 [INF] Executed action API.Controllers.TokenController.GetAccessTokens (API) in 1.9554ms
2026-06-05 21:57:01.310 +00:00 [INF] Executed endpoint 'API.Controllers.TokenController.GetAccessTokens (API)'
2026-06-05 21:57:01.311 +00:00 [INF] Request finished HTTP/1.1 GET http://192.168.1.6:8080/api/token/access-token - 200 null application/json; charset=utf-8 20.5459ms
2026-06-05 21:57:02.853 +00:00 [INF] Request starting HTTP/1.1 GET http://192.168.1.6:8080/api/token/access-token?page=1&limit=10 - null null
2026-06-05 21:57:02.854 +00:00 [INF] CORS policy execution successful.
2026-06-05 21:57:02.854 +00:00 [INF] ====== OnMessageReceived START ======
2026-06-05 21:57:02.854 +00:00 [INF] Available cookies: 2
2026-06-05 21:57:02.854 +00:00 [INF] Cookie: adminRefreshToken = 44 chars
2026-06-05 21:57:02.854 +00:00 [INF] Cookie: adminToken = 844 chars
2026-06-05 21:57:02.854 +00:00 [INF] Admin token found in cookies, length: 844
2026-06-05 21:57:02.855 +00:00 [INF] Admin token set in context
2026-06-05 21:57:02.855 +00:00 [INF] ====== OnMessageReceived END - Token set: true ======
2026-06-05 21:57:02.855 +00:00 [INF] Token validated successfully for user: lengyelnorbi
2026-06-05 21:57:02.855 +00:00 [INF] Request starting HTTP/1.1 GET http://192.168.1.6:8080/api/token/access-token - null null
2026-06-05 21:57:02.855 +00:00 [INF] Device fingerprint headers - UA: Mozilla/5.0 (Windows NT 10.0; Win64; x64; rv:151.0) Gecko/20100101 Firefox/151.0, Accept: application/json, text/plain, */*, Encoding: gzip, deflate
2026-06-05 21:57:02.855 +00:00 [INF] CORS policy execution successful.
2026-06-05 21:57:02.856 +00:00 [INF] Device fingerprint validation: Stored=/a2uf4z8rcBIhIr7KGbd6aahMr80Bhj+9uyLiYNZ66A=, Current=/a2uf4z8rcBIhIr7KGbd6aahMr80Bhj+9uyLiYNZ66A=
2026-06-05 21:57:02.856 +00:00 [INF] ====== OnMessageReceived START ======
2026-06-05 21:57:02.856 +00:00 [INF] Available cookies: 2
2026-06-05 21:57:02.856 +00:00 [INF] Cookie: adminRefreshToken = 44 chars
2026-06-05 21:57:02.856 +00:00 [INF] Cookie: adminToken = 844 chars
2026-06-05 21:57:02.856 +00:00 [INF] Admin token found in cookies, length: 844
2026-06-05 21:57:02.856 +00:00 [INF] Admin token set in context
2026-06-05 21:57:02.857 +00:00 [INF] ====== OnMessageReceived END - Token set: true ======
2026-06-05 21:57:02.857 +00:00 [INF] Token validated successfully for user: lengyelnorbi
2026-06-05 21:57:02.857 +00:00 [INF] Device fingerprint headers - UA: Mozilla/5.0 (Windows NT 10.0; Win64; x64; rv:151.0) Gecko/20100101 Firefox/151.0, Accept: application/json, text/plain, */*, Encoding: gzip, deflate
2026-06-05 21:57:02.857 +00:00 [INF] Device fingerprint validation: Stored=/a2uf4z8rcBIhIr7KGbd6aahMr80Bhj+9uyLiYNZ66A=, Current=/a2uf4z8rcBIhIr7KGbd6aahMr80Bhj+9uyLiYNZ66A=
2026-06-05 21:57:02.858 +00:00 [INF] Executed DbCommand (1ms) [Parameters=[@__jti_0='?', @__userId_1='?' (DbType = Int32)], CommandType='"Text"', CommandTimeout='30']
SELECT a."ID", a."CreatedAt", a."DeviceFingerprint", a."ExpiresAt", a."IpAddress", a."IsRevoked", a."UserID", a.jti
FROM "AccessTokens" AS a
WHERE a.jti = @__jti_0 AND a."UserID" = @__userId_1 AND NOT (a."IsRevoked") AND a."ExpiresAt" > now()
LIMIT 1
2026-06-05 21:57:02.858 +00:00 [INF] Executing endpoint 'API.Controllers.TokenController.GetAccessTokens (API)'
2026-06-05 21:57:02.858 +00:00 [INF] Route matched with {action = "GetAccessTokens", controller = "Token"}. Executing controller action with signature System.Threading.Tasks.Task`1[System.Collections.Generic.IEnumerable`1[API.Models.AccessToken]] GetAccessTokens() on controller API.Controllers.TokenController (API).
2026-06-05 21:57:02.859 +00:00 [INF] Executed DbCommand (1ms) [Parameters=[@__jti_0='?', @__userId_1='?' (DbType = Int32)], CommandType='"Text"', CommandTimeout='30']
SELECT a."ID", a."CreatedAt", a."DeviceFingerprint", a."ExpiresAt", a."IpAddress", a."IsRevoked", a."UserID", a.jti
FROM "AccessTokens" AS a
WHERE a.jti = @__jti_0 AND a."UserID" = @__userId_1 AND NOT (a."IsRevoked") AND a."ExpiresAt" > now()
LIMIT 1
2026-06-05 21:57:02.859 +00:00 [INF] Executing endpoint 'API.Controllers.TokenController.GetAccessTokens (API)'
2026-06-05 21:57:02.859 +00:00 [INF] Route matched with {action = "GetAccessTokens", controller = "Token"}. Executing controller action with signature System.Threading.Tasks.Task`1[System.Collections.Generic.IEnumerable`1[API.Models.AccessToken]] GetAccessTokens() on controller API.Controllers.TokenController (API).
2026-06-05 21:57:02.860 +00:00 [INF] Executed DbCommand (1ms) [Parameters=[], CommandType='"Text"', CommandTimeout='30']
SELECT a."ID", a."CreatedAt", a."DeviceFingerprint", a."ExpiresAt", a."IpAddress", a."IsRevoked", a."UserID", a.jti
FROM "AccessTokens" AS a
WHERE NOT (a."IsRevoked")
2026-06-05 21:57:02.861 +00:00 [INF] Executing ObjectResult, writing value of type 'System.Collections.Generic.List`1[[API.Models.AccessToken, API, Version=1.0.0.0, Culture=neutral, PublicKeyToken=null]]'.
2026-06-05 21:57:02.861 +00:00 [INF] Executed DbCommand (1ms) [Parameters=[], CommandType='"Text"', CommandTimeout='30']
SELECT a."ID", a."CreatedAt", a."DeviceFingerprint", a."ExpiresAt", a."IpAddress", a."IsRevoked", a."UserID", a.jti
FROM "AccessTokens" AS a
WHERE NOT (a."IsRevoked")
2026-06-05 21:57:02.861 +00:00 [INF] Executed action API.Controllers.TokenController.GetAccessTokens (API) in 2.2774ms
2026-06-05 21:57:02.861 +00:00 [INF] Executed endpoint 'API.Controllers.TokenController.GetAccessTokens (API)'
2026-06-05 21:57:02.861 +00:00 [INF] Request finished HTTP/1.1 GET http://192.168.1.6:8080/api/token/access-token?page=1&limit=10 - 200 null application/json; charset=utf-8 7.9464ms
2026-06-05 21:57:02.862 +00:00 [INF] Executing ObjectResult, writing value of type 'System.Collections.Generic.List`1[[API.Models.AccessToken, API, Version=1.0.0.0, Culture=neutral, PublicKeyToken=null]]'.
2026-06-05 21:57:02.862 +00:00 [INF] Executed action API.Controllers.TokenController.GetAccessTokens (API) in 2.4182ms
2026-06-05 21:57:02.862 +00:00 [INF] Executed endpoint 'API.Controllers.TokenController.GetAccessTokens (API)'
2026-06-05 21:57:02.862 +00:00 [INF] Request finished HTTP/1.1 GET http://192.168.1.6:8080/api/token/access-token - 200 null application/json; charset=utf-8 7.1985ms
2026-06-05 21:57:03.342 +00:00 [INF] Request starting HTTP/1.1 GET http://192.168.1.6:8080/api/token/access-token?page=1&limit=10 - null null
2026-06-05 21:57:03.342 +00:00 [INF] CORS policy execution successful.
2026-06-05 21:57:03.342 +00:00 [INF] ====== OnMessageReceived START ======
2026-06-05 21:57:03.342 +00:00 [INF] Available cookies: 2
2026-06-05 21:57:03.342 +00:00 [INF] Cookie: adminRefreshToken = 44 chars
2026-06-05 21:57:03.343 +00:00 [INF] Cookie: adminToken = 844 chars
2026-06-05 21:57:03.343 +00:00 [INF] Admin token found in cookies, length: 844
2026-06-05 21:57:03.343 +00:00 [INF] Admin token set in context
2026-06-05 21:57:03.343 +00:00 [INF] ====== OnMessageReceived END - Token set: true ======
2026-06-05 21:57:03.343 +00:00 [INF] Token validated successfully for user: lengyelnorbi
2026-06-05 21:57:03.343 +00:00 [INF] Device fingerprint headers - UA: Mozilla/5.0 (Windows NT 10.0; Win64; x64; rv:151.0) Gecko/20100101 Firefox/151.0, Accept: application/json, text/plain, */*, Encoding: gzip, deflate
2026-06-05 21:57:03.344 +00:00 [INF] Device fingerprint validation: Stored=/a2uf4z8rcBIhIr7KGbd6aahMr80Bhj+9uyLiYNZ66A=, Current=/a2uf4z8rcBIhIr7KGbd6aahMr80Bhj+9uyLiYNZ66A=
2026-06-05 21:57:03.346 +00:00 [INF] Executed DbCommand (2ms) [Parameters=[@__jti_0='?', @__userId_1='?' (DbType = Int32)], CommandType='"Text"', CommandTimeout='30']
SELECT a."ID", a."CreatedAt", a."DeviceFingerprint", a."ExpiresAt", a."IpAddress", a."IsRevoked", a."UserID", a.jti
FROM "AccessTokens" AS a
WHERE a.jti = @__jti_0 AND a."UserID" = @__userId_1 AND NOT (a."IsRevoked") AND a."ExpiresAt" > now()
LIMIT 1
2026-06-05 21:57:03.346 +00:00 [INF] Request starting HTTP/1.1 GET http://192.168.1.6:8080/api/token/access-token - null null
2026-06-05 21:57:03.346 +00:00 [INF] Executing endpoint 'API.Controllers.TokenController.GetAccessTokens (API)'
2026-06-05 21:57:03.346 +00:00 [INF] CORS policy execution successful.
2026-06-05 21:57:03.346 +00:00 [INF] Route matched with {action = "GetAccessTokens", controller = "Token"}. Executing controller action with signature System.Threading.Tasks.Task`1[System.Collections.Generic.IEnumerable`1[API.Models.AccessToken]] GetAccessTokens() on controller API.Controllers.TokenController (API).
2026-06-05 21:57:03.347 +00:00 [INF] ====== OnMessageReceived START ======
2026-06-05 21:57:03.347 +00:00 [INF] Available cookies: 2
2026-06-05 21:57:03.347 +00:00 [INF] Cookie: adminRefreshToken = 44 chars
2026-06-05 21:57:03.347 +00:00 [INF] Cookie: adminToken = 844 chars
2026-06-05 21:57:03.347 +00:00 [INF] Admin token found in cookies, length: 844
2026-06-05 21:57:03.348 +00:00 [INF] Admin token set in context
2026-06-05 21:57:03.348 +00:00 [INF] ====== OnMessageReceived END - Token set: true ======
2026-06-05 21:57:03.348 +00:00 [INF] Token validated successfully for user: lengyelnorbi
2026-06-05 21:57:03.348 +00:00 [INF] Device fingerprint headers - UA: Mozilla/5.0 (Windows NT 10.0; Win64; x64; rv:151.0) Gecko/20100101 Firefox/151.0, Accept: application/json, text/plain, */*, Encoding: gzip, deflate
2026-06-05 21:57:03.348 +00:00 [INF] Executed DbCommand (1ms) [Parameters=[], CommandType='"Text"', CommandTimeout='30']
SELECT a."ID", a."CreatedAt", a."DeviceFingerprint", a."ExpiresAt", a."IpAddress", a."IsRevoked", a."UserID", a.jti
FROM "AccessTokens" AS a
WHERE NOT (a."IsRevoked")
2026-06-05 21:57:03.348 +00:00 [INF] Device fingerprint validation: Stored=/a2uf4z8rcBIhIr7KGbd6aahMr80Bhj+9uyLiYNZ66A=, Current=/a2uf4z8rcBIhIr7KGbd6aahMr80Bhj+9uyLiYNZ66A=
2026-06-05 21:57:03.349 +00:00 [INF] Executing ObjectResult, writing value of type 'System.Collections.Generic.List`1[[API.Models.AccessToken, API, Version=1.0.0.0, Culture=neutral, PublicKeyToken=null]]'.
2026-06-05 21:57:03.349 +00:00 [INF] Executed action API.Controllers.TokenController.GetAccessTokens (API) in 2.6125ms
2026-06-05 21:57:03.350 +00:00 [INF] Executed endpoint 'API.Controllers.TokenController.GetAccessTokens (API)'
2026-06-05 21:57:03.350 +00:00 [INF] Request finished HTTP/1.1 GET http://192.168.1.6:8080/api/token/access-token?page=1&limit=10 - 200 null application/json; charset=utf-8 8.0531ms
2026-06-05 21:57:03.351 +00:00 [INF] Executed DbCommand (1ms) [Parameters=[@__jti_0='?', @__userId_1='?' (DbType = Int32)], CommandType='"Text"', CommandTimeout='30']
SELECT a."ID", a."CreatedAt", a."DeviceFingerprint", a."ExpiresAt", a."IpAddress", a."IsRevoked", a."UserID", a.jti
FROM "AccessTokens" AS a
WHERE a.jti = @__jti_0 AND a."UserID" = @__userId_1 AND NOT (a."IsRevoked") AND a."ExpiresAt" > now()
LIMIT 1
2026-06-05 21:57:03.351 +00:00 [INF] Executing endpoint 'API.Controllers.TokenController.GetAccessTokens (API)'
2026-06-05 21:57:03.351 +00:00 [INF] Route matched with {action = "GetAccessTokens", controller = "Token"}. Executing controller action with signature System.Threading.Tasks.Task`1[System.Collections.Generic.IEnumerable`1[API.Models.AccessToken]] GetAccessTokens() on controller API.Controllers.TokenController (API).
2026-06-05 21:57:03.353 +00:00 [INF] Executed DbCommand (1ms) [Parameters=[], CommandType='"Text"', CommandTimeout='30']
SELECT a."ID", a."CreatedAt", a."DeviceFingerprint", a."ExpiresAt", a."IpAddress", a."IsRevoked", a."UserID", a.jti
FROM "AccessTokens" AS a
WHERE NOT (a."IsRevoked")
2026-06-05 21:57:03.353 +00:00 [INF] Executing ObjectResult, writing value of type 'System.Collections.Generic.List`1[[API.Models.AccessToken, API, Version=1.0.0.0, Culture=neutral, PublicKeyToken=null]]'.
2026-06-05 21:57:03.354 +00:00 [INF] Executed action API.Controllers.TokenController.GetAccessTokens (API) in 2.8184ms
2026-06-05 21:57:03.354 +00:00 [INF] Executed endpoint 'API.Controllers.TokenController.GetAccessTokens (API)'
2026-06-05 21:57:03.354 +00:00 [INF] Request finished HTTP/1.1 GET http://192.168.1.6:8080/api/token/access-token - 200 null application/json; charset=utf-8 8.1092ms
2026-06-05 22:00:27.881 +00:00 [INF] Request starting HTTP/1.1 GET http://192.168.1.6:8080/api/token/access-token?page=1&limit=10 - null null
2026-06-05 22:00:27.881 +00:00 [INF] Request starting HTTP/1.1 GET http://192.168.1.6:8080/api/token/access-token - null null
2026-06-05 22:00:27.882 +00:00 [INF] CORS policy execution successful.
2026-06-05 22:00:27.882 +00:00 [INF] CORS policy execution successful.
2026-06-05 22:00:27.882 +00:00 [INF] ====== OnMessageReceived START ======
2026-06-05 22:00:27.882 +00:00 [INF] ====== OnMessageReceived START ======
2026-06-05 22:00:27.882 +00:00 [INF] Available cookies: 2
2026-06-05 22:00:27.882 +00:00 [INF] Available cookies: 2
2026-06-05 22:00:27.882 +00:00 [INF] Cookie: adminRefreshToken = 44 chars
2026-06-05 22:00:27.883 +00:00 [INF] Cookie: adminRefreshToken = 44 chars
2026-06-05 22:00:27.883 +00:00 [INF] Cookie: adminToken = 844 chars
2026-06-05 22:00:27.883 +00:00 [INF] Cookie: adminToken = 844 chars
2026-06-05 22:00:27.883 +00:00 [INF] Admin token found in cookies, length: 844
2026-06-05 22:00:27.883 +00:00 [INF] Admin token found in cookies, length: 844
2026-06-05 22:00:27.883 +00:00 [INF] Admin token set in context
2026-06-05 22:00:27.884 +00:00 [INF] Admin token set in context
2026-06-05 22:00:27.884 +00:00 [INF] ====== OnMessageReceived END - Token set: true ======
2026-06-05 22:00:27.884 +00:00 [INF] ====== OnMessageReceived END - Token set: true ======
2026-06-05 22:00:27.885 +00:00 [INF] Token validated successfully for user: lengyelnorbi
2026-06-05 22:00:27.885 +00:00 [INF] Token validated successfully for user: lengyelnorbi
2026-06-05 22:00:27.885 +00:00 [INF] Device fingerprint headers - UA: Mozilla/5.0 (Windows NT 10.0; Win64; x64; rv:151.0) Gecko/20100101 Firefox/151.0, Accept: application/json, text/plain, */*, Encoding: gzip, deflate
2026-06-05 22:00:27.885 +00:00 [INF] Device fingerprint headers - UA: Mozilla/5.0 (Windows NT 10.0; Win64; x64; rv:151.0) Gecko/20100101 Firefox/151.0, Accept: application/json, text/plain, */*, Encoding: gzip, deflate
2026-06-05 22:00:27.885 +00:00 [INF] Device fingerprint validation: Stored=/a2uf4z8rcBIhIr7KGbd6aahMr80Bhj+9uyLiYNZ66A=, Current=/a2uf4z8rcBIhIr7KGbd6aahMr80Bhj+9uyLiYNZ66A=
2026-06-05 22:00:27.885 +00:00 [INF] Device fingerprint validation: Stored=/a2uf4z8rcBIhIr7KGbd6aahMr80Bhj+9uyLiYNZ66A=, Current=/a2uf4z8rcBIhIr7KGbd6aahMr80Bhj+9uyLiYNZ66A=
2026-06-05 22:00:27.889 +00:00 [INF] Executed DbCommand (2ms) [Parameters=[@__jti_0='?', @__userId_1='?' (DbType = Int32)], CommandType='"Text"', CommandTimeout='30']
SELECT a."ID", a."CreatedAt", a."DeviceFingerprint", a."ExpiresAt", a."IpAddress", a."IsRevoked", a."UserID", a.jti
FROM "AccessTokens" AS a
WHERE a.jti = @__jti_0 AND a."UserID" = @__userId_1 AND NOT (a."IsRevoked") AND a."ExpiresAt" > now()
LIMIT 1
2026-06-05 22:00:27.889 +00:00 [INF] Executed DbCommand (2ms) [Parameters=[@__jti_0='?', @__userId_1='?' (DbType = Int32)], CommandType='"Text"', CommandTimeout='30']
SELECT a."ID", a."CreatedAt", a."DeviceFingerprint", a."ExpiresAt", a."IpAddress", a."IsRevoked", a."UserID", a.jti
FROM "AccessTokens" AS a
WHERE a.jti = @__jti_0 AND a."UserID" = @__userId_1 AND NOT (a."IsRevoked") AND a."ExpiresAt" > now()
LIMIT 1
2026-06-05 22:00:27.889 +00:00 [INF] Executing endpoint 'API.Controllers.TokenController.GetAccessTokens (API)'
2026-06-05 22:00:27.889 +00:00 [INF] Executing endpoint 'API.Controllers.TokenController.GetAccessTokens (API)'
2026-06-05 22:00:27.889 +00:00 [INF] Route matched with {action = "GetAccessTokens", controller = "Token"}. Executing controller action with signature System.Threading.Tasks.Task`1[System.Collections.Generic.IEnumerable`1[API.Models.AccessToken]] GetAccessTokens() on controller API.Controllers.TokenController (API).
2026-06-05 22:00:27.890 +00:00 [INF] Route matched with {action = "GetAccessTokens", controller = "Token"}. Executing controller action with signature System.Threading.Tasks.Task`1[System.Collections.Generic.IEnumerable`1[API.Models.AccessToken]] GetAccessTokens() on controller API.Controllers.TokenController (API).
2026-06-05 22:00:27.891 +00:00 [INF] Executed DbCommand (1ms) [Parameters=[], CommandType='"Text"', CommandTimeout='30']
SELECT a."ID", a."CreatedAt", a."DeviceFingerprint", a."ExpiresAt", a."IpAddress", a."IsRevoked", a."UserID", a.jti
FROM "AccessTokens" AS a
WHERE NOT (a."IsRevoked")
2026-06-05 22:00:27.891 +00:00 [INF] Executed DbCommand (1ms) [Parameters=[], CommandType='"Text"', CommandTimeout='30']
SELECT a."ID", a."CreatedAt", a."DeviceFingerprint", a."ExpiresAt", a."IpAddress", a."IsRevoked", a."UserID", a.jti
FROM "AccessTokens" AS a
WHERE NOT (a."IsRevoked")
2026-06-05 22:00:27.892 +00:00 [INF] Executing ObjectResult, writing value of type 'System.Collections.Generic.List`1[[API.Models.AccessToken, API, Version=1.0.0.0, Culture=neutral, PublicKeyToken=null]]'.
2026-06-05 22:00:27.892 +00:00 [INF] Executing ObjectResult, writing value of type 'System.Collections.Generic.List`1[[API.Models.AccessToken, API, Version=1.0.0.0, Culture=neutral, PublicKeyToken=null]]'.
2026-06-05 22:00:27.893 +00:00 [INF] Executed action API.Controllers.TokenController.GetAccessTokens (API) in 2.8049ms
2026-06-05 22:00:27.893 +00:00 [INF] Executed action API.Controllers.TokenController.GetAccessTokens (API) in 3.2566ms
2026-06-05 22:00:27.893 +00:00 [INF] Executed endpoint 'API.Controllers.TokenController.GetAccessTokens (API)'
2026-06-05 22:00:27.893 +00:00 [INF] Executed endpoint 'API.Controllers.TokenController.GetAccessTokens (API)'
2026-06-05 22:00:27.893 +00:00 [INF] Request finished HTTP/1.1 GET http://192.168.1.6:8080/api/token/access-token?page=1&limit=10 - 200 null application/json; charset=utf-8 12.5305ms
2026-06-05 22:00:27.894 +00:00 [INF] Request finished HTTP/1.1 GET http://192.168.1.6:8080/api/token/access-token - 499 null application/json; charset=utf-8 12.3683ms
2026-06-05 22:00:27.900 +00:00 [INF] Request starting HTTP/1.1 GET http://192.168.1.6:8080/api/token/access-token?page=1&limit=10 - null null
2026-06-05 22:00:27.901 +00:00 [INF] CORS policy execution successful.
2026-06-05 22:00:27.901 +00:00 [INF] ====== OnMessageReceived START ======
2026-06-05 22:00:27.901 +00:00 [INF] Available cookies: 2
2026-06-05 22:00:27.901 +00:00 [INF] Cookie: adminRefreshToken = 44 chars
2026-06-05 22:00:27.902 +00:00 [INF] Cookie: adminToken = 844 chars
2026-06-05 22:00:27.902 +00:00 [INF] Admin token found in cookies, length: 844
2026-06-05 22:00:27.902 +00:00 [INF] Admin token set in context
2026-06-05 22:00:27.902 +00:00 [INF] ====== OnMessageReceived END - Token set: true ======
2026-06-05 22:00:27.902 +00:00 [INF] Request starting HTTP/1.1 GET http://192.168.1.6:8080/api/token/access-token - null null
2026-06-05 22:00:27.902 +00:00 [INF] Token validated successfully for user: lengyelnorbi
2026-06-05 22:00:27.902 +00:00 [INF] CORS policy execution successful.
2026-06-05 22:00:27.902 +00:00 [INF] Device fingerprint headers - UA: Mozilla/5.0 (Windows NT 10.0; Win64; x64; rv:151.0) Gecko/20100101 Firefox/151.0, Accept: application/json, text/plain, */*, Encoding: gzip, deflate
2026-06-05 22:00:27.903 +00:00 [INF] ====== OnMessageReceived START ======
2026-06-05 22:00:27.903 +00:00 [INF] Device fingerprint validation: Stored=/a2uf4z8rcBIhIr7KGbd6aahMr80Bhj+9uyLiYNZ66A=, Current=/a2uf4z8rcBIhIr7KGbd6aahMr80Bhj+9uyLiYNZ66A=
2026-06-05 22:00:27.903 +00:00 [INF] Available cookies: 2
2026-06-05 22:00:27.903 +00:00 [INF] Cookie: adminRefreshToken = 44 chars
2026-06-05 22:00:27.903 +00:00 [INF] Cookie: adminToken = 844 chars
2026-06-05 22:00:27.903 +00:00 [INF] Admin token found in cookies, length: 844
2026-06-05 22:00:27.904 +00:00 [INF] Admin token set in context
2026-06-05 22:00:27.904 +00:00 [INF] ====== OnMessageReceived END - Token set: true ======
2026-06-05 22:00:27.904 +00:00 [INF] Token validated successfully for user: lengyelnorbi
2026-06-05 22:00:27.904 +00:00 [INF] Device fingerprint headers - UA: Mozilla/5.0 (Windows NT 10.0; Win64; x64; rv:151.0) Gecko/20100101 Firefox/151.0, Accept: application/json, text/plain, */*, Encoding: gzip, deflate
2026-06-05 22:00:27.904 +00:00 [INF] Device fingerprint validation: Stored=/a2uf4z8rcBIhIr7KGbd6aahMr80Bhj+9uyLiYNZ66A=, Current=/a2uf4z8rcBIhIr7KGbd6aahMr80Bhj+9uyLiYNZ66A=
2026-06-05 22:00:27.905 +00:00 [INF] Executed DbCommand (1ms) [Parameters=[@__jti_0='?', @__userId_1='?' (DbType = Int32)], CommandType='"Text"', CommandTimeout='30']
SELECT a."ID", a."CreatedAt", a."DeviceFingerprint", a."ExpiresAt", a."IpAddress", a."IsRevoked", a."UserID", a.jti
FROM "AccessTokens" AS a
WHERE a.jti = @__jti_0 AND a."UserID" = @__userId_1 AND NOT (a."IsRevoked") AND a."ExpiresAt" > now()
LIMIT 1
2026-06-05 22:00:27.905 +00:00 [INF] Executing endpoint 'API.Controllers.TokenController.GetAccessTokens (API)'
2026-06-05 22:00:27.905 +00:00 [INF] Route matched with {action = "GetAccessTokens", controller = "Token"}. Executing controller action with signature System.Threading.Tasks.Task`1[System.Collections.Generic.IEnumerable`1[API.Models.AccessToken]] GetAccessTokens() on controller API.Controllers.TokenController (API).
2026-06-05 22:00:27.906 +00:00 [INF] Executed DbCommand (1ms) [Parameters=[@__jti_0='?', @__userId_1='?' (DbType = Int32)], CommandType='"Text"', CommandTimeout='30']
SELECT a."ID", a."CreatedAt", a."DeviceFingerprint", a."ExpiresAt", a."IpAddress", a."IsRevoked", a."UserID", a.jti
FROM "AccessTokens" AS a
WHERE a.jti = @__jti_0 AND a."UserID" = @__userId_1 AND NOT (a."IsRevoked") AND a."ExpiresAt" > now()
LIMIT 1
2026-06-05 22:00:27.906 +00:00 [INF] Executing endpoint 'API.Controllers.TokenController.GetAccessTokens (API)'
2026-06-05 22:00:27.906 +00:00 [INF] Route matched with {action = "GetAccessTokens", controller = "Token"}. Executing controller action with signature System.Threading.Tasks.Task`1[System.Collections.Generic.IEnumerable`1[API.Models.AccessToken]] GetAccessTokens() on controller API.Controllers.TokenController (API).
2026-06-05 22:00:27.907 +00:00 [INF] Executed DbCommand (1ms) [Parameters=[], CommandType='"Text"', CommandTimeout='30']
SELECT a."ID", a."CreatedAt", a."DeviceFingerprint", a."ExpiresAt", a."IpAddress", a."IsRevoked", a."UserID", a.jti
FROM "AccessTokens" AS a
WHERE NOT (a."IsRevoked")
2026-06-05 22:00:27.908 +00:00 [INF] Executing ObjectResult, writing value of type 'System.Collections.Generic.List`1[[API.Models.AccessToken, API, Version=1.0.0.0, Culture=neutral, PublicKeyToken=null]]'.
2026-06-05 22:00:27.908 +00:00 [INF] Executed action API.Controllers.TokenController.GetAccessTokens (API) in 2.5165ms
2026-06-05 22:00:27.908 +00:00 [INF] Executed DbCommand (1ms) [Parameters=[], CommandType='"Text"', CommandTimeout='30']
SELECT a."ID", a."CreatedAt", a."DeviceFingerprint", a."ExpiresAt", a."IpAddress", a."IsRevoked", a."UserID", a.jti
FROM "AccessTokens" AS a
WHERE NOT (a."IsRevoked")
2026-06-05 22:00:27.908 +00:00 [INF] Executed endpoint 'API.Controllers.TokenController.GetAccessTokens (API)'
2026-06-05 22:00:27.908 +00:00 [INF] Request finished HTTP/1.1 GET http://192.168.1.6:8080/api/token/access-token?page=1&limit=10 - 200 null application/json; charset=utf-8 7.8275ms
2026-06-05 22:00:27.908 +00:00 [INF] Executing ObjectResult, writing value of type 'System.Collections.Generic.List`1[[API.Models.AccessToken, API, Version=1.0.0.0, Culture=neutral, PublicKeyToken=null]]'.
2026-06-05 22:00:27.909 +00:00 [INF] Executed action API.Controllers.TokenController.GetAccessTokens (API) in 2.1493ms
2026-06-05 22:00:27.909 +00:00 [INF] Executed endpoint 'API.Controllers.TokenController.GetAccessTokens (API)'
2026-06-05 22:00:27.909 +00:00 [INF] Request finished HTTP/1.1 GET http://192.168.1.6:8080/api/token/access-token - 200 null application/json; charset=utf-8 7.0177ms
2026-06-05 22:00:29.084 +00:00 [INF] Request starting HTTP/1.1 GET http://192.168.1.6:8080/api/token/access-token?page=1&limit=10 - null null
2026-06-05 22:00:29.085 +00:00 [INF] CORS policy execution successful.
2026-06-05 22:00:29.085 +00:00 [INF] ====== OnMessageReceived START ======
2026-06-05 22:00:29.085 +00:00 [INF] Available cookies: 2
2026-06-05 22:00:29.085 +00:00 [INF] Cookie: adminRefreshToken = 44 chars
2026-06-05 22:00:29.085 +00:00 [INF] Request starting HTTP/1.1 GET http://192.168.1.6:8080/api/token/access-token - null null
2026-06-05 22:00:29.085 +00:00 [INF] Cookie: adminToken = 844 chars
2026-06-05 22:00:29.086 +00:00 [INF] CORS policy execution successful.
2026-06-05 22:00:29.086 +00:00 [INF] Admin token found in cookies, length: 844
2026-06-05 22:00:29.086 +00:00 [INF] ====== OnMessageReceived START ======
2026-06-05 22:00:29.086 +00:00 [INF] Admin token set in context
2026-06-05 22:00:29.086 +00:00 [INF] Available cookies: 2
2026-06-05 22:00:29.086 +00:00 [INF] ====== OnMessageReceived END - Token set: true ======
2026-06-05 22:00:29.087 +00:00 [INF] Cookie: adminRefreshToken = 44 chars
2026-06-05 22:00:29.087 +00:00 [INF] Token validated successfully for user: lengyelnorbi
2026-06-05 22:00:29.087 +00:00 [INF] Cookie: adminToken = 844 chars
2026-06-05 22:00:29.087 +00:00 [INF] Device fingerprint headers - UA: Mozilla/5.0 (Windows NT 10.0; Win64; x64; rv:151.0) Gecko/20100101 Firefox/151.0, Accept: application/json, text/plain, */*, Encoding: gzip, deflate
2026-06-05 22:00:29.087 +00:00 [INF] Admin token found in cookies, length: 844
2026-06-05 22:00:29.087 +00:00 [INF] Device fingerprint validation: Stored=/a2uf4z8rcBIhIr7KGbd6aahMr80Bhj+9uyLiYNZ66A=, Current=/a2uf4z8rcBIhIr7KGbd6aahMr80Bhj+9uyLiYNZ66A=
2026-06-05 22:00:29.088 +00:00 [INF] Admin token set in context
2026-06-05 22:00:29.088 +00:00 [INF] ====== OnMessageReceived END - Token set: true ======
2026-06-05 22:00:29.088 +00:00 [INF] Token validated successfully for user: lengyelnorbi
2026-06-05 22:00:29.088 +00:00 [INF] Device fingerprint headers - UA: Mozilla/5.0 (Windows NT 10.0; Win64; x64; rv:151.0) Gecko/20100101 Firefox/151.0, Accept: application/json, text/plain, */*, Encoding: gzip, deflate
2026-06-05 22:00:29.088 +00:00 [INF] Device fingerprint validation: Stored=/a2uf4z8rcBIhIr7KGbd6aahMr80Bhj+9uyLiYNZ66A=, Current=/a2uf4z8rcBIhIr7KGbd6aahMr80Bhj+9uyLiYNZ66A=
2026-06-05 22:00:29.089 +00:00 [INF] Executed DbCommand (1ms) [Parameters=[@__jti_0='?', @__userId_1='?' (DbType = Int32)], CommandType='"Text"', CommandTimeout='30']
SELECT a."ID", a."CreatedAt", a."DeviceFingerprint", a."ExpiresAt", a."IpAddress", a."IsRevoked", a."UserID", a.jti
FROM "AccessTokens" AS a
WHERE a.jti = @__jti_0 AND a."UserID" = @__userId_1 AND NOT (a."IsRevoked") AND a."ExpiresAt" > now()
LIMIT 1
2026-06-05 22:00:29.090 +00:00 [INF] Executing endpoint 'API.Controllers.TokenController.GetAccessTokens (API)'
2026-06-05 22:00:29.090 +00:00 [INF] Route matched with {action = "GetAccessTokens", controller = "Token"}. Executing controller action with signature System.Threading.Tasks.Task`1[System.Collections.Generic.IEnumerable`1[API.Models.AccessToken]] GetAccessTokens() on controller API.Controllers.TokenController (API).
2026-06-05 22:00:29.090 +00:00 [INF] Executed DbCommand (1ms) [Parameters=[@__jti_0='?', @__userId_1='?' (DbType = Int32)], CommandType='"Text"', CommandTimeout='30']
SELECT a."ID", a."CreatedAt", a."DeviceFingerprint", a."ExpiresAt", a."IpAddress", a."IsRevoked", a."UserID", a.jti
FROM "AccessTokens" AS a
WHERE a.jti = @__jti_0 AND a."UserID" = @__userId_1 AND NOT (a."IsRevoked") AND a."ExpiresAt" > now()
LIMIT 1
2026-06-05 22:00:29.090 +00:00 [INF] Executing endpoint 'API.Controllers.TokenController.GetAccessTokens (API)'
2026-06-05 22:00:29.091 +00:00 [INF] Route matched with {action = "GetAccessTokens", controller = "Token"}. Executing controller action with signature System.Threading.Tasks.Task`1[System.Collections.Generic.IEnumerable`1[API.Models.AccessToken]] GetAccessTokens() on controller API.Controllers.TokenController (API).
2026-06-05 22:00:29.091 +00:00 [INF] Executed DbCommand (1ms) [Parameters=[], CommandType='"Text"', CommandTimeout='30']
SELECT a."ID", a."CreatedAt", a."DeviceFingerprint", a."ExpiresAt", a."IpAddress", a."IsRevoked", a."UserID", a.jti
FROM "AccessTokens" AS a
WHERE NOT (a."IsRevoked")
2026-06-05 22:00:29.092 +00:00 [INF] Executed DbCommand (1ms) [Parameters=[], CommandType='"Text"', CommandTimeout='30']
SELECT a."ID", a."CreatedAt", a."DeviceFingerprint", a."ExpiresAt", a."IpAddress", a."IsRevoked", a."UserID", a.jti
FROM "AccessTokens" AS a
WHERE NOT (a."IsRevoked")
2026-06-05 22:00:29.093 +00:00 [INF] Executing ObjectResult, writing value of type 'System.Collections.Generic.List`1[[API.Models.AccessToken, API, Version=1.0.0.0, Culture=neutral, PublicKeyToken=null]]'.
2026-06-05 22:00:29.093 +00:00 [INF] Executed action API.Controllers.TokenController.GetAccessTokens (API) in 2.741ms
2026-06-05 22:00:29.093 +00:00 [INF] Executing ObjectResult, writing value of type 'System.Collections.Generic.List`1[[API.Models.AccessToken, API, Version=1.0.0.0, Culture=neutral, PublicKeyToken=null]]'.
2026-06-05 22:00:29.093 +00:00 [INF] Executed endpoint 'API.Controllers.TokenController.GetAccessTokens (API)'
2026-06-05 22:00:29.093 +00:00 [INF] Executed action API.Controllers.TokenController.GetAccessTokens (API) in 2.7533ms
2026-06-05 22:00:29.094 +00:00 [INF] Request finished HTTP/1.1 GET http://192.168.1.6:8080/api/token/access-token?page=1&limit=10 - 200 null application/json; charset=utf-8 9.293ms
2026-06-05 22:00:29.094 +00:00 [INF] Executed endpoint 'API.Controllers.TokenController.GetAccessTokens (API)'
2026-06-05 22:00:29.094 +00:00 [INF] Request finished HTTP/1.1 GET http://192.168.1.6:8080/api/token/access-token - 200 null application/json; charset=utf-8 8.902ms
2026-06-05 22:00:30.544 +00:00 [INF] Request starting HTTP/1.1 GET http://192.168.1.6:8080/api/token/access-token?page=1&limit=10 - null null
2026-06-05 22:00:30.544 +00:00 [INF] CORS policy execution successful.
2026-06-05 22:00:30.545 +00:00 [INF] ====== OnMessageReceived START ======
2026-06-05 22:00:30.545 +00:00 [INF] Available cookies: 2
2026-06-05 22:00:30.545 +00:00 [INF] Cookie: adminRefreshToken = 44 chars
2026-06-05 22:00:30.545 +00:00 [INF] Cookie: adminToken = 844 chars
2026-06-05 22:00:30.545 +00:00 [INF] Admin token found in cookies, length: 844
2026-06-05 22:00:30.546 +00:00 [INF] Admin token set in context
2026-06-05 22:00:30.546 +00:00 [INF] ====== OnMessageReceived END - Token set: true ======
2026-06-05 22:00:30.546 +00:00 [INF] Token validated successfully for user: lengyelnorbi
2026-06-05 22:00:30.546 +00:00 [INF] Device fingerprint headers - UA: Mozilla/5.0 (Windows NT 10.0; Win64; x64; rv:151.0) Gecko/20100101 Firefox/151.0, Accept: application/json, text/plain, */*, Encoding: gzip, deflate
2026-06-05 22:00:30.546 +00:00 [INF] Device fingerprint validation: Stored=/a2uf4z8rcBIhIr7KGbd6aahMr80Bhj+9uyLiYNZ66A=, Current=/a2uf4z8rcBIhIr7KGbd6aahMr80Bhj+9uyLiYNZ66A=
2026-06-05 22:00:30.549 +00:00 [INF] Executed DbCommand (2ms) [Parameters=[@__jti_0='?', @__userId_1='?' (DbType = Int32)], CommandType='"Text"', CommandTimeout='30']
SELECT a."ID", a."CreatedAt", a."DeviceFingerprint", a."ExpiresAt", a."IpAddress", a."IsRevoked", a."UserID", a.jti
FROM "AccessTokens" AS a
WHERE a.jti = @__jti_0 AND a."UserID" = @__userId_1 AND NOT (a."IsRevoked") AND a."ExpiresAt" > now()
LIMIT 1
2026-06-05 22:00:30.549 +00:00 [INF] Executing endpoint 'API.Controllers.TokenController.GetAccessTokens (API)'
2026-06-05 22:00:30.549 +00:00 [INF] Route matched with {action = "GetAccessTokens", controller = "Token"}. Executing controller action with signature System.Threading.Tasks.Task`1[System.Collections.Generic.IEnumerable`1[API.Models.AccessToken]] GetAccessTokens() on controller API.Controllers.TokenController (API).
2026-06-05 22:00:30.550 +00:00 [INF] Request starting HTTP/1.1 GET http://192.168.1.6:8080/api/token/access-token - null null
2026-06-05 22:00:30.550 +00:00 [INF] CORS policy execution successful.
2026-06-05 22:00:30.550 +00:00 [INF] ====== OnMessageReceived START ======
2026-06-05 22:00:30.550 +00:00 [INF] Available cookies: 2
2026-06-05 22:00:30.550 +00:00 [INF] Cookie: adminRefreshToken = 44 chars
2026-06-05 22:00:30.551 +00:00 [INF] Cookie: adminToken = 844 chars
2026-06-05 22:00:30.551 +00:00 [INF] Admin token found in cookies, length: 844
2026-06-05 22:00:30.551 +00:00 [INF] Admin token set in context
2026-06-05 22:00:30.551 +00:00 [INF] ====== OnMessageReceived END - Token set: true ======
2026-06-05 22:00:30.551 +00:00 [INF] Executed DbCommand (1ms) [Parameters=[], CommandType='"Text"', CommandTimeout='30']
SELECT a."ID", a."CreatedAt", a."DeviceFingerprint", a."ExpiresAt", a."IpAddress", a."IsRevoked", a."UserID", a.jti
FROM "AccessTokens" AS a
WHERE NOT (a."IsRevoked")
2026-06-05 22:00:30.551 +00:00 [INF] Token validated successfully for user: lengyelnorbi
2026-06-05 22:00:30.552 +00:00 [INF] Executing ObjectResult, writing value of type 'System.Collections.Generic.List`1[[API.Models.AccessToken, API, Version=1.0.0.0, Culture=neutral, PublicKeyToken=null]]'.
2026-06-05 22:00:30.552 +00:00 [INF] Device fingerprint headers - UA: Mozilla/5.0 (Windows NT 10.0; Win64; x64; rv:151.0) Gecko/20100101 Firefox/151.0, Accept: application/json, text/plain, */*, Encoding: gzip, deflate
2026-06-05 22:00:30.552 +00:00 [INF] Executed action API.Controllers.TokenController.GetAccessTokens (API) in 2.6847ms
2026-06-05 22:00:30.552 +00:00 [INF] Device fingerprint validation: Stored=/a2uf4z8rcBIhIr7KGbd6aahMr80Bhj+9uyLiYNZ66A=, Current=/a2uf4z8rcBIhIr7KGbd6aahMr80Bhj+9uyLiYNZ66A=
2026-06-05 22:00:30.553 +00:00 [INF] Executed endpoint 'API.Controllers.TokenController.GetAccessTokens (API)'
2026-06-05 22:00:30.553 +00:00 [INF] Request finished HTTP/1.1 GET http://192.168.1.6:8080/api/token/access-token?page=1&limit=10 - 200 null application/json; charset=utf-8 8.8411ms
2026-06-05 22:00:30.554 +00:00 [INF] Executed DbCommand (1ms) [Parameters=[@__jti_0='?', @__userId_1='?' (DbType = Int32)], CommandType='"Text"', CommandTimeout='30']
SELECT a."ID", a."CreatedAt", a."DeviceFingerprint", a."ExpiresAt", a."IpAddress", a."IsRevoked", a."UserID", a.jti
FROM "AccessTokens" AS a
WHERE a.jti = @__jti_0 AND a."UserID" = @__userId_1 AND NOT (a."IsRevoked") AND a."ExpiresAt" > now()
LIMIT 1
2026-06-05 22:00:30.555 +00:00 [INF] Executing endpoint 'API.Controllers.TokenController.GetAccessTokens (API)'
2026-06-05 22:00:30.555 +00:00 [INF] Route matched with {action = "GetAccessTokens", controller = "Token"}. Executing controller action with signature System.Threading.Tasks.Task`1[System.Collections.Generic.IEnumerable`1[API.Models.AccessToken]] GetAccessTokens() on controller API.Controllers.TokenController (API).
2026-06-05 22:00:30.556 +00:00 [INF] Executed DbCommand (1ms) [Parameters=[], CommandType='"Text"', CommandTimeout='30']
SELECT a."ID", a."CreatedAt", a."DeviceFingerprint", a."ExpiresAt", a."IpAddress", a."IsRevoked", a."UserID", a.jti
FROM "AccessTokens" AS a
WHERE NOT (a."IsRevoked")
2026-06-05 22:00:30.557 +00:00 [INF] Executing ObjectResult, writing value of type 'System.Collections.Generic.List`1[[API.Models.AccessToken, API, Version=1.0.0.0, Culture=neutral, PublicKeyToken=null]]'.
2026-06-05 22:00:30.557 +00:00 [INF] Executed action API.Controllers.TokenController.GetAccessTokens (API) in 2.2773ms
2026-06-05 22:00:30.557 +00:00 [INF] Executed endpoint 'API.Controllers.TokenController.GetAccessTokens (API)'
2026-06-05 22:00:30.558 +00:00 [INF] Request finished HTTP/1.1 GET http://192.168.1.6:8080/api/token/access-token - 200 null application/json; charset=utf-8 7.8418ms
2026-06-05 22:00:32.298 +00:00 [INF] Request starting HTTP/1.1 OPTIONS http://192.168.1.6:8080/api/auth/refresh - null null
2026-06-05 22:00:32.298 +00:00 [INF] CORS policy execution successful.
2026-06-05 22:00:32.298 +00:00 [INF] Request finished HTTP/1.1 OPTIONS http://192.168.1.6:8080/api/auth/refresh - 204 null null 0.547ms
2026-06-05 22:00:32.300 +00:00 [INF] Request starting HTTP/1.1 POST http://192.168.1.6:8080/api/auth/refresh - application/json 18
2026-06-05 22:00:32.300 +00:00 [INF] CORS policy execution successful.
2026-06-05 22:00:32.300 +00:00 [INF] ====== OnMessageReceived START ======
2026-06-05 22:00:32.300 +00:00 [INF] Available cookies: 2
2026-06-05 22:00:32.301 +00:00 [INF] Cookie: adminRefreshToken = 44 chars
2026-06-05 22:00:32.301 +00:00 [INF] Cookie: adminToken = 844 chars
2026-06-05 22:00:32.301 +00:00 [INF] Admin token found in cookies, length: 844
2026-06-05 22:00:32.301 +00:00 [INF] Admin token set in context
2026-06-05 22:00:32.301 +00:00 [INF] ====== OnMessageReceived END - Token set: true ======
2026-06-05 22:00:32.301 +00:00 [INF] Token validated successfully for user: lengyelnorbi
2026-06-05 22:00:32.302 +00:00 [INF] Device fingerprint headers - UA: Mozilla/5.0 (Windows NT 10.0; Win64; x64; rv:151.0) Gecko/20100101 Firefox/151.0, Accept: */*, Encoding: gzip, deflate
2026-06-05 22:00:32.302 +00:00 [INF] Device fingerprint validation: Stored=/a2uf4z8rcBIhIr7KGbd6aahMr80Bhj+9uyLiYNZ66A=, Current=/a2uf4z8rcBIhIr7KGbd6aahMr80Bhj+9uyLiYNZ66A=
2026-06-05 22:00:32.303 +00:00 [INF] Executed DbCommand (1ms) [Parameters=[@__jti_0='?', @__userId_1='?' (DbType = Int32)], CommandType='"Text"', CommandTimeout='30']
SELECT a."ID", a."CreatedAt", a."DeviceFingerprint", a."ExpiresAt", a."IpAddress", a."IsRevoked", a."UserID", a.jti
FROM "AccessTokens" AS a
WHERE a.jti = @__jti_0 AND a."UserID" = @__userId_1 AND NOT (a."IsRevoked") AND a."ExpiresAt" > now()
LIMIT 1
2026-06-05 22:00:32.304 +00:00 [INF] Executing endpoint 'API.Controllers.AuthController.RefreshToken (API)'
2026-06-05 22:00:32.304 +00:00 [INF] Route matched with {action = "RefreshToken", controller = "Auth"}. Executing controller action with signature System.Threading.Tasks.Task`1[Microsoft.AspNetCore.Mvc.IActionResult] RefreshToken(API.Models.RequestModels.RefreshRequest) on controller API.Controllers.AuthController (API).
2026-06-05 22:00:32.305 +00:00 [INF] Token refresh attempt at "2026-06-05T22:00:32.3054487Z"
2026-06-05 22:00:32.305 +00:00 [INF] Refreshing admin token at "2026-06-05T22:00:32.3056252Z"
2026-06-05 22:00:32.307 +00:00 [INF] Executed DbCommand (2ms) [Parameters=[@__tokenHash_0='?'], CommandType='"Text"', CommandTimeout='30']
SELECT r."ID", r."CreatedAt", r."DeviceFingerprint", r."ExpiresAt", r."IpAddress", r."IsRevoked", r."TokenHash", r."UserID"
FROM "RefreshTokens" AS r
WHERE r."TokenHash" = @__tokenHash_0 AND NOT (r."IsRevoked") AND r."ExpiresAt" > now()
ORDER BY r."CreatedAt" DESC
LIMIT 1
2026-06-05 22:00:32.307 +00:00 [INF] Mozilla/5.0 (Windows NT 10.0; Win64; x64; rv:151.0) Gecko/20100101 Firefox/151.0
2026-06-05 22:00:32.308 +00:00 [INF] Fetching user by ID from database...
2026-06-05 22:00:32.309 +00:00 [INF] Executed DbCommand (1ms) [Parameters=[@__id_0='?' (DbType = Int32)], CommandType='"Text"', CommandTimeout='30']
SELECT u."ID", u."Email", u."PasswordHash", u."RegisteredAt", u."Role", u."Username"
FROM "Users" AS u
WHERE u."ID" = @__id_0
LIMIT 1
2026-06-05 22:00:32.314 +00:00 [INF] Executed DbCommand (4ms) [Parameters=[@p0='?' (DbType = DateTime), @p1='?', @p2='?' (DbType = DateTime), @p3='?', @p4='?' (DbType = Int32), @p5='?'], CommandType='"Text"', CommandTimeout='30']
INSERT INTO "AccessTokens" ("CreatedAt", "DeviceFingerprint", "ExpiresAt", "IpAddress", "UserID", jti)
VALUES (@p0, @p1, @p2, @p3, @p4, @p5)
RETURNING "ID", "IsRevoked";
2026-06-05 22:00:32.316 +00:00 [INF] Executed DbCommand (1ms) [Parameters=[@__jti_0='?', @__userID_1='?' (DbType = Int32), @__deviceFingerprint_2='?', @__ipAddress_3='?'], CommandType='"Text"', CommandTimeout='30']
SELECT a."ID", a."CreatedAt", a."DeviceFingerprint", a."ExpiresAt", a."IpAddress", a."IsRevoked", a."UserID", a.jti
FROM "AccessTokens" AS a
WHERE a.jti = @__jti_0 AND a."UserID" = @__userID_1 AND a."DeviceFingerprint" = @__deviceFingerprint_2 AND a."IpAddress" = @__ipAddress_3
LIMIT 1
2026-06-05 22:00:32.317 +00:00 [INF] Attempting to revoke access token with jti db219ea8-afde-4770-8ce2-f43d3142977f for user 1 from device /a2uf4z8rcBIhIr7KGbd6aahMr80Bhj+9uyLiYNZ66A= and IP ::ffff:172.20.0.1
2026-06-05 22:00:32.317 +00:00 [INF] Access token found: API.Models.AccessToken
2026-06-05 22:00:32.319 +00:00 [INF] Executed DbCommand (2ms) [Parameters=[@p1='?' (DbType = Int32), @p0='?' (DbType = Boolean)], CommandType='"Text"', CommandTimeout='30']
UPDATE "AccessTokens" SET "IsRevoked" = @p0
WHERE "ID" = @p1;
2026-06-05 22:00:32.320 +00:00 [INF] Access token AccessToken for user 1 revoked: true
2026-06-05 22:00:32.469 +00:00 [INF] Executed DbCommand (149ms) [Parameters=[@p0='?' (DbType = DateTime), @p1='?', @p2='?' (DbType = DateTime), @p3='?', @p4='?', @p5='?' (DbType = Int32)], CommandType='"Text"', CommandTimeout='30']
INSERT INTO "RefreshTokens" ("CreatedAt", "DeviceFingerprint", "ExpiresAt", "IpAddress", "TokenHash", "UserID")
VALUES (@p0, @p1, @p2, @p3, @p4, @p5)
RETURNING "ID", "IsRevoked";
2026-06-05 22:00:32.471 +00:00 [INF] Executed DbCommand (1ms) [Parameters=[@__tokenHash_0='?', @__userId_1='?' (DbType = Int32), @__deviceFingerprint_2='?', @__ipAddress_3='?'], CommandType='"Text"', CommandTimeout='30']
SELECT r."ID", r."CreatedAt", r."DeviceFingerprint", r."ExpiresAt", r."IpAddress", r."IsRevoked", r."TokenHash", r."UserID"
FROM "RefreshTokens" AS r
WHERE r."TokenHash" = @__tokenHash_0 AND r."UserID" = @__userId_1 AND r."DeviceFingerprint" = @__deviceFingerprint_2 AND r."IpAddress" = @__ipAddress_3
LIMIT 1
2026-06-05 22:00:32.473 +00:00 [INF] Executed DbCommand (2ms) [Parameters=[@p1='?' (DbType = Int32), @p0='?' (DbType = Boolean)], CommandType='"Text"', CommandTimeout='30']
UPDATE "RefreshTokens" SET "IsRevoked" = @p0
WHERE "ID" = @p1;
2026-06-05 22:00:32.474 +00:00 [INF] Refresh token EVLtiICBd9ozu+lTiUtcIy4KuWs5bhfP0QtKTvJ6dv0= for user 1 revoked: true
2026-06-05 22:00:32.474 +00:00 [INF] Token refreshed successfully for user 1 at "2026-06-05T22:00:32.4744720Z"
2026-06-05 22:00:32.474 +00:00 [INF] Executing OkObjectResult, writing value of type '<>f__AnonymousType3`2[[System.Boolean, System.Private.CoreLib, Version=9.0.0.0, Culture=neutral, PublicKeyToken=7cec85d7bea7798e],[System.Int32, System.Private.CoreLib, Version=9.0.0.0, Culture=neutral, PublicKeyToken=7cec85d7bea7798e]]'.
2026-06-05 22:00:32.475 +00:00 [INF] Executed action API.Controllers.AuthController.RefreshToken (API) in 170.0493ms
2026-06-05 22:00:32.475 +00:00 [INF] Executed endpoint 'API.Controllers.AuthController.RefreshToken (API)'
2026-06-05 22:00:32.475 +00:00 [INF] Request finished HTTP/1.1 POST http://192.168.1.6:8080/api/auth/refresh - 200 null application/json; charset=utf-8 175.0042ms
2026-06-05 22:00:51.171 +00:00 [INF] Request starting HTTP/1.1 GET http://192.168.1.6:8080/api/token/access-token?page=1&limit=10 - null null
2026-06-05 22:00:51.171 +00:00 [INF] CORS policy execution successful.
2026-06-05 22:00:51.172 +00:00 [INF] ====== OnMessageReceived START ======
2026-06-05 22:00:51.172 +00:00 [INF] Available cookies: 2
2026-06-05 22:00:51.172 +00:00 [INF] Cookie: adminRefreshToken = 44 chars
2026-06-05 22:00:51.172 +00:00 [INF] Cookie: adminToken = 844 chars
2026-06-05 22:00:51.172 +00:00 [INF] Request starting HTTP/1.1 GET http://192.168.1.6:8080/api/token/access-token - null null
2026-06-05 22:00:51.172 +00:00 [INF] Admin token found in cookies, length: 844
2026-06-05 22:00:51.173 +00:00 [INF] CORS policy execution successful.
2026-06-05 22:00:51.173 +00:00 [INF] Admin token set in context
2026-06-05 22:00:51.173 +00:00 [INF] ====== OnMessageReceived START ======
2026-06-05 22:00:51.173 +00:00 [INF] ====== OnMessageReceived END - Token set: true ======
2026-06-05 22:00:51.173 +00:00 [INF] Available cookies: 2
2026-06-05 22:00:51.173 +00:00 [INF] Token validated successfully for user: lengyelnorbi
2026-06-05 22:00:51.173 +00:00 [INF] Cookie: adminRefreshToken = 44 chars
2026-06-05 22:00:51.174 +00:00 [INF] Device fingerprint headers - UA: Mozilla/5.0 (Windows NT 10.0; Win64; x64; rv:151.0) Gecko/20100101 Firefox/151.0, Accept: application/json, text/plain, */*, Encoding: gzip, deflate
2026-06-05 22:00:51.174 +00:00 [INF] Cookie: adminToken = 844 chars
2026-06-05 22:00:51.174 +00:00 [INF] Device fingerprint validation: Stored=/a2uf4z8rcBIhIr7KGbd6aahMr80Bhj+9uyLiYNZ66A=, Current=/a2uf4z8rcBIhIr7KGbd6aahMr80Bhj+9uyLiYNZ66A=
2026-06-05 22:00:51.174 +00:00 [INF] Admin token found in cookies, length: 844
2026-06-05 22:00:51.175 +00:00 [INF] Admin token set in context
2026-06-05 22:00:51.175 +00:00 [INF] ====== OnMessageReceived END - Token set: true ======
2026-06-05 22:00:51.175 +00:00 [INF] Token validated successfully for user: lengyelnorbi
2026-06-05 22:00:51.175 +00:00 [INF] Device fingerprint headers - UA: Mozilla/5.0 (Windows NT 10.0; Win64; x64; rv:151.0) Gecko/20100101 Firefox/151.0, Accept: application/json, text/plain, */*, Encoding: gzip, deflate
2026-06-05 22:00:51.175 +00:00 [INF] Device fingerprint validation: Stored=/a2uf4z8rcBIhIr7KGbd6aahMr80Bhj+9uyLiYNZ66A=, Current=/a2uf4z8rcBIhIr7KGbd6aahMr80Bhj+9uyLiYNZ66A=
2026-06-05 22:00:51.176 +00:00 [INF] Executed DbCommand (1ms) [Parameters=[@__jti_0='?', @__userId_1='?' (DbType = Int32)], CommandType='"Text"', CommandTimeout='30']
SELECT a."ID", a."CreatedAt", a."DeviceFingerprint", a."ExpiresAt", a."IpAddress", a."IsRevoked", a."UserID", a.jti
FROM "AccessTokens" AS a
WHERE a.jti = @__jti_0 AND a."UserID" = @__userId_1 AND NOT (a."IsRevoked") AND a."ExpiresAt" > now()
LIMIT 1
2026-06-05 22:00:51.177 +00:00 [INF] Executed DbCommand (1ms) [Parameters=[@__jti_0='?', @__userId_1='?' (DbType = Int32)], CommandType='"Text"', CommandTimeout='30']
SELECT a."ID", a."CreatedAt", a."DeviceFingerprint", a."ExpiresAt", a."IpAddress", a."IsRevoked", a."UserID", a.jti
FROM "AccessTokens" AS a
WHERE a.jti = @__jti_0 AND a."UserID" = @__userId_1 AND NOT (a."IsRevoked") AND a."ExpiresAt" > now()
LIMIT 1
2026-06-05 22:00:51.177 +00:00 [INF] Executing endpoint 'API.Controllers.TokenController.GetAccessTokens (API)'
2026-06-05 22:00:51.177 +00:00 [INF] Executing endpoint 'API.Controllers.TokenController.GetAccessTokens (API)'
2026-06-05 22:00:51.177 +00:00 [INF] Route matched with {action = "GetAccessTokens", controller = "Token"}. Executing controller action with signature System.Threading.Tasks.Task`1[System.Collections.Generic.IEnumerable`1[API.Models.AccessToken]] GetAccessTokens() on controller API.Controllers.TokenController (API).
2026-06-05 22:00:51.177 +00:00 [INF] Route matched with {action = "GetAccessTokens", controller = "Token"}. Executing controller action with signature System.Threading.Tasks.Task`1[System.Collections.Generic.IEnumerable`1[API.Models.AccessToken]] GetAccessTokens() on controller API.Controllers.TokenController (API).
2026-06-05 22:00:51.178 +00:00 [INF] Executed DbCommand (1ms) [Parameters=[], CommandType='"Text"', CommandTimeout='30']
SELECT a."ID", a."CreatedAt", a."DeviceFingerprint", a."ExpiresAt", a."IpAddress", a."IsRevoked", a."UserID", a.jti
FROM "AccessTokens" AS a
WHERE NOT (a."IsRevoked")
2026-06-05 22:00:51.178 +00:00 [INF] Executed DbCommand (1ms) [Parameters=[], CommandType='"Text"', CommandTimeout='30']
SELECT a."ID", a."CreatedAt", a."DeviceFingerprint", a."ExpiresAt", a."IpAddress", a."IsRevoked", a."UserID", a.jti
FROM "AccessTokens" AS a
WHERE NOT (a."IsRevoked")
2026-06-05 22:00:51.179 +00:00 [INF] Executing ObjectResult, writing value of type 'System.Collections.Generic.List`1[[API.Models.AccessToken, API, Version=1.0.0.0, Culture=neutral, PublicKeyToken=null]]'.
2026-06-05 22:00:51.179 +00:00 [INF] Executing ObjectResult, writing value of type 'System.Collections.Generic.List`1[[API.Models.AccessToken, API, Version=1.0.0.0, Culture=neutral, PublicKeyToken=null]]'.
2026-06-05 22:00:51.179 +00:00 [INF] Executed action API.Controllers.TokenController.GetAccessTokens (API) in 2.0373ms
2026-06-05 22:00:51.179 +00:00 [INF] Executed action API.Controllers.TokenController.GetAccessTokens (API) in 2.05ms
2026-06-05 22:00:51.180 +00:00 [INF] Executed endpoint 'API.Controllers.TokenController.GetAccessTokens (API)'
2026-06-05 22:00:51.180 +00:00 [INF] Executed endpoint 'API.Controllers.TokenController.GetAccessTokens (API)'
2026-06-05 22:00:51.180 +00:00 [INF] Request finished HTTP/1.1 GET http://192.168.1.6:8080/api/token/access-token?page=1&limit=10 - 200 null application/json; charset=utf-8 9.2134ms
2026-06-05 22:00:51.180 +00:00 [INF] Request finished HTTP/1.1 GET http://192.168.1.6:8080/api/token/access-token - 200 null application/json; charset=utf-8 8.29ms
2026-06-05 22:04:04.994 +00:00 [INF] Request starting HTTP/1.1 GET http://192.168.1.6:8080/api/token/access-token?page=1&limit=10 - null null
2026-06-05 22:04:04.994 +00:00 [INF] CORS policy execution successful.
2026-06-05 22:04:04.995 +00:00 [INF] Request starting HTTP/1.1 GET http://192.168.1.6:8080/api/token/access-token - null null
2026-06-05 22:04:04.995 +00:00 [INF] ====== OnMessageReceived START ======
2026-06-05 22:04:04.995 +00:00 [INF] CORS policy execution successful.
2026-06-05 22:04:04.995 +00:00 [INF] Available cookies: 2
2026-06-05 22:04:04.995 +00:00 [INF] ====== OnMessageReceived START ======
2026-06-05 22:04:04.995 +00:00 [INF] Cookie: adminRefreshToken = 44 chars
2026-06-05 22:04:04.996 +00:00 [INF] Available cookies: 2
2026-06-05 22:04:04.996 +00:00 [INF] Cookie: adminToken = 844 chars
2026-06-05 22:04:04.996 +00:00 [INF] Cookie: adminRefreshToken = 44 chars
2026-06-05 22:04:04.996 +00:00 [INF] Admin token found in cookies, length: 844
2026-06-05 22:04:04.996 +00:00 [INF] Cookie: adminToken = 844 chars
2026-06-05 22:04:04.996 +00:00 [INF] Admin token set in context
2026-06-05 22:04:04.997 +00:00 [INF] Admin token found in cookies, length: 844
2026-06-05 22:04:04.997 +00:00 [INF] ====== OnMessageReceived END - Token set: true ======
2026-06-05 22:04:04.997 +00:00 [INF] Admin token set in context
2026-06-05 22:04:04.997 +00:00 [INF] ====== OnMessageReceived END - Token set: true ======
2026-06-05 22:04:04.997 +00:00 [INF] Token validated successfully for user: lengyelnorbi
2026-06-05 22:04:04.997 +00:00 [INF] Device fingerprint headers - UA: Mozilla/5.0 (Windows NT 10.0; Win64; x64; rv:151.0) Gecko/20100101 Firefox/151.0, Accept: application/json, text/plain, */*, Encoding: gzip, deflate
2026-06-05 22:04:04.997 +00:00 [INF] Token validated successfully for user: lengyelnorbi
2026-06-05 22:04:04.998 +00:00 [INF] Device fingerprint validation: Stored=/a2uf4z8rcBIhIr7KGbd6aahMr80Bhj+9uyLiYNZ66A=, Current=/a2uf4z8rcBIhIr7KGbd6aahMr80Bhj+9uyLiYNZ66A=
2026-06-05 22:04:04.998 +00:00 [INF] Device fingerprint headers - UA: Mozilla/5.0 (Windows NT 10.0; Win64; x64; rv:151.0) Gecko/20100101 Firefox/151.0, Accept: application/json, text/plain, */*, Encoding: gzip, deflate
2026-06-05 22:04:04.998 +00:00 [INF] Device fingerprint validation: Stored=/a2uf4z8rcBIhIr7KGbd6aahMr80Bhj+9uyLiYNZ66A=, Current=/a2uf4z8rcBIhIr7KGbd6aahMr80Bhj+9uyLiYNZ66A=
2026-06-05 22:04:05.011 +00:00 [INF] Executed DbCommand (3ms) [Parameters=[@__jti_0='?', @__userId_1='?' (DbType = Int32)], CommandType='"Text"', CommandTimeout='30']
SELECT a."ID", a."CreatedAt", a."DeviceFingerprint", a."ExpiresAt", a."IpAddress", a."IsRevoked", a."UserID", a.jti
FROM "AccessTokens" AS a
WHERE a.jti = @__jti_0 AND a."UserID" = @__userId_1 AND NOT (a."IsRevoked") AND a."ExpiresAt" > now()
LIMIT 1
2026-06-05 22:04:05.011 +00:00 [INF] Executed DbCommand (3ms) [Parameters=[@__jti_0='?', @__userId_1='?' (DbType = Int32)], CommandType='"Text"', CommandTimeout='30']
SELECT a."ID", a."CreatedAt", a."DeviceFingerprint", a."ExpiresAt", a."IpAddress", a."IsRevoked", a."UserID", a.jti
FROM "AccessTokens" AS a
WHERE a.jti = @__jti_0 AND a."UserID" = @__userId_1 AND NOT (a."IsRevoked") AND a."ExpiresAt" > now()
LIMIT 1
2026-06-05 22:04:05.012 +00:00 [INF] Executing endpoint 'API.Controllers.TokenController.GetAccessTokens (API)'
2026-06-05 22:04:05.012 +00:00 [INF] Executing endpoint 'API.Controllers.TokenController.GetAccessTokens (API)'
2026-06-05 22:04:05.012 +00:00 [INF] Route matched with {action = "GetAccessTokens", controller = "Token"}. Executing controller action with signature System.Threading.Tasks.Task`1[System.Collections.Generic.IEnumerable`1[API.Models.AccessToken]] GetAccessTokens() on controller API.Controllers.TokenController (API).
2026-06-05 22:04:05.012 +00:00 [INF] Route matched with {action = "GetAccessTokens", controller = "Token"}. Executing controller action with signature System.Threading.Tasks.Task`1[System.Collections.Generic.IEnumerable`1[API.Models.AccessToken]] GetAccessTokens() on controller API.Controllers.TokenController (API).
2026-06-05 22:04:05.012 +00:00 [INF] Request starting HTTP/1.1 GET http://192.168.1.6:8080/api/token/access-token?page=1&limit=10 - null null
2026-06-05 22:04:05.013 +00:00 [INF] Request starting HTTP/1.1 GET http://192.168.1.6:8080/api/token/access-token - null null
2026-06-05 22:04:05.016 +00:00 [INF] CORS policy execution successful.
2026-06-05 22:04:05.016 +00:00 [INF] CORS policy execution successful.
2026-06-05 22:04:05.016 +00:00 [INF] ====== OnMessageReceived START ======
2026-06-05 22:04:05.017 +00:00 [INF] ====== OnMessageReceived START ======
2026-06-05 22:04:05.017 +00:00 [INF] Available cookies: 2
2026-06-05 22:04:05.017 +00:00 [INF] Available cookies: 2
2026-06-05 22:04:05.017 +00:00 [INF] Cookie: adminRefreshToken = 44 chars
2026-06-05 22:04:05.017 +00:00 [INF] Cookie: adminRefreshToken = 44 chars
2026-06-05 22:04:05.017 +00:00 [INF] Executed DbCommand (1ms) [Parameters=[], CommandType='"Text"', CommandTimeout='30']
SELECT a."ID", a."CreatedAt", a."DeviceFingerprint", a."ExpiresAt", a."IpAddress", a."IsRevoked", a."UserID", a.jti
FROM "AccessTokens" AS a
WHERE NOT (a."IsRevoked")
2026-06-05 22:04:05.017 +00:00 [INF] Executed DbCommand (1ms) [Parameters=[], CommandType='"Text"', CommandTimeout='30']
SELECT a."ID", a."CreatedAt", a."DeviceFingerprint", a."ExpiresAt", a."IpAddress", a."IsRevoked", a."UserID", a.jti
FROM "AccessTokens" AS a
WHERE NOT (a."IsRevoked")
2026-06-05 22:04:05.017 +00:00 [INF] Cookie: adminToken = 844 chars
2026-06-05 22:04:05.018 +00:00 [INF] Cookie: adminToken = 844 chars
2026-06-05 22:04:05.018 +00:00 [INF] Admin token found in cookies, length: 844
2026-06-05 22:04:05.018 +00:00 [INF] Executing ObjectResult, writing value of type 'System.Collections.Generic.List`1[[API.Models.AccessToken, API, Version=1.0.0.0, Culture=neutral, PublicKeyToken=null]]'.
2026-06-05 22:04:05.018 +00:00 [INF] Admin token found in cookies, length: 844
2026-06-05 22:04:05.018 +00:00 [INF] Executing ObjectResult, writing value of type 'System.Collections.Generic.List`1[[API.Models.AccessToken, API, Version=1.0.0.0, Culture=neutral, PublicKeyToken=null]]'.
2026-06-05 22:04:05.018 +00:00 [INF] Admin token set in context
2026-06-05 22:04:05.019 +00:00 [INF] ====== OnMessageReceived END - Token set: true ======
2026-06-05 22:04:05.019 +00:00 [INF] Executed action API.Controllers.TokenController.GetAccessTokens (API) in 2.97ms
2026-06-05 22:04:05.019 +00:00 [INF] Executed action API.Controllers.TokenController.GetAccessTokens (API) in 2.9773ms
2026-06-05 22:04:05.019 +00:00 [INF] Admin token set in context
2026-06-05 22:04:05.019 +00:00 [INF] Token validated successfully for user: lengyelnorbi
2026-06-05 22:04:05.019 +00:00 [INF] Executed endpoint 'API.Controllers.TokenController.GetAccessTokens (API)'
2026-06-05 22:04:05.019 +00:00 [INF] Executed endpoint 'API.Controllers.TokenController.GetAccessTokens (API)'
2026-06-05 22:04:05.020 +00:00 [INF] ====== OnMessageReceived END - Token set: true ======
2026-06-05 22:04:05.020 +00:00 [INF] Device fingerprint headers - UA: Mozilla/5.0 (Windows NT 10.0; Win64; x64; rv:151.0) Gecko/20100101 Firefox/151.0, Accept: application/json, text/plain, */*, Encoding: gzip, deflate
2026-06-05 22:04:05.020 +00:00 [INF] Token validated successfully for user: lengyelnorbi
2026-06-05 22:04:05.020 +00:00 [INF] Request finished HTTP/1.1 GET http://192.168.1.6:8080/api/token/access-token?page=1&limit=10 - 200 null application/json; charset=utf-8 26.3116ms
2026-06-05 22:04:05.020 +00:00 [INF] Request finished HTTP/1.1 GET http://192.168.1.6:8080/api/token/access-token - 499 null application/json; charset=utf-8 25.2766ms
2026-06-05 22:04:05.021 +00:00 [INF] Device fingerprint validation: Stored=/a2uf4z8rcBIhIr7KGbd6aahMr80Bhj+9uyLiYNZ66A=, Current=/a2uf4z8rcBIhIr7KGbd6aahMr80Bhj+9uyLiYNZ66A=
2026-06-05 22:04:05.021 +00:00 [INF] Device fingerprint headers - UA: Mozilla/5.0 (Windows NT 10.0; Win64; x64; rv:151.0) Gecko/20100101 Firefox/151.0, Accept: application/json, text/plain, */*, Encoding: gzip, deflate
2026-06-05 22:04:05.021 +00:00 [INF] Device fingerprint validation: Stored=/a2uf4z8rcBIhIr7KGbd6aahMr80Bhj+9uyLiYNZ66A=, Current=/a2uf4z8rcBIhIr7KGbd6aahMr80Bhj+9uyLiYNZ66A=
2026-06-05 22:04:05.023 +00:00 [INF] Executed DbCommand (1ms) [Parameters=[@__jti_0='?', @__userId_1='?' (DbType = Int32)], CommandType='"Text"', CommandTimeout='30']
SELECT a."ID", a."CreatedAt", a."DeviceFingerprint", a."ExpiresAt", a."IpAddress", a."IsRevoked", a."UserID", a.jti
FROM "AccessTokens" AS a
WHERE a.jti = @__jti_0 AND a."UserID" = @__userId_1 AND NOT (a."IsRevoked") AND a."ExpiresAt" > now()
LIMIT 1
2026-06-05 22:04:05.023 +00:00 [INF] Executed DbCommand (1ms) [Parameters=[@__jti_0='?', @__userId_1='?' (DbType = Int32)], CommandType='"Text"', CommandTimeout='30']
SELECT a."ID", a."CreatedAt", a."DeviceFingerprint", a."ExpiresAt", a."IpAddress", a."IsRevoked", a."UserID", a.jti
FROM "AccessTokens" AS a
WHERE a.jti = @__jti_0 AND a."UserID" = @__userId_1 AND NOT (a."IsRevoked") AND a."ExpiresAt" > now()
LIMIT 1
2026-06-05 22:04:05.023 +00:00 [INF] Executing endpoint 'API.Controllers.TokenController.GetAccessTokens (API)'
2026-06-05 22:04:05.023 +00:00 [INF] Executing endpoint 'API.Controllers.TokenController.GetAccessTokens (API)'
2026-06-05 22:04:05.023 +00:00 [INF] Route matched with {action = "GetAccessTokens", controller = "Token"}. Executing controller action with signature System.Threading.Tasks.Task`1[System.Collections.Generic.IEnumerable`1[API.Models.AccessToken]] GetAccessTokens() on controller API.Controllers.TokenController (API).
2026-06-05 22:04:05.023 +00:00 [INF] Route matched with {action = "GetAccessTokens", controller = "Token"}. Executing controller action with signature System.Threading.Tasks.Task`1[System.Collections.Generic.IEnumerable`1[API.Models.AccessToken]] GetAccessTokens() on controller API.Controllers.TokenController (API).
2026-06-05 22:04:05.024 +00:00 [INF] Executed DbCommand (1ms) [Parameters=[], CommandType='"Text"', CommandTimeout='30']
SELECT a."ID", a."CreatedAt", a."DeviceFingerprint", a."ExpiresAt", a."IpAddress", a."IsRevoked", a."UserID", a.jti
FROM "AccessTokens" AS a
WHERE NOT (a."IsRevoked")
2026-06-05 22:04:05.025 +00:00 [INF] Executed DbCommand (1ms) [Parameters=[], CommandType='"Text"', CommandTimeout='30']
SELECT a."ID", a."CreatedAt", a."DeviceFingerprint", a."ExpiresAt", a."IpAddress", a."IsRevoked", a."UserID", a.jti
FROM "AccessTokens" AS a
WHERE NOT (a."IsRevoked")
2026-06-05 22:04:05.025 +00:00 [INF] Executing ObjectResult, writing value of type 'System.Collections.Generic.List`1[[API.Models.AccessToken, API, Version=1.0.0.0, Culture=neutral, PublicKeyToken=null]]'.
2026-06-05 22:04:05.026 +00:00 [INF] Executing ObjectResult, writing value of type 'System.Collections.Generic.List`1[[API.Models.AccessToken, API, Version=1.0.0.0, Culture=neutral, PublicKeyToken=null]]'.
2026-06-05 22:04:05.026 +00:00 [INF] Executed action API.Controllers.TokenController.GetAccessTokens (API) in 2.1966ms
2026-06-05 22:04:05.026 +00:00 [INF] Executed action API.Controllers.TokenController.GetAccessTokens (API) in 2.1857ms
2026-06-05 22:04:05.026 +00:00 [INF] Executed endpoint 'API.Controllers.TokenController.GetAccessTokens (API)'
2026-06-05 22:04:05.026 +00:00 [INF] Executed endpoint 'API.Controllers.TokenController.GetAccessTokens (API)'
2026-06-05 22:04:05.026 +00:00 [INF] Request finished HTTP/1.1 GET http://192.168.1.6:8080/api/token/access-token?page=1&limit=10 - 200 null application/json; charset=utf-8 14.1094ms
2026-06-05 22:04:05.026 +00:00 [INF] Request finished HTTP/1.1 GET http://192.168.1.6:8080/api/token/access-token - 200 null application/json; charset=utf-8 12.9954ms
2026-06-05 22:04:05.670 +00:00 [INF] Request starting HTTP/1.1 GET http://192.168.1.6:8080/api/token/access-token?page=1&limit=10 - null null
2026-06-05 22:04:05.670 +00:00 [INF] CORS policy execution successful.
2026-06-05 22:04:05.671 +00:00 [INF] ====== OnMessageReceived START ======
2026-06-05 22:04:05.671 +00:00 [INF] Available cookies: 2
2026-06-05 22:04:05.671 +00:00 [INF] Cookie: adminRefreshToken = 44 chars
2026-06-05 22:04:05.671 +00:00 [INF] Cookie: adminToken = 844 chars
2026-06-05 22:04:05.671 +00:00 [INF] Admin token found in cookies, length: 844
2026-06-05 22:04:05.672 +00:00 [INF] Request starting HTTP/1.1 GET http://192.168.1.6:8080/api/token/access-token - null null
2026-06-05 22:04:05.672 +00:00 [INF] Admin token set in context
2026-06-05 22:04:05.672 +00:00 [INF] CORS policy execution successful.
2026-06-05 22:04:05.672 +00:00 [INF] ====== OnMessageReceived END - Token set: true ======
2026-06-05 22:04:05.672 +00:00 [INF] ====== OnMessageReceived START ======
2026-06-05 22:04:05.672 +00:00 [INF] Available cookies: 2
2026-06-05 22:04:05.672 +00:00 [INF] Token validated successfully for user: lengyelnorbi
2026-06-05 22:04:05.673 +00:00 [INF] Cookie: adminRefreshToken = 44 chars
2026-06-05 22:04:05.673 +00:00 [INF] Device fingerprint headers - UA: Mozilla/5.0 (Windows NT 10.0; Win64; x64; rv:151.0) Gecko/20100101 Firefox/151.0, Accept: application/json, text/plain, */*, Encoding: gzip, deflate
2026-06-05 22:04:05.673 +00:00 [INF] Cookie: adminToken = 844 chars
2026-06-05 22:04:05.673 +00:00 [INF] Device fingerprint validation: Stored=/a2uf4z8rcBIhIr7KGbd6aahMr80Bhj+9uyLiYNZ66A=, Current=/a2uf4z8rcBIhIr7KGbd6aahMr80Bhj+9uyLiYNZ66A=
2026-06-05 22:04:05.673 +00:00 [INF] Admin token found in cookies, length: 844
2026-06-05 22:04:05.673 +00:00 [INF] Admin token set in context
2026-06-05 22:04:05.674 +00:00 [INF] ====== OnMessageReceived END - Token set: true ======
2026-06-05 22:04:05.674 +00:00 [INF] Token validated successfully for user: lengyelnorbi
2026-06-05 22:04:05.674 +00:00 [INF] Device fingerprint headers - UA: Mozilla/5.0 (Windows NT 10.0; Win64; x64; rv:151.0) Gecko/20100101 Firefox/151.0, Accept: application/json, text/plain, */*, Encoding: gzip, deflate
2026-06-05 22:04:05.674 +00:00 [INF] Device fingerprint validation: Stored=/a2uf4z8rcBIhIr7KGbd6aahMr80Bhj+9uyLiYNZ66A=, Current=/a2uf4z8rcBIhIr7KGbd6aahMr80Bhj+9uyLiYNZ66A=
2026-06-05 22:04:05.675 +00:00 [INF] Executed DbCommand (1ms) [Parameters=[@__jti_0='?', @__userId_1='?' (DbType = Int32)], CommandType='"Text"', CommandTimeout='30']
SELECT a."ID", a."CreatedAt", a."DeviceFingerprint", a."ExpiresAt", a."IpAddress", a."IsRevoked", a."UserID", a.jti
FROM "AccessTokens" AS a
WHERE a.jti = @__jti_0 AND a."UserID" = @__userId_1 AND NOT (a."IsRevoked") AND a."ExpiresAt" > now()
LIMIT 1
2026-06-05 22:04:05.675 +00:00 [INF] Executing endpoint 'API.Controllers.TokenController.GetAccessTokens (API)'
2026-06-05 22:04:05.676 +00:00 [INF] Route matched with {action = "GetAccessTokens", controller = "Token"}. Executing controller action with signature System.Threading.Tasks.Task`1[System.Collections.Generic.IEnumerable`1[API.Models.AccessToken]] GetAccessTokens() on controller API.Controllers.TokenController (API).
2026-06-05 22:04:05.676 +00:00 [INF] Executed DbCommand (1ms) [Parameters=[@__jti_0='?', @__userId_1='?' (DbType = Int32)], CommandType='"Text"', CommandTimeout='30']
SELECT a."ID", a."CreatedAt", a."DeviceFingerprint", a."ExpiresAt", a."IpAddress", a."IsRevoked", a."UserID", a.jti
FROM "AccessTokens" AS a
WHERE a.jti = @__jti_0 AND a."UserID" = @__userId_1 AND NOT (a."IsRevoked") AND a."ExpiresAt" > now()
LIMIT 1
2026-06-05 22:04:05.676 +00:00 [INF] Executing endpoint 'API.Controllers.TokenController.GetAccessTokens (API)'
2026-06-05 22:04:05.676 +00:00 [INF] Route matched with {action = "GetAccessTokens", controller = "Token"}. Executing controller action with signature System.Threading.Tasks.Task`1[System.Collections.Generic.IEnumerable`1[API.Models.AccessToken]] GetAccessTokens() on controller API.Controllers.TokenController (API).
2026-06-05 22:04:05.677 +00:00 [INF] Executed DbCommand (1ms) [Parameters=[], CommandType='"Text"', CommandTimeout='30']
SELECT a."ID", a."CreatedAt", a."DeviceFingerprint", a."ExpiresAt", a."IpAddress", a."IsRevoked", a."UserID", a.jti
FROM "AccessTokens" AS a
WHERE NOT (a."IsRevoked")
2026-06-05 22:04:05.678 +00:00 [INF] Executed DbCommand (1ms) [Parameters=[], CommandType='"Text"', CommandTimeout='30']
SELECT a."ID", a."CreatedAt", a."DeviceFingerprint", a."ExpiresAt", a."IpAddress", a."IsRevoked", a."UserID", a.jti
FROM "AccessTokens" AS a
WHERE NOT (a."IsRevoked")
2026-06-05 22:04:05.678 +00:00 [INF] Executing ObjectResult, writing value of type 'System.Collections.Generic.List`1[[API.Models.AccessToken, API, Version=1.0.0.0, Culture=neutral, PublicKeyToken=null]]'.
2026-06-05 22:04:05.678 +00:00 [INF] Executed action API.Controllers.TokenController.GetAccessTokens (API) in 2.6553ms
2026-06-05 22:04:05.679 +00:00 [INF] Executed endpoint 'API.Controllers.TokenController.GetAccessTokens (API)'
2026-06-05 22:04:05.679 +00:00 [INF] Request finished HTTP/1.1 GET http://192.168.1.6:8080/api/token/access-token?page=1&limit=10 - 200 null application/json; charset=utf-8 8.6565ms
2026-06-05 22:04:05.679 +00:00 [INF] Executing ObjectResult, writing value of type 'System.Collections.Generic.List`1[[API.Models.AccessToken, API, Version=1.0.0.0, Culture=neutral, PublicKeyToken=null]]'.
2026-06-05 22:04:05.679 +00:00 [INF] Executed action API.Controllers.TokenController.GetAccessTokens (API) in 2.9518ms
2026-06-05 22:04:05.679 +00:00 [INF] Executed endpoint 'API.Controllers.TokenController.GetAccessTokens (API)'
2026-06-05 22:04:05.680 +00:00 [INF] Request finished HTTP/1.1 GET http://192.168.1.6:8080/api/token/access-token - 200 null application/json; charset=utf-8 8.1598ms
2026-06-05 22:04:29.568 +00:00 [INF] Request starting HTTP/1.1 OPTIONS http://192.168.1.6:8080/api/auth - null null
2026-06-05 22:04:29.568 +00:00 [INF] CORS policy execution successful.
2026-06-05 22:04:29.569 +00:00 [INF] Request finished HTTP/1.1 OPTIONS http://192.168.1.6:8080/api/auth - 204 null null 0.5771ms
2026-06-05 22:04:29.570 +00:00 [INF] Request starting HTTP/1.1 POST http://192.168.1.6:8080/api/auth - application/json 74
2026-06-05 22:04:29.571 +00:00 [INF] CORS policy execution successful.
2026-06-05 22:04:29.571 +00:00 [INF] ====== OnMessageReceived START ======
2026-06-05 22:04:29.571 +00:00 [INF] Available cookies: 0
2026-06-05 22:04:29.571 +00:00 [WRN] NO TOKEN FOUND IN COOKIES!
2026-06-05 22:04:29.572 +00:00 [INF] ====== OnMessageReceived END - Token set: false ======
2026-06-05 22:04:29.572 +00:00 [INF] Executing endpoint 'API.Controllers.AuthController.Authenticate (API)'
2026-06-05 22:04:29.575 +00:00 [INF] Route matched with {action = "Authenticate", controller = "Auth"}. Executing controller action with signature System.Threading.Tasks.Task`1[Microsoft.AspNetCore.Mvc.IActionResult] Authenticate(API.Models.RequestModels.LoginRequest) on controller API.Controllers.AuthController (API).
2026-06-05 22:04:29.578 +00:00 [INF] Authentication attempt for email: lengyelnorbi5@gmail.com
2026-06-05 22:04:29.579 +00:00 [INF] Fetching user by email from database...
2026-06-05 22:04:29.585 +00:00 [INF] Executed DbCommand (2ms) [Parameters=[@__email_0='?'], CommandType='"Text"', CommandTimeout='30']
SELECT u."ID", u."Email", u."PasswordHash", u."RegisteredAt", u."Role", u."Username"
FROM "Users" AS u
WHERE u."Email" = @__email_0
LIMIT 1
2026-06-05 22:04:29.585 +00:00 [INF] Mozilla/5.0 (Windows NT 10.0; Win64; x64) AppleWebKit/537.36 (KHTML, like Gecko) Chrome/148.0.0.0 Safari/537.36
2026-06-05 22:04:29.586 +00:00 [INF] Fetching user by email from database...
2026-06-05 22:04:29.588 +00:00 [INF] Executed DbCommand (1ms) [Parameters=[@__email_0='?'], CommandType='"Text"', CommandTimeout='30']
SELECT u."ID", u."Email", u."PasswordHash", u."RegisteredAt", u."Role", u."Username"
FROM "Users" AS u
WHERE u."Email" = @__email_0
LIMIT 1
2026-06-05 22:04:29.928 +00:00 [INF] Password verification completed: Valid
2026-06-05 22:04:29.931 +00:00 [INF] Executed DbCommand (2ms) [Parameters=[@p0='?' (DbType = DateTime), @p1='?', @p2='?' (DbType = DateTime), @p3='?', @p4='?' (DbType = Int32), @p5='?'], CommandType='"Text"', CommandTimeout='30']
INSERT INTO "AccessTokens" ("CreatedAt", "DeviceFingerprint", "ExpiresAt", "IpAddress", "UserID", jti)
VALUES (@p0, @p1, @p2, @p3, @p4, @p5)
RETURNING "ID", "IsRevoked";
2026-06-05 22:04:29.934 +00:00 [INF] Executed DbCommand (2ms) [Parameters=[@p0='?' (DbType = DateTime), @p1='?', @p2='?' (DbType = DateTime), @p3='?', @p4='?', @p5='?' (DbType = Int32)], CommandType='"Text"', CommandTimeout='30']
INSERT INTO "RefreshTokens" ("CreatedAt", "DeviceFingerprint", "ExpiresAt", "IpAddress", "TokenHash", "UserID")
VALUES (@p0, @p1, @p2, @p3, @p4, @p5)
RETURNING "ID", "IsRevoked";
2026-06-05 22:04:29.935 +00:00 [INF] Admin user lengyelnorbi5@gmail.com authenticated successfully from admin panel at "2026-06-05T22:04:29.9349770Z"
2026-06-05 22:04:29.935 +00:00 [INF] --------------------------------------------------------------------
2026-06-05 22:04:29.935 +00:00 [INF] eyJhbGciOiJIUzI1NiIsInR5cCI6IkpXVCJ9.eyJodHRwOi8vc2NoZW1hcy54bWxzb2FwLm9yZy93cy8yMDA1LzA1L2lkZW50aXR5L2NsYWltcy9uYW1laWRlbnRpZmllciI6IjEiLCJodHRwOi8vc2NoZW1hcy54bWxzb2FwLm9yZy93cy8yMDA1LzA1L2lkZW50aXR5L2NsYWltcy9lbWFpbGFkZHJlc3MiOiJsZW5neWVsbm9yYmk1QGdtYWlsLmNvbSIsImh0dHA6Ly9zY2hlbWFzLnhtbHNvYXAub3JnL3dzLzIwMDUvMDUvaWRlbnRpdHkvY2xhaW1zL25hbWUiOiJsZW5neWVsbm9yYmkiLCJqdGkiOiI0ZTdhYzAwYS0zNDZhLTQwNDItYTY2OC02NDQ1MjAzZDliOTQiLCJpYXQiOjE3ODA2OTcwNjksImV4cCI6MTc4MDY5NzM2OSwiaHR0cDovL3NjaGVtYXMubWljcm9zb2Z0LmNvbS93cy8yMDA4LzA2L2lkZW50aXR5L2NsYWltcy9yb2xlIjoiQWRtaW4iLCJTb3VyY2UiOiJhZG1pbiIsIkRldmljZUlkIjoibUlTSlpZQzcyU2hiaWdlQzZucm1QZUFlMWZSeDBicTJJQzNnWXd3RG1hTT0iLCJJUEFkZHJlc3MiOiI6OmZmZmY6MTcyLjIwLjAuMSIsIlRva2VuVmVyc2lvbiI6IjEiLCJpc3MiOiJNdXNpY1BsYXllckFQSSIsImF1ZCI6Ik11c2ljUGxheWVyQ2xpZW50In0.xue47DbZ1_TcpiQA2eogJqlneDSlwZNhAr28OI9vhVs
2026-06-05 22:04:29.935 +00:00 [INF] XAHLi6r7k+w7U5RYNi2qDFIdvboeItVRvgB864zfrDM=
2026-06-05 22:04:29.935 +00:00 [INF] Source: admin
2026-06-05 22:04:29.935 +00:00 [INF] Access Token expires at: "2026-06-05T22:09:29.9287284Z"
2026-06-05 22:04:29.935 +00:00 [INF] Refresh Token expires at: "2026-06-06T06:04:29.9320859Z"
2026-06-05 22:04:29.935 +00:00 [INF] tokenCookieName: adminToken
2026-06-05 22:04:29.936 +00:00 [INF] refreshTokenCookieName: adminRefreshToken
2026-06-05 22:04:29.936 +00:00 [INF] Refresh token hash stored in cookie: XAHLi6r7k+w7U5RYNi2qDFIdvboeItVRvgB864zfrDM=
2026-06-05 22:04:29.936 +00:00 [INF] --------------------------------------------------------------------
2026-06-05 22:04:29.936 +00:00 [INF] Executing OkObjectResult, writing value of type '<>f__AnonymousType1`4[[System.Boolean, System.Private.CoreLib, Version=9.0.0.0, Culture=neutral, PublicKeyToken=7cec85d7bea7798e],[System.Int32, System.Private.CoreLib, Version=9.0.0.0, Culture=neutral, PublicKeyToken=7cec85d7bea7798e],[System.Int32, System.Private.CoreLib, Version=9.0.0.0, Culture=neutral, PublicKeyToken=7cec85d7bea7798e],[<>f__AnonymousType2`3[[System.Int32, System.Private.CoreLib, Version=9.0.0.0, Culture=neutral, PublicKeyToken=7cec85d7bea7798e],[System.String, System.Private.CoreLib, Version=9.0.0.0, Culture=neutral, PublicKeyToken=7cec85d7bea7798e],[System.String, System.Private.CoreLib, Version=9.0.0.0, Culture=neutral, PublicKeyToken=7cec85d7bea7798e]], API, Version=1.0.0.0, Culture=neutral, PublicKeyToken=null]]'.
2026-06-05 22:04:29.938 +00:00 [INF] Executed action API.Controllers.AuthController.Authenticate (API) in 363.1437ms
2026-06-05 22:04:29.938 +00:00 [INF] Executed endpoint 'API.Controllers.AuthController.Authenticate (API)'
2026-06-05 22:04:29.938 +00:00 [INF] Request finished HTTP/1.1 POST http://192.168.1.6:8080/api/auth - 200 null application/json; charset=utf-8 367.8596ms
2026-06-05 22:04:30.955 +00:00 [INF] Request starting HTTP/1.1 GET http://192.168.1.6:8080/api/token/access-token?page=1&limit=10 - null null
2026-06-05 22:04:30.956 +00:00 [INF] CORS policy execution successful.
2026-06-05 22:04:30.956 +00:00 [INF] ====== OnMessageReceived START ======
2026-06-05 22:04:30.956 +00:00 [INF] Available cookies: 2
2026-06-05 22:04:30.956 +00:00 [INF] Cookie: adminToken = 844 chars
2026-06-05 22:04:30.956 +00:00 [INF] Request starting HTTP/1.1 GET http://192.168.1.6:8080/api/token/access-token - null null
2026-06-05 22:04:30.957 +00:00 [INF] Cookie: adminRefreshToken = 44 chars
2026-06-05 22:04:30.957 +00:00 [INF] CORS policy execution successful.
2026-06-05 22:04:30.957 +00:00 [INF] Admin token found in cookies, length: 844
2026-06-05 22:04:30.957 +00:00 [INF] ====== OnMessageReceived START ======
2026-06-05 22:04:30.957 +00:00 [INF] Admin token set in context
2026-06-05 22:04:30.957 +00:00 [INF] Available cookies: 2
2026-06-05 22:04:30.957 +00:00 [INF] ====== OnMessageReceived END - Token set: true ======
2026-06-05 22:04:30.958 +00:00 [INF] Cookie: adminToken = 844 chars
2026-06-05 22:04:30.958 +00:00 [INF] Token validated successfully for user: lengyelnorbi
2026-06-05 22:04:30.958 +00:00 [INF] Cookie: adminRefreshToken = 44 chars
2026-06-05 22:04:30.958 +00:00 [INF] Device fingerprint headers - UA: Mozilla/5.0 (Windows NT 10.0; Win64; x64) AppleWebKit/537.36 (KHTML, like Gecko) Chrome/148.0.0.0 Safari/537.36, Accept: application/json, text/plain, */*, Encoding: gzip, deflate
2026-06-05 22:04:30.958 +00:00 [INF] Admin token found in cookies, length: 844
2026-06-05 22:04:30.958 +00:00 [INF] Device fingerprint validation: Stored=mISJZYC72ShbigeC6nrmPeAe1fRx0bq2IC3gYwwDmaM=, Current=mISJZYC72ShbigeC6nrmPeAe1fRx0bq2IC3gYwwDmaM=
2026-06-05 22:04:30.959 +00:00 [INF] Admin token set in context
2026-06-05 22:04:30.959 +00:00 [INF] ====== OnMessageReceived END - Token set: true ======
2026-06-05 22:04:30.959 +00:00 [INF] Token validated successfully for user: lengyelnorbi
2026-06-05 22:04:30.959 +00:00 [INF] Device fingerprint headers - UA: Mozilla/5.0 (Windows NT 10.0; Win64; x64) AppleWebKit/537.36 (KHTML, like Gecko) Chrome/148.0.0.0 Safari/537.36, Accept: application/json, text/plain, */*, Encoding: gzip, deflate
2026-06-05 22:04:30.959 +00:00 [INF] Device fingerprint validation: Stored=mISJZYC72ShbigeC6nrmPeAe1fRx0bq2IC3gYwwDmaM=, Current=mISJZYC72ShbigeC6nrmPeAe1fRx0bq2IC3gYwwDmaM=
2026-06-05 22:04:30.961 +00:00 [INF] Executed DbCommand (1ms) [Parameters=[@__jti_0='?', @__userId_1='?' (DbType = Int32)], CommandType='"Text"', CommandTimeout='30']
SELECT a."ID", a."CreatedAt", a."DeviceFingerprint", a."ExpiresAt", a."IpAddress", a."IsRevoked", a."UserID", a.jti
FROM "AccessTokens" AS a
WHERE a.jti = @__jti_0 AND a."UserID" = @__userId_1 AND NOT (a."IsRevoked") AND a."ExpiresAt" > now()
LIMIT 1
2026-06-05 22:04:30.961 +00:00 [INF] Executing endpoint 'API.Controllers.TokenController.GetAccessTokens (API)'
2026-06-05 22:04:30.961 +00:00 [INF] Route matched with {action = "GetAccessTokens", controller = "Token"}. Executing controller action with signature System.Threading.Tasks.Task`1[System.Collections.Generic.IEnumerable`1[API.Models.AccessToken]] GetAccessTokens() on controller API.Controllers.TokenController (API).
2026-06-05 22:04:30.961 +00:00 [INF] Executed DbCommand (1ms) [Parameters=[@__jti_0='?', @__userId_1='?' (DbType = Int32)], CommandType='"Text"', CommandTimeout='30']
SELECT a."ID", a."CreatedAt", a."DeviceFingerprint", a."ExpiresAt", a."IpAddress", a."IsRevoked", a."UserID", a.jti
FROM "AccessTokens" AS a
WHERE a.jti = @__jti_0 AND a."UserID" = @__userId_1 AND NOT (a."IsRevoked") AND a."ExpiresAt" > now()
LIMIT 1
2026-06-05 22:04:30.962 +00:00 [INF] Executing endpoint 'API.Controllers.TokenController.GetAccessTokens (API)'
2026-06-05 22:04:30.962 +00:00 [INF] Route matched with {action = "GetAccessTokens", controller = "Token"}. Executing controller action with signature System.Threading.Tasks.Task`1[System.Collections.Generic.IEnumerable`1[API.Models.AccessToken]] GetAccessTokens() on controller API.Controllers.TokenController (API).
2026-06-05 22:04:30.963 +00:00 [INF] Executed DbCommand (1ms) [Parameters=[], CommandType='"Text"', CommandTimeout='30']
SELECT a."ID", a."CreatedAt", a."DeviceFingerprint", a."ExpiresAt", a."IpAddress", a."IsRevoked", a."UserID", a.jti
FROM "AccessTokens" AS a
WHERE NOT (a."IsRevoked")
2026-06-05 22:04:30.964 +00:00 [INF] Executed DbCommand (1ms) [Parameters=[], CommandType='"Text"', CommandTimeout='30']
SELECT a."ID", a."CreatedAt", a."DeviceFingerprint", a."ExpiresAt", a."IpAddress", a."IsRevoked", a."UserID", a.jti
FROM "AccessTokens" AS a
WHERE NOT (a."IsRevoked")
2026-06-05 22:04:30.964 +00:00 [INF] Executing ObjectResult, writing value of type 'System.Collections.Generic.List`1[[API.Models.AccessToken, API, Version=1.0.0.0, Culture=neutral, PublicKeyToken=null]]'.
2026-06-05 22:04:30.964 +00:00 [INF] Executed action API.Controllers.TokenController.GetAccessTokens (API) in 2.6335ms
2026-06-05 22:04:30.964 +00:00 [INF] Executed endpoint 'API.Controllers.TokenController.GetAccessTokens (API)'
2026-06-05 22:04:30.964 +00:00 [INF] Executing ObjectResult, writing value of type 'System.Collections.Generic.List`1[[API.Models.AccessToken, API, Version=1.0.0.0, Culture=neutral, PublicKeyToken=null]]'.
2026-06-05 22:04:30.965 +00:00 [INF] Request finished HTTP/1.1 GET http://192.168.1.6:8080/api/token/access-token?page=1&limit=10 - 200 null application/json; charset=utf-8 9.2384ms
2026-06-05 22:04:30.965 +00:00 [INF] Executed action API.Controllers.TokenController.GetAccessTokens (API) in 2.9391ms
2026-06-05 22:04:30.965 +00:00 [INF] Executed endpoint 'API.Controllers.TokenController.GetAccessTokens (API)'
2026-06-05 22:04:30.965 +00:00 [INF] Request finished HTTP/1.1 GET http://192.168.1.6:8080/api/token/access-token - 200 null application/json; charset=utf-8 8.9423ms
2026-06-05 22:04:30.967 +00:00 [INF] Request starting HTTP/1.1 GET http://192.168.1.6:8080/api/token/access-token?page=1&limit=10 - null null
2026-06-05 22:04:30.967 +00:00 [INF] Request starting HTTP/1.1 GET http://192.168.1.6:8080/api/token/access-token - null null
2026-06-05 22:04:30.967 +00:00 [INF] CORS policy execution successful.
2026-06-05 22:04:30.967 +00:00 [INF] CORS policy execution successful.
2026-06-05 22:04:30.968 +00:00 [INF] ====== OnMessageReceived START ======
2026-06-05 22:04:30.968 +00:00 [INF] ====== OnMessageReceived START ======
2026-06-05 22:04:30.968 +00:00 [INF] Available cookies: 2
2026-06-05 22:04:30.968 +00:00 [INF] Available cookies: 2
2026-06-05 22:04:30.968 +00:00 [INF] Cookie: adminToken = 844 chars
2026-06-05 22:04:30.968 +00:00 [INF] Cookie: adminToken = 844 chars
2026-06-05 22:04:30.968 +00:00 [INF] Cookie: adminRefreshToken = 44 chars
2026-06-05 22:04:30.969 +00:00 [INF] Cookie: adminRefreshToken = 44 chars
2026-06-05 22:04:30.969 +00:00 [INF] Admin token found in cookies, length: 844
2026-06-05 22:04:30.969 +00:00 [INF] Admin token found in cookies, length: 844
2026-06-05 22:04:30.969 +00:00 [INF] Admin token set in context
2026-06-05 22:04:30.969 +00:00 [INF] Admin token set in context
2026-06-05 22:04:30.969 +00:00 [INF] ====== OnMessageReceived END - Token set: true ======
2026-06-05 22:04:30.970 +00:00 [INF] ====== OnMessageReceived END - Token set: true ======
2026-06-05 22:04:30.970 +00:00 [INF] Token validated successfully for user: lengyelnorbi
2026-06-05 22:04:30.970 +00:00 [INF] Token validated successfully for user: lengyelnorbi
2026-06-05 22:04:30.970 +00:00 [INF] Device fingerprint headers - UA: Mozilla/5.0 (Windows NT 10.0; Win64; x64) AppleWebKit/537.36 (KHTML, like Gecko) Chrome/148.0.0.0 Safari/537.36, Accept: application/json, text/plain, */*, Encoding: gzip, deflate
2026-06-05 22:04:30.970 +00:00 [INF] Device fingerprint headers - UA: Mozilla/5.0 (Windows NT 10.0; Win64; x64) AppleWebKit/537.36 (KHTML, like Gecko) Chrome/148.0.0.0 Safari/537.36, Accept: application/json, text/plain, */*, Encoding: gzip, deflate
2026-06-05 22:04:30.970 +00:00 [INF] Device fingerprint validation: Stored=mISJZYC72ShbigeC6nrmPeAe1fRx0bq2IC3gYwwDmaM=, Current=mISJZYC72ShbigeC6nrmPeAe1fRx0bq2IC3gYwwDmaM=
2026-06-05 22:04:30.970 +00:00 [INF] Device fingerprint validation: Stored=mISJZYC72ShbigeC6nrmPeAe1fRx0bq2IC3gYwwDmaM=, Current=mISJZYC72ShbigeC6nrmPeAe1fRx0bq2IC3gYwwDmaM=
2026-06-05 22:04:30.973 +00:00 [INF] Executed DbCommand (1ms) [Parameters=[@__jti_0='?', @__userId_1='?' (DbType = Int32)], CommandType='"Text"', CommandTimeout='30']
SELECT a."ID", a."CreatedAt", a."DeviceFingerprint", a."ExpiresAt", a."IpAddress", a."IsRevoked", a."UserID", a.jti
FROM "AccessTokens" AS a
WHERE a.jti = @__jti_0 AND a."UserID" = @__userId_1 AND NOT (a."IsRevoked") AND a."ExpiresAt" > now()
LIMIT 1
2026-06-05 22:04:30.973 +00:00 [INF] Executed DbCommand (1ms) [Parameters=[@__jti_0='?', @__userId_1='?' (DbType = Int32)], CommandType='"Text"', CommandTimeout='30']
SELECT a."ID", a."CreatedAt", a."DeviceFingerprint", a."ExpiresAt", a."IpAddress", a."IsRevoked", a."UserID", a.jti
FROM "AccessTokens" AS a
WHERE a.jti = @__jti_0 AND a."UserID" = @__userId_1 AND NOT (a."IsRevoked") AND a."ExpiresAt" > now()
LIMIT 1
2026-06-05 22:04:30.973 +00:00 [INF] Executing endpoint 'API.Controllers.TokenController.GetAccessTokens (API)'
2026-06-05 22:04:30.973 +00:00 [INF] Executing endpoint 'API.Controllers.TokenController.GetAccessTokens (API)'
2026-06-05 22:04:30.973 +00:00 [INF] Route matched with {action = "GetAccessTokens", controller = "Token"}. Executing controller action with signature System.Threading.Tasks.Task`1[System.Collections.Generic.IEnumerable`1[API.Models.AccessToken]] GetAccessTokens() on controller API.Controllers.TokenController (API).
2026-06-05 22:04:30.973 +00:00 [INF] Route matched with {action = "GetAccessTokens", controller = "Token"}. Executing controller action with signature System.Threading.Tasks.Task`1[System.Collections.Generic.IEnumerable`1[API.Models.AccessToken]] GetAccessTokens() on controller API.Controllers.TokenController (API).
2026-06-05 22:04:30.975 +00:00 [INF] Executed DbCommand (1ms) [Parameters=[], CommandType='"Text"', CommandTimeout='30']
SELECT a."ID", a."CreatedAt", a."DeviceFingerprint", a."ExpiresAt", a."IpAddress", a."IsRevoked", a."UserID", a.jti
FROM "AccessTokens" AS a
WHERE NOT (a."IsRevoked")
2026-06-05 22:04:30.975 +00:00 [INF] Executed DbCommand (1ms) [Parameters=[], CommandType='"Text"', CommandTimeout='30']
SELECT a."ID", a."CreatedAt", a."DeviceFingerprint", a."ExpiresAt", a."IpAddress", a."IsRevoked", a."UserID", a.jti
FROM "AccessTokens" AS a
WHERE NOT (a."IsRevoked")
2026-06-05 22:04:30.975 +00:00 [INF] Executing ObjectResult, writing value of type 'System.Collections.Generic.List`1[[API.Models.AccessToken, API, Version=1.0.0.0, Culture=neutral, PublicKeyToken=null]]'.
2026-06-05 22:04:30.976 +00:00 [INF] Executing ObjectResult, writing value of type 'System.Collections.Generic.List`1[[API.Models.AccessToken, API, Version=1.0.0.0, Culture=neutral, PublicKeyToken=null]]'.
2026-06-05 22:04:30.976 +00:00 [INF] Executed action API.Controllers.TokenController.GetAccessTokens (API) in 2.0414ms
2026-06-05 22:04:30.976 +00:00 [INF] Executed action API.Controllers.TokenController.GetAccessTokens (API) in 2.3896ms
2026-06-05 22:04:30.976 +00:00 [INF] Executed endpoint 'API.Controllers.TokenController.GetAccessTokens (API)'
2026-06-05 22:04:30.976 +00:00 [INF] Executed endpoint 'API.Controllers.TokenController.GetAccessTokens (API)'
2026-06-05 22:04:30.976 +00:00 [INF] Request finished HTTP/1.1 GET http://192.168.1.6:8080/api/token/access-token?page=1&limit=10 - 200 null application/json; charset=utf-8 9.3226ms
2026-06-05 22:04:30.976 +00:00 [INF] Request finished HTTP/1.1 GET http://192.168.1.6:8080/api/token/access-token - 200 null application/json; charset=utf-8 9.4724ms
2026-06-05 22:04:34.717 +00:00 [INF] Request starting HTTP/1.1 GET http://192.168.1.6:8080/api/token/access-token?page=1&limit=10 - null null
2026-06-05 22:04:34.717 +00:00 [INF] Request starting HTTP/1.1 GET http://192.168.1.6:8080/api/token/access-token - null null
2026-06-05 22:04:34.718 +00:00 [INF] CORS policy execution successful.
2026-06-05 22:04:34.718 +00:00 [INF] CORS policy execution successful.
2026-06-05 22:04:34.718 +00:00 [INF] ====== OnMessageReceived START ======
2026-06-05 22:04:34.718 +00:00 [INF] ====== OnMessageReceived START ======
2026-06-05 22:04:34.718 +00:00 [INF] Available cookies: 2
2026-06-05 22:04:34.719 +00:00 [INF] Available cookies: 2
2026-06-05 22:04:34.719 +00:00 [INF] Cookie: adminToken = 844 chars
2026-06-05 22:04:34.719 +00:00 [INF] Cookie: adminToken = 844 chars
2026-06-05 22:04:34.719 +00:00 [INF] Cookie: adminRefreshToken = 44 chars
2026-06-05 22:04:34.719 +00:00 [INF] Cookie: adminRefreshToken = 44 chars
2026-06-05 22:04:34.719 +00:00 [INF] Admin token found in cookies, length: 844
2026-06-05 22:04:34.720 +00:00 [INF] Admin token found in cookies, length: 844
2026-06-05 22:04:34.720 +00:00 [INF] Admin token set in context
2026-06-05 22:04:34.720 +00:00 [INF] Admin token set in context
2026-06-05 22:04:34.720 +00:00 [INF] ====== OnMessageReceived END - Token set: true ======
2026-06-05 22:04:34.720 +00:00 [INF] ====== OnMessageReceived END - Token set: true ======
2026-06-05 22:04:34.721 +00:00 [INF] Token validated successfully for user: lengyelnorbi
2026-06-05 22:04:34.721 +00:00 [INF] Token validated successfully for user: lengyelnorbi
2026-06-05 22:04:34.721 +00:00 [INF] Device fingerprint headers - UA: Mozilla/5.0 (Windows NT 10.0; Win64; x64) AppleWebKit/537.36 (KHTML, like Gecko) Chrome/148.0.0.0 Safari/537.36, Accept: application/json, text/plain, */*, Encoding: gzip, deflate
2026-06-05 22:04:34.721 +00:00 [INF] Device fingerprint headers - UA: Mozilla/5.0 (Windows NT 10.0; Win64; x64) AppleWebKit/537.36 (KHTML, like Gecko) Chrome/148.0.0.0 Safari/537.36, Accept: application/json, text/plain, */*, Encoding: gzip, deflate
2026-06-05 22:04:34.721 +00:00 [INF] Device fingerprint validation: Stored=mISJZYC72ShbigeC6nrmPeAe1fRx0bq2IC3gYwwDmaM=, Current=mISJZYC72ShbigeC6nrmPeAe1fRx0bq2IC3gYwwDmaM=
2026-06-05 22:04:34.721 +00:00 [INF] Device fingerprint validation: Stored=mISJZYC72ShbigeC6nrmPeAe1fRx0bq2IC3gYwwDmaM=, Current=mISJZYC72ShbigeC6nrmPeAe1fRx0bq2IC3gYwwDmaM=
2026-06-05 22:04:34.723 +00:00 [INF] Executed DbCommand (1ms) [Parameters=[@__jti_0='?', @__userId_1='?' (DbType = Int32)], CommandType='"Text"', CommandTimeout='30']
SELECT a."ID", a."CreatedAt", a."DeviceFingerprint", a."ExpiresAt", a."IpAddress", a."IsRevoked", a."UserID", a.jti
FROM "AccessTokens" AS a
WHERE a.jti = @__jti_0 AND a."UserID" = @__userId_1 AND NOT (a."IsRevoked") AND a."ExpiresAt" > now()
LIMIT 1
2026-06-05 22:04:34.723 +00:00 [INF] Executed DbCommand (1ms) [Parameters=[@__jti_0='?', @__userId_1='?' (DbType = Int32)], CommandType='"Text"', CommandTimeout='30']
SELECT a."ID", a."CreatedAt", a."DeviceFingerprint", a."ExpiresAt", a."IpAddress", a."IsRevoked", a."UserID", a.jti
FROM "AccessTokens" AS a
WHERE a.jti = @__jti_0 AND a."UserID" = @__userId_1 AND NOT (a."IsRevoked") AND a."ExpiresAt" > now()
LIMIT 1
2026-06-05 22:04:34.724 +00:00 [INF] Executing endpoint 'API.Controllers.TokenController.GetAccessTokens (API)'
2026-06-05 22:04:34.724 +00:00 [INF] Executing endpoint 'API.Controllers.TokenController.GetAccessTokens (API)'
2026-06-05 22:04:34.724 +00:00 [INF] Route matched with {action = "GetAccessTokens", controller = "Token"}. Executing controller action with signature System.Threading.Tasks.Task`1[System.Collections.Generic.IEnumerable`1[API.Models.AccessToken]] GetAccessTokens() on controller API.Controllers.TokenController (API).
2026-06-05 22:04:34.724 +00:00 [INF] Route matched with {action = "GetAccessTokens", controller = "Token"}. Executing controller action with signature System.Threading.Tasks.Task`1[System.Collections.Generic.IEnumerable`1[API.Models.AccessToken]] GetAccessTokens() on controller API.Controllers.TokenController (API).
2026-06-05 22:04:34.725 +00:00 [INF] Executed DbCommand (1ms) [Parameters=[], CommandType='"Text"', CommandTimeout='30']
SELECT a."ID", a."CreatedAt", a."DeviceFingerprint", a."ExpiresAt", a."IpAddress", a."IsRevoked", a."UserID", a.jti
FROM "AccessTokens" AS a
WHERE NOT (a."IsRevoked")
2026-06-05 22:04:34.725 +00:00 [INF] Executed DbCommand (1ms) [Parameters=[], CommandType='"Text"', CommandTimeout='30']
SELECT a."ID", a."CreatedAt", a."DeviceFingerprint", a."ExpiresAt", a."IpAddress", a."IsRevoked", a."UserID", a.jti
FROM "AccessTokens" AS a
WHERE NOT (a."IsRevoked")
2026-06-05 22:04:34.726 +00:00 [INF] Executing ObjectResult, writing value of type 'System.Collections.Generic.List`1[[API.Models.AccessToken, API, Version=1.0.0.0, Culture=neutral, PublicKeyToken=null]]'.
2026-06-05 22:04:34.726 +00:00 [INF] Executing ObjectResult, writing value of type 'System.Collections.Generic.List`1[[API.Models.AccessToken, API, Version=1.0.0.0, Culture=neutral, PublicKeyToken=null]]'.
2026-06-05 22:04:34.726 +00:00 [INF] Executed action API.Controllers.TokenController.GetAccessTokens (API) in 2.1573ms
2026-06-05 22:04:34.726 +00:00 [INF] Executed action API.Controllers.TokenController.GetAccessTokens (API) in 2.1779ms
2026-06-05 22:04:34.727 +00:00 [INF] Executed endpoint 'API.Controllers.TokenController.GetAccessTokens (API)'
2026-06-05 22:04:34.727 +00:00 [INF] Executed endpoint 'API.Controllers.TokenController.GetAccessTokens (API)'
2026-06-05 22:04:34.727 +00:00 [INF] Request finished HTTP/1.1 GET http://192.168.1.6:8080/api/token/access-token?page=1&limit=10 - 200 null application/json; charset=utf-8 9.5219ms
2026-06-05 22:04:34.727 +00:00 [INF] Request finished HTTP/1.1 GET http://192.168.1.6:8080/api/token/access-token - 200 null application/json; charset=utf-8 9.6632ms
2026-06-05 22:05:02.726 +00:00 [INF] Request starting HTTP/1.1 OPTIONS http://192.168.1.6:8080/api/auth/refresh - null null
2026-06-05 22:05:02.727 +00:00 [INF] CORS policy execution successful.
2026-06-05 22:05:02.727 +00:00 [INF] Request finished HTTP/1.1 OPTIONS http://192.168.1.6:8080/api/auth/refresh - 204 null null 0.6629ms
2026-06-05 22:05:02.736 +00:00 [INF] Request starting HTTP/1.1 POST http://192.168.1.6:8080/api/auth/refresh - application/json 18
2026-06-05 22:05:02.736 +00:00 [INF] CORS policy execution successful.
2026-06-05 22:05:02.737 +00:00 [INF] ====== OnMessageReceived START ======
2026-06-05 22:05:02.737 +00:00 [INF] Available cookies: 2
2026-06-05 22:05:02.737 +00:00 [INF] Cookie: adminRefreshToken = 44 chars
2026-06-05 22:05:02.737 +00:00 [INF] Cookie: adminToken = 844 chars
2026-06-05 22:05:02.737 +00:00 [INF] Admin token found in cookies, length: 844
2026-06-05 22:05:02.737 +00:00 [INF] Admin token set in context
2026-06-05 22:05:02.738 +00:00 [INF] ====== OnMessageReceived END - Token set: true ======
2026-06-05 22:05:02.738 +00:00 [INF] Token validated successfully for user: lengyelnorbi
2026-06-05 22:05:02.738 +00:00 [INF] Device fingerprint headers - UA: Mozilla/5.0 (Windows NT 10.0; Win64; x64; rv:151.0) Gecko/20100101 Firefox/151.0, Accept: */*, Encoding: gzip, deflate
2026-06-05 22:05:02.738 +00:00 [INF] Device fingerprint validation: Stored=/a2uf4z8rcBIhIr7KGbd6aahMr80Bhj+9uyLiYNZ66A=, Current=/a2uf4z8rcBIhIr7KGbd6aahMr80Bhj+9uyLiYNZ66A=
2026-06-05 22:05:02.741 +00:00 [INF] Executed DbCommand (2ms) [Parameters=[@__jti_0='?', @__userId_1='?' (DbType = Int32)], CommandType='"Text"', CommandTimeout='30']
SELECT a."ID", a."CreatedAt", a."DeviceFingerprint", a."ExpiresAt", a."IpAddress", a."IsRevoked", a."UserID", a.jti
FROM "AccessTokens" AS a
WHERE a.jti = @__jti_0 AND a."UserID" = @__userId_1 AND NOT (a."IsRevoked") AND a."ExpiresAt" > now()
LIMIT 1
2026-06-05 22:05:02.741 +00:00 [INF] Executing endpoint 'API.Controllers.AuthController.RefreshToken (API)'
2026-06-05 22:05:02.741 +00:00 [INF] Route matched with {action = "RefreshToken", controller = "Auth"}. Executing controller action with signature System.Threading.Tasks.Task`1[Microsoft.AspNetCore.Mvc.IActionResult] RefreshToken(API.Models.RequestModels.RefreshRequest) on controller API.Controllers.AuthController (API).
2026-06-05 22:05:02.742 +00:00 [INF] Token refresh attempt at "2026-06-05T22:05:02.7423124Z"
2026-06-05 22:05:02.742 +00:00 [INF] Refreshing admin token at "2026-06-05T22:05:02.7424935Z"
2026-06-05 22:05:02.744 +00:00 [INF] Executed DbCommand (2ms) [Parameters=[@__tokenHash_0='?'], CommandType='"Text"', CommandTimeout='30']
SELECT r."ID", r."CreatedAt", r."DeviceFingerprint", r."ExpiresAt", r."IpAddress", r."IsRevoked", r."TokenHash", r."UserID"
FROM "RefreshTokens" AS r
WHERE r."TokenHash" = @__tokenHash_0 AND NOT (r."IsRevoked") AND r."ExpiresAt" > now()
ORDER BY r."CreatedAt" DESC
LIMIT 1
2026-06-05 22:05:02.744 +00:00 [INF] Mozilla/5.0 (Windows NT 10.0; Win64; x64; rv:151.0) Gecko/20100101 Firefox/151.0
2026-06-05 22:05:02.745 +00:00 [INF] Fetching user by ID from database...
2026-06-05 22:05:02.746 +00:00 [INF] Executed DbCommand (1ms) [Parameters=[@__id_0='?' (DbType = Int32)], CommandType='"Text"', CommandTimeout='30']
SELECT u."ID", u."Email", u."PasswordHash", u."RegisteredAt", u."Role", u."Username"
FROM "Users" AS u
WHERE u."ID" = @__id_0
LIMIT 1
2026-06-05 22:05:02.750 +00:00 [INF] Executed DbCommand (4ms) [Parameters=[@p0='?' (DbType = DateTime), @p1='?', @p2='?' (DbType = DateTime), @p3='?', @p4='?' (DbType = Int32), @p5='?'], CommandType='"Text"', CommandTimeout='30']
INSERT INTO "AccessTokens" ("CreatedAt", "DeviceFingerprint", "ExpiresAt", "IpAddress", "UserID", jti)
VALUES (@p0, @p1, @p2, @p3, @p4, @p5)
RETURNING "ID", "IsRevoked";
2026-06-05 22:05:02.752 +00:00 [INF] Executed DbCommand (1ms) [Parameters=[@__jti_0='?', @__userID_1='?' (DbType = Int32), @__deviceFingerprint_2='?', @__ipAddress_3='?'], CommandType='"Text"', CommandTimeout='30']
SELECT a."ID", a."CreatedAt", a."DeviceFingerprint", a."ExpiresAt", a."IpAddress", a."IsRevoked", a."UserID", a.jti
FROM "AccessTokens" AS a
WHERE a.jti = @__jti_0 AND a."UserID" = @__userID_1 AND a."DeviceFingerprint" = @__deviceFingerprint_2 AND a."IpAddress" = @__ipAddress_3
LIMIT 1
2026-06-05 22:05:02.753 +00:00 [INF] Attempting to revoke access token with jti ed8b889d-20d8-4285-997a-c6e1e369771c for user 1 from device /a2uf4z8rcBIhIr7KGbd6aahMr80Bhj+9uyLiYNZ66A= and IP ::ffff:172.20.0.1
2026-06-05 22:05:02.753 +00:00 [INF] Access token found: API.Models.AccessToken
2026-06-05 22:05:02.755 +00:00 [INF] Executed DbCommand (2ms) [Parameters=[@p1='?' (DbType = Int32), @p0='?' (DbType = Boolean)], CommandType='"Text"', CommandTimeout='30']
UPDATE "AccessTokens" SET "IsRevoked" = @p0
WHERE "ID" = @p1;
2026-06-05 22:05:02.755 +00:00 [INF] Access token AccessToken for user 1 revoked: true
2026-06-05 22:05:02.758 +00:00 [INF] Executed DbCommand (2ms) [Parameters=[@p0='?' (DbType = DateTime), @p1='?', @p2='?' (DbType = DateTime), @p3='?', @p4='?', @p5='?' (DbType = Int32)], CommandType='"Text"', CommandTimeout='30']
INSERT INTO "RefreshTokens" ("CreatedAt", "DeviceFingerprint", "ExpiresAt", "IpAddress", "TokenHash", "UserID")
VALUES (@p0, @p1, @p2, @p3, @p4, @p5)
RETURNING "ID", "IsRevoked";
2026-06-05 22:05:02.760 +00:00 [INF] Executed DbCommand (1ms) [Parameters=[@__tokenHash_0='?', @__userId_1='?' (DbType = Int32), @__deviceFingerprint_2='?', @__ipAddress_3='?'], CommandType='"Text"', CommandTimeout='30']
SELECT r."ID", r."CreatedAt", r."DeviceFingerprint", r."ExpiresAt", r."IpAddress", r."IsRevoked", r."TokenHash", r."UserID"
FROM "RefreshTokens" AS r
WHERE r."TokenHash" = @__tokenHash_0 AND r."UserID" = @__userId_1 AND r."DeviceFingerprint" = @__deviceFingerprint_2 AND r."IpAddress" = @__ipAddress_3
LIMIT 1
2026-06-05 22:05:02.762 +00:00 [INF] Executed DbCommand (2ms) [Parameters=[@p1='?' (DbType = Int32), @p0='?' (DbType = Boolean)], CommandType='"Text"', CommandTimeout='30']
UPDATE "RefreshTokens" SET "IsRevoked" = @p0
WHERE "ID" = @p1;
2026-06-05 22:05:02.762 +00:00 [INF] Refresh token Bsg09AbwjwqQE9Ir4A5Bc5lOWvtJR5+vPJRZF54m87g= for user 1 revoked: true
2026-06-05 22:05:02.762 +00:00 [INF] Token refreshed successfully for user 1 at "2026-06-05T22:05:02.7629056Z"
2026-06-05 22:05:02.763 +00:00 [INF] Executing OkObjectResult, writing value of type '<>f__AnonymousType3`2[[System.Boolean, System.Private.CoreLib, Version=9.0.0.0, Culture=neutral, PublicKeyToken=7cec85d7bea7798e],[System.Int32, System.Private.CoreLib, Version=9.0.0.0, Culture=neutral, PublicKeyToken=7cec85d7bea7798e]]'.
2026-06-05 22:05:02.763 +00:00 [INF] Executed action API.Controllers.AuthController.RefreshToken (API) in 21.2611ms
2026-06-05 22:05:02.763 +00:00 [INF] Executed endpoint 'API.Controllers.AuthController.RefreshToken (API)'
2026-06-05 22:05:02.763 +00:00 [INF] Request finished HTTP/1.1 POST http://192.168.1.6:8080/api/auth/refresh - 200 null application/json; charset=utf-8 27.2251ms
2026-06-05 22:05:53.410 +00:00 [INF] Request starting HTTP/1.1 OPTIONS http://192.168.1.6:8080/api/auth - null null
2026-06-05 22:05:53.410 +00:00 [INF] CORS policy execution successful.
2026-06-05 22:05:53.411 +00:00 [INF] Request finished HTTP/1.1 OPTIONS http://192.168.1.6:8080/api/auth - 204 null null 0.8955ms
2026-06-05 22:05:53.412 +00:00 [INF] Request starting HTTP/1.1 POST http://192.168.1.6:8080/api/auth - application/json 74
2026-06-05 22:05:53.412 +00:00 [INF] CORS policy execution successful.
2026-06-05 22:05:53.412 +00:00 [INF] ====== OnMessageReceived START ======
2026-06-05 22:05:53.413 +00:00 [INF] Available cookies: 0
2026-06-05 22:05:53.413 +00:00 [WRN] NO TOKEN FOUND IN COOKIES!
2026-06-05 22:05:53.413 +00:00 [INF] ====== OnMessageReceived END - Token set: false ======
2026-06-05 22:05:53.413 +00:00 [INF] Executing endpoint 'API.Controllers.AuthController.Authenticate (API)'
2026-06-05 22:05:53.413 +00:00 [INF] Route matched with {action = "Authenticate", controller = "Auth"}. Executing controller action with signature System.Threading.Tasks.Task`1[Microsoft.AspNetCore.Mvc.IActionResult] Authenticate(API.Models.RequestModels.LoginRequest) on controller API.Controllers.AuthController (API).
2026-06-05 22:05:53.414 +00:00 [INF] Authentication attempt for email: lengyelnorbi5@gmail.com
2026-06-05 22:05:53.414 +00:00 [INF] Fetching user by email from database...
2026-06-05 22:05:53.416 +00:00 [INF] Executed DbCommand (1ms) [Parameters=[@__email_0='?'], CommandType='"Text"', CommandTimeout='30']
SELECT u."ID", u."Email", u."PasswordHash", u."RegisteredAt", u."Role", u."Username"
FROM "Users" AS u
WHERE u."Email" = @__email_0
LIMIT 1
2026-06-05 22:05:53.416 +00:00 [INF] Mozilla/5.0 (Windows NT 10.0; Win64; x64) AppleWebKit/537.36 (KHTML, like Gecko) Chrome/148.0.0.0 Safari/537.36 Edg/148.0.0.0
2026-06-05 22:05:53.416 +00:00 [INF] Fetching user by email from database...
2026-06-05 22:05:53.418 +00:00 [INF] Executed DbCommand (1ms) [Parameters=[@__email_0='?'], CommandType='"Text"', CommandTimeout='30']
SELECT u."ID", u."Email", u."PasswordHash", u."RegisteredAt", u."Role", u."Username"
FROM "Users" AS u
WHERE u."Email" = @__email_0
LIMIT 1
2026-06-05 22:05:53.602 +00:00 [INF] Password verification completed: Valid
2026-06-05 22:05:53.605 +00:00 [INF] Executed DbCommand (2ms) [Parameters=[@p0='?' (DbType = DateTime), @p1='?', @p2='?' (DbType = DateTime), @p3='?', @p4='?' (DbType = Int32), @p5='?'], CommandType='"Text"', CommandTimeout='30']
INSERT INTO "AccessTokens" ("CreatedAt", "DeviceFingerprint", "ExpiresAt", "IpAddress", "UserID", jti)
VALUES (@p0, @p1, @p2, @p3, @p4, @p5)
RETURNING "ID", "IsRevoked";
2026-06-05 22:05:53.610 +00:00 [INF] Executed DbCommand (4ms) [Parameters=[@p0='?' (DbType = DateTime), @p1='?', @p2='?' (DbType = DateTime), @p3='?', @p4='?', @p5='?' (DbType = Int32)], CommandType='"Text"', CommandTimeout='30']
INSERT INTO "RefreshTokens" ("CreatedAt", "DeviceFingerprint", "ExpiresAt", "IpAddress", "TokenHash", "UserID")
VALUES (@p0, @p1, @p2, @p3, @p4, @p5)
RETURNING "ID", "IsRevoked";
2026-06-05 22:05:53.611 +00:00 [INF] Admin user lengyelnorbi5@gmail.com authenticated successfully from admin panel at "2026-06-05T22:05:53.6110409Z"
2026-06-05 22:05:53.611 +00:00 [INF] --------------------------------------------------------------------
2026-06-05 22:05:53.611 +00:00 [INF] eyJhbGciOiJIUzI1NiIsInR5cCI6IkpXVCJ9.eyJodHRwOi8vc2NoZW1hcy54bWxzb2FwLm9yZy93cy8yMDA1LzA1L2lkZW50aXR5L2NsYWltcy9uYW1laWRlbnRpZmllciI6IjEiLCJodHRwOi8vc2NoZW1hcy54bWxzb2FwLm9yZy93cy8yMDA1LzA1L2lkZW50aXR5L2NsYWltcy9lbWFpbGFkZHJlc3MiOiJsZW5neWVsbm9yYmk1QGdtYWlsLmNvbSIsImh0dHA6Ly9zY2hlbWFzLnhtbHNvYXAub3JnL3dzLzIwMDUvMDUvaWRlbnRpdHkvY2xhaW1zL25hbWUiOiJsZW5neWVsbm9yYmkiLCJqdGkiOiI1MGYyYThjZi03OTQ1LTQxNTUtYWVhZS1jZDgzYzBiN2IwNGIiLCJpYXQiOjE3ODA2OTcxNTMsImV4cCI6MTc4MDY5NzQ1MywiaHR0cDovL3NjaGVtYXMubWljcm9zb2Z0LmNvbS93cy8yMDA4LzA2L2lkZW50aXR5L2NsYWltcy9yb2xlIjoiQWRtaW4iLCJTb3VyY2UiOiJhZG1pbiIsIkRldmljZUlkIjoiTHY0eDBROTJ4SVV6TEh2MDI2aitnbkxyVExmMTQxMVVUY0VtNnp2NWs3ND0iLCJJUEFkZHJlc3MiOiI6OmZmZmY6MTcyLjIwLjAuMSIsIlRva2VuVmVyc2lvbiI6IjEiLCJpc3MiOiJNdXNpY1BsYXllckFQSSIsImF1ZCI6Ik11c2ljUGxheWVyQ2xpZW50In0.fWut1xoLFGCKSPC-Ej5DaZprKcpzH8ZWipPcBTyBAxA
2026-06-05 22:05:53.611 +00:00 [INF] 3Y4NLgPTa3ijStFOrXwKH5CTF2HkXkVZWkSMiLJuPMQ=
2026-06-05 22:05:53.611 +00:00 [INF] Source: admin
2026-06-05 22:05:53.611 +00:00 [INF] Access Token expires at: "2026-06-05T22:10:53.6028383Z"
2026-06-05 22:05:53.611 +00:00 [INF] Refresh Token expires at: "2026-06-06T06:05:53.6064313Z"
2026-06-05 22:05:53.612 +00:00 [INF] tokenCookieName: adminToken
2026-06-05 22:05:53.612 +00:00 [INF] refreshTokenCookieName: adminRefreshToken
2026-06-05 22:05:53.612 +00:00 [INF] Refresh token hash stored in cookie: 3Y4NLgPTa3ijStFOrXwKH5CTF2HkXkVZWkSMiLJuPMQ=
2026-06-05 22:05:53.612 +00:00 [INF] --------------------------------------------------------------------
2026-06-05 22:05:53.612 +00:00 [INF] Executing OkObjectResult, writing value of type '<>f__AnonymousType1`4[[System.Boolean, System.Private.CoreLib, Version=9.0.0.0, Culture=neutral, PublicKeyToken=7cec85d7bea7798e],[System.Int32, System.Private.CoreLib, Version=9.0.0.0, Culture=neutral, PublicKeyToken=7cec85d7bea7798e],[System.Int32, System.Private.CoreLib, Version=9.0.0.0, Culture=neutral, PublicKeyToken=7cec85d7bea7798e],[<>f__AnonymousType2`3[[System.Int32, System.Private.CoreLib, Version=9.0.0.0, Culture=neutral, PublicKeyToken=7cec85d7bea7798e],[System.String, System.Private.CoreLib, Version=9.0.0.0, Culture=neutral, PublicKeyToken=7cec85d7bea7798e],[System.String, System.Private.CoreLib, Version=9.0.0.0, Culture=neutral, PublicKeyToken=7cec85d7bea7798e]], API, Version=1.0.0.0, Culture=neutral, PublicKeyToken=null]]'.
2026-06-05 22:05:53.612 +00:00 [INF] Executed action API.Controllers.AuthController.Authenticate (API) in 198.8292ms
2026-06-05 22:05:53.612 +00:00 [INF] Executed endpoint 'API.Controllers.AuthController.Authenticate (API)'
2026-06-05 22:05:53.613 +00:00 [INF] Request finished HTTP/1.1 POST http://192.168.1.6:8080/api/auth - 200 null application/json; charset=utf-8 200.5126ms
2026-06-05 22:05:54.727 +00:00 [INF] Request starting HTTP/1.1 GET http://192.168.1.6:8080/api/token/access-token?page=1&limit=10 - null null
2026-06-05 22:05:54.727 +00:00 [INF] CORS policy execution successful.
2026-06-05 22:05:54.727 +00:00 [INF] ====== OnMessageReceived START ======
2026-06-05 22:05:54.727 +00:00 [INF] Available cookies: 2
2026-06-05 22:05:54.728 +00:00 [INF] Cookie: adminToken = 844 chars
2026-06-05 22:05:54.728 +00:00 [INF] Cookie: adminRefreshToken = 44 chars
2026-06-05 22:05:54.728 +00:00 [INF] Request starting HTTP/1.1 GET http://192.168.1.6:8080/api/token/access-token - null null
2026-06-05 22:05:54.728 +00:00 [INF] CORS policy execution successful.
2026-06-05 22:05:54.728 +00:00 [INF] Admin token found in cookies, length: 844
2026-06-05 22:05:54.728 +00:00 [INF] ====== OnMessageReceived START ======
2026-06-05 22:05:54.729 +00:00 [INF] Admin token set in context
2026-06-05 22:05:54.729 +00:00 [INF] Available cookies: 2
2026-06-05 22:05:54.729 +00:00 [INF] ====== OnMessageReceived END - Token set: true ======
2026-06-05 22:05:54.729 +00:00 [INF] Cookie: adminToken = 844 chars
2026-06-05 22:05:54.729 +00:00 [INF] Token validated successfully for user: lengyelnorbi
2026-06-05 22:05:54.729 +00:00 [INF] Cookie: adminRefreshToken = 44 chars
2026-06-05 22:05:54.730 +00:00 [INF] Device fingerprint headers - UA: Mozilla/5.0 (Windows NT 10.0; Win64; x64) AppleWebKit/537.36 (KHTML, like Gecko) Chrome/148.0.0.0 Safari/537.36 Edg/148.0.0.0, Accept: application/json, text/plain, */*, Encoding: gzip, deflate
2026-06-05 22:05:54.730 +00:00 [INF] Admin token found in cookies, length: 844
2026-06-05 22:05:54.730 +00:00 [INF] Device fingerprint validation: Stored=Lv4x0Q92xIUzLHv026j+gnLrTLf1411UTcEm6zv5k74=, Current=Lv4x0Q92xIUzLHv026j+gnLrTLf1411UTcEm6zv5k74=
2026-06-05 22:05:54.730 +00:00 [INF] Admin token set in context
2026-06-05 22:05:54.730 +00:00 [INF] ====== OnMessageReceived END - Token set: true ======
2026-06-05 22:05:54.730 +00:00 [INF] Token validated successfully for user: lengyelnorbi
2026-06-05 22:05:54.731 +00:00 [INF] Device fingerprint headers - UA: Mozilla/5.0 (Windows NT 10.0; Win64; x64) AppleWebKit/537.36 (KHTML, like Gecko) Chrome/148.0.0.0 Safari/537.36 Edg/148.0.0.0, Accept: application/json, text/plain, */*, Encoding: gzip, deflate
2026-06-05 22:05:54.731 +00:00 [INF] Device fingerprint validation: Stored=Lv4x0Q92xIUzLHv026j+gnLrTLf1411UTcEm6zv5k74=, Current=Lv4x0Q92xIUzLHv026j+gnLrTLf1411UTcEm6zv5k74=
2026-06-05 22:05:54.732 +00:00 [INF] Executed DbCommand (1ms) [Parameters=[@__jti_0='?', @__userId_1='?' (DbType = Int32)], CommandType='"Text"', CommandTimeout='30']
SELECT a."ID", a."CreatedAt", a."DeviceFingerprint", a."ExpiresAt", a."IpAddress", a."IsRevoked", a."UserID", a.jti
FROM "AccessTokens" AS a
WHERE a.jti = @__jti_0 AND a."UserID" = @__userId_1 AND NOT (a."IsRevoked") AND a."ExpiresAt" > now()
LIMIT 1
2026-06-05 22:05:54.732 +00:00 [INF] Executing endpoint 'API.Controllers.TokenController.GetAccessTokens (API)'
2026-06-05 22:05:54.733 +00:00 [INF] Executed DbCommand (1ms) [Parameters=[@__jti_0='?', @__userId_1='?' (DbType = Int32)], CommandType='"Text"', CommandTimeout='30']
SELECT a."ID", a."CreatedAt", a."DeviceFingerprint", a."ExpiresAt", a."IpAddress", a."IsRevoked", a."UserID", a.jti
FROM "AccessTokens" AS a
WHERE a.jti = @__jti_0 AND a."UserID" = @__userId_1 AND NOT (a."IsRevoked") AND a."ExpiresAt" > now()
LIMIT 1
2026-06-05 22:05:54.733 +00:00 [INF] Route matched with {action = "GetAccessTokens", controller = "Token"}. Executing controller action with signature System.Threading.Tasks.Task`1[System.Collections.Generic.IEnumerable`1[API.Models.AccessToken]] GetAccessTokens() on controller API.Controllers.TokenController (API).
2026-06-05 22:05:54.733 +00:00 [INF] Executing endpoint 'API.Controllers.TokenController.GetAccessTokens (API)'
2026-06-05 22:05:54.733 +00:00 [INF] Route matched with {action = "GetAccessTokens", controller = "Token"}. Executing controller action with signature System.Threading.Tasks.Task`1[System.Collections.Generic.IEnumerable`1[API.Models.AccessToken]] GetAccessTokens() on controller API.Controllers.TokenController (API).
2026-06-05 22:05:54.734 +00:00 [INF] Executed DbCommand (1ms) [Parameters=[], CommandType='"Text"', CommandTimeout='30']
SELECT a."ID", a."CreatedAt", a."DeviceFingerprint", a."ExpiresAt", a."IpAddress", a."IsRevoked", a."UserID", a.jti
FROM "AccessTokens" AS a
WHERE NOT (a."IsRevoked")
2026-06-05 22:05:54.735 +00:00 [INF] Executed DbCommand (2ms) [Parameters=[], CommandType='"Text"', CommandTimeout='30']
SELECT a."ID", a."CreatedAt", a."DeviceFingerprint", a."ExpiresAt", a."IpAddress", a."IsRevoked", a."UserID", a.jti
FROM "AccessTokens" AS a
WHERE NOT (a."IsRevoked")
2026-06-05 22:05:54.736 +00:00 [INF] Executing ObjectResult, writing value of type 'System.Collections.Generic.List`1[[API.Models.AccessToken, API, Version=1.0.0.0, Culture=neutral, PublicKeyToken=null]]'.
2026-06-05 22:05:54.736 +00:00 [INF] Executing ObjectResult, writing value of type 'System.Collections.Generic.List`1[[API.Models.AccessToken, API, Version=1.0.0.0, Culture=neutral, PublicKeyToken=null]]'.
2026-06-05 22:05:54.736 +00:00 [INF] Executed action API.Controllers.TokenController.GetAccessTokens (API) in 3.1967ms
2026-06-05 22:05:54.736 +00:00 [INF] Executed action API.Controllers.TokenController.GetAccessTokens (API) in 2.9464ms
2026-06-05 22:05:54.736 +00:00 [INF] Executed endpoint 'API.Controllers.TokenController.GetAccessTokens (API)'
2026-06-05 22:05:54.736 +00:00 [INF] Executed endpoint 'API.Controllers.TokenController.GetAccessTokens (API)'
2026-06-05 22:05:54.737 +00:00 [INF] Request finished HTTP/1.1 GET http://192.168.1.6:8080/api/token/access-token?page=1&limit=10 - 200 null application/json; charset=utf-8 10.1336ms
2026-06-05 22:05:54.737 +00:00 [INF] Request finished HTTP/1.1 GET http://192.168.1.6:8080/api/token/access-token - 200 null application/json; charset=utf-8 9.3468ms
2026-06-05 22:05:54.739 +00:00 [INF] Request starting HTTP/1.1 GET http://192.168.1.6:8080/api/token/access-token - null null
2026-06-05 22:05:54.739 +00:00 [INF] Request starting HTTP/1.1 GET http://192.168.1.6:8080/api/token/access-token?page=1&limit=10 - null null
2026-06-05 22:05:54.739 +00:00 [INF] CORS policy execution successful.
2026-06-05 22:05:54.739 +00:00 [INF] CORS policy execution successful.
2026-06-05 22:05:54.740 +00:00 [INF] ====== OnMessageReceived START ======
2026-06-05 22:05:54.740 +00:00 [INF] ====== OnMessageReceived START ======
2026-06-05 22:05:54.740 +00:00 [INF] Available cookies: 2
2026-06-05 22:05:54.740 +00:00 [INF] Available cookies: 2
2026-06-05 22:05:54.740 +00:00 [INF] Cookie: adminToken = 844 chars
2026-06-05 22:05:54.741 +00:00 [INF] Cookie: adminToken = 844 chars
2026-06-05 22:05:54.741 +00:00 [INF] Cookie: adminRefreshToken = 44 chars
2026-06-05 22:05:54.741 +00:00 [INF] Cookie: adminRefreshToken = 44 chars
2026-06-05 22:05:54.741 +00:00 [INF] Admin token found in cookies, length: 844
2026-06-05 22:05:54.741 +00:00 [INF] Admin token found in cookies, length: 844
2026-06-05 22:05:54.741 +00:00 [INF] Admin token set in context
2026-06-05 22:05:54.742 +00:00 [INF] Admin token set in context
2026-06-05 22:05:54.742 +00:00 [INF] ====== OnMessageReceived END - Token set: true ======
2026-06-05 22:05:54.742 +00:00 [INF] ====== OnMessageReceived END - Token set: true ======
2026-06-05 22:05:54.742 +00:00 [INF] Token validated successfully for user: lengyelnorbi
2026-06-05 22:05:54.742 +00:00 [INF] Token validated successfully for user: lengyelnorbi
2026-06-05 22:05:54.742 +00:00 [INF] Device fingerprint headers - UA: Mozilla/5.0 (Windows NT 10.0; Win64; x64) AppleWebKit/537.36 (KHTML, like Gecko) Chrome/148.0.0.0 Safari/537.36 Edg/148.0.0.0, Accept: application/json, text/plain, */*, Encoding: gzip, deflate
2026-06-05 22:05:54.742 +00:00 [INF] Device fingerprint headers - UA: Mozilla/5.0 (Windows NT 10.0; Win64; x64) AppleWebKit/537.36 (KHTML, like Gecko) Chrome/148.0.0.0 Safari/537.36 Edg/148.0.0.0, Accept: application/json, text/plain, */*, Encoding: gzip, deflate
2026-06-05 22:05:54.743 +00:00 [INF] Device fingerprint validation: Stored=Lv4x0Q92xIUzLHv026j+gnLrTLf1411UTcEm6zv5k74=, Current=Lv4x0Q92xIUzLHv026j+gnLrTLf1411UTcEm6zv5k74=
2026-06-05 22:05:54.743 +00:00 [INF] Device fingerprint validation: Stored=Lv4x0Q92xIUzLHv026j+gnLrTLf1411UTcEm6zv5k74=, Current=Lv4x0Q92xIUzLHv026j+gnLrTLf1411UTcEm6zv5k74=
2026-06-05 22:05:54.745 +00:00 [INF] Executed DbCommand (1ms) [Parameters=[@__jti_0='?', @__userId_1='?' (DbType = Int32)], CommandType='"Text"', CommandTimeout='30']
SELECT a."ID", a."CreatedAt", a."DeviceFingerprint", a."ExpiresAt", a."IpAddress", a."IsRevoked", a."UserID", a.jti
FROM "AccessTokens" AS a
WHERE a.jti = @__jti_0 AND a."UserID" = @__userId_1 AND NOT (a."IsRevoked") AND a."ExpiresAt" > now()
LIMIT 1
2026-06-05 22:05:54.745 +00:00 [INF] Executed DbCommand (1ms) [Parameters=[@__jti_0='?', @__userId_1='?' (DbType = Int32)], CommandType='"Text"', CommandTimeout='30']
SELECT a."ID", a."CreatedAt", a."DeviceFingerprint", a."ExpiresAt", a."IpAddress", a."IsRevoked", a."UserID", a.jti
FROM "AccessTokens" AS a
WHERE a.jti = @__jti_0 AND a."UserID" = @__userId_1 AND NOT (a."IsRevoked") AND a."ExpiresAt" > now()
LIMIT 1
2026-06-05 22:05:54.745 +00:00 [INF] Executing endpoint 'API.Controllers.TokenController.GetAccessTokens (API)'
2026-06-05 22:05:54.745 +00:00 [INF] Executing endpoint 'API.Controllers.TokenController.GetAccessTokens (API)'
2026-06-05 22:05:54.745 +00:00 [INF] Route matched with {action = "GetAccessTokens", controller = "Token"}. Executing controller action with signature System.Threading.Tasks.Task`1[System.Collections.Generic.IEnumerable`1[API.Models.AccessToken]] GetAccessTokens() on controller API.Controllers.TokenController (API).
2026-06-05 22:05:54.745 +00:00 [INF] Route matched with {action = "GetAccessTokens", controller = "Token"}. Executing controller action with signature System.Threading.Tasks.Task`1[System.Collections.Generic.IEnumerable`1[API.Models.AccessToken]] GetAccessTokens() on controller API.Controllers.TokenController (API).
2026-06-05 22:05:54.747 +00:00 [INF] Executed DbCommand (1ms) [Parameters=[], CommandType='"Text"', CommandTimeout='30']
SELECT a."ID", a."CreatedAt", a."DeviceFingerprint", a."ExpiresAt", a."IpAddress", a."IsRevoked", a."UserID", a.jti
FROM "AccessTokens" AS a
WHERE NOT (a."IsRevoked")
2026-06-05 22:05:54.747 +00:00 [INF] Executed DbCommand (1ms) [Parameters=[], CommandType='"Text"', CommandTimeout='30']
SELECT a."ID", a."CreatedAt", a."DeviceFingerprint", a."ExpiresAt", a."IpAddress", a."IsRevoked", a."UserID", a.jti
FROM "AccessTokens" AS a
WHERE NOT (a."IsRevoked")
2026-06-05 22:05:54.747 +00:00 [INF] Executing ObjectResult, writing value of type 'System.Collections.Generic.List`1[[API.Models.AccessToken, API, Version=1.0.0.0, Culture=neutral, PublicKeyToken=null]]'.
2026-06-05 22:05:54.747 +00:00 [INF] Executed action API.Controllers.TokenController.GetAccessTokens (API) in 1.9713ms
2026-06-05 22:05:54.747 +00:00 [INF] Executing ObjectResult, writing value of type 'System.Collections.Generic.List`1[[API.Models.AccessToken, API, Version=1.0.0.0, Culture=neutral, PublicKeyToken=null]]'.
2026-06-05 22:05:54.748 +00:00 [INF] Executed endpoint 'API.Controllers.TokenController.GetAccessTokens (API)'
2026-06-05 22:05:54.748 +00:00 [INF] Executed action API.Controllers.TokenController.GetAccessTokens (API) in 2.3349ms
2026-06-05 22:05:54.748 +00:00 [INF] Request finished HTTP/1.1 GET http://192.168.1.6:8080/api/token/access-token?page=1&limit=10 - 200 null application/json; charset=utf-8 8.8712ms
2026-06-05 22:05:54.748 +00:00 [INF] Executed endpoint 'API.Controllers.TokenController.GetAccessTokens (API)'
2026-06-05 22:05:54.749 +00:00 [INF] Request finished HTTP/1.1 GET http://192.168.1.6:8080/api/token/access-token - 200 null application/json; charset=utf-8 9.6008ms
2026-06-05 22:05:57.851 +00:00 [INF] Request starting HTTP/1.1 GET http://192.168.1.6:8080/api/token/access-token - null null
2026-06-05 22:05:57.851 +00:00 [INF] Request starting HTTP/1.1 GET http://192.168.1.6:8080/api/token/access-token?page=1&limit=10 - null null
2026-06-05 22:05:57.851 +00:00 [INF] CORS policy execution successful.
2026-06-05 22:05:57.851 +00:00 [INF] CORS policy execution successful.
2026-06-05 22:05:57.852 +00:00 [INF] ====== OnMessageReceived START ======
2026-06-05 22:05:57.852 +00:00 [INF] ====== OnMessageReceived START ======
2026-06-05 22:05:57.852 +00:00 [INF] Available cookies: 2
2026-06-05 22:05:57.852 +00:00 [INF] Available cookies: 2
2026-06-05 22:05:57.852 +00:00 [INF] Cookie: adminToken = 844 chars
2026-06-05 22:05:57.852 +00:00 [INF] Cookie: adminToken = 844 chars
2026-06-05 22:05:57.853 +00:00 [INF] Cookie: adminRefreshToken = 44 chars
2026-06-05 22:05:57.853 +00:00 [INF] Cookie: adminRefreshToken = 44 chars
2026-06-05 22:05:57.853 +00:00 [INF] Admin token found in cookies, length: 844
2026-06-05 22:05:57.853 +00:00 [INF] Admin token found in cookies, length: 844
2026-06-05 22:05:57.853 +00:00 [INF] Admin token set in context
2026-06-05 22:05:57.853 +00:00 [INF] Admin token set in context
2026-06-05 22:05:57.853 +00:00 [INF] ====== OnMessageReceived END - Token set: true ======
2026-06-05 22:05:57.854 +00:00 [INF] ====== OnMessageReceived END - Token set: true ======
2026-06-05 22:05:57.854 +00:00 [INF] Token validated successfully for user: lengyelnorbi
2026-06-05 22:05:57.854 +00:00 [INF] Token validated successfully for user: lengyelnorbi
2026-06-05 22:05:57.854 +00:00 [INF] Device fingerprint headers - UA: Mozilla/5.0 (Windows NT 10.0; Win64; x64) AppleWebKit/537.36 (KHTML, like Gecko) Chrome/148.0.0.0 Safari/537.36 Edg/148.0.0.0, Accept: application/json, text/plain, */*, Encoding: gzip, deflate
2026-06-05 22:05:57.854 +00:00 [INF] Device fingerprint headers - UA: Mozilla/5.0 (Windows NT 10.0; Win64; x64) AppleWebKit/537.36 (KHTML, like Gecko) Chrome/148.0.0.0 Safari/537.36 Edg/148.0.0.0, Accept: application/json, text/plain, */*, Encoding: gzip, deflate
2026-06-05 22:05:57.854 +00:00 [INF] Device fingerprint validation: Stored=Lv4x0Q92xIUzLHv026j+gnLrTLf1411UTcEm6zv5k74=, Current=Lv4x0Q92xIUzLHv026j+gnLrTLf1411UTcEm6zv5k74=
2026-06-05 22:05:57.855 +00:00 [INF] Device fingerprint validation: Stored=Lv4x0Q92xIUzLHv026j+gnLrTLf1411UTcEm6zv5k74=, Current=Lv4x0Q92xIUzLHv026j+gnLrTLf1411UTcEm6zv5k74=
2026-06-05 22:05:57.857 +00:00 [INF] Executed DbCommand (1ms) [Parameters=[@__jti_0='?', @__userId_1='?' (DbType = Int32)], CommandType='"Text"', CommandTimeout='30']
SELECT a."ID", a."CreatedAt", a."DeviceFingerprint", a."ExpiresAt", a."IpAddress", a."IsRevoked", a."UserID", a.jti
FROM "AccessTokens" AS a
WHERE a.jti = @__jti_0 AND a."UserID" = @__userId_1 AND NOT (a."IsRevoked") AND a."ExpiresAt" > now()
LIMIT 1
2026-06-05 22:05:57.857 +00:00 [INF] Executed DbCommand (1ms) [Parameters=[@__jti_0='?', @__userId_1='?' (DbType = Int32)], CommandType='"Text"', CommandTimeout='30']
SELECT a."ID", a."CreatedAt", a."DeviceFingerprint", a."ExpiresAt", a."IpAddress", a."IsRevoked", a."UserID", a.jti
FROM "AccessTokens" AS a
WHERE a.jti = @__jti_0 AND a."UserID" = @__userId_1 AND NOT (a."IsRevoked") AND a."ExpiresAt" > now()
LIMIT 1
2026-06-05 22:05:57.857 +00:00 [INF] Executing endpoint 'API.Controllers.TokenController.GetAccessTokens (API)'
2026-06-05 22:05:57.857 +00:00 [INF] Executing endpoint 'API.Controllers.TokenController.GetAccessTokens (API)'
2026-06-05 22:05:57.857 +00:00 [INF] Route matched with {action = "GetAccessTokens", controller = "Token"}. Executing controller action with signature System.Threading.Tasks.Task`1[System.Collections.Generic.IEnumerable`1[API.Models.AccessToken]] GetAccessTokens() on controller API.Controllers.TokenController (API).
2026-06-05 22:05:57.857 +00:00 [INF] Route matched with {action = "GetAccessTokens", controller = "Token"}. Executing controller action with signature System.Threading.Tasks.Task`1[System.Collections.Generic.IEnumerable`1[API.Models.AccessToken]] GetAccessTokens() on controller API.Controllers.TokenController (API).
2026-06-05 22:05:57.858 +00:00 [INF] Executed DbCommand (1ms) [Parameters=[], CommandType='"Text"', CommandTimeout='30']
SELECT a."ID", a."CreatedAt", a."DeviceFingerprint", a."ExpiresAt", a."IpAddress", a."IsRevoked", a."UserID", a.jti
FROM "AccessTokens" AS a
WHERE NOT (a."IsRevoked")
2026-06-05 22:05:57.858 +00:00 [INF] Executed DbCommand (1ms) [Parameters=[], CommandType='"Text"', CommandTimeout='30']
SELECT a."ID", a."CreatedAt", a."DeviceFingerprint", a."ExpiresAt", a."IpAddress", a."IsRevoked", a."UserID", a.jti
FROM "AccessTokens" AS a
WHERE NOT (a."IsRevoked")
2026-06-05 22:05:57.859 +00:00 [INF] Executing ObjectResult, writing value of type 'System.Collections.Generic.List`1[[API.Models.AccessToken, API, Version=1.0.0.0, Culture=neutral, PublicKeyToken=null]]'.
2026-06-05 22:05:57.859 +00:00 [INF] Executing ObjectResult, writing value of type 'System.Collections.Generic.List`1[[API.Models.AccessToken, API, Version=1.0.0.0, Culture=neutral, PublicKeyToken=null]]'.
2026-06-05 22:05:57.860 +00:00 [INF] Executed action API.Controllers.TokenController.GetAccessTokens (API) in 2.1746ms
2026-06-05 22:05:57.860 +00:00 [INF] Executed action API.Controllers.TokenController.GetAccessTokens (API) in 2.4471ms
2026-06-05 22:05:57.860 +00:00 [INF] Executed endpoint 'API.Controllers.TokenController.GetAccessTokens (API)'
2026-06-05 22:05:57.860 +00:00 [INF] Executed endpoint 'API.Controllers.TokenController.GetAccessTokens (API)'
2026-06-05 22:05:57.860 +00:00 [INF] Request finished HTTP/1.1 GET http://192.168.1.6:8080/api/token/access-token - 200 null application/json; charset=utf-8 9.1526ms
2026-06-05 22:05:57.860 +00:00 [INF] Request finished HTTP/1.1 GET http://192.168.1.6:8080/api/token/access-token?page=1&limit=10 - 200 null application/json; charset=utf-8 9.3069ms
2026-06-05 22:09:18.405 +00:00 [INF] Request starting HTTP/1.1 GET http://192.168.1.6:8080/api/token/access-token?page=1&limit=10 - null null
2026-06-05 22:09:18.405 +00:00 [INF] CORS policy execution successful.
2026-06-05 22:09:18.405 +00:00 [INF] ====== OnMessageReceived START ======
2026-06-05 22:09:18.406 +00:00 [INF] Available cookies: 2
2026-06-05 22:09:18.406 +00:00 [INF] Cookie: adminRefreshToken = 44 chars
2026-06-05 22:09:18.406 +00:00 [INF] Cookie: adminToken = 844 chars
2026-06-05 22:09:18.406 +00:00 [INF] Admin token found in cookies, length: 844
2026-06-05 22:09:18.406 +00:00 [INF] Admin token set in context
2026-06-05 22:09:18.406 +00:00 [INF] ====== OnMessageReceived END - Token set: true ======
2026-06-05 22:09:18.407 +00:00 [INF] Token validated successfully for user: lengyelnorbi
2026-06-05 22:09:18.407 +00:00 [INF] Device fingerprint headers - UA: Mozilla/5.0 (Windows NT 10.0; Win64; x64; rv:151.0) Gecko/20100101 Firefox/151.0, Accept: application/json, text/plain, */*, Encoding: gzip, deflate
2026-06-05 22:09:18.407 +00:00 [INF] Device fingerprint validation: Stored=/a2uf4z8rcBIhIr7KGbd6aahMr80Bhj+9uyLiYNZ66A=, Current=/a2uf4z8rcBIhIr7KGbd6aahMr80Bhj+9uyLiYNZ66A=
2026-06-05 22:09:18.412 +00:00 [INF] Request starting HTTP/1.1 GET http://192.168.1.6:8080/api/token/access-token - null null
2026-06-05 22:09:18.412 +00:00 [INF] CORS policy execution successful.
2026-06-05 22:09:18.412 +00:00 [INF] ====== OnMessageReceived START ======
2026-06-05 22:09:18.413 +00:00 [INF] Available cookies: 2
2026-06-05 22:09:18.413 +00:00 [INF] Cookie: adminRefreshToken = 44 chars
2026-06-05 22:09:18.413 +00:00 [INF] Cookie: adminToken = 844 chars
2026-06-05 22:09:18.413 +00:00 [INF] Admin token found in cookies, length: 844
2026-06-05 22:09:18.413 +00:00 [INF] Admin token set in context
2026-06-05 22:09:18.414 +00:00 [INF] ====== OnMessageReceived END - Token set: true ======
2026-06-05 22:09:18.414 +00:00 [INF] Token validated successfully for user: lengyelnorbi
2026-06-05 22:09:18.414 +00:00 [INF] Device fingerprint headers - UA: Mozilla/5.0 (Windows NT 10.0; Win64; x64; rv:151.0) Gecko/20100101 Firefox/151.0, Accept: application/json, text/plain, */*, Encoding: gzip, deflate
2026-06-05 22:09:18.414 +00:00 [INF] Device fingerprint validation: Stored=/a2uf4z8rcBIhIr7KGbd6aahMr80Bhj+9uyLiYNZ66A=, Current=/a2uf4z8rcBIhIr7KGbd6aahMr80Bhj+9uyLiYNZ66A=
2026-06-05 22:09:18.421 +00:00 [INF] Executed DbCommand (3ms) [Parameters=[@__jti_0='?', @__userId_1='?' (DbType = Int32)], CommandType='"Text"', CommandTimeout='30']
SELECT a."ID", a."CreatedAt", a."DeviceFingerprint", a."ExpiresAt", a."IpAddress", a."IsRevoked", a."UserID", a.jti
FROM "AccessTokens" AS a
WHERE a.jti = @__jti_0 AND a."UserID" = @__userId_1 AND NOT (a."IsRevoked") AND a."ExpiresAt" > now()
LIMIT 1
2026-06-05 22:09:18.422 +00:00 [INF] Executing endpoint 'API.Controllers.TokenController.GetAccessTokens (API)'
2026-06-05 22:09:18.422 +00:00 [INF] Route matched with {action = "GetAccessTokens", controller = "Token"}. Executing controller action with signature System.Threading.Tasks.Task`1[System.Collections.Generic.IEnumerable`1[API.Models.AccessToken]] GetAccessTokens() on controller API.Controllers.TokenController (API).
2026-06-05 22:09:18.423 +00:00 [INF] Executed DbCommand (1ms) [Parameters=[], CommandType='"Text"', CommandTimeout='30']
SELECT a."ID", a."CreatedAt", a."DeviceFingerprint", a."ExpiresAt", a."IpAddress", a."IsRevoked", a."UserID", a.jti
FROM "AccessTokens" AS a
WHERE NOT (a."IsRevoked")
2026-06-05 22:09:18.424 +00:00 [INF] Executing ObjectResult, writing value of type 'System.Collections.Generic.List`1[[API.Models.AccessToken, API, Version=1.0.0.0, Culture=neutral, PublicKeyToken=null]]'.
2026-06-05 22:09:18.425 +00:00 [INF] Executed action API.Controllers.TokenController.GetAccessTokens (API) in 2.5637ms
2026-06-05 22:09:18.425 +00:00 [INF] Executed endpoint 'API.Controllers.TokenController.GetAccessTokens (API)'
2026-06-05 22:09:18.425 +00:00 [INF] Request finished HTTP/1.1 GET http://192.168.1.6:8080/api/token/access-token?page=1&limit=10 - 200 null application/json; charset=utf-8 20.3659ms
2026-06-05 22:09:18.426 +00:00 [INF] Executed DbCommand (2ms) [Parameters=[@__jti_0='?', @__userId_1='?' (DbType = Int32)], CommandType='"Text"', CommandTimeout='30']
SELECT a."ID", a."CreatedAt", a."DeviceFingerprint", a."ExpiresAt", a."IpAddress", a."IsRevoked", a."UserID", a.jti
FROM "AccessTokens" AS a
WHERE a.jti = @__jti_0 AND a."UserID" = @__userId_1 AND NOT (a."IsRevoked") AND a."ExpiresAt" > now()
LIMIT 1
2026-06-05 22:09:18.427 +00:00 [INF] Executing endpoint 'API.Controllers.TokenController.GetAccessTokens (API)'
2026-06-05 22:09:18.427 +00:00 [INF] Route matched with {action = "GetAccessTokens", controller = "Token"}. Executing controller action with signature System.Threading.Tasks.Task`1[System.Collections.Generic.IEnumerable`1[API.Models.AccessToken]] GetAccessTokens() on controller API.Controllers.TokenController (API).
2026-06-05 22:09:18.429 +00:00 [INF] Executed DbCommand (1ms) [Parameters=[], CommandType='"Text"', CommandTimeout='30']
SELECT a."ID", a."CreatedAt", a."DeviceFingerprint", a."ExpiresAt", a."IpAddress", a."IsRevoked", a."UserID", a.jti
FROM "AccessTokens" AS a
WHERE NOT (a."IsRevoked")
2026-06-05 22:09:18.430 +00:00 [INF] Executing ObjectResult, writing value of type 'System.Collections.Generic.List`1[[API.Models.AccessToken, API, Version=1.0.0.0, Culture=neutral, PublicKeyToken=null]]'.
2026-06-05 22:09:18.430 +00:00 [INF] Executed action API.Controllers.TokenController.GetAccessTokens (API) in 3.2083ms
2026-06-05 22:09:18.431 +00:00 [INF] Executed endpoint 'API.Controllers.TokenController.GetAccessTokens (API)'
2026-06-05 22:09:18.431 +00:00 [INF] Request finished HTTP/1.1 GET http://192.168.1.6:8080/api/token/access-token - 200 null application/json; charset=utf-8 18.8542ms
2026-06-05 22:09:20.526 +00:00 [INF] Request starting HTTP/1.1 GET http://192.168.1.6:8080/api/token/access-token?page=1&limit=10 - null null
2026-06-05 22:09:20.527 +00:00 [INF] Request starting HTTP/1.1 GET http://192.168.1.6:8080/api/token/access-token?page=1&limit=10 - null null
2026-06-05 22:09:20.527 +00:00 [INF] CORS policy execution successful.
2026-06-05 22:09:20.527 +00:00 [INF] CORS policy execution successful.
2026-06-05 22:09:20.527 +00:00 [INF] ====== OnMessageReceived START ======
2026-06-05 22:09:20.528 +00:00 [INF] ====== OnMessageReceived START ======
2026-06-05 22:09:20.528 +00:00 [INF] Available cookies: 2
2026-06-05 22:09:20.528 +00:00 [INF] Available cookies: 2
2026-06-05 22:09:20.528 +00:00 [INF] Cookie: adminRefreshToken = 44 chars
2026-06-05 22:09:20.528 +00:00 [INF] Request starting HTTP/1.1 GET http://192.168.1.6:8080/api/token/access-token - null null
2026-06-05 22:09:20.528 +00:00 [INF] Cookie: adminRefreshToken = 44 chars
2026-06-05 22:09:20.529 +00:00 [INF] Cookie: adminToken = 844 chars
2026-06-05 22:09:20.529 +00:00 [INF] CORS policy execution successful.
2026-06-05 22:09:20.529 +00:00 [INF] Cookie: adminToken = 844 chars
2026-06-05 22:09:20.529 +00:00 [INF] Admin token found in cookies, length: 844
2026-06-05 22:09:20.529 +00:00 [INF] ====== OnMessageReceived START ======
2026-06-05 22:09:20.529 +00:00 [INF] Admin token found in cookies, length: 844
2026-06-05 22:09:20.529 +00:00 [INF] Admin token set in context
2026-06-05 22:09:20.530 +00:00 [INF] Available cookies: 2
2026-06-05 22:09:20.530 +00:00 [INF] Admin token set in context
2026-06-05 22:09:20.530 +00:00 [INF] ====== OnMessageReceived END - Token set: true ======
2026-06-05 22:09:20.530 +00:00 [INF] Cookie: adminRefreshToken = 44 chars
2026-06-05 22:09:20.530 +00:00 [INF] ====== OnMessageReceived END - Token set: true ======
2026-06-05 22:09:20.530 +00:00 [INF] Token validated successfully for user: lengyelnorbi
2026-06-05 22:09:20.530 +00:00 [INF] Cookie: adminToken = 844 chars
2026-06-05 22:09:20.531 +00:00 [INF] Token validated successfully for user: lengyelnorbi
2026-06-05 22:09:20.531 +00:00 [INF] Device fingerprint headers - UA: Mozilla/5.0 (Windows NT 10.0; Win64; x64; rv:151.0) Gecko/20100101 Firefox/151.0, Accept: application/json, text/plain, */*, Encoding: gzip, deflate
2026-06-05 22:09:20.531 +00:00 [INF] Admin token found in cookies, length: 844
2026-06-05 22:09:20.531 +00:00 [INF] Device fingerprint headers - UA: Mozilla/5.0 (Windows NT 10.0; Win64; x64; rv:151.0) Gecko/20100101 Firefox/151.0, Accept: application/json, text/plain, */*, Encoding: gzip, deflate
2026-06-05 22:09:20.531 +00:00 [INF] Device fingerprint validation: Stored=/a2uf4z8rcBIhIr7KGbd6aahMr80Bhj+9uyLiYNZ66A=, Current=/a2uf4z8rcBIhIr7KGbd6aahMr80Bhj+9uyLiYNZ66A=
2026-06-05 22:09:20.531 +00:00 [INF] Admin token set in context
2026-06-05 22:09:20.531 +00:00 [INF] Device fingerprint validation: Stored=/a2uf4z8rcBIhIr7KGbd6aahMr80Bhj+9uyLiYNZ66A=, Current=/a2uf4z8rcBIhIr7KGbd6aahMr80Bhj+9uyLiYNZ66A=
2026-06-05 22:09:20.532 +00:00 [INF] ====== OnMessageReceived END - Token set: true ======
2026-06-05 22:09:20.532 +00:00 [INF] Token validated successfully for user: lengyelnorbi
2026-06-05 22:09:20.532 +00:00 [INF] Device fingerprint headers - UA: Mozilla/5.0 (Windows NT 10.0; Win64; x64; rv:151.0) Gecko/20100101 Firefox/151.0, Accept: application/json, text/plain, */*, Encoding: gzip, deflate
2026-06-05 22:09:20.533 +00:00 [INF] Device fingerprint validation: Stored=/a2uf4z8rcBIhIr7KGbd6aahMr80Bhj+9uyLiYNZ66A=, Current=/a2uf4z8rcBIhIr7KGbd6aahMr80Bhj+9uyLiYNZ66A=
2026-06-05 22:09:20.555 +00:00 [INF] Executed DbCommand (23ms) [Parameters=[@__jti_0='?', @__userId_1='?' (DbType = Int32)], CommandType='"Text"', CommandTimeout='30']
SELECT a."ID", a."CreatedAt", a."DeviceFingerprint", a."ExpiresAt", a."IpAddress", a."IsRevoked", a."UserID", a.jti
FROM "AccessTokens" AS a
WHERE a.jti = @__jti_0 AND a."UserID" = @__userId_1 AND NOT (a."IsRevoked") AND a."ExpiresAt" > now()
LIMIT 1
2026-06-05 22:09:20.555 +00:00 [INF] Executed DbCommand (23ms) [Parameters=[@__jti_0='?', @__userId_1='?' (DbType = Int32)], CommandType='"Text"', CommandTimeout='30']
SELECT a."ID", a."CreatedAt", a."DeviceFingerprint", a."ExpiresAt", a."IpAddress", a."IsRevoked", a."UserID", a.jti
FROM "AccessTokens" AS a
WHERE a.jti = @__jti_0 AND a."UserID" = @__userId_1 AND NOT (a."IsRevoked") AND a."ExpiresAt" > now()
LIMIT 1
2026-06-05 22:09:20.555 +00:00 [INF] Executing endpoint 'API.Controllers.TokenController.GetAccessTokens (API)'
2026-06-05 22:09:20.556 +00:00 [INF] Executing endpoint 'API.Controllers.TokenController.GetAccessTokens (API)'
2026-06-05 22:09:20.556 +00:00 [INF] Route matched with {action = "GetAccessTokens", controller = "Token"}. Executing controller action with signature System.Threading.Tasks.Task`1[System.Collections.Generic.IEnumerable`1[API.Models.AccessToken]] GetAccessTokens() on controller API.Controllers.TokenController (API).
2026-06-05 22:09:20.556 +00:00 [INF] Route matched with {action = "GetAccessTokens", controller = "Token"}. Executing controller action with signature System.Threading.Tasks.Task`1[System.Collections.Generic.IEnumerable`1[API.Models.AccessToken]] GetAccessTokens() on controller API.Controllers.TokenController (API).
2026-06-05 22:09:20.558 +00:00 [INF] Executed DbCommand (2ms) [Parameters=[@__jti_0='?', @__userId_1='?' (DbType = Int32)], CommandType='"Text"', CommandTimeout='30']
SELECT a."ID", a."CreatedAt", a."DeviceFingerprint", a."ExpiresAt", a."IpAddress", a."IsRevoked", a."UserID", a.jti
FROM "AccessTokens" AS a
WHERE a.jti = @__jti_0 AND a."UserID" = @__userId_1 AND NOT (a."IsRevoked") AND a."ExpiresAt" > now()
LIMIT 1
2026-06-05 22:09:20.558 +00:00 [INF] Executed DbCommand (2ms) [Parameters=[], CommandType='"Text"', CommandTimeout='30']
SELECT a."ID", a."CreatedAt", a."DeviceFingerprint", a."ExpiresAt", a."IpAddress", a."IsRevoked", a."UserID", a.jti
FROM "AccessTokens" AS a
WHERE NOT (a."IsRevoked")
2026-06-05 22:09:20.558 +00:00 [INF] Executing endpoint 'API.Controllers.TokenController.GetAccessTokens (API)'
2026-06-05 22:09:20.559 +00:00 [INF] Executing ObjectResult, writing value of type 'System.Collections.Generic.List`1[[API.Models.AccessToken, API, Version=1.0.0.0, Culture=neutral, PublicKeyToken=null]]'.
2026-06-05 22:09:20.559 +00:00 [INF] Route matched with {action = "GetAccessTokens", controller = "Token"}. Executing controller action with signature System.Threading.Tasks.Task`1[System.Collections.Generic.IEnumerable`1[API.Models.AccessToken]] GetAccessTokens() on controller API.Controllers.TokenController (API).
2026-06-05 22:09:20.559 +00:00 [INF] Executed action API.Controllers.TokenController.GetAccessTokens (API) in 2.8626ms
2026-06-05 22:09:20.559 +00:00 [INF] Executed endpoint 'API.Controllers.TokenController.GetAccessTokens (API)'
2026-06-05 22:09:20.559 +00:00 [INF] Request finished HTTP/1.1 GET http://192.168.1.6:8080/api/token/access-token?page=1&limit=10 - 200 null application/json; charset=utf-8 32.6979ms
2026-06-05 22:09:20.560 +00:00 [INF] Executed DbCommand (1ms) [Parameters=[], CommandType='"Text"', CommandTimeout='30']
SELECT a."ID", a."CreatedAt", a."DeviceFingerprint", a."ExpiresAt", a."IpAddress", a."IsRevoked", a."UserID", a.jti
FROM "AccessTokens" AS a
WHERE NOT (a."IsRevoked")
2026-06-05 22:09:20.561 +00:00 [INF] Executing ObjectResult, writing value of type 'System.Collections.Generic.List`1[[API.Models.AccessToken, API, Version=1.0.0.0, Culture=neutral, PublicKeyToken=null]]'.
2026-06-05 22:09:20.561 +00:00 [INF] Executed action API.Controllers.TokenController.GetAccessTokens (API) in 1.8332ms
2026-06-05 22:09:20.561 +00:00 [INF] Executed endpoint 'API.Controllers.TokenController.GetAccessTokens (API)'
2026-06-05 22:09:20.561 +00:00 [INF] Request finished HTTP/1.1 GET http://192.168.1.6:8080/api/token/access-token - 200 null application/json; charset=utf-8 33.106ms
2026-06-05 22:09:20.568 +00:00 [INF] Executed DbCommand (2ms) [Parameters=[], CommandType='"Text"', CommandTimeout='30']
SELECT a."ID", a."CreatedAt", a."DeviceFingerprint", a."ExpiresAt", a."IpAddress", a."IsRevoked", a."UserID", a.jti
FROM "AccessTokens" AS a
WHERE NOT (a."IsRevoked")
2026-06-05 22:09:20.568 +00:00 [INF] Executing ObjectResult, writing value of type 'System.Collections.Generic.List`1[[API.Models.AccessToken, API, Version=1.0.0.0, Culture=neutral, PublicKeyToken=null]]'.
2026-06-05 22:09:20.568 +00:00 [INF] Executed action API.Controllers.TokenController.GetAccessTokens (API) in 12.0068ms
2026-06-05 22:09:20.568 +00:00 [INF] Executed endpoint 'API.Controllers.TokenController.GetAccessTokens (API)'
2026-06-05 22:09:20.569 +00:00 [INF] Request finished HTTP/1.1 GET http://192.168.1.6:8080/api/token/access-token?page=1&limit=10 - 200 null application/json; charset=utf-8 42.6102ms
2026-06-05 22:09:27.209 +00:00 [INF] Request starting HTTP/1.1 GET http://192.168.1.6:8080/api/token/access-token?page=1&limit=10 - null null
2026-06-05 22:09:27.209 +00:00 [INF] CORS policy execution successful.
2026-06-05 22:09:27.209 +00:00 [INF] ====== OnMessageReceived START ======
2026-06-05 22:09:27.209 +00:00 [INF] Available cookies: 2
2026-06-05 22:09:27.210 +00:00 [INF] Cookie: adminRefreshToken = 44 chars
2026-06-05 22:09:27.210 +00:00 [INF] Cookie: adminToken = 844 chars
2026-06-05 22:09:27.210 +00:00 [INF] Admin token found in cookies, length: 844
2026-06-05 22:09:27.210 +00:00 [INF] Admin token set in context
2026-06-05 22:09:27.210 +00:00 [INF] ====== OnMessageReceived END - Token set: true ======
2026-06-05 22:09:27.211 +00:00 [INF] Token validated successfully for user: lengyelnorbi
2026-06-05 22:09:27.211 +00:00 [INF] Device fingerprint headers - UA: Mozilla/5.0 (Windows NT 10.0; Win64; x64; rv:151.0) Gecko/20100101 Firefox/151.0, Accept: application/json, text/plain, */*, Encoding: gzip, deflate
2026-06-05 22:09:27.211 +00:00 [INF] Device fingerprint validation: Stored=/a2uf4z8rcBIhIr7KGbd6aahMr80Bhj+9uyLiYNZ66A=, Current=/a2uf4z8rcBIhIr7KGbd6aahMr80Bhj+9uyLiYNZ66A=
2026-06-05 22:09:27.211 +00:00 [INF] Request starting HTTP/1.1 GET http://192.168.1.6:8080/api/token/access-token - null null
2026-06-05 22:09:27.212 +00:00 [INF] CORS policy execution successful.
2026-06-05 22:09:27.212 +00:00 [INF] ====== OnMessageReceived START ======
2026-06-05 22:09:27.212 +00:00 [INF] Available cookies: 2
2026-06-05 22:09:27.212 +00:00 [INF] Cookie: adminRefreshToken = 44 chars
2026-06-05 22:09:27.212 +00:00 [INF] Cookie: adminToken = 844 chars
2026-06-05 22:09:27.213 +00:00 [INF] Admin token found in cookies, length: 844
2026-06-05 22:09:27.213 +00:00 [INF] Admin token set in context
2026-06-05 22:09:27.213 +00:00 [INF] ====== OnMessageReceived END - Token set: true ======
2026-06-05 22:09:27.213 +00:00 [INF] Token validated successfully for user: lengyelnorbi
2026-06-05 22:09:27.214 +00:00 [INF] Device fingerprint headers - UA: Mozilla/5.0 (Windows NT 10.0; Win64; x64; rv:151.0) Gecko/20100101 Firefox/151.0, Accept: application/json, text/plain, */*, Encoding: gzip, deflate
2026-06-05 22:09:27.214 +00:00 [INF] Device fingerprint validation: Stored=/a2uf4z8rcBIhIr7KGbd6aahMr80Bhj+9uyLiYNZ66A=, Current=/a2uf4z8rcBIhIr7KGbd6aahMr80Bhj+9uyLiYNZ66A=
2026-06-05 22:09:27.214 +00:00 [INF] Executed DbCommand (2ms) [Parameters=[@__jti_0='?', @__userId_1='?' (DbType = Int32)], CommandType='"Text"', CommandTimeout='30']
SELECT a."ID", a."CreatedAt", a."DeviceFingerprint", a."ExpiresAt", a."IpAddress", a."IsRevoked", a."UserID", a.jti
FROM "AccessTokens" AS a
WHERE a.jti = @__jti_0 AND a."UserID" = @__userId_1 AND NOT (a."IsRevoked") AND a."ExpiresAt" > now()
LIMIT 1
2026-06-05 22:09:27.214 +00:00 [INF] Executing endpoint 'API.Controllers.TokenController.GetAccessTokens (API)'
2026-06-05 22:09:27.215 +00:00 [INF] Route matched with {action = "GetAccessTokens", controller = "Token"}. Executing controller action with signature System.Threading.Tasks.Task`1[System.Collections.Generic.IEnumerable`1[API.Models.AccessToken]] GetAccessTokens() on controller API.Controllers.TokenController (API).
2026-06-05 22:09:27.216 +00:00 [INF] Executed DbCommand (1ms) [Parameters=[@__jti_0='?', @__userId_1='?' (DbType = Int32)], CommandType='"Text"', CommandTimeout='30']
SELECT a."ID", a."CreatedAt", a."DeviceFingerprint", a."ExpiresAt", a."IpAddress", a."IsRevoked", a."UserID", a.jti
FROM "AccessTokens" AS a
WHERE a.jti = @__jti_0 AND a."UserID" = @__userId_1 AND NOT (a."IsRevoked") AND a."ExpiresAt" > now()
LIMIT 1
2026-06-05 22:09:27.216 +00:00 [INF] Executing endpoint 'API.Controllers.TokenController.GetAccessTokens (API)'
2026-06-05 22:09:27.216 +00:00 [INF] Executed DbCommand (1ms) [Parameters=[], CommandType='"Text"', CommandTimeout='30']
SELECT a."ID", a."CreatedAt", a."DeviceFingerprint", a."ExpiresAt", a."IpAddress", a."IsRevoked", a."UserID", a.jti
FROM "AccessTokens" AS a
WHERE NOT (a."IsRevoked")
2026-06-05 22:09:27.216 +00:00 [INF] Route matched with {action = "GetAccessTokens", controller = "Token"}. Executing controller action with signature System.Threading.Tasks.Task`1[System.Collections.Generic.IEnumerable`1[API.Models.AccessToken]] GetAccessTokens() on controller API.Controllers.TokenController (API).
2026-06-05 22:09:27.217 +00:00 [INF] Executing ObjectResult, writing value of type 'System.Collections.Generic.List`1[[API.Models.AccessToken, API, Version=1.0.0.0, Culture=neutral, PublicKeyToken=null]]'.
2026-06-05 22:09:27.217 +00:00 [INF] Executed action API.Controllers.TokenController.GetAccessTokens (API) in 2.726ms
2026-06-05 22:09:27.218 +00:00 [INF] Executed endpoint 'API.Controllers.TokenController.GetAccessTokens (API)'
2026-06-05 22:09:27.218 +00:00 [INF] Executed DbCommand (1ms) [Parameters=[], CommandType='"Text"', CommandTimeout='30']
SELECT a."ID", a."CreatedAt", a."DeviceFingerprint", a."ExpiresAt", a."IpAddress", a."IsRevoked", a."UserID", a.jti
FROM "AccessTokens" AS a
WHERE NOT (a."IsRevoked")
2026-06-05 22:09:27.218 +00:00 [INF] Request finished HTTP/1.1 GET http://192.168.1.6:8080/api/token/access-token?page=1&limit=10 - 200 null application/json; charset=utf-8 9.1824ms
2026-06-05 22:09:27.219 +00:00 [INF] Executing ObjectResult, writing value of type 'System.Collections.Generic.List`1[[API.Models.AccessToken, API, Version=1.0.0.0, Culture=neutral, PublicKeyToken=null]]'.
2026-06-05 22:09:27.219 +00:00 [INF] Executed action API.Controllers.TokenController.GetAccessTokens (API) in 2.602ms
2026-06-05 22:09:27.219 +00:00 [INF] Executed endpoint 'API.Controllers.TokenController.GetAccessTokens (API)'
2026-06-05 22:09:27.219 +00:00 [INF] Request finished HTTP/1.1 GET http://192.168.1.6:8080/api/token/access-token - 200 null application/json; charset=utf-8 7.9284ms
2026-06-05 22:09:32.793 +00:00 [INF] Request starting HTTP/1.1 OPTIONS http://192.168.1.6:8080/api/auth/refresh - null null
2026-06-05 22:09:32.793 +00:00 [INF] CORS policy execution successful.
2026-06-05 22:09:32.794 +00:00 [INF] Request finished HTTP/1.1 OPTIONS http://192.168.1.6:8080/api/auth/refresh - 204 null null 0.5398ms
2026-06-05 22:09:32.796 +00:00 [INF] Request starting HTTP/1.1 POST http://192.168.1.6:8080/api/auth/refresh - application/json 18
2026-06-05 22:09:32.796 +00:00 [INF] CORS policy execution successful.
2026-06-05 22:09:32.796 +00:00 [INF] ====== OnMessageReceived START ======
2026-06-05 22:09:32.796 +00:00 [INF] Available cookies: 2
2026-06-05 22:09:32.796 +00:00 [INF] Cookie: adminRefreshToken = 44 chars
2026-06-05 22:09:32.796 +00:00 [INF] Cookie: adminToken = 844 chars
2026-06-05 22:09:32.797 +00:00 [INF] Admin token found in cookies, length: 844
2026-06-05 22:09:32.797 +00:00 [INF] Admin token set in context
2026-06-05 22:09:32.797 +00:00 [INF] ====== OnMessageReceived END - Token set: true ======
2026-06-05 22:09:32.797 +00:00 [INF] Token validated successfully for user: lengyelnorbi
2026-06-05 22:09:32.797 +00:00 [INF] Device fingerprint headers - UA: Mozilla/5.0 (Windows NT 10.0; Win64; x64; rv:151.0) Gecko/20100101 Firefox/151.0, Accept: */*, Encoding: gzip, deflate
2026-06-05 22:09:32.797 +00:00 [INF] Device fingerprint validation: Stored=/a2uf4z8rcBIhIr7KGbd6aahMr80Bhj+9uyLiYNZ66A=, Current=/a2uf4z8rcBIhIr7KGbd6aahMr80Bhj+9uyLiYNZ66A=
2026-06-05 22:09:32.799 +00:00 [INF] Executed DbCommand (1ms) [Parameters=[@__jti_0='?', @__userId_1='?' (DbType = Int32)], CommandType='"Text"', CommandTimeout='30']
SELECT a."ID", a."CreatedAt", a."DeviceFingerprint", a."ExpiresAt", a."IpAddress", a."IsRevoked", a."UserID", a.jti
FROM "AccessTokens" AS a
WHERE a.jti = @__jti_0 AND a."UserID" = @__userId_1 AND NOT (a."IsRevoked") AND a."ExpiresAt" > now()
LIMIT 1
2026-06-05 22:09:32.799 +00:00 [INF] Executing endpoint 'API.Controllers.AuthController.RefreshToken (API)'
2026-06-05 22:09:32.800 +00:00 [INF] Route matched with {action = "RefreshToken", controller = "Auth"}. Executing controller action with signature System.Threading.Tasks.Task`1[Microsoft.AspNetCore.Mvc.IActionResult] RefreshToken(API.Models.RequestModels.RefreshRequest) on controller API.Controllers.AuthController (API).
2026-06-05 22:09:32.800 +00:00 [INF] Token refresh attempt at "2026-06-05T22:09:32.8008494Z"
2026-06-05 22:09:32.801 +00:00 [INF] Refreshing admin token at "2026-06-05T22:09:32.8010354Z"
2026-06-05 22:09:32.803 +00:00 [INF] Executed DbCommand (2ms) [Parameters=[@__tokenHash_0='?'], CommandType='"Text"', CommandTimeout='30']
SELECT r."ID", r."CreatedAt", r."DeviceFingerprint", r."ExpiresAt", r."IpAddress", r."IsRevoked", r."TokenHash", r."UserID"
FROM "RefreshTokens" AS r
WHERE r."TokenHash" = @__tokenHash_0 AND NOT (r."IsRevoked") AND r."ExpiresAt" > now()
ORDER BY r."CreatedAt" DESC
LIMIT 1
2026-06-05 22:09:32.803 +00:00 [INF] Mozilla/5.0 (Windows NT 10.0; Win64; x64; rv:151.0) Gecko/20100101 Firefox/151.0
2026-06-05 22:09:32.803 +00:00 [INF] Fetching user by ID from database...
2026-06-05 22:09:32.805 +00:00 [INF] Executed DbCommand (1ms) [Parameters=[@__id_0='?' (DbType = Int32)], CommandType='"Text"', CommandTimeout='30']
SELECT u."ID", u."Email", u."PasswordHash", u."RegisteredAt", u."Role", u."Username"
FROM "Users" AS u
WHERE u."ID" = @__id_0
LIMIT 1
2026-06-05 22:09:32.808 +00:00 [INF] Executed DbCommand (3ms) [Parameters=[@p0='?' (DbType = DateTime), @p1='?', @p2='?' (DbType = DateTime), @p3='?', @p4='?' (DbType = Int32), @p5='?'], CommandType='"Text"', CommandTimeout='30']
INSERT INTO "AccessTokens" ("CreatedAt", "DeviceFingerprint", "ExpiresAt", "IpAddress", "UserID", jti)
VALUES (@p0, @p1, @p2, @p3, @p4, @p5)
RETURNING "ID", "IsRevoked";
2026-06-05 22:09:32.810 +00:00 [INF] Executed DbCommand (1ms) [Parameters=[@__jti_0='?', @__userID_1='?' (DbType = Int32), @__deviceFingerprint_2='?', @__ipAddress_3='?'], CommandType='"Text"', CommandTimeout='30']
SELECT a."ID", a."CreatedAt", a."DeviceFingerprint", a."ExpiresAt", a."IpAddress", a."IsRevoked", a."UserID", a.jti
FROM "AccessTokens" AS a
WHERE a.jti = @__jti_0 AND a."UserID" = @__userID_1 AND a."DeviceFingerprint" = @__deviceFingerprint_2 AND a."IpAddress" = @__ipAddress_3
LIMIT 1
2026-06-05 22:09:32.810 +00:00 [INF] Attempting to revoke access token with jti 586ce963-a118-483b-8cd4-d44135da8e58 for user 1 from device /a2uf4z8rcBIhIr7KGbd6aahMr80Bhj+9uyLiYNZ66A= and IP ::ffff:172.20.0.1
2026-06-05 22:09:32.810 +00:00 [INF] Access token found: API.Models.AccessToken
2026-06-05 22:09:32.812 +00:00 [INF] Executed DbCommand (2ms) [Parameters=[@p1='?' (DbType = Int32), @p0='?' (DbType = Boolean)], CommandType='"Text"', CommandTimeout='30']
UPDATE "AccessTokens" SET "IsRevoked" = @p0
WHERE "ID" = @p1;
2026-06-05 22:09:32.813 +00:00 [INF] Access token AccessToken for user 1 revoked: true
2026-06-05 22:09:32.815 +00:00 [INF] Executed DbCommand (2ms) [Parameters=[@p0='?' (DbType = DateTime), @p1='?', @p2='?' (DbType = DateTime), @p3='?', @p4='?', @p5='?' (DbType = Int32)], CommandType='"Text"', CommandTimeout='30']
INSERT INTO "RefreshTokens" ("CreatedAt", "DeviceFingerprint", "ExpiresAt", "IpAddress", "TokenHash", "UserID")
VALUES (@p0, @p1, @p2, @p3, @p4, @p5)
RETURNING "ID", "IsRevoked";
2026-06-05 22:09:32.816 +00:00 [INF] Executed DbCommand (1ms) [Parameters=[@__tokenHash_0='?', @__userId_1='?' (DbType = Int32), @__deviceFingerprint_2='?', @__ipAddress_3='?'], CommandType='"Text"', CommandTimeout='30']
SELECT r."ID", r."CreatedAt", r."DeviceFingerprint", r."ExpiresAt", r."IpAddress", r."IsRevoked", r."TokenHash", r."UserID"
FROM "RefreshTokens" AS r
WHERE r."TokenHash" = @__tokenHash_0 AND r."UserID" = @__userId_1 AND r."DeviceFingerprint" = @__deviceFingerprint_2 AND r."IpAddress" = @__ipAddress_3
LIMIT 1
2026-06-05 22:09:32.818 +00:00 [INF] Executed DbCommand (2ms) [Parameters=[@p1='?' (DbType = Int32), @p0='?' (DbType = Boolean)], CommandType='"Text"', CommandTimeout='30']
UPDATE "RefreshTokens" SET "IsRevoked" = @p0
WHERE "ID" = @p1;
2026-06-05 22:09:32.818 +00:00 [INF] Refresh token 5b+Zx9v2JvQg/vA0QifSsZMWhhvrDPqOLuQibG5TuF4= for user 1 revoked: true
2026-06-05 22:09:32.819 +00:00 [INF] Token refreshed successfully for user 1 at "2026-06-05T22:09:32.8190199Z"
2026-06-05 22:09:32.819 +00:00 [INF] Executing OkObjectResult, writing value of type '<>f__AnonymousType3`2[[System.Boolean, System.Private.CoreLib, Version=9.0.0.0, Culture=neutral, PublicKeyToken=7cec85d7bea7798e],[System.Int32, System.Private.CoreLib, Version=9.0.0.0, Culture=neutral, PublicKeyToken=7cec85d7bea7798e]]'.
2026-06-05 22:09:32.819 +00:00 [INF] Executed action API.Controllers.AuthController.RefreshToken (API) in 19.1221ms
2026-06-05 22:09:32.819 +00:00 [INF] Executed endpoint 'API.Controllers.AuthController.RefreshToken (API)'
2026-06-05 22:09:32.819 +00:00 [INF] Request finished HTTP/1.1 POST http://192.168.1.6:8080/api/auth/refresh - 200 null application/json; charset=utf-8 23.7734ms
2026-06-05 22:10:24.349 +00:00 [INF] Request starting HTTP/1.1 OPTIONS http://192.168.1.6:8080/api/auth/refresh - null null
2026-06-05 22:10:24.349 +00:00 [INF] CORS policy execution successful.
2026-06-05 22:10:24.350 +00:00 [INF] Request finished HTTP/1.1 OPTIONS http://192.168.1.6:8080/api/auth/refresh - 204 null null 0.7048ms
2026-06-05 22:10:24.351 +00:00 [INF] Request starting HTTP/1.1 POST http://192.168.1.6:8080/api/auth/refresh - application/json 18
2026-06-05 22:10:24.352 +00:00 [INF] CORS policy execution successful.
2026-06-05 22:10:24.352 +00:00 [INF] ====== OnMessageReceived START ======
2026-06-05 22:10:24.352 +00:00 [INF] Available cookies: 2
2026-06-05 22:10:24.352 +00:00 [INF] Cookie: adminToken = 844 chars
2026-06-05 22:10:24.352 +00:00 [INF] Cookie: adminRefreshToken = 44 chars
2026-06-05 22:10:24.353 +00:00 [INF] Admin token found in cookies, length: 844
2026-06-05 22:10:24.353 +00:00 [INF] Admin token set in context
2026-06-05 22:10:24.353 +00:00 [INF] ====== OnMessageReceived END - Token set: true ======
2026-06-05 22:10:24.353 +00:00 [INF] Token validated successfully for user: lengyelnorbi
2026-06-05 22:10:24.353 +00:00 [INF] Device fingerprint headers - UA: Mozilla/5.0 (Windows NT 10.0; Win64; x64) AppleWebKit/537.36 (KHTML, like Gecko) Chrome/148.0.0.0 Safari/537.36 Edg/148.0.0.0, Accept: */*, Encoding: gzip, deflate
2026-06-05 22:10:24.353 +00:00 [INF] Device fingerprint validation: Stored=Lv4x0Q92xIUzLHv026j+gnLrTLf1411UTcEm6zv5k74=, Current=Lv4x0Q92xIUzLHv026j+gnLrTLf1411UTcEm6zv5k74=
2026-06-05 22:10:24.356 +00:00 [INF] Executed DbCommand (2ms) [Parameters=[@__jti_0='?', @__userId_1='?' (DbType = Int32)], CommandType='"Text"', CommandTimeout='30']
SELECT a."ID", a."CreatedAt", a."DeviceFingerprint", a."ExpiresAt", a."IpAddress", a."IsRevoked", a."UserID", a.jti
FROM "AccessTokens" AS a
WHERE a.jti = @__jti_0 AND a."UserID" = @__userId_1 AND NOT (a."IsRevoked") AND a."ExpiresAt" > now()
LIMIT 1
2026-06-05 22:10:24.356 +00:00 [INF] Executing endpoint 'API.Controllers.AuthController.RefreshToken (API)'
2026-06-05 22:10:24.357 +00:00 [INF] Route matched with {action = "RefreshToken", controller = "Auth"}. Executing controller action with signature System.Threading.Tasks.Task`1[Microsoft.AspNetCore.Mvc.IActionResult] RefreshToken(API.Models.RequestModels.RefreshRequest) on controller API.Controllers.AuthController (API).
2026-06-05 22:10:24.357 +00:00 [INF] Token refresh attempt at "2026-06-05T22:10:24.3575079Z"
2026-06-05 22:10:24.357 +00:00 [INF] Refreshing admin token at "2026-06-05T22:10:24.3576616Z"
2026-06-05 22:10:24.359 +00:00 [INF] Executed DbCommand (1ms) [Parameters=[@__tokenHash_0='?'], CommandType='"Text"', CommandTimeout='30']
SELECT r."ID", r."CreatedAt", r."DeviceFingerprint", r."ExpiresAt", r."IpAddress", r."IsRevoked", r."TokenHash", r."UserID"
FROM "RefreshTokens" AS r
WHERE r."TokenHash" = @__tokenHash_0 AND NOT (r."IsRevoked") AND r."ExpiresAt" > now()
ORDER BY r."CreatedAt" DESC
LIMIT 1
2026-06-05 22:10:24.359 +00:00 [INF] Mozilla/5.0 (Windows NT 10.0; Win64; x64) AppleWebKit/537.36 (KHTML, like Gecko) Chrome/148.0.0.0 Safari/537.36 Edg/148.0.0.0
2026-06-05 22:10:24.359 +00:00 [INF] Fetching user by ID from database...
2026-06-05 22:10:24.360 +00:00 [INF] Executed DbCommand (1ms) [Parameters=[@__id_0='?' (DbType = Int32)], CommandType='"Text"', CommandTimeout='30']
SELECT u."ID", u."Email", u."PasswordHash", u."RegisteredAt", u."Role", u."Username"
FROM "Users" AS u
WHERE u."ID" = @__id_0
LIMIT 1
2026-06-05 22:10:24.363 +00:00 [INF] Executed DbCommand (2ms) [Parameters=[@p0='?' (DbType = DateTime), @p1='?', @p2='?' (DbType = DateTime), @p3='?', @p4='?' (DbType = Int32), @p5='?'], CommandType='"Text"', CommandTimeout='30']
INSERT INTO "AccessTokens" ("CreatedAt", "DeviceFingerprint", "ExpiresAt", "IpAddress", "UserID", jti)
VALUES (@p0, @p1, @p2, @p3, @p4, @p5)
RETURNING "ID", "IsRevoked";
2026-06-05 22:10:24.365 +00:00 [INF] Executed DbCommand (1ms) [Parameters=[@__jti_0='?', @__userID_1='?' (DbType = Int32), @__deviceFingerprint_2='?', @__ipAddress_3='?'], CommandType='"Text"', CommandTimeout='30']
SELECT a."ID", a."CreatedAt", a."DeviceFingerprint", a."ExpiresAt", a."IpAddress", a."IsRevoked", a."UserID", a.jti
FROM "AccessTokens" AS a
WHERE a.jti = @__jti_0 AND a."UserID" = @__userID_1 AND a."DeviceFingerprint" = @__deviceFingerprint_2 AND a."IpAddress" = @__ipAddress_3
LIMIT 1
2026-06-05 22:10:24.365 +00:00 [INF] Attempting to revoke access token with jti 50f2a8cf-7945-4155-aeae-cd83c0b7b04b for user 1 from device Lv4x0Q92xIUzLHv026j+gnLrTLf1411UTcEm6zv5k74= and IP ::ffff:172.20.0.1
2026-06-05 22:10:24.365 +00:00 [INF] Access token found: API.Models.AccessToken
2026-06-05 22:10:24.367 +00:00 [INF] Executed DbCommand (2ms) [Parameters=[@p1='?' (DbType = Int32), @p0='?' (DbType = Boolean)], CommandType='"Text"', CommandTimeout='30']
UPDATE "AccessTokens" SET "IsRevoked" = @p0
WHERE "ID" = @p1;
2026-06-05 22:10:24.368 +00:00 [INF] Access token AccessToken for user 1 revoked: true
2026-06-05 22:10:24.370 +00:00 [INF] Executed DbCommand (2ms) [Parameters=[@p0='?' (DbType = DateTime), @p1='?', @p2='?' (DbType = DateTime), @p3='?', @p4='?', @p5='?' (DbType = Int32)], CommandType='"Text"', CommandTimeout='30']
INSERT INTO "RefreshTokens" ("CreatedAt", "DeviceFingerprint", "ExpiresAt", "IpAddress", "TokenHash", "UserID")
VALUES (@p0, @p1, @p2, @p3, @p4, @p5)
RETURNING "ID", "IsRevoked";
2026-06-05 22:10:24.371 +00:00 [INF] Executed DbCommand (1ms) [Parameters=[@__tokenHash_0='?', @__userId_1='?' (DbType = Int32), @__deviceFingerprint_2='?', @__ipAddress_3='?'], CommandType='"Text"', CommandTimeout='30']
SELECT r."ID", r."CreatedAt", r."DeviceFingerprint", r."ExpiresAt", r."IpAddress", r."IsRevoked", r."TokenHash", r."UserID"
FROM "RefreshTokens" AS r
WHERE r."TokenHash" = @__tokenHash_0 AND r."UserID" = @__userId_1 AND r."DeviceFingerprint" = @__deviceFingerprint_2 AND r."IpAddress" = @__ipAddress_3
LIMIT 1
2026-06-05 22:10:24.373 +00:00 [INF] Executed DbCommand (1ms) [Parameters=[@p1='?' (DbType = Int32), @p0='?' (DbType = Boolean)], CommandType='"Text"', CommandTimeout='30']
UPDATE "RefreshTokens" SET "IsRevoked" = @p0
WHERE "ID" = @p1;
2026-06-05 22:10:24.373 +00:00 [INF] Refresh token 3Y4NLgPTa3ijStFOrXwKH5CTF2HkXkVZWkSMiLJuPMQ= for user 1 revoked: true
2026-06-05 22:10:24.373 +00:00 [INF] Token refreshed successfully for user 1 at "2026-06-05T22:10:24.3739613Z"
2026-06-05 22:10:24.374 +00:00 [INF] Executing OkObjectResult, writing value of type '<>f__AnonymousType3`2[[System.Boolean, System.Private.CoreLib, Version=9.0.0.0, Culture=neutral, PublicKeyToken=7cec85d7bea7798e],[System.Int32, System.Private.CoreLib, Version=9.0.0.0, Culture=neutral, PublicKeyToken=7cec85d7bea7798e]]'.
2026-06-05 22:10:24.374 +00:00 [INF] Executed action API.Controllers.AuthController.RefreshToken (API) in 17.1135ms
2026-06-05 22:10:24.374 +00:00 [INF] Executed endpoint 'API.Controllers.AuthController.RefreshToken (API)'
2026-06-05 22:10:24.374 +00:00 [INF] Request finished HTTP/1.1 POST http://192.168.1.6:8080/api/auth/refresh - 200 null application/json; charset=utf-8 22.7161ms
2026-06-05 22:12:42.898 +00:00 [INF] Request starting HTTP/1.1 GET http://192.168.1.6:8080/api/token/access-token?page=1&limit=10 - null null
2026-06-05 22:12:42.899 +00:00 [INF] CORS policy execution successful.
2026-06-05 22:12:42.899 +00:00 [INF] ====== OnMessageReceived START ======
2026-06-05 22:12:42.899 +00:00 [INF] Available cookies: 2
2026-06-05 22:12:42.899 +00:00 [INF] Cookie: adminRefreshToken = 44 chars
2026-06-05 22:12:42.900 +00:00 [INF] Cookie: adminToken = 844 chars
2026-06-05 22:12:42.900 +00:00 [INF] Admin token found in cookies, length: 844
2026-06-05 22:12:42.900 +00:00 [INF] Admin token set in context
2026-06-05 22:12:42.900 +00:00 [INF] ====== OnMessageReceived END - Token set: true ======
2026-06-05 22:12:42.900 +00:00 [INF] Request starting HTTP/1.1 GET http://192.168.1.6:8080/api/token/access-token - null null
2026-06-05 22:12:42.904 +00:00 [INF] Token validated successfully for user: lengyelnorbi
2026-06-05 22:12:42.904 +00:00 [INF] CORS policy execution successful.
2026-06-05 22:12:42.904 +00:00 [INF] Device fingerprint headers - UA: Mozilla/5.0 (Windows NT 10.0; Win64; x64; rv:151.0) Gecko/20100101 Firefox/151.0, Accept: application/json, text/plain, */*, Encoding: gzip, deflate
2026-06-05 22:12:42.904 +00:00 [INF] ====== OnMessageReceived START ======
2026-06-05 22:12:42.905 +00:00 [INF] Device fingerprint validation: Stored=/a2uf4z8rcBIhIr7KGbd6aahMr80Bhj+9uyLiYNZ66A=, Current=/a2uf4z8rcBIhIr7KGbd6aahMr80Bhj+9uyLiYNZ66A=
2026-06-05 22:12:42.905 +00:00 [INF] Available cookies: 2
2026-06-05 22:12:42.905 +00:00 [INF] Cookie: adminRefreshToken = 44 chars
2026-06-05 22:12:42.905 +00:00 [INF] Cookie: adminToken = 844 chars
2026-06-05 22:12:42.905 +00:00 [INF] Admin token found in cookies, length: 844
2026-06-05 22:12:42.906 +00:00 [INF] Admin token set in context
2026-06-05 22:12:42.906 +00:00 [INF] ====== OnMessageReceived END - Token set: true ======
2026-06-05 22:12:42.906 +00:00 [INF] Token validated successfully for user: lengyelnorbi
2026-06-05 22:12:42.906 +00:00 [INF] Device fingerprint headers - UA: Mozilla/5.0 (Windows NT 10.0; Win64; x64; rv:151.0) Gecko/20100101 Firefox/151.0, Accept: application/json, text/plain, */*, Encoding: gzip, deflate
2026-06-05 22:12:42.906 +00:00 [INF] Device fingerprint validation: Stored=/a2uf4z8rcBIhIr7KGbd6aahMr80Bhj+9uyLiYNZ66A=, Current=/a2uf4z8rcBIhIr7KGbd6aahMr80Bhj+9uyLiYNZ66A=
2026-06-05 22:12:42.909 +00:00 [INF] Executed DbCommand (3ms) [Parameters=[@__jti_0='?', @__userId_1='?' (DbType = Int32)], CommandType='"Text"', CommandTimeout='30']
SELECT a."ID", a."CreatedAt", a."DeviceFingerprint", a."ExpiresAt", a."IpAddress", a."IsRevoked", a."UserID", a.jti
FROM "AccessTokens" AS a
WHERE a.jti = @__jti_0 AND a."UserID" = @__userId_1 AND NOT (a."IsRevoked") AND a."ExpiresAt" > now()
LIMIT 1
2026-06-05 22:12:42.909 +00:00 [INF] Executed DbCommand (2ms) [Parameters=[@__jti_0='?', @__userId_1='?' (DbType = Int32)], CommandType='"Text"', CommandTimeout='30']
SELECT a."ID", a."CreatedAt", a."DeviceFingerprint", a."ExpiresAt", a."IpAddress", a."IsRevoked", a."UserID", a.jti
FROM "AccessTokens" AS a
WHERE a.jti = @__jti_0 AND a."UserID" = @__userId_1 AND NOT (a."IsRevoked") AND a."ExpiresAt" > now()
LIMIT 1
2026-06-05 22:12:42.909 +00:00 [INF] Executing endpoint 'API.Controllers.TokenController.GetAccessTokens (API)'
2026-06-05 22:12:42.909 +00:00 [INF] Executing endpoint 'API.Controllers.TokenController.GetAccessTokens (API)'
2026-06-05 22:12:42.910 +00:00 [INF] Route matched with {action = "GetAccessTokens", controller = "Token"}. Executing controller action with signature System.Threading.Tasks.Task`1[System.Collections.Generic.IEnumerable`1[API.Models.AccessToken]] GetAccessTokens() on controller API.Controllers.TokenController (API).
2026-06-05 22:12:42.910 +00:00 [INF] Route matched with {action = "GetAccessTokens", controller = "Token"}. Executing controller action with signature System.Threading.Tasks.Task`1[System.Collections.Generic.IEnumerable`1[API.Models.AccessToken]] GetAccessTokens() on controller API.Controllers.TokenController (API).
2026-06-05 22:12:42.912 +00:00 [INF] Executed DbCommand (2ms) [Parameters=[], CommandType='"Text"', CommandTimeout='30']
SELECT a."ID", a."CreatedAt", a."DeviceFingerprint", a."ExpiresAt", a."IpAddress", a."IsRevoked", a."UserID", a.jti
FROM "AccessTokens" AS a
WHERE NOT (a."IsRevoked")
2026-06-05 22:12:42.912 +00:00 [INF] Executed DbCommand (2ms) [Parameters=[], CommandType='"Text"', CommandTimeout='30']
SELECT a."ID", a."CreatedAt", a."DeviceFingerprint", a."ExpiresAt", a."IpAddress", a."IsRevoked", a."UserID", a.jti
FROM "AccessTokens" AS a
WHERE NOT (a."IsRevoked")
2026-06-05 22:12:42.913 +00:00 [INF] Executing ObjectResult, writing value of type 'System.Collections.Generic.List`1[[API.Models.AccessToken, API, Version=1.0.0.0, Culture=neutral, PublicKeyToken=null]]'.
2026-06-05 22:12:42.913 +00:00 [INF] Executing ObjectResult, writing value of type 'System.Collections.Generic.List`1[[API.Models.AccessToken, API, Version=1.0.0.0, Culture=neutral, PublicKeyToken=null]]'.
2026-06-05 22:12:42.913 +00:00 [INF] Executed action API.Controllers.TokenController.GetAccessTokens (API) in 3.0245ms
2026-06-05 22:12:42.913 +00:00 [INF] Executed endpoint 'API.Controllers.TokenController.GetAccessTokens (API)'
2026-06-05 22:12:42.914 +00:00 [INF] Request finished HTTP/1.1 GET http://192.168.1.6:8080/api/token/access-token?page=1&limit=10 - 200 null application/json; charset=utf-8 15.8557ms
2026-06-05 22:12:42.914 +00:00 [INF] Executed action API.Controllers.TokenController.GetAccessTokens (API) in 3.6366ms
2026-06-05 22:12:42.915 +00:00 [INF] Executed endpoint 'API.Controllers.TokenController.GetAccessTokens (API)'
2026-06-05 22:12:42.915 +00:00 [INF] Request finished HTTP/1.1 GET http://192.168.1.6:8080/api/token/access-token - 499 null application/json; charset=utf-8 14.9005ms
2026-06-05 22:12:42.926 +00:00 [INF] Request starting HTTP/1.1 GET http://192.168.1.6:8080/api/token/access-token?page=1&limit=10 - null null
2026-06-05 22:12:42.927 +00:00 [INF] CORS policy execution successful.
2026-06-05 22:12:42.927 +00:00 [INF] ====== OnMessageReceived START ======
2026-06-05 22:12:42.927 +00:00 [INF] Available cookies: 2
2026-06-05 22:12:42.927 +00:00 [INF] Cookie: adminRefreshToken = 44 chars
2026-06-05 22:12:42.927 +00:00 [INF] Cookie: adminToken = 844 chars
2026-06-05 22:12:42.927 +00:00 [INF] Admin token found in cookies, length: 844
2026-06-05 22:12:42.928 +00:00 [INF] Admin token set in context
2026-06-05 22:12:42.928 +00:00 [INF] ====== OnMessageReceived END - Token set: true ======
2026-06-05 22:12:42.928 +00:00 [INF] Token validated successfully for user: lengyelnorbi
2026-06-05 22:12:42.928 +00:00 [INF] Device fingerprint headers - UA: Mozilla/5.0 (Windows NT 10.0; Win64; x64; rv:151.0) Gecko/20100101 Firefox/151.0, Accept: application/json, text/plain, */*, Encoding: gzip, deflate
2026-06-05 22:12:42.928 +00:00 [INF] Device fingerprint validation: Stored=/a2uf4z8rcBIhIr7KGbd6aahMr80Bhj+9uyLiYNZ66A=, Current=/a2uf4z8rcBIhIr7KGbd6aahMr80Bhj+9uyLiYNZ66A=
2026-06-05 22:12:42.929 +00:00 [INF] Request starting HTTP/1.1 GET http://192.168.1.6:8080/api/token/access-token - null null
2026-06-05 22:12:42.930 +00:00 [INF] CORS policy execution successful.
2026-06-05 22:12:42.930 +00:00 [INF] ====== OnMessageReceived START ======
2026-06-05 22:12:42.930 +00:00 [INF] Available cookies: 2
2026-06-05 22:12:42.930 +00:00 [INF] Cookie: adminRefreshToken = 44 chars
2026-06-05 22:12:42.930 +00:00 [INF] Cookie: adminToken = 844 chars
2026-06-05 22:12:42.931 +00:00 [INF] Admin token found in cookies, length: 844
2026-06-05 22:12:42.931 +00:00 [INF] Admin token set in context
2026-06-05 22:12:42.931 +00:00 [INF] Executed DbCommand (2ms) [Parameters=[@__jti_0='?', @__userId_1='?' (DbType = Int32)], CommandType='"Text"', CommandTimeout='30']
SELECT a."ID", a."CreatedAt", a."DeviceFingerprint", a."ExpiresAt", a."IpAddress", a."IsRevoked", a."UserID", a.jti
FROM "AccessTokens" AS a
WHERE a.jti = @__jti_0 AND a."UserID" = @__userId_1 AND NOT (a."IsRevoked") AND a."ExpiresAt" > now()
LIMIT 1
2026-06-05 22:12:42.931 +00:00 [INF] ====== OnMessageReceived END - Token set: true ======
2026-06-05 22:12:42.931 +00:00 [INF] Executing endpoint 'API.Controllers.TokenController.GetAccessTokens (API)'
2026-06-05 22:12:42.932 +00:00 [INF] Token validated successfully for user: lengyelnorbi
2026-06-05 22:12:42.932 +00:00 [INF] Route matched with {action = "GetAccessTokens", controller = "Token"}. Executing controller action with signature System.Threading.Tasks.Task`1[System.Collections.Generic.IEnumerable`1[API.Models.AccessToken]] GetAccessTokens() on controller API.Controllers.TokenController (API).
2026-06-05 22:12:42.932 +00:00 [INF] Device fingerprint headers - UA: Mozilla/5.0 (Windows NT 10.0; Win64; x64; rv:151.0) Gecko/20100101 Firefox/151.0, Accept: application/json, text/plain, */*, Encoding: gzip, deflate
2026-06-05 22:12:42.932 +00:00 [INF] Device fingerprint validation: Stored=/a2uf4z8rcBIhIr7KGbd6aahMr80Bhj+9uyLiYNZ66A=, Current=/a2uf4z8rcBIhIr7KGbd6aahMr80Bhj+9uyLiYNZ66A=
2026-06-05 22:12:42.933 +00:00 [INF] Executed DbCommand (1ms) [Parameters=[], CommandType='"Text"', CommandTimeout='30']
SELECT a."ID", a."CreatedAt", a."DeviceFingerprint", a."ExpiresAt", a."IpAddress", a."IsRevoked", a."UserID", a.jti
FROM "AccessTokens" AS a
WHERE NOT (a."IsRevoked")
2026-06-05 22:12:42.934 +00:00 [INF] Executed DbCommand (1ms) [Parameters=[@__jti_0='?', @__userId_1='?' (DbType = Int32)], CommandType='"Text"', CommandTimeout='30']
SELECT a."ID", a."CreatedAt", a."DeviceFingerprint", a."ExpiresAt", a."IpAddress", a."IsRevoked", a."UserID", a.jti
FROM "AccessTokens" AS a
WHERE a.jti = @__jti_0 AND a."UserID" = @__userId_1 AND NOT (a."IsRevoked") AND a."ExpiresAt" > now()
LIMIT 1
2026-06-05 22:12:42.934 +00:00 [INF] Executing ObjectResult, writing value of type 'System.Collections.Generic.List`1[[API.Models.AccessToken, API, Version=1.0.0.0, Culture=neutral, PublicKeyToken=null]]'.
2026-06-05 22:12:42.934 +00:00 [INF] Executing endpoint 'API.Controllers.TokenController.GetAccessTokens (API)'
2026-06-05 22:12:42.935 +00:00 [INF] Executed action API.Controllers.TokenController.GetAccessTokens (API) in 2.614ms
2026-06-05 22:12:42.935 +00:00 [INF] Route matched with {action = "GetAccessTokens", controller = "Token"}. Executing controller action with signature System.Threading.Tasks.Task`1[System.Collections.Generic.IEnumerable`1[API.Models.AccessToken]] GetAccessTokens() on controller API.Controllers.TokenController (API).
2026-06-05 22:12:42.935 +00:00 [INF] Executed endpoint 'API.Controllers.TokenController.GetAccessTokens (API)'
2026-06-05 22:12:42.935 +00:00 [INF] Request finished HTTP/1.1 GET http://192.168.1.6:8080/api/token/access-token?page=1&limit=10 - 200 null application/json; charset=utf-8 8.8595ms
2026-06-05 22:12:42.936 +00:00 [INF] Executed DbCommand (1ms) [Parameters=[], CommandType='"Text"', CommandTimeout='30']
SELECT a."ID", a."CreatedAt", a."DeviceFingerprint", a."ExpiresAt", a."IpAddress", a."IsRevoked", a."UserID", a.jti
FROM "AccessTokens" AS a
WHERE NOT (a."IsRevoked")
2026-06-05 22:12:42.937 +00:00 [INF] Executing ObjectResult, writing value of type 'System.Collections.Generic.List`1[[API.Models.AccessToken, API, Version=1.0.0.0, Culture=neutral, PublicKeyToken=null]]'.
2026-06-05 22:12:42.937 +00:00 [INF] Executed action API.Controllers.TokenController.GetAccessTokens (API) in 2.2454ms
2026-06-05 22:12:42.937 +00:00 [INF] Executed endpoint 'API.Controllers.TokenController.GetAccessTokens (API)'
2026-06-05 22:12:42.938 +00:00 [INF] Request finished HTTP/1.1 GET http://192.168.1.6:8080/api/token/access-token - 200 null application/json; charset=utf-8 8.2232ms
2026-06-05 22:14:03.048 +00:00 [INF] Request starting HTTP/1.1 OPTIONS http://192.168.1.6:8080/api/auth/refresh - null null
2026-06-05 22:14:03.048 +00:00 [INF] CORS policy execution successful.
2026-06-05 22:14:03.048 +00:00 [INF] Request finished HTTP/1.1 OPTIONS http://192.168.1.6:8080/api/auth/refresh - 204 null null 0.5278ms
2026-06-05 22:14:03.050 +00:00 [INF] Request starting HTTP/1.1 POST http://192.168.1.6:8080/api/auth/refresh - application/json 18
2026-06-05 22:14:03.050 +00:00 [INF] CORS policy execution successful.
2026-06-05 22:14:03.051 +00:00 [INF] ====== OnMessageReceived START ======
2026-06-05 22:14:03.051 +00:00 [INF] Available cookies: 2
2026-06-05 22:14:03.051 +00:00 [INF] Cookie: adminRefreshToken = 44 chars
2026-06-05 22:14:03.051 +00:00 [INF] Cookie: adminToken = 844 chars
2026-06-05 22:14:03.051 +00:00 [INF] Admin token found in cookies, length: 844
2026-06-05 22:14:03.051 +00:00 [INF] Admin token set in context
2026-06-05 22:14:03.052 +00:00 [INF] ====== OnMessageReceived END - Token set: true ======
2026-06-05 22:14:03.052 +00:00 [INF] Token validated successfully for user: lengyelnorbi
2026-06-05 22:14:03.052 +00:00 [INF] Device fingerprint headers - UA: Mozilla/5.0 (Windows NT 10.0; Win64; x64; rv:151.0) Gecko/20100101 Firefox/151.0, Accept: */*, Encoding: gzip, deflate
2026-06-05 22:14:03.052 +00:00 [INF] Device fingerprint validation: Stored=/a2uf4z8rcBIhIr7KGbd6aahMr80Bhj+9uyLiYNZ66A=, Current=/a2uf4z8rcBIhIr7KGbd6aahMr80Bhj+9uyLiYNZ66A=
2026-06-05 22:14:03.054 +00:00 [INF] Executed DbCommand (1ms) [Parameters=[@__jti_0='?', @__userId_1='?' (DbType = Int32)], CommandType='"Text"', CommandTimeout='30']
SELECT a."ID", a."CreatedAt", a."DeviceFingerprint", a."ExpiresAt", a."IpAddress", a."IsRevoked", a."UserID", a.jti
FROM "AccessTokens" AS a
WHERE a.jti = @__jti_0 AND a."UserID" = @__userId_1 AND NOT (a."IsRevoked") AND a."ExpiresAt" > now()
LIMIT 1
2026-06-05 22:14:03.054 +00:00 [INF] Executing endpoint 'API.Controllers.AuthController.RefreshToken (API)'
2026-06-05 22:14:03.054 +00:00 [INF] Route matched with {action = "RefreshToken", controller = "Auth"}. Executing controller action with signature System.Threading.Tasks.Task`1[Microsoft.AspNetCore.Mvc.IActionResult] RefreshToken(API.Models.RequestModels.RefreshRequest) on controller API.Controllers.AuthController (API).
2026-06-05 22:14:03.055 +00:00 [INF] Token refresh attempt at "2026-06-05T22:14:03.0553769Z"
2026-06-05 22:14:03.055 +00:00 [INF] Refreshing admin token at "2026-06-05T22:14:03.0555337Z"
2026-06-05 22:14:03.057 +00:00 [INF] Executed DbCommand (1ms) [Parameters=[@__tokenHash_0='?'], CommandType='"Text"', CommandTimeout='30']
SELECT r."ID", r."CreatedAt", r."DeviceFingerprint", r."ExpiresAt", r."IpAddress", r."IsRevoked", r."TokenHash", r."UserID"
FROM "RefreshTokens" AS r
WHERE r."TokenHash" = @__tokenHash_0 AND NOT (r."IsRevoked") AND r."ExpiresAt" > now()
ORDER BY r."CreatedAt" DESC
LIMIT 1
2026-06-05 22:14:03.057 +00:00 [INF] Mozilla/5.0 (Windows NT 10.0; Win64; x64; rv:151.0) Gecko/20100101 Firefox/151.0
2026-06-05 22:14:03.057 +00:00 [INF] Fetching user by ID from database...
2026-06-05 22:14:03.059 +00:00 [INF] Executed DbCommand (1ms) [Parameters=[@__id_0='?' (DbType = Int32)], CommandType='"Text"', CommandTimeout='30']
SELECT u."ID", u."Email", u."PasswordHash", u."RegisteredAt", u."Role", u."Username"
FROM "Users" AS u
WHERE u."ID" = @__id_0
LIMIT 1
2026-06-05 22:14:03.061 +00:00 [INF] Executed DbCommand (2ms) [Parameters=[@p0='?' (DbType = DateTime), @p1='?', @p2='?' (DbType = DateTime), @p3='?', @p4='?' (DbType = Int32), @p5='?'], CommandType='"Text"', CommandTimeout='30']
INSERT INTO "AccessTokens" ("CreatedAt", "DeviceFingerprint", "ExpiresAt", "IpAddress", "UserID", jti)
VALUES (@p0, @p1, @p2, @p3, @p4, @p5)
RETURNING "ID", "IsRevoked";
2026-06-05 22:14:03.063 +00:00 [INF] Executed DbCommand (1ms) [Parameters=[@__jti_0='?', @__userID_1='?' (DbType = Int32), @__deviceFingerprint_2='?', @__ipAddress_3='?'], CommandType='"Text"', CommandTimeout='30']
SELECT a."ID", a."CreatedAt", a."DeviceFingerprint", a."ExpiresAt", a."IpAddress", a."IsRevoked", a."UserID", a.jti
FROM "AccessTokens" AS a
WHERE a.jti = @__jti_0 AND a."UserID" = @__userID_1 AND a."DeviceFingerprint" = @__deviceFingerprint_2 AND a."IpAddress" = @__ipAddress_3
LIMIT 1
2026-06-05 22:14:03.063 +00:00 [INF] Attempting to revoke access token with jti dcda3dda-d56a-42c2-bbee-be3e13771b0b for user 1 from device /a2uf4z8rcBIhIr7KGbd6aahMr80Bhj+9uyLiYNZ66A= and IP ::ffff:172.20.0.1
2026-06-05 22:14:03.064 +00:00 [INF] Access token found: API.Models.AccessToken
2026-06-05 22:14:03.066 +00:00 [INF] Executed DbCommand (2ms) [Parameters=[@p1='?' (DbType = Int32), @p0='?' (DbType = Boolean)], CommandType='"Text"', CommandTimeout='30']
UPDATE "AccessTokens" SET "IsRevoked" = @p0
WHERE "ID" = @p1;
2026-06-05 22:14:03.066 +00:00 [INF] Access token AccessToken for user 1 revoked: true
2026-06-05 22:14:03.068 +00:00 [INF] Executed DbCommand (2ms) [Parameters=[@p0='?' (DbType = DateTime), @p1='?', @p2='?' (DbType = DateTime), @p3='?', @p4='?', @p5='?' (DbType = Int32)], CommandType='"Text"', CommandTimeout='30']
INSERT INTO "RefreshTokens" ("CreatedAt", "DeviceFingerprint", "ExpiresAt", "IpAddress", "TokenHash", "UserID")
VALUES (@p0, @p1, @p2, @p3, @p4, @p5)
RETURNING "ID", "IsRevoked";
2026-06-05 22:14:03.070 +00:00 [INF] Executed DbCommand (1ms) [Parameters=[@__tokenHash_0='?', @__userId_1='?' (DbType = Int32), @__deviceFingerprint_2='?', @__ipAddress_3='?'], CommandType='"Text"', CommandTimeout='30']
SELECT r."ID", r."CreatedAt", r."DeviceFingerprint", r."ExpiresAt", r."IpAddress", r."IsRevoked", r."TokenHash", r."UserID"
FROM "RefreshTokens" AS r
WHERE r."TokenHash" = @__tokenHash_0 AND r."UserID" = @__userId_1 AND r."DeviceFingerprint" = @__deviceFingerprint_2 AND r."IpAddress" = @__ipAddress_3
LIMIT 1
2026-06-05 22:14:03.072 +00:00 [INF] Executed DbCommand (2ms) [Parameters=[@p1='?' (DbType = Int32), @p0='?' (DbType = Boolean)], CommandType='"Text"', CommandTimeout='30']
UPDATE "RefreshTokens" SET "IsRevoked" = @p0
WHERE "ID" = @p1;
2026-06-05 22:14:03.072 +00:00 [INF] Refresh token s4JCeoMPlUccgez2mEN1KWRTqhZdhZ/oOoosf5jCyaI= for user 1 revoked: true
2026-06-05 22:14:03.073 +00:00 [INF] Token refreshed successfully for user 1 at "2026-06-05T22:14:03.0731460Z"
2026-06-05 22:14:03.073 +00:00 [INF] Executing OkObjectResult, writing value of type '<>f__AnonymousType3`2[[System.Boolean, System.Private.CoreLib, Version=9.0.0.0, Culture=neutral, PublicKeyToken=7cec85d7bea7798e],[System.Int32, System.Private.CoreLib, Version=9.0.0.0, Culture=neutral, PublicKeyToken=7cec85d7bea7798e]]'.
2026-06-05 22:14:03.073 +00:00 [INF] Executed action API.Controllers.AuthController.RefreshToken (API) in 18.5174ms
2026-06-05 22:14:03.073 +00:00 [INF] Executed endpoint 'API.Controllers.AuthController.RefreshToken (API)'
2026-06-05 22:14:03.073 +00:00 [INF] Request finished HTTP/1.1 POST http://192.168.1.6:8080/api/auth/refresh - 200 null application/json; charset=utf-8 23.2058ms
2026-06-05 22:14:55.342 +00:00 [INF] Request starting HTTP/1.1 OPTIONS http://192.168.1.6:8080/api/auth/refresh - null null
2026-06-05 22:14:55.343 +00:00 [INF] CORS policy execution successful.
2026-06-05 22:14:55.343 +00:00 [INF] Request finished HTTP/1.1 OPTIONS http://192.168.1.6:8080/api/auth/refresh - 204 null null 0.4976ms
2026-06-05 22:14:55.345 +00:00 [INF] Request starting HTTP/1.1 POST http://192.168.1.6:8080/api/auth/refresh - application/json 18
2026-06-05 22:14:55.345 +00:00 [INF] CORS policy execution successful.
2026-06-05 22:14:55.345 +00:00 [INF] ====== OnMessageReceived START ======
2026-06-05 22:14:55.345 +00:00 [INF] Available cookies: 2
2026-06-05 22:14:55.345 +00:00 [INF] Cookie: adminToken = 844 chars
2026-06-05 22:14:55.346 +00:00 [INF] Cookie: adminRefreshToken = 44 chars
2026-06-05 22:14:55.346 +00:00 [INF] Admin token found in cookies, length: 844
2026-06-05 22:14:55.346 +00:00 [INF] Admin token set in context
2026-06-05 22:14:55.346 +00:00 [INF] ====== OnMessageReceived END - Token set: true ======
2026-06-05 22:14:55.346 +00:00 [INF] Token validated successfully for user: lengyelnorbi
2026-06-05 22:14:55.346 +00:00 [INF] Device fingerprint headers - UA: Mozilla/5.0 (Windows NT 10.0; Win64; x64) AppleWebKit/537.36 (KHTML, like Gecko) Chrome/148.0.0.0 Safari/537.36 Edg/148.0.0.0, Accept: */*, Encoding: gzip, deflate
2026-06-05 22:14:55.347 +00:00 [INF] Device fingerprint validation: Stored=Lv4x0Q92xIUzLHv026j+gnLrTLf1411UTcEm6zv5k74=, Current=Lv4x0Q92xIUzLHv026j+gnLrTLf1411UTcEm6zv5k74=
2026-06-05 22:14:55.358 +00:00 [INF] Executed DbCommand (2ms) [Parameters=[@__jti_0='?', @__userId_1='?' (DbType = Int32)], CommandType='"Text"', CommandTimeout='30']
SELECT a."ID", a."CreatedAt", a."DeviceFingerprint", a."ExpiresAt", a."IpAddress", a."IsRevoked", a."UserID", a.jti
FROM "AccessTokens" AS a
WHERE a.jti = @__jti_0 AND a."UserID" = @__userId_1 AND NOT (a."IsRevoked") AND a."ExpiresAt" > now()
LIMIT 1
2026-06-05 22:14:55.358 +00:00 [INF] Executing endpoint 'API.Controllers.AuthController.RefreshToken (API)'
2026-06-05 22:14:55.358 +00:00 [INF] Route matched with {action = "RefreshToken", controller = "Auth"}. Executing controller action with signature System.Threading.Tasks.Task`1[Microsoft.AspNetCore.Mvc.IActionResult] RefreshToken(API.Models.RequestModels.RefreshRequest) on controller API.Controllers.AuthController (API).
2026-06-05 22:14:55.359 +00:00 [INF] Token refresh attempt at "2026-06-05T22:14:55.3590904Z"
2026-06-05 22:14:55.359 +00:00 [INF] Refreshing admin token at "2026-06-05T22:14:55.3592845Z"
2026-06-05 22:14:55.361 +00:00 [INF] Executed DbCommand (1ms) [Parameters=[@__tokenHash_0='?'], CommandType='"Text"', CommandTimeout='30']
SELECT r."ID", r."CreatedAt", r."DeviceFingerprint", r."ExpiresAt", r."IpAddress", r."IsRevoked", r."TokenHash", r."UserID"
FROM "RefreshTokens" AS r
WHERE r."TokenHash" = @__tokenHash_0 AND NOT (r."IsRevoked") AND r."ExpiresAt" > now()
ORDER BY r."CreatedAt" DESC
LIMIT 1
2026-06-05 22:14:55.361 +00:00 [INF] Mozilla/5.0 (Windows NT 10.0; Win64; x64) AppleWebKit/537.36 (KHTML, like Gecko) Chrome/148.0.0.0 Safari/537.36 Edg/148.0.0.0
2026-06-05 22:14:55.361 +00:00 [INF] Fetching user by ID from database...
2026-06-05 22:14:55.362 +00:00 [INF] Executed DbCommand (1ms) [Parameters=[@__id_0='?' (DbType = Int32)], CommandType='"Text"', CommandTimeout='30']
SELECT u."ID", u."Email", u."PasswordHash", u."RegisteredAt", u."Role", u."Username"
FROM "Users" AS u
WHERE u."ID" = @__id_0
LIMIT 1
2026-06-05 22:14:55.365 +00:00 [INF] Executed DbCommand (2ms) [Parameters=[@p0='?' (DbType = DateTime), @p1='?', @p2='?' (DbType = DateTime), @p3='?', @p4='?' (DbType = Int32), @p5='?'], CommandType='"Text"', CommandTimeout='30']
INSERT INTO "AccessTokens" ("CreatedAt", "DeviceFingerprint", "ExpiresAt", "IpAddress", "UserID", jti)
VALUES (@p0, @p1, @p2, @p3, @p4, @p5)
RETURNING "ID", "IsRevoked";
2026-06-05 22:14:55.367 +00:00 [INF] Executed DbCommand (1ms) [Parameters=[@__jti_0='?', @__userID_1='?' (DbType = Int32), @__deviceFingerprint_2='?', @__ipAddress_3='?'], CommandType='"Text"', CommandTimeout='30']
SELECT a."ID", a."CreatedAt", a."DeviceFingerprint", a."ExpiresAt", a."IpAddress", a."IsRevoked", a."UserID", a.jti
FROM "AccessTokens" AS a
WHERE a.jti = @__jti_0 AND a."UserID" = @__userID_1 AND a."DeviceFingerprint" = @__deviceFingerprint_2 AND a."IpAddress" = @__ipAddress_3
LIMIT 1
2026-06-05 22:14:55.367 +00:00 [INF] Attempting to revoke access token with jti 56bb7a73-9034-4a67-94d8-2665f4ee8b6b for user 1 from device Lv4x0Q92xIUzLHv026j+gnLrTLf1411UTcEm6zv5k74= and IP ::ffff:172.20.0.1
2026-06-05 22:14:55.367 +00:00 [INF] Access token found: API.Models.AccessToken
2026-06-05 22:14:55.369 +00:00 [INF] Executed DbCommand (1ms) [Parameters=[@p1='?' (DbType = Int32), @p0='?' (DbType = Boolean)], CommandType='"Text"', CommandTimeout='30']
UPDATE "AccessTokens" SET "IsRevoked" = @p0
WHERE "ID" = @p1;
2026-06-05 22:14:55.369 +00:00 [INF] Access token AccessToken for user 1 revoked: true
2026-06-05 22:14:55.371 +00:00 [INF] Executed DbCommand (2ms) [Parameters=[@p0='?' (DbType = DateTime), @p1='?', @p2='?' (DbType = DateTime), @p3='?', @p4='?', @p5='?' (DbType = Int32)], CommandType='"Text"', CommandTimeout='30']
INSERT INTO "RefreshTokens" ("CreatedAt", "DeviceFingerprint", "ExpiresAt", "IpAddress", "TokenHash", "UserID")
VALUES (@p0, @p1, @p2, @p3, @p4, @p5)
RETURNING "ID", "IsRevoked";
2026-06-05 22:14:55.373 +00:00 [INF] Executed DbCommand (1ms) [Parameters=[@__tokenHash_0='?', @__userId_1='?' (DbType = Int32), @__deviceFingerprint_2='?', @__ipAddress_3='?'], CommandType='"Text"', CommandTimeout='30']
SELECT r."ID", r."CreatedAt", r."DeviceFingerprint", r."ExpiresAt", r."IpAddress", r."IsRevoked", r."TokenHash", r."UserID"
FROM "RefreshTokens" AS r
WHERE r."TokenHash" = @__tokenHash_0 AND r."UserID" = @__userId_1 AND r."DeviceFingerprint" = @__deviceFingerprint_2 AND r."IpAddress" = @__ipAddress_3
LIMIT 1
2026-06-05 22:14:55.374 +00:00 [INF] Executed DbCommand (1ms) [Parameters=[@p1='?' (DbType = Int32), @p0='?' (DbType = Boolean)], CommandType='"Text"', CommandTimeout='30']
UPDATE "RefreshTokens" SET "IsRevoked" = @p0
WHERE "ID" = @p1;
2026-06-05 22:14:55.375 +00:00 [INF] Refresh token ky7cuLnmlV5yS3c9FrtStj+es28Zhsd8WCHmIkLmDsM= for user 1 revoked: true
2026-06-05 22:14:55.375 +00:00 [INF] Token refreshed successfully for user 1 at "2026-06-05T22:14:55.3752330Z"
2026-06-05 22:14:55.375 +00:00 [INF] Executing OkObjectResult, writing value of type '<>f__AnonymousType3`2[[System.Boolean, System.Private.CoreLib, Version=9.0.0.0, Culture=neutral, PublicKeyToken=7cec85d7bea7798e],[System.Int32, System.Private.CoreLib, Version=9.0.0.0, Culture=neutral, PublicKeyToken=7cec85d7bea7798e]]'.
2026-06-05 22:14:55.375 +00:00 [INF] Executed action API.Controllers.AuthController.RefreshToken (API) in 16.8384ms
2026-06-05 22:14:55.375 +00:00 [INF] Executed endpoint 'API.Controllers.AuthController.RefreshToken (API)'
2026-06-05 22:14:55.375 +00:00 [INF] Request finished HTTP/1.1 POST http://192.168.1.6:8080/api/auth/refresh - 200 null application/json; charset=utf-8 30.8572ms
2026-06-05 22:18:33.316 +00:00 [INF] Request starting HTTP/1.1 OPTIONS http://192.168.1.6:8080/api/auth/refresh - null null
2026-06-05 22:18:33.316 +00:00 [INF] CORS policy execution successful.
2026-06-05 22:18:33.317 +00:00 [INF] Request finished HTTP/1.1 OPTIONS http://192.168.1.6:8080/api/auth/refresh - 204 null null 1.3496ms
2026-06-05 22:18:33.319 +00:00 [INF] Request starting HTTP/1.1 POST http://192.168.1.6:8080/api/auth/refresh - application/json 18
2026-06-05 22:18:33.320 +00:00 [INF] CORS policy execution successful.
2026-06-05 22:18:33.320 +00:00 [INF] ====== OnMessageReceived START ======
2026-06-05 22:18:33.320 +00:00 [INF] Available cookies: 2
2026-06-05 22:18:33.320 +00:00 [INF] Cookie: adminRefreshToken = 44 chars
2026-06-05 22:18:33.320 +00:00 [INF] Cookie: adminToken = 844 chars
2026-06-05 22:18:33.320 +00:00 [INF] Admin token found in cookies, length: 844
2026-06-05 22:18:33.321 +00:00 [INF] Admin token set in context
2026-06-05 22:18:33.321 +00:00 [INF] ====== OnMessageReceived END - Token set: true ======
2026-06-05 22:18:33.321 +00:00 [INF] Token validated successfully for user: lengyelnorbi
2026-06-05 22:18:33.321 +00:00 [INF] Device fingerprint headers - UA: Mozilla/5.0 (Windows NT 10.0; Win64; x64; rv:151.0) Gecko/20100101 Firefox/151.0, Accept: */*, Encoding: gzip, deflate
2026-06-05 22:18:33.321 +00:00 [INF] Device fingerprint validation: Stored=/a2uf4z8rcBIhIr7KGbd6aahMr80Bhj+9uyLiYNZ66A=, Current=/a2uf4z8rcBIhIr7KGbd6aahMr80Bhj+9uyLiYNZ66A=
2026-06-05 22:18:33.324 +00:00 [INF] Executed DbCommand (1ms) [Parameters=[@__jti_0='?', @__userId_1='?' (DbType = Int32)], CommandType='"Text"', CommandTimeout='30']
SELECT a."ID", a."CreatedAt", a."DeviceFingerprint", a."ExpiresAt", a."IpAddress", a."IsRevoked", a."UserID", a.jti
FROM "AccessTokens" AS a
WHERE a.jti = @__jti_0 AND a."UserID" = @__userId_1 AND NOT (a."IsRevoked") AND a."ExpiresAt" > now()
LIMIT 1
2026-06-05 22:18:33.324 +00:00 [INF] Executing endpoint 'API.Controllers.AuthController.RefreshToken (API)'
2026-06-05 22:18:33.324 +00:00 [INF] Route matched with {action = "RefreshToken", controller = "Auth"}. Executing controller action with signature System.Threading.Tasks.Task`1[Microsoft.AspNetCore.Mvc.IActionResult] RefreshToken(API.Models.RequestModels.RefreshRequest) on controller API.Controllers.AuthController (API).
2026-06-05 22:18:33.325 +00:00 [INF] Token refresh attempt at "2026-06-05T22:18:33.3250442Z"
2026-06-05 22:18:33.325 +00:00 [INF] Refreshing admin token at "2026-06-05T22:18:33.3252821Z"
2026-06-05 22:18:33.326 +00:00 [INF] Executed DbCommand (1ms) [Parameters=[@__tokenHash_0='?'], CommandType='"Text"', CommandTimeout='30']
SELECT r."ID", r."CreatedAt", r."DeviceFingerprint", r."ExpiresAt", r."IpAddress", r."IsRevoked", r."TokenHash", r."UserID"
FROM "RefreshTokens" AS r
WHERE r."TokenHash" = @__tokenHash_0 AND NOT (r."IsRevoked") AND r."ExpiresAt" > now()
ORDER BY r."CreatedAt" DESC
LIMIT 1
2026-06-05 22:18:33.326 +00:00 [INF] Mozilla/5.0 (Windows NT 10.0; Win64; x64; rv:151.0) Gecko/20100101 Firefox/151.0
2026-06-05 22:18:33.327 +00:00 [INF] Fetching user by ID from database...
2026-06-05 22:18:33.328 +00:00 [INF] Executed DbCommand (1ms) [Parameters=[@__id_0='?' (DbType = Int32)], CommandType='"Text"', CommandTimeout='30']
SELECT u."ID", u."Email", u."PasswordHash", u."RegisteredAt", u."Role", u."Username"
FROM "Users" AS u
WHERE u."ID" = @__id_0
LIMIT 1
2026-06-05 22:18:33.330 +00:00 [INF] Executed DbCommand (2ms) [Parameters=[@p0='?' (DbType = DateTime), @p1='?', @p2='?' (DbType = DateTime), @p3='?', @p4='?' (DbType = Int32), @p5='?'], CommandType='"Text"', CommandTimeout='30']
INSERT INTO "AccessTokens" ("CreatedAt", "DeviceFingerprint", "ExpiresAt", "IpAddress", "UserID", jti)
VALUES (@p0, @p1, @p2, @p3, @p4, @p5)
RETURNING "ID", "IsRevoked";
2026-06-05 22:18:33.332 +00:00 [INF] Executed DbCommand (1ms) [Parameters=[@__jti_0='?', @__userID_1='?' (DbType = Int32), @__deviceFingerprint_2='?', @__ipAddress_3='?'], CommandType='"Text"', CommandTimeout='30']
SELECT a."ID", a."CreatedAt", a."DeviceFingerprint", a."ExpiresAt", a."IpAddress", a."IsRevoked", a."UserID", a.jti
FROM "AccessTokens" AS a
WHERE a.jti = @__jti_0 AND a."UserID" = @__userID_1 AND a."DeviceFingerprint" = @__deviceFingerprint_2 AND a."IpAddress" = @__ipAddress_3
LIMIT 1
2026-06-05 22:18:33.332 +00:00 [INF] Attempting to revoke access token with jti 60369047-12e7-4f81-bbe5-6b561efe53f9 for user 1 from device /a2uf4z8rcBIhIr7KGbd6aahMr80Bhj+9uyLiYNZ66A= and IP ::ffff:172.20.0.1
2026-06-05 22:18:33.332 +00:00 [INF] Access token found: API.Models.AccessToken
2026-06-05 22:18:33.334 +00:00 [INF] Executed DbCommand (1ms) [Parameters=[@p1='?' (DbType = Int32), @p0='?' (DbType = Boolean)], CommandType='"Text"', CommandTimeout='30']
UPDATE "AccessTokens" SET "IsRevoked" = @p0
WHERE "ID" = @p1;
2026-06-05 22:18:33.334 +00:00 [INF] Access token AccessToken for user 1 revoked: true
2026-06-05 22:18:33.336 +00:00 [INF] Executed DbCommand (2ms) [Parameters=[@p0='?' (DbType = DateTime), @p1='?', @p2='?' (DbType = DateTime), @p3='?', @p4='?', @p5='?' (DbType = Int32)], CommandType='"Text"', CommandTimeout='30']
INSERT INTO "RefreshTokens" ("CreatedAt", "DeviceFingerprint", "ExpiresAt", "IpAddress", "TokenHash", "UserID")
VALUES (@p0, @p1, @p2, @p3, @p4, @p5)
RETURNING "ID", "IsRevoked";
2026-06-05 22:18:33.337 +00:00 [INF] Executed DbCommand (1ms) [Parameters=[@__tokenHash_0='?', @__userId_1='?' (DbType = Int32), @__deviceFingerprint_2='?', @__ipAddress_3='?'], CommandType='"Text"', CommandTimeout='30']
SELECT r."ID", r."CreatedAt", r."DeviceFingerprint", r."ExpiresAt", r."IpAddress", r."IsRevoked", r."TokenHash", r."UserID"
FROM "RefreshTokens" AS r
WHERE r."TokenHash" = @__tokenHash_0 AND r."UserID" = @__userId_1 AND r."DeviceFingerprint" = @__deviceFingerprint_2 AND r."IpAddress" = @__ipAddress_3
LIMIT 1
2026-06-05 22:18:33.339 +00:00 [INF] Executed DbCommand (1ms) [Parameters=[@p1='?' (DbType = Int32), @p0='?' (DbType = Boolean)], CommandType='"Text"', CommandTimeout='30']
UPDATE "RefreshTokens" SET "IsRevoked" = @p0
WHERE "ID" = @p1;
2026-06-05 22:18:33.339 +00:00 [INF] Refresh token j0tzwqvYqQuHil8D7e77i75oKkEdxd0LHRQukZh9IXY= for user 1 revoked: true
2026-06-05 22:18:33.339 +00:00 [INF] Token refreshed successfully for user 1 at "2026-06-05T22:18:33.3398203Z"
2026-06-05 22:18:33.339 +00:00 [INF] Executing OkObjectResult, writing value of type '<>f__AnonymousType3`2[[System.Boolean, System.Private.CoreLib, Version=9.0.0.0, Culture=neutral, PublicKeyToken=7cec85d7bea7798e],[System.Int32, System.Private.CoreLib, Version=9.0.0.0, Culture=neutral, PublicKeyToken=7cec85d7bea7798e]]'.
2026-06-05 22:18:33.340 +00:00 [INF] Executed action API.Controllers.AuthController.RefreshToken (API) in 15.4685ms
2026-06-05 22:18:33.340 +00:00 [INF] Executed endpoint 'API.Controllers.AuthController.RefreshToken (API)'
2026-06-05 22:18:33.340 +00:00 [INF] Request finished HTTP/1.1 POST http://192.168.1.6:8080/api/auth/refresh - 200 null application/json; charset=utf-8 20.6221ms
2026-06-05 22:19:26.329 +00:00 [INF] Request starting HTTP/1.1 OPTIONS http://192.168.1.6:8080/api/auth/refresh - null null
2026-06-05 22:19:26.329 +00:00 [INF] CORS policy execution successful.
2026-06-05 22:19:26.330 +00:00 [INF] Request finished HTTP/1.1 OPTIONS http://192.168.1.6:8080/api/auth/refresh - 204 null null 0.4271ms
2026-06-05 22:19:26.331 +00:00 [INF] Request starting HTTP/1.1 POST http://192.168.1.6:8080/api/auth/refresh - application/json 18
2026-06-05 22:19:26.332 +00:00 [INF] CORS policy execution successful.
2026-06-05 22:19:26.332 +00:00 [INF] ====== OnMessageReceived START ======
2026-06-05 22:19:26.332 +00:00 [INF] Available cookies: 2
2026-06-05 22:19:26.332 +00:00 [INF] Cookie: adminToken = 844 chars
2026-06-05 22:19:26.332 +00:00 [INF] Cookie: adminRefreshToken = 44 chars
2026-06-05 22:19:26.332 +00:00 [INF] Admin token found in cookies, length: 844
2026-06-05 22:19:26.332 +00:00 [INF] Admin token set in context
2026-06-05 22:19:26.333 +00:00 [INF] ====== OnMessageReceived END - Token set: true ======
2026-06-05 22:19:26.333 +00:00 [INF] Token validated successfully for user: lengyelnorbi
2026-06-05 22:19:26.333 +00:00 [INF] Device fingerprint headers - UA: Mozilla/5.0 (Windows NT 10.0; Win64; x64) AppleWebKit/537.36 (KHTML, like Gecko) Chrome/148.0.0.0 Safari/537.36 Edg/148.0.0.0, Accept: */*, Encoding: gzip, deflate
2026-06-05 22:19:26.333 +00:00 [INF] Device fingerprint validation: Stored=Lv4x0Q92xIUzLHv026j+gnLrTLf1411UTcEm6zv5k74=, Current=Lv4x0Q92xIUzLHv026j+gnLrTLf1411UTcEm6zv5k74=
2026-06-05 22:19:26.335 +00:00 [INF] Executed DbCommand (1ms) [Parameters=[@__jti_0='?', @__userId_1='?' (DbType = Int32)], CommandType='"Text"', CommandTimeout='30']
SELECT a."ID", a."CreatedAt", a."DeviceFingerprint", a."ExpiresAt", a."IpAddress", a."IsRevoked", a."UserID", a.jti
FROM "AccessTokens" AS a
WHERE a.jti = @__jti_0 AND a."UserID" = @__userId_1 AND NOT (a."IsRevoked") AND a."ExpiresAt" > now()
LIMIT 1
2026-06-05 22:19:26.335 +00:00 [INF] Executing endpoint 'API.Controllers.AuthController.RefreshToken (API)'
2026-06-05 22:19:26.335 +00:00 [INF] Route matched with {action = "RefreshToken", controller = "Auth"}. Executing controller action with signature System.Threading.Tasks.Task`1[Microsoft.AspNetCore.Mvc.IActionResult] RefreshToken(API.Models.RequestModels.RefreshRequest) on controller API.Controllers.AuthController (API).
2026-06-05 22:19:26.336 +00:00 [INF] Token refresh attempt at "2026-06-05T22:19:26.3365313Z"
2026-06-05 22:19:26.336 +00:00 [INF] Refreshing admin token at "2026-06-05T22:19:26.3366890Z"
2026-06-05 22:19:26.338 +00:00 [INF] Executed DbCommand (1ms) [Parameters=[@__tokenHash_0='?'], CommandType='"Text"', CommandTimeout='30']
SELECT r."ID", r."CreatedAt", r."DeviceFingerprint", r."ExpiresAt", r."IpAddress", r."IsRevoked", r."TokenHash", r."UserID"
FROM "RefreshTokens" AS r
WHERE r."TokenHash" = @__tokenHash_0 AND NOT (r."IsRevoked") AND r."ExpiresAt" > now()
ORDER BY r."CreatedAt" DESC
LIMIT 1
2026-06-05 22:19:26.338 +00:00 [INF] Mozilla/5.0 (Windows NT 10.0; Win64; x64) AppleWebKit/537.36 (KHTML, like Gecko) Chrome/148.0.0.0 Safari/537.36 Edg/148.0.0.0
2026-06-05 22:19:26.338 +00:00 [INF] Fetching user by ID from database...
2026-06-05 22:19:26.339 +00:00 [INF] Executed DbCommand (1ms) [Parameters=[@__id_0='?' (DbType = Int32)], CommandType='"Text"', CommandTimeout='30']
SELECT u."ID", u."Email", u."PasswordHash", u."RegisteredAt", u."Role", u."Username"
FROM "Users" AS u
WHERE u."ID" = @__id_0
LIMIT 1
2026-06-05 22:19:26.342 +00:00 [INF] Executed DbCommand (2ms) [Parameters=[@p0='?' (DbType = DateTime), @p1='?', @p2='?' (DbType = DateTime), @p3='?', @p4='?' (DbType = Int32), @p5='?'], CommandType='"Text"', CommandTimeout='30']
INSERT INTO "AccessTokens" ("CreatedAt", "DeviceFingerprint", "ExpiresAt", "IpAddress", "UserID", jti)
VALUES (@p0, @p1, @p2, @p3, @p4, @p5)
RETURNING "ID", "IsRevoked";
2026-06-05 22:19:26.343 +00:00 [INF] Executed DbCommand (1ms) [Parameters=[@__jti_0='?', @__userID_1='?' (DbType = Int32), @__deviceFingerprint_2='?', @__ipAddress_3='?'], CommandType='"Text"', CommandTimeout='30']
SELECT a."ID", a."CreatedAt", a."DeviceFingerprint", a."ExpiresAt", a."IpAddress", a."IsRevoked", a."UserID", a.jti
FROM "AccessTokens" AS a
WHERE a.jti = @__jti_0 AND a."UserID" = @__userID_1 AND a."DeviceFingerprint" = @__deviceFingerprint_2 AND a."IpAddress" = @__ipAddress_3
LIMIT 1
2026-06-05 22:19:26.343 +00:00 [INF] Attempting to revoke access token with jti abe2d29c-a6d5-40d1-9bc3-874e9f77bb99 for user 1 from device Lv4x0Q92xIUzLHv026j+gnLrTLf1411UTcEm6zv5k74= and IP ::ffff:172.20.0.1
2026-06-05 22:19:26.343 +00:00 [INF] Access token found: API.Models.AccessToken
2026-06-05 22:19:26.345 +00:00 [INF] Executed DbCommand (1ms) [Parameters=[@p1='?' (DbType = Int32), @p0='?' (DbType = Boolean)], CommandType='"Text"', CommandTimeout='30']
UPDATE "AccessTokens" SET "IsRevoked" = @p0
WHERE "ID" = @p1;
2026-06-05 22:19:26.345 +00:00 [INF] Access token AccessToken for user 1 revoked: true
2026-06-05 22:19:26.347 +00:00 [INF] Executed DbCommand (2ms) [Parameters=[@p0='?' (DbType = DateTime), @p1='?', @p2='?' (DbType = DateTime), @p3='?', @p4='?', @p5='?' (DbType = Int32)], CommandType='"Text"', CommandTimeout='30']
INSERT INTO "RefreshTokens" ("CreatedAt", "DeviceFingerprint", "ExpiresAt", "IpAddress", "TokenHash", "UserID")
VALUES (@p0, @p1, @p2, @p3, @p4, @p5)
RETURNING "ID", "IsRevoked";
2026-06-05 22:19:26.348 +00:00 [INF] Executed DbCommand (1ms) [Parameters=[@__tokenHash_0='?', @__userId_1='?' (DbType = Int32), @__deviceFingerprint_2='?', @__ipAddress_3='?'], CommandType='"Text"', CommandTimeout='30']
SELECT r."ID", r."CreatedAt", r."DeviceFingerprint", r."ExpiresAt", r."IpAddress", r."IsRevoked", r."TokenHash", r."UserID"
FROM "RefreshTokens" AS r
WHERE r."TokenHash" = @__tokenHash_0 AND r."UserID" = @__userId_1 AND r."DeviceFingerprint" = @__deviceFingerprint_2 AND r."IpAddress" = @__ipAddress_3
LIMIT 1
2026-06-05 22:19:26.350 +00:00 [INF] Executed DbCommand (2ms) [Parameters=[@p1='?' (DbType = Int32), @p0='?' (DbType = Boolean)], CommandType='"Text"', CommandTimeout='30']
UPDATE "RefreshTokens" SET "IsRevoked" = @p0
WHERE "ID" = @p1;
2026-06-05 22:19:26.351 +00:00 [INF] Refresh token wREoKSgv/+VWwbuF2Kis6t8VO0M8cPIZ2mcUwRIW7+M= for user 1 revoked: true
2026-06-05 22:19:26.351 +00:00 [INF] Token refreshed successfully for user 1 at "2026-06-05T22:19:26.3512474Z"
2026-06-05 22:19:26.351 +00:00 [INF] Executing OkObjectResult, writing value of type '<>f__AnonymousType3`2[[System.Boolean, System.Private.CoreLib, Version=9.0.0.0, Culture=neutral, PublicKeyToken=7cec85d7bea7798e],[System.Int32, System.Private.CoreLib, Version=9.0.0.0, Culture=neutral, PublicKeyToken=7cec85d7bea7798e]]'.
2026-06-05 22:19:26.351 +00:00 [INF] Executed action API.Controllers.AuthController.RefreshToken (API) in 15.5798ms
2026-06-05 22:19:26.351 +00:00 [INF] Executed endpoint 'API.Controllers.AuthController.RefreshToken (API)'
2026-06-05 22:19:26.351 +00:00 [INF] Request finished HTTP/1.1 POST http://192.168.1.6:8080/api/auth/refresh - 200 null application/json; charset=utf-8 20.1203ms
2026-06-05 22:23:03.553 +00:00 [INF] Request starting HTTP/1.1 OPTIONS http://192.168.1.6:8080/api/auth/refresh - null null
2026-06-05 22:23:03.554 +00:00 [INF] CORS policy execution successful.
2026-06-05 22:23:03.554 +00:00 [INF] Request finished HTTP/1.1 OPTIONS http://192.168.1.6:8080/api/auth/refresh - 204 null null 0.474ms
2026-06-05 22:23:03.556 +00:00 [INF] Request starting HTTP/1.1 POST http://192.168.1.6:8080/api/auth/refresh - application/json 18
2026-06-05 22:23:03.556 +00:00 [INF] CORS policy execution successful.
2026-06-05 22:23:03.557 +00:00 [INF] ====== OnMessageReceived START ======
2026-06-05 22:23:03.557 +00:00 [INF] Available cookies: 2
2026-06-05 22:23:03.557 +00:00 [INF] Cookie: adminRefreshToken = 44 chars
2026-06-05 22:23:03.557 +00:00 [INF] Cookie: adminToken = 844 chars
2026-06-05 22:23:03.557 +00:00 [INF] Admin token found in cookies, length: 844
2026-06-05 22:23:03.557 +00:00 [INF] Admin token set in context
2026-06-05 22:23:03.557 +00:00 [INF] ====== OnMessageReceived END - Token set: true ======
2026-06-05 22:23:03.558 +00:00 [INF] Token validated successfully for user: lengyelnorbi
2026-06-05 22:23:03.558 +00:00 [INF] Device fingerprint headers - UA: Mozilla/5.0 (Windows NT 10.0; Win64; x64; rv:151.0) Gecko/20100101 Firefox/151.0, Accept: */*, Encoding: gzip, deflate
2026-06-05 22:23:03.558 +00:00 [INF] Device fingerprint validation: Stored=/a2uf4z8rcBIhIr7KGbd6aahMr80Bhj+9uyLiYNZ66A=, Current=/a2uf4z8rcBIhIr7KGbd6aahMr80Bhj+9uyLiYNZ66A=
2026-06-05 22:23:03.578 +00:00 [INF] Executed DbCommand (9ms) [Parameters=[@__jti_0='?', @__userId_1='?' (DbType = Int32)], CommandType='"Text"', CommandTimeout='30']
SELECT a."ID", a."CreatedAt", a."DeviceFingerprint", a."ExpiresAt", a."IpAddress", a."IsRevoked", a."UserID", a.jti
FROM "AccessTokens" AS a
WHERE a.jti = @__jti_0 AND a."UserID" = @__userId_1 AND NOT (a."IsRevoked") AND a."ExpiresAt" > now()
LIMIT 1
2026-06-05 22:23:03.579 +00:00 [INF] Executing endpoint 'API.Controllers.AuthController.RefreshToken (API)'
2026-06-05 22:23:03.579 +00:00 [INF] Route matched with {action = "RefreshToken", controller = "Auth"}. Executing controller action with signature System.Threading.Tasks.Task`1[Microsoft.AspNetCore.Mvc.IActionResult] RefreshToken(API.Models.RequestModels.RefreshRequest) on controller API.Controllers.AuthController (API).
2026-06-05 22:23:03.579 +00:00 [INF] Token refresh attempt at "2026-06-05T22:23:03.5798119Z"
2026-06-05 22:23:03.579 +00:00 [INF] Refreshing admin token at "2026-06-05T22:23:03.5799716Z"
2026-06-05 22:23:03.581 +00:00 [INF] Executed DbCommand (1ms) [Parameters=[@__tokenHash_0='?'], CommandType='"Text"', CommandTimeout='30']
SELECT r."ID", r."CreatedAt", r."DeviceFingerprint", r."ExpiresAt", r."IpAddress", r."IsRevoked", r."TokenHash", r."UserID"
FROM "RefreshTokens" AS r
WHERE r."TokenHash" = @__tokenHash_0 AND NOT (r."IsRevoked") AND r."ExpiresAt" > now()
ORDER BY r."CreatedAt" DESC
LIMIT 1
2026-06-05 22:23:03.582 +00:00 [INF] Mozilla/5.0 (Windows NT 10.0; Win64; x64; rv:151.0) Gecko/20100101 Firefox/151.0
2026-06-05 22:23:03.582 +00:00 [INF] Fetching user by ID from database...
2026-06-05 22:23:03.584 +00:00 [INF] Executed DbCommand (2ms) [Parameters=[@__id_0='?' (DbType = Int32)], CommandType='"Text"', CommandTimeout='30']
SELECT u."ID", u."Email", u."PasswordHash", u."RegisteredAt", u."Role", u."Username"
FROM "Users" AS u
WHERE u."ID" = @__id_0
LIMIT 1
2026-06-05 22:23:03.587 +00:00 [INF] Executed DbCommand (2ms) [Parameters=[@p0='?' (DbType = DateTime), @p1='?', @p2='?' (DbType = DateTime), @p3='?', @p4='?' (DbType = Int32), @p5='?'], CommandType='"Text"', CommandTimeout='30']
INSERT INTO "AccessTokens" ("CreatedAt", "DeviceFingerprint", "ExpiresAt", "IpAddress", "UserID", jti)
VALUES (@p0, @p1, @p2, @p3, @p4, @p5)
RETURNING "ID", "IsRevoked";
2026-06-05 22:23:03.588 +00:00 [INF] Executed DbCommand (1ms) [Parameters=[@__jti_0='?', @__userID_1='?' (DbType = Int32), @__deviceFingerprint_2='?', @__ipAddress_3='?'], CommandType='"Text"', CommandTimeout='30']
SELECT a."ID", a."CreatedAt", a."DeviceFingerprint", a."ExpiresAt", a."IpAddress", a."IsRevoked", a."UserID", a.jti
FROM "AccessTokens" AS a
WHERE a.jti = @__jti_0 AND a."UserID" = @__userID_1 AND a."DeviceFingerprint" = @__deviceFingerprint_2 AND a."IpAddress" = @__ipAddress_3
LIMIT 1
2026-06-05 22:23:03.589 +00:00 [INF] Attempting to revoke access token with jti 2326b3f2-766a-4525-848c-09f3c98f2b0c for user 1 from device /a2uf4z8rcBIhIr7KGbd6aahMr80Bhj+9uyLiYNZ66A= and IP ::ffff:172.20.0.1
2026-06-05 22:23:03.589 +00:00 [INF] Access token found: API.Models.AccessToken
2026-06-05 22:23:03.591 +00:00 [INF] Executed DbCommand (2ms) [Parameters=[@p1='?' (DbType = Int32), @p0='?' (DbType = Boolean)], CommandType='"Text"', CommandTimeout='30']
UPDATE "AccessTokens" SET "IsRevoked" = @p0
WHERE "ID" = @p1;
2026-06-05 22:23:03.591 +00:00 [INF] Access token AccessToken for user 1 revoked: true
2026-06-05 22:23:03.593 +00:00 [INF] Executed DbCommand (2ms) [Parameters=[@p0='?' (DbType = DateTime), @p1='?', @p2='?' (DbType = DateTime), @p3='?', @p4='?', @p5='?' (DbType = Int32)], CommandType='"Text"', CommandTimeout='30']
INSERT INTO "RefreshTokens" ("CreatedAt", "DeviceFingerprint", "ExpiresAt", "IpAddress", "TokenHash", "UserID")
VALUES (@p0, @p1, @p2, @p3, @p4, @p5)
RETURNING "ID", "IsRevoked";
2026-06-05 22:23:03.594 +00:00 [INF] Executed DbCommand (1ms) [Parameters=[@__tokenHash_0='?', @__userId_1='?' (DbType = Int32), @__deviceFingerprint_2='?', @__ipAddress_3='?'], CommandType='"Text"', CommandTimeout='30']
SELECT r."ID", r."CreatedAt", r."DeviceFingerprint", r."ExpiresAt", r."IpAddress", r."IsRevoked", r."TokenHash", r."UserID"
FROM "RefreshTokens" AS r
WHERE r."TokenHash" = @__tokenHash_0 AND r."UserID" = @__userId_1 AND r."DeviceFingerprint" = @__deviceFingerprint_2 AND r."IpAddress" = @__ipAddress_3
LIMIT 1
2026-06-05 22:23:03.596 +00:00 [INF] Executed DbCommand (1ms) [Parameters=[@p1='?' (DbType = Int32), @p0='?' (DbType = Boolean)], CommandType='"Text"', CommandTimeout='30']
UPDATE "RefreshTokens" SET "IsRevoked" = @p0
WHERE "ID" = @p1;
2026-06-05 22:23:03.596 +00:00 [INF] Refresh token f4BFq+DBoWNFt01wae0ZceHr+epKUNav/UilgoWbpYk= for user 1 revoked: true
2026-06-05 22:23:03.596 +00:00 [INF] Token refreshed successfully for user 1 at "2026-06-05T22:23:03.5967094Z"
2026-06-05 22:23:03.596 +00:00 [INF] Executing OkObjectResult, writing value of type '<>f__AnonymousType3`2[[System.Boolean, System.Private.CoreLib, Version=9.0.0.0, Culture=neutral, PublicKeyToken=7cec85d7bea7798e],[System.Int32, System.Private.CoreLib, Version=9.0.0.0, Culture=neutral, PublicKeyToken=7cec85d7bea7798e]]'.
2026-06-05 22:23:03.597 +00:00 [INF] Executed action API.Controllers.AuthController.RefreshToken (API) in 17.5808ms
2026-06-05 22:23:03.597 +00:00 [INF] Executed endpoint 'API.Controllers.AuthController.RefreshToken (API)'
2026-06-05 22:23:03.597 +00:00 [INF] Request finished HTTP/1.1 POST http://192.168.1.6:8080/api/auth/refresh - 200 null application/json; charset=utf-8 40.7579ms
2026-06-05 22:23:57.324 +00:00 [INF] Request starting HTTP/1.1 OPTIONS http://192.168.1.6:8080/api/auth/refresh - null null
2026-06-05 22:23:57.324 +00:00 [INF] CORS policy execution successful.
2026-06-05 22:23:57.324 +00:00 [INF] Request finished HTTP/1.1 OPTIONS http://192.168.1.6:8080/api/auth/refresh - 204 null null 0.7169ms
2026-06-05 22:23:57.326 +00:00 [INF] Request starting HTTP/1.1 POST http://192.168.1.6:8080/api/auth/refresh - application/json 18
2026-06-05 22:23:57.326 +00:00 [INF] CORS policy execution successful.
2026-06-05 22:23:57.326 +00:00 [INF] ====== OnMessageReceived START ======
2026-06-05 22:23:57.326 +00:00 [INF] Available cookies: 2
2026-06-05 22:23:57.326 +00:00 [INF] Cookie: adminToken = 844 chars
2026-06-05 22:23:57.327 +00:00 [INF] Cookie: adminRefreshToken = 44 chars
2026-06-05 22:23:57.327 +00:00 [INF] Admin token found in cookies, length: 844
2026-06-05 22:23:57.327 +00:00 [INF] Admin token set in context
2026-06-05 22:23:57.327 +00:00 [INF] ====== OnMessageReceived END - Token set: true ======
2026-06-05 22:23:57.327 +00:00 [INF] Token validated successfully for user: lengyelnorbi
2026-06-05 22:23:57.327 +00:00 [INF] Device fingerprint headers - UA: Mozilla/5.0 (Windows NT 10.0; Win64; x64) AppleWebKit/537.36 (KHTML, like Gecko) Chrome/148.0.0.0 Safari/537.36 Edg/148.0.0.0, Accept: */*, Encoding: gzip, deflate
2026-06-05 22:23:57.328 +00:00 [INF] Device fingerprint validation: Stored=Lv4x0Q92xIUzLHv026j+gnLrTLf1411UTcEm6zv5k74=, Current=Lv4x0Q92xIUzLHv026j+gnLrTLf1411UTcEm6zv5k74=
2026-06-05 22:23:57.329 +00:00 [INF] Executed DbCommand (1ms) [Parameters=[@__jti_0='?', @__userId_1='?' (DbType = Int32)], CommandType='"Text"', CommandTimeout='30']
SELECT a."ID", a."CreatedAt", a."DeviceFingerprint", a."ExpiresAt", a."IpAddress", a."IsRevoked", a."UserID", a.jti
FROM "AccessTokens" AS a
WHERE a.jti = @__jti_0 AND a."UserID" = @__userId_1 AND NOT (a."IsRevoked") AND a."ExpiresAt" > now()
LIMIT 1
2026-06-05 22:23:57.329 +00:00 [INF] Executing endpoint 'API.Controllers.AuthController.RefreshToken (API)'
2026-06-05 22:23:57.330 +00:00 [INF] Route matched with {action = "RefreshToken", controller = "Auth"}. Executing controller action with signature System.Threading.Tasks.Task`1[Microsoft.AspNetCore.Mvc.IActionResult] RefreshToken(API.Models.RequestModels.RefreshRequest) on controller API.Controllers.AuthController (API).
2026-06-05 22:23:57.330 +00:00 [INF] Token refresh attempt at "2026-06-05T22:23:57.3306127Z"
2026-06-05 22:23:57.330 +00:00 [INF] Refreshing admin token at "2026-06-05T22:23:57.3307599Z"
2026-06-05 22:23:57.332 +00:00 [INF] Executed DbCommand (1ms) [Parameters=[@__tokenHash_0='?'], CommandType='"Text"', CommandTimeout='30']
SELECT r."ID", r."CreatedAt", r."DeviceFingerprint", r."ExpiresAt", r."IpAddress", r."IsRevoked", r."TokenHash", r."UserID"
FROM "RefreshTokens" AS r
WHERE r."TokenHash" = @__tokenHash_0 AND NOT (r."IsRevoked") AND r."ExpiresAt" > now()
ORDER BY r."CreatedAt" DESC
LIMIT 1
2026-06-05 22:23:57.332 +00:00 [INF] Mozilla/5.0 (Windows NT 10.0; Win64; x64) AppleWebKit/537.36 (KHTML, like Gecko) Chrome/148.0.0.0 Safari/537.36 Edg/148.0.0.0
2026-06-05 22:23:57.332 +00:00 [INF] Fetching user by ID from database...
2026-06-05 22:23:57.333 +00:00 [INF] Executed DbCommand (1ms) [Parameters=[@__id_0='?' (DbType = Int32)], CommandType='"Text"', CommandTimeout='30']
SELECT u."ID", u."Email", u."PasswordHash", u."RegisteredAt", u."Role", u."Username"
FROM "Users" AS u
WHERE u."ID" = @__id_0
LIMIT 1
2026-06-05 22:23:57.335 +00:00 [INF] Executed DbCommand (2ms) [Parameters=[@p0='?' (DbType = DateTime), @p1='?', @p2='?' (DbType = DateTime), @p3='?', @p4='?' (DbType = Int32), @p5='?'], CommandType='"Text"', CommandTimeout='30']
INSERT INTO "AccessTokens" ("CreatedAt", "DeviceFingerprint", "ExpiresAt", "IpAddress", "UserID", jti)
VALUES (@p0, @p1, @p2, @p3, @p4, @p5)
RETURNING "ID", "IsRevoked";
2026-06-05 22:23:57.337 +00:00 [INF] Executed DbCommand (1ms) [Parameters=[@__jti_0='?', @__userID_1='?' (DbType = Int32), @__deviceFingerprint_2='?', @__ipAddress_3='?'], CommandType='"Text"', CommandTimeout='30']
SELECT a."ID", a."CreatedAt", a."DeviceFingerprint", a."ExpiresAt", a."IpAddress", a."IsRevoked", a."UserID", a.jti
FROM "AccessTokens" AS a
WHERE a.jti = @__jti_0 AND a."UserID" = @__userID_1 AND a."DeviceFingerprint" = @__deviceFingerprint_2 AND a."IpAddress" = @__ipAddress_3
LIMIT 1
2026-06-05 22:23:57.337 +00:00 [INF] Attempting to revoke access token with jti f1e5a3bd-997b-4d90-ac53-6beb92df647c for user 1 from device Lv4x0Q92xIUzLHv026j+gnLrTLf1411UTcEm6zv5k74= and IP ::ffff:172.20.0.1
2026-06-05 22:23:57.337 +00:00 [INF] Access token found: API.Models.AccessToken
2026-06-05 22:23:57.339 +00:00 [INF] Executed DbCommand (2ms) [Parameters=[@p1='?' (DbType = Int32), @p0='?' (DbType = Boolean)], CommandType='"Text"', CommandTimeout='30']
UPDATE "AccessTokens" SET "IsRevoked" = @p0
WHERE "ID" = @p1;
2026-06-05 22:23:57.339 +00:00 [INF] Access token AccessToken for user 1 revoked: true
2026-06-05 22:23:57.341 +00:00 [INF] Executed DbCommand (1ms) [Parameters=[@p0='?' (DbType = DateTime), @p1='?', @p2='?' (DbType = DateTime), @p3='?', @p4='?', @p5='?' (DbType = Int32)], CommandType='"Text"', CommandTimeout='30']
INSERT INTO "RefreshTokens" ("CreatedAt", "DeviceFingerprint", "ExpiresAt", "IpAddress", "TokenHash", "UserID")
VALUES (@p0, @p1, @p2, @p3, @p4, @p5)
RETURNING "ID", "IsRevoked";
2026-06-05 22:23:57.343 +00:00 [INF] Executed DbCommand (1ms) [Parameters=[@__tokenHash_0='?', @__userId_1='?' (DbType = Int32), @__deviceFingerprint_2='?', @__ipAddress_3='?'], CommandType='"Text"', CommandTimeout='30']
SELECT r."ID", r."CreatedAt", r."DeviceFingerprint", r."ExpiresAt", r."IpAddress", r."IsRevoked", r."TokenHash", r."UserID"
FROM "RefreshTokens" AS r
WHERE r."TokenHash" = @__tokenHash_0 AND r."UserID" = @__userId_1 AND r."DeviceFingerprint" = @__deviceFingerprint_2 AND r."IpAddress" = @__ipAddress_3
LIMIT 1
2026-06-05 22:23:57.344 +00:00 [INF] Executed DbCommand (1ms) [Parameters=[@p1='?' (DbType = Int32), @p0='?' (DbType = Boolean)], CommandType='"Text"', CommandTimeout='30']
UPDATE "RefreshTokens" SET "IsRevoked" = @p0
WHERE "ID" = @p1;
2026-06-05 22:23:57.344 +00:00 [INF] Refresh token 3hR+o0IWxPGvG8ZE+hnHCSihSIxWxVLAM6lqgPoTBWQ= for user 1 revoked: true
2026-06-05 22:23:57.345 +00:00 [INF] Token refreshed successfully for user 1 at "2026-06-05T22:23:57.3450855Z"
2026-06-05 22:23:57.345 +00:00 [INF] Executing OkObjectResult, writing value of type '<>f__AnonymousType3`2[[System.Boolean, System.Private.CoreLib, Version=9.0.0.0, Culture=neutral, PublicKeyToken=7cec85d7bea7798e],[System.Int32, System.Private.CoreLib, Version=9.0.0.0, Culture=neutral, PublicKeyToken=7cec85d7bea7798e]]'.
2026-06-05 22:23:57.345 +00:00 [INF] Executed action API.Controllers.AuthController.RefreshToken (API) in 15.1638ms
2026-06-05 22:23:57.345 +00:00 [INF] Executed endpoint 'API.Controllers.AuthController.RefreshToken (API)'
2026-06-05 22:23:57.345 +00:00 [INF] Request finished HTTP/1.1 POST http://192.168.1.6:8080/api/auth/refresh - 200 null application/json; charset=utf-8 19.3241ms
2026-06-05 22:25:01.392 +00:00 [INF] Request starting HTTP/1.1 GET http://192.168.1.6:8080/api/user?page=1&limit=10 - null null
2026-06-05 22:25:01.392 +00:00 [INF] CORS policy execution successful.
2026-06-05 22:25:01.392 +00:00 [INF] ====== OnMessageReceived START ======
2026-06-05 22:25:01.393 +00:00 [INF] Available cookies: 2
2026-06-05 22:25:01.393 +00:00 [INF] Cookie: adminRefreshToken = 44 chars
2026-06-05 22:25:01.393 +00:00 [INF] Cookie: adminToken = 844 chars
2026-06-05 22:25:01.393 +00:00 [INF] Admin token found in cookies, length: 844
2026-06-05 22:25:01.393 +00:00 [INF] Admin token set in context
2026-06-05 22:25:01.393 +00:00 [INF] ====== OnMessageReceived END - Token set: true ======
2026-06-05 22:25:01.394 +00:00 [INF] Token validated successfully for user: lengyelnorbi
2026-06-05 22:25:01.394 +00:00 [INF] Device fingerprint headers - UA: Mozilla/5.0 (Windows NT 10.0; Win64; x64; rv:151.0) Gecko/20100101 Firefox/151.0, Accept: application/json, text/plain, */*, Encoding: gzip, deflate
2026-06-05 22:25:01.394 +00:00 [INF] Device fingerprint validation: Stored=/a2uf4z8rcBIhIr7KGbd6aahMr80Bhj+9uyLiYNZ66A=, Current=/a2uf4z8rcBIhIr7KGbd6aahMr80Bhj+9uyLiYNZ66A=
2026-06-05 22:25:01.396 +00:00 [INF] Executed DbCommand (1ms) [Parameters=[@__jti_0='?', @__userId_1='?' (DbType = Int32)], CommandType='"Text"', CommandTimeout='30']
SELECT a."ID", a."CreatedAt", a."DeviceFingerprint", a."ExpiresAt", a."IpAddress", a."IsRevoked", a."UserID", a.jti
FROM "AccessTokens" AS a
WHERE a.jti = @__jti_0 AND a."UserID" = @__userId_1 AND NOT (a."IsRevoked") AND a."ExpiresAt" > now()
LIMIT 1
2026-06-05 22:25:01.396 +00:00 [INF] Executing endpoint 'API.Controllers.UserController.Get (API)'
2026-06-05 22:25:01.397 +00:00 [INF] Route matched with {action = "Get", controller = "User"}. Executing controller action with signature System.Threading.Tasks.Task`1[System.Collections.Generic.IEnumerable`1[UserDTO]] Get() on controller API.Controllers.UserController (API).
2026-06-05 22:25:01.397 +00:00 [INF] Fetching user data from database...
2026-06-05 22:25:01.398 +00:00 [INF] Request starting HTTP/1.1 GET http://192.168.1.6:8080/api/user - null null
2026-06-05 22:25:01.398 +00:00 [INF] CORS policy execution successful.
2026-06-05 22:25:01.398 +00:00 [INF] ====== OnMessageReceived START ======
2026-06-05 22:25:01.398 +00:00 [INF] Available cookies: 2
2026-06-05 22:25:01.398 +00:00 [INF] Cookie: adminRefreshToken = 44 chars
2026-06-05 22:25:01.398 +00:00 [INF] Executed DbCommand (1ms) [Parameters=[], CommandType='"Text"', CommandTimeout='30']
SELECT u."ID", u."Email", u."PasswordHash", u."RegisteredAt", u."Role", u."Username"
FROM "Users" AS u
2026-06-05 22:25:01.398 +00:00 [INF] Cookie: adminToken = 844 chars
2026-06-05 22:25:01.399 +00:00 [INF] Executing ObjectResult, writing value of type 'System.Collections.Generic.List`1[[UserDTO, API, Version=1.0.0.0, Culture=neutral, PublicKeyToken=null]]'.
2026-06-05 22:25:01.399 +00:00 [INF] Admin token found in cookies, length: 844
2026-06-05 22:25:01.399 +00:00 [INF] Executed action API.Controllers.UserController.Get (API) in 2.2055ms
2026-06-05 22:25:01.399 +00:00 [INF] Admin token set in context
2026-06-05 22:25:01.399 +00:00 [INF] Executed endpoint 'API.Controllers.UserController.Get (API)'
2026-06-05 22:25:01.400 +00:00 [INF] ====== OnMessageReceived END - Token set: true ======
2026-06-05 22:25:01.400 +00:00 [INF] Request finished HTTP/1.1 GET http://192.168.1.6:8080/api/user?page=1&limit=10 - 200 null application/json; charset=utf-8 7.8459ms
2026-06-05 22:25:01.400 +00:00 [INF] Token validated successfully for user: lengyelnorbi
2026-06-05 22:25:01.400 +00:00 [INF] Device fingerprint headers - UA: Mozilla/5.0 (Windows NT 10.0; Win64; x64; rv:151.0) Gecko/20100101 Firefox/151.0, Accept: application/json, text/plain, */*, Encoding: gzip, deflate
2026-06-05 22:25:01.401 +00:00 [INF] Device fingerprint validation: Stored=/a2uf4z8rcBIhIr7KGbd6aahMr80Bhj+9uyLiYNZ66A=, Current=/a2uf4z8rcBIhIr7KGbd6aahMr80Bhj+9uyLiYNZ66A=
2026-06-05 22:25:01.403 +00:00 [INF] Executed DbCommand (1ms) [Parameters=[@__jti_0='?', @__userId_1='?' (DbType = Int32)], CommandType='"Text"', CommandTimeout='30']
SELECT a."ID", a."CreatedAt", a."DeviceFingerprint", a."ExpiresAt", a."IpAddress", a."IsRevoked", a."UserID", a.jti
FROM "AccessTokens" AS a
WHERE a.jti = @__jti_0 AND a."UserID" = @__userId_1 AND NOT (a."IsRevoked") AND a."ExpiresAt" > now()
LIMIT 1
2026-06-05 22:25:01.403 +00:00 [INF] Executing endpoint 'API.Controllers.UserController.Get (API)'
2026-06-05 22:25:01.403 +00:00 [INF] Route matched with {action = "Get", controller = "User"}. Executing controller action with signature System.Threading.Tasks.Task`1[System.Collections.Generic.IEnumerable`1[UserDTO]] Get() on controller API.Controllers.UserController (API).
2026-06-05 22:25:01.403 +00:00 [INF] Fetching user data from database...
2026-06-05 22:25:01.404 +00:00 [INF] Executed DbCommand (1ms) [Parameters=[], CommandType='"Text"', CommandTimeout='30']
SELECT u."ID", u."Email", u."PasswordHash", u."RegisteredAt", u."Role", u."Username"
FROM "Users" AS u
2026-06-05 22:25:01.405 +00:00 [INF] Executing ObjectResult, writing value of type 'System.Collections.Generic.List`1[[UserDTO, API, Version=1.0.0.0, Culture=neutral, PublicKeyToken=null]]'.
2026-06-05 22:25:01.405 +00:00 [INF] Executed action API.Controllers.UserController.Get (API) in 1.5709ms
2026-06-05 22:25:01.405 +00:00 [INF] Executed endpoint 'API.Controllers.UserController.Get (API)'
2026-06-05 22:25:01.405 +00:00 [INF] Request finished HTTP/1.1 GET http://192.168.1.6:8080/api/user - 200 null application/json; charset=utf-8 7.7879ms
2026-06-05 22:25:01.450 +00:00 [INF] Request starting HTTP/1.1 GET http://192.168.1.6:8080/api/user?page=1&limit=10 - null null
2026-06-05 22:25:01.450 +00:00 [INF] CORS policy execution successful.
2026-06-05 22:25:01.450 +00:00 [INF] ====== OnMessageReceived START ======
2026-06-05 22:25:01.451 +00:00 [INF] Available cookies: 2
2026-06-05 22:25:01.451 +00:00 [INF] Cookie: adminRefreshToken = 44 chars
2026-06-05 22:25:01.451 +00:00 [INF] Cookie: adminToken = 844 chars
2026-06-05 22:25:01.451 +00:00 [INF] Admin token found in cookies, length: 844
2026-06-05 22:25:01.451 +00:00 [INF] Admin token set in context
2026-06-05 22:25:01.451 +00:00 [INF] Request starting HTTP/1.1 GET http://192.168.1.6:8080/api/user - null null
2026-06-05 22:25:01.451 +00:00 [INF] ====== OnMessageReceived END - Token set: true ======
2026-06-05 22:25:01.452 +00:00 [INF] CORS policy execution successful.
2026-06-05 22:25:01.452 +00:00 [INF] Token validated successfully for user: lengyelnorbi
2026-06-05 22:25:01.452 +00:00 [INF] ====== OnMessageReceived START ======
2026-06-05 22:25:01.452 +00:00 [INF] Device fingerprint headers - UA: Mozilla/5.0 (Windows NT 10.0; Win64; x64; rv:151.0) Gecko/20100101 Firefox/151.0, Accept: application/json, text/plain, */*, Encoding: gzip, deflate
2026-06-05 22:25:01.452 +00:00 [INF] Available cookies: 2
2026-06-05 22:25:01.452 +00:00 [INF] Device fingerprint validation: Stored=/a2uf4z8rcBIhIr7KGbd6aahMr80Bhj+9uyLiYNZ66A=, Current=/a2uf4z8rcBIhIr7KGbd6aahMr80Bhj+9uyLiYNZ66A=
2026-06-05 22:25:01.453 +00:00 [INF] Cookie: adminRefreshToken = 44 chars
2026-06-05 22:25:01.453 +00:00 [INF] Cookie: adminToken = 844 chars
2026-06-05 22:25:01.453 +00:00 [INF] Admin token found in cookies, length: 844
2026-06-05 22:25:01.454 +00:00 [INF] Admin token set in context
2026-06-05 22:25:01.454 +00:00 [INF] ====== OnMessageReceived END - Token set: true ======
2026-06-05 22:25:01.454 +00:00 [INF] Token validated successfully for user: lengyelnorbi
2026-06-05 22:25:01.454 +00:00 [INF] Device fingerprint headers - UA: Mozilla/5.0 (Windows NT 10.0; Win64; x64; rv:151.0) Gecko/20100101 Firefox/151.0, Accept: application/json, text/plain, */*, Encoding: gzip, deflate
2026-06-05 22:25:01.454 +00:00 [INF] Device fingerprint validation: Stored=/a2uf4z8rcBIhIr7KGbd6aahMr80Bhj+9uyLiYNZ66A=, Current=/a2uf4z8rcBIhIr7KGbd6aahMr80Bhj+9uyLiYNZ66A=
2026-06-05 22:25:01.455 +00:00 [INF] Executed DbCommand (1ms) [Parameters=[@__jti_0='?', @__userId_1='?' (DbType = Int32)], CommandType='"Text"', CommandTimeout='30']
SELECT a."ID", a."CreatedAt", a."DeviceFingerprint", a."ExpiresAt", a."IpAddress", a."IsRevoked", a."UserID", a.jti
FROM "AccessTokens" AS a
WHERE a.jti = @__jti_0 AND a."UserID" = @__userId_1 AND NOT (a."IsRevoked") AND a."ExpiresAt" > now()
LIMIT 1
2026-06-05 22:25:01.455 +00:00 [INF] Executing endpoint 'API.Controllers.UserController.Get (API)'
2026-06-05 22:25:01.455 +00:00 [INF] Route matched with {action = "Get", controller = "User"}. Executing controller action with signature System.Threading.Tasks.Task`1[System.Collections.Generic.IEnumerable`1[UserDTO]] Get() on controller API.Controllers.UserController (API).
2026-06-05 22:25:01.455 +00:00 [INF] Fetching user data from database...
2026-06-05 22:25:01.456 +00:00 [INF] Executed DbCommand (1ms) [Parameters=[@__jti_0='?', @__userId_1='?' (DbType = Int32)], CommandType='"Text"', CommandTimeout='30']
SELECT a."ID", a."CreatedAt", a."DeviceFingerprint", a."ExpiresAt", a."IpAddress", a."IsRevoked", a."UserID", a.jti
FROM "AccessTokens" AS a
WHERE a.jti = @__jti_0 AND a."UserID" = @__userId_1 AND NOT (a."IsRevoked") AND a."ExpiresAt" > now()
LIMIT 1
2026-06-05 22:25:01.456 +00:00 [INF] Executing endpoint 'API.Controllers.UserController.Get (API)'
2026-06-05 22:25:01.457 +00:00 [INF] Route matched with {action = "Get", controller = "User"}. Executing controller action with signature System.Threading.Tasks.Task`1[System.Collections.Generic.IEnumerable`1[UserDTO]] Get() on controller API.Controllers.UserController (API).
2026-06-05 22:25:01.457 +00:00 [INF] Fetching user data from database...
2026-06-05 22:25:01.458 +00:00 [INF] Executed DbCommand (1ms) [Parameters=[], CommandType='"Text"', CommandTimeout='30']
SELECT u."ID", u."Email", u."PasswordHash", u."RegisteredAt", u."Role", u."Username"
FROM "Users" AS u
2026-06-05 22:25:01.458 +00:00 [INF] Executing ObjectResult, writing value of type 'System.Collections.Generic.List`1[[UserDTO, API, Version=1.0.0.0, Culture=neutral, PublicKeyToken=null]]'.
2026-06-05 22:25:01.458 +00:00 [INF] Executed action API.Controllers.UserController.Get (API) in 1.5931ms
2026-06-05 22:25:01.459 +00:00 [INF] Executed endpoint 'API.Controllers.UserController.Get (API)'
2026-06-05 22:25:01.459 +00:00 [INF] Request finished HTTP/1.1 GET http://192.168.1.6:8080/api/user - 200 null application/json; charset=utf-8 7.6219ms
2026-06-05 22:25:01.466 +00:00 [INF] Executed DbCommand (2ms) [Parameters=[], CommandType='"Text"', CommandTimeout='30']
SELECT u."ID", u."Email", u."PasswordHash", u."RegisteredAt", u."Role", u."Username"
FROM "Users" AS u
2026-06-05 22:25:01.467 +00:00 [INF] Executing ObjectResult, writing value of type 'System.Collections.Generic.List`1[[UserDTO, API, Version=1.0.0.0, Culture=neutral, PublicKeyToken=null]]'.
2026-06-05 22:25:01.467 +00:00 [INF] Executed action API.Controllers.UserController.Get (API) in 11.6669ms
2026-06-05 22:25:01.467 +00:00 [INF] Executed endpoint 'API.Controllers.UserController.Get (API)'
2026-06-05 22:25:01.467 +00:00 [INF] Request finished HTTP/1.1 GET http://192.168.1.6:8080/api/user?page=1&limit=10 - 200 null application/json; charset=utf-8 17.3401ms
2026-06-05 22:27:14.156 +00:00 [INF] Application is shutting down...
