2026-06-23 12:43:47.301 +00:00 [WRN] Storing keys in a directory '/home/app/.aspnet/DataProtection-Keys' that may not be persisted outside of the container. Protected data will be unavailable when container is destroyed. For more information go to https://aka.ms/aspnet/dataprotectionwarning
2026-06-23 12:43:47.331 +00:00 [INF] User profile is available. Using '/home/app/.aspnet/DataProtection-Keys' as key repository; keys will not be encrypted at rest.
2026-06-23 12:43:47.453 +00:00 [INF] Now listening on: http://[::]:8080
2026-06-23 12:43:47.455 +00:00 [INF] Application started. Press Ctrl+C to shut down.
2026-06-23 12:43:47.456 +00:00 [INF] Hosting environment: Development
2026-06-23 12:43:47.456 +00:00 [INF] Content root path: /app
2026-06-23 12:47:30.663 +00:00 [INF] Request starting HTTP/1.1 GET http://192.168.1.4:8080/api/music - null null
2026-06-23 12:47:30.663 +00:00 [INF] Request starting HTTP/1.1 GET http://192.168.1.4:8080/api/music?page=1&limit=10 - null null
2026-06-23 12:47:30.675 +00:00 [WRN] Failed to determine the https port for redirect.
2026-06-23 12:47:30.696 +00:00 [INF] ====== OnMessageReceived START ======
2026-06-23 12:47:30.696 +00:00 [INF] ====== OnMessageReceived START ======
2026-06-23 12:47:30.697 +00:00 [INF] Available cookies: 0
2026-06-23 12:47:30.697 +00:00 [INF] Available cookies: 0
2026-06-23 12:47:30.697 +00:00 [WRN] NO TOKEN FOUND IN COOKIES!
2026-06-23 12:47:30.697 +00:00 [WRN] NO TOKEN FOUND IN COOKIES!
2026-06-23 12:47:30.698 +00:00 [INF] ====== OnMessageReceived END - Token set: false ======
2026-06-23 12:47:30.698 +00:00 [INF] ====== OnMessageReceived END - Token set: false ======
2026-06-23 12:47:30.699 +00:00 [INF] Executing endpoint 'API.Controllers.MusicController.Get (API)'
2026-06-23 12:47:30.699 +00:00 [INF] Executing endpoint 'API.Controllers.MusicController.Get (API)'
2026-06-23 12:47:30.713 +00:00 [INF] Route matched with {action = "Get", controller = "Music"}. Executing controller action with signature System.Threading.Tasks.Task`1[System.Collections.Generic.IEnumerable`1[API.Models.Music]] Get(Int32, Int32) on controller API.Controllers.MusicController (API).
2026-06-23 12:47:30.713 +00:00 [INF] Route matched with {action = "Get", controller = "Music"}. Executing controller action with signature System.Threading.Tasks.Task`1[System.Collections.Generic.IEnumerable`1[API.Models.Music]] Get(Int32, Int32) on controller API.Controllers.MusicController (API).
2026-06-23 12:47:30.790 +00:00 [WRN] Invalid pagination parameters: page=0, limit=0
2026-06-23 12:47:30.791 +00:00 [INF] Fetching music data from database...
2026-06-23 12:47:30.791 +00:00 [INF] Fetching music data from database...
2026-06-23 12:47:31.143 +00:00 [WRN] The query uses a row limiting operator ('Skip'/'Take') without an 'OrderBy' operator. This may lead to unpredictable results. If the 'Distinct' operator is used after 'OrderBy', then make sure to use the 'OrderBy' operator after 'Distinct' as the ordering would otherwise get erased.
2026-06-23 12:47:31.143 +00:00 [WRN] The query uses a row limiting operator ('Skip'/'Take') without an 'OrderBy' operator. This may lead to unpredictable results. If the 'Distinct' operator is used after 'OrderBy', then make sure to use the 'OrderBy' operator after 'Distinct' as the ordering would otherwise get erased.
2026-06-23 12:47:33.603 +00:00 [ERR] An error occurred using the connection to database 'MusicPlayer' on server 'tcp://192.168.1.6:5431'.
2026-06-23 12:47:33.603 +00:00 [ERR] An error occurred using the connection to database 'MusicPlayer' on server 'tcp://192.168.1.6:5431'.
2026-06-23 12:47:33.624 +00:00 [ERR] An exception occurred while iterating over the results of a query for context type 'API.Data.MusicPlayerDbContext'.
System.InvalidOperationException: An exception has been raised that is likely due to a transient failure.
 ---> Npgsql.NpgsqlException (0x80004005): Failed to connect to 192.168.1.6:5431
 ---> System.Net.Sockets.SocketException (111): Connection refused
   at System.Net.Sockets.Socket.AwaitableSocketAsyncEventArgs.ThrowException(SocketError error, CancellationToken cancellationToken)
   at System.Net.Sockets.Socket.AwaitableSocketAsyncEventArgs.System.Threading.Tasks.Sources.IValueTaskSource.GetResult(Int16 token)
   at System.Net.Sockets.Socket.<ConnectAsync>g__WaitForConnectWithCancellation|285_0(AwaitableSocketAsyncEventArgs saea, ValueTask connectTask, CancellationToken cancellationToken)
   at Npgsql.TaskTimeoutAndCancellation.ExecuteAsync(Func`2 getTaskFunc, NpgsqlTimeout timeout, CancellationToken cancellationToken)
   at Npgsql.Internal.NpgsqlConnector.ConnectAsync(NpgsqlTimeout timeout, CancellationToken cancellationToken)
   at Npgsql.Internal.NpgsqlConnector.ConnectAsync(NpgsqlTimeout timeout, CancellationToken cancellationToken)
   at Npgsql.Internal.NpgsqlConnector.RawOpen(SslMode sslMode, NpgsqlTimeout timeout, Boolean async, CancellationToken cancellationToken)
   at Npgsql.Internal.NpgsqlConnector.<Open>g__OpenCore|214_1(NpgsqlConnector conn, SslMode sslMode, NpgsqlTimeout timeout, Boolean async, CancellationToken cancellationToken)
   at Npgsql.Internal.NpgsqlConnector.Open(NpgsqlTimeout timeout, Boolean async, CancellationToken cancellationToken)
   at Npgsql.PoolingDataSource.OpenNewConnector(NpgsqlConnection conn, NpgsqlTimeout timeout, Boolean async, CancellationToken cancellationToken)
   at Npgsql.PoolingDataSource.<Get>g__RentAsync|33_0(NpgsqlConnection conn, NpgsqlTimeout timeout, Boolean async, CancellationToken cancellationToken)
   at Npgsql.NpgsqlConnection.<Open>g__OpenAsync|42_0(Boolean async, CancellationToken cancellationToken)
   at Microsoft.EntityFrameworkCore.Storage.RelationalConnection.OpenInternalAsync(Boolean errorsExpected, CancellationToken cancellationToken)
   at Microsoft.EntityFrameworkCore.Storage.RelationalConnection.OpenInternalAsync(Boolean errorsExpected, CancellationToken cancellationToken)
   at Microsoft.EntityFrameworkCore.Storage.RelationalConnection.OpenAsync(CancellationToken cancellationToken, Boolean errorsExpected)
   at Microsoft.EntityFrameworkCore.Storage.RelationalCommand.ExecuteReaderAsync(RelationalCommandParameterObject parameterObject, CancellationToken cancellationToken)
   at Microsoft.EntityFrameworkCore.Query.Internal.SingleQueryingEnumerable`1.AsyncEnumerator.InitializeReaderAsync(AsyncEnumerator enumerator, CancellationToken cancellationToken)
   at Npgsql.EntityFrameworkCore.PostgreSQL.Storage.Internal.NpgsqlExecutionStrategy.ExecuteAsync[TState,TResult](TState state, Func`4 operation, Func`4 verifySucceeded, CancellationToken cancellationToken)
   --- End of inner exception stack trace ---
   at Npgsql.EntityFrameworkCore.PostgreSQL.Storage.Internal.NpgsqlExecutionStrategy.ExecuteAsync[TState,TResult](TState state, Func`4 operation, Func`4 verifySucceeded, CancellationToken cancellationToken)
   at Microsoft.EntityFrameworkCore.Query.Internal.SingleQueryingEnumerable`1.AsyncEnumerator.MoveNextAsync()
System.InvalidOperationException: An exception has been raised that is likely due to a transient failure.
 ---> Npgsql.NpgsqlException (0x80004005): Failed to connect to 192.168.1.6:5431
 ---> System.Net.Sockets.SocketException (111): Connection refused
   at System.Net.Sockets.Socket.AwaitableSocketAsyncEventArgs.ThrowException(SocketError error, CancellationToken cancellationToken)
   at System.Net.Sockets.Socket.AwaitableSocketAsyncEventArgs.System.Threading.Tasks.Sources.IValueTaskSource.GetResult(Int16 token)
   at System.Net.Sockets.Socket.<ConnectAsync>g__WaitForConnectWithCancellation|285_0(AwaitableSocketAsyncEventArgs saea, ValueTask connectTask, CancellationToken cancellationToken)
   at Npgsql.TaskTimeoutAndCancellation.ExecuteAsync(Func`2 getTaskFunc, NpgsqlTimeout timeout, CancellationToken cancellationToken)
   at Npgsql.Internal.NpgsqlConnector.ConnectAsync(NpgsqlTimeout timeout, CancellationToken cancellationToken)
   at Npgsql.Internal.NpgsqlConnector.ConnectAsync(NpgsqlTimeout timeout, CancellationToken cancellationToken)
   at Npgsql.Internal.NpgsqlConnector.RawOpen(SslMode sslMode, NpgsqlTimeout timeout, Boolean async, CancellationToken cancellationToken)
   at Npgsql.Internal.NpgsqlConnector.<Open>g__OpenCore|214_1(NpgsqlConnector conn, SslMode sslMode, NpgsqlTimeout timeout, Boolean async, CancellationToken cancellationToken)
   at Npgsql.Internal.NpgsqlConnector.Open(NpgsqlTimeout timeout, Boolean async, CancellationToken cancellationToken)
   at Npgsql.PoolingDataSource.OpenNewConnector(NpgsqlConnection conn, NpgsqlTimeout timeout, Boolean async, CancellationToken cancellationToken)
   at Npgsql.PoolingDataSource.<Get>g__RentAsync|33_0(NpgsqlConnection conn, NpgsqlTimeout timeout, Boolean async, CancellationToken cancellationToken)
   at Npgsql.NpgsqlConnection.<Open>g__OpenAsync|42_0(Boolean async, CancellationToken cancellationToken)
   at Microsoft.EntityFrameworkCore.Storage.RelationalConnection.OpenInternalAsync(Boolean errorsExpected, CancellationToken cancellationToken)
   at Microsoft.EntityFrameworkCore.Storage.RelationalConnection.OpenInternalAsync(Boolean errorsExpected, CancellationToken cancellationToken)
   at Microsoft.EntityFrameworkCore.Storage.RelationalConnection.OpenAsync(CancellationToken cancellationToken, Boolean errorsExpected)
   at Microsoft.EntityFrameworkCore.Storage.RelationalCommand.ExecuteReaderAsync(RelationalCommandParameterObject parameterObject, CancellationToken cancellationToken)
   at Microsoft.EntityFrameworkCore.Query.Internal.SingleQueryingEnumerable`1.AsyncEnumerator.InitializeReaderAsync(AsyncEnumerator enumerator, CancellationToken cancellationToken)
   at Npgsql.EntityFrameworkCore.PostgreSQL.Storage.Internal.NpgsqlExecutionStrategy.ExecuteAsync[TState,TResult](TState state, Func`4 operation, Func`4 verifySucceeded, CancellationToken cancellationToken)
   --- End of inner exception stack trace ---
   at Npgsql.EntityFrameworkCore.PostgreSQL.Storage.Internal.NpgsqlExecutionStrategy.ExecuteAsync[TState,TResult](TState state, Func`4 operation, Func`4 verifySucceeded, CancellationToken cancellationToken)
   at Microsoft.EntityFrameworkCore.Query.Internal.SingleQueryingEnumerable`1.AsyncEnumerator.MoveNextAsync()
2026-06-23 12:47:33.624 +00:00 [ERR] An exception occurred while iterating over the results of a query for context type 'API.Data.MusicPlayerDbContext'.
System.InvalidOperationException: An exception has been raised that is likely due to a transient failure.
 ---> Npgsql.NpgsqlException (0x80004005): Failed to connect to 192.168.1.6:5431
 ---> System.Net.Sockets.SocketException (111): Connection refused
   at System.Net.Sockets.Socket.AwaitableSocketAsyncEventArgs.ThrowException(SocketError error, CancellationToken cancellationToken)
   at System.Net.Sockets.Socket.AwaitableSocketAsyncEventArgs.System.Threading.Tasks.Sources.IValueTaskSource.GetResult(Int16 token)
   at System.Net.Sockets.Socket.<ConnectAsync>g__WaitForConnectWithCancellation|285_0(AwaitableSocketAsyncEventArgs saea, ValueTask connectTask, CancellationToken cancellationToken)
   at Npgsql.TaskTimeoutAndCancellation.ExecuteAsync(Func`2 getTaskFunc, NpgsqlTimeout timeout, CancellationToken cancellationToken)
   at Npgsql.Internal.NpgsqlConnector.ConnectAsync(NpgsqlTimeout timeout, CancellationToken cancellationToken)
   at Npgsql.Internal.NpgsqlConnector.ConnectAsync(NpgsqlTimeout timeout, CancellationToken cancellationToken)
   at Npgsql.Internal.NpgsqlConnector.RawOpen(SslMode sslMode, NpgsqlTimeout timeout, Boolean async, CancellationToken cancellationToken)
   at Npgsql.Internal.NpgsqlConnector.<Open>g__OpenCore|214_1(NpgsqlConnector conn, SslMode sslMode, NpgsqlTimeout timeout, Boolean async, CancellationToken cancellationToken)
   at Npgsql.Internal.NpgsqlConnector.Open(NpgsqlTimeout timeout, Boolean async, CancellationToken cancellationToken)
   at Npgsql.PoolingDataSource.OpenNewConnector(NpgsqlConnection conn, NpgsqlTimeout timeout, Boolean async, CancellationToken cancellationToken)
   at Npgsql.PoolingDataSource.<Get>g__RentAsync|33_0(NpgsqlConnection conn, NpgsqlTimeout timeout, Boolean async, CancellationToken cancellationToken)
   at Npgsql.NpgsqlConnection.<Open>g__OpenAsync|42_0(Boolean async, CancellationToken cancellationToken)
   at Microsoft.EntityFrameworkCore.Storage.RelationalConnection.OpenInternalAsync(Boolean errorsExpected, CancellationToken cancellationToken)
   at Microsoft.EntityFrameworkCore.Storage.RelationalConnection.OpenInternalAsync(Boolean errorsExpected, CancellationToken cancellationToken)
   at Microsoft.EntityFrameworkCore.Storage.RelationalConnection.OpenAsync(CancellationToken cancellationToken, Boolean errorsExpected)
   at Microsoft.EntityFrameworkCore.Storage.RelationalCommand.ExecuteReaderAsync(RelationalCommandParameterObject parameterObject, CancellationToken cancellationToken)
   at Microsoft.EntityFrameworkCore.Query.Internal.SingleQueryingEnumerable`1.AsyncEnumerator.InitializeReaderAsync(AsyncEnumerator enumerator, CancellationToken cancellationToken)
   at Npgsql.EntityFrameworkCore.PostgreSQL.Storage.Internal.NpgsqlExecutionStrategy.ExecuteAsync[TState,TResult](TState state, Func`4 operation, Func`4 verifySucceeded, CancellationToken cancellationToken)
   --- End of inner exception stack trace ---
   at Npgsql.EntityFrameworkCore.PostgreSQL.Storage.Internal.NpgsqlExecutionStrategy.ExecuteAsync[TState,TResult](TState state, Func`4 operation, Func`4 verifySucceeded, CancellationToken cancellationToken)
   at Microsoft.EntityFrameworkCore.Query.Internal.SingleQueryingEnumerable`1.AsyncEnumerator.MoveNextAsync()
System.InvalidOperationException: An exception has been raised that is likely due to a transient failure.
 ---> Npgsql.NpgsqlException (0x80004005): Failed to connect to 192.168.1.6:5431
 ---> System.Net.Sockets.SocketException (111): Connection refused
   at System.Net.Sockets.Socket.AwaitableSocketAsyncEventArgs.ThrowException(SocketError error, CancellationToken cancellationToken)
   at System.Net.Sockets.Socket.AwaitableSocketAsyncEventArgs.System.Threading.Tasks.Sources.IValueTaskSource.GetResult(Int16 token)
   at System.Net.Sockets.Socket.<ConnectAsync>g__WaitForConnectWithCancellation|285_0(AwaitableSocketAsyncEventArgs saea, ValueTask connectTask, CancellationToken cancellationToken)
   at Npgsql.TaskTimeoutAndCancellation.ExecuteAsync(Func`2 getTaskFunc, NpgsqlTimeout timeout, CancellationToken cancellationToken)
   at Npgsql.Internal.NpgsqlConnector.ConnectAsync(NpgsqlTimeout timeout, CancellationToken cancellationToken)
   at Npgsql.Internal.NpgsqlConnector.ConnectAsync(NpgsqlTimeout timeout, CancellationToken cancellationToken)
   at Npgsql.Internal.NpgsqlConnector.RawOpen(SslMode sslMode, NpgsqlTimeout timeout, Boolean async, CancellationToken cancellationToken)
   at Npgsql.Internal.NpgsqlConnector.<Open>g__OpenCore|214_1(NpgsqlConnector conn, SslMode sslMode, NpgsqlTimeout timeout, Boolean async, CancellationToken cancellationToken)
   at Npgsql.Internal.NpgsqlConnector.Open(NpgsqlTimeout timeout, Boolean async, CancellationToken cancellationToken)
   at Npgsql.PoolingDataSource.OpenNewConnector(NpgsqlConnection conn, NpgsqlTimeout timeout, Boolean async, CancellationToken cancellationToken)
   at Npgsql.PoolingDataSource.<Get>g__RentAsync|33_0(NpgsqlConnection conn, NpgsqlTimeout timeout, Boolean async, CancellationToken cancellationToken)
   at Npgsql.NpgsqlConnection.<Open>g__OpenAsync|42_0(Boolean async, CancellationToken cancellationToken)
   at Microsoft.EntityFrameworkCore.Storage.RelationalConnection.OpenInternalAsync(Boolean errorsExpected, CancellationToken cancellationToken)
   at Microsoft.EntityFrameworkCore.Storage.RelationalConnection.OpenInternalAsync(Boolean errorsExpected, CancellationToken cancellationToken)
   at Microsoft.EntityFrameworkCore.Storage.RelationalConnection.OpenAsync(CancellationToken cancellationToken, Boolean errorsExpected)
   at Microsoft.EntityFrameworkCore.Storage.RelationalCommand.ExecuteReaderAsync(RelationalCommandParameterObject parameterObject, CancellationToken cancellationToken)
   at Microsoft.EntityFrameworkCore.Query.Internal.SingleQueryingEnumerable`1.AsyncEnumerator.InitializeReaderAsync(AsyncEnumerator enumerator, CancellationToken cancellationToken)
   at Npgsql.EntityFrameworkCore.PostgreSQL.Storage.Internal.NpgsqlExecutionStrategy.ExecuteAsync[TState,TResult](TState state, Func`4 operation, Func`4 verifySucceeded, CancellationToken cancellationToken)
   --- End of inner exception stack trace ---
   at Npgsql.EntityFrameworkCore.PostgreSQL.Storage.Internal.NpgsqlExecutionStrategy.ExecuteAsync[TState,TResult](TState state, Func`4 operation, Func`4 verifySucceeded, CancellationToken cancellationToken)
   at Microsoft.EntityFrameworkCore.Query.Internal.SingleQueryingEnumerable`1.AsyncEnumerator.MoveNextAsync()
2026-06-23 12:47:33.637 +00:00 [INF] Executed action API.Controllers.MusicController.Get (API) in 2922.0929ms
2026-06-23 12:47:33.637 +00:00 [INF] Executed action API.Controllers.MusicController.Get (API) in 2922.0546ms
2026-06-23 12:47:33.643 +00:00 [INF] Executed endpoint 'API.Controllers.MusicController.Get (API)'
2026-06-23 12:47:33.643 +00:00 [INF] Executed endpoint 'API.Controllers.MusicController.Get (API)'
2026-06-23 12:47:33.645 +00:00 [ERR] An unhandled exception has occurred while executing the request.
System.InvalidOperationException: An exception has been raised that is likely due to a transient failure.
 ---> Npgsql.NpgsqlException (0x80004005): Failed to connect to 192.168.1.6:5431
 ---> System.Net.Sockets.SocketException (111): Connection refused
   at System.Net.Sockets.Socket.AwaitableSocketAsyncEventArgs.ThrowException(SocketError error, CancellationToken cancellationToken)
   at System.Net.Sockets.Socket.AwaitableSocketAsyncEventArgs.System.Threading.Tasks.Sources.IValueTaskSource.GetResult(Int16 token)
   at System.Net.Sockets.Socket.<ConnectAsync>g__WaitForConnectWithCancellation|285_0(AwaitableSocketAsyncEventArgs saea, ValueTask connectTask, CancellationToken cancellationToken)
   at Npgsql.TaskTimeoutAndCancellation.ExecuteAsync(Func`2 getTaskFunc, NpgsqlTimeout timeout, CancellationToken cancellationToken)
   at Npgsql.Internal.NpgsqlConnector.ConnectAsync(NpgsqlTimeout timeout, CancellationToken cancellationToken)
   at Npgsql.Internal.NpgsqlConnector.ConnectAsync(NpgsqlTimeout timeout, CancellationToken cancellationToken)
   at Npgsql.Internal.NpgsqlConnector.RawOpen(SslMode sslMode, NpgsqlTimeout timeout, Boolean async, CancellationToken cancellationToken)
   at Npgsql.Internal.NpgsqlConnector.<Open>g__OpenCore|214_1(NpgsqlConnector conn, SslMode sslMode, NpgsqlTimeout timeout, Boolean async, CancellationToken cancellationToken)
   at Npgsql.Internal.NpgsqlConnector.Open(NpgsqlTimeout timeout, Boolean async, CancellationToken cancellationToken)
   at Npgsql.PoolingDataSource.OpenNewConnector(NpgsqlConnection conn, NpgsqlTimeout timeout, Boolean async, CancellationToken cancellationToken)
   at Npgsql.PoolingDataSource.<Get>g__RentAsync|33_0(NpgsqlConnection conn, NpgsqlTimeout timeout, Boolean async, CancellationToken cancellationToken)
   at Npgsql.NpgsqlConnection.<Open>g__OpenAsync|42_0(Boolean async, CancellationToken cancellationToken)
   at Microsoft.EntityFrameworkCore.Storage.RelationalConnection.OpenInternalAsync(Boolean errorsExpected, CancellationToken cancellationToken)
   at Microsoft.EntityFrameworkCore.Storage.RelationalConnection.OpenInternalAsync(Boolean errorsExpected, CancellationToken cancellationToken)
   at Microsoft.EntityFrameworkCore.Storage.RelationalConnection.OpenAsync(CancellationToken cancellationToken, Boolean errorsExpected)
   at Microsoft.EntityFrameworkCore.Storage.RelationalCommand.ExecuteReaderAsync(RelationalCommandParameterObject parameterObject, CancellationToken cancellationToken)
   at Microsoft.EntityFrameworkCore.Query.Internal.SingleQueryingEnumerable`1.AsyncEnumerator.InitializeReaderAsync(AsyncEnumerator enumerator, CancellationToken cancellationToken)
   at Npgsql.EntityFrameworkCore.PostgreSQL.Storage.Internal.NpgsqlExecutionStrategy.ExecuteAsync[TState,TResult](TState state, Func`4 operation, Func`4 verifySucceeded, CancellationToken cancellationToken)
   --- End of inner exception stack trace ---
   at Npgsql.EntityFrameworkCore.PostgreSQL.Storage.Internal.NpgsqlExecutionStrategy.ExecuteAsync[TState,TResult](TState state, Func`4 operation, Func`4 verifySucceeded, CancellationToken cancellationToken)
   at Microsoft.EntityFrameworkCore.Query.Internal.SingleQueryingEnumerable`1.AsyncEnumerator.MoveNextAsync()
   at Microsoft.EntityFrameworkCore.EntityFrameworkQueryableExtensions.ToListAsync[TSource](IQueryable`1 source, CancellationToken cancellationToken)
   at Microsoft.EntityFrameworkCore.EntityFrameworkQueryableExtensions.ToListAsync[TSource](IQueryable`1 source, CancellationToken cancellationToken)
   at API.Services.MusicService.GetMusicsAsync(Int32 page, Int32 limit) in /source/Services/MusicService.cs:line 57
   at API.Controllers.MusicController.Get(Int32 page, Int32 limit) in /source/Controllers/MusicController.cs:line 28
   at lambda_method9(Closure, Object)
   at Microsoft.AspNetCore.Mvc.Infrastructure.ActionMethodExecutor.AwaitableObjectResultExecutor.Execute(ActionContext actionContext, IActionResultTypeMapper mapper, ObjectMethodExecutor executor, Object controller, Object[] arguments)
   at Microsoft.AspNetCore.Mvc.Infrastructure.ControllerActionInvoker.<InvokeActionMethodAsync>g__Awaited|12_0(ControllerActionInvoker invoker, ValueTask`1 actionResultValueTask)
   at Microsoft.AspNetCore.Mvc.Infrastructure.ControllerActionInvoker.<InvokeNextActionFilterAsync>g__Awaited|10_0(ControllerActionInvoker invoker, Task lastTask, State next, Scope scope, Object state, Boolean isCompleted)
   at Microsoft.AspNetCore.Mvc.Infrastructure.ControllerActionInvoker.Rethrow(ActionExecutedContextSealed context)
   at Microsoft.AspNetCore.Mvc.Infrastructure.ControllerActionInvoker.Next(State& next, Scope& scope, Object& state, Boolean& isCompleted)
   at Microsoft.AspNetCore.Mvc.Infrastructure.ControllerActionInvoker.<InvokeInnerFilterAsync>g__Awaited|13_0(ControllerActionInvoker invoker, Task lastTask, State next, Scope scope, Object state, Boolean isCompleted)
   at Microsoft.AspNetCore.Mvc.Infrastructure.ResourceInvoker.<InvokeFilterPipelineAsync>g__Awaited|20_0(ResourceInvoker invoker, Task lastTask, State next, Scope scope, Object state, Boolean isCompleted)
   at Microsoft.AspNetCore.Mvc.Infrastructure.ResourceInvoker.<InvokeAsync>g__Logged|17_1(ResourceInvoker invoker)
   at Microsoft.AspNetCore.Mvc.Infrastructure.ResourceInvoker.<InvokeAsync>g__Logged|17_1(ResourceInvoker invoker)
   at Microsoft.AspNetCore.Routing.EndpointMiddleware.<Invoke>g__AwaitRequestTask|7_0(Endpoint endpoint, Task requestTask, ILogger logger)
   at Microsoft.AspNetCore.Authorization.AuthorizationMiddleware.Invoke(HttpContext context)
   at Microsoft.AspNetCore.Authentication.AuthenticationMiddleware.Invoke(HttpContext context)
   at Microsoft.AspNetCore.Diagnostics.DeveloperExceptionPageMiddlewareImpl.Invoke(HttpContext context)
2026-06-23 12:47:33.645 +00:00 [ERR] An unhandled exception has occurred while executing the request.
System.InvalidOperationException: An exception has been raised that is likely due to a transient failure.
 ---> Npgsql.NpgsqlException (0x80004005): Failed to connect to 192.168.1.6:5431
 ---> System.Net.Sockets.SocketException (111): Connection refused
   at System.Net.Sockets.Socket.AwaitableSocketAsyncEventArgs.ThrowException(SocketError error, CancellationToken cancellationToken)
   at System.Net.Sockets.Socket.AwaitableSocketAsyncEventArgs.System.Threading.Tasks.Sources.IValueTaskSource.GetResult(Int16 token)
   at System.Net.Sockets.Socket.<ConnectAsync>g__WaitForConnectWithCancellation|285_0(AwaitableSocketAsyncEventArgs saea, ValueTask connectTask, CancellationToken cancellationToken)
   at Npgsql.TaskTimeoutAndCancellation.ExecuteAsync(Func`2 getTaskFunc, NpgsqlTimeout timeout, CancellationToken cancellationToken)
   at Npgsql.Internal.NpgsqlConnector.ConnectAsync(NpgsqlTimeout timeout, CancellationToken cancellationToken)
   at Npgsql.Internal.NpgsqlConnector.ConnectAsync(NpgsqlTimeout timeout, CancellationToken cancellationToken)
   at Npgsql.Internal.NpgsqlConnector.RawOpen(SslMode sslMode, NpgsqlTimeout timeout, Boolean async, CancellationToken cancellationToken)
   at Npgsql.Internal.NpgsqlConnector.<Open>g__OpenCore|214_1(NpgsqlConnector conn, SslMode sslMode, NpgsqlTimeout timeout, Boolean async, CancellationToken cancellationToken)
   at Npgsql.Internal.NpgsqlConnector.Open(NpgsqlTimeout timeout, Boolean async, CancellationToken cancellationToken)
   at Npgsql.PoolingDataSource.OpenNewConnector(NpgsqlConnection conn, NpgsqlTimeout timeout, Boolean async, CancellationToken cancellationToken)
   at Npgsql.PoolingDataSource.<Get>g__RentAsync|33_0(NpgsqlConnection conn, NpgsqlTimeout timeout, Boolean async, CancellationToken cancellationToken)
   at Npgsql.NpgsqlConnection.<Open>g__OpenAsync|42_0(Boolean async, CancellationToken cancellationToken)
   at Microsoft.EntityFrameworkCore.Storage.RelationalConnection.OpenInternalAsync(Boolean errorsExpected, CancellationToken cancellationToken)
   at Microsoft.EntityFrameworkCore.Storage.RelationalConnection.OpenInternalAsync(Boolean errorsExpected, CancellationToken cancellationToken)
   at Microsoft.EntityFrameworkCore.Storage.RelationalConnection.OpenAsync(CancellationToken cancellationToken, Boolean errorsExpected)
   at Microsoft.EntityFrameworkCore.Storage.RelationalCommand.ExecuteReaderAsync(RelationalCommandParameterObject parameterObject, CancellationToken cancellationToken)
   at Microsoft.EntityFrameworkCore.Query.Internal.SingleQueryingEnumerable`1.AsyncEnumerator.InitializeReaderAsync(AsyncEnumerator enumerator, CancellationToken cancellationToken)
   at Npgsql.EntityFrameworkCore.PostgreSQL.Storage.Internal.NpgsqlExecutionStrategy.ExecuteAsync[TState,TResult](TState state, Func`4 operation, Func`4 verifySucceeded, CancellationToken cancellationToken)
   --- End of inner exception stack trace ---
   at Npgsql.EntityFrameworkCore.PostgreSQL.Storage.Internal.NpgsqlExecutionStrategy.ExecuteAsync[TState,TResult](TState state, Func`4 operation, Func`4 verifySucceeded, CancellationToken cancellationToken)
   at Microsoft.EntityFrameworkCore.Query.Internal.SingleQueryingEnumerable`1.AsyncEnumerator.MoveNextAsync()
   at Microsoft.EntityFrameworkCore.EntityFrameworkQueryableExtensions.ToListAsync[TSource](IQueryable`1 source, CancellationToken cancellationToken)
   at Microsoft.EntityFrameworkCore.EntityFrameworkQueryableExtensions.ToListAsync[TSource](IQueryable`1 source, CancellationToken cancellationToken)
   at API.Services.MusicService.GetMusicsAsync(Int32 page, Int32 limit) in /source/Services/MusicService.cs:line 57
   at API.Controllers.MusicController.Get(Int32 page, Int32 limit) in /source/Controllers/MusicController.cs:line 26
   at lambda_method8(Closure, Object)
   at Microsoft.AspNetCore.Mvc.Infrastructure.ActionMethodExecutor.AwaitableObjectResultExecutor.Execute(ActionContext actionContext, IActionResultTypeMapper mapper, ObjectMethodExecutor executor, Object controller, Object[] arguments)
   at Microsoft.AspNetCore.Mvc.Infrastructure.ControllerActionInvoker.<InvokeActionMethodAsync>g__Awaited|12_0(ControllerActionInvoker invoker, ValueTask`1 actionResultValueTask)
   at Microsoft.AspNetCore.Mvc.Infrastructure.ControllerActionInvoker.<InvokeNextActionFilterAsync>g__Awaited|10_0(ControllerActionInvoker invoker, Task lastTask, State next, Scope scope, Object state, Boolean isCompleted)
   at Microsoft.AspNetCore.Mvc.Infrastructure.ControllerActionInvoker.Rethrow(ActionExecutedContextSealed context)
   at Microsoft.AspNetCore.Mvc.Infrastructure.ControllerActionInvoker.Next(State& next, Scope& scope, Object& state, Boolean& isCompleted)
   at Microsoft.AspNetCore.Mvc.Infrastructure.ControllerActionInvoker.<InvokeInnerFilterAsync>g__Awaited|13_0(ControllerActionInvoker invoker, Task lastTask, State next, Scope scope, Object state, Boolean isCompleted)
   at Microsoft.AspNetCore.Mvc.Infrastructure.ResourceInvoker.<InvokeFilterPipelineAsync>g__Awaited|20_0(ResourceInvoker invoker, Task lastTask, State next, Scope scope, Object state, Boolean isCompleted)
   at Microsoft.AspNetCore.Mvc.Infrastructure.ResourceInvoker.<InvokeAsync>g__Logged|17_1(ResourceInvoker invoker)
   at Microsoft.AspNetCore.Mvc.Infrastructure.ResourceInvoker.<InvokeAsync>g__Logged|17_1(ResourceInvoker invoker)
   at Microsoft.AspNetCore.Routing.EndpointMiddleware.<Invoke>g__AwaitRequestTask|7_0(Endpoint endpoint, Task requestTask, ILogger logger)
   at Microsoft.AspNetCore.Authorization.AuthorizationMiddleware.Invoke(HttpContext context)
   at Microsoft.AspNetCore.Authentication.AuthenticationMiddleware.Invoke(HttpContext context)
   at Microsoft.AspNetCore.Routing.EndpointRoutingMiddleware.<Invoke>g__AwaitMatcher|10_0(EndpointRoutingMiddleware middleware, HttpContext httpContext, Task`1 matcherTask)
   at Microsoft.AspNetCore.Diagnostics.DeveloperExceptionPageMiddlewareImpl.Invoke(HttpContext context)
2026-06-23 12:47:33.661 +00:00 [INF] Request finished HTTP/1.1 GET http://192.168.1.4:8080/api/music - 500 null text/plain; charset=utf-8 2999.6654ms
2026-06-23 12:47:33.661 +00:00 [INF] Request finished HTTP/1.1 GET http://192.168.1.4:8080/api/music?page=1&limit=10 - 500 null text/plain; charset=utf-8 2999.6669ms
2026-06-23 12:47:33.684 +00:00 [INF] Request starting HTTP/1.1 GET http://192.168.1.4:8080/api/music?page=1&limit=10 - null null
2026-06-23 12:47:33.684 +00:00 [INF] Request starting HTTP/1.1 GET http://192.168.1.4:8080/api/music - null null
2026-06-23 12:47:33.686 +00:00 [INF] ====== OnMessageReceived START ======
2026-06-23 12:47:33.686 +00:00 [INF] ====== OnMessageReceived START ======
2026-06-23 12:47:33.686 +00:00 [INF] Available cookies: 0
2026-06-23 12:47:33.687 +00:00 [INF] Available cookies: 0
2026-06-23 12:47:33.687 +00:00 [WRN] NO TOKEN FOUND IN COOKIES!
2026-06-23 12:47:33.687 +00:00 [WRN] NO TOKEN FOUND IN COOKIES!
2026-06-23 12:47:33.687 +00:00 [INF] ====== OnMessageReceived END - Token set: false ======
2026-06-23 12:47:33.687 +00:00 [INF] ====== OnMessageReceived END - Token set: false ======
2026-06-23 12:47:33.687 +00:00 [INF] Executing endpoint 'API.Controllers.MusicController.Get (API)'
2026-06-23 12:47:33.687 +00:00 [INF] Executing endpoint 'API.Controllers.MusicController.Get (API)'
2026-06-23 12:47:33.688 +00:00 [INF] Route matched with {action = "Get", controller = "Music"}. Executing controller action with signature System.Threading.Tasks.Task`1[System.Collections.Generic.IEnumerable`1[API.Models.Music]] Get(Int32, Int32) on controller API.Controllers.MusicController (API).
2026-06-23 12:47:33.688 +00:00 [INF] Route matched with {action = "Get", controller = "Music"}. Executing controller action with signature System.Threading.Tasks.Task`1[System.Collections.Generic.IEnumerable`1[API.Models.Music]] Get(Int32, Int32) on controller API.Controllers.MusicController (API).
2026-06-23 12:47:33.695 +00:00 [INF] Fetching music data from database...
2026-06-23 12:47:33.695 +00:00 [WRN] Invalid pagination parameters: page=0, limit=0
2026-06-23 12:47:33.696 +00:00 [INF] Fetching music data from database...
2026-06-23 12:47:36.108 +00:00 [ERR] An error occurred using the connection to database 'MusicPlayer' on server 'tcp://192.168.1.6:5431'.
2026-06-23 12:47:36.108 +00:00 [ERR] An error occurred using the connection to database 'MusicPlayer' on server 'tcp://192.168.1.6:5431'.
2026-06-23 12:47:36.109 +00:00 [ERR] An exception occurred while iterating over the results of a query for context type 'API.Data.MusicPlayerDbContext'.
System.InvalidOperationException: An exception has been raised that is likely due to a transient failure.
 ---> Npgsql.NpgsqlException (0x80004005): Failed to connect to 192.168.1.6:5431
 ---> System.Net.Sockets.SocketException (111): Connection refused
   at System.Net.Sockets.Socket.AwaitableSocketAsyncEventArgs.ThrowException(SocketError error, CancellationToken cancellationToken)
   at System.Net.Sockets.Socket.AwaitableSocketAsyncEventArgs.System.Threading.Tasks.Sources.IValueTaskSource.GetResult(Int16 token)
   at System.Net.Sockets.Socket.<ConnectAsync>g__WaitForConnectWithCancellation|285_0(AwaitableSocketAsyncEventArgs saea, ValueTask connectTask, CancellationToken cancellationToken)
   at Npgsql.TaskTimeoutAndCancellation.ExecuteAsync(Func`2 getTaskFunc, NpgsqlTimeout timeout, CancellationToken cancellationToken)
   at Npgsql.Internal.NpgsqlConnector.ConnectAsync(NpgsqlTimeout timeout, CancellationToken cancellationToken)
   at Npgsql.Internal.NpgsqlConnector.ConnectAsync(NpgsqlTimeout timeout, CancellationToken cancellationToken)
   at Npgsql.Internal.NpgsqlConnector.RawOpen(SslMode sslMode, NpgsqlTimeout timeout, Boolean async, CancellationToken cancellationToken)
   at Npgsql.Internal.NpgsqlConnector.<Open>g__OpenCore|214_1(NpgsqlConnector conn, SslMode sslMode, NpgsqlTimeout timeout, Boolean async, CancellationToken cancellationToken)
   at Npgsql.Internal.NpgsqlConnector.Open(NpgsqlTimeout timeout, Boolean async, CancellationToken cancellationToken)
   at Npgsql.PoolingDataSource.OpenNewConnector(NpgsqlConnection conn, NpgsqlTimeout timeout, Boolean async, CancellationToken cancellationToken)
   at Npgsql.PoolingDataSource.<Get>g__RentAsync|33_0(NpgsqlConnection conn, NpgsqlTimeout timeout, Boolean async, CancellationToken cancellationToken)
   at Npgsql.NpgsqlConnection.<Open>g__OpenAsync|42_0(Boolean async, CancellationToken cancellationToken)
   at Microsoft.EntityFrameworkCore.Storage.RelationalConnection.OpenInternalAsync(Boolean errorsExpected, CancellationToken cancellationToken)
   at Microsoft.EntityFrameworkCore.Storage.RelationalConnection.OpenInternalAsync(Boolean errorsExpected, CancellationToken cancellationToken)
   at Microsoft.EntityFrameworkCore.Storage.RelationalConnection.OpenAsync(CancellationToken cancellationToken, Boolean errorsExpected)
   at Microsoft.EntityFrameworkCore.Storage.RelationalCommand.ExecuteReaderAsync(RelationalCommandParameterObject parameterObject, CancellationToken cancellationToken)
   at Microsoft.EntityFrameworkCore.Query.Internal.SingleQueryingEnumerable`1.AsyncEnumerator.InitializeReaderAsync(AsyncEnumerator enumerator, CancellationToken cancellationToken)
   at Npgsql.EntityFrameworkCore.PostgreSQL.Storage.Internal.NpgsqlExecutionStrategy.ExecuteAsync[TState,TResult](TState state, Func`4 operation, Func`4 verifySucceeded, CancellationToken cancellationToken)
   --- End of inner exception stack trace ---
   at Npgsql.EntityFrameworkCore.PostgreSQL.Storage.Internal.NpgsqlExecutionStrategy.ExecuteAsync[TState,TResult](TState state, Func`4 operation, Func`4 verifySucceeded, CancellationToken cancellationToken)
   at Microsoft.EntityFrameworkCore.Query.Internal.SingleQueryingEnumerable`1.AsyncEnumerator.MoveNextAsync()
System.InvalidOperationException: An exception has been raised that is likely due to a transient failure.
 ---> Npgsql.NpgsqlException (0x80004005): Failed to connect to 192.168.1.6:5431
 ---> System.Net.Sockets.SocketException (111): Connection refused
   at System.Net.Sockets.Socket.AwaitableSocketAsyncEventArgs.ThrowException(SocketError error, CancellationToken cancellationToken)
   at System.Net.Sockets.Socket.AwaitableSocketAsyncEventArgs.System.Threading.Tasks.Sources.IValueTaskSource.GetResult(Int16 token)
   at System.Net.Sockets.Socket.<ConnectAsync>g__WaitForConnectWithCancellation|285_0(AwaitableSocketAsyncEventArgs saea, ValueTask connectTask, CancellationToken cancellationToken)
   at Npgsql.TaskTimeoutAndCancellation.ExecuteAsync(Func`2 getTaskFunc, NpgsqlTimeout timeout, CancellationToken cancellationToken)
   at Npgsql.Internal.NpgsqlConnector.ConnectAsync(NpgsqlTimeout timeout, CancellationToken cancellationToken)
   at Npgsql.Internal.NpgsqlConnector.ConnectAsync(NpgsqlTimeout timeout, CancellationToken cancellationToken)
   at Npgsql.Internal.NpgsqlConnector.RawOpen(SslMode sslMode, NpgsqlTimeout timeout, Boolean async, CancellationToken cancellationToken)
   at Npgsql.Internal.NpgsqlConnector.<Open>g__OpenCore|214_1(NpgsqlConnector conn, SslMode sslMode, NpgsqlTimeout timeout, Boolean async, CancellationToken cancellationToken)
   at Npgsql.Internal.NpgsqlConnector.Open(NpgsqlTimeout timeout, Boolean async, CancellationToken cancellationToken)
   at Npgsql.PoolingDataSource.OpenNewConnector(NpgsqlConnection conn, NpgsqlTimeout timeout, Boolean async, CancellationToken cancellationToken)
   at Npgsql.PoolingDataSource.<Get>g__RentAsync|33_0(NpgsqlConnection conn, NpgsqlTimeout timeout, Boolean async, CancellationToken cancellationToken)
   at Npgsql.NpgsqlConnection.<Open>g__OpenAsync|42_0(Boolean async, CancellationToken cancellationToken)
   at Microsoft.EntityFrameworkCore.Storage.RelationalConnection.OpenInternalAsync(Boolean errorsExpected, CancellationToken cancellationToken)
   at Microsoft.EntityFrameworkCore.Storage.RelationalConnection.OpenInternalAsync(Boolean errorsExpected, CancellationToken cancellationToken)
   at Microsoft.EntityFrameworkCore.Storage.RelationalConnection.OpenAsync(CancellationToken cancellationToken, Boolean errorsExpected)
   at Microsoft.EntityFrameworkCore.Storage.RelationalCommand.ExecuteReaderAsync(RelationalCommandParameterObject parameterObject, CancellationToken cancellationToken)
   at Microsoft.EntityFrameworkCore.Query.Internal.SingleQueryingEnumerable`1.AsyncEnumerator.InitializeReaderAsync(AsyncEnumerator enumerator, CancellationToken cancellationToken)
   at Npgsql.EntityFrameworkCore.PostgreSQL.Storage.Internal.NpgsqlExecutionStrategy.ExecuteAsync[TState,TResult](TState state, Func`4 operation, Func`4 verifySucceeded, CancellationToken cancellationToken)
   --- End of inner exception stack trace ---
   at Npgsql.EntityFrameworkCore.PostgreSQL.Storage.Internal.NpgsqlExecutionStrategy.ExecuteAsync[TState,TResult](TState state, Func`4 operation, Func`4 verifySucceeded, CancellationToken cancellationToken)
   at Microsoft.EntityFrameworkCore.Query.Internal.SingleQueryingEnumerable`1.AsyncEnumerator.MoveNextAsync()
2026-06-23 12:47:36.109 +00:00 [ERR] An exception occurred while iterating over the results of a query for context type 'API.Data.MusicPlayerDbContext'.
System.InvalidOperationException: An exception has been raised that is likely due to a transient failure.
 ---> Npgsql.NpgsqlException (0x80004005): Failed to connect to 192.168.1.6:5431
 ---> System.Net.Sockets.SocketException (111): Connection refused
   at System.Net.Sockets.Socket.AwaitableSocketAsyncEventArgs.ThrowException(SocketError error, CancellationToken cancellationToken)
   at System.Net.Sockets.Socket.AwaitableSocketAsyncEventArgs.System.Threading.Tasks.Sources.IValueTaskSource.GetResult(Int16 token)
   at System.Net.Sockets.Socket.<ConnectAsync>g__WaitForConnectWithCancellation|285_0(AwaitableSocketAsyncEventArgs saea, ValueTask connectTask, CancellationToken cancellationToken)
   at Npgsql.TaskTimeoutAndCancellation.ExecuteAsync(Func`2 getTaskFunc, NpgsqlTimeout timeout, CancellationToken cancellationToken)
   at Npgsql.Internal.NpgsqlConnector.ConnectAsync(NpgsqlTimeout timeout, CancellationToken cancellationToken)
   at Npgsql.Internal.NpgsqlConnector.ConnectAsync(NpgsqlTimeout timeout, CancellationToken cancellationToken)
   at Npgsql.Internal.NpgsqlConnector.RawOpen(SslMode sslMode, NpgsqlTimeout timeout, Boolean async, CancellationToken cancellationToken)
   at Npgsql.Internal.NpgsqlConnector.<Open>g__OpenCore|214_1(NpgsqlConnector conn, SslMode sslMode, NpgsqlTimeout timeout, Boolean async, CancellationToken cancellationToken)
   at Npgsql.Internal.NpgsqlConnector.Open(NpgsqlTimeout timeout, Boolean async, CancellationToken cancellationToken)
   at Npgsql.PoolingDataSource.OpenNewConnector(NpgsqlConnection conn, NpgsqlTimeout timeout, Boolean async, CancellationToken cancellationToken)
   at Npgsql.PoolingDataSource.<Get>g__RentAsync|33_0(NpgsqlConnection conn, NpgsqlTimeout timeout, Boolean async, CancellationToken cancellationToken)
   at Npgsql.NpgsqlConnection.<Open>g__OpenAsync|42_0(Boolean async, CancellationToken cancellationToken)
   at Microsoft.EntityFrameworkCore.Storage.RelationalConnection.OpenInternalAsync(Boolean errorsExpected, CancellationToken cancellationToken)
   at Microsoft.EntityFrameworkCore.Storage.RelationalConnection.OpenInternalAsync(Boolean errorsExpected, CancellationToken cancellationToken)
   at Microsoft.EntityFrameworkCore.Storage.RelationalConnection.OpenAsync(CancellationToken cancellationToken, Boolean errorsExpected)
   at Microsoft.EntityFrameworkCore.Storage.RelationalCommand.ExecuteReaderAsync(RelationalCommandParameterObject parameterObject, CancellationToken cancellationToken)
   at Microsoft.EntityFrameworkCore.Query.Internal.SingleQueryingEnumerable`1.AsyncEnumerator.InitializeReaderAsync(AsyncEnumerator enumerator, CancellationToken cancellationToken)
   at Npgsql.EntityFrameworkCore.PostgreSQL.Storage.Internal.NpgsqlExecutionStrategy.ExecuteAsync[TState,TResult](TState state, Func`4 operation, Func`4 verifySucceeded, CancellationToken cancellationToken)
   --- End of inner exception stack trace ---
   at Npgsql.EntityFrameworkCore.PostgreSQL.Storage.Internal.NpgsqlExecutionStrategy.ExecuteAsync[TState,TResult](TState state, Func`4 operation, Func`4 verifySucceeded, CancellationToken cancellationToken)
   at Microsoft.EntityFrameworkCore.Query.Internal.SingleQueryingEnumerable`1.AsyncEnumerator.MoveNextAsync()
System.InvalidOperationException: An exception has been raised that is likely due to a transient failure.
 ---> Npgsql.NpgsqlException (0x80004005): Failed to connect to 192.168.1.6:5431
 ---> System.Net.Sockets.SocketException (111): Connection refused
   at System.Net.Sockets.Socket.AwaitableSocketAsyncEventArgs.ThrowException(SocketError error, CancellationToken cancellationToken)
   at System.Net.Sockets.Socket.AwaitableSocketAsyncEventArgs.System.Threading.Tasks.Sources.IValueTaskSource.GetResult(Int16 token)
   at System.Net.Sockets.Socket.<ConnectAsync>g__WaitForConnectWithCancellation|285_0(AwaitableSocketAsyncEventArgs saea, ValueTask connectTask, CancellationToken cancellationToken)
   at Npgsql.TaskTimeoutAndCancellation.ExecuteAsync(Func`2 getTaskFunc, NpgsqlTimeout timeout, CancellationToken cancellationToken)
   at Npgsql.Internal.NpgsqlConnector.ConnectAsync(NpgsqlTimeout timeout, CancellationToken cancellationToken)
   at Npgsql.Internal.NpgsqlConnector.ConnectAsync(NpgsqlTimeout timeout, CancellationToken cancellationToken)
   at Npgsql.Internal.NpgsqlConnector.RawOpen(SslMode sslMode, NpgsqlTimeout timeout, Boolean async, CancellationToken cancellationToken)
   at Npgsql.Internal.NpgsqlConnector.<Open>g__OpenCore|214_1(NpgsqlConnector conn, SslMode sslMode, NpgsqlTimeout timeout, Boolean async, CancellationToken cancellationToken)
   at Npgsql.Internal.NpgsqlConnector.Open(NpgsqlTimeout timeout, Boolean async, CancellationToken cancellationToken)
   at Npgsql.PoolingDataSource.OpenNewConnector(NpgsqlConnection conn, NpgsqlTimeout timeout, Boolean async, CancellationToken cancellationToken)
   at Npgsql.PoolingDataSource.<Get>g__RentAsync|33_0(NpgsqlConnection conn, NpgsqlTimeout timeout, Boolean async, CancellationToken cancellationToken)
   at Npgsql.NpgsqlConnection.<Open>g__OpenAsync|42_0(Boolean async, CancellationToken cancellationToken)
   at Microsoft.EntityFrameworkCore.Storage.RelationalConnection.OpenInternalAsync(Boolean errorsExpected, CancellationToken cancellationToken)
   at Microsoft.EntityFrameworkCore.Storage.RelationalConnection.OpenInternalAsync(Boolean errorsExpected, CancellationToken cancellationToken)
   at Microsoft.EntityFrameworkCore.Storage.RelationalConnection.OpenAsync(CancellationToken cancellationToken, Boolean errorsExpected)
   at Microsoft.EntityFrameworkCore.Storage.RelationalCommand.ExecuteReaderAsync(RelationalCommandParameterObject parameterObject, CancellationToken cancellationToken)
   at Microsoft.EntityFrameworkCore.Query.Internal.SingleQueryingEnumerable`1.AsyncEnumerator.InitializeReaderAsync(AsyncEnumerator enumerator, CancellationToken cancellationToken)
   at Npgsql.EntityFrameworkCore.PostgreSQL.Storage.Internal.NpgsqlExecutionStrategy.ExecuteAsync[TState,TResult](TState state, Func`4 operation, Func`4 verifySucceeded, CancellationToken cancellationToken)
   --- End of inner exception stack trace ---
   at Npgsql.EntityFrameworkCore.PostgreSQL.Storage.Internal.NpgsqlExecutionStrategy.ExecuteAsync[TState,TResult](TState state, Func`4 operation, Func`4 verifySucceeded, CancellationToken cancellationToken)
   at Microsoft.EntityFrameworkCore.Query.Internal.SingleQueryingEnumerable`1.AsyncEnumerator.MoveNextAsync()
2026-06-23 12:47:36.111 +00:00 [INF] Executed action API.Controllers.MusicController.Get (API) in 2423.4243ms
2026-06-23 12:47:36.113 +00:00 [INF] Executed action API.Controllers.MusicController.Get (API) in 2424.7679ms
2026-06-23 12:47:36.113 +00:00 [INF] Executed endpoint 'API.Controllers.MusicController.Get (API)'
2026-06-23 12:47:36.113 +00:00 [INF] Executed endpoint 'API.Controllers.MusicController.Get (API)'
2026-06-23 12:47:36.113 +00:00 [ERR] An unhandled exception has occurred while executing the request.
System.InvalidOperationException: An exception has been raised that is likely due to a transient failure.
 ---> Npgsql.NpgsqlException (0x80004005): Failed to connect to 192.168.1.6:5431
 ---> System.Net.Sockets.SocketException (111): Connection refused
   at System.Net.Sockets.Socket.AwaitableSocketAsyncEventArgs.ThrowException(SocketError error, CancellationToken cancellationToken)
   at System.Net.Sockets.Socket.AwaitableSocketAsyncEventArgs.System.Threading.Tasks.Sources.IValueTaskSource.GetResult(Int16 token)
   at System.Net.Sockets.Socket.<ConnectAsync>g__WaitForConnectWithCancellation|285_0(AwaitableSocketAsyncEventArgs saea, ValueTask connectTask, CancellationToken cancellationToken)
   at Npgsql.TaskTimeoutAndCancellation.ExecuteAsync(Func`2 getTaskFunc, NpgsqlTimeout timeout, CancellationToken cancellationToken)
   at Npgsql.Internal.NpgsqlConnector.ConnectAsync(NpgsqlTimeout timeout, CancellationToken cancellationToken)
   at Npgsql.Internal.NpgsqlConnector.ConnectAsync(NpgsqlTimeout timeout, CancellationToken cancellationToken)
   at Npgsql.Internal.NpgsqlConnector.RawOpen(SslMode sslMode, NpgsqlTimeout timeout, Boolean async, CancellationToken cancellationToken)
   at Npgsql.Internal.NpgsqlConnector.<Open>g__OpenCore|214_1(NpgsqlConnector conn, SslMode sslMode, NpgsqlTimeout timeout, Boolean async, CancellationToken cancellationToken)
   at Npgsql.Internal.NpgsqlConnector.Open(NpgsqlTimeout timeout, Boolean async, CancellationToken cancellationToken)
   at Npgsql.PoolingDataSource.OpenNewConnector(NpgsqlConnection conn, NpgsqlTimeout timeout, Boolean async, CancellationToken cancellationToken)
   at Npgsql.PoolingDataSource.<Get>g__RentAsync|33_0(NpgsqlConnection conn, NpgsqlTimeout timeout, Boolean async, CancellationToken cancellationToken)
   at Npgsql.NpgsqlConnection.<Open>g__OpenAsync|42_0(Boolean async, CancellationToken cancellationToken)
   at Microsoft.EntityFrameworkCore.Storage.RelationalConnection.OpenInternalAsync(Boolean errorsExpected, CancellationToken cancellationToken)
   at Microsoft.EntityFrameworkCore.Storage.RelationalConnection.OpenInternalAsync(Boolean errorsExpected, CancellationToken cancellationToken)
   at Microsoft.EntityFrameworkCore.Storage.RelationalConnection.OpenAsync(CancellationToken cancellationToken, Boolean errorsExpected)
   at Microsoft.EntityFrameworkCore.Storage.RelationalCommand.ExecuteReaderAsync(RelationalCommandParameterObject parameterObject, CancellationToken cancellationToken)
   at Microsoft.EntityFrameworkCore.Query.Internal.SingleQueryingEnumerable`1.AsyncEnumerator.InitializeReaderAsync(AsyncEnumerator enumerator, CancellationToken cancellationToken)
   at Npgsql.EntityFrameworkCore.PostgreSQL.Storage.Internal.NpgsqlExecutionStrategy.ExecuteAsync[TState,TResult](TState state, Func`4 operation, Func`4 verifySucceeded, CancellationToken cancellationToken)
   --- End of inner exception stack trace ---
   at Npgsql.EntityFrameworkCore.PostgreSQL.Storage.Internal.NpgsqlExecutionStrategy.ExecuteAsync[TState,TResult](TState state, Func`4 operation, Func`4 verifySucceeded, CancellationToken cancellationToken)
   at Microsoft.EntityFrameworkCore.Query.Internal.SingleQueryingEnumerable`1.AsyncEnumerator.MoveNextAsync()
   at Microsoft.EntityFrameworkCore.EntityFrameworkQueryableExtensions.ToListAsync[TSource](IQueryable`1 source, CancellationToken cancellationToken)
   at Microsoft.EntityFrameworkCore.EntityFrameworkQueryableExtensions.ToListAsync[TSource](IQueryable`1 source, CancellationToken cancellationToken)
   at API.Services.MusicService.GetMusicsAsync(Int32 page, Int32 limit) in /source/Services/MusicService.cs:line 57
   at API.Controllers.MusicController.Get(Int32 page, Int32 limit) in /source/Controllers/MusicController.cs:line 28
   at lambda_method8(Closure, Object)
   at Microsoft.AspNetCore.Mvc.Infrastructure.ActionMethodExecutor.AwaitableObjectResultExecutor.Execute(ActionContext actionContext, IActionResultTypeMapper mapper, ObjectMethodExecutor executor, Object controller, Object[] arguments)
   at Microsoft.AspNetCore.Mvc.Infrastructure.ControllerActionInvoker.<InvokeActionMethodAsync>g__Awaited|12_0(ControllerActionInvoker invoker, ValueTask`1 actionResultValueTask)
   at Microsoft.AspNetCore.Mvc.Infrastructure.ControllerActionInvoker.<InvokeNextActionFilterAsync>g__Awaited|10_0(ControllerActionInvoker invoker, Task lastTask, State next, Scope scope, Object state, Boolean isCompleted)
   at Microsoft.AspNetCore.Mvc.Infrastructure.ControllerActionInvoker.Rethrow(ActionExecutedContextSealed context)
   at Microsoft.AspNetCore.Mvc.Infrastructure.ControllerActionInvoker.Next(State& next, Scope& scope, Object& state, Boolean& isCompleted)
   at Microsoft.AspNetCore.Mvc.Infrastructure.ControllerActionInvoker.<InvokeInnerFilterAsync>g__Awaited|13_0(ControllerActionInvoker invoker, Task lastTask, State next, Scope scope, Object state, Boolean isCompleted)
   at Microsoft.AspNetCore.Mvc.Infrastructure.ResourceInvoker.<InvokeFilterPipelineAsync>g__Awaited|20_0(ResourceInvoker invoker, Task lastTask, State next, Scope scope, Object state, Boolean isCompleted)
   at Microsoft.AspNetCore.Mvc.Infrastructure.ResourceInvoker.<InvokeAsync>g__Logged|17_1(ResourceInvoker invoker)
   at Microsoft.AspNetCore.Mvc.Infrastructure.ResourceInvoker.<InvokeAsync>g__Logged|17_1(ResourceInvoker invoker)
   at Microsoft.AspNetCore.Routing.EndpointMiddleware.<Invoke>g__AwaitRequestTask|7_0(Endpoint endpoint, Task requestTask, ILogger logger)
   at Microsoft.AspNetCore.Authorization.AuthorizationMiddleware.Invoke(HttpContext context)
   at Microsoft.AspNetCore.Authentication.AuthenticationMiddleware.Invoke(HttpContext context)
   at Microsoft.AspNetCore.Diagnostics.DeveloperExceptionPageMiddlewareImpl.Invoke(HttpContext context)
2026-06-23 12:47:36.113 +00:00 [ERR] An unhandled exception has occurred while executing the request.
System.InvalidOperationException: An exception has been raised that is likely due to a transient failure.
 ---> Npgsql.NpgsqlException (0x80004005): Failed to connect to 192.168.1.6:5431
 ---> System.Net.Sockets.SocketException (111): Connection refused
   at System.Net.Sockets.Socket.AwaitableSocketAsyncEventArgs.ThrowException(SocketError error, CancellationToken cancellationToken)
   at System.Net.Sockets.Socket.AwaitableSocketAsyncEventArgs.System.Threading.Tasks.Sources.IValueTaskSource.GetResult(Int16 token)
   at System.Net.Sockets.Socket.<ConnectAsync>g__WaitForConnectWithCancellation|285_0(AwaitableSocketAsyncEventArgs saea, ValueTask connectTask, CancellationToken cancellationToken)
   at Npgsql.TaskTimeoutAndCancellation.ExecuteAsync(Func`2 getTaskFunc, NpgsqlTimeout timeout, CancellationToken cancellationToken)
   at Npgsql.Internal.NpgsqlConnector.ConnectAsync(NpgsqlTimeout timeout, CancellationToken cancellationToken)
   at Npgsql.Internal.NpgsqlConnector.ConnectAsync(NpgsqlTimeout timeout, CancellationToken cancellationToken)
   at Npgsql.Internal.NpgsqlConnector.RawOpen(SslMode sslMode, NpgsqlTimeout timeout, Boolean async, CancellationToken cancellationToken)
   at Npgsql.Internal.NpgsqlConnector.<Open>g__OpenCore|214_1(NpgsqlConnector conn, SslMode sslMode, NpgsqlTimeout timeout, Boolean async, CancellationToken cancellationToken)
   at Npgsql.Internal.NpgsqlConnector.Open(NpgsqlTimeout timeout, Boolean async, CancellationToken cancellationToken)
   at Npgsql.PoolingDataSource.OpenNewConnector(NpgsqlConnection conn, NpgsqlTimeout timeout, Boolean async, CancellationToken cancellationToken)
   at Npgsql.PoolingDataSource.<Get>g__RentAsync|33_0(NpgsqlConnection conn, NpgsqlTimeout timeout, Boolean async, CancellationToken cancellationToken)
   at Npgsql.NpgsqlConnection.<Open>g__OpenAsync|42_0(Boolean async, CancellationToken cancellationToken)
   at Microsoft.EntityFrameworkCore.Storage.RelationalConnection.OpenInternalAsync(Boolean errorsExpected, CancellationToken cancellationToken)
   at Microsoft.EntityFrameworkCore.Storage.RelationalConnection.OpenInternalAsync(Boolean errorsExpected, CancellationToken cancellationToken)
   at Microsoft.EntityFrameworkCore.Storage.RelationalConnection.OpenAsync(CancellationToken cancellationToken, Boolean errorsExpected)
   at Microsoft.EntityFrameworkCore.Storage.RelationalCommand.ExecuteReaderAsync(RelationalCommandParameterObject parameterObject, CancellationToken cancellationToken)
   at Microsoft.EntityFrameworkCore.Query.Internal.SingleQueryingEnumerable`1.AsyncEnumerator.InitializeReaderAsync(AsyncEnumerator enumerator, CancellationToken cancellationToken)
   at Npgsql.EntityFrameworkCore.PostgreSQL.Storage.Internal.NpgsqlExecutionStrategy.ExecuteAsync[TState,TResult](TState state, Func`4 operation, Func`4 verifySucceeded, CancellationToken cancellationToken)
   --- End of inner exception stack trace ---
   at Npgsql.EntityFrameworkCore.PostgreSQL.Storage.Internal.NpgsqlExecutionStrategy.ExecuteAsync[TState,TResult](TState state, Func`4 operation, Func`4 verifySucceeded, CancellationToken cancellationToken)
   at Microsoft.EntityFrameworkCore.Query.Internal.SingleQueryingEnumerable`1.AsyncEnumerator.MoveNextAsync()
   at Microsoft.EntityFrameworkCore.EntityFrameworkQueryableExtensions.ToListAsync[TSource](IQueryable`1 source, CancellationToken cancellationToken)
   at Microsoft.EntityFrameworkCore.EntityFrameworkQueryableExtensions.ToListAsync[TSource](IQueryable`1 source, CancellationToken cancellationToken)
   at API.Services.MusicService.GetMusicsAsync(Int32 page, Int32 limit) in /source/Services/MusicService.cs:line 57
   at API.Controllers.MusicController.Get(Int32 page, Int32 limit) in /source/Controllers/MusicController.cs:line 26
   at lambda_method8(Closure, Object)
   at Microsoft.AspNetCore.Mvc.Infrastructure.ActionMethodExecutor.AwaitableObjectResultExecutor.Execute(ActionContext actionContext, IActionResultTypeMapper mapper, ObjectMethodExecutor executor, Object controller, Object[] arguments)
   at Microsoft.AspNetCore.Mvc.Infrastructure.ControllerActionInvoker.<InvokeActionMethodAsync>g__Awaited|12_0(ControllerActionInvoker invoker, ValueTask`1 actionResultValueTask)
   at Microsoft.AspNetCore.Mvc.Infrastructure.ControllerActionInvoker.<InvokeNextActionFilterAsync>g__Awaited|10_0(ControllerActionInvoker invoker, Task lastTask, State next, Scope scope, Object state, Boolean isCompleted)
   at Microsoft.AspNetCore.Mvc.Infrastructure.ControllerActionInvoker.Rethrow(ActionExecutedContextSealed context)
   at Microsoft.AspNetCore.Mvc.Infrastructure.ControllerActionInvoker.Next(State& next, Scope& scope, Object& state, Boolean& isCompleted)
   at Microsoft.AspNetCore.Mvc.Infrastructure.ControllerActionInvoker.<InvokeInnerFilterAsync>g__Awaited|13_0(ControllerActionInvoker invoker, Task lastTask, State next, Scope scope, Object state, Boolean isCompleted)
   at Microsoft.AspNetCore.Mvc.Infrastructure.ResourceInvoker.<InvokeFilterPipelineAsync>g__Awaited|20_0(ResourceInvoker invoker, Task lastTask, State next, Scope scope, Object state, Boolean isCompleted)
   at Microsoft.AspNetCore.Mvc.Infrastructure.ResourceInvoker.<InvokeAsync>g__Logged|17_1(ResourceInvoker invoker)
   at Microsoft.AspNetCore.Mvc.Infrastructure.ResourceInvoker.<InvokeAsync>g__Logged|17_1(ResourceInvoker invoker)
   at Microsoft.AspNetCore.Routing.EndpointMiddleware.<Invoke>g__AwaitRequestTask|7_0(Endpoint endpoint, Task requestTask, ILogger logger)
   at Microsoft.AspNetCore.Authorization.AuthorizationMiddleware.Invoke(HttpContext context)
   at Microsoft.AspNetCore.Authentication.AuthenticationMiddleware.Invoke(HttpContext context)
   at Microsoft.AspNetCore.Diagnostics.DeveloperExceptionPageMiddlewareImpl.Invoke(HttpContext context)
2026-06-23 12:47:36.118 +00:00 [INF] Request finished HTTP/1.1 GET http://192.168.1.4:8080/api/music?page=1&limit=10 - 500 null text/plain; charset=utf-8 2434.1119ms
2026-06-23 12:47:36.120 +00:00 [INF] Request finished HTTP/1.1 GET http://192.168.1.4:8080/api/music - 500 null text/plain; charset=utf-8 2435.7669ms
2026-06-23 12:47:36.863 +00:00 [INF] Request starting HTTP/1.1 GET http://192.168.1.4:8080/api/music?page=1&limit=10 - null null
2026-06-23 12:47:36.863 +00:00 [INF] Request starting HTTP/1.1 GET http://192.168.1.4:8080/api/music - null null
2026-06-23 12:47:36.864 +00:00 [INF] CORS policy execution failed.
2026-06-23 12:47:36.864 +00:00 [INF] CORS policy execution failed.
2026-06-23 12:47:36.864 +00:00 [INF] Request origin http://192.168.1.4:4200 does not have permission to access the resource.
2026-06-23 12:47:36.864 +00:00 [INF] Request origin http://192.168.1.4:4200 does not have permission to access the resource.
2026-06-23 12:47:36.864 +00:00 [INF] ====== OnMessageReceived START ======
2026-06-23 12:47:36.864 +00:00 [INF] ====== OnMessageReceived START ======
2026-06-23 12:47:36.865 +00:00 [INF] Available cookies: 0
2026-06-23 12:47:36.865 +00:00 [INF] Available cookies: 0
2026-06-23 12:47:36.865 +00:00 [WRN] NO TOKEN FOUND IN COOKIES!
2026-06-23 12:47:36.865 +00:00 [WRN] NO TOKEN FOUND IN COOKIES!
2026-06-23 12:47:36.865 +00:00 [INF] ====== OnMessageReceived END - Token set: false ======
2026-06-23 12:47:36.865 +00:00 [INF] ====== OnMessageReceived END - Token set: false ======
2026-06-23 12:47:36.866 +00:00 [INF] Executing endpoint 'API.Controllers.MusicController.Get (API)'
2026-06-23 12:47:36.866 +00:00 [INF] Executing endpoint 'API.Controllers.MusicController.Get (API)'
2026-06-23 12:47:36.866 +00:00 [INF] Route matched with {action = "Get", controller = "Music"}. Executing controller action with signature System.Threading.Tasks.Task`1[System.Collections.Generic.IEnumerable`1[API.Models.Music]] Get(Int32, Int32) on controller API.Controllers.MusicController (API).
2026-06-23 12:47:36.866 +00:00 [INF] Route matched with {action = "Get", controller = "Music"}. Executing controller action with signature System.Threading.Tasks.Task`1[System.Collections.Generic.IEnumerable`1[API.Models.Music]] Get(Int32, Int32) on controller API.Controllers.MusicController (API).
2026-06-23 12:47:36.867 +00:00 [WRN] Invalid pagination parameters: page=0, limit=0
2026-06-23 12:47:36.867 +00:00 [INF] Fetching music data from database...
2026-06-23 12:47:36.867 +00:00 [INF] Fetching music data from database...
2026-06-23 12:47:39.291 +00:00 [ERR] An error occurred using the connection to database 'MusicPlayer' on server 'tcp://192.168.1.6:5431'.
2026-06-23 12:47:39.291 +00:00 [ERR] An error occurred using the connection to database 'MusicPlayer' on server 'tcp://192.168.1.6:5431'.
2026-06-23 12:47:39.293 +00:00 [ERR] An exception occurred while iterating over the results of a query for context type 'API.Data.MusicPlayerDbContext'.
System.InvalidOperationException: An exception has been raised that is likely due to a transient failure.
 ---> Npgsql.NpgsqlException (0x80004005): Failed to connect to 192.168.1.6:5431
 ---> System.Net.Sockets.SocketException (111): Connection refused
   at System.Net.Sockets.Socket.AwaitableSocketAsyncEventArgs.ThrowException(SocketError error, CancellationToken cancellationToken)
   at System.Net.Sockets.Socket.AwaitableSocketAsyncEventArgs.System.Threading.Tasks.Sources.IValueTaskSource.GetResult(Int16 token)
   at System.Net.Sockets.Socket.<ConnectAsync>g__WaitForConnectWithCancellation|285_0(AwaitableSocketAsyncEventArgs saea, ValueTask connectTask, CancellationToken cancellationToken)
   at Npgsql.TaskTimeoutAndCancellation.ExecuteAsync(Func`2 getTaskFunc, NpgsqlTimeout timeout, CancellationToken cancellationToken)
   at Npgsql.Internal.NpgsqlConnector.ConnectAsync(NpgsqlTimeout timeout, CancellationToken cancellationToken)
   at Npgsql.Internal.NpgsqlConnector.ConnectAsync(NpgsqlTimeout timeout, CancellationToken cancellationToken)
   at Npgsql.Internal.NpgsqlConnector.RawOpen(SslMode sslMode, NpgsqlTimeout timeout, Boolean async, CancellationToken cancellationToken)
   at Npgsql.Internal.NpgsqlConnector.<Open>g__OpenCore|214_1(NpgsqlConnector conn, SslMode sslMode, NpgsqlTimeout timeout, Boolean async, CancellationToken cancellationToken)
   at Npgsql.Internal.NpgsqlConnector.Open(NpgsqlTimeout timeout, Boolean async, CancellationToken cancellationToken)
   at Npgsql.PoolingDataSource.OpenNewConnector(NpgsqlConnection conn, NpgsqlTimeout timeout, Boolean async, CancellationToken cancellationToken)
   at Npgsql.PoolingDataSource.<Get>g__RentAsync|33_0(NpgsqlConnection conn, NpgsqlTimeout timeout, Boolean async, CancellationToken cancellationToken)
   at Npgsql.NpgsqlConnection.<Open>g__OpenAsync|42_0(Boolean async, CancellationToken cancellationToken)
   at Microsoft.EntityFrameworkCore.Storage.RelationalConnection.OpenInternalAsync(Boolean errorsExpected, CancellationToken cancellationToken)
   at Microsoft.EntityFrameworkCore.Storage.RelationalConnection.OpenInternalAsync(Boolean errorsExpected, CancellationToken cancellationToken)
   at Microsoft.EntityFrameworkCore.Storage.RelationalConnection.OpenAsync(CancellationToken cancellationToken, Boolean errorsExpected)
   at Microsoft.EntityFrameworkCore.Storage.RelationalCommand.ExecuteReaderAsync(RelationalCommandParameterObject parameterObject, CancellationToken cancellationToken)
   at Microsoft.EntityFrameworkCore.Query.Internal.SingleQueryingEnumerable`1.AsyncEnumerator.InitializeReaderAsync(AsyncEnumerator enumerator, CancellationToken cancellationToken)
   at Npgsql.EntityFrameworkCore.PostgreSQL.Storage.Internal.NpgsqlExecutionStrategy.ExecuteAsync[TState,TResult](TState state, Func`4 operation, Func`4 verifySucceeded, CancellationToken cancellationToken)
   --- End of inner exception stack trace ---
   at Npgsql.EntityFrameworkCore.PostgreSQL.Storage.Internal.NpgsqlExecutionStrategy.ExecuteAsync[TState,TResult](TState state, Func`4 operation, Func`4 verifySucceeded, CancellationToken cancellationToken)
   at Microsoft.EntityFrameworkCore.Query.Internal.SingleQueryingEnumerable`1.AsyncEnumerator.MoveNextAsync()
System.InvalidOperationException: An exception has been raised that is likely due to a transient failure.
 ---> Npgsql.NpgsqlException (0x80004005): Failed to connect to 192.168.1.6:5431
 ---> System.Net.Sockets.SocketException (111): Connection refused
   at System.Net.Sockets.Socket.AwaitableSocketAsyncEventArgs.ThrowException(SocketError error, CancellationToken cancellationToken)
   at System.Net.Sockets.Socket.AwaitableSocketAsyncEventArgs.System.Threading.Tasks.Sources.IValueTaskSource.GetResult(Int16 token)
   at System.Net.Sockets.Socket.<ConnectAsync>g__WaitForConnectWithCancellation|285_0(AwaitableSocketAsyncEventArgs saea, ValueTask connectTask, CancellationToken cancellationToken)
   at Npgsql.TaskTimeoutAndCancellation.ExecuteAsync(Func`2 getTaskFunc, NpgsqlTimeout timeout, CancellationToken cancellationToken)
   at Npgsql.Internal.NpgsqlConnector.ConnectAsync(NpgsqlTimeout timeout, CancellationToken cancellationToken)
   at Npgsql.Internal.NpgsqlConnector.ConnectAsync(NpgsqlTimeout timeout, CancellationToken cancellationToken)
   at Npgsql.Internal.NpgsqlConnector.RawOpen(SslMode sslMode, NpgsqlTimeout timeout, Boolean async, CancellationToken cancellationToken)
   at Npgsql.Internal.NpgsqlConnector.<Open>g__OpenCore|214_1(NpgsqlConnector conn, SslMode sslMode, NpgsqlTimeout timeout, Boolean async, CancellationToken cancellationToken)
   at Npgsql.Internal.NpgsqlConnector.Open(NpgsqlTimeout timeout, Boolean async, CancellationToken cancellationToken)
   at Npgsql.PoolingDataSource.OpenNewConnector(NpgsqlConnection conn, NpgsqlTimeout timeout, Boolean async, CancellationToken cancellationToken)
   at Npgsql.PoolingDataSource.<Get>g__RentAsync|33_0(NpgsqlConnection conn, NpgsqlTimeout timeout, Boolean async, CancellationToken cancellationToken)
   at Npgsql.NpgsqlConnection.<Open>g__OpenAsync|42_0(Boolean async, CancellationToken cancellationToken)
   at Microsoft.EntityFrameworkCore.Storage.RelationalConnection.OpenInternalAsync(Boolean errorsExpected, CancellationToken cancellationToken)
   at Microsoft.EntityFrameworkCore.Storage.RelationalConnection.OpenInternalAsync(Boolean errorsExpected, CancellationToken cancellationToken)
   at Microsoft.EntityFrameworkCore.Storage.RelationalConnection.OpenAsync(CancellationToken cancellationToken, Boolean errorsExpected)
   at Microsoft.EntityFrameworkCore.Storage.RelationalCommand.ExecuteReaderAsync(RelationalCommandParameterObject parameterObject, CancellationToken cancellationToken)
   at Microsoft.EntityFrameworkCore.Query.Internal.SingleQueryingEnumerable`1.AsyncEnumerator.InitializeReaderAsync(AsyncEnumerator enumerator, CancellationToken cancellationToken)
   at Npgsql.EntityFrameworkCore.PostgreSQL.Storage.Internal.NpgsqlExecutionStrategy.ExecuteAsync[TState,TResult](TState state, Func`4 operation, Func`4 verifySucceeded, CancellationToken cancellationToken)
   --- End of inner exception stack trace ---
   at Npgsql.EntityFrameworkCore.PostgreSQL.Storage.Internal.NpgsqlExecutionStrategy.ExecuteAsync[TState,TResult](TState state, Func`4 operation, Func`4 verifySucceeded, CancellationToken cancellationToken)
   at Microsoft.EntityFrameworkCore.Query.Internal.SingleQueryingEnumerable`1.AsyncEnumerator.MoveNextAsync()
2026-06-23 12:47:39.293 +00:00 [ERR] An exception occurred while iterating over the results of a query for context type 'API.Data.MusicPlayerDbContext'.
System.InvalidOperationException: An exception has been raised that is likely due to a transient failure.
 ---> Npgsql.NpgsqlException (0x80004005): Failed to connect to 192.168.1.6:5431
 ---> System.Net.Sockets.SocketException (111): Connection refused
   at System.Net.Sockets.Socket.AwaitableSocketAsyncEventArgs.ThrowException(SocketError error, CancellationToken cancellationToken)
   at System.Net.Sockets.Socket.AwaitableSocketAsyncEventArgs.System.Threading.Tasks.Sources.IValueTaskSource.GetResult(Int16 token)
   at System.Net.Sockets.Socket.<ConnectAsync>g__WaitForConnectWithCancellation|285_0(AwaitableSocketAsyncEventArgs saea, ValueTask connectTask, CancellationToken cancellationToken)
   at Npgsql.TaskTimeoutAndCancellation.ExecuteAsync(Func`2 getTaskFunc, NpgsqlTimeout timeout, CancellationToken cancellationToken)
   at Npgsql.Internal.NpgsqlConnector.ConnectAsync(NpgsqlTimeout timeout, CancellationToken cancellationToken)
   at Npgsql.Internal.NpgsqlConnector.ConnectAsync(NpgsqlTimeout timeout, CancellationToken cancellationToken)
   at Npgsql.Internal.NpgsqlConnector.RawOpen(SslMode sslMode, NpgsqlTimeout timeout, Boolean async, CancellationToken cancellationToken)
   at Npgsql.Internal.NpgsqlConnector.<Open>g__OpenCore|214_1(NpgsqlConnector conn, SslMode sslMode, NpgsqlTimeout timeout, Boolean async, CancellationToken cancellationToken)
   at Npgsql.Internal.NpgsqlConnector.Open(NpgsqlTimeout timeout, Boolean async, CancellationToken cancellationToken)
   at Npgsql.PoolingDataSource.OpenNewConnector(NpgsqlConnection conn, NpgsqlTimeout timeout, Boolean async, CancellationToken cancellationToken)
   at Npgsql.PoolingDataSource.<Get>g__RentAsync|33_0(NpgsqlConnection conn, NpgsqlTimeout timeout, Boolean async, CancellationToken cancellationToken)
   at Npgsql.NpgsqlConnection.<Open>g__OpenAsync|42_0(Boolean async, CancellationToken cancellationToken)
   at Microsoft.EntityFrameworkCore.Storage.RelationalConnection.OpenInternalAsync(Boolean errorsExpected, CancellationToken cancellationToken)
   at Microsoft.EntityFrameworkCore.Storage.RelationalConnection.OpenInternalAsync(Boolean errorsExpected, CancellationToken cancellationToken)
   at Microsoft.EntityFrameworkCore.Storage.RelationalConnection.OpenAsync(CancellationToken cancellationToken, Boolean errorsExpected)
   at Microsoft.EntityFrameworkCore.Storage.RelationalCommand.ExecuteReaderAsync(RelationalCommandParameterObject parameterObject, CancellationToken cancellationToken)
   at Microsoft.EntityFrameworkCore.Query.Internal.SingleQueryingEnumerable`1.AsyncEnumerator.InitializeReaderAsync(AsyncEnumerator enumerator, CancellationToken cancellationToken)
   at Npgsql.EntityFrameworkCore.PostgreSQL.Storage.Internal.NpgsqlExecutionStrategy.ExecuteAsync[TState,TResult](TState state, Func`4 operation, Func`4 verifySucceeded, CancellationToken cancellationToken)
   --- End of inner exception stack trace ---
   at Npgsql.EntityFrameworkCore.PostgreSQL.Storage.Internal.NpgsqlExecutionStrategy.ExecuteAsync[TState,TResult](TState state, Func`4 operation, Func`4 verifySucceeded, CancellationToken cancellationToken)
   at Microsoft.EntityFrameworkCore.Query.Internal.SingleQueryingEnumerable`1.AsyncEnumerator.MoveNextAsync()
System.InvalidOperationException: An exception has been raised that is likely due to a transient failure.
 ---> Npgsql.NpgsqlException (0x80004005): Failed to connect to 192.168.1.6:5431
 ---> System.Net.Sockets.SocketException (111): Connection refused
   at System.Net.Sockets.Socket.AwaitableSocketAsyncEventArgs.ThrowException(SocketError error, CancellationToken cancellationToken)
   at System.Net.Sockets.Socket.AwaitableSocketAsyncEventArgs.System.Threading.Tasks.Sources.IValueTaskSource.GetResult(Int16 token)
   at System.Net.Sockets.Socket.<ConnectAsync>g__WaitForConnectWithCancellation|285_0(AwaitableSocketAsyncEventArgs saea, ValueTask connectTask, CancellationToken cancellationToken)
   at Npgsql.TaskTimeoutAndCancellation.ExecuteAsync(Func`2 getTaskFunc, NpgsqlTimeout timeout, CancellationToken cancellationToken)
   at Npgsql.Internal.NpgsqlConnector.ConnectAsync(NpgsqlTimeout timeout, CancellationToken cancellationToken)
   at Npgsql.Internal.NpgsqlConnector.ConnectAsync(NpgsqlTimeout timeout, CancellationToken cancellationToken)
   at Npgsql.Internal.NpgsqlConnector.RawOpen(SslMode sslMode, NpgsqlTimeout timeout, Boolean async, CancellationToken cancellationToken)
   at Npgsql.Internal.NpgsqlConnector.<Open>g__OpenCore|214_1(NpgsqlConnector conn, SslMode sslMode, NpgsqlTimeout timeout, Boolean async, CancellationToken cancellationToken)
   at Npgsql.Internal.NpgsqlConnector.Open(NpgsqlTimeout timeout, Boolean async, CancellationToken cancellationToken)
   at Npgsql.PoolingDataSource.OpenNewConnector(NpgsqlConnection conn, NpgsqlTimeout timeout, Boolean async, CancellationToken cancellationToken)
   at Npgsql.PoolingDataSource.<Get>g__RentAsync|33_0(NpgsqlConnection conn, NpgsqlTimeout timeout, Boolean async, CancellationToken cancellationToken)
   at Npgsql.NpgsqlConnection.<Open>g__OpenAsync|42_0(Boolean async, CancellationToken cancellationToken)
   at Microsoft.EntityFrameworkCore.Storage.RelationalConnection.OpenInternalAsync(Boolean errorsExpected, CancellationToken cancellationToken)
   at Microsoft.EntityFrameworkCore.Storage.RelationalConnection.OpenInternalAsync(Boolean errorsExpected, CancellationToken cancellationToken)
   at Microsoft.EntityFrameworkCore.Storage.RelationalConnection.OpenAsync(CancellationToken cancellationToken, Boolean errorsExpected)
   at Microsoft.EntityFrameworkCore.Storage.RelationalCommand.ExecuteReaderAsync(RelationalCommandParameterObject parameterObject, CancellationToken cancellationToken)
   at Microsoft.EntityFrameworkCore.Query.Internal.SingleQueryingEnumerable`1.AsyncEnumerator.InitializeReaderAsync(AsyncEnumerator enumerator, CancellationToken cancellationToken)
   at Npgsql.EntityFrameworkCore.PostgreSQL.Storage.Internal.NpgsqlExecutionStrategy.ExecuteAsync[TState,TResult](TState state, Func`4 operation, Func`4 verifySucceeded, CancellationToken cancellationToken)
   --- End of inner exception stack trace ---
   at Npgsql.EntityFrameworkCore.PostgreSQL.Storage.Internal.NpgsqlExecutionStrategy.ExecuteAsync[TState,TResult](TState state, Func`4 operation, Func`4 verifySucceeded, CancellationToken cancellationToken)
   at Microsoft.EntityFrameworkCore.Query.Internal.SingleQueryingEnumerable`1.AsyncEnumerator.MoveNextAsync()
2026-06-23 12:47:39.295 +00:00 [INF] Executed action API.Controllers.MusicController.Get (API) in 2428.5072ms
2026-06-23 12:47:39.297 +00:00 [INF] Executed action API.Controllers.MusicController.Get (API) in 2430.2935ms
2026-06-23 12:47:39.297 +00:00 [INF] Executed endpoint 'API.Controllers.MusicController.Get (API)'
2026-06-23 12:47:39.297 +00:00 [INF] Executed endpoint 'API.Controllers.MusicController.Get (API)'
2026-06-23 12:47:39.297 +00:00 [ERR] An unhandled exception has occurred while executing the request.
System.InvalidOperationException: An exception has been raised that is likely due to a transient failure.
 ---> Npgsql.NpgsqlException (0x80004005): Failed to connect to 192.168.1.6:5431
 ---> System.Net.Sockets.SocketException (111): Connection refused
   at System.Net.Sockets.Socket.AwaitableSocketAsyncEventArgs.ThrowException(SocketError error, CancellationToken cancellationToken)
   at System.Net.Sockets.Socket.AwaitableSocketAsyncEventArgs.System.Threading.Tasks.Sources.IValueTaskSource.GetResult(Int16 token)
   at System.Net.Sockets.Socket.<ConnectAsync>g__WaitForConnectWithCancellation|285_0(AwaitableSocketAsyncEventArgs saea, ValueTask connectTask, CancellationToken cancellationToken)
   at Npgsql.TaskTimeoutAndCancellation.ExecuteAsync(Func`2 getTaskFunc, NpgsqlTimeout timeout, CancellationToken cancellationToken)
   at Npgsql.Internal.NpgsqlConnector.ConnectAsync(NpgsqlTimeout timeout, CancellationToken cancellationToken)
   at Npgsql.Internal.NpgsqlConnector.ConnectAsync(NpgsqlTimeout timeout, CancellationToken cancellationToken)
   at Npgsql.Internal.NpgsqlConnector.RawOpen(SslMode sslMode, NpgsqlTimeout timeout, Boolean async, CancellationToken cancellationToken)
   at Npgsql.Internal.NpgsqlConnector.<Open>g__OpenCore|214_1(NpgsqlConnector conn, SslMode sslMode, NpgsqlTimeout timeout, Boolean async, CancellationToken cancellationToken)
   at Npgsql.Internal.NpgsqlConnector.Open(NpgsqlTimeout timeout, Boolean async, CancellationToken cancellationToken)
   at Npgsql.PoolingDataSource.OpenNewConnector(NpgsqlConnection conn, NpgsqlTimeout timeout, Boolean async, CancellationToken cancellationToken)
   at Npgsql.PoolingDataSource.<Get>g__RentAsync|33_0(NpgsqlConnection conn, NpgsqlTimeout timeout, Boolean async, CancellationToken cancellationToken)
   at Npgsql.NpgsqlConnection.<Open>g__OpenAsync|42_0(Boolean async, CancellationToken cancellationToken)
   at Microsoft.EntityFrameworkCore.Storage.RelationalConnection.OpenInternalAsync(Boolean errorsExpected, CancellationToken cancellationToken)
   at Microsoft.EntityFrameworkCore.Storage.RelationalConnection.OpenInternalAsync(Boolean errorsExpected, CancellationToken cancellationToken)
   at Microsoft.EntityFrameworkCore.Storage.RelationalConnection.OpenAsync(CancellationToken cancellationToken, Boolean errorsExpected)
   at Microsoft.EntityFrameworkCore.Storage.RelationalCommand.ExecuteReaderAsync(RelationalCommandParameterObject parameterObject, CancellationToken cancellationToken)
   at Microsoft.EntityFrameworkCore.Query.Internal.SingleQueryingEnumerable`1.AsyncEnumerator.InitializeReaderAsync(AsyncEnumerator enumerator, CancellationToken cancellationToken)
   at Npgsql.EntityFrameworkCore.PostgreSQL.Storage.Internal.NpgsqlExecutionStrategy.ExecuteAsync[TState,TResult](TState state, Func`4 operation, Func`4 verifySucceeded, CancellationToken cancellationToken)
   --- End of inner exception stack trace ---
   at Npgsql.EntityFrameworkCore.PostgreSQL.Storage.Internal.NpgsqlExecutionStrategy.ExecuteAsync[TState,TResult](TState state, Func`4 operation, Func`4 verifySucceeded, CancellationToken cancellationToken)
   at Microsoft.EntityFrameworkCore.Query.Internal.SingleQueryingEnumerable`1.AsyncEnumerator.MoveNextAsync()
   at Microsoft.EntityFrameworkCore.EntityFrameworkQueryableExtensions.ToListAsync[TSource](IQueryable`1 source, CancellationToken cancellationToken)
   at Microsoft.EntityFrameworkCore.EntityFrameworkQueryableExtensions.ToListAsync[TSource](IQueryable`1 source, CancellationToken cancellationToken)
   at API.Services.MusicService.GetMusicsAsync(Int32 page, Int32 limit) in /source/Services/MusicService.cs:line 57
   at API.Controllers.MusicController.Get(Int32 page, Int32 limit) in /source/Controllers/MusicController.cs:line 28
   at lambda_method8(Closure, Object)
   at Microsoft.AspNetCore.Mvc.Infrastructure.ActionMethodExecutor.AwaitableObjectResultExecutor.Execute(ActionContext actionContext, IActionResultTypeMapper mapper, ObjectMethodExecutor executor, Object controller, Object[] arguments)
   at Microsoft.AspNetCore.Mvc.Infrastructure.ControllerActionInvoker.<InvokeActionMethodAsync>g__Awaited|12_0(ControllerActionInvoker invoker, ValueTask`1 actionResultValueTask)
   at Microsoft.AspNetCore.Mvc.Infrastructure.ControllerActionInvoker.<InvokeNextActionFilterAsync>g__Awaited|10_0(ControllerActionInvoker invoker, Task lastTask, State next, Scope scope, Object state, Boolean isCompleted)
   at Microsoft.AspNetCore.Mvc.Infrastructure.ControllerActionInvoker.Rethrow(ActionExecutedContextSealed context)
   at Microsoft.AspNetCore.Mvc.Infrastructure.ControllerActionInvoker.Next(State& next, Scope& scope, Object& state, Boolean& isCompleted)
   at Microsoft.AspNetCore.Mvc.Infrastructure.ControllerActionInvoker.<InvokeInnerFilterAsync>g__Awaited|13_0(ControllerActionInvoker invoker, Task lastTask, State next, Scope scope, Object state, Boolean isCompleted)
   at Microsoft.AspNetCore.Mvc.Infrastructure.ResourceInvoker.<InvokeFilterPipelineAsync>g__Awaited|20_0(ResourceInvoker invoker, Task lastTask, State next, Scope scope, Object state, Boolean isCompleted)
   at Microsoft.AspNetCore.Mvc.Infrastructure.ResourceInvoker.<InvokeAsync>g__Logged|17_1(ResourceInvoker invoker)
   at Microsoft.AspNetCore.Mvc.Infrastructure.ResourceInvoker.<InvokeAsync>g__Logged|17_1(ResourceInvoker invoker)
   at Microsoft.AspNetCore.Routing.EndpointMiddleware.<Invoke>g__AwaitRequestTask|7_0(Endpoint endpoint, Task requestTask, ILogger logger)
   at Microsoft.AspNetCore.Authorization.AuthorizationMiddleware.Invoke(HttpContext context)
   at Microsoft.AspNetCore.Authentication.AuthenticationMiddleware.Invoke(HttpContext context)
   at Microsoft.AspNetCore.Diagnostics.DeveloperExceptionPageMiddlewareImpl.Invoke(HttpContext context)
2026-06-23 12:47:39.297 +00:00 [ERR] An unhandled exception has occurred while executing the request.
System.InvalidOperationException: An exception has been raised that is likely due to a transient failure.
 ---> Npgsql.NpgsqlException (0x80004005): Failed to connect to 192.168.1.6:5431
 ---> System.Net.Sockets.SocketException (111): Connection refused
   at System.Net.Sockets.Socket.AwaitableSocketAsyncEventArgs.ThrowException(SocketError error, CancellationToken cancellationToken)
   at System.Net.Sockets.Socket.AwaitableSocketAsyncEventArgs.System.Threading.Tasks.Sources.IValueTaskSource.GetResult(Int16 token)
   at System.Net.Sockets.Socket.<ConnectAsync>g__WaitForConnectWithCancellation|285_0(AwaitableSocketAsyncEventArgs saea, ValueTask connectTask, CancellationToken cancellationToken)
   at Npgsql.TaskTimeoutAndCancellation.ExecuteAsync(Func`2 getTaskFunc, NpgsqlTimeout timeout, CancellationToken cancellationToken)
   at Npgsql.Internal.NpgsqlConnector.ConnectAsync(NpgsqlTimeout timeout, CancellationToken cancellationToken)
   at Npgsql.Internal.NpgsqlConnector.ConnectAsync(NpgsqlTimeout timeout, CancellationToken cancellationToken)
   at Npgsql.Internal.NpgsqlConnector.RawOpen(SslMode sslMode, NpgsqlTimeout timeout, Boolean async, CancellationToken cancellationToken)
   at Npgsql.Internal.NpgsqlConnector.<Open>g__OpenCore|214_1(NpgsqlConnector conn, SslMode sslMode, NpgsqlTimeout timeout, Boolean async, CancellationToken cancellationToken)
   at Npgsql.Internal.NpgsqlConnector.Open(NpgsqlTimeout timeout, Boolean async, CancellationToken cancellationToken)
   at Npgsql.PoolingDataSource.OpenNewConnector(NpgsqlConnection conn, NpgsqlTimeout timeout, Boolean async, CancellationToken cancellationToken)
   at Npgsql.PoolingDataSource.<Get>g__RentAsync|33_0(NpgsqlConnection conn, NpgsqlTimeout timeout, Boolean async, CancellationToken cancellationToken)
   at Npgsql.NpgsqlConnection.<Open>g__OpenAsync|42_0(Boolean async, CancellationToken cancellationToken)
   at Microsoft.EntityFrameworkCore.Storage.RelationalConnection.OpenInternalAsync(Boolean errorsExpected, CancellationToken cancellationToken)
   at Microsoft.EntityFrameworkCore.Storage.RelationalConnection.OpenInternalAsync(Boolean errorsExpected, CancellationToken cancellationToken)
   at Microsoft.EntityFrameworkCore.Storage.RelationalConnection.OpenAsync(CancellationToken cancellationToken, Boolean errorsExpected)
   at Microsoft.EntityFrameworkCore.Storage.RelationalCommand.ExecuteReaderAsync(RelationalCommandParameterObject parameterObject, CancellationToken cancellationToken)
   at Microsoft.EntityFrameworkCore.Query.Internal.SingleQueryingEnumerable`1.AsyncEnumerator.InitializeReaderAsync(AsyncEnumerator enumerator, CancellationToken cancellationToken)
   at Npgsql.EntityFrameworkCore.PostgreSQL.Storage.Internal.NpgsqlExecutionStrategy.ExecuteAsync[TState,TResult](TState state, Func`4 operation, Func`4 verifySucceeded, CancellationToken cancellationToken)
   --- End of inner exception stack trace ---
   at Npgsql.EntityFrameworkCore.PostgreSQL.Storage.Internal.NpgsqlExecutionStrategy.ExecuteAsync[TState,TResult](TState state, Func`4 operation, Func`4 verifySucceeded, CancellationToken cancellationToken)
   at Microsoft.EntityFrameworkCore.Query.Internal.SingleQueryingEnumerable`1.AsyncEnumerator.MoveNextAsync()
   at Microsoft.EntityFrameworkCore.EntityFrameworkQueryableExtensions.ToListAsync[TSource](IQueryable`1 source, CancellationToken cancellationToken)
   at Microsoft.EntityFrameworkCore.EntityFrameworkQueryableExtensions.ToListAsync[TSource](IQueryable`1 source, CancellationToken cancellationToken)
   at API.Services.MusicService.GetMusicsAsync(Int32 page, Int32 limit) in /source/Services/MusicService.cs:line 57
   at API.Controllers.MusicController.Get(Int32 page, Int32 limit) in /source/Controllers/MusicController.cs:line 26
   at lambda_method8(Closure, Object)
   at Microsoft.AspNetCore.Mvc.Infrastructure.ActionMethodExecutor.AwaitableObjectResultExecutor.Execute(ActionContext actionContext, IActionResultTypeMapper mapper, ObjectMethodExecutor executor, Object controller, Object[] arguments)
   at Microsoft.AspNetCore.Mvc.Infrastructure.ControllerActionInvoker.<InvokeActionMethodAsync>g__Awaited|12_0(ControllerActionInvoker invoker, ValueTask`1 actionResultValueTask)
   at Microsoft.AspNetCore.Mvc.Infrastructure.ControllerActionInvoker.<InvokeNextActionFilterAsync>g__Awaited|10_0(ControllerActionInvoker invoker, Task lastTask, State next, Scope scope, Object state, Boolean isCompleted)
   at Microsoft.AspNetCore.Mvc.Infrastructure.ControllerActionInvoker.Rethrow(ActionExecutedContextSealed context)
   at Microsoft.AspNetCore.Mvc.Infrastructure.ControllerActionInvoker.Next(State& next, Scope& scope, Object& state, Boolean& isCompleted)
   at Microsoft.AspNetCore.Mvc.Infrastructure.ControllerActionInvoker.<InvokeInnerFilterAsync>g__Awaited|13_0(ControllerActionInvoker invoker, Task lastTask, State next, Scope scope, Object state, Boolean isCompleted)
   at Microsoft.AspNetCore.Mvc.Infrastructure.ResourceInvoker.<InvokeFilterPipelineAsync>g__Awaited|20_0(ResourceInvoker invoker, Task lastTask, State next, Scope scope, Object state, Boolean isCompleted)
   at Microsoft.AspNetCore.Mvc.Infrastructure.ResourceInvoker.<InvokeAsync>g__Logged|17_1(ResourceInvoker invoker)
   at Microsoft.AspNetCore.Mvc.Infrastructure.ResourceInvoker.<InvokeAsync>g__Logged|17_1(ResourceInvoker invoker)
   at Microsoft.AspNetCore.Routing.EndpointMiddleware.<Invoke>g__AwaitRequestTask|7_0(Endpoint endpoint, Task requestTask, ILogger logger)
   at Microsoft.AspNetCore.Authorization.AuthorizationMiddleware.Invoke(HttpContext context)
   at Microsoft.AspNetCore.Authentication.AuthenticationMiddleware.Invoke(HttpContext context)
   at Microsoft.AspNetCore.Diagnostics.DeveloperExceptionPageMiddlewareImpl.Invoke(HttpContext context)
2026-06-23 12:47:39.304 +00:00 [INF] Request finished HTTP/1.1 GET http://192.168.1.4:8080/api/music?page=1&limit=10 - 500 null text/plain; charset=utf-8 2441.3647ms
2026-06-23 12:47:39.306 +00:00 [INF] Request finished HTTP/1.1 GET http://192.168.1.4:8080/api/music - 500 null text/plain; charset=utf-8 2442.8034ms
2026-06-23 12:49:07.723 +00:00 [INF] Application is shutting down...
2026-06-23 12:49:08.455 +00:00 [WRN] Storing keys in a directory '/home/app/.aspnet/DataProtection-Keys' that may not be persisted outside of the container. Protected data will be unavailable when container is destroyed. For more information go to https://aka.ms/aspnet/dataprotectionwarning
2026-06-23 12:49:08.477 +00:00 [INF] User profile is available. Using '/home/app/.aspnet/DataProtection-Keys' as key repository; keys will not be encrypted at rest.
2026-06-23 12:49:08.486 +00:00 [INF] Creating key {2c3dee45-fe5c-4ac1-8127-63f34a415bfb} with creation date 2026-06-23 12:49:08Z, activation date 2026-06-23 12:49:08Z, and expiration date 2026-09-21 12:49:08Z.
2026-06-23 12:49:08.519 +00:00 [WRN] No XML encryptor configured. Key {2c3dee45-fe5c-4ac1-8127-63f34a415bfb} may be persisted to storage in unencrypted form.
2026-06-23 12:49:08.521 +00:00 [INF] Writing data to file '/home/app/.aspnet/DataProtection-Keys/key-2c3dee45-fe5c-4ac1-8127-63f34a415bfb.xml'.
2026-06-23 12:49:08.561 +00:00 [INF] Now listening on: http://[::]:8080
2026-06-23 12:49:08.563 +00:00 [INF] Application started. Press Ctrl+C to shut down.
2026-06-23 12:49:08.563 +00:00 [INF] Hosting environment: Development
2026-06-23 12:49:08.564 +00:00 [INF] Content root path: /app
2026-06-23 12:49:12.500 +00:00 [INF] Request starting HTTP/1.1 GET http://192.168.1.4:8080/api/music - null null
2026-06-23 12:49:12.500 +00:00 [INF] Request starting HTTP/1.1 GET http://192.168.1.4:8080/api/music?page=1&limit=10 - null null
2026-06-23 12:49:12.512 +00:00 [WRN] Failed to determine the https port for redirect.
2026-06-23 12:49:12.527 +00:00 [INF] ====== OnMessageReceived START ======
2026-06-23 12:49:12.527 +00:00 [INF] ====== OnMessageReceived START ======
2026-06-23 12:49:12.528 +00:00 [INF] Available cookies: 0
2026-06-23 12:49:12.528 +00:00 [INF] Available cookies: 0
2026-06-23 12:49:12.528 +00:00 [WRN] NO TOKEN FOUND IN COOKIES!
2026-06-23 12:49:12.528 +00:00 [WRN] NO TOKEN FOUND IN COOKIES!
2026-06-23 12:49:12.528 +00:00 [INF] ====== OnMessageReceived END - Token set: false ======
2026-06-23 12:49:12.529 +00:00 [INF] ====== OnMessageReceived END - Token set: false ======
2026-06-23 12:49:12.531 +00:00 [INF] Executing endpoint 'API.Controllers.MusicController.Get (API)'
2026-06-23 12:49:12.531 +00:00 [INF] Executing endpoint 'API.Controllers.MusicController.Get (API)'
2026-06-23 12:49:12.545 +00:00 [INF] Route matched with {action = "Get", controller = "Music"}. Executing controller action with signature System.Threading.Tasks.Task`1[System.Collections.Generic.IEnumerable`1[API.Models.Music]] Get(Int32, Int32) on controller API.Controllers.MusicController (API).
2026-06-23 12:49:12.545 +00:00 [INF] Route matched with {action = "Get", controller = "Music"}. Executing controller action with signature System.Threading.Tasks.Task`1[System.Collections.Generic.IEnumerable`1[API.Models.Music]] Get(Int32, Int32) on controller API.Controllers.MusicController (API).
2026-06-23 12:49:12.610 +00:00 [WRN] Invalid pagination parameters: page=0, limit=0
2026-06-23 12:49:12.611 +00:00 [INF] Fetching music data from database...
2026-06-23 12:49:12.611 +00:00 [INF] Fetching music data from database...
2026-06-23 12:49:12.978 +00:00 [WRN] The query uses a row limiting operator ('Skip'/'Take') without an 'OrderBy' operator. This may lead to unpredictable results. If the 'Distinct' operator is used after 'OrderBy', then make sure to use the 'OrderBy' operator after 'Distinct' as the ordering would otherwise get erased.
2026-06-23 12:49:12.979 +00:00 [WRN] The query uses a row limiting operator ('Skip'/'Take') without an 'OrderBy' operator. This may lead to unpredictable results. If the 'Distinct' operator is used after 'OrderBy', then make sure to use the 'OrderBy' operator after 'Distinct' as the ordering would otherwise get erased.
2026-06-23 12:49:13.169 +00:00 [INF] Executed DbCommand (31ms) [Parameters=[@__p_1='?' (DbType = Int32), @__p_0='?' (DbType = Int32)], CommandType='"Text"', CommandTimeout='30']
SELECT m."ID", m."AddedAt", m."File_id", m."Title"
FROM "Musics" AS m
LIMIT @__p_1 OFFSET @__p_0
2026-06-23 12:49:13.169 +00:00 [INF] Executed DbCommand (31ms) [Parameters=[@__p_1='?' (DbType = Int32), @__p_0='?' (DbType = Int32)], CommandType='"Text"', CommandTimeout='30']
SELECT m."ID", m."AddedAt", m."File_id", m."Title"
FROM "Musics" AS m
LIMIT @__p_1 OFFSET @__p_0
2026-06-23 12:49:13.211 +00:00 [INF] Fetched 3 music records.
2026-06-23 12:49:13.211 +00:00 [INF] Fetched 3 music records.
2026-06-23 12:49:13.216 +00:00 [INF] Executing ObjectResult, writing value of type 'System.Collections.Generic.List`1[[API.Models.Music, API, Version=1.0.0.0, Culture=neutral, PublicKeyToken=null]]'.
2026-06-23 12:49:13.216 +00:00 [INF] Executing ObjectResult, writing value of type 'System.Collections.Generic.List`1[[API.Models.Music, API, Version=1.0.0.0, Culture=neutral, PublicKeyToken=null]]'.
2026-06-23 12:49:13.246 +00:00 [INF] Executed action API.Controllers.MusicController.Get (API) in 698.8517ms
2026-06-23 12:49:13.246 +00:00 [INF] Executed action API.Controllers.MusicController.Get (API) in 698.9677ms
2026-06-23 12:49:13.248 +00:00 [INF] Executed endpoint 'API.Controllers.MusicController.Get (API)'
2026-06-23 12:49:13.248 +00:00 [INF] Executed endpoint 'API.Controllers.MusicController.Get (API)'
2026-06-23 12:49:13.253 +00:00 [INF] Request finished HTTP/1.1 GET http://192.168.1.4:8080/api/music?page=1&limit=10 - 200 null application/json; charset=utf-8 753.8016ms
2026-06-23 12:49:13.253 +00:00 [INF] Request finished HTTP/1.1 GET http://192.168.1.4:8080/api/music - 200 null application/json; charset=utf-8 753.7581ms
2026-06-23 12:49:13.790 +00:00 [INF] Request starting HTTP/1.1 GET http://192.168.1.4:8080/api/music?page=1&limit=10 - null null
2026-06-23 12:49:13.790 +00:00 [INF] Request starting HTTP/1.1 GET http://192.168.1.4:8080/api/music - null null
2026-06-23 12:49:13.792 +00:00 [INF] CORS policy execution failed.
2026-06-23 12:49:13.792 +00:00 [INF] CORS policy execution failed.
2026-06-23 12:49:13.792 +00:00 [INF] Request origin http://192.168.1.4:4200 does not have permission to access the resource.
2026-06-23 12:49:13.792 +00:00 [INF] Request origin http://192.168.1.4:4200 does not have permission to access the resource.
2026-06-23 12:49:13.793 +00:00 [INF] ====== OnMessageReceived START ======
2026-06-23 12:49:13.793 +00:00 [INF] ====== OnMessageReceived START ======
2026-06-23 12:49:13.793 +00:00 [INF] Available cookies: 0
2026-06-23 12:49:13.794 +00:00 [INF] Available cookies: 0
2026-06-23 12:49:13.794 +00:00 [WRN] NO TOKEN FOUND IN COOKIES!
2026-06-23 12:49:13.794 +00:00 [WRN] NO TOKEN FOUND IN COOKIES!
2026-06-23 12:49:13.794 +00:00 [INF] ====== OnMessageReceived END - Token set: false ======
2026-06-23 12:49:13.794 +00:00 [INF] ====== OnMessageReceived END - Token set: false ======
2026-06-23 12:49:13.794 +00:00 [INF] Executing endpoint 'API.Controllers.MusicController.Get (API)'
2026-06-23 12:49:13.794 +00:00 [INF] Executing endpoint 'API.Controllers.MusicController.Get (API)'
2026-06-23 12:49:13.795 +00:00 [INF] Route matched with {action = "Get", controller = "Music"}. Executing controller action with signature System.Threading.Tasks.Task`1[System.Collections.Generic.IEnumerable`1[API.Models.Music]] Get(Int32, Int32) on controller API.Controllers.MusicController (API).
2026-06-23 12:49:13.795 +00:00 [INF] Route matched with {action = "Get", controller = "Music"}. Executing controller action with signature System.Threading.Tasks.Task`1[System.Collections.Generic.IEnumerable`1[API.Models.Music]] Get(Int32, Int32) on controller API.Controllers.MusicController (API).
2026-06-23 12:49:13.802 +00:00 [WRN] Invalid pagination parameters: page=0, limit=0
2026-06-23 12:49:13.803 +00:00 [INF] Fetching music data from database...
2026-06-23 12:49:13.803 +00:00 [INF] Fetching music data from database...
2026-06-23 12:49:13.835 +00:00 [INF] Executed DbCommand (2ms) [Parameters=[@__p_1='?' (DbType = Int32), @__p_0='?' (DbType = Int32)], CommandType='"Text"', CommandTimeout='30']
SELECT m."ID", m."AddedAt", m."File_id", m."Title"
FROM "Musics" AS m
LIMIT @__p_1 OFFSET @__p_0
2026-06-23 12:49:13.835 +00:00 [INF] Executed DbCommand (2ms) [Parameters=[@__p_1='?' (DbType = Int32), @__p_0='?' (DbType = Int32)], CommandType='"Text"', CommandTimeout='30']
SELECT m."ID", m."AddedAt", m."File_id", m."Title"
FROM "Musics" AS m
LIMIT @__p_1 OFFSET @__p_0
2026-06-23 12:49:13.836 +00:00 [INF] Fetched 3 music records.
2026-06-23 12:49:13.836 +00:00 [INF] Fetched 3 music records.
2026-06-23 12:49:13.836 +00:00 [INF] Executing ObjectResult, writing value of type 'System.Collections.Generic.List`1[[API.Models.Music, API, Version=1.0.0.0, Culture=neutral, PublicKeyToken=null]]'.
2026-06-23 12:49:13.836 +00:00 [INF] Executing ObjectResult, writing value of type 'System.Collections.Generic.List`1[[API.Models.Music, API, Version=1.0.0.0, Culture=neutral, PublicKeyToken=null]]'.
2026-06-23 12:49:13.837 +00:00 [INF] Executed action API.Controllers.MusicController.Get (API) in 42.3973ms
2026-06-23 12:49:13.837 +00:00 [INF] Executed action API.Controllers.MusicController.Get (API) in 42.2656ms
2026-06-23 12:49:13.838 +00:00 [INF] Executed endpoint 'API.Controllers.MusicController.Get (API)'
2026-06-23 12:49:13.838 +00:00 [INF] Executed endpoint 'API.Controllers.MusicController.Get (API)'
2026-06-23 12:49:13.838 +00:00 [INF] Request finished HTTP/1.1 GET http://192.168.1.4:8080/api/music?page=1&limit=10 - 200 null application/json; charset=utf-8 48.2495ms
2026-06-23 12:49:13.838 +00:00 [INF] Request finished HTTP/1.1 GET http://192.168.1.4:8080/api/music - 200 null application/json; charset=utf-8 48.315ms
2026-06-23 12:49:22.443 +00:00 [INF] Request starting HTTP/1.1 GET http://192.168.1.4:8080/api/music - null null
2026-06-23 12:49:22.443 +00:00 [INF] Request starting HTTP/1.1 GET http://192.168.1.4:8080/api/music?page=1&limit=10 - null null
2026-06-23 12:49:22.443 +00:00 [INF] ====== OnMessageReceived START ======
2026-06-23 12:49:22.443 +00:00 [INF] ====== OnMessageReceived START ======
2026-06-23 12:49:22.443 +00:00 [INF] Available cookies: 0
2026-06-23 12:49:22.444 +00:00 [INF] Available cookies: 0
2026-06-23 12:49:22.444 +00:00 [WRN] NO TOKEN FOUND IN COOKIES!
2026-06-23 12:49:22.444 +00:00 [WRN] NO TOKEN FOUND IN COOKIES!
2026-06-23 12:49:22.444 +00:00 [INF] ====== OnMessageReceived END - Token set: false ======
2026-06-23 12:49:22.444 +00:00 [INF] ====== OnMessageReceived END - Token set: false ======
2026-06-23 12:49:22.444 +00:00 [INF] Executing endpoint 'API.Controllers.MusicController.Get (API)'
2026-06-23 12:49:22.444 +00:00 [INF] Executing endpoint 'API.Controllers.MusicController.Get (API)'
2026-06-23 12:49:22.445 +00:00 [INF] Route matched with {action = "Get", controller = "Music"}. Executing controller action with signature System.Threading.Tasks.Task`1[System.Collections.Generic.IEnumerable`1[API.Models.Music]] Get(Int32, Int32) on controller API.Controllers.MusicController (API).
2026-06-23 12:49:22.445 +00:00 [INF] Route matched with {action = "Get", controller = "Music"}. Executing controller action with signature System.Threading.Tasks.Task`1[System.Collections.Generic.IEnumerable`1[API.Models.Music]] Get(Int32, Int32) on controller API.Controllers.MusicController (API).
2026-06-23 12:49:22.445 +00:00 [WRN] Invalid pagination parameters: page=0, limit=0
2026-06-23 12:49:22.445 +00:00 [INF] Fetching music data from database...
2026-06-23 12:49:22.446 +00:00 [INF] Fetching music data from database...
2026-06-23 12:49:22.453 +00:00 [INF] Executed DbCommand (1ms) [Parameters=[@__p_1='?' (DbType = Int32), @__p_0='?' (DbType = Int32)], CommandType='"Text"', CommandTimeout='30']
SELECT m."ID", m."AddedAt", m."File_id", m."Title"
FROM "Musics" AS m
LIMIT @__p_1 OFFSET @__p_0
2026-06-23 12:49:22.453 +00:00 [INF] Executed DbCommand (1ms) [Parameters=[@__p_1='?' (DbType = Int32), @__p_0='?' (DbType = Int32)], CommandType='"Text"', CommandTimeout='30']
SELECT m."ID", m."AddedAt", m."File_id", m."Title"
FROM "Musics" AS m
LIMIT @__p_1 OFFSET @__p_0
2026-06-23 12:49:22.454 +00:00 [INF] Fetched 3 music records.
2026-06-23 12:49:22.454 +00:00 [INF] Fetched 3 music records.
2026-06-23 12:49:22.454 +00:00 [INF] Executing ObjectResult, writing value of type 'System.Collections.Generic.List`1[[API.Models.Music, API, Version=1.0.0.0, Culture=neutral, PublicKeyToken=null]]'.
2026-06-23 12:49:22.454 +00:00 [INF] Executing ObjectResult, writing value of type 'System.Collections.Generic.List`1[[API.Models.Music, API, Version=1.0.0.0, Culture=neutral, PublicKeyToken=null]]'.
2026-06-23 12:49:22.454 +00:00 [INF] Executed action API.Controllers.MusicController.Get (API) in 9.4646ms
2026-06-23 12:49:22.455 +00:00 [INF] Executed action API.Controllers.MusicController.Get (API) in 9.5487ms
2026-06-23 12:49:22.455 +00:00 [INF] Executed endpoint 'API.Controllers.MusicController.Get (API)'
2026-06-23 12:49:22.455 +00:00 [INF] Executed endpoint 'API.Controllers.MusicController.Get (API)'
2026-06-23 12:49:22.455 +00:00 [INF] Request finished HTTP/1.1 GET http://192.168.1.4:8080/api/music - 200 null application/json; charset=utf-8 12.3344ms
2026-06-23 12:49:22.455 +00:00 [INF] Request finished HTTP/1.1 GET http://192.168.1.4:8080/api/music?page=1&limit=10 - 200 null application/json; charset=utf-8 12.3825ms
2026-06-23 12:49:23.232 +00:00 [INF] Request starting HTTP/1.1 GET http://192.168.1.4:8080/api/music?page=1&limit=10 - null null
2026-06-23 12:49:23.232 +00:00 [INF] Request starting HTTP/1.1 GET http://192.168.1.4:8080/api/music - null null
2026-06-23 12:49:23.233 +00:00 [INF] CORS policy execution failed.
2026-06-23 12:49:23.233 +00:00 [INF] CORS policy execution failed.
2026-06-23 12:49:23.233 +00:00 [INF] Request origin http://192.168.1.4:4200 does not have permission to access the resource.
2026-06-23 12:49:23.233 +00:00 [INF] Request origin http://192.168.1.4:4200 does not have permission to access the resource.
2026-06-23 12:49:23.234 +00:00 [INF] ====== OnMessageReceived START ======
2026-06-23 12:49:23.234 +00:00 [INF] ====== OnMessageReceived START ======
2026-06-23 12:49:23.234 +00:00 [INF] Available cookies: 0
2026-06-23 12:49:23.234 +00:00 [INF] Available cookies: 0
2026-06-23 12:49:23.234 +00:00 [WRN] NO TOKEN FOUND IN COOKIES!
2026-06-23 12:49:23.234 +00:00 [WRN] NO TOKEN FOUND IN COOKIES!
2026-06-23 12:49:23.234 +00:00 [INF] ====== OnMessageReceived END - Token set: false ======
2026-06-23 12:49:23.234 +00:00 [INF] ====== OnMessageReceived END - Token set: false ======
2026-06-23 12:49:23.235 +00:00 [INF] Executing endpoint 'API.Controllers.MusicController.Get (API)'
2026-06-23 12:49:23.235 +00:00 [INF] Executing endpoint 'API.Controllers.MusicController.Get (API)'
2026-06-23 12:49:23.235 +00:00 [INF] Route matched with {action = "Get", controller = "Music"}. Executing controller action with signature System.Threading.Tasks.Task`1[System.Collections.Generic.IEnumerable`1[API.Models.Music]] Get(Int32, Int32) on controller API.Controllers.MusicController (API).
2026-06-23 12:49:23.235 +00:00 [INF] Route matched with {action = "Get", controller = "Music"}. Executing controller action with signature System.Threading.Tasks.Task`1[System.Collections.Generic.IEnumerable`1[API.Models.Music]] Get(Int32, Int32) on controller API.Controllers.MusicController (API).
2026-06-23 12:49:23.236 +00:00 [WRN] Invalid pagination parameters: page=0, limit=0
2026-06-23 12:49:23.236 +00:00 [INF] Fetching music data from database...
2026-06-23 12:49:23.236 +00:00 [INF] Fetching music data from database...
2026-06-23 12:49:23.239 +00:00 [INF] Executed DbCommand (2ms) [Parameters=[@__p_1='?' (DbType = Int32), @__p_0='?' (DbType = Int32)], CommandType='"Text"', CommandTimeout='30']
SELECT m."ID", m."AddedAt", m."File_id", m."Title"
FROM "Musics" AS m
LIMIT @__p_1 OFFSET @__p_0
2026-06-23 12:49:23.239 +00:00 [INF] Executed DbCommand (2ms) [Parameters=[@__p_1='?' (DbType = Int32), @__p_0='?' (DbType = Int32)], CommandType='"Text"', CommandTimeout='30']
SELECT m."ID", m."AddedAt", m."File_id", m."Title"
FROM "Musics" AS m
LIMIT @__p_1 OFFSET @__p_0
2026-06-23 12:49:23.239 +00:00 [INF] Fetched 3 music records.
2026-06-23 12:49:23.239 +00:00 [INF] Fetched 3 music records.
2026-06-23 12:49:23.240 +00:00 [INF] Executing ObjectResult, writing value of type 'System.Collections.Generic.List`1[[API.Models.Music, API, Version=1.0.0.0, Culture=neutral, PublicKeyToken=null]]'.
2026-06-23 12:49:23.240 +00:00 [INF] Executing ObjectResult, writing value of type 'System.Collections.Generic.List`1[[API.Models.Music, API, Version=1.0.0.0, Culture=neutral, PublicKeyToken=null]]'.
2026-06-23 12:49:23.240 +00:00 [INF] Executed action API.Controllers.MusicController.Get (API) in 4.7916ms
2026-06-23 12:49:23.240 +00:00 [INF] Executed action API.Controllers.MusicController.Get (API) in 4.6722ms
2026-06-23 12:49:23.240 +00:00 [INF] Executed endpoint 'API.Controllers.MusicController.Get (API)'
2026-06-23 12:49:23.240 +00:00 [INF] Executed endpoint 'API.Controllers.MusicController.Get (API)'
2026-06-23 12:49:23.240 +00:00 [INF] Request finished HTTP/1.1 GET http://192.168.1.4:8080/api/music - 200 null application/json; charset=utf-8 8.6766ms
2026-06-23 12:49:23.241 +00:00 [INF] Request finished HTTP/1.1 GET http://192.168.1.4:8080/api/music?page=1&limit=10 - 200 null application/json; charset=utf-8 8.7868ms
2026-06-23 12:49:43.461 +00:00 [INF] Request starting HTTP/1.1 GET http://192.168.1.4:8080/api/music - null null
2026-06-23 12:49:43.467 +00:00 [INF] CORS policy execution failed.
2026-06-23 12:49:43.467 +00:00 [INF] Request origin http://192.168.1.4:4200 does not have permission to access the resource.
2026-06-23 12:49:43.467 +00:00 [INF] ====== OnMessageReceived START ======
2026-06-23 12:49:43.468 +00:00 [INF] Available cookies: 0
2026-06-23 12:49:43.468 +00:00 [WRN] NO TOKEN FOUND IN COOKIES!
2026-06-23 12:49:43.468 +00:00 [INF] ====== OnMessageReceived END - Token set: false ======
2026-06-23 12:49:43.469 +00:00 [INF] Executing endpoint 'API.Controllers.MusicController.Get (API)'
2026-06-23 12:49:43.469 +00:00 [INF] Route matched with {action = "Get", controller = "Music"}. Executing controller action with signature System.Threading.Tasks.Task`1[System.Collections.Generic.IEnumerable`1[API.Models.Music]] Get(Int32, Int32) on controller API.Controllers.MusicController (API).
2026-06-23 12:49:43.469 +00:00 [WRN] Invalid pagination parameters: page=0, limit=0
2026-06-23 12:49:43.470 +00:00 [INF] Fetching music data from database...
2026-06-23 12:49:43.472 +00:00 [INF] Executed DbCommand (2ms) [Parameters=[@__p_1='?' (DbType = Int32), @__p_0='?' (DbType = Int32)], CommandType='"Text"', CommandTimeout='30']
SELECT m."ID", m."AddedAt", m."File_id", m."Title"
FROM "Musics" AS m
LIMIT @__p_1 OFFSET @__p_0
2026-06-23 12:49:43.472 +00:00 [INF] Fetched 3 music records.
2026-06-23 12:49:43.473 +00:00 [INF] Executing ObjectResult, writing value of type 'System.Collections.Generic.List`1[[API.Models.Music, API, Version=1.0.0.0, Culture=neutral, PublicKeyToken=null]]'.
2026-06-23 12:49:43.473 +00:00 [INF] Executed action API.Controllers.MusicController.Get (API) in 3.7736ms
2026-06-23 12:49:43.473 +00:00 [INF] Executed endpoint 'API.Controllers.MusicController.Get (API)'
2026-06-23 12:49:43.473 +00:00 [INF] Request finished HTTP/1.1 GET http://192.168.1.4:8080/api/music - 200 null application/json; charset=utf-8 11.8284ms
2026-06-23 12:50:54.450 +00:00 [INF] Application is shutting down...
2026-06-23 12:50:55.277 +00:00 [WRN] Storing keys in a directory '/home/app/.aspnet/DataProtection-Keys' that may not be persisted outside of the container. Protected data will be unavailable when container is destroyed. For more information go to https://aka.ms/aspnet/dataprotectionwarning
2026-06-23 12:50:55.298 +00:00 [INF] User profile is available. Using '/home/app/.aspnet/DataProtection-Keys' as key repository; keys will not be encrypted at rest.
2026-06-23 12:50:55.307 +00:00 [INF] Creating key {a07feb29-da59-4245-a62d-573d92c84107} with creation date 2026-06-23 12:50:55Z, activation date 2026-06-23 12:50:55Z, and expiration date 2026-09-21 12:50:55Z.
2026-06-23 12:50:55.339 +00:00 [WRN] No XML encryptor configured. Key {a07feb29-da59-4245-a62d-573d92c84107} may be persisted to storage in unencrypted form.
2026-06-23 12:50:55.341 +00:00 [INF] Writing data to file '/home/app/.aspnet/DataProtection-Keys/key-a07feb29-da59-4245-a62d-573d92c84107.xml'.
2026-06-23 12:50:55.382 +00:00 [INF] Now listening on: http://[::]:8080
2026-06-23 12:50:55.384 +00:00 [INF] Application started. Press Ctrl+C to shut down.
2026-06-23 12:50:55.384 +00:00 [INF] Hosting environment: Development
2026-06-23 12:50:55.384 +00:00 [INF] Content root path: /app
2026-06-23 12:51:18.467 +00:00 [INF] Request starting HTTP/1.1 GET http://192.168.1.4:8080/api/music - null null
2026-06-23 12:51:18.467 +00:00 [INF] Request starting HTTP/1.1 GET http://192.168.1.4:8080/api/music?page=1&limit=10 - null null
2026-06-23 12:51:18.479 +00:00 [WRN] Failed to determine the https port for redirect.
2026-06-23 12:51:18.495 +00:00 [INF] ====== OnMessageReceived START ======
2026-06-23 12:51:18.495 +00:00 [INF] ====== OnMessageReceived START ======
2026-06-23 12:51:18.495 +00:00 [INF] Available cookies: 0
2026-06-23 12:51:18.495 +00:00 [INF] Available cookies: 0
2026-06-23 12:51:18.496 +00:00 [WRN] NO TOKEN FOUND IN COOKIES!
2026-06-23 12:51:18.496 +00:00 [WRN] NO TOKEN FOUND IN COOKIES!
2026-06-23 12:51:18.496 +00:00 [INF] ====== OnMessageReceived END - Token set: false ======
2026-06-23 12:51:18.497 +00:00 [INF] ====== OnMessageReceived END - Token set: false ======
2026-06-23 12:51:18.499 +00:00 [INF] Executing endpoint 'API.Controllers.MusicController.Get (API)'
2026-06-23 12:51:18.499 +00:00 [INF] Executing endpoint 'API.Controllers.MusicController.Get (API)'
2026-06-23 12:51:18.512 +00:00 [INF] Route matched with {action = "Get", controller = "Music"}. Executing controller action with signature System.Threading.Tasks.Task`1[System.Collections.Generic.IEnumerable`1[API.Models.Music]] Get(Int32, Int32) on controller API.Controllers.MusicController (API).
2026-06-23 12:51:18.512 +00:00 [INF] Route matched with {action = "Get", controller = "Music"}. Executing controller action with signature System.Threading.Tasks.Task`1[System.Collections.Generic.IEnumerable`1[API.Models.Music]] Get(Int32, Int32) on controller API.Controllers.MusicController (API).
2026-06-23 12:51:18.576 +00:00 [WRN] Invalid pagination parameters: page=0, limit=0
2026-06-23 12:51:18.577 +00:00 [INF] Fetching music data from database...
2026-06-23 12:51:18.577 +00:00 [INF] Fetching music data from database...
2026-06-23 12:51:18.927 +00:00 [WRN] The query uses a row limiting operator ('Skip'/'Take') without an 'OrderBy' operator. This may lead to unpredictable results. If the 'Distinct' operator is used after 'OrderBy', then make sure to use the 'OrderBy' operator after 'Distinct' as the ordering would otherwise get erased.
2026-06-23 12:51:18.928 +00:00 [WRN] The query uses a row limiting operator ('Skip'/'Take') without an 'OrderBy' operator. This may lead to unpredictable results. If the 'Distinct' operator is used after 'OrderBy', then make sure to use the 'OrderBy' operator after 'Distinct' as the ordering would otherwise get erased.
2026-06-23 12:51:19.086 +00:00 [INF] Executed DbCommand (28ms) [Parameters=[@__p_1='?' (DbType = Int32), @__p_0='?' (DbType = Int32)], CommandType='"Text"', CommandTimeout='30']
SELECT m."ID", m."AddedAt", m."File_id", m."Title"
FROM "Musics" AS m
LIMIT @__p_1 OFFSET @__p_0
2026-06-23 12:51:19.086 +00:00 [INF] Executed DbCommand (28ms) [Parameters=[@__p_1='?' (DbType = Int32), @__p_0='?' (DbType = Int32)], CommandType='"Text"', CommandTimeout='30']
SELECT m."ID", m."AddedAt", m."File_id", m."Title"
FROM "Musics" AS m
LIMIT @__p_1 OFFSET @__p_0
2026-06-23 12:51:19.128 +00:00 [INF] Fetched 3 music records.
2026-06-23 12:51:19.128 +00:00 [INF] Fetched 3 music records.
2026-06-23 12:51:19.133 +00:00 [INF] Executing ObjectResult, writing value of type 'System.Collections.Generic.List`1[[API.Models.Music, API, Version=1.0.0.0, Culture=neutral, PublicKeyToken=null]]'.
2026-06-23 12:51:19.133 +00:00 [INF] Executing ObjectResult, writing value of type 'System.Collections.Generic.List`1[[API.Models.Music, API, Version=1.0.0.0, Culture=neutral, PublicKeyToken=null]]'.
2026-06-23 12:51:19.163 +00:00 [INF] Executed action API.Controllers.MusicController.Get (API) in 648.9628ms
2026-06-23 12:51:19.163 +00:00 [INF] Executed action API.Controllers.MusicController.Get (API) in 648.7854ms
2026-06-23 12:51:19.165 +00:00 [INF] Executed endpoint 'API.Controllers.MusicController.Get (API)'
2026-06-23 12:51:19.165 +00:00 [INF] Executed endpoint 'API.Controllers.MusicController.Get (API)'
2026-06-23 12:51:19.170 +00:00 [INF] Request finished HTTP/1.1 GET http://192.168.1.4:8080/api/music - 200 null application/json; charset=utf-8 703.7158ms
2026-06-23 12:51:19.170 +00:00 [INF] Request finished HTTP/1.1 GET http://192.168.1.4:8080/api/music?page=1&limit=10 - 200 null application/json; charset=utf-8 703.7507ms
2026-06-23 12:51:19.887 +00:00 [INF] Request starting HTTP/1.1 GET http://192.168.1.4:8080/api/music?page=1&limit=10 - null null
2026-06-23 12:51:19.887 +00:00 [INF] Request starting HTTP/1.1 GET http://192.168.1.4:8080/api/music - null null
2026-06-23 12:51:19.889 +00:00 [INF] CORS policy execution successful.
2026-06-23 12:51:19.889 +00:00 [INF] CORS policy execution successful.
2026-06-23 12:51:19.890 +00:00 [INF] ====== OnMessageReceived START ======
2026-06-23 12:51:19.890 +00:00 [INF] ====== OnMessageReceived START ======
2026-06-23 12:51:19.890 +00:00 [INF] Available cookies: 0
2026-06-23 12:51:19.891 +00:00 [INF] Available cookies: 0
2026-06-23 12:51:19.891 +00:00 [WRN] NO TOKEN FOUND IN COOKIES!
2026-06-23 12:51:19.891 +00:00 [WRN] NO TOKEN FOUND IN COOKIES!
2026-06-23 12:51:19.891 +00:00 [INF] ====== OnMessageReceived END - Token set: false ======
2026-06-23 12:51:19.891 +00:00 [INF] ====== OnMessageReceived END - Token set: false ======
2026-06-23 12:51:19.891 +00:00 [INF] Executing endpoint 'API.Controllers.MusicController.Get (API)'
2026-06-23 12:51:19.891 +00:00 [INF] Executing endpoint 'API.Controllers.MusicController.Get (API)'
2026-06-23 12:51:19.892 +00:00 [INF] Route matched with {action = "Get", controller = "Music"}. Executing controller action with signature System.Threading.Tasks.Task`1[System.Collections.Generic.IEnumerable`1[API.Models.Music]] Get(Int32, Int32) on controller API.Controllers.MusicController (API).
2026-06-23 12:51:19.892 +00:00 [INF] Route matched with {action = "Get", controller = "Music"}. Executing controller action with signature System.Threading.Tasks.Task`1[System.Collections.Generic.IEnumerable`1[API.Models.Music]] Get(Int32, Int32) on controller API.Controllers.MusicController (API).
2026-06-23 12:51:19.900 +00:00 [INF] Fetching music data from database...
2026-06-23 12:51:19.900 +00:00 [WRN] Invalid pagination parameters: page=0, limit=0
2026-06-23 12:51:19.900 +00:00 [INF] Fetching music data from database...
2026-06-23 12:51:19.934 +00:00 [INF] Executed DbCommand (2ms) [Parameters=[@__p_1='?' (DbType = Int32), @__p_0='?' (DbType = Int32)], CommandType='"Text"', CommandTimeout='30']
SELECT m."ID", m."AddedAt", m."File_id", m."Title"
FROM "Musics" AS m
LIMIT @__p_1 OFFSET @__p_0
2026-06-23 12:51:19.934 +00:00 [INF] Executed DbCommand (2ms) [Parameters=[@__p_1='?' (DbType = Int32), @__p_0='?' (DbType = Int32)], CommandType='"Text"', CommandTimeout='30']
SELECT m."ID", m."AddedAt", m."File_id", m."Title"
FROM "Musics" AS m
LIMIT @__p_1 OFFSET @__p_0
2026-06-23 12:51:19.934 +00:00 [INF] Fetched 3 music records.
2026-06-23 12:51:19.934 +00:00 [INF] Fetched 3 music records.
2026-06-23 12:51:19.935 +00:00 [INF] Executing ObjectResult, writing value of type 'System.Collections.Generic.List`1[[API.Models.Music, API, Version=1.0.0.0, Culture=neutral, PublicKeyToken=null]]'.
2026-06-23 12:51:19.935 +00:00 [INF] Executing ObjectResult, writing value of type 'System.Collections.Generic.List`1[[API.Models.Music, API, Version=1.0.0.0, Culture=neutral, PublicKeyToken=null]]'.
2026-06-23 12:51:19.936 +00:00 [INF] Executed action API.Controllers.MusicController.Get (API) in 43.8501ms
2026-06-23 12:51:19.936 +00:00 [INF] Executed action API.Controllers.MusicController.Get (API) in 43.9943ms
2026-06-23 12:51:19.936 +00:00 [INF] Executed endpoint 'API.Controllers.MusicController.Get (API)'
2026-06-23 12:51:19.937 +00:00 [INF] Executed endpoint 'API.Controllers.MusicController.Get (API)'
2026-06-23 12:51:19.937 +00:00 [INF] Request finished HTTP/1.1 GET http://192.168.1.4:8080/api/music - 200 null application/json; charset=utf-8 49.6311ms
2026-06-23 12:51:19.937 +00:00 [INF] Request finished HTTP/1.1 GET http://192.168.1.4:8080/api/music?page=1&limit=10 - 200 null application/json; charset=utf-8 50.0115ms
2026-06-23 12:51:22.727 +00:00 [INF] Request starting HTTP/1.1 GET http://192.168.1.4:8080/api/music - null null
2026-06-23 12:51:22.728 +00:00 [INF] CORS policy execution successful.
2026-06-23 12:51:22.728 +00:00 [INF] ====== OnMessageReceived START ======
2026-06-23 12:51:22.728 +00:00 [INF] Available cookies: 0
2026-06-23 12:51:22.728 +00:00 [WRN] NO TOKEN FOUND IN COOKIES!
2026-06-23 12:51:22.728 +00:00 [INF] ====== OnMessageReceived END - Token set: false ======
2026-06-23 12:51:22.729 +00:00 [INF] Executing endpoint 'API.Controllers.MusicController.Get (API)'
2026-06-23 12:51:22.729 +00:00 [INF] Route matched with {action = "Get", controller = "Music"}. Executing controller action with signature System.Threading.Tasks.Task`1[System.Collections.Generic.IEnumerable`1[API.Models.Music]] Get(Int32, Int32) on controller API.Controllers.MusicController (API).
2026-06-23 12:51:22.729 +00:00 [WRN] Invalid pagination parameters: page=0, limit=0
2026-06-23 12:51:22.729 +00:00 [INF] Fetching music data from database...
2026-06-23 12:51:22.732 +00:00 [INF] Executed DbCommand (1ms) [Parameters=[@__p_1='?' (DbType = Int32), @__p_0='?' (DbType = Int32)], CommandType='"Text"', CommandTimeout='30']
SELECT m."ID", m."AddedAt", m."File_id", m."Title"
FROM "Musics" AS m
LIMIT @__p_1 OFFSET @__p_0
2026-06-23 12:51:22.732 +00:00 [INF] Fetched 3 music records.
2026-06-23 12:51:22.732 +00:00 [INF] Executing ObjectResult, writing value of type 'System.Collections.Generic.List`1[[API.Models.Music, API, Version=1.0.0.0, Culture=neutral, PublicKeyToken=null]]'.
2026-06-23 12:51:22.732 +00:00 [INF] Executed action API.Controllers.MusicController.Get (API) in 3.5717ms
2026-06-23 12:51:22.733 +00:00 [INF] Executed endpoint 'API.Controllers.MusicController.Get (API)'
2026-06-23 12:51:22.733 +00:00 [INF] Request finished HTTP/1.1 GET http://192.168.1.4:8080/api/music - 200 null application/json; charset=utf-8 5.5931ms
2026-06-23 12:51:36.060 +00:00 [INF] Request starting HTTP/1.1 OPTIONS http://192.168.1.4:8080/api/auth - null null
2026-06-23 12:51:36.060 +00:00 [INF] CORS policy execution successful.
2026-06-23 12:51:36.062 +00:00 [INF] Request finished HTTP/1.1 OPTIONS http://192.168.1.4:8080/api/auth - 204 null null 1.4747ms
2026-06-23 12:51:36.063 +00:00 [INF] Request starting HTTP/1.1 POST http://192.168.1.4:8080/api/auth - application/json 74
2026-06-23 12:51:36.064 +00:00 [INF] CORS policy execution successful.
2026-06-23 12:51:36.064 +00:00 [INF] ====== OnMessageReceived START ======
2026-06-23 12:51:36.064 +00:00 [INF] Available cookies: 0
2026-06-23 12:51:36.064 +00:00 [WRN] NO TOKEN FOUND IN COOKIES!
2026-06-23 12:51:36.064 +00:00 [INF] ====== OnMessageReceived END - Token set: false ======
2026-06-23 12:51:36.065 +00:00 [INF] Executing endpoint 'API.Controllers.AuthController.Authenticate (API)'
2026-06-23 12:51:36.068 +00:00 [INF] Route matched with {action = "Authenticate", controller = "Auth"}. Executing controller action with signature System.Threading.Tasks.Task`1[Microsoft.AspNetCore.Mvc.IActionResult] Authenticate(API.Models.RequestModels.LoginRequest) on controller API.Controllers.AuthController (API).
2026-06-23 12:51:36.082 +00:00 [INF] Authentication attempt for email: lengyelnorbi5@gmail.com
2026-06-23 12:51:36.082 +00:00 [INF] Fetching user by email from database...
2026-06-23 12:51:36.105 +00:00 [INF] Executed DbCommand (4ms) [Parameters=[@__email_0='?'], CommandType='"Text"', CommandTimeout='30']
SELECT u."ID", u."Email", u."PasswordHash", u."RegisteredAt", u."Role", u."Username"
FROM "Users" AS u
WHERE u."Email" = @__email_0
LIMIT 1
2026-06-23 12:51:36.116 +00:00 [INF] Mozilla/5.0 (Windows NT 10.0; Win64; x64; rv:152.0) Gecko/20100101 Firefox/152.0
2026-06-23 12:51:36.119 +00:00 [INF] Fetching user by email from database...
2026-06-23 12:51:36.122 +00:00 [INF] Executed DbCommand (2ms) [Parameters=[@__email_0='?'], CommandType='"Text"', CommandTimeout='30']
SELECT u."ID", u."Email", u."PasswordHash", u."RegisteredAt", u."Role", u."Username"
FROM "Users" AS u
WHERE u."Email" = @__email_0
LIMIT 1
2026-06-23 12:51:36.505 +00:00 [INF] Password verification completed: Valid
2026-06-23 12:51:36.567 +00:00 [INF] Executed DbCommand (10ms) [Parameters=[@p0='?' (DbType = DateTime), @p1='?', @p2='?' (DbType = DateTime), @p3='?', @p4='?' (DbType = Int32), @p5='?'], CommandType='"Text"', CommandTimeout='30']
INSERT INTO "AccessTokens" ("CreatedAt", "DeviceFingerprint", "ExpiresAt", "IpAddress", "UserID", jti)
VALUES (@p0, @p1, @p2, @p3, @p4, @p5)
RETURNING "ID", "IsRevoked";
2026-06-23 12:51:36.595 +00:00 [INF] Executed DbCommand (5ms) [Parameters=[@p0='?' (DbType = DateTime), @p1='?', @p2='?' (DbType = DateTime), @p3='?', @p4='?', @p5='?' (DbType = Int32)], CommandType='"Text"', CommandTimeout='30']
INSERT INTO "RefreshTokens" ("CreatedAt", "DeviceFingerprint", "ExpiresAt", "IpAddress", "TokenHash", "UserID")
VALUES (@p0, @p1, @p2, @p3, @p4, @p5)
RETURNING "ID", "IsRevoked";
2026-06-23 12:51:36.597 +00:00 [INF] Admin user lengyelnorbi5@gmail.com authenticated successfully from admin panel at "2026-06-23T12:51:36.5973511Z"
2026-06-23 12:51:36.598 +00:00 [INF] --------------------------------------------------------------------
2026-06-23 12:51:36.598 +00:00 [INF] eyJhbGciOiJIUzI1NiIsInR5cCI6IkpXVCJ9.eyJodHRwOi8vc2NoZW1hcy54bWxzb2FwLm9yZy93cy8yMDA1LzA1L2lkZW50aXR5L2NsYWltcy9uYW1laWRlbnRpZmllciI6IjEiLCJodHRwOi8vc2NoZW1hcy54bWxzb2FwLm9yZy93cy8yMDA1LzA1L2lkZW50aXR5L2NsYWltcy9lbWFpbGFkZHJlc3MiOiJsZW5neWVsbm9yYmk1QGdtYWlsLmNvbSIsImh0dHA6Ly9zY2hlbWFzLnhtbHNvYXAub3JnL3dzLzIwMDUvMDUvaWRlbnRpdHkvY2xhaW1zL25hbWUiOiJsZW5neWVsbm9yYmkiLCJqdGkiOiJjNDEzN2U4Ny04NjdjLTQxYmUtOGQ1ZC1mNDlmZGRjNDVlNjkiLCJpYXQiOjE3ODIyMTkwOTYsImV4cCI6MTc4MjIxOTM5NiwiaHR0cDovL3NjaGVtYXMubWljcm9zb2Z0LmNvbS93cy8yMDA4LzA2L2lkZW50aXR5L2NsYWltcy9yb2xlIjoiQWRtaW4iLCJTb3VyY2UiOiJhZG1pbiIsIkRldmljZUlkIjoiUVhhWDNEMFZDY09VaTlCT2xvZjkxTTNjRXM4MTFqY1dEdURobVRUZWxYYz0iLCJJUEFkZHJlc3MiOiI6OmZmZmY6MTcyLjIwLjAuMSIsIlRva2VuVmVyc2lvbiI6IjEiLCJpc3MiOiJNdXNpY1BsYXllckFQSSIsImF1ZCI6Ik11c2ljUGxheWVyQ2xpZW50In0.i6PVU_nEfs2HfbBH2v1fjqTYftZEvB0cWCp5Pr6xknU
2026-06-23 12:51:36.598 +00:00 [INF] qm6IOfoZZ9wCjwsEEKzbNuI+Ga8fXc5NNgmMKaBzg3U=
2026-06-23 12:51:36.599 +00:00 [INF] Source: admin
2026-06-23 12:51:36.599 +00:00 [INF] Access Token expires at: "2026-06-23T12:56:36.5063699Z"
2026-06-23 12:51:36.599 +00:00 [INF] Refresh Token expires at: "2026-06-23T20:51:36.5825560Z"
2026-06-23 12:51:36.599 +00:00 [INF] tokenCookieName: adminToken
2026-06-23 12:51:36.599 +00:00 [INF] refreshTokenCookieName: adminRefreshToken
2026-06-23 12:51:36.599 +00:00 [INF] Refresh token hash stored in cookie: qm6IOfoZZ9wCjwsEEKzbNuI+Ga8fXc5NNgmMKaBzg3U=
2026-06-23 12:51:36.600 +00:00 [INF] --------------------------------------------------------------------
2026-06-23 12:51:36.600 +00:00 [INF] Executing OkObjectResult, writing value of type '<>f__AnonymousType1`4[[System.Boolean, System.Private.CoreLib, Version=9.0.0.0, Culture=neutral, PublicKeyToken=7cec85d7bea7798e],[System.Int32, System.Private.CoreLib, Version=9.0.0.0, Culture=neutral, PublicKeyToken=7cec85d7bea7798e],[System.Int32, System.Private.CoreLib, Version=9.0.0.0, Culture=neutral, PublicKeyToken=7cec85d7bea7798e],[<>f__AnonymousType2`3[[System.Int32, System.Private.CoreLib, Version=9.0.0.0, Culture=neutral, PublicKeyToken=7cec85d7bea7798e],[System.String, System.Private.CoreLib, Version=9.0.0.0, Culture=neutral, PublicKeyToken=7cec85d7bea7798e],[System.String, System.Private.CoreLib, Version=9.0.0.0, Culture=neutral, PublicKeyToken=7cec85d7bea7798e]], API, Version=1.0.0.0, Culture=neutral, PublicKeyToken=null]]'.
2026-06-23 12:51:36.604 +00:00 [INF] Executed action API.Controllers.AuthController.Authenticate (API) in 535.9307ms
2026-06-23 12:51:36.604 +00:00 [INF] Executed endpoint 'API.Controllers.AuthController.Authenticate (API)'
2026-06-23 12:51:36.604 +00:00 [INF] Request finished HTTP/1.1 POST http://192.168.1.4:8080/api/auth - 200 null application/json; charset=utf-8 540.68ms
2026-06-23 12:51:37.795 +00:00 [INF] Request starting HTTP/1.1 GET http://192.168.1.4:8080/api/user?page=1&limit=10 - null null
2026-06-23 12:51:37.800 +00:00 [INF] CORS policy execution successful.
2026-06-23 12:51:37.800 +00:00 [INF] ====== OnMessageReceived START ======
2026-06-23 12:51:37.801 +00:00 [INF] Available cookies: 2
2026-06-23 12:51:37.801 +00:00 [INF] Cookie: adminToken = 844 chars
2026-06-23 12:51:37.801 +00:00 [INF] Cookie: adminRefreshToken = 44 chars
2026-06-23 12:51:37.801 +00:00 [INF] Admin token found in cookies, length: 844
2026-06-23 12:51:37.801 +00:00 [INF] Admin token set in context
2026-06-23 12:51:37.802 +00:00 [INF] ====== OnMessageReceived END - Token set: true ======
2026-06-23 12:51:37.810 +00:00 [INF] Request starting HTTP/1.1 GET http://192.168.1.4:8080/api/user?page=1&limit=10 - null null
2026-06-23 12:51:37.810 +00:00 [INF] CORS policy execution successful.
2026-06-23 12:51:37.810 +00:00 [INF] ====== OnMessageReceived START ======
2026-06-23 12:51:37.811 +00:00 [INF] Available cookies: 2
2026-06-23 12:51:37.811 +00:00 [INF] Cookie: adminToken = 844 chars
2026-06-23 12:51:37.811 +00:00 [INF] Cookie: adminRefreshToken = 44 chars
2026-06-23 12:51:37.811 +00:00 [INF] Admin token found in cookies, length: 844
2026-06-23 12:51:37.811 +00:00 [INF] Admin token set in context
2026-06-23 12:51:37.812 +00:00 [INF] ====== OnMessageReceived END - Token set: true ======
2026-06-23 12:51:37.820 +00:00 [INF] Token validated successfully for user: lengyelnorbi
2026-06-23 12:51:37.820 +00:00 [INF] Token validated successfully for user: lengyelnorbi
2026-06-23 12:51:37.821 +00:00 [INF] Device fingerprint headers - UA: Mozilla/5.0 (Windows NT 10.0; Win64; x64; rv:152.0) Gecko/20100101 Firefox/152.0, Accept: application/json, text/plain, */*, Encoding: gzip, deflate
2026-06-23 12:51:37.821 +00:00 [INF] Device fingerprint headers - UA: Mozilla/5.0 (Windows NT 10.0; Win64; x64; rv:152.0) Gecko/20100101 Firefox/152.0, Accept: application/json, text/plain, */*, Encoding: gzip, deflate
2026-06-23 12:51:37.821 +00:00 [INF] Device fingerprint validation: Stored=QXaX3D0VCcOUi9BOlof91M3cEs811jcWDuDhmTTelXc=, Current=QXaX3D0VCcOUi9BOlof91M3cEs811jcWDuDhmTTelXc=
2026-06-23 12:51:37.821 +00:00 [INF] Device fingerprint validation: Stored=QXaX3D0VCcOUi9BOlof91M3cEs811jcWDuDhmTTelXc=, Current=QXaX3D0VCcOUi9BOlof91M3cEs811jcWDuDhmTTelXc=
2026-06-23 12:51:37.836 +00:00 [INF] Executed DbCommand (4ms) [Parameters=[@__jti_0='?', @__userId_1='?' (DbType = Int32)], CommandType='"Text"', CommandTimeout='30']
SELECT a."ID", a."CreatedAt", a."DeviceFingerprint", a."ExpiresAt", a."IpAddress", a."IsRevoked", a."UserID", a.jti
FROM "AccessTokens" AS a
WHERE a.jti = @__jti_0 AND a."UserID" = @__userId_1 AND NOT (a."IsRevoked") AND a."ExpiresAt" > now()
LIMIT 1
2026-06-23 12:51:37.836 +00:00 [INF] Executed DbCommand (4ms) [Parameters=[@__jti_0='?', @__userId_1='?' (DbType = Int32)], CommandType='"Text"', CommandTimeout='30']
SELECT a."ID", a."CreatedAt", a."DeviceFingerprint", a."ExpiresAt", a."IpAddress", a."IsRevoked", a."UserID", a.jti
FROM "AccessTokens" AS a
WHERE a.jti = @__jti_0 AND a."UserID" = @__userId_1 AND NOT (a."IsRevoked") AND a."ExpiresAt" > now()
LIMIT 1
2026-06-23 12:51:37.840 +00:00 [INF] Executing endpoint 'API.Controllers.UserController.Get (API)'
2026-06-23 12:51:37.840 +00:00 [INF] Executing endpoint 'API.Controllers.UserController.Get (API)'
2026-06-23 12:51:37.842 +00:00 [INF] Route matched with {action = "Get", controller = "User"}. Executing controller action with signature System.Threading.Tasks.Task`1[API.Utils.PagedResult`1[API.DTO.UserDTO]] Get(Int32, Int32) on controller API.Controllers.UserController (API).
2026-06-23 12:51:37.842 +00:00 [INF] Route matched with {action = "Get", controller = "User"}. Executing controller action with signature System.Threading.Tasks.Task`1[API.Utils.PagedResult`1[API.DTO.UserDTO]] Get(Int32, Int32) on controller API.Controllers.UserController (API).
2026-06-23 12:51:37.862 +00:00 [INF] Executed DbCommand (4ms) [Parameters=[], CommandType='"Text"', CommandTimeout='30']
SELECT count(*)::int
FROM "Users" AS u
2026-06-23 12:51:37.862 +00:00 [INF] Executed DbCommand (4ms) [Parameters=[], CommandType='"Text"', CommandTimeout='30']
SELECT count(*)::int
FROM "Users" AS u
2026-06-23 12:51:37.871 +00:00 [INF] Executed DbCommand (1ms) [Parameters=[@__p_1='?' (DbType = Int32), @__p_0='?' (DbType = Int32)], CommandType='"Text"', CommandTimeout='30']
SELECT u."ID", u."Username", u."Email", u."RegisteredAt", u."Role"
FROM "Users" AS u
ORDER BY u."ID"
LIMIT @__p_1 OFFSET @__p_0
2026-06-23 12:51:37.871 +00:00 [INF] Executed DbCommand (2ms) [Parameters=[@__p_1='?' (DbType = Int32), @__p_0='?' (DbType = Int32)], CommandType='"Text"', CommandTimeout='30']
SELECT u."ID", u."Username", u."Email", u."RegisteredAt", u."Role"
FROM "Users" AS u
ORDER BY u."ID"
LIMIT @__p_1 OFFSET @__p_0
2026-06-23 12:51:37.872 +00:00 [INF] Executing ObjectResult, writing value of type 'API.Utils.PagedResult`1[[API.DTO.UserDTO, API, Version=1.0.0.0, Culture=neutral, PublicKeyToken=null]]'.
2026-06-23 12:51:37.872 +00:00 [INF] Executing ObjectResult, writing value of type 'API.Utils.PagedResult`1[[API.DTO.UserDTO, API, Version=1.0.0.0, Culture=neutral, PublicKeyToken=null]]'.
2026-06-23 12:51:37.874 +00:00 [INF] Executed action API.Controllers.UserController.Get (API) in 32.7693ms
2026-06-23 12:51:37.874 +00:00 [INF] Executed action API.Controllers.UserController.Get (API) in 32.6206ms
2026-06-23 12:51:37.875 +00:00 [INF] Executed endpoint 'API.Controllers.UserController.Get (API)'
2026-06-23 12:51:37.875 +00:00 [INF] Executed endpoint 'API.Controllers.UserController.Get (API)'
2026-06-23 12:51:37.875 +00:00 [INF] Request finished HTTP/1.1 GET http://192.168.1.4:8080/api/user?page=1&limit=10 - 200 null application/json; charset=utf-8 65.461ms
2026-06-23 12:51:37.875 +00:00 [INF] Request finished HTTP/1.1 GET http://192.168.1.4:8080/api/user?page=1&limit=10 - 200 null application/json; charset=utf-8 80.5565ms
2026-06-23 12:51:40.082 +00:00 [INF] Request starting HTTP/1.1 GET http://192.168.1.4:8080/api/token/access-token?page=1&limit=10 - null null
2026-06-23 12:51:40.083 +00:00 [INF] CORS policy execution successful.
2026-06-23 12:51:40.083 +00:00 [INF] ====== OnMessageReceived START ======
2026-06-23 12:51:40.083 +00:00 [INF] Available cookies: 2
2026-06-23 12:51:40.083 +00:00 [INF] Cookie: adminToken = 844 chars
2026-06-23 12:51:40.083 +00:00 [INF] Cookie: adminRefreshToken = 44 chars
2026-06-23 12:51:40.083 +00:00 [INF] Admin token found in cookies, length: 844
2026-06-23 12:51:40.083 +00:00 [INF] Admin token set in context
2026-06-23 12:51:40.084 +00:00 [INF] ====== OnMessageReceived END - Token set: true ======
2026-06-23 12:51:40.085 +00:00 [INF] Token validated successfully for user: lengyelnorbi
2026-06-23 12:51:40.085 +00:00 [INF] Device fingerprint headers - UA: Mozilla/5.0 (Windows NT 10.0; Win64; x64; rv:152.0) Gecko/20100101 Firefox/152.0, Accept: application/json, text/plain, */*, Encoding: gzip, deflate
2026-06-23 12:51:40.085 +00:00 [INF] Device fingerprint validation: Stored=QXaX3D0VCcOUi9BOlof91M3cEs811jcWDuDhmTTelXc=, Current=QXaX3D0VCcOUi9BOlof91M3cEs811jcWDuDhmTTelXc=
2026-06-23 12:51:40.088 +00:00 [INF] Executed DbCommand (2ms) [Parameters=[@__jti_0='?', @__userId_1='?' (DbType = Int32)], CommandType='"Text"', CommandTimeout='30']
SELECT a."ID", a."CreatedAt", a."DeviceFingerprint", a."ExpiresAt", a."IpAddress", a."IsRevoked", a."UserID", a.jti
FROM "AccessTokens" AS a
WHERE a.jti = @__jti_0 AND a."UserID" = @__userId_1 AND NOT (a."IsRevoked") AND a."ExpiresAt" > now()
LIMIT 1
2026-06-23 12:51:40.089 +00:00 [INF] Executing endpoint 'API.Controllers.TokenController.GetAccessTokens (API)'
2026-06-23 12:51:40.091 +00:00 [INF] Route matched with {action = "GetAccessTokens", controller = "Token"}. Executing controller action with signature System.Threading.Tasks.Task`1[API.Utils.PagedResult`1[API.DTO.AccessTokenUserDTO]] GetAccessTokens(Int32, Int32) on controller API.Controllers.TokenController (API).
2026-06-23 12:51:40.092 +00:00 [INF] Received request to fetch access tokens with pagination: page=1, limit=10
2026-06-23 12:51:40.100 +00:00 [INF] Executed DbCommand (3ms) [Parameters=[], CommandType='"Text"', CommandTimeout='30']
SELECT count(*)::int
FROM "AccessTokens" AS a
WHERE NOT (a."IsRevoked")
2026-06-23 12:51:40.104 +00:00 [WRN] The query uses a row limiting operator ('Skip'/'Take') without an 'OrderBy' operator. This may lead to unpredictable results. If the 'Distinct' operator is used after 'OrderBy', then make sure to use the 'OrderBy' operator after 'Distinct' as the ordering would otherwise get erased.
2026-06-23 12:51:40.104 +00:00 [WRN] The query uses a row limiting operator ('Skip'/'Take') without an 'OrderBy' operator. This may lead to unpredictable results. If the 'Distinct' operator is used after 'OrderBy', then make sure to use the 'OrderBy' operator after 'Distinct' as the ordering would otherwise get erased.
2026-06-23 12:51:40.124 +00:00 [INF] Executed DbCommand (2ms) [Parameters=[@__p_1='?' (DbType = Int32), @__p_0='?' (DbType = Int32)], CommandType='"Text"', CommandTimeout='30']
SELECT a0."ID", a0.jti, a0."DeviceFingerprint", a0."IpAddress", a0."CreatedAt", a0."IsRevoked", a0."ExpiresAt", u."ID" AS "UserID", u."Username", u."Email", u."Role"
FROM (
    SELECT a."ID", a."CreatedAt", a."DeviceFingerprint", a."ExpiresAt", a."IpAddress", a."IsRevoked", a."UserID", a.jti
    FROM "AccessTokens" AS a
    WHERE NOT (a."IsRevoked")
    LIMIT @__p_1 OFFSET @__p_0
) AS a0
INNER JOIN "Users" AS u ON a0."UserID" = u."ID"
2026-06-23 12:51:40.125 +00:00 [INF] Executing ObjectResult, writing value of type 'API.Utils.PagedResult`1[[API.DTO.AccessTokenUserDTO, API, Version=1.0.0.0, Culture=neutral, PublicKeyToken=null]]'.
2026-06-23 12:51:40.130 +00:00 [INF] Executed action API.Controllers.TokenController.GetAccessTokens (API) in 38.2083ms
2026-06-23 12:51:40.130 +00:00 [INF] Executed endpoint 'API.Controllers.TokenController.GetAccessTokens (API)'
2026-06-23 12:51:40.130 +00:00 [INF] Request finished HTTP/1.1 GET http://192.168.1.4:8080/api/token/access-token?page=1&limit=10 - 200 null application/json; charset=utf-8 48.0195ms
2026-06-23 12:51:42.144 +00:00 [INF] Request starting HTTP/1.1 GET http://192.168.1.4:8080/api/token/access-token?page=9&limit=10 - null null
2026-06-23 12:51:42.145 +00:00 [INF] CORS policy execution successful.
2026-06-23 12:51:42.145 +00:00 [INF] ====== OnMessageReceived START ======
2026-06-23 12:51:42.146 +00:00 [INF] Available cookies: 2
2026-06-23 12:51:42.146 +00:00 [INF] Cookie: adminToken = 844 chars
2026-06-23 12:51:42.146 +00:00 [INF] Cookie: adminRefreshToken = 44 chars
2026-06-23 12:51:42.146 +00:00 [INF] Admin token found in cookies, length: 844
2026-06-23 12:51:42.146 +00:00 [INF] Admin token set in context
2026-06-23 12:51:42.147 +00:00 [INF] ====== OnMessageReceived END - Token set: true ======
2026-06-23 12:51:42.147 +00:00 [INF] Token validated successfully for user: lengyelnorbi
2026-06-23 12:51:42.147 +00:00 [INF] Device fingerprint headers - UA: Mozilla/5.0 (Windows NT 10.0; Win64; x64; rv:152.0) Gecko/20100101 Firefox/152.0, Accept: application/json, text/plain, */*, Encoding: gzip, deflate
2026-06-23 12:51:42.147 +00:00 [INF] Device fingerprint validation: Stored=QXaX3D0VCcOUi9BOlof91M3cEs811jcWDuDhmTTelXc=, Current=QXaX3D0VCcOUi9BOlof91M3cEs811jcWDuDhmTTelXc=
2026-06-23 12:51:42.150 +00:00 [INF] Executed DbCommand (1ms) [Parameters=[@__jti_0='?', @__userId_1='?' (DbType = Int32)], CommandType='"Text"', CommandTimeout='30']
SELECT a."ID", a."CreatedAt", a."DeviceFingerprint", a."ExpiresAt", a."IpAddress", a."IsRevoked", a."UserID", a.jti
FROM "AccessTokens" AS a
WHERE a.jti = @__jti_0 AND a."UserID" = @__userId_1 AND NOT (a."IsRevoked") AND a."ExpiresAt" > now()
LIMIT 1
2026-06-23 12:51:42.150 +00:00 [INF] Executing endpoint 'API.Controllers.TokenController.GetAccessTokens (API)'
2026-06-23 12:51:42.150 +00:00 [INF] Route matched with {action = "GetAccessTokens", controller = "Token"}. Executing controller action with signature System.Threading.Tasks.Task`1[API.Utils.PagedResult`1[API.DTO.AccessTokenUserDTO]] GetAccessTokens(Int32, Int32) on controller API.Controllers.TokenController (API).
2026-06-23 12:51:42.151 +00:00 [INF] Received request to fetch access tokens with pagination: page=9, limit=10
2026-06-23 12:51:42.152 +00:00 [INF] Executed DbCommand (1ms) [Parameters=[], CommandType='"Text"', CommandTimeout='30']
SELECT count(*)::int
FROM "AccessTokens" AS a
WHERE NOT (a."IsRevoked")
2026-06-23 12:51:42.154 +00:00 [INF] Executed DbCommand (1ms) [Parameters=[@__p_1='?' (DbType = Int32), @__p_0='?' (DbType = Int32)], CommandType='"Text"', CommandTimeout='30']
SELECT a0."ID", a0.jti, a0."DeviceFingerprint", a0."IpAddress", a0."CreatedAt", a0."IsRevoked", a0."ExpiresAt", u."ID" AS "UserID", u."Username", u."Email", u."Role"
FROM (
    SELECT a."ID", a."CreatedAt", a."DeviceFingerprint", a."ExpiresAt", a."IpAddress", a."IsRevoked", a."UserID", a.jti
    FROM "AccessTokens" AS a
    WHERE NOT (a."IsRevoked")
    LIMIT @__p_1 OFFSET @__p_0
) AS a0
INNER JOIN "Users" AS u ON a0."UserID" = u."ID"
2026-06-23 12:51:42.154 +00:00 [INF] Executing ObjectResult, writing value of type 'API.Utils.PagedResult`1[[API.DTO.AccessTokenUserDTO, API, Version=1.0.0.0, Culture=neutral, PublicKeyToken=null]]'.
2026-06-23 12:51:42.154 +00:00 [INF] Executed action API.Controllers.TokenController.GetAccessTokens (API) in 3.8848ms
2026-06-23 12:51:42.154 +00:00 [INF] Executed endpoint 'API.Controllers.TokenController.GetAccessTokens (API)'
2026-06-23 12:51:42.155 +00:00 [INF] Request finished HTTP/1.1 GET http://192.168.1.4:8080/api/token/access-token?page=9&limit=10 - 200 null application/json; charset=utf-8 10.3413ms
2026-06-23 12:51:42.797 +00:00 [INF] Request starting HTTP/1.1 GET http://192.168.1.4:8080/api/token/access-token?page=19&limit=10 - null null
2026-06-23 12:51:42.798 +00:00 [INF] CORS policy execution successful.
2026-06-23 12:51:42.798 +00:00 [INF] ====== OnMessageReceived START ======
2026-06-23 12:51:42.798 +00:00 [INF] Available cookies: 2
2026-06-23 12:51:42.798 +00:00 [INF] Cookie: adminToken = 844 chars
2026-06-23 12:51:42.798 +00:00 [INF] Cookie: adminRefreshToken = 44 chars
2026-06-23 12:51:42.798 +00:00 [INF] Admin token found in cookies, length: 844
2026-06-23 12:51:42.799 +00:00 [INF] Admin token set in context
2026-06-23 12:51:42.799 +00:00 [INF] ====== OnMessageReceived END - Token set: true ======
2026-06-23 12:51:42.799 +00:00 [INF] Token validated successfully for user: lengyelnorbi
2026-06-23 12:51:42.799 +00:00 [INF] Device fingerprint headers - UA: Mozilla/5.0 (Windows NT 10.0; Win64; x64; rv:152.0) Gecko/20100101 Firefox/152.0, Accept: application/json, text/plain, */*, Encoding: gzip, deflate
2026-06-23 12:51:42.800 +00:00 [INF] Device fingerprint validation: Stored=QXaX3D0VCcOUi9BOlof91M3cEs811jcWDuDhmTTelXc=, Current=QXaX3D0VCcOUi9BOlof91M3cEs811jcWDuDhmTTelXc=
2026-06-23 12:51:42.802 +00:00 [INF] Executed DbCommand (1ms) [Parameters=[@__jti_0='?', @__userId_1='?' (DbType = Int32)], CommandType='"Text"', CommandTimeout='30']
SELECT a."ID", a."CreatedAt", a."DeviceFingerprint", a."ExpiresAt", a."IpAddress", a."IsRevoked", a."UserID", a.jti
FROM "AccessTokens" AS a
WHERE a.jti = @__jti_0 AND a."UserID" = @__userId_1 AND NOT (a."IsRevoked") AND a."ExpiresAt" > now()
LIMIT 1
2026-06-23 12:51:42.802 +00:00 [INF] Executing endpoint 'API.Controllers.TokenController.GetAccessTokens (API)'
2026-06-23 12:51:42.802 +00:00 [INF] Route matched with {action = "GetAccessTokens", controller = "Token"}. Executing controller action with signature System.Threading.Tasks.Task`1[API.Utils.PagedResult`1[API.DTO.AccessTokenUserDTO]] GetAccessTokens(Int32, Int32) on controller API.Controllers.TokenController (API).
2026-06-23 12:51:42.803 +00:00 [INF] Received request to fetch access tokens with pagination: page=19, limit=10
2026-06-23 12:51:42.804 +00:00 [INF] Executed DbCommand (1ms) [Parameters=[], CommandType='"Text"', CommandTimeout='30']
SELECT count(*)::int
FROM "AccessTokens" AS a
WHERE NOT (a."IsRevoked")
2026-06-23 12:51:42.806 +00:00 [INF] Executed DbCommand (1ms) [Parameters=[@__p_1='?' (DbType = Int32), @__p_0='?' (DbType = Int32)], CommandType='"Text"', CommandTimeout='30']
SELECT a0."ID", a0.jti, a0."DeviceFingerprint", a0."IpAddress", a0."CreatedAt", a0."IsRevoked", a0."ExpiresAt", u."ID" AS "UserID", u."Username", u."Email", u."Role"
FROM (
    SELECT a."ID", a."CreatedAt", a."DeviceFingerprint", a."ExpiresAt", a."IpAddress", a."IsRevoked", a."UserID", a.jti
    FROM "AccessTokens" AS a
    WHERE NOT (a."IsRevoked")
    LIMIT @__p_1 OFFSET @__p_0
) AS a0
INNER JOIN "Users" AS u ON a0."UserID" = u."ID"
2026-06-23 12:51:42.806 +00:00 [INF] Executing ObjectResult, writing value of type 'API.Utils.PagedResult`1[[API.DTO.AccessTokenUserDTO, API, Version=1.0.0.0, Culture=neutral, PublicKeyToken=null]]'.
2026-06-23 12:51:42.807 +00:00 [INF] Executed action API.Controllers.TokenController.GetAccessTokens (API) in 4.2775ms
2026-06-23 12:51:42.807 +00:00 [INF] Executed endpoint 'API.Controllers.TokenController.GetAccessTokens (API)'
2026-06-23 12:51:42.807 +00:00 [INF] Request finished HTTP/1.1 GET http://192.168.1.4:8080/api/token/access-token?page=19&limit=10 - 200 null application/json; charset=utf-8 9.9652ms
2026-06-23 12:51:50.696 +00:00 [INF] Request starting HTTP/1.1 GET http://192.168.1.4:8080/api/token/access-token?page=11&limit=10 - null null
2026-06-23 12:51:50.696 +00:00 [INF] CORS policy execution successful.
2026-06-23 12:51:50.696 +00:00 [INF] ====== OnMessageReceived START ======
2026-06-23 12:51:50.696 +00:00 [INF] Available cookies: 2
2026-06-23 12:51:50.697 +00:00 [INF] Cookie: adminToken = 844 chars
2026-06-23 12:51:50.697 +00:00 [INF] Cookie: adminRefreshToken = 44 chars
2026-06-23 12:51:50.697 +00:00 [INF] Admin token found in cookies, length: 844
2026-06-23 12:51:50.697 +00:00 [INF] Admin token set in context
2026-06-23 12:51:50.697 +00:00 [INF] ====== OnMessageReceived END - Token set: true ======
2026-06-23 12:51:50.698 +00:00 [INF] Token validated successfully for user: lengyelnorbi
2026-06-23 12:51:50.698 +00:00 [INF] Device fingerprint headers - UA: Mozilla/5.0 (Windows NT 10.0; Win64; x64; rv:152.0) Gecko/20100101 Firefox/152.0, Accept: application/json, text/plain, */*, Encoding: gzip, deflate
2026-06-23 12:51:50.698 +00:00 [INF] Device fingerprint validation: Stored=QXaX3D0VCcOUi9BOlof91M3cEs811jcWDuDhmTTelXc=, Current=QXaX3D0VCcOUi9BOlof91M3cEs811jcWDuDhmTTelXc=
2026-06-23 12:51:50.700 +00:00 [INF] Executed DbCommand (1ms) [Parameters=[@__jti_0='?', @__userId_1='?' (DbType = Int32)], CommandType='"Text"', CommandTimeout='30']
SELECT a."ID", a."CreatedAt", a."DeviceFingerprint", a."ExpiresAt", a."IpAddress", a."IsRevoked", a."UserID", a.jti
FROM "AccessTokens" AS a
WHERE a.jti = @__jti_0 AND a."UserID" = @__userId_1 AND NOT (a."IsRevoked") AND a."ExpiresAt" > now()
LIMIT 1
2026-06-23 12:51:50.701 +00:00 [INF] Executing endpoint 'API.Controllers.TokenController.GetAccessTokens (API)'
2026-06-23 12:51:50.701 +00:00 [INF] Route matched with {action = "GetAccessTokens", controller = "Token"}. Executing controller action with signature System.Threading.Tasks.Task`1[API.Utils.PagedResult`1[API.DTO.AccessTokenUserDTO]] GetAccessTokens(Int32, Int32) on controller API.Controllers.TokenController (API).
2026-06-23 12:51:50.701 +00:00 [INF] Received request to fetch access tokens with pagination: page=11, limit=10
2026-06-23 12:51:50.703 +00:00 [INF] Executed DbCommand (1ms) [Parameters=[], CommandType='"Text"', CommandTimeout='30']
SELECT count(*)::int
FROM "AccessTokens" AS a
WHERE NOT (a."IsRevoked")
2026-06-23 12:51:50.704 +00:00 [INF] Executed DbCommand (1ms) [Parameters=[@__p_1='?' (DbType = Int32), @__p_0='?' (DbType = Int32)], CommandType='"Text"', CommandTimeout='30']
SELECT a0."ID", a0.jti, a0."DeviceFingerprint", a0."IpAddress", a0."CreatedAt", a0."IsRevoked", a0."ExpiresAt", u."ID" AS "UserID", u."Username", u."Email", u."Role"
FROM (
    SELECT a."ID", a."CreatedAt", a."DeviceFingerprint", a."ExpiresAt", a."IpAddress", a."IsRevoked", a."UserID", a.jti
    FROM "AccessTokens" AS a
    WHERE NOT (a."IsRevoked")
    LIMIT @__p_1 OFFSET @__p_0
) AS a0
INNER JOIN "Users" AS u ON a0."UserID" = u."ID"
2026-06-23 12:51:50.704 +00:00 [INF] Executing ObjectResult, writing value of type 'API.Utils.PagedResult`1[[API.DTO.AccessTokenUserDTO, API, Version=1.0.0.0, Culture=neutral, PublicKeyToken=null]]'.
2026-06-23 12:51:50.705 +00:00 [INF] Executed action API.Controllers.TokenController.GetAccessTokens (API) in 3.489ms
2026-06-23 12:51:50.705 +00:00 [INF] Executed endpoint 'API.Controllers.TokenController.GetAccessTokens (API)'
2026-06-23 12:51:50.705 +00:00 [INF] Request finished HTTP/1.1 GET http://192.168.1.4:8080/api/token/access-token?page=11&limit=10 - 200 null application/json; charset=utf-8 9.3784ms
2026-06-23 12:51:51.147 +00:00 [INF] Request starting HTTP/1.1 GET http://192.168.1.4:8080/api/token/refresh-token?page=1&limit=10 - null null
2026-06-23 12:51:51.148 +00:00 [INF] CORS policy execution successful.
2026-06-23 12:51:51.148 +00:00 [INF] ====== OnMessageReceived START ======
2026-06-23 12:51:51.148 +00:00 [INF] Available cookies: 2
2026-06-23 12:51:51.148 +00:00 [INF] Cookie: adminToken = 844 chars
2026-06-23 12:51:51.148 +00:00 [INF] Cookie: adminRefreshToken = 44 chars
2026-06-23 12:51:51.149 +00:00 [INF] Admin token found in cookies, length: 844
2026-06-23 12:51:51.149 +00:00 [INF] Admin token set in context
2026-06-23 12:51:51.149 +00:00 [INF] ====== OnMessageReceived END - Token set: true ======
2026-06-23 12:51:51.149 +00:00 [INF] Token validated successfully for user: lengyelnorbi
2026-06-23 12:51:51.149 +00:00 [INF] Device fingerprint headers - UA: Mozilla/5.0 (Windows NT 10.0; Win64; x64; rv:152.0) Gecko/20100101 Firefox/152.0, Accept: application/json, text/plain, */*, Encoding: gzip, deflate
2026-06-23 12:51:51.150 +00:00 [INF] Device fingerprint validation: Stored=QXaX3D0VCcOUi9BOlof91M3cEs811jcWDuDhmTTelXc=, Current=QXaX3D0VCcOUi9BOlof91M3cEs811jcWDuDhmTTelXc=
2026-06-23 12:51:51.152 +00:00 [INF] Executed DbCommand (1ms) [Parameters=[@__jti_0='?', @__userId_1='?' (DbType = Int32)], CommandType='"Text"', CommandTimeout='30']
SELECT a."ID", a."CreatedAt", a."DeviceFingerprint", a."ExpiresAt", a."IpAddress", a."IsRevoked", a."UserID", a.jti
FROM "AccessTokens" AS a
WHERE a.jti = @__jti_0 AND a."UserID" = @__userId_1 AND NOT (a."IsRevoked") AND a."ExpiresAt" > now()
LIMIT 1
2026-06-23 12:51:51.152 +00:00 [INF] Executing endpoint 'API.Controllers.TokenController.GetRefreshTokens (API)'
2026-06-23 12:51:51.155 +00:00 [INF] Route matched with {action = "GetRefreshTokens", controller = "Token"}. Executing controller action with signature System.Threading.Tasks.Task`1[API.Utils.PagedResult`1[API.DTO.RefreshTokenUserDTO]] GetRefreshTokens(Int32, Int32) on controller API.Controllers.TokenController (API).
2026-06-23 12:51:51.155 +00:00 [INF] Received request to fetch refresh tokens with pagination: page=1, limit=10
2026-06-23 12:51:51.163 +00:00 [INF] Executed DbCommand (5ms) [Parameters=[], CommandType='"Text"', CommandTimeout='30']
SELECT count(*)::int
FROM "RefreshTokens" AS r
WHERE NOT (r."IsRevoked")
2026-06-23 12:51:51.164 +00:00 [WRN] The query uses a row limiting operator ('Skip'/'Take') without an 'OrderBy' operator. This may lead to unpredictable results. If the 'Distinct' operator is used after 'OrderBy', then make sure to use the 'OrderBy' operator after 'Distinct' as the ordering would otherwise get erased.
2026-06-23 12:51:51.165 +00:00 [WRN] The query uses a row limiting operator ('Skip'/'Take') without an 'OrderBy' operator. This may lead to unpredictable results. If the 'Distinct' operator is used after 'OrderBy', then make sure to use the 'OrderBy' operator after 'Distinct' as the ordering would otherwise get erased.
2026-06-23 12:51:51.169 +00:00 [INF] Executed DbCommand (2ms) [Parameters=[@__p_1='?' (DbType = Int32), @__p_0='?' (DbType = Int32)], CommandType='"Text"', CommandTimeout='30']
SELECT r0."ID", r0."TokenHash", r0."DeviceFingerprint", r0."IpAddress", r0."CreatedAt", r0."IsRevoked", r0."ExpiresAt", u."ID" AS "UserID", u."Username", u."Email", u."Role"
FROM (
    SELECT r."ID", r."CreatedAt", r."DeviceFingerprint", r."ExpiresAt", r."IpAddress", r."IsRevoked", r."TokenHash", r."UserID"
    FROM "RefreshTokens" AS r
    WHERE NOT (r."IsRevoked")
    LIMIT @__p_1 OFFSET @__p_0
) AS r0
INNER JOIN "Users" AS u ON r0."UserID" = u."ID"
2026-06-23 12:51:51.170 +00:00 [INF] Executing ObjectResult, writing value of type 'API.Utils.PagedResult`1[[API.DTO.RefreshTokenUserDTO, API, Version=1.0.0.0, Culture=neutral, PublicKeyToken=null]]'.
2026-06-23 12:51:51.172 +00:00 [INF] Executed action API.Controllers.TokenController.GetRefreshTokens (API) in 16.8819ms
2026-06-23 12:51:51.172 +00:00 [INF] Executed endpoint 'API.Controllers.TokenController.GetRefreshTokens (API)'
2026-06-23 12:51:51.172 +00:00 [INF] Request finished HTTP/1.1 GET http://192.168.1.4:8080/api/token/refresh-token?page=1&limit=10 - 200 null application/json; charset=utf-8 24.6612ms
2026-06-23 12:51:54.324 +00:00 [INF] Request starting HTTP/1.1 GET http://192.168.1.4:8080/api/token/access-token?page=1&limit=10 - null null
2026-06-23 12:51:54.324 +00:00 [INF] CORS policy execution successful.
2026-06-23 12:51:54.324 +00:00 [INF] ====== OnMessageReceived START ======
2026-06-23 12:51:54.325 +00:00 [INF] Available cookies: 2
2026-06-23 12:51:54.325 +00:00 [INF] Cookie: adminToken = 844 chars
2026-06-23 12:51:54.325 +00:00 [INF] Cookie: adminRefreshToken = 44 chars
2026-06-23 12:51:54.325 +00:00 [INF] Admin token found in cookies, length: 844
2026-06-23 12:51:54.325 +00:00 [INF] Admin token set in context
2026-06-23 12:51:54.325 +00:00 [INF] ====== OnMessageReceived END - Token set: true ======
2026-06-23 12:51:54.326 +00:00 [INF] Token validated successfully for user: lengyelnorbi
2026-06-23 12:51:54.326 +00:00 [INF] Device fingerprint headers - UA: Mozilla/5.0 (Windows NT 10.0; Win64; x64; rv:152.0) Gecko/20100101 Firefox/152.0, Accept: application/json, text/plain, */*, Encoding: gzip, deflate
2026-06-23 12:51:54.326 +00:00 [INF] Device fingerprint validation: Stored=QXaX3D0VCcOUi9BOlof91M3cEs811jcWDuDhmTTelXc=, Current=QXaX3D0VCcOUi9BOlof91M3cEs811jcWDuDhmTTelXc=
2026-06-23 12:51:54.328 +00:00 [INF] Executed DbCommand (1ms) [Parameters=[@__jti_0='?', @__userId_1='?' (DbType = Int32)], CommandType='"Text"', CommandTimeout='30']
SELECT a."ID", a."CreatedAt", a."DeviceFingerprint", a."ExpiresAt", a."IpAddress", a."IsRevoked", a."UserID", a.jti
FROM "AccessTokens" AS a
WHERE a.jti = @__jti_0 AND a."UserID" = @__userId_1 AND NOT (a."IsRevoked") AND a."ExpiresAt" > now()
LIMIT 1
2026-06-23 12:51:54.329 +00:00 [INF] Executing endpoint 'API.Controllers.TokenController.GetAccessTokens (API)'
2026-06-23 12:51:54.329 +00:00 [INF] Route matched with {action = "GetAccessTokens", controller = "Token"}. Executing controller action with signature System.Threading.Tasks.Task`1[API.Utils.PagedResult`1[API.DTO.AccessTokenUserDTO]] GetAccessTokens(Int32, Int32) on controller API.Controllers.TokenController (API).
2026-06-23 12:51:54.329 +00:00 [INF] Received request to fetch access tokens with pagination: page=1, limit=10
2026-06-23 12:51:54.331 +00:00 [INF] Executed DbCommand (1ms) [Parameters=[], CommandType='"Text"', CommandTimeout='30']
SELECT count(*)::int
FROM "AccessTokens" AS a
WHERE NOT (a."IsRevoked")
2026-06-23 12:51:54.333 +00:00 [INF] Executed DbCommand (1ms) [Parameters=[@__p_1='?' (DbType = Int32), @__p_0='?' (DbType = Int32)], CommandType='"Text"', CommandTimeout='30']
SELECT a0."ID", a0.jti, a0."DeviceFingerprint", a0."IpAddress", a0."CreatedAt", a0."IsRevoked", a0."ExpiresAt", u."ID" AS "UserID", u."Username", u."Email", u."Role"
FROM (
    SELECT a."ID", a."CreatedAt", a."DeviceFingerprint", a."ExpiresAt", a."IpAddress", a."IsRevoked", a."UserID", a.jti
    FROM "AccessTokens" AS a
    WHERE NOT (a."IsRevoked")
    LIMIT @__p_1 OFFSET @__p_0
) AS a0
INNER JOIN "Users" AS u ON a0."UserID" = u."ID"
2026-06-23 12:51:54.334 +00:00 [INF] Executing ObjectResult, writing value of type 'API.Utils.PagedResult`1[[API.DTO.AccessTokenUserDTO, API, Version=1.0.0.0, Culture=neutral, PublicKeyToken=null]]'.
2026-06-23 12:51:54.334 +00:00 [INF] Executed action API.Controllers.TokenController.GetAccessTokens (API) in 5.0777ms
2026-06-23 12:51:54.334 +00:00 [INF] Executed endpoint 'API.Controllers.TokenController.GetAccessTokens (API)'
2026-06-23 12:51:54.335 +00:00 [INF] Request finished HTTP/1.1 GET http://192.168.1.4:8080/api/token/access-token?page=1&limit=10 - 200 null application/json; charset=utf-8 11.2062ms
2026-06-23 12:51:56.656 +00:00 [INF] Request starting HTTP/1.1 GET http://192.168.1.4:8080/api/user?page=1&limit=10 - null null
2026-06-23 12:51:56.656 +00:00 [INF] Request starting HTTP/1.1 GET http://192.168.1.4:8080/api/user?page=1&limit=10 - null null
2026-06-23 12:51:56.656 +00:00 [INF] CORS policy execution successful.
2026-06-23 12:51:56.656 +00:00 [INF] CORS policy execution successful.
2026-06-23 12:51:56.656 +00:00 [INF] ====== OnMessageReceived START ======
2026-06-23 12:51:56.656 +00:00 [INF] ====== OnMessageReceived START ======
2026-06-23 12:51:56.657 +00:00 [INF] Available cookies: 2
2026-06-23 12:51:56.657 +00:00 [INF] Available cookies: 2
2026-06-23 12:51:56.657 +00:00 [INF] Cookie: adminToken = 844 chars
2026-06-23 12:51:56.657 +00:00 [INF] Cookie: adminToken = 844 chars
2026-06-23 12:51:56.657 +00:00 [INF] Cookie: adminRefreshToken = 44 chars
2026-06-23 12:51:56.657 +00:00 [INF] Cookie: adminRefreshToken = 44 chars
2026-06-23 12:51:56.657 +00:00 [INF] Admin token found in cookies, length: 844
2026-06-23 12:51:56.658 +00:00 [INF] Admin token set in context
2026-06-23 12:51:56.658 +00:00 [INF] Admin token found in cookies, length: 844
2026-06-23 12:51:56.658 +00:00 [INF] ====== OnMessageReceived END - Token set: true ======
2026-06-23 12:51:56.658 +00:00 [INF] Admin token set in context
2026-06-23 12:51:56.658 +00:00 [INF] ====== OnMessageReceived END - Token set: true ======
2026-06-23 12:51:56.658 +00:00 [INF] Token validated successfully for user: lengyelnorbi
2026-06-23 12:51:56.659 +00:00 [INF] Token validated successfully for user: lengyelnorbi
2026-06-23 12:51:56.659 +00:00 [INF] Device fingerprint headers - UA: Mozilla/5.0 (Windows NT 10.0; Win64; x64; rv:152.0) Gecko/20100101 Firefox/152.0, Accept: application/json, text/plain, */*, Encoding: gzip, deflate
2026-06-23 12:51:56.659 +00:00 [INF] Device fingerprint headers - UA: Mozilla/5.0 (Windows NT 10.0; Win64; x64; rv:152.0) Gecko/20100101 Firefox/152.0, Accept: application/json, text/plain, */*, Encoding: gzip, deflate
2026-06-23 12:51:56.659 +00:00 [INF] Device fingerprint validation: Stored=QXaX3D0VCcOUi9BOlof91M3cEs811jcWDuDhmTTelXc=, Current=QXaX3D0VCcOUi9BOlof91M3cEs811jcWDuDhmTTelXc=
2026-06-23 12:51:56.659 +00:00 [INF] Device fingerprint validation: Stored=QXaX3D0VCcOUi9BOlof91M3cEs811jcWDuDhmTTelXc=, Current=QXaX3D0VCcOUi9BOlof91M3cEs811jcWDuDhmTTelXc=
2026-06-23 12:51:56.661 +00:00 [INF] Executed DbCommand (1ms) [Parameters=[@__jti_0='?', @__userId_1='?' (DbType = Int32)], CommandType='"Text"', CommandTimeout='30']
SELECT a."ID", a."CreatedAt", a."DeviceFingerprint", a."ExpiresAt", a."IpAddress", a."IsRevoked", a."UserID", a.jti
FROM "AccessTokens" AS a
WHERE a.jti = @__jti_0 AND a."UserID" = @__userId_1 AND NOT (a."IsRevoked") AND a."ExpiresAt" > now()
LIMIT 1
2026-06-23 12:51:56.661 +00:00 [INF] Executed DbCommand (1ms) [Parameters=[@__jti_0='?', @__userId_1='?' (DbType = Int32)], CommandType='"Text"', CommandTimeout='30']
SELECT a."ID", a."CreatedAt", a."DeviceFingerprint", a."ExpiresAt", a."IpAddress", a."IsRevoked", a."UserID", a.jti
FROM "AccessTokens" AS a
WHERE a.jti = @__jti_0 AND a."UserID" = @__userId_1 AND NOT (a."IsRevoked") AND a."ExpiresAt" > now()
LIMIT 1
2026-06-23 12:51:56.662 +00:00 [INF] Executing endpoint 'API.Controllers.UserController.Get (API)'
2026-06-23 12:51:56.662 +00:00 [INF] Executing endpoint 'API.Controllers.UserController.Get (API)'
2026-06-23 12:51:56.662 +00:00 [INF] Route matched with {action = "Get", controller = "User"}. Executing controller action with signature System.Threading.Tasks.Task`1[API.Utils.PagedResult`1[API.DTO.UserDTO]] Get(Int32, Int32) on controller API.Controllers.UserController (API).
2026-06-23 12:51:56.662 +00:00 [INF] Route matched with {action = "Get", controller = "User"}. Executing controller action with signature System.Threading.Tasks.Task`1[API.Utils.PagedResult`1[API.DTO.UserDTO]] Get(Int32, Int32) on controller API.Controllers.UserController (API).
2026-06-23 12:51:56.663 +00:00 [INF] Executed DbCommand (1ms) [Parameters=[], CommandType='"Text"', CommandTimeout='30']
SELECT count(*)::int
FROM "Users" AS u
2026-06-23 12:51:56.663 +00:00 [INF] Executed DbCommand (1ms) [Parameters=[], CommandType='"Text"', CommandTimeout='30']
SELECT count(*)::int
FROM "Users" AS u
2026-06-23 12:51:56.665 +00:00 [INF] Executed DbCommand (1ms) [Parameters=[@__p_1='?' (DbType = Int32), @__p_0='?' (DbType = Int32)], CommandType='"Text"', CommandTimeout='30']
SELECT u."ID", u."Username", u."Email", u."RegisteredAt", u."Role"
FROM "Users" AS u
ORDER BY u."ID"
LIMIT @__p_1 OFFSET @__p_0
2026-06-23 12:51:56.665 +00:00 [INF] Executed DbCommand (1ms) [Parameters=[@__p_1='?' (DbType = Int32), @__p_0='?' (DbType = Int32)], CommandType='"Text"', CommandTimeout='30']
SELECT u."ID", u."Username", u."Email", u."RegisteredAt", u."Role"
FROM "Users" AS u
ORDER BY u."ID"
LIMIT @__p_1 OFFSET @__p_0
2026-06-23 12:51:56.665 +00:00 [INF] Executing ObjectResult, writing value of type 'API.Utils.PagedResult`1[[API.DTO.UserDTO, API, Version=1.0.0.0, Culture=neutral, PublicKeyToken=null]]'.
2026-06-23 12:51:56.665 +00:00 [INF] Executing ObjectResult, writing value of type 'API.Utils.PagedResult`1[[API.DTO.UserDTO, API, Version=1.0.0.0, Culture=neutral, PublicKeyToken=null]]'.
2026-06-23 12:51:56.665 +00:00 [INF] Executed action API.Controllers.UserController.Get (API) in 3.0941ms
2026-06-23 12:51:56.665 +00:00 [INF] Executed action API.Controllers.UserController.Get (API) in 2.9568ms
2026-06-23 12:51:56.665 +00:00 [INF] Executed endpoint 'API.Controllers.UserController.Get (API)'
2026-06-23 12:51:56.665 +00:00 [INF] Executed endpoint 'API.Controllers.UserController.Get (API)'
2026-06-23 12:51:56.666 +00:00 [INF] Request finished HTTP/1.1 GET http://192.168.1.4:8080/api/user?page=1&limit=10 - 200 null application/json; charset=utf-8 10.1039ms
2026-06-23 12:51:56.666 +00:00 [INF] Request finished HTTP/1.1 GET http://192.168.1.4:8080/api/user?page=1&limit=10 - 200 null application/json; charset=utf-8 10.0107ms
2026-06-23 12:51:58.082 +00:00 [INF] Request starting HTTP/1.1 GET http://192.168.1.4:8080/api/user?page=1&limit=10 - null null
2026-06-23 12:51:58.082 +00:00 [INF] Request starting HTTP/1.1 GET http://192.168.1.4:8080/api/user?page=1&limit=10 - null null
2026-06-23 12:51:58.082 +00:00 [INF] CORS policy execution successful.
2026-06-23 12:51:58.083 +00:00 [INF] CORS policy execution successful.
2026-06-23 12:51:58.083 +00:00 [INF] ====== OnMessageReceived START ======
2026-06-23 12:51:58.083 +00:00 [INF] ====== OnMessageReceived START ======
2026-06-23 12:51:58.083 +00:00 [INF] Available cookies: 2
2026-06-23 12:51:58.083 +00:00 [INF] Available cookies: 2
2026-06-23 12:51:58.083 +00:00 [INF] Cookie: adminToken = 844 chars
2026-06-23 12:51:58.083 +00:00 [INF] Cookie: adminToken = 844 chars
2026-06-23 12:51:58.083 +00:00 [INF] Cookie: adminRefreshToken = 44 chars
2026-06-23 12:51:58.084 +00:00 [INF] Cookie: adminRefreshToken = 44 chars
2026-06-23 12:51:58.084 +00:00 [INF] Admin token found in cookies, length: 844
2026-06-23 12:51:58.084 +00:00 [INF] Admin token found in cookies, length: 844
2026-06-23 12:51:58.084 +00:00 [INF] Admin token set in context
2026-06-23 12:51:58.084 +00:00 [INF] Admin token set in context
2026-06-23 12:51:58.084 +00:00 [INF] ====== OnMessageReceived END - Token set: true ======
2026-06-23 12:51:58.084 +00:00 [INF] ====== OnMessageReceived END - Token set: true ======
2026-06-23 12:51:58.085 +00:00 [INF] Token validated successfully for user: lengyelnorbi
2026-06-23 12:51:58.085 +00:00 [INF] Token validated successfully for user: lengyelnorbi
2026-06-23 12:51:58.085 +00:00 [INF] Device fingerprint headers - UA: Mozilla/5.0 (Windows NT 10.0; Win64; x64; rv:152.0) Gecko/20100101 Firefox/152.0, Accept: application/json, text/plain, */*, Encoding: gzip, deflate
2026-06-23 12:51:58.085 +00:00 [INF] Device fingerprint headers - UA: Mozilla/5.0 (Windows NT 10.0; Win64; x64; rv:152.0) Gecko/20100101 Firefox/152.0, Accept: application/json, text/plain, */*, Encoding: gzip, deflate
2026-06-23 12:51:58.085 +00:00 [INF] Device fingerprint validation: Stored=QXaX3D0VCcOUi9BOlof91M3cEs811jcWDuDhmTTelXc=, Current=QXaX3D0VCcOUi9BOlof91M3cEs811jcWDuDhmTTelXc=
2026-06-23 12:51:58.085 +00:00 [INF] Device fingerprint validation: Stored=QXaX3D0VCcOUi9BOlof91M3cEs811jcWDuDhmTTelXc=, Current=QXaX3D0VCcOUi9BOlof91M3cEs811jcWDuDhmTTelXc=
2026-06-23 12:51:58.088 +00:00 [INF] Executed DbCommand (1ms) [Parameters=[@__jti_0='?', @__userId_1='?' (DbType = Int32)], CommandType='"Text"', CommandTimeout='30']
SELECT a."ID", a."CreatedAt", a."DeviceFingerprint", a."ExpiresAt", a."IpAddress", a."IsRevoked", a."UserID", a.jti
FROM "AccessTokens" AS a
WHERE a.jti = @__jti_0 AND a."UserID" = @__userId_1 AND NOT (a."IsRevoked") AND a."ExpiresAt" > now()
LIMIT 1
2026-06-23 12:51:58.088 +00:00 [INF] Executed DbCommand (1ms) [Parameters=[@__jti_0='?', @__userId_1='?' (DbType = Int32)], CommandType='"Text"', CommandTimeout='30']
SELECT a."ID", a."CreatedAt", a."DeviceFingerprint", a."ExpiresAt", a."IpAddress", a."IsRevoked", a."UserID", a.jti
FROM "AccessTokens" AS a
WHERE a.jti = @__jti_0 AND a."UserID" = @__userId_1 AND NOT (a."IsRevoked") AND a."ExpiresAt" > now()
LIMIT 1
2026-06-23 12:51:58.088 +00:00 [INF] Executing endpoint 'API.Controllers.UserController.Get (API)'
2026-06-23 12:51:58.088 +00:00 [INF] Executing endpoint 'API.Controllers.UserController.Get (API)'
2026-06-23 12:51:58.088 +00:00 [INF] Route matched with {action = "Get", controller = "User"}. Executing controller action with signature System.Threading.Tasks.Task`1[API.Utils.PagedResult`1[API.DTO.UserDTO]] Get(Int32, Int32) on controller API.Controllers.UserController (API).
2026-06-23 12:51:58.088 +00:00 [INF] Route matched with {action = "Get", controller = "User"}. Executing controller action with signature System.Threading.Tasks.Task`1[API.Utils.PagedResult`1[API.DTO.UserDTO]] Get(Int32, Int32) on controller API.Controllers.UserController (API).
2026-06-23 12:51:58.090 +00:00 [INF] Executed DbCommand (1ms) [Parameters=[], CommandType='"Text"', CommandTimeout='30']
SELECT count(*)::int
FROM "Users" AS u
2026-06-23 12:51:58.090 +00:00 [INF] Executed DbCommand (1ms) [Parameters=[], CommandType='"Text"', CommandTimeout='30']
SELECT count(*)::int
FROM "Users" AS u
2026-06-23 12:51:58.091 +00:00 [INF] Executed DbCommand (1ms) [Parameters=[@__p_1='?' (DbType = Int32), @__p_0='?' (DbType = Int32)], CommandType='"Text"', CommandTimeout='30']
SELECT u."ID", u."Username", u."Email", u."RegisteredAt", u."Role"
FROM "Users" AS u
ORDER BY u."ID"
LIMIT @__p_1 OFFSET @__p_0
2026-06-23 12:51:58.091 +00:00 [INF] Executed DbCommand (1ms) [Parameters=[@__p_1='?' (DbType = Int32), @__p_0='?' (DbType = Int32)], CommandType='"Text"', CommandTimeout='30']
SELECT u."ID", u."Username", u."Email", u."RegisteredAt", u."Role"
FROM "Users" AS u
ORDER BY u."ID"
LIMIT @__p_1 OFFSET @__p_0
2026-06-23 12:51:58.091 +00:00 [INF] Executing ObjectResult, writing value of type 'API.Utils.PagedResult`1[[API.DTO.UserDTO, API, Version=1.0.0.0, Culture=neutral, PublicKeyToken=null]]'.
2026-06-23 12:51:58.091 +00:00 [INF] Executing ObjectResult, writing value of type 'API.Utils.PagedResult`1[[API.DTO.UserDTO, API, Version=1.0.0.0, Culture=neutral, PublicKeyToken=null]]'.
2026-06-23 12:51:58.091 +00:00 [INF] Executed action API.Controllers.UserController.Get (API) in 2.5539ms
2026-06-23 12:51:58.091 +00:00 [INF] Executed action API.Controllers.UserController.Get (API) in 2.7647ms
2026-06-23 12:51:58.091 +00:00 [INF] Executed endpoint 'API.Controllers.UserController.Get (API)'
2026-06-23 12:51:58.092 +00:00 [INF] Executed endpoint 'API.Controllers.UserController.Get (API)'
2026-06-23 12:51:58.092 +00:00 [INF] Request finished HTTP/1.1 GET http://192.168.1.4:8080/api/user?page=1&limit=10 - 200 null application/json; charset=utf-8 9.678ms
2026-06-23 12:51:58.092 +00:00 [INF] Request finished HTTP/1.1 GET http://192.168.1.4:8080/api/user?page=1&limit=10 - 200 null application/json; charset=utf-8 9.7929ms
2026-06-23 12:51:59.584 +00:00 [INF] Request starting HTTP/1.1 GET http://192.168.1.4:8080/api/user?page=1&limit=10 - null null
2026-06-23 12:51:59.584 +00:00 [INF] Request starting HTTP/1.1 GET http://192.168.1.4:8080/api/user?page=1&limit=10 - null null
2026-06-23 12:51:59.584 +00:00 [INF] CORS policy execution successful.
2026-06-23 12:51:59.584 +00:00 [INF] CORS policy execution successful.
2026-06-23 12:51:59.585 +00:00 [INF] ====== OnMessageReceived START ======
2026-06-23 12:51:59.585 +00:00 [INF] ====== OnMessageReceived START ======
2026-06-23 12:51:59.585 +00:00 [INF] Available cookies: 2
2026-06-23 12:51:59.585 +00:00 [INF] Available cookies: 2
2026-06-23 12:51:59.585 +00:00 [INF] Cookie: adminToken = 844 chars
2026-06-23 12:51:59.585 +00:00 [INF] Cookie: adminToken = 844 chars
2026-06-23 12:51:59.586 +00:00 [INF] Cookie: adminRefreshToken = 44 chars
2026-06-23 12:51:59.586 +00:00 [INF] Cookie: adminRefreshToken = 44 chars
2026-06-23 12:51:59.586 +00:00 [INF] Admin token found in cookies, length: 844
2026-06-23 12:51:59.586 +00:00 [INF] Admin token found in cookies, length: 844
2026-06-23 12:51:59.586 +00:00 [INF] Admin token set in context
2026-06-23 12:51:59.587 +00:00 [INF] Admin token set in context
2026-06-23 12:51:59.587 +00:00 [INF] ====== OnMessageReceived END - Token set: true ======
2026-06-23 12:51:59.587 +00:00 [INF] ====== OnMessageReceived END - Token set: true ======
2026-06-23 12:51:59.587 +00:00 [INF] Token validated successfully for user: lengyelnorbi
2026-06-23 12:51:59.587 +00:00 [INF] Device fingerprint headers - UA: Mozilla/5.0 (Windows NT 10.0; Win64; x64; rv:152.0) Gecko/20100101 Firefox/152.0, Accept: application/json, text/plain, */*, Encoding: gzip, deflate
2026-06-23 12:51:59.587 +00:00 [INF] Token validated successfully for user: lengyelnorbi
2026-06-23 12:51:59.588 +00:00 [INF] Device fingerprint validation: Stored=QXaX3D0VCcOUi9BOlof91M3cEs811jcWDuDhmTTelXc=, Current=QXaX3D0VCcOUi9BOlof91M3cEs811jcWDuDhmTTelXc=
2026-06-23 12:51:59.588 +00:00 [INF] Device fingerprint headers - UA: Mozilla/5.0 (Windows NT 10.0; Win64; x64; rv:152.0) Gecko/20100101 Firefox/152.0, Accept: application/json, text/plain, */*, Encoding: gzip, deflate
2026-06-23 12:51:59.588 +00:00 [INF] Device fingerprint validation: Stored=QXaX3D0VCcOUi9BOlof91M3cEs811jcWDuDhmTTelXc=, Current=QXaX3D0VCcOUi9BOlof91M3cEs811jcWDuDhmTTelXc=
2026-06-23 12:51:59.590 +00:00 [INF] Executed DbCommand (1ms) [Parameters=[@__jti_0='?', @__userId_1='?' (DbType = Int32)], CommandType='"Text"', CommandTimeout='30']
SELECT a."ID", a."CreatedAt", a."DeviceFingerprint", a."ExpiresAt", a."IpAddress", a."IsRevoked", a."UserID", a.jti
FROM "AccessTokens" AS a
WHERE a.jti = @__jti_0 AND a."UserID" = @__userId_1 AND NOT (a."IsRevoked") AND a."ExpiresAt" > now()
LIMIT 1
2026-06-23 12:51:59.590 +00:00 [INF] Executed DbCommand (1ms) [Parameters=[@__jti_0='?', @__userId_1='?' (DbType = Int32)], CommandType='"Text"', CommandTimeout='30']
SELECT a."ID", a."CreatedAt", a."DeviceFingerprint", a."ExpiresAt", a."IpAddress", a."IsRevoked", a."UserID", a.jti
FROM "AccessTokens" AS a
WHERE a.jti = @__jti_0 AND a."UserID" = @__userId_1 AND NOT (a."IsRevoked") AND a."ExpiresAt" > now()
LIMIT 1
2026-06-23 12:51:59.591 +00:00 [INF] Executing endpoint 'API.Controllers.UserController.Get (API)'
2026-06-23 12:51:59.591 +00:00 [INF] Executing endpoint 'API.Controllers.UserController.Get (API)'
2026-06-23 12:51:59.591 +00:00 [INF] Route matched with {action = "Get", controller = "User"}. Executing controller action with signature System.Threading.Tasks.Task`1[API.Utils.PagedResult`1[API.DTO.UserDTO]] Get(Int32, Int32) on controller API.Controllers.UserController (API).
2026-06-23 12:51:59.591 +00:00 [INF] Route matched with {action = "Get", controller = "User"}. Executing controller action with signature System.Threading.Tasks.Task`1[API.Utils.PagedResult`1[API.DTO.UserDTO]] Get(Int32, Int32) on controller API.Controllers.UserController (API).
2026-06-23 12:51:59.592 +00:00 [INF] Executed DbCommand (1ms) [Parameters=[], CommandType='"Text"', CommandTimeout='30']
SELECT count(*)::int
FROM "Users" AS u
2026-06-23 12:51:59.592 +00:00 [INF] Executed DbCommand (1ms) [Parameters=[], CommandType='"Text"', CommandTimeout='30']
SELECT count(*)::int
FROM "Users" AS u
2026-06-23 12:51:59.594 +00:00 [INF] Executed DbCommand (1ms) [Parameters=[@__p_1='?' (DbType = Int32), @__p_0='?' (DbType = Int32)], CommandType='"Text"', CommandTimeout='30']
SELECT u."ID", u."Username", u."Email", u."RegisteredAt", u."Role"
FROM "Users" AS u
ORDER BY u."ID"
LIMIT @__p_1 OFFSET @__p_0
2026-06-23 12:51:59.594 +00:00 [INF] Executed DbCommand (1ms) [Parameters=[@__p_1='?' (DbType = Int32), @__p_0='?' (DbType = Int32)], CommandType='"Text"', CommandTimeout='30']
SELECT u."ID", u."Username", u."Email", u."RegisteredAt", u."Role"
FROM "Users" AS u
ORDER BY u."ID"
LIMIT @__p_1 OFFSET @__p_0
2026-06-23 12:51:59.594 +00:00 [INF] Executing ObjectResult, writing value of type 'API.Utils.PagedResult`1[[API.DTO.UserDTO, API, Version=1.0.0.0, Culture=neutral, PublicKeyToken=null]]'.
2026-06-23 12:51:59.594 +00:00 [INF] Executing ObjectResult, writing value of type 'API.Utils.PagedResult`1[[API.DTO.UserDTO, API, Version=1.0.0.0, Culture=neutral, PublicKeyToken=null]]'.
2026-06-23 12:51:59.595 +00:00 [INF] Executed action API.Controllers.UserController.Get (API) in 3.5516ms
2026-06-23 12:51:59.595 +00:00 [INF] Executed action API.Controllers.UserController.Get (API) in 3.4654ms
2026-06-23 12:51:59.595 +00:00 [INF] Executed endpoint 'API.Controllers.UserController.Get (API)'
2026-06-23 12:51:59.595 +00:00 [INF] Executed endpoint 'API.Controllers.UserController.Get (API)'
2026-06-23 12:51:59.595 +00:00 [INF] Request finished HTTP/1.1 GET http://192.168.1.4:8080/api/user?page=1&limit=10 - 200 null application/json; charset=utf-8 11.1336ms
2026-06-23 12:51:59.595 +00:00 [INF] Request finished HTTP/1.1 GET http://192.168.1.4:8080/api/user?page=1&limit=10 - 200 null application/json; charset=utf-8 11.2769ms
2026-06-23 12:52:13.909 +00:00 [INF] Request starting HTTP/1.1 GET http://192.168.1.4:8080/api/token/access-token?page=1&limit=10 - null null
2026-06-23 12:52:13.910 +00:00 [INF] CORS policy execution successful.
2026-06-23 12:52:13.910 +00:00 [INF] ====== OnMessageReceived START ======
2026-06-23 12:52:13.910 +00:00 [INF] Available cookies: 2
2026-06-23 12:52:13.910 +00:00 [INF] Cookie: adminToken = 844 chars
2026-06-23 12:52:13.910 +00:00 [INF] Cookie: adminRefreshToken = 44 chars
2026-06-23 12:52:13.910 +00:00 [INF] Admin token found in cookies, length: 844
2026-06-23 12:52:13.911 +00:00 [INF] Admin token set in context
2026-06-23 12:52:13.911 +00:00 [INF] ====== OnMessageReceived END - Token set: true ======
2026-06-23 12:52:13.911 +00:00 [INF] Token validated successfully for user: lengyelnorbi
2026-06-23 12:52:13.911 +00:00 [INF] Device fingerprint headers - UA: Mozilla/5.0 (Windows NT 10.0; Win64; x64; rv:152.0) Gecko/20100101 Firefox/152.0, Accept: application/json, text/plain, */*, Encoding: gzip, deflate
2026-06-23 12:52:13.911 +00:00 [INF] Device fingerprint validation: Stored=QXaX3D0VCcOUi9BOlof91M3cEs811jcWDuDhmTTelXc=, Current=QXaX3D0VCcOUi9BOlof91M3cEs811jcWDuDhmTTelXc=
2026-06-23 12:52:13.914 +00:00 [INF] Executed DbCommand (2ms) [Parameters=[@__jti_0='?', @__userId_1='?' (DbType = Int32)], CommandType='"Text"', CommandTimeout='30']
SELECT a."ID", a."CreatedAt", a."DeviceFingerprint", a."ExpiresAt", a."IpAddress", a."IsRevoked", a."UserID", a.jti
FROM "AccessTokens" AS a
WHERE a.jti = @__jti_0 AND a."UserID" = @__userId_1 AND NOT (a."IsRevoked") AND a."ExpiresAt" > now()
LIMIT 1
2026-06-23 12:52:13.914 +00:00 [INF] Executing endpoint 'API.Controllers.TokenController.GetAccessTokens (API)'
2026-06-23 12:52:13.914 +00:00 [INF] Route matched with {action = "GetAccessTokens", controller = "Token"}. Executing controller action with signature System.Threading.Tasks.Task`1[API.Utils.PagedResult`1[API.DTO.AccessTokenUserDTO]] GetAccessTokens(Int32, Int32) on controller API.Controllers.TokenController (API).
2026-06-23 12:52:13.915 +00:00 [INF] Received request to fetch access tokens with pagination: page=1, limit=10
2026-06-23 12:52:13.916 +00:00 [INF] Executed DbCommand (1ms) [Parameters=[], CommandType='"Text"', CommandTimeout='30']
SELECT count(*)::int
FROM "AccessTokens" AS a
WHERE NOT (a."IsRevoked")
2026-06-23 12:52:13.918 +00:00 [INF] Executed DbCommand (1ms) [Parameters=[@__p_1='?' (DbType = Int32), @__p_0='?' (DbType = Int32)], CommandType='"Text"', CommandTimeout='30']
SELECT a0."ID", a0.jti, a0."DeviceFingerprint", a0."IpAddress", a0."CreatedAt", a0."IsRevoked", a0."ExpiresAt", u."ID" AS "UserID", u."Username", u."Email", u."Role"
FROM (
    SELECT a."ID", a."CreatedAt", a."DeviceFingerprint", a."ExpiresAt", a."IpAddress", a."IsRevoked", a."UserID", a.jti
    FROM "AccessTokens" AS a
    WHERE NOT (a."IsRevoked")
    LIMIT @__p_1 OFFSET @__p_0
) AS a0
INNER JOIN "Users" AS u ON a0."UserID" = u."ID"
2026-06-23 12:52:13.918 +00:00 [INF] Executing ObjectResult, writing value of type 'API.Utils.PagedResult`1[[API.DTO.AccessTokenUserDTO, API, Version=1.0.0.0, Culture=neutral, PublicKeyToken=null]]'.
2026-06-23 12:52:13.918 +00:00 [INF] Executed action API.Controllers.TokenController.GetAccessTokens (API) in 3.5472ms
2026-06-23 12:52:13.918 +00:00 [INF] Executed endpoint 'API.Controllers.TokenController.GetAccessTokens (API)'
2026-06-23 12:52:13.919 +00:00 [INF] Request finished HTTP/1.1 GET http://192.168.1.4:8080/api/token/access-token?page=1&limit=10 - 200 null application/json; charset=utf-8 9.358ms
2026-06-23 12:52:14.776 +00:00 [INF] Request starting HTTP/1.1 GET http://192.168.1.4:8080/api/token/access-token?page=4&limit=10 - null null
2026-06-23 12:52:14.776 +00:00 [INF] CORS policy execution successful.
2026-06-23 12:52:14.776 +00:00 [INF] ====== OnMessageReceived START ======
2026-06-23 12:52:14.776 +00:00 [INF] Available cookies: 2
2026-06-23 12:52:14.776 +00:00 [INF] Cookie: adminToken = 844 chars
2026-06-23 12:52:14.777 +00:00 [INF] Cookie: adminRefreshToken = 44 chars
2026-06-23 12:52:14.777 +00:00 [INF] Admin token found in cookies, length: 844
2026-06-23 12:52:14.777 +00:00 [INF] Admin token set in context
2026-06-23 12:52:14.777 +00:00 [INF] ====== OnMessageReceived END - Token set: true ======
2026-06-23 12:52:14.777 +00:00 [INF] Token validated successfully for user: lengyelnorbi
2026-06-23 12:52:14.777 +00:00 [INF] Device fingerprint headers - UA: Mozilla/5.0 (Windows NT 10.0; Win64; x64; rv:152.0) Gecko/20100101 Firefox/152.0, Accept: application/json, text/plain, */*, Encoding: gzip, deflate
2026-06-23 12:52:14.778 +00:00 [INF] Device fingerprint validation: Stored=QXaX3D0VCcOUi9BOlof91M3cEs811jcWDuDhmTTelXc=, Current=QXaX3D0VCcOUi9BOlof91M3cEs811jcWDuDhmTTelXc=
2026-06-23 12:52:14.780 +00:00 [INF] Executed DbCommand (1ms) [Parameters=[@__jti_0='?', @__userId_1='?' (DbType = Int32)], CommandType='"Text"', CommandTimeout='30']
SELECT a."ID", a."CreatedAt", a."DeviceFingerprint", a."ExpiresAt", a."IpAddress", a."IsRevoked", a."UserID", a.jti
FROM "AccessTokens" AS a
WHERE a.jti = @__jti_0 AND a."UserID" = @__userId_1 AND NOT (a."IsRevoked") AND a."ExpiresAt" > now()
LIMIT 1
2026-06-23 12:52:14.780 +00:00 [INF] Executing endpoint 'API.Controllers.TokenController.GetAccessTokens (API)'
2026-06-23 12:52:14.780 +00:00 [INF] Route matched with {action = "GetAccessTokens", controller = "Token"}. Executing controller action with signature System.Threading.Tasks.Task`1[API.Utils.PagedResult`1[API.DTO.AccessTokenUserDTO]] GetAccessTokens(Int32, Int32) on controller API.Controllers.TokenController (API).
2026-06-23 12:52:14.781 +00:00 [INF] Received request to fetch access tokens with pagination: page=4, limit=10
2026-06-23 12:52:14.782 +00:00 [INF] Executed DbCommand (1ms) [Parameters=[], CommandType='"Text"', CommandTimeout='30']
SELECT count(*)::int
FROM "AccessTokens" AS a
WHERE NOT (a."IsRevoked")
2026-06-23 12:52:14.783 +00:00 [INF] Executed DbCommand (1ms) [Parameters=[@__p_1='?' (DbType = Int32), @__p_0='?' (DbType = Int32)], CommandType='"Text"', CommandTimeout='30']
SELECT a0."ID", a0.jti, a0."DeviceFingerprint", a0."IpAddress", a0."CreatedAt", a0."IsRevoked", a0."ExpiresAt", u."ID" AS "UserID", u."Username", u."Email", u."Role"
FROM (
    SELECT a."ID", a."CreatedAt", a."DeviceFingerprint", a."ExpiresAt", a."IpAddress", a."IsRevoked", a."UserID", a.jti
    FROM "AccessTokens" AS a
    WHERE NOT (a."IsRevoked")
    LIMIT @__p_1 OFFSET @__p_0
) AS a0
INNER JOIN "Users" AS u ON a0."UserID" = u."ID"
2026-06-23 12:52:14.784 +00:00 [INF] Executing ObjectResult, writing value of type 'API.Utils.PagedResult`1[[API.DTO.AccessTokenUserDTO, API, Version=1.0.0.0, Culture=neutral, PublicKeyToken=null]]'.
2026-06-23 12:52:14.784 +00:00 [INF] Executed action API.Controllers.TokenController.GetAccessTokens (API) in 3.3901ms
2026-06-23 12:52:14.784 +00:00 [INF] Executed endpoint 'API.Controllers.TokenController.GetAccessTokens (API)'
2026-06-23 12:52:14.784 +00:00 [INF] Request finished HTTP/1.1 GET http://192.168.1.4:8080/api/token/access-token?page=4&limit=10 - 200 null application/json; charset=utf-8 8.6862ms
2026-06-23 12:52:15.446 +00:00 [INF] Request starting HTTP/1.1 GET http://192.168.1.4:8080/api/token/access-token?page=19&limit=10 - null null
2026-06-23 12:52:15.446 +00:00 [INF] CORS policy execution successful.
2026-06-23 12:52:15.447 +00:00 [INF] ====== OnMessageReceived START ======
2026-06-23 12:52:15.447 +00:00 [INF] Available cookies: 2
2026-06-23 12:52:15.447 +00:00 [INF] Cookie: adminToken = 844 chars
2026-06-23 12:52:15.447 +00:00 [INF] Cookie: adminRefreshToken = 44 chars
2026-06-23 12:52:15.447 +00:00 [INF] Admin token found in cookies, length: 844
2026-06-23 12:52:15.447 +00:00 [INF] Admin token set in context
2026-06-23 12:52:15.448 +00:00 [INF] ====== OnMessageReceived END - Token set: true ======
2026-06-23 12:52:15.448 +00:00 [INF] Token validated successfully for user: lengyelnorbi
2026-06-23 12:52:15.448 +00:00 [INF] Device fingerprint headers - UA: Mozilla/5.0 (Windows NT 10.0; Win64; x64; rv:152.0) Gecko/20100101 Firefox/152.0, Accept: application/json, text/plain, */*, Encoding: gzip, deflate
2026-06-23 12:52:15.448 +00:00 [INF] Device fingerprint validation: Stored=QXaX3D0VCcOUi9BOlof91M3cEs811jcWDuDhmTTelXc=, Current=QXaX3D0VCcOUi9BOlof91M3cEs811jcWDuDhmTTelXc=
2026-06-23 12:52:15.450 +00:00 [INF] Executed DbCommand (1ms) [Parameters=[@__jti_0='?', @__userId_1='?' (DbType = Int32)], CommandType='"Text"', CommandTimeout='30']
SELECT a."ID", a."CreatedAt", a."DeviceFingerprint", a."ExpiresAt", a."IpAddress", a."IsRevoked", a."UserID", a.jti
FROM "AccessTokens" AS a
WHERE a.jti = @__jti_0 AND a."UserID" = @__userId_1 AND NOT (a."IsRevoked") AND a."ExpiresAt" > now()
LIMIT 1
2026-06-23 12:52:15.451 +00:00 [INF] Executing endpoint 'API.Controllers.TokenController.GetAccessTokens (API)'
2026-06-23 12:52:15.451 +00:00 [INF] Route matched with {action = "GetAccessTokens", controller = "Token"}. Executing controller action with signature System.Threading.Tasks.Task`1[API.Utils.PagedResult`1[API.DTO.AccessTokenUserDTO]] GetAccessTokens(Int32, Int32) on controller API.Controllers.TokenController (API).
2026-06-23 12:52:15.451 +00:00 [INF] Received request to fetch access tokens with pagination: page=19, limit=10
2026-06-23 12:52:15.453 +00:00 [INF] Executed DbCommand (1ms) [Parameters=[], CommandType='"Text"', CommandTimeout='30']
SELECT count(*)::int
FROM "AccessTokens" AS a
WHERE NOT (a."IsRevoked")
2026-06-23 12:52:15.454 +00:00 [INF] Executed DbCommand (1ms) [Parameters=[@__p_1='?' (DbType = Int32), @__p_0='?' (DbType = Int32)], CommandType='"Text"', CommandTimeout='30']
SELECT a0."ID", a0.jti, a0."DeviceFingerprint", a0."IpAddress", a0."CreatedAt", a0."IsRevoked", a0."ExpiresAt", u."ID" AS "UserID", u."Username", u."Email", u."Role"
FROM (
    SELECT a."ID", a."CreatedAt", a."DeviceFingerprint", a."ExpiresAt", a."IpAddress", a."IsRevoked", a."UserID", a.jti
    FROM "AccessTokens" AS a
    WHERE NOT (a."IsRevoked")
    LIMIT @__p_1 OFFSET @__p_0
) AS a0
INNER JOIN "Users" AS u ON a0."UserID" = u."ID"
2026-06-23 12:52:15.455 +00:00 [INF] Executing ObjectResult, writing value of type 'API.Utils.PagedResult`1[[API.DTO.AccessTokenUserDTO, API, Version=1.0.0.0, Culture=neutral, PublicKeyToken=null]]'.
2026-06-23 12:52:15.455 +00:00 [INF] Executed action API.Controllers.TokenController.GetAccessTokens (API) in 3.5592ms
2026-06-23 12:52:15.455 +00:00 [INF] Executed endpoint 'API.Controllers.TokenController.GetAccessTokens (API)'
2026-06-23 12:52:15.455 +00:00 [INF] Request finished HTTP/1.1 GET http://192.168.1.4:8080/api/token/access-token?page=19&limit=10 - 200 null application/json; charset=utf-8 9.1932ms
2026-06-23 12:52:17.005 +00:00 [INF] Request starting HTTP/1.1 GET http://192.168.1.4:8080/api/token/refresh-token?page=1&limit=10 - null null
2026-06-23 12:52:17.005 +00:00 [INF] CORS policy execution successful.
2026-06-23 12:52:17.005 +00:00 [INF] ====== OnMessageReceived START ======
2026-06-23 12:52:17.006 +00:00 [INF] Available cookies: 2
2026-06-23 12:52:17.006 +00:00 [INF] Cookie: adminToken = 844 chars
2026-06-23 12:52:17.006 +00:00 [INF] Cookie: adminRefreshToken = 44 chars
2026-06-23 12:52:17.006 +00:00 [INF] Admin token found in cookies, length: 844
2026-06-23 12:52:17.006 +00:00 [INF] Admin token set in context
2026-06-23 12:52:17.006 +00:00 [INF] ====== OnMessageReceived END - Token set: true ======
2026-06-23 12:52:17.007 +00:00 [INF] Token validated successfully for user: lengyelnorbi
2026-06-23 12:52:17.007 +00:00 [INF] Device fingerprint headers - UA: Mozilla/5.0 (Windows NT 10.0; Win64; x64; rv:152.0) Gecko/20100101 Firefox/152.0, Accept: application/json, text/plain, */*, Encoding: gzip, deflate
2026-06-23 12:52:17.007 +00:00 [INF] Device fingerprint validation: Stored=QXaX3D0VCcOUi9BOlof91M3cEs811jcWDuDhmTTelXc=, Current=QXaX3D0VCcOUi9BOlof91M3cEs811jcWDuDhmTTelXc=
2026-06-23 12:52:17.010 +00:00 [INF] Executed DbCommand (1ms) [Parameters=[@__jti_0='?', @__userId_1='?' (DbType = Int32)], CommandType='"Text"', CommandTimeout='30']
SELECT a."ID", a."CreatedAt", a."DeviceFingerprint", a."ExpiresAt", a."IpAddress", a."IsRevoked", a."UserID", a.jti
FROM "AccessTokens" AS a
WHERE a.jti = @__jti_0 AND a."UserID" = @__userId_1 AND NOT (a."IsRevoked") AND a."ExpiresAt" > now()
LIMIT 1
2026-06-23 12:52:17.010 +00:00 [INF] Executing endpoint 'API.Controllers.TokenController.GetRefreshTokens (API)'
2026-06-23 12:52:17.010 +00:00 [INF] Route matched with {action = "GetRefreshTokens", controller = "Token"}. Executing controller action with signature System.Threading.Tasks.Task`1[API.Utils.PagedResult`1[API.DTO.RefreshTokenUserDTO]] GetRefreshTokens(Int32, Int32) on controller API.Controllers.TokenController (API).
2026-06-23 12:52:17.010 +00:00 [INF] Received request to fetch refresh tokens with pagination: page=1, limit=10
2026-06-23 12:52:17.012 +00:00 [INF] Executed DbCommand (1ms) [Parameters=[], CommandType='"Text"', CommandTimeout='30']
SELECT count(*)::int
FROM "RefreshTokens" AS r
WHERE NOT (r."IsRevoked")
2026-06-23 12:52:17.014 +00:00 [INF] Executed DbCommand (1ms) [Parameters=[@__p_1='?' (DbType = Int32), @__p_0='?' (DbType = Int32)], CommandType='"Text"', CommandTimeout='30']
SELECT r0."ID", r0."TokenHash", r0."DeviceFingerprint", r0."IpAddress", r0."CreatedAt", r0."IsRevoked", r0."ExpiresAt", u."ID" AS "UserID", u."Username", u."Email", u."Role"
FROM (
    SELECT r."ID", r."CreatedAt", r."DeviceFingerprint", r."ExpiresAt", r."IpAddress", r."IsRevoked", r."TokenHash", r."UserID"
    FROM "RefreshTokens" AS r
    WHERE NOT (r."IsRevoked")
    LIMIT @__p_1 OFFSET @__p_0
) AS r0
INNER JOIN "Users" AS u ON r0."UserID" = u."ID"
2026-06-23 12:52:17.014 +00:00 [INF] Executing ObjectResult, writing value of type 'API.Utils.PagedResult`1[[API.DTO.RefreshTokenUserDTO, API, Version=1.0.0.0, Culture=neutral, PublicKeyToken=null]]'.
2026-06-23 12:52:17.014 +00:00 [INF] Executed action API.Controllers.TokenController.GetRefreshTokens (API) in 3.9551ms
2026-06-23 12:52:17.014 +00:00 [INF] Executed endpoint 'API.Controllers.TokenController.GetRefreshTokens (API)'
2026-06-23 12:52:17.015 +00:00 [INF] Request finished HTTP/1.1 GET http://192.168.1.4:8080/api/token/refresh-token?page=1&limit=10 - 200 null application/json; charset=utf-8 9.8443ms
2026-06-23 12:52:18.001 +00:00 [INF] Request starting HTTP/1.1 GET http://192.168.1.4:8080/api/token/refresh-token?page=20&limit=10 - null null
2026-06-23 12:52:18.001 +00:00 [INF] CORS policy execution successful.
2026-06-23 12:52:18.001 +00:00 [INF] ====== OnMessageReceived START ======
2026-06-23 12:52:18.002 +00:00 [INF] Available cookies: 2
2026-06-23 12:52:18.002 +00:00 [INF] Cookie: adminToken = 844 chars
2026-06-23 12:52:18.002 +00:00 [INF] Cookie: adminRefreshToken = 44 chars
2026-06-23 12:52:18.002 +00:00 [INF] Admin token found in cookies, length: 844
2026-06-23 12:52:18.002 +00:00 [INF] Admin token set in context
2026-06-23 12:52:18.002 +00:00 [INF] ====== OnMessageReceived END - Token set: true ======
2026-06-23 12:52:18.003 +00:00 [INF] Token validated successfully for user: lengyelnorbi
2026-06-23 12:52:18.003 +00:00 [INF] Device fingerprint headers - UA: Mozilla/5.0 (Windows NT 10.0; Win64; x64; rv:152.0) Gecko/20100101 Firefox/152.0, Accept: application/json, text/plain, */*, Encoding: gzip, deflate
2026-06-23 12:52:18.003 +00:00 [INF] Device fingerprint validation: Stored=QXaX3D0VCcOUi9BOlof91M3cEs811jcWDuDhmTTelXc=, Current=QXaX3D0VCcOUi9BOlof91M3cEs811jcWDuDhmTTelXc=
2026-06-23 12:52:18.005 +00:00 [INF] Executed DbCommand (1ms) [Parameters=[@__jti_0='?', @__userId_1='?' (DbType = Int32)], CommandType='"Text"', CommandTimeout='30']
SELECT a."ID", a."CreatedAt", a."DeviceFingerprint", a."ExpiresAt", a."IpAddress", a."IsRevoked", a."UserID", a.jti
FROM "AccessTokens" AS a
WHERE a.jti = @__jti_0 AND a."UserID" = @__userId_1 AND NOT (a."IsRevoked") AND a."ExpiresAt" > now()
LIMIT 1
2026-06-23 12:52:18.005 +00:00 [INF] Executing endpoint 'API.Controllers.TokenController.GetRefreshTokens (API)'
2026-06-23 12:52:18.005 +00:00 [INF] Route matched with {action = "GetRefreshTokens", controller = "Token"}. Executing controller action with signature System.Threading.Tasks.Task`1[API.Utils.PagedResult`1[API.DTO.RefreshTokenUserDTO]] GetRefreshTokens(Int32, Int32) on controller API.Controllers.TokenController (API).
2026-06-23 12:52:18.006 +00:00 [INF] Received request to fetch refresh tokens with pagination: page=20, limit=10
2026-06-23 12:52:18.007 +00:00 [INF] Executed DbCommand (1ms) [Parameters=[], CommandType='"Text"', CommandTimeout='30']
SELECT count(*)::int
FROM "RefreshTokens" AS r
WHERE NOT (r."IsRevoked")
2026-06-23 12:52:18.009 +00:00 [INF] Executed DbCommand (1ms) [Parameters=[@__p_1='?' (DbType = Int32), @__p_0='?' (DbType = Int32)], CommandType='"Text"', CommandTimeout='30']
SELECT r0."ID", r0."TokenHash", r0."DeviceFingerprint", r0."IpAddress", r0."CreatedAt", r0."IsRevoked", r0."ExpiresAt", u."ID" AS "UserID", u."Username", u."Email", u."Role"
FROM (
    SELECT r."ID", r."CreatedAt", r."DeviceFingerprint", r."ExpiresAt", r."IpAddress", r."IsRevoked", r."TokenHash", r."UserID"
    FROM "RefreshTokens" AS r
    WHERE NOT (r."IsRevoked")
    LIMIT @__p_1 OFFSET @__p_0
) AS r0
INNER JOIN "Users" AS u ON r0."UserID" = u."ID"
2026-06-23 12:52:18.009 +00:00 [INF] Executing ObjectResult, writing value of type 'API.Utils.PagedResult`1[[API.DTO.RefreshTokenUserDTO, API, Version=1.0.0.0, Culture=neutral, PublicKeyToken=null]]'.
2026-06-23 12:52:18.009 +00:00 [INF] Executed action API.Controllers.TokenController.GetRefreshTokens (API) in 3.4094ms
2026-06-23 12:52:18.009 +00:00 [INF] Executed endpoint 'API.Controllers.TokenController.GetRefreshTokens (API)'
2026-06-23 12:52:18.009 +00:00 [INF] Request finished HTTP/1.1 GET http://192.168.1.4:8080/api/token/refresh-token?page=20&limit=10 - 200 null application/json; charset=utf-8 8.6557ms
2026-06-23 12:52:41.854 +00:00 [INF] Request starting HTTP/1.1 GET http://192.168.1.4:8080/api/user?page=1&limit=10 - null null
2026-06-23 12:52:41.854 +00:00 [INF] Request starting HTTP/1.1 GET http://192.168.1.4:8080/api/user?page=1&limit=10 - null null
2026-06-23 12:52:41.855 +00:00 [INF] CORS policy execution successful.
2026-06-23 12:52:41.855 +00:00 [INF] CORS policy execution successful.
2026-06-23 12:52:41.855 +00:00 [INF] ====== OnMessageReceived START ======
2026-06-23 12:52:41.855 +00:00 [INF] ====== OnMessageReceived START ======
2026-06-23 12:52:41.855 +00:00 [INF] Available cookies: 2
2026-06-23 12:52:41.855 +00:00 [INF] Available cookies: 2
2026-06-23 12:52:41.855 +00:00 [INF] Cookie: adminToken = 844 chars
2026-06-23 12:52:41.856 +00:00 [INF] Cookie: adminToken = 844 chars
2026-06-23 12:52:41.856 +00:00 [INF] Cookie: adminRefreshToken = 44 chars
2026-06-23 12:52:41.856 +00:00 [INF] Cookie: adminRefreshToken = 44 chars
2026-06-23 12:52:41.856 +00:00 [INF] Admin token found in cookies, length: 844
2026-06-23 12:52:41.856 +00:00 [INF] Admin token found in cookies, length: 844
2026-06-23 12:52:41.856 +00:00 [INF] Admin token set in context
2026-06-23 12:52:41.857 +00:00 [INF] Admin token set in context
2026-06-23 12:52:41.857 +00:00 [INF] ====== OnMessageReceived END - Token set: true ======
2026-06-23 12:52:41.857 +00:00 [INF] ====== OnMessageReceived END - Token set: true ======
2026-06-23 12:52:41.857 +00:00 [INF] Token validated successfully for user: lengyelnorbi
2026-06-23 12:52:41.857 +00:00 [INF] Token validated successfully for user: lengyelnorbi
2026-06-23 12:52:41.857 +00:00 [INF] Device fingerprint headers - UA: Mozilla/5.0 (Windows NT 10.0; Win64; x64; rv:152.0) Gecko/20100101 Firefox/152.0, Accept: application/json, text/plain, */*, Encoding: gzip, deflate
2026-06-23 12:52:41.858 +00:00 [INF] Device fingerprint headers - UA: Mozilla/5.0 (Windows NT 10.0; Win64; x64; rv:152.0) Gecko/20100101 Firefox/152.0, Accept: application/json, text/plain, */*, Encoding: gzip, deflate
2026-06-23 12:52:41.858 +00:00 [INF] Device fingerprint validation: Stored=QXaX3D0VCcOUi9BOlof91M3cEs811jcWDuDhmTTelXc=, Current=QXaX3D0VCcOUi9BOlof91M3cEs811jcWDuDhmTTelXc=
2026-06-23 12:52:41.858 +00:00 [INF] Device fingerprint validation: Stored=QXaX3D0VCcOUi9BOlof91M3cEs811jcWDuDhmTTelXc=, Current=QXaX3D0VCcOUi9BOlof91M3cEs811jcWDuDhmTTelXc=
2026-06-23 12:52:41.860 +00:00 [INF] Executed DbCommand (1ms) [Parameters=[@__jti_0='?', @__userId_1='?' (DbType = Int32)], CommandType='"Text"', CommandTimeout='30']
SELECT a."ID", a."CreatedAt", a."DeviceFingerprint", a."ExpiresAt", a."IpAddress", a."IsRevoked", a."UserID", a.jti
FROM "AccessTokens" AS a
WHERE a.jti = @__jti_0 AND a."UserID" = @__userId_1 AND NOT (a."IsRevoked") AND a."ExpiresAt" > now()
LIMIT 1
2026-06-23 12:52:41.860 +00:00 [INF] Executed DbCommand (1ms) [Parameters=[@__jti_0='?', @__userId_1='?' (DbType = Int32)], CommandType='"Text"', CommandTimeout='30']
SELECT a."ID", a."CreatedAt", a."DeviceFingerprint", a."ExpiresAt", a."IpAddress", a."IsRevoked", a."UserID", a.jti
FROM "AccessTokens" AS a
WHERE a.jti = @__jti_0 AND a."UserID" = @__userId_1 AND NOT (a."IsRevoked") AND a."ExpiresAt" > now()
LIMIT 1
2026-06-23 12:52:41.861 +00:00 [INF] Executing endpoint 'API.Controllers.UserController.Get (API)'
2026-06-23 12:52:41.861 +00:00 [INF] Executing endpoint 'API.Controllers.UserController.Get (API)'
2026-06-23 12:52:41.861 +00:00 [INF] Route matched with {action = "Get", controller = "User"}. Executing controller action with signature System.Threading.Tasks.Task`1[API.Utils.PagedResult`1[API.DTO.UserDTO]] Get(Int32, Int32) on controller API.Controllers.UserController (API).
2026-06-23 12:52:41.861 +00:00 [INF] Route matched with {action = "Get", controller = "User"}. Executing controller action with signature System.Threading.Tasks.Task`1[API.Utils.PagedResult`1[API.DTO.UserDTO]] Get(Int32, Int32) on controller API.Controllers.UserController (API).
2026-06-23 12:52:41.862 +00:00 [INF] Executed DbCommand (1ms) [Parameters=[], CommandType='"Text"', CommandTimeout='30']
SELECT count(*)::int
FROM "Users" AS u
2026-06-23 12:52:41.862 +00:00 [INF] Executed DbCommand (1ms) [Parameters=[], CommandType='"Text"', CommandTimeout='30']
SELECT count(*)::int
FROM "Users" AS u
2026-06-23 12:52:41.863 +00:00 [INF] Executed DbCommand (1ms) [Parameters=[@__p_1='?' (DbType = Int32), @__p_0='?' (DbType = Int32)], CommandType='"Text"', CommandTimeout='30']
SELECT u."ID", u."Username", u."Email", u."RegisteredAt", u."Role"
FROM "Users" AS u
ORDER BY u."ID"
LIMIT @__p_1 OFFSET @__p_0
2026-06-23 12:52:41.863 +00:00 [INF] Executed DbCommand (1ms) [Parameters=[@__p_1='?' (DbType = Int32), @__p_0='?' (DbType = Int32)], CommandType='"Text"', CommandTimeout='30']
SELECT u."ID", u."Username", u."Email", u."RegisteredAt", u."Role"
FROM "Users" AS u
ORDER BY u."ID"
LIMIT @__p_1 OFFSET @__p_0
2026-06-23 12:52:41.863 +00:00 [INF] Executing ObjectResult, writing value of type 'API.Utils.PagedResult`1[[API.DTO.UserDTO, API, Version=1.0.0.0, Culture=neutral, PublicKeyToken=null]]'.
2026-06-23 12:52:41.863 +00:00 [INF] Executing ObjectResult, writing value of type 'API.Utils.PagedResult`1[[API.DTO.UserDTO, API, Version=1.0.0.0, Culture=neutral, PublicKeyToken=null]]'.
2026-06-23 12:52:41.864 +00:00 [INF] Executed action API.Controllers.UserController.Get (API) in 2.7927ms
2026-06-23 12:52:41.864 +00:00 [INF] Executed action API.Controllers.UserController.Get (API) in 2.7025ms
2026-06-23 12:52:41.864 +00:00 [INF] Executed endpoint 'API.Controllers.UserController.Get (API)'
2026-06-23 12:52:41.864 +00:00 [INF] Executed endpoint 'API.Controllers.UserController.Get (API)'
2026-06-23 12:52:41.864 +00:00 [INF] Request finished HTTP/1.1 GET http://192.168.1.4:8080/api/user?page=1&limit=10 - 200 null application/json; charset=utf-8 9.9384ms
2026-06-23 12:52:41.864 +00:00 [INF] Request finished HTTP/1.1 GET http://192.168.1.4:8080/api/user?page=1&limit=10 - 200 null application/json; charset=utf-8 10.2752ms
2026-06-23 12:52:42.529 +00:00 [INF] Request starting HTTP/1.1 GET http://192.168.1.4:8080/api/token/access-token?page=1&limit=10 - null null
2026-06-23 12:52:42.529 +00:00 [INF] CORS policy execution successful.
2026-06-23 12:52:42.529 +00:00 [INF] ====== OnMessageReceived START ======
2026-06-23 12:52:42.529 +00:00 [INF] Available cookies: 2
2026-06-23 12:52:42.529 +00:00 [INF] Cookie: adminToken = 844 chars
2026-06-23 12:52:42.530 +00:00 [INF] Cookie: adminRefreshToken = 44 chars
2026-06-23 12:52:42.530 +00:00 [INF] Admin token found in cookies, length: 844
2026-06-23 12:52:42.530 +00:00 [INF] Admin token set in context
2026-06-23 12:52:42.530 +00:00 [INF] ====== OnMessageReceived END - Token set: true ======
2026-06-23 12:52:42.530 +00:00 [INF] Token validated successfully for user: lengyelnorbi
2026-06-23 12:52:42.530 +00:00 [INF] Device fingerprint headers - UA: Mozilla/5.0 (Windows NT 10.0; Win64; x64; rv:152.0) Gecko/20100101 Firefox/152.0, Accept: application/json, text/plain, */*, Encoding: gzip, deflate
2026-06-23 12:52:42.531 +00:00 [INF] Device fingerprint validation: Stored=QXaX3D0VCcOUi9BOlof91M3cEs811jcWDuDhmTTelXc=, Current=QXaX3D0VCcOUi9BOlof91M3cEs811jcWDuDhmTTelXc=
2026-06-23 12:52:42.533 +00:00 [INF] Executed DbCommand (1ms) [Parameters=[@__jti_0='?', @__userId_1='?' (DbType = Int32)], CommandType='"Text"', CommandTimeout='30']
SELECT a."ID", a."CreatedAt", a."DeviceFingerprint", a."ExpiresAt", a."IpAddress", a."IsRevoked", a."UserID", a.jti
FROM "AccessTokens" AS a
WHERE a.jti = @__jti_0 AND a."UserID" = @__userId_1 AND NOT (a."IsRevoked") AND a."ExpiresAt" > now()
LIMIT 1
2026-06-23 12:52:42.533 +00:00 [INF] Executing endpoint 'API.Controllers.TokenController.GetAccessTokens (API)'
2026-06-23 12:52:42.533 +00:00 [INF] Route matched with {action = "GetAccessTokens", controller = "Token"}. Executing controller action with signature System.Threading.Tasks.Task`1[API.Utils.PagedResult`1[API.DTO.AccessTokenUserDTO]] GetAccessTokens(Int32, Int32) on controller API.Controllers.TokenController (API).
2026-06-23 12:52:42.534 +00:00 [INF] Received request to fetch access tokens with pagination: page=1, limit=10
2026-06-23 12:52:42.535 +00:00 [INF] Executed DbCommand (1ms) [Parameters=[], CommandType='"Text"', CommandTimeout='30']
SELECT count(*)::int
FROM "AccessTokens" AS a
WHERE NOT (a."IsRevoked")
2026-06-23 12:52:42.536 +00:00 [INF] Executed DbCommand (1ms) [Parameters=[@__p_1='?' (DbType = Int32), @__p_0='?' (DbType = Int32)], CommandType='"Text"', CommandTimeout='30']
SELECT a0."ID", a0.jti, a0."DeviceFingerprint", a0."IpAddress", a0."CreatedAt", a0."IsRevoked", a0."ExpiresAt", u."ID" AS "UserID", u."Username", u."Email", u."Role"
FROM (
    SELECT a."ID", a."CreatedAt", a."DeviceFingerprint", a."ExpiresAt", a."IpAddress", a."IsRevoked", a."UserID", a.jti
    FROM "AccessTokens" AS a
    WHERE NOT (a."IsRevoked")
    LIMIT @__p_1 OFFSET @__p_0
) AS a0
INNER JOIN "Users" AS u ON a0."UserID" = u."ID"
2026-06-23 12:52:42.536 +00:00 [INF] Executing ObjectResult, writing value of type 'API.Utils.PagedResult`1[[API.DTO.AccessTokenUserDTO, API, Version=1.0.0.0, Culture=neutral, PublicKeyToken=null]]'.
2026-06-23 12:52:42.537 +00:00 [INF] Executed action API.Controllers.TokenController.GetAccessTokens (API) in 3.2625ms
2026-06-23 12:52:42.537 +00:00 [INF] Executed endpoint 'API.Controllers.TokenController.GetAccessTokens (API)'
2026-06-23 12:52:42.537 +00:00 [INF] Request finished HTTP/1.1 GET http://192.168.1.4:8080/api/token/access-token?page=1&limit=10 - 200 null application/json; charset=utf-8 8.5794ms
2026-06-23 12:52:51.300 +00:00 [INF] Request starting HTTP/1.1 GET http://192.168.1.4:8080/api/token/refresh-token?page=1&limit=10 - null null
2026-06-23 12:52:51.300 +00:00 [INF] CORS policy execution successful.
2026-06-23 12:52:51.300 +00:00 [INF] ====== OnMessageReceived START ======
2026-06-23 12:52:51.300 +00:00 [INF] Available cookies: 2
2026-06-23 12:52:51.301 +00:00 [INF] Cookie: adminToken = 844 chars
2026-06-23 12:52:51.301 +00:00 [INF] Cookie: adminRefreshToken = 44 chars
2026-06-23 12:52:51.301 +00:00 [INF] Admin token found in cookies, length: 844
2026-06-23 12:52:51.301 +00:00 [INF] Admin token set in context
2026-06-23 12:52:51.301 +00:00 [INF] ====== OnMessageReceived END - Token set: true ======
2026-06-23 12:52:51.302 +00:00 [INF] Token validated successfully for user: lengyelnorbi
2026-06-23 12:52:51.302 +00:00 [INF] Device fingerprint headers - UA: Mozilla/5.0 (Windows NT 10.0; Win64; x64; rv:152.0) Gecko/20100101 Firefox/152.0, Accept: application/json, text/plain, */*, Encoding: gzip, deflate
2026-06-23 12:52:51.302 +00:00 [INF] Device fingerprint validation: Stored=QXaX3D0VCcOUi9BOlof91M3cEs811jcWDuDhmTTelXc=, Current=QXaX3D0VCcOUi9BOlof91M3cEs811jcWDuDhmTTelXc=
2026-06-23 12:52:51.304 +00:00 [INF] Executed DbCommand (1ms) [Parameters=[@__jti_0='?', @__userId_1='?' (DbType = Int32)], CommandType='"Text"', CommandTimeout='30']
SELECT a."ID", a."CreatedAt", a."DeviceFingerprint", a."ExpiresAt", a."IpAddress", a."IsRevoked", a."UserID", a.jti
FROM "AccessTokens" AS a
WHERE a.jti = @__jti_0 AND a."UserID" = @__userId_1 AND NOT (a."IsRevoked") AND a."ExpiresAt" > now()
LIMIT 1
2026-06-23 12:52:51.304 +00:00 [INF] Executing endpoint 'API.Controllers.TokenController.GetRefreshTokens (API)'
2026-06-23 12:52:51.305 +00:00 [INF] Route matched with {action = "GetRefreshTokens", controller = "Token"}. Executing controller action with signature System.Threading.Tasks.Task`1[API.Utils.PagedResult`1[API.DTO.RefreshTokenUserDTO]] GetRefreshTokens(Int32, Int32) on controller API.Controllers.TokenController (API).
2026-06-23 12:52:51.305 +00:00 [INF] Received request to fetch refresh tokens with pagination: page=1, limit=10
2026-06-23 12:52:51.306 +00:00 [INF] Executed DbCommand (1ms) [Parameters=[], CommandType='"Text"', CommandTimeout='30']
SELECT count(*)::int
FROM "RefreshTokens" AS r
WHERE NOT (r."IsRevoked")
2026-06-23 12:52:51.307 +00:00 [INF] Executed DbCommand (1ms) [Parameters=[@__p_1='?' (DbType = Int32), @__p_0='?' (DbType = Int32)], CommandType='"Text"', CommandTimeout='30']
SELECT r0."ID", r0."TokenHash", r0."DeviceFingerprint", r0."IpAddress", r0."CreatedAt", r0."IsRevoked", r0."ExpiresAt", u."ID" AS "UserID", u."Username", u."Email", u."Role"
FROM (
    SELECT r."ID", r."CreatedAt", r."DeviceFingerprint", r."ExpiresAt", r."IpAddress", r."IsRevoked", r."TokenHash", r."UserID"
    FROM "RefreshTokens" AS r
    WHERE NOT (r."IsRevoked")
    LIMIT @__p_1 OFFSET @__p_0
) AS r0
INNER JOIN "Users" AS u ON r0."UserID" = u."ID"
2026-06-23 12:52:51.307 +00:00 [INF] Executing ObjectResult, writing value of type 'API.Utils.PagedResult`1[[API.DTO.RefreshTokenUserDTO, API, Version=1.0.0.0, Culture=neutral, PublicKeyToken=null]]'.
2026-06-23 12:52:51.308 +00:00 [INF] Executed action API.Controllers.TokenController.GetRefreshTokens (API) in 2.9529ms
2026-06-23 12:52:51.308 +00:00 [INF] Executed endpoint 'API.Controllers.TokenController.GetRefreshTokens (API)'
2026-06-23 12:52:51.308 +00:00 [INF] Request finished HTTP/1.1 GET http://192.168.1.4:8080/api/token/refresh-token?page=1&limit=10 - 200 null application/json; charset=utf-8 8.3958ms
2026-06-23 12:56:06.883 +00:00 [INF] Request starting HTTP/1.1 OPTIONS http://192.168.1.4:8080/api/auth/refresh - null null
2026-06-23 12:56:06.884 +00:00 [INF] CORS policy execution successful.
2026-06-23 12:56:06.884 +00:00 [INF] Request finished HTTP/1.1 OPTIONS http://192.168.1.4:8080/api/auth/refresh - 204 null null 0.9914ms
2026-06-23 12:56:06.887 +00:00 [INF] Request starting HTTP/1.1 POST http://192.168.1.4:8080/api/auth/refresh - application/json 18
2026-06-23 12:56:06.888 +00:00 [INF] CORS policy execution successful.
2026-06-23 12:56:06.888 +00:00 [INF] ====== OnMessageReceived START ======
2026-06-23 12:56:06.889 +00:00 [INF] Available cookies: 2
2026-06-23 12:56:06.889 +00:00 [INF] Cookie: adminToken = 844 chars
2026-06-23 12:56:06.889 +00:00 [INF] Cookie: adminRefreshToken = 44 chars
2026-06-23 12:56:06.889 +00:00 [INF] Admin token found in cookies, length: 844
2026-06-23 12:56:06.889 +00:00 [INF] Admin token set in context
2026-06-23 12:56:06.889 +00:00 [INF] ====== OnMessageReceived END - Token set: true ======
2026-06-23 12:56:06.890 +00:00 [INF] Token validated successfully for user: lengyelnorbi
2026-06-23 12:56:06.890 +00:00 [INF] Device fingerprint headers - UA: Mozilla/5.0 (Windows NT 10.0; Win64; x64; rv:152.0) Gecko/20100101 Firefox/152.0, Accept: */*, Encoding: gzip, deflate
2026-06-23 12:56:06.890 +00:00 [INF] Device fingerprint validation: Stored=QXaX3D0VCcOUi9BOlof91M3cEs811jcWDuDhmTTelXc=, Current=QXaX3D0VCcOUi9BOlof91M3cEs811jcWDuDhmTTelXc=
2026-06-23 12:56:06.892 +00:00 [INF] Executed DbCommand (1ms) [Parameters=[@__jti_0='?', @__userId_1='?' (DbType = Int32)], CommandType='"Text"', CommandTimeout='30']
SELECT a."ID", a."CreatedAt", a."DeviceFingerprint", a."ExpiresAt", a."IpAddress", a."IsRevoked", a."UserID", a.jti
FROM "AccessTokens" AS a
WHERE a.jti = @__jti_0 AND a."UserID" = @__userId_1 AND NOT (a."IsRevoked") AND a."ExpiresAt" > now()
LIMIT 1
2026-06-23 12:56:06.894 +00:00 [INF] Executing endpoint 'API.Controllers.AuthController.RefreshToken (API)'
2026-06-23 12:56:06.897 +00:00 [INF] Route matched with {action = "RefreshToken", controller = "Auth"}. Executing controller action with signature System.Threading.Tasks.Task`1[Microsoft.AspNetCore.Mvc.IActionResult] RefreshToken(API.Models.RequestModels.RefreshRequest) on controller API.Controllers.AuthController (API).
2026-06-23 12:56:06.899 +00:00 [INF] Token refresh attempt at "2026-06-23T12:56:06.8994592Z"
2026-06-23 12:56:06.899 +00:00 [INF] Refreshing admin token at "2026-06-23T12:56:06.8996749Z"
2026-06-23 12:56:06.905 +00:00 [INF] Executed DbCommand (2ms) [Parameters=[@__tokenHash_0='?'], CommandType='"Text"', CommandTimeout='30']
SELECT r."ID", r."CreatedAt", r."DeviceFingerprint", r."ExpiresAt", r."IpAddress", r."IsRevoked", r."TokenHash", r."UserID"
FROM "RefreshTokens" AS r
WHERE r."TokenHash" = @__tokenHash_0 AND NOT (r."IsRevoked") AND r."ExpiresAt" > now()
ORDER BY r."CreatedAt" DESC
LIMIT 1
2026-06-23 12:56:06.906 +00:00 [INF] Mozilla/5.0 (Windows NT 10.0; Win64; x64; rv:152.0) Gecko/20100101 Firefox/152.0
2026-06-23 12:56:06.907 +00:00 [INF] Fetching user by ID from database...
2026-06-23 12:56:06.911 +00:00 [INF] Executed DbCommand (1ms) [Parameters=[@__id_0='?' (DbType = Int32)], CommandType='"Text"', CommandTimeout='30']
SELECT u."ID", u."Email", u."PasswordHash", u."RegisteredAt", u."Role", u."Username"
FROM "Users" AS u
WHERE u."ID" = @__id_0
LIMIT 1
2026-06-23 12:56:06.918 +00:00 [INF] Executed DbCommand (4ms) [Parameters=[@p0='?' (DbType = DateTime), @p1='?', @p2='?' (DbType = DateTime), @p3='?', @p4='?' (DbType = Int32), @p5='?'], CommandType='"Text"', CommandTimeout='30']
INSERT INTO "AccessTokens" ("CreatedAt", "DeviceFingerprint", "ExpiresAt", "IpAddress", "UserID", jti)
VALUES (@p0, @p1, @p2, @p3, @p4, @p5)
RETURNING "ID", "IsRevoked";
2026-06-23 12:56:06.924 +00:00 [INF] Executed DbCommand (1ms) [Parameters=[@__jti_0='?', @__userID_1='?' (DbType = Int32), @__deviceFingerprint_2='?', @__ipAddress_3='?'], CommandType='"Text"', CommandTimeout='30']
SELECT a."ID", a."CreatedAt", a."DeviceFingerprint", a."ExpiresAt", a."IpAddress", a."IsRevoked", a."UserID", a.jti
FROM "AccessTokens" AS a
WHERE a.jti = @__jti_0 AND a."UserID" = @__userID_1 AND a."DeviceFingerprint" = @__deviceFingerprint_2 AND a."IpAddress" = @__ipAddress_3
LIMIT 1
2026-06-23 12:56:06.924 +00:00 [INF] Attempting to revoke access token with jti c4137e87-867c-41be-8d5d-f49fddc45e69 for user 1 from device QXaX3D0VCcOUi9BOlof91M3cEs811jcWDuDhmTTelXc= and IP ::ffff:172.20.0.1
2026-06-23 12:56:06.924 +00:00 [INF] Access token found: API.Models.AccessToken
2026-06-23 12:56:06.929 +00:00 [INF] Executed DbCommand (3ms) [Parameters=[@p1='?' (DbType = Int32), @p0='?' (DbType = Boolean)], CommandType='"Text"', CommandTimeout='30']
UPDATE "AccessTokens" SET "IsRevoked" = @p0
WHERE "ID" = @p1;
2026-06-23 12:56:06.930 +00:00 [INF] Access token AccessToken for user 1 revoked: true
2026-06-23 12:56:06.933 +00:00 [INF] Executed DbCommand (2ms) [Parameters=[@p0='?' (DbType = DateTime), @p1='?', @p2='?' (DbType = DateTime), @p3='?', @p4='?', @p5='?' (DbType = Int32)], CommandType='"Text"', CommandTimeout='30']
INSERT INTO "RefreshTokens" ("CreatedAt", "DeviceFingerprint", "ExpiresAt", "IpAddress", "TokenHash", "UserID")
VALUES (@p0, @p1, @p2, @p3, @p4, @p5)
RETURNING "ID", "IsRevoked";
2026-06-23 12:56:06.937 +00:00 [INF] Executed DbCommand (1ms) [Parameters=[@__tokenHash_0='?', @__userId_1='?' (DbType = Int32), @__deviceFingerprint_2='?', @__ipAddress_3='?'], CommandType='"Text"', CommandTimeout='30']
SELECT r."ID", r."CreatedAt", r."DeviceFingerprint", r."ExpiresAt", r."IpAddress", r."IsRevoked", r."TokenHash", r."UserID"
FROM "RefreshTokens" AS r
WHERE r."TokenHash" = @__tokenHash_0 AND r."UserID" = @__userId_1 AND r."DeviceFingerprint" = @__deviceFingerprint_2 AND r."IpAddress" = @__ipAddress_3
LIMIT 1
2026-06-23 12:56:06.939 +00:00 [INF] Executed DbCommand (2ms) [Parameters=[@p1='?' (DbType = Int32), @p0='?' (DbType = Boolean)], CommandType='"Text"', CommandTimeout='30']
UPDATE "RefreshTokens" SET "IsRevoked" = @p0
WHERE "ID" = @p1;
2026-06-23 12:56:06.940 +00:00 [INF] Refresh token qm6IOfoZZ9wCjwsEEKzbNuI+Ga8fXc5NNgmMKaBzg3U= for user 1 revoked: true
2026-06-23 12:56:06.940 +00:00 [INF] Token refreshed successfully for user 1 at "2026-06-23T12:56:06.9404825Z"
2026-06-23 12:56:06.940 +00:00 [INF] Executing OkObjectResult, writing value of type '<>f__AnonymousType3`2[[System.Boolean, System.Private.CoreLib, Version=9.0.0.0, Culture=neutral, PublicKeyToken=7cec85d7bea7798e],[System.Int32, System.Private.CoreLib, Version=9.0.0.0, Culture=neutral, PublicKeyToken=7cec85d7bea7798e]]'.
2026-06-23 12:56:06.942 +00:00 [INF] Executed action API.Controllers.AuthController.RefreshToken (API) in 44.6244ms
2026-06-23 12:56:06.942 +00:00 [INF] Executed endpoint 'API.Controllers.AuthController.RefreshToken (API)'
2026-06-23 12:56:06.942 +00:00 [INF] Request finished HTTP/1.1 POST http://192.168.1.4:8080/api/auth/refresh - 200 null application/json; charset=utf-8 54.6117ms
2026-06-23 13:00:37.025 +00:00 [INF] Request starting HTTP/1.1 OPTIONS http://192.168.1.4:8080/api/auth/refresh - null null
2026-06-23 13:00:37.026 +00:00 [INF] CORS policy execution successful.
2026-06-23 13:00:37.026 +00:00 [INF] Request finished HTTP/1.1 OPTIONS http://192.168.1.4:8080/api/auth/refresh - 204 null null 0.8442ms
2026-06-23 13:00:37.029 +00:00 [INF] Request starting HTTP/1.1 POST http://192.168.1.4:8080/api/auth/refresh - application/json 18
2026-06-23 13:00:37.029 +00:00 [INF] CORS policy execution successful.
2026-06-23 13:00:37.029 +00:00 [INF] ====== OnMessageReceived START ======
2026-06-23 13:00:37.030 +00:00 [INF] Available cookies: 2
2026-06-23 13:00:37.030 +00:00 [INF] Cookie: adminToken = 844 chars
2026-06-23 13:00:37.030 +00:00 [INF] Cookie: adminRefreshToken = 44 chars
2026-06-23 13:00:37.030 +00:00 [INF] Admin token found in cookies, length: 844
2026-06-23 13:00:37.030 +00:00 [INF] Admin token set in context
2026-06-23 13:00:37.031 +00:00 [INF] ====== OnMessageReceived END - Token set: true ======
2026-06-23 13:00:37.031 +00:00 [INF] Token validated successfully for user: lengyelnorbi
2026-06-23 13:00:37.031 +00:00 [INF] Device fingerprint headers - UA: Mozilla/5.0 (Windows NT 10.0; Win64; x64; rv:152.0) Gecko/20100101 Firefox/152.0, Accept: */*, Encoding: gzip, deflate
2026-06-23 13:00:37.031 +00:00 [INF] Device fingerprint validation: Stored=QXaX3D0VCcOUi9BOlof91M3cEs811jcWDuDhmTTelXc=, Current=QXaX3D0VCcOUi9BOlof91M3cEs811jcWDuDhmTTelXc=
2026-06-23 13:00:37.052 +00:00 [INF] Executed DbCommand (11ms) [Parameters=[@__jti_0='?', @__userId_1='?' (DbType = Int32)], CommandType='"Text"', CommandTimeout='30']
SELECT a."ID", a."CreatedAt", a."DeviceFingerprint", a."ExpiresAt", a."IpAddress", a."IsRevoked", a."UserID", a.jti
FROM "AccessTokens" AS a
WHERE a.jti = @__jti_0 AND a."UserID" = @__userId_1 AND NOT (a."IsRevoked") AND a."ExpiresAt" > now()
LIMIT 1
2026-06-23 13:00:37.053 +00:00 [INF] Executing endpoint 'API.Controllers.AuthController.RefreshToken (API)'
2026-06-23 13:00:37.053 +00:00 [INF] Route matched with {action = "RefreshToken", controller = "Auth"}. Executing controller action with signature System.Threading.Tasks.Task`1[Microsoft.AspNetCore.Mvc.IActionResult] RefreshToken(API.Models.RequestModels.RefreshRequest) on controller API.Controllers.AuthController (API).
2026-06-23 13:00:37.054 +00:00 [INF] Token refresh attempt at "2026-06-23T13:00:37.0546749Z"
2026-06-23 13:00:37.054 +00:00 [INF] Refreshing admin token at "2026-06-23T13:00:37.0548220Z"
2026-06-23 13:00:37.056 +00:00 [INF] Executed DbCommand (2ms) [Parameters=[@__tokenHash_0='?'], CommandType='"Text"', CommandTimeout='30']
SELECT r."ID", r."CreatedAt", r."DeviceFingerprint", r."ExpiresAt", r."IpAddress", r."IsRevoked", r."TokenHash", r."UserID"
FROM "RefreshTokens" AS r
WHERE r."TokenHash" = @__tokenHash_0 AND NOT (r."IsRevoked") AND r."ExpiresAt" > now()
ORDER BY r."CreatedAt" DESC
LIMIT 1
2026-06-23 13:00:37.057 +00:00 [INF] Mozilla/5.0 (Windows NT 10.0; Win64; x64; rv:152.0) Gecko/20100101 Firefox/152.0
2026-06-23 13:00:37.057 +00:00 [INF] Fetching user by ID from database...
2026-06-23 13:00:37.058 +00:00 [INF] Executed DbCommand (1ms) [Parameters=[@__id_0='?' (DbType = Int32)], CommandType='"Text"', CommandTimeout='30']
SELECT u."ID", u."Email", u."PasswordHash", u."RegisteredAt", u."Role", u."Username"
FROM "Users" AS u
WHERE u."ID" = @__id_0
LIMIT 1
2026-06-23 13:00:37.062 +00:00 [INF] Executed DbCommand (3ms) [Parameters=[@p0='?' (DbType = DateTime), @p1='?', @p2='?' (DbType = DateTime), @p3='?', @p4='?' (DbType = Int32), @p5='?'], CommandType='"Text"', CommandTimeout='30']
INSERT INTO "AccessTokens" ("CreatedAt", "DeviceFingerprint", "ExpiresAt", "IpAddress", "UserID", jti)
VALUES (@p0, @p1, @p2, @p3, @p4, @p5)
RETURNING "ID", "IsRevoked";
2026-06-23 13:00:37.064 +00:00 [INF] Executed DbCommand (1ms) [Parameters=[@__jti_0='?', @__userID_1='?' (DbType = Int32), @__deviceFingerprint_2='?', @__ipAddress_3='?'], CommandType='"Text"', CommandTimeout='30']
SELECT a."ID", a."CreatedAt", a."DeviceFingerprint", a."ExpiresAt", a."IpAddress", a."IsRevoked", a."UserID", a.jti
FROM "AccessTokens" AS a
WHERE a.jti = @__jti_0 AND a."UserID" = @__userID_1 AND a."DeviceFingerprint" = @__deviceFingerprint_2 AND a."IpAddress" = @__ipAddress_3
LIMIT 1
2026-06-23 13:00:37.064 +00:00 [INF] Attempting to revoke access token with jti 8d9d6891-6d83-4449-8f26-33159f17777f for user 1 from device QXaX3D0VCcOUi9BOlof91M3cEs811jcWDuDhmTTelXc= and IP ::ffff:172.20.0.1
2026-06-23 13:00:37.064 +00:00 [INF] Access token found: API.Models.AccessToken
2026-06-23 13:00:37.066 +00:00 [INF] Executed DbCommand (1ms) [Parameters=[@p1='?' (DbType = Int32), @p0='?' (DbType = Boolean)], CommandType='"Text"', CommandTimeout='30']
UPDATE "AccessTokens" SET "IsRevoked" = @p0
WHERE "ID" = @p1;
2026-06-23 13:00:37.067 +00:00 [INF] Access token AccessToken for user 1 revoked: true
2026-06-23 13:00:37.069 +00:00 [INF] Executed DbCommand (2ms) [Parameters=[@p0='?' (DbType = DateTime), @p1='?', @p2='?' (DbType = DateTime), @p3='?', @p4='?', @p5='?' (DbType = Int32)], CommandType='"Text"', CommandTimeout='30']
INSERT INTO "RefreshTokens" ("CreatedAt", "DeviceFingerprint", "ExpiresAt", "IpAddress", "TokenHash", "UserID")
VALUES (@p0, @p1, @p2, @p3, @p4, @p5)
RETURNING "ID", "IsRevoked";
2026-06-23 13:00:37.070 +00:00 [INF] Executed DbCommand (1ms) [Parameters=[@__tokenHash_0='?', @__userId_1='?' (DbType = Int32), @__deviceFingerprint_2='?', @__ipAddress_3='?'], CommandType='"Text"', CommandTimeout='30']
SELECT r."ID", r."CreatedAt", r."DeviceFingerprint", r."ExpiresAt", r."IpAddress", r."IsRevoked", r."TokenHash", r."UserID"
FROM "RefreshTokens" AS r
WHERE r."TokenHash" = @__tokenHash_0 AND r."UserID" = @__userId_1 AND r."DeviceFingerprint" = @__deviceFingerprint_2 AND r."IpAddress" = @__ipAddress_3
LIMIT 1
2026-06-23 13:00:37.072 +00:00 [INF] Executed DbCommand (1ms) [Parameters=[@p1='?' (DbType = Int32), @p0='?' (DbType = Boolean)], CommandType='"Text"', CommandTimeout='30']
UPDATE "RefreshTokens" SET "IsRevoked" = @p0
WHERE "ID" = @p1;
2026-06-23 13:00:37.072 +00:00 [INF] Refresh token cHpj6+0pi9jthZh2ROLYdXtehJtzNpriaAVXqmf6vsE= for user 1 revoked: true
2026-06-23 13:00:37.072 +00:00 [INF] Token refreshed successfully for user 1 at "2026-06-23T13:00:37.0728661Z"
2026-06-23 13:00:37.073 +00:00 [INF] Executing OkObjectResult, writing value of type '<>f__AnonymousType3`2[[System.Boolean, System.Private.CoreLib, Version=9.0.0.0, Culture=neutral, PublicKeyToken=7cec85d7bea7798e],[System.Int32, System.Private.CoreLib, Version=9.0.0.0, Culture=neutral, PublicKeyToken=7cec85d7bea7798e]]'.
2026-06-23 13:00:37.073 +00:00 [INF] Executed action API.Controllers.AuthController.RefreshToken (API) in 19.2935ms
2026-06-23 13:00:37.073 +00:00 [INF] Executed endpoint 'API.Controllers.AuthController.RefreshToken (API)'
2026-06-23 13:00:37.073 +00:00 [INF] Request finished HTTP/1.1 POST http://192.168.1.4:8080/api/auth/refresh - 200 null application/json; charset=utf-8 44.3653ms
2026-06-23 13:05:07.082 +00:00 [INF] Request starting HTTP/1.1 OPTIONS http://192.168.1.4:8080/api/auth/refresh - null null
2026-06-23 13:05:07.083 +00:00 [INF] CORS policy execution successful.
2026-06-23 13:05:07.083 +00:00 [INF] Request finished HTTP/1.1 OPTIONS http://192.168.1.4:8080/api/auth/refresh - 204 null null 0.6973ms
2026-06-23 13:05:07.085 +00:00 [INF] Request starting HTTP/1.1 POST http://192.168.1.4:8080/api/auth/refresh - application/json 18
2026-06-23 13:05:07.086 +00:00 [INF] CORS policy execution successful.
2026-06-23 13:05:07.086 +00:00 [INF] ====== OnMessageReceived START ======
2026-06-23 13:05:07.086 +00:00 [INF] Available cookies: 2
2026-06-23 13:05:07.086 +00:00 [INF] Cookie: adminToken = 844 chars
2026-06-23 13:05:07.086 +00:00 [INF] Cookie: adminRefreshToken = 44 chars
2026-06-23 13:05:07.087 +00:00 [INF] Admin token found in cookies, length: 844
2026-06-23 13:05:07.087 +00:00 [INF] Admin token set in context
2026-06-23 13:05:07.087 +00:00 [INF] ====== OnMessageReceived END - Token set: true ======
2026-06-23 13:05:07.087 +00:00 [INF] Token validated successfully for user: lengyelnorbi
2026-06-23 13:05:07.087 +00:00 [INF] Device fingerprint headers - UA: Mozilla/5.0 (Windows NT 10.0; Win64; x64; rv:152.0) Gecko/20100101 Firefox/152.0, Accept: */*, Encoding: gzip, deflate
2026-06-23 13:05:07.088 +00:00 [INF] Device fingerprint validation: Stored=QXaX3D0VCcOUi9BOlof91M3cEs811jcWDuDhmTTelXc=, Current=QXaX3D0VCcOUi9BOlof91M3cEs811jcWDuDhmTTelXc=
2026-06-23 13:05:07.090 +00:00 [INF] Executed DbCommand (1ms) [Parameters=[@__jti_0='?', @__userId_1='?' (DbType = Int32)], CommandType='"Text"', CommandTimeout='30']
SELECT a."ID", a."CreatedAt", a."DeviceFingerprint", a."ExpiresAt", a."IpAddress", a."IsRevoked", a."UserID", a.jti
FROM "AccessTokens" AS a
WHERE a.jti = @__jti_0 AND a."UserID" = @__userId_1 AND NOT (a."IsRevoked") AND a."ExpiresAt" > now()
LIMIT 1
2026-06-23 13:05:07.091 +00:00 [INF] Executing endpoint 'API.Controllers.AuthController.RefreshToken (API)'
2026-06-23 13:05:07.091 +00:00 [INF] Route matched with {action = "RefreshToken", controller = "Auth"}. Executing controller action with signature System.Threading.Tasks.Task`1[Microsoft.AspNetCore.Mvc.IActionResult] RefreshToken(API.Models.RequestModels.RefreshRequest) on controller API.Controllers.AuthController (API).
2026-06-23 13:05:07.091 +00:00 [INF] Token refresh attempt at "2026-06-23T13:05:07.0918067Z"
2026-06-23 13:05:07.091 +00:00 [INF] Refreshing admin token at "2026-06-23T13:05:07.0919895Z"
2026-06-23 13:05:07.093 +00:00 [INF] Executed DbCommand (1ms) [Parameters=[@__tokenHash_0='?'], CommandType='"Text"', CommandTimeout='30']
SELECT r."ID", r."CreatedAt", r."DeviceFingerprint", r."ExpiresAt", r."IpAddress", r."IsRevoked", r."TokenHash", r."UserID"
FROM "RefreshTokens" AS r
WHERE r."TokenHash" = @__tokenHash_0 AND NOT (r."IsRevoked") AND r."ExpiresAt" > now()
ORDER BY r."CreatedAt" DESC
LIMIT 1
2026-06-23 13:05:07.093 +00:00 [INF] Mozilla/5.0 (Windows NT 10.0; Win64; x64; rv:152.0) Gecko/20100101 Firefox/152.0
2026-06-23 13:05:07.093 +00:00 [INF] Fetching user by ID from database...
2026-06-23 13:05:07.094 +00:00 [INF] Executed DbCommand (1ms) [Parameters=[@__id_0='?' (DbType = Int32)], CommandType='"Text"', CommandTimeout='30']
SELECT u."ID", u."Email", u."PasswordHash", u."RegisteredAt", u."Role", u."Username"
FROM "Users" AS u
WHERE u."ID" = @__id_0
LIMIT 1
2026-06-23 13:05:07.097 +00:00 [INF] Executed DbCommand (2ms) [Parameters=[@p0='?' (DbType = DateTime), @p1='?', @p2='?' (DbType = DateTime), @p3='?', @p4='?' (DbType = Int32), @p5='?'], CommandType='"Text"', CommandTimeout='30']
INSERT INTO "AccessTokens" ("CreatedAt", "DeviceFingerprint", "ExpiresAt", "IpAddress", "UserID", jti)
VALUES (@p0, @p1, @p2, @p3, @p4, @p5)
RETURNING "ID", "IsRevoked";
2026-06-23 13:05:07.099 +00:00 [INF] Executed DbCommand (1ms) [Parameters=[@__jti_0='?', @__userID_1='?' (DbType = Int32), @__deviceFingerprint_2='?', @__ipAddress_3='?'], CommandType='"Text"', CommandTimeout='30']
SELECT a."ID", a."CreatedAt", a."DeviceFingerprint", a."ExpiresAt", a."IpAddress", a."IsRevoked", a."UserID", a.jti
FROM "AccessTokens" AS a
WHERE a.jti = @__jti_0 AND a."UserID" = @__userID_1 AND a."DeviceFingerprint" = @__deviceFingerprint_2 AND a."IpAddress" = @__ipAddress_3
LIMIT 1
2026-06-23 13:05:07.099 +00:00 [INF] Attempting to revoke access token with jti 50c10d6a-92b6-4324-b18c-694a365e85e6 for user 1 from device QXaX3D0VCcOUi9BOlof91M3cEs811jcWDuDhmTTelXc= and IP ::ffff:172.20.0.1
2026-06-23 13:05:07.099 +00:00 [INF] Access token found: API.Models.AccessToken
2026-06-23 13:05:07.101 +00:00 [INF] Executed DbCommand (1ms) [Parameters=[@p1='?' (DbType = Int32), @p0='?' (DbType = Boolean)], CommandType='"Text"', CommandTimeout='30']
UPDATE "AccessTokens" SET "IsRevoked" = @p0
WHERE "ID" = @p1;
2026-06-23 13:05:07.101 +00:00 [INF] Access token AccessToken for user 1 revoked: true
2026-06-23 13:05:07.103 +00:00 [INF] Executed DbCommand (1ms) [Parameters=[@p0='?' (DbType = DateTime), @p1='?', @p2='?' (DbType = DateTime), @p3='?', @p4='?', @p5='?' (DbType = Int32)], CommandType='"Text"', CommandTimeout='30']
INSERT INTO "RefreshTokens" ("CreatedAt", "DeviceFingerprint", "ExpiresAt", "IpAddress", "TokenHash", "UserID")
VALUES (@p0, @p1, @p2, @p3, @p4, @p5)
RETURNING "ID", "IsRevoked";
2026-06-23 13:05:07.104 +00:00 [INF] Executed DbCommand (1ms) [Parameters=[@__tokenHash_0='?', @__userId_1='?' (DbType = Int32), @__deviceFingerprint_2='?', @__ipAddress_3='?'], CommandType='"Text"', CommandTimeout='30']
SELECT r."ID", r."CreatedAt", r."DeviceFingerprint", r."ExpiresAt", r."IpAddress", r."IsRevoked", r."TokenHash", r."UserID"
FROM "RefreshTokens" AS r
WHERE r."TokenHash" = @__tokenHash_0 AND r."UserID" = @__userId_1 AND r."DeviceFingerprint" = @__deviceFingerprint_2 AND r."IpAddress" = @__ipAddress_3
LIMIT 1
2026-06-23 13:05:07.106 +00:00 [INF] Executed DbCommand (1ms) [Parameters=[@p1='?' (DbType = Int32), @p0='?' (DbType = Boolean)], CommandType='"Text"', CommandTimeout='30']
UPDATE "RefreshTokens" SET "IsRevoked" = @p0
WHERE "ID" = @p1;
2026-06-23 13:05:07.106 +00:00 [INF] Refresh token 0drX2k7FPc54HQ8yQXlIlMC4F5vRNxZ8SovYUlfP8BQ= for user 1 revoked: true
2026-06-23 13:05:07.106 +00:00 [INF] Token refreshed successfully for user 1 at "2026-06-23T13:05:07.1068488Z"
2026-06-23 13:05:07.107 +00:00 [INF] Executing OkObjectResult, writing value of type '<>f__AnonymousType3`2[[System.Boolean, System.Private.CoreLib, Version=9.0.0.0, Culture=neutral, PublicKeyToken=7cec85d7bea7798e],[System.Int32, System.Private.CoreLib, Version=9.0.0.0, Culture=neutral, PublicKeyToken=7cec85d7bea7798e]]'.
2026-06-23 13:05:07.107 +00:00 [INF] Executed action API.Controllers.AuthController.RefreshToken (API) in 15.7217ms
2026-06-23 13:05:07.107 +00:00 [INF] Executed endpoint 'API.Controllers.AuthController.RefreshToken (API)'
2026-06-23 13:05:07.107 +00:00 [INF] Request finished HTTP/1.1 POST http://192.168.1.4:8080/api/auth/refresh - 200 null application/json; charset=utf-8 21.7984ms
2026-06-23 13:09:37.357 +00:00 [INF] Request starting HTTP/1.1 OPTIONS http://192.168.1.4:8080/api/auth/refresh - null null
2026-06-23 13:09:37.360 +00:00 [INF] CORS policy execution successful.
2026-06-23 13:09:37.360 +00:00 [INF] Request finished HTTP/1.1 OPTIONS http://192.168.1.4:8080/api/auth/refresh - 204 null null 3.1083ms
2026-06-23 13:09:37.363 +00:00 [INF] Request starting HTTP/1.1 POST http://192.168.1.4:8080/api/auth/refresh - application/json 18
2026-06-23 13:09:37.364 +00:00 [INF] CORS policy execution successful.
2026-06-23 13:09:37.364 +00:00 [INF] ====== OnMessageReceived START ======
2026-06-23 13:09:37.364 +00:00 [INF] Available cookies: 2
2026-06-23 13:09:37.364 +00:00 [INF] Cookie: adminToken = 844 chars
2026-06-23 13:09:37.364 +00:00 [INF] Cookie: adminRefreshToken = 44 chars
2026-06-23 13:09:37.364 +00:00 [INF] Admin token found in cookies, length: 844
2026-06-23 13:09:37.364 +00:00 [INF] Admin token set in context
2026-06-23 13:09:37.364 +00:00 [INF] ====== OnMessageReceived END - Token set: true ======
2026-06-23 13:09:37.365 +00:00 [INF] Token validated successfully for user: lengyelnorbi
2026-06-23 13:09:37.365 +00:00 [INF] Device fingerprint headers - UA: Mozilla/5.0 (Windows NT 10.0; Win64; x64; rv:152.0) Gecko/20100101 Firefox/152.0, Accept: */*, Encoding: gzip, deflate
2026-06-23 13:09:37.365 +00:00 [INF] Device fingerprint validation: Stored=QXaX3D0VCcOUi9BOlof91M3cEs811jcWDuDhmTTelXc=, Current=QXaX3D0VCcOUi9BOlof91M3cEs811jcWDuDhmTTelXc=
2026-06-23 13:09:37.376 +00:00 [INF] Executed DbCommand (2ms) [Parameters=[@__jti_0='?', @__userId_1='?' (DbType = Int32)], CommandType='"Text"', CommandTimeout='30']
SELECT a."ID", a."CreatedAt", a."DeviceFingerprint", a."ExpiresAt", a."IpAddress", a."IsRevoked", a."UserID", a.jti
FROM "AccessTokens" AS a
WHERE a.jti = @__jti_0 AND a."UserID" = @__userId_1 AND NOT (a."IsRevoked") AND a."ExpiresAt" > now()
LIMIT 1
2026-06-23 13:09:37.376 +00:00 [INF] Executing endpoint 'API.Controllers.AuthController.RefreshToken (API)'
2026-06-23 13:09:37.376 +00:00 [INF] Route matched with {action = "RefreshToken", controller = "Auth"}. Executing controller action with signature System.Threading.Tasks.Task`1[Microsoft.AspNetCore.Mvc.IActionResult] RefreshToken(API.Models.RequestModels.RefreshRequest) on controller API.Controllers.AuthController (API).
2026-06-23 13:09:37.377 +00:00 [INF] Token refresh attempt at "2026-06-23T13:09:37.3772864Z"
2026-06-23 13:09:37.377 +00:00 [INF] Refreshing admin token at "2026-06-23T13:09:37.3774660Z"
2026-06-23 13:09:37.379 +00:00 [INF] Executed DbCommand (1ms) [Parameters=[@__tokenHash_0='?'], CommandType='"Text"', CommandTimeout='30']
SELECT r."ID", r."CreatedAt", r."DeviceFingerprint", r."ExpiresAt", r."IpAddress", r."IsRevoked", r."TokenHash", r."UserID"
FROM "RefreshTokens" AS r
WHERE r."TokenHash" = @__tokenHash_0 AND NOT (r."IsRevoked") AND r."ExpiresAt" > now()
ORDER BY r."CreatedAt" DESC
LIMIT 1
2026-06-23 13:09:37.379 +00:00 [INF] Mozilla/5.0 (Windows NT 10.0; Win64; x64; rv:152.0) Gecko/20100101 Firefox/152.0
2026-06-23 13:09:37.379 +00:00 [INF] Fetching user by ID from database...
2026-06-23 13:09:37.380 +00:00 [INF] Executed DbCommand (1ms) [Parameters=[@__id_0='?' (DbType = Int32)], CommandType='"Text"', CommandTimeout='30']
SELECT u."ID", u."Email", u."PasswordHash", u."RegisteredAt", u."Role", u."Username"
FROM "Users" AS u
WHERE u."ID" = @__id_0
LIMIT 1
2026-06-23 13:09:37.383 +00:00 [INF] Executed DbCommand (2ms) [Parameters=[@p0='?' (DbType = DateTime), @p1='?', @p2='?' (DbType = DateTime), @p3='?', @p4='?' (DbType = Int32), @p5='?'], CommandType='"Text"', CommandTimeout='30']
INSERT INTO "AccessTokens" ("CreatedAt", "DeviceFingerprint", "ExpiresAt", "IpAddress", "UserID", jti)
VALUES (@p0, @p1, @p2, @p3, @p4, @p5)
RETURNING "ID", "IsRevoked";
2026-06-23 13:09:37.384 +00:00 [INF] Executed DbCommand (1ms) [Parameters=[@__jti_0='?', @__userID_1='?' (DbType = Int32), @__deviceFingerprint_2='?', @__ipAddress_3='?'], CommandType='"Text"', CommandTimeout='30']
SELECT a."ID", a."CreatedAt", a."DeviceFingerprint", a."ExpiresAt", a."IpAddress", a."IsRevoked", a."UserID", a.jti
FROM "AccessTokens" AS a
WHERE a.jti = @__jti_0 AND a."UserID" = @__userID_1 AND a."DeviceFingerprint" = @__deviceFingerprint_2 AND a."IpAddress" = @__ipAddress_3
LIMIT 1
2026-06-23 13:09:37.385 +00:00 [INF] Attempting to revoke access token with jti ee3f2b05-1082-402f-a910-ad1d4e28390c for user 1 from device QXaX3D0VCcOUi9BOlof91M3cEs811jcWDuDhmTTelXc= and IP ::ffff:172.20.0.1
2026-06-23 13:09:37.385 +00:00 [INF] Access token found: API.Models.AccessToken
2026-06-23 13:09:37.387 +00:00 [INF] Executed DbCommand (2ms) [Parameters=[@p1='?' (DbType = Int32), @p0='?' (DbType = Boolean)], CommandType='"Text"', CommandTimeout='30']
UPDATE "AccessTokens" SET "IsRevoked" = @p0
WHERE "ID" = @p1;
2026-06-23 13:09:37.387 +00:00 [INF] Access token AccessToken for user 1 revoked: true
2026-06-23 13:09:37.389 +00:00 [INF] Executed DbCommand (2ms) [Parameters=[@p0='?' (DbType = DateTime), @p1='?', @p2='?' (DbType = DateTime), @p3='?', @p4='?', @p5='?' (DbType = Int32)], CommandType='"Text"', CommandTimeout='30']
INSERT INTO "RefreshTokens" ("CreatedAt", "DeviceFingerprint", "ExpiresAt", "IpAddress", "TokenHash", "UserID")
VALUES (@p0, @p1, @p2, @p3, @p4, @p5)
RETURNING "ID", "IsRevoked";
2026-06-23 13:09:37.391 +00:00 [INF] Executed DbCommand (1ms) [Parameters=[@__tokenHash_0='?', @__userId_1='?' (DbType = Int32), @__deviceFingerprint_2='?', @__ipAddress_3='?'], CommandType='"Text"', CommandTimeout='30']
SELECT r."ID", r."CreatedAt", r."DeviceFingerprint", r."ExpiresAt", r."IpAddress", r."IsRevoked", r."TokenHash", r."UserID"
FROM "RefreshTokens" AS r
WHERE r."TokenHash" = @__tokenHash_0 AND r."UserID" = @__userId_1 AND r."DeviceFingerprint" = @__deviceFingerprint_2 AND r."IpAddress" = @__ipAddress_3
LIMIT 1
2026-06-23 13:09:37.392 +00:00 [INF] Executed DbCommand (1ms) [Parameters=[@p1='?' (DbType = Int32), @p0='?' (DbType = Boolean)], CommandType='"Text"', CommandTimeout='30']
UPDATE "RefreshTokens" SET "IsRevoked" = @p0
WHERE "ID" = @p1;
2026-06-23 13:09:37.392 +00:00 [INF] Refresh token 1yL4sX1msb8bsxtRnkvjDTCoEUwLEhdY9+sHDDuoTZU= for user 1 revoked: true
2026-06-23 13:09:37.393 +00:00 [INF] Token refreshed successfully for user 1 at "2026-06-23T13:09:37.3929982Z"
2026-06-23 13:09:37.393 +00:00 [INF] Executing OkObjectResult, writing value of type '<>f__AnonymousType3`2[[System.Boolean, System.Private.CoreLib, Version=9.0.0.0, Culture=neutral, PublicKeyToken=7cec85d7bea7798e],[System.Int32, System.Private.CoreLib, Version=9.0.0.0, Culture=neutral, PublicKeyToken=7cec85d7bea7798e]]'.
2026-06-23 13:09:37.393 +00:00 [INF] Executed action API.Controllers.AuthController.RefreshToken (API) in 16.4661ms
2026-06-23 13:09:37.393 +00:00 [INF] Executed endpoint 'API.Controllers.AuthController.RefreshToken (API)'
2026-06-23 13:09:37.393 +00:00 [INF] Request finished HTTP/1.1 POST http://192.168.1.4:8080/api/auth/refresh - 200 null application/json; charset=utf-8 30.146ms
2026-06-23 13:14:07.842 +00:00 [INF] Request starting HTTP/1.1 OPTIONS http://192.168.1.4:8080/api/auth/refresh - null null
2026-06-23 13:14:07.842 +00:00 [INF] CORS policy execution successful.
2026-06-23 13:14:07.843 +00:00 [INF] Request finished HTTP/1.1 OPTIONS http://192.168.1.4:8080/api/auth/refresh - 204 null null 0.9442ms
2026-06-23 13:14:07.845 +00:00 [INF] Request starting HTTP/1.1 POST http://192.168.1.4:8080/api/auth/refresh - application/json 18
2026-06-23 13:14:07.845 +00:00 [INF] CORS policy execution successful.
2026-06-23 13:14:07.845 +00:00 [INF] ====== OnMessageReceived START ======
2026-06-23 13:14:07.846 +00:00 [INF] Available cookies: 2
2026-06-23 13:14:07.846 +00:00 [INF] Cookie: adminToken = 844 chars
2026-06-23 13:14:07.846 +00:00 [INF] Cookie: adminRefreshToken = 44 chars
2026-06-23 13:14:07.846 +00:00 [INF] Admin token found in cookies, length: 844
2026-06-23 13:14:07.846 +00:00 [INF] Admin token set in context
2026-06-23 13:14:07.846 +00:00 [INF] ====== OnMessageReceived END - Token set: true ======
2026-06-23 13:14:07.847 +00:00 [INF] Token validated successfully for user: lengyelnorbi
2026-06-23 13:14:07.847 +00:00 [INF] Device fingerprint headers - UA: Mozilla/5.0 (Windows NT 10.0; Win64; x64; rv:152.0) Gecko/20100101 Firefox/152.0, Accept: */*, Encoding: gzip, deflate
2026-06-23 13:14:07.847 +00:00 [INF] Device fingerprint validation: Stored=QXaX3D0VCcOUi9BOlof91M3cEs811jcWDuDhmTTelXc=, Current=QXaX3D0VCcOUi9BOlof91M3cEs811jcWDuDhmTTelXc=
2026-06-23 13:14:07.849 +00:00 [INF] Executed DbCommand (1ms) [Parameters=[@__jti_0='?', @__userId_1='?' (DbType = Int32)], CommandType='"Text"', CommandTimeout='30']
SELECT a."ID", a."CreatedAt", a."DeviceFingerprint", a."ExpiresAt", a."IpAddress", a."IsRevoked", a."UserID", a.jti
FROM "AccessTokens" AS a
WHERE a.jti = @__jti_0 AND a."UserID" = @__userId_1 AND NOT (a."IsRevoked") AND a."ExpiresAt" > now()
LIMIT 1
2026-06-23 13:14:07.849 +00:00 [INF] Executing endpoint 'API.Controllers.AuthController.RefreshToken (API)'
2026-06-23 13:14:07.850 +00:00 [INF] Route matched with {action = "RefreshToken", controller = "Auth"}. Executing controller action with signature System.Threading.Tasks.Task`1[Microsoft.AspNetCore.Mvc.IActionResult] RefreshToken(API.Models.RequestModels.RefreshRequest) on controller API.Controllers.AuthController (API).
2026-06-23 13:14:07.850 +00:00 [INF] Token refresh attempt at "2026-06-23T13:14:07.8503748Z"
2026-06-23 13:14:07.850 +00:00 [INF] Refreshing admin token at "2026-06-23T13:14:07.8505400Z"
2026-06-23 13:14:07.851 +00:00 [INF] Executed DbCommand (1ms) [Parameters=[@__tokenHash_0='?'], CommandType='"Text"', CommandTimeout='30']
SELECT r."ID", r."CreatedAt", r."DeviceFingerprint", r."ExpiresAt", r."IpAddress", r."IsRevoked", r."TokenHash", r."UserID"
FROM "RefreshTokens" AS r
WHERE r."TokenHash" = @__tokenHash_0 AND NOT (r."IsRevoked") AND r."ExpiresAt" > now()
ORDER BY r."CreatedAt" DESC
LIMIT 1
2026-06-23 13:14:07.852 +00:00 [INF] Mozilla/5.0 (Windows NT 10.0; Win64; x64; rv:152.0) Gecko/20100101 Firefox/152.0
2026-06-23 13:14:07.852 +00:00 [INF] Fetching user by ID from database...
2026-06-23 13:14:07.853 +00:00 [INF] Executed DbCommand (1ms) [Parameters=[@__id_0='?' (DbType = Int32)], CommandType='"Text"', CommandTimeout='30']
SELECT u."ID", u."Email", u."PasswordHash", u."RegisteredAt", u."Role", u."Username"
FROM "Users" AS u
WHERE u."ID" = @__id_0
LIMIT 1
2026-06-23 13:14:07.856 +00:00 [INF] Executed DbCommand (2ms) [Parameters=[@p0='?' (DbType = DateTime), @p1='?', @p2='?' (DbType = DateTime), @p3='?', @p4='?' (DbType = Int32), @p5='?'], CommandType='"Text"', CommandTimeout='30']
INSERT INTO "AccessTokens" ("CreatedAt", "DeviceFingerprint", "ExpiresAt", "IpAddress", "UserID", jti)
VALUES (@p0, @p1, @p2, @p3, @p4, @p5)
RETURNING "ID", "IsRevoked";
2026-06-23 13:14:07.857 +00:00 [INF] Executed DbCommand (1ms) [Parameters=[@__jti_0='?', @__userID_1='?' (DbType = Int32), @__deviceFingerprint_2='?', @__ipAddress_3='?'], CommandType='"Text"', CommandTimeout='30']
SELECT a."ID", a."CreatedAt", a."DeviceFingerprint", a."ExpiresAt", a."IpAddress", a."IsRevoked", a."UserID", a.jti
FROM "AccessTokens" AS a
WHERE a.jti = @__jti_0 AND a."UserID" = @__userID_1 AND a."DeviceFingerprint" = @__deviceFingerprint_2 AND a."IpAddress" = @__ipAddress_3
LIMIT 1
2026-06-23 13:14:07.857 +00:00 [INF] Attempting to revoke access token with jti d46ba9e3-3909-4297-856f-a64d79ca6760 for user 1 from device QXaX3D0VCcOUi9BOlof91M3cEs811jcWDuDhmTTelXc= and IP ::ffff:172.20.0.1
2026-06-23 13:14:07.858 +00:00 [INF] Access token found: API.Models.AccessToken
2026-06-23 13:14:07.859 +00:00 [INF] Executed DbCommand (1ms) [Parameters=[@p1='?' (DbType = Int32), @p0='?' (DbType = Boolean)], CommandType='"Text"', CommandTimeout='30']
UPDATE "AccessTokens" SET "IsRevoked" = @p0
WHERE "ID" = @p1;
2026-06-23 13:14:07.859 +00:00 [INF] Access token AccessToken for user 1 revoked: true
2026-06-23 13:14:07.861 +00:00 [INF] Executed DbCommand (1ms) [Parameters=[@p0='?' (DbType = DateTime), @p1='?', @p2='?' (DbType = DateTime), @p3='?', @p4='?', @p5='?' (DbType = Int32)], CommandType='"Text"', CommandTimeout='30']
INSERT INTO "RefreshTokens" ("CreatedAt", "DeviceFingerprint", "ExpiresAt", "IpAddress", "TokenHash", "UserID")
VALUES (@p0, @p1, @p2, @p3, @p4, @p5)
RETURNING "ID", "IsRevoked";
2026-06-23 13:14:07.863 +00:00 [INF] Executed DbCommand (1ms) [Parameters=[@__tokenHash_0='?', @__userId_1='?' (DbType = Int32), @__deviceFingerprint_2='?', @__ipAddress_3='?'], CommandType='"Text"', CommandTimeout='30']
SELECT r."ID", r."CreatedAt", r."DeviceFingerprint", r."ExpiresAt", r."IpAddress", r."IsRevoked", r."TokenHash", r."UserID"
FROM "RefreshTokens" AS r
WHERE r."TokenHash" = @__tokenHash_0 AND r."UserID" = @__userId_1 AND r."DeviceFingerprint" = @__deviceFingerprint_2 AND r."IpAddress" = @__ipAddress_3
LIMIT 1
2026-06-23 13:14:07.864 +00:00 [INF] Executed DbCommand (1ms) [Parameters=[@p1='?' (DbType = Int32), @p0='?' (DbType = Boolean)], CommandType='"Text"', CommandTimeout='30']
UPDATE "RefreshTokens" SET "IsRevoked" = @p0
WHERE "ID" = @p1;
2026-06-23 13:14:07.864 +00:00 [INF] Refresh token hbThEemEv4wlVG1yDIZMlw33acFHQC5XJqAfFmnusN4= for user 1 revoked: true
2026-06-23 13:14:07.865 +00:00 [INF] Token refreshed successfully for user 1 at "2026-06-23T13:14:07.8651377Z"
2026-06-23 13:14:07.865 +00:00 [INF] Executing OkObjectResult, writing value of type '<>f__AnonymousType3`2[[System.Boolean, System.Private.CoreLib, Version=9.0.0.0, Culture=neutral, PublicKeyToken=7cec85d7bea7798e],[System.Int32, System.Private.CoreLib, Version=9.0.0.0, Culture=neutral, PublicKeyToken=7cec85d7bea7798e]]'.
2026-06-23 13:14:07.865 +00:00 [INF] Executed action API.Controllers.AuthController.RefreshToken (API) in 15.4521ms
2026-06-23 13:14:07.865 +00:00 [INF] Executed endpoint 'API.Controllers.AuthController.RefreshToken (API)'
2026-06-23 13:14:07.865 +00:00 [INF] Request finished HTTP/1.1 POST http://192.168.1.4:8080/api/auth/refresh - 200 null application/json; charset=utf-8 20.4225ms
2026-06-23 13:18:37.998 +00:00 [INF] Request starting HTTP/1.1 OPTIONS http://192.168.1.4:8080/api/auth/refresh - null null
2026-06-23 13:18:37.999 +00:00 [INF] CORS policy execution successful.
2026-06-23 13:18:37.999 +00:00 [INF] Request finished HTTP/1.1 OPTIONS http://192.168.1.4:8080/api/auth/refresh - 204 null null 1.1434ms
2026-06-23 13:18:38.002 +00:00 [INF] Request starting HTTP/1.1 POST http://192.168.1.4:8080/api/auth/refresh - application/json 18
2026-06-23 13:18:38.002 +00:00 [INF] CORS policy execution successful.
2026-06-23 13:18:38.003 +00:00 [INF] ====== OnMessageReceived START ======
2026-06-23 13:18:38.003 +00:00 [INF] Available cookies: 2
2026-06-23 13:18:38.003 +00:00 [INF] Cookie: adminToken = 844 chars
2026-06-23 13:18:38.003 +00:00 [INF] Cookie: adminRefreshToken = 44 chars
2026-06-23 13:18:38.003 +00:00 [INF] Admin token found in cookies, length: 844
2026-06-23 13:18:38.003 +00:00 [INF] Admin token set in context
2026-06-23 13:18:38.004 +00:00 [INF] ====== OnMessageReceived END - Token set: true ======
2026-06-23 13:18:38.004 +00:00 [INF] Token validated successfully for user: lengyelnorbi
2026-06-23 13:18:38.004 +00:00 [INF] Device fingerprint headers - UA: Mozilla/5.0 (Windows NT 10.0; Win64; x64; rv:152.0) Gecko/20100101 Firefox/152.0, Accept: */*, Encoding: gzip, deflate
2026-06-23 13:18:38.004 +00:00 [INF] Device fingerprint validation: Stored=QXaX3D0VCcOUi9BOlof91M3cEs811jcWDuDhmTTelXc=, Current=QXaX3D0VCcOUi9BOlof91M3cEs811jcWDuDhmTTelXc=
2026-06-23 13:18:38.015 +00:00 [INF] Executed DbCommand (2ms) [Parameters=[@__jti_0='?', @__userId_1='?' (DbType = Int32)], CommandType='"Text"', CommandTimeout='30']
SELECT a."ID", a."CreatedAt", a."DeviceFingerprint", a."ExpiresAt", a."IpAddress", a."IsRevoked", a."UserID", a.jti
FROM "AccessTokens" AS a
WHERE a.jti = @__jti_0 AND a."UserID" = @__userId_1 AND NOT (a."IsRevoked") AND a."ExpiresAt" > now()
LIMIT 1
2026-06-23 13:18:38.016 +00:00 [INF] Executing endpoint 'API.Controllers.AuthController.RefreshToken (API)'
2026-06-23 13:18:38.016 +00:00 [INF] Route matched with {action = "RefreshToken", controller = "Auth"}. Executing controller action with signature System.Threading.Tasks.Task`1[Microsoft.AspNetCore.Mvc.IActionResult] RefreshToken(API.Models.RequestModels.RefreshRequest) on controller API.Controllers.AuthController (API).
2026-06-23 13:18:38.017 +00:00 [INF] Token refresh attempt at "2026-06-23T13:18:38.0170806Z"
2026-06-23 13:18:38.017 +00:00 [INF] Refreshing admin token at "2026-06-23T13:18:38.0172155Z"
2026-06-23 13:18:38.019 +00:00 [INF] Executed DbCommand (2ms) [Parameters=[@__tokenHash_0='?'], CommandType='"Text"', CommandTimeout='30']
SELECT r."ID", r."CreatedAt", r."DeviceFingerprint", r."ExpiresAt", r."IpAddress", r."IsRevoked", r."TokenHash", r."UserID"
FROM "RefreshTokens" AS r
WHERE r."TokenHash" = @__tokenHash_0 AND NOT (r."IsRevoked") AND r."ExpiresAt" > now()
ORDER BY r."CreatedAt" DESC
LIMIT 1
2026-06-23 13:18:38.019 +00:00 [INF] Mozilla/5.0 (Windows NT 10.0; Win64; x64; rv:152.0) Gecko/20100101 Firefox/152.0
2026-06-23 13:18:38.019 +00:00 [INF] Fetching user by ID from database...
2026-06-23 13:18:38.020 +00:00 [INF] Executed DbCommand (1ms) [Parameters=[@__id_0='?' (DbType = Int32)], CommandType='"Text"', CommandTimeout='30']
SELECT u."ID", u."Email", u."PasswordHash", u."RegisteredAt", u."Role", u."Username"
FROM "Users" AS u
WHERE u."ID" = @__id_0
LIMIT 1
2026-06-23 13:18:38.025 +00:00 [INF] Executed DbCommand (4ms) [Parameters=[@p0='?' (DbType = DateTime), @p1='?', @p2='?' (DbType = DateTime), @p3='?', @p4='?' (DbType = Int32), @p5='?'], CommandType='"Text"', CommandTimeout='30']
INSERT INTO "AccessTokens" ("CreatedAt", "DeviceFingerprint", "ExpiresAt", "IpAddress", "UserID", jti)
VALUES (@p0, @p1, @p2, @p3, @p4, @p5)
RETURNING "ID", "IsRevoked";
2026-06-23 13:18:38.027 +00:00 [INF] Executed DbCommand (1ms) [Parameters=[@__jti_0='?', @__userID_1='?' (DbType = Int32), @__deviceFingerprint_2='?', @__ipAddress_3='?'], CommandType='"Text"', CommandTimeout='30']
SELECT a."ID", a."CreatedAt", a."DeviceFingerprint", a."ExpiresAt", a."IpAddress", a."IsRevoked", a."UserID", a.jti
FROM "AccessTokens" AS a
WHERE a.jti = @__jti_0 AND a."UserID" = @__userID_1 AND a."DeviceFingerprint" = @__deviceFingerprint_2 AND a."IpAddress" = @__ipAddress_3
LIMIT 1
2026-06-23 13:18:38.027 +00:00 [INF] Attempting to revoke access token with jti dcb63c26-e157-43d8-be9b-f662b50b5780 for user 1 from device QXaX3D0VCcOUi9BOlof91M3cEs811jcWDuDhmTTelXc= and IP ::ffff:172.20.0.1
2026-06-23 13:18:38.027 +00:00 [INF] Access token found: API.Models.AccessToken
2026-06-23 13:18:38.029 +00:00 [INF] Executed DbCommand (2ms) [Parameters=[@p1='?' (DbType = Int32), @p0='?' (DbType = Boolean)], CommandType='"Text"', CommandTimeout='30']
UPDATE "AccessTokens" SET "IsRevoked" = @p0
WHERE "ID" = @p1;
2026-06-23 13:18:38.030 +00:00 [INF] Access token AccessToken for user 1 revoked: true
2026-06-23 13:18:38.032 +00:00 [INF] Executed DbCommand (2ms) [Parameters=[@p0='?' (DbType = DateTime), @p1='?', @p2='?' (DbType = DateTime), @p3='?', @p4='?', @p5='?' (DbType = Int32)], CommandType='"Text"', CommandTimeout='30']
INSERT INTO "RefreshTokens" ("CreatedAt", "DeviceFingerprint", "ExpiresAt", "IpAddress", "TokenHash", "UserID")
VALUES (@p0, @p1, @p2, @p3, @p4, @p5)
RETURNING "ID", "IsRevoked";
2026-06-23 13:18:38.033 +00:00 [INF] Executed DbCommand (1ms) [Parameters=[@__tokenHash_0='?', @__userId_1='?' (DbType = Int32), @__deviceFingerprint_2='?', @__ipAddress_3='?'], CommandType='"Text"', CommandTimeout='30']
SELECT r."ID", r."CreatedAt", r."DeviceFingerprint", r."ExpiresAt", r."IpAddress", r."IsRevoked", r."TokenHash", r."UserID"
FROM "RefreshTokens" AS r
WHERE r."TokenHash" = @__tokenHash_0 AND r."UserID" = @__userId_1 AND r."DeviceFingerprint" = @__deviceFingerprint_2 AND r."IpAddress" = @__ipAddress_3
LIMIT 1
2026-06-23 13:18:38.035 +00:00 [INF] Executed DbCommand (2ms) [Parameters=[@p1='?' (DbType = Int32), @p0='?' (DbType = Boolean)], CommandType='"Text"', CommandTimeout='30']
UPDATE "RefreshTokens" SET "IsRevoked" = @p0
WHERE "ID" = @p1;
2026-06-23 13:18:38.035 +00:00 [INF] Refresh token gLWHfn9Ero4mJvJ4yjS5sd+hW0sRpvM9/tFdAG5RgDw= for user 1 revoked: true
2026-06-23 13:18:38.036 +00:00 [INF] Token refreshed successfully for user 1 at "2026-06-23T13:18:38.0360292Z"
2026-06-23 13:18:38.036 +00:00 [INF] Executing OkObjectResult, writing value of type '<>f__AnonymousType3`2[[System.Boolean, System.Private.CoreLib, Version=9.0.0.0, Culture=neutral, PublicKeyToken=7cec85d7bea7798e],[System.Int32, System.Private.CoreLib, Version=9.0.0.0, Culture=neutral, PublicKeyToken=7cec85d7bea7798e]]'.
2026-06-23 13:18:38.036 +00:00 [INF] Executed action API.Controllers.AuthController.RefreshToken (API) in 19.6902ms
2026-06-23 13:18:38.036 +00:00 [INF] Executed endpoint 'API.Controllers.AuthController.RefreshToken (API)'
2026-06-23 13:18:38.036 +00:00 [INF] Request finished HTTP/1.1 POST http://192.168.1.4:8080/api/auth/refresh - 200 null application/json; charset=utf-8 34.245ms
2026-06-23 13:23:08.102 +00:00 [INF] Request starting HTTP/1.1 OPTIONS http://192.168.1.4:8080/api/auth/refresh - null null
2026-06-23 13:23:08.102 +00:00 [INF] CORS policy execution successful.
2026-06-23 13:23:08.103 +00:00 [INF] Request finished HTTP/1.1 OPTIONS http://192.168.1.4:8080/api/auth/refresh - 204 null null 0.7487ms
2026-06-23 13:23:08.106 +00:00 [INF] Request starting HTTP/1.1 POST http://192.168.1.4:8080/api/auth/refresh - application/json 18
2026-06-23 13:23:08.106 +00:00 [INF] CORS policy execution successful.
2026-06-23 13:23:08.106 +00:00 [INF] ====== OnMessageReceived START ======
2026-06-23 13:23:08.106 +00:00 [INF] Available cookies: 2
2026-06-23 13:23:08.106 +00:00 [INF] Cookie: adminToken = 844 chars
2026-06-23 13:23:08.107 +00:00 [INF] Cookie: adminRefreshToken = 44 chars
2026-06-23 13:23:08.107 +00:00 [INF] Admin token found in cookies, length: 844
2026-06-23 13:23:08.107 +00:00 [INF] Admin token set in context
2026-06-23 13:23:08.107 +00:00 [INF] ====== OnMessageReceived END - Token set: true ======
2026-06-23 13:23:08.108 +00:00 [INF] Token validated successfully for user: lengyelnorbi
2026-06-23 13:23:08.108 +00:00 [INF] Device fingerprint headers - UA: Mozilla/5.0 (Windows NT 10.0; Win64; x64; rv:152.0) Gecko/20100101 Firefox/152.0, Accept: */*, Encoding: gzip, deflate
2026-06-23 13:23:08.108 +00:00 [INF] Device fingerprint validation: Stored=QXaX3D0VCcOUi9BOlof91M3cEs811jcWDuDhmTTelXc=, Current=QXaX3D0VCcOUi9BOlof91M3cEs811jcWDuDhmTTelXc=
2026-06-23 13:23:08.110 +00:00 [INF] Executed DbCommand (1ms) [Parameters=[@__jti_0='?', @__userId_1='?' (DbType = Int32)], CommandType='"Text"', CommandTimeout='30']
SELECT a."ID", a."CreatedAt", a."DeviceFingerprint", a."ExpiresAt", a."IpAddress", a."IsRevoked", a."UserID", a.jti
FROM "AccessTokens" AS a
WHERE a.jti = @__jti_0 AND a."UserID" = @__userId_1 AND NOT (a."IsRevoked") AND a."ExpiresAt" > now()
LIMIT 1
2026-06-23 13:23:08.110 +00:00 [INF] Executing endpoint 'API.Controllers.AuthController.RefreshToken (API)'
2026-06-23 13:23:08.110 +00:00 [INF] Route matched with {action = "RefreshToken", controller = "Auth"}. Executing controller action with signature System.Threading.Tasks.Task`1[Microsoft.AspNetCore.Mvc.IActionResult] RefreshToken(API.Models.RequestModels.RefreshRequest) on controller API.Controllers.AuthController (API).
2026-06-23 13:23:08.111 +00:00 [INF] Token refresh attempt at "2026-06-23T13:23:08.1113928Z"
2026-06-23 13:23:08.111 +00:00 [INF] Refreshing admin token at "2026-06-23T13:23:08.1115741Z"
2026-06-23 13:23:08.113 +00:00 [INF] Executed DbCommand (1ms) [Parameters=[@__tokenHash_0='?'], CommandType='"Text"', CommandTimeout='30']
SELECT r."ID", r."CreatedAt", r."DeviceFingerprint", r."ExpiresAt", r."IpAddress", r."IsRevoked", r."TokenHash", r."UserID"
FROM "RefreshTokens" AS r
WHERE r."TokenHash" = @__tokenHash_0 AND NOT (r."IsRevoked") AND r."ExpiresAt" > now()
ORDER BY r."CreatedAt" DESC
LIMIT 1
2026-06-23 13:23:08.113 +00:00 [INF] Mozilla/5.0 (Windows NT 10.0; Win64; x64; rv:152.0) Gecko/20100101 Firefox/152.0
2026-06-23 13:23:08.113 +00:00 [INF] Fetching user by ID from database...
2026-06-23 13:23:08.114 +00:00 [INF] Executed DbCommand (1ms) [Parameters=[@__id_0='?' (DbType = Int32)], CommandType='"Text"', CommandTimeout='30']
SELECT u."ID", u."Email", u."PasswordHash", u."RegisteredAt", u."Role", u."Username"
FROM "Users" AS u
WHERE u."ID" = @__id_0
LIMIT 1
2026-06-23 13:23:08.117 +00:00 [INF] Executed DbCommand (2ms) [Parameters=[@p0='?' (DbType = DateTime), @p1='?', @p2='?' (DbType = DateTime), @p3='?', @p4='?' (DbType = Int32), @p5='?'], CommandType='"Text"', CommandTimeout='30']
INSERT INTO "AccessTokens" ("CreatedAt", "DeviceFingerprint", "ExpiresAt", "IpAddress", "UserID", jti)
VALUES (@p0, @p1, @p2, @p3, @p4, @p5)
RETURNING "ID", "IsRevoked";
2026-06-23 13:23:08.118 +00:00 [INF] Executed DbCommand (1ms) [Parameters=[@__jti_0='?', @__userID_1='?' (DbType = Int32), @__deviceFingerprint_2='?', @__ipAddress_3='?'], CommandType='"Text"', CommandTimeout='30']
SELECT a."ID", a."CreatedAt", a."DeviceFingerprint", a."ExpiresAt", a."IpAddress", a."IsRevoked", a."UserID", a.jti
FROM "AccessTokens" AS a
WHERE a.jti = @__jti_0 AND a."UserID" = @__userID_1 AND a."DeviceFingerprint" = @__deviceFingerprint_2 AND a."IpAddress" = @__ipAddress_3
LIMIT 1
2026-06-23 13:23:08.119 +00:00 [INF] Attempting to revoke access token with jti 658d74d5-12fe-4dc1-99d2-7a91ce94798b for user 1 from device QXaX3D0VCcOUi9BOlof91M3cEs811jcWDuDhmTTelXc= and IP ::ffff:172.20.0.1
2026-06-23 13:23:08.119 +00:00 [INF] Access token found: API.Models.AccessToken
2026-06-23 13:23:08.121 +00:00 [INF] Executed DbCommand (1ms) [Parameters=[@p1='?' (DbType = Int32), @p0='?' (DbType = Boolean)], CommandType='"Text"', CommandTimeout='30']
UPDATE "AccessTokens" SET "IsRevoked" = @p0
WHERE "ID" = @p1;
2026-06-23 13:23:08.121 +00:00 [INF] Access token AccessToken for user 1 revoked: true
2026-06-23 13:23:08.123 +00:00 [INF] Executed DbCommand (2ms) [Parameters=[@p0='?' (DbType = DateTime), @p1='?', @p2='?' (DbType = DateTime), @p3='?', @p4='?', @p5='?' (DbType = Int32)], CommandType='"Text"', CommandTimeout='30']
INSERT INTO "RefreshTokens" ("CreatedAt", "DeviceFingerprint", "ExpiresAt", "IpAddress", "TokenHash", "UserID")
VALUES (@p0, @p1, @p2, @p3, @p4, @p5)
RETURNING "ID", "IsRevoked";
2026-06-23 13:23:08.124 +00:00 [INF] Executed DbCommand (1ms) [Parameters=[@__tokenHash_0='?', @__userId_1='?' (DbType = Int32), @__deviceFingerprint_2='?', @__ipAddress_3='?'], CommandType='"Text"', CommandTimeout='30']
SELECT r."ID", r."CreatedAt", r."DeviceFingerprint", r."ExpiresAt", r."IpAddress", r."IsRevoked", r."TokenHash", r."UserID"
FROM "RefreshTokens" AS r
WHERE r."TokenHash" = @__tokenHash_0 AND r."UserID" = @__userId_1 AND r."DeviceFingerprint" = @__deviceFingerprint_2 AND r."IpAddress" = @__ipAddress_3
LIMIT 1
2026-06-23 13:23:08.126 +00:00 [INF] Executed DbCommand (2ms) [Parameters=[@p1='?' (DbType = Int32), @p0='?' (DbType = Boolean)], CommandType='"Text"', CommandTimeout='30']
UPDATE "RefreshTokens" SET "IsRevoked" = @p0
WHERE "ID" = @p1;
2026-06-23 13:23:08.127 +00:00 [INF] Refresh token v7Ff8Q17rho2iH9kPvsw5gUw47AtbKwSFxzv7hOECSY= for user 1 revoked: true
2026-06-23 13:23:08.127 +00:00 [INF] Token refreshed successfully for user 1 at "2026-06-23T13:23:08.1273307Z"
2026-06-23 13:23:08.127 +00:00 [INF] Executing OkObjectResult, writing value of type '<>f__AnonymousType3`2[[System.Boolean, System.Private.CoreLib, Version=9.0.0.0, Culture=neutral, PublicKeyToken=7cec85d7bea7798e],[System.Int32, System.Private.CoreLib, Version=9.0.0.0, Culture=neutral, PublicKeyToken=7cec85d7bea7798e]]'.
2026-06-23 13:23:08.127 +00:00 [INF] Executed action API.Controllers.AuthController.RefreshToken (API) in 16.618ms
2026-06-23 13:23:08.127 +00:00 [INF] Executed endpoint 'API.Controllers.AuthController.RefreshToken (API)'
2026-06-23 13:23:08.128 +00:00 [INF] Request finished HTTP/1.1 POST http://192.168.1.4:8080/api/auth/refresh - 200 null application/json; charset=utf-8 22.021ms
2026-06-23 13:27:38.341 +00:00 [INF] Request starting HTTP/1.1 OPTIONS http://192.168.1.4:8080/api/auth/refresh - null null
2026-06-23 13:27:38.341 +00:00 [INF] CORS policy execution successful.
2026-06-23 13:27:38.341 +00:00 [INF] Request finished HTTP/1.1 OPTIONS http://192.168.1.4:8080/api/auth/refresh - 204 null null 0.5754ms
2026-06-23 13:27:38.344 +00:00 [INF] Request starting HTTP/1.1 POST http://192.168.1.4:8080/api/auth/refresh - application/json 18
2026-06-23 13:27:38.344 +00:00 [INF] CORS policy execution successful.
2026-06-23 13:27:38.345 +00:00 [INF] ====== OnMessageReceived START ======
2026-06-23 13:27:38.345 +00:00 [INF] Available cookies: 2
2026-06-23 13:27:38.345 +00:00 [INF] Cookie: adminToken = 844 chars
2026-06-23 13:27:38.345 +00:00 [INF] Cookie: adminRefreshToken = 44 chars
2026-06-23 13:27:38.345 +00:00 [INF] Admin token found in cookies, length: 844
2026-06-23 13:27:38.345 +00:00 [INF] Admin token set in context
2026-06-23 13:27:38.345 +00:00 [INF] ====== OnMessageReceived END - Token set: true ======
2026-06-23 13:27:38.346 +00:00 [INF] Token validated successfully for user: lengyelnorbi
2026-06-23 13:27:38.346 +00:00 [INF] Device fingerprint headers - UA: Mozilla/5.0 (Windows NT 10.0; Win64; x64; rv:152.0) Gecko/20100101 Firefox/152.0, Accept: */*, Encoding: gzip, deflate
2026-06-23 13:27:38.346 +00:00 [INF] Device fingerprint validation: Stored=QXaX3D0VCcOUi9BOlof91M3cEs811jcWDuDhmTTelXc=, Current=QXaX3D0VCcOUi9BOlof91M3cEs811jcWDuDhmTTelXc=
2026-06-23 13:27:38.357 +00:00 [INF] Executed DbCommand (2ms) [Parameters=[@__jti_0='?', @__userId_1='?' (DbType = Int32)], CommandType='"Text"', CommandTimeout='30']
SELECT a."ID", a."CreatedAt", a."DeviceFingerprint", a."ExpiresAt", a."IpAddress", a."IsRevoked", a."UserID", a.jti
FROM "AccessTokens" AS a
WHERE a.jti = @__jti_0 AND a."UserID" = @__userId_1 AND NOT (a."IsRevoked") AND a."ExpiresAt" > now()
LIMIT 1
2026-06-23 13:27:38.357 +00:00 [INF] Executing endpoint 'API.Controllers.AuthController.RefreshToken (API)'
2026-06-23 13:27:38.357 +00:00 [INF] Route matched with {action = "RefreshToken", controller = "Auth"}. Executing controller action with signature System.Threading.Tasks.Task`1[Microsoft.AspNetCore.Mvc.IActionResult] RefreshToken(API.Models.RequestModels.RefreshRequest) on controller API.Controllers.AuthController (API).
2026-06-23 13:27:38.358 +00:00 [INF] Token refresh attempt at "2026-06-23T13:27:38.3581873Z"
2026-06-23 13:27:38.358 +00:00 [INF] Refreshing admin token at "2026-06-23T13:27:38.3583469Z"
2026-06-23 13:27:38.360 +00:00 [INF] Executed DbCommand (1ms) [Parameters=[@__tokenHash_0='?'], CommandType='"Text"', CommandTimeout='30']
SELECT r."ID", r."CreatedAt", r."DeviceFingerprint", r."ExpiresAt", r."IpAddress", r."IsRevoked", r."TokenHash", r."UserID"
FROM "RefreshTokens" AS r
WHERE r."TokenHash" = @__tokenHash_0 AND NOT (r."IsRevoked") AND r."ExpiresAt" > now()
ORDER BY r."CreatedAt" DESC
LIMIT 1
2026-06-23 13:27:38.360 +00:00 [INF] Mozilla/5.0 (Windows NT 10.0; Win64; x64; rv:152.0) Gecko/20100101 Firefox/152.0
2026-06-23 13:27:38.360 +00:00 [INF] Fetching user by ID from database...
2026-06-23 13:27:38.362 +00:00 [INF] Executed DbCommand (1ms) [Parameters=[@__id_0='?' (DbType = Int32)], CommandType='"Text"', CommandTimeout='30']
SELECT u."ID", u."Email", u."PasswordHash", u."RegisteredAt", u."Role", u."Username"
FROM "Users" AS u
WHERE u."ID" = @__id_0
LIMIT 1
2026-06-23 13:27:38.365 +00:00 [INF] Executed DbCommand (2ms) [Parameters=[@p0='?' (DbType = DateTime), @p1='?', @p2='?' (DbType = DateTime), @p3='?', @p4='?' (DbType = Int32), @p5='?'], CommandType='"Text"', CommandTimeout='30']
INSERT INTO "AccessTokens" ("CreatedAt", "DeviceFingerprint", "ExpiresAt", "IpAddress", "UserID", jti)
VALUES (@p0, @p1, @p2, @p3, @p4, @p5)
RETURNING "ID", "IsRevoked";
2026-06-23 13:27:38.366 +00:00 [INF] Executed DbCommand (1ms) [Parameters=[@__jti_0='?', @__userID_1='?' (DbType = Int32), @__deviceFingerprint_2='?', @__ipAddress_3='?'], CommandType='"Text"', CommandTimeout='30']
SELECT a."ID", a."CreatedAt", a."DeviceFingerprint", a."ExpiresAt", a."IpAddress", a."IsRevoked", a."UserID", a.jti
FROM "AccessTokens" AS a
WHERE a.jti = @__jti_0 AND a."UserID" = @__userID_1 AND a."DeviceFingerprint" = @__deviceFingerprint_2 AND a."IpAddress" = @__ipAddress_3
LIMIT 1
2026-06-23 13:27:38.366 +00:00 [INF] Attempting to revoke access token with jti 71784c2d-6cc1-45b7-ae77-84ef384d92eb for user 1 from device QXaX3D0VCcOUi9BOlof91M3cEs811jcWDuDhmTTelXc= and IP ::ffff:172.20.0.1
2026-06-23 13:27:38.366 +00:00 [INF] Access token found: API.Models.AccessToken
2026-06-23 13:27:38.368 +00:00 [INF] Executed DbCommand (2ms) [Parameters=[@p1='?' (DbType = Int32), @p0='?' (DbType = Boolean)], CommandType='"Text"', CommandTimeout='30']
UPDATE "AccessTokens" SET "IsRevoked" = @p0
WHERE "ID" = @p1;
2026-06-23 13:27:38.368 +00:00 [INF] Access token AccessToken for user 1 revoked: true
2026-06-23 13:27:38.371 +00:00 [INF] Executed DbCommand (2ms) [Parameters=[@p0='?' (DbType = DateTime), @p1='?', @p2='?' (DbType = DateTime), @p3='?', @p4='?', @p5='?' (DbType = Int32)], CommandType='"Text"', CommandTimeout='30']
INSERT INTO "RefreshTokens" ("CreatedAt", "DeviceFingerprint", "ExpiresAt", "IpAddress", "TokenHash", "UserID")
VALUES (@p0, @p1, @p2, @p3, @p4, @p5)
RETURNING "ID", "IsRevoked";
2026-06-23 13:27:38.372 +00:00 [INF] Executed DbCommand (1ms) [Parameters=[@__tokenHash_0='?', @__userId_1='?' (DbType = Int32), @__deviceFingerprint_2='?', @__ipAddress_3='?'], CommandType='"Text"', CommandTimeout='30']
SELECT r."ID", r."CreatedAt", r."DeviceFingerprint", r."ExpiresAt", r."IpAddress", r."IsRevoked", r."TokenHash", r."UserID"
FROM "RefreshTokens" AS r
WHERE r."TokenHash" = @__tokenHash_0 AND r."UserID" = @__userId_1 AND r."DeviceFingerprint" = @__deviceFingerprint_2 AND r."IpAddress" = @__ipAddress_3
LIMIT 1
2026-06-23 13:27:38.374 +00:00 [INF] Executed DbCommand (1ms) [Parameters=[@p1='?' (DbType = Int32), @p0='?' (DbType = Boolean)], CommandType='"Text"', CommandTimeout='30']
UPDATE "RefreshTokens" SET "IsRevoked" = @p0
WHERE "ID" = @p1;
2026-06-23 13:27:38.374 +00:00 [INF] Refresh token mkMMiF1CGHKjlRXyHZy2aQyvGE6qW4HeHDISIBRIOj0= for user 1 revoked: true
2026-06-23 13:27:38.374 +00:00 [INF] Token refreshed successfully for user 1 at "2026-06-23T13:27:38.3746366Z"
2026-06-23 13:27:38.374 +00:00 [INF] Executing OkObjectResult, writing value of type '<>f__AnonymousType3`2[[System.Boolean, System.Private.CoreLib, Version=9.0.0.0, Culture=neutral, PublicKeyToken=7cec85d7bea7798e],[System.Int32, System.Private.CoreLib, Version=9.0.0.0, Culture=neutral, PublicKeyToken=7cec85d7bea7798e]]'.
2026-06-23 13:27:38.375 +00:00 [INF] Executed action API.Controllers.AuthController.RefreshToken (API) in 17.1314ms
2026-06-23 13:27:38.375 +00:00 [INF] Executed endpoint 'API.Controllers.AuthController.RefreshToken (API)'
2026-06-23 13:27:38.375 +00:00 [INF] Request finished HTTP/1.1 POST http://192.168.1.4:8080/api/auth/refresh - 200 null application/json; charset=utf-8 30.8928ms
2026-06-23 13:32:08.565 +00:00 [INF] Request starting HTTP/1.1 OPTIONS http://192.168.1.4:8080/api/auth/refresh - null null
2026-06-23 13:32:08.566 +00:00 [INF] CORS policy execution successful.
2026-06-23 13:32:08.566 +00:00 [INF] Request finished HTTP/1.1 OPTIONS http://192.168.1.4:8080/api/auth/refresh - 204 null null 0.7139ms
2026-06-23 13:32:08.569 +00:00 [INF] Request starting HTTP/1.1 POST http://192.168.1.4:8080/api/auth/refresh - application/json 18
2026-06-23 13:32:08.569 +00:00 [INF] CORS policy execution successful.
2026-06-23 13:32:08.569 +00:00 [INF] ====== OnMessageReceived START ======
2026-06-23 13:32:08.569 +00:00 [INF] Available cookies: 2
2026-06-23 13:32:08.569 +00:00 [INF] Cookie: adminToken = 844 chars
2026-06-23 13:32:08.570 +00:00 [INF] Cookie: adminRefreshToken = 44 chars
2026-06-23 13:32:08.570 +00:00 [INF] Admin token found in cookies, length: 844
2026-06-23 13:32:08.570 +00:00 [INF] Admin token set in context
2026-06-23 13:32:08.570 +00:00 [INF] ====== OnMessageReceived END - Token set: true ======
2026-06-23 13:32:08.570 +00:00 [INF] Token validated successfully for user: lengyelnorbi
2026-06-23 13:32:08.571 +00:00 [INF] Device fingerprint headers - UA: Mozilla/5.0 (Windows NT 10.0; Win64; x64; rv:152.0) Gecko/20100101 Firefox/152.0, Accept: */*, Encoding: gzip, deflate
2026-06-23 13:32:08.571 +00:00 [INF] Device fingerprint validation: Stored=QXaX3D0VCcOUi9BOlof91M3cEs811jcWDuDhmTTelXc=, Current=QXaX3D0VCcOUi9BOlof91M3cEs811jcWDuDhmTTelXc=
2026-06-23 13:32:08.573 +00:00 [INF] Executed DbCommand (1ms) [Parameters=[@__jti_0='?', @__userId_1='?' (DbType = Int32)], CommandType='"Text"', CommandTimeout='30']
SELECT a."ID", a."CreatedAt", a."DeviceFingerprint", a."ExpiresAt", a."IpAddress", a."IsRevoked", a."UserID", a.jti
FROM "AccessTokens" AS a
WHERE a.jti = @__jti_0 AND a."UserID" = @__userId_1 AND NOT (a."IsRevoked") AND a."ExpiresAt" > now()
LIMIT 1
2026-06-23 13:32:08.573 +00:00 [INF] Executing endpoint 'API.Controllers.AuthController.RefreshToken (API)'
2026-06-23 13:32:08.573 +00:00 [INF] Route matched with {action = "RefreshToken", controller = "Auth"}. Executing controller action with signature System.Threading.Tasks.Task`1[Microsoft.AspNetCore.Mvc.IActionResult] RefreshToken(API.Models.RequestModels.RefreshRequest) on controller API.Controllers.AuthController (API).
2026-06-23 13:32:08.574 +00:00 [INF] Token refresh attempt at "2026-06-23T13:32:08.5741662Z"
2026-06-23 13:32:08.574 +00:00 [INF] Refreshing admin token at "2026-06-23T13:32:08.5743417Z"
2026-06-23 13:32:08.575 +00:00 [INF] Executed DbCommand (1ms) [Parameters=[@__tokenHash_0='?'], CommandType='"Text"', CommandTimeout='30']
SELECT r."ID", r."CreatedAt", r."DeviceFingerprint", r."ExpiresAt", r."IpAddress", r."IsRevoked", r."TokenHash", r."UserID"
FROM "RefreshTokens" AS r
WHERE r."TokenHash" = @__tokenHash_0 AND NOT (r."IsRevoked") AND r."ExpiresAt" > now()
ORDER BY r."CreatedAt" DESC
LIMIT 1
2026-06-23 13:32:08.575 +00:00 [INF] Mozilla/5.0 (Windows NT 10.0; Win64; x64; rv:152.0) Gecko/20100101 Firefox/152.0
2026-06-23 13:32:08.576 +00:00 [INF] Fetching user by ID from database...
2026-06-23 13:32:08.577 +00:00 [INF] Executed DbCommand (1ms) [Parameters=[@__id_0='?' (DbType = Int32)], CommandType='"Text"', CommandTimeout='30']
SELECT u."ID", u."Email", u."PasswordHash", u."RegisteredAt", u."Role", u."Username"
FROM "Users" AS u
WHERE u."ID" = @__id_0
LIMIT 1
2026-06-23 13:32:08.580 +00:00 [INF] Executed DbCommand (2ms) [Parameters=[@p0='?' (DbType = DateTime), @p1='?', @p2='?' (DbType = DateTime), @p3='?', @p4='?' (DbType = Int32), @p5='?'], CommandType='"Text"', CommandTimeout='30']
INSERT INTO "AccessTokens" ("CreatedAt", "DeviceFingerprint", "ExpiresAt", "IpAddress", "UserID", jti)
VALUES (@p0, @p1, @p2, @p3, @p4, @p5)
RETURNING "ID", "IsRevoked";
2026-06-23 13:32:08.581 +00:00 [INF] Executed DbCommand (1ms) [Parameters=[@__jti_0='?', @__userID_1='?' (DbType = Int32), @__deviceFingerprint_2='?', @__ipAddress_3='?'], CommandType='"Text"', CommandTimeout='30']
SELECT a."ID", a."CreatedAt", a."DeviceFingerprint", a."ExpiresAt", a."IpAddress", a."IsRevoked", a."UserID", a.jti
FROM "AccessTokens" AS a
WHERE a.jti = @__jti_0 AND a."UserID" = @__userID_1 AND a."DeviceFingerprint" = @__deviceFingerprint_2 AND a."IpAddress" = @__ipAddress_3
LIMIT 1
2026-06-23 13:32:08.582 +00:00 [INF] Attempting to revoke access token with jti 18dc83a0-01fb-4a3f-bdc0-19448ddd93d3 for user 1 from device QXaX3D0VCcOUi9BOlof91M3cEs811jcWDuDhmTTelXc= and IP ::ffff:172.20.0.1
2026-06-23 13:32:08.582 +00:00 [INF] Access token found: API.Models.AccessToken
2026-06-23 13:32:08.584 +00:00 [INF] Executed DbCommand (2ms) [Parameters=[@p1='?' (DbType = Int32), @p0='?' (DbType = Boolean)], CommandType='"Text"', CommandTimeout='30']
UPDATE "AccessTokens" SET "IsRevoked" = @p0
WHERE "ID" = @p1;
2026-06-23 13:32:08.584 +00:00 [INF] Access token AccessToken for user 1 revoked: true
2026-06-23 13:32:08.586 +00:00 [INF] Executed DbCommand (2ms) [Parameters=[@p0='?' (DbType = DateTime), @p1='?', @p2='?' (DbType = DateTime), @p3='?', @p4='?', @p5='?' (DbType = Int32)], CommandType='"Text"', CommandTimeout='30']
INSERT INTO "RefreshTokens" ("CreatedAt", "DeviceFingerprint", "ExpiresAt", "IpAddress", "TokenHash", "UserID")
VALUES (@p0, @p1, @p2, @p3, @p4, @p5)
RETURNING "ID", "IsRevoked";
2026-06-23 13:32:08.588 +00:00 [INF] Executed DbCommand (1ms) [Parameters=[@__tokenHash_0='?', @__userId_1='?' (DbType = Int32), @__deviceFingerprint_2='?', @__ipAddress_3='?'], CommandType='"Text"', CommandTimeout='30']
SELECT r."ID", r."CreatedAt", r."DeviceFingerprint", r."ExpiresAt", r."IpAddress", r."IsRevoked", r."TokenHash", r."UserID"
FROM "RefreshTokens" AS r
WHERE r."TokenHash" = @__tokenHash_0 AND r."UserID" = @__userId_1 AND r."DeviceFingerprint" = @__deviceFingerprint_2 AND r."IpAddress" = @__ipAddress_3
LIMIT 1
2026-06-23 13:32:08.589 +00:00 [INF] Executed DbCommand (2ms) [Parameters=[@p1='?' (DbType = Int32), @p0='?' (DbType = Boolean)], CommandType='"Text"', CommandTimeout='30']
UPDATE "RefreshTokens" SET "IsRevoked" = @p0
WHERE "ID" = @p1;
2026-06-23 13:32:08.590 +00:00 [INF] Refresh token tK0skNYsQTkvgApWqOAYPiEGZmV5zg1zHia8A+VRRp0= for user 1 revoked: true
2026-06-23 13:32:08.590 +00:00 [INF] Token refreshed successfully for user 1 at "2026-06-23T13:32:08.5903789Z"
2026-06-23 13:32:08.590 +00:00 [INF] Executing OkObjectResult, writing value of type '<>f__AnonymousType3`2[[System.Boolean, System.Private.CoreLib, Version=9.0.0.0, Culture=neutral, PublicKeyToken=7cec85d7bea7798e],[System.Int32, System.Private.CoreLib, Version=9.0.0.0, Culture=neutral, PublicKeyToken=7cec85d7bea7798e]]'.
2026-06-23 13:32:08.591 +00:00 [INF] Executed action API.Controllers.AuthController.RefreshToken (API) in 17.14ms
2026-06-23 13:32:08.591 +00:00 [INF] Executed endpoint 'API.Controllers.AuthController.RefreshToken (API)'
2026-06-23 13:32:08.591 +00:00 [INF] Request finished HTTP/1.1 POST http://192.168.1.4:8080/api/auth/refresh - 200 null application/json; charset=utf-8 22.2282ms
2026-06-23 13:36:38.811 +00:00 [INF] Request starting HTTP/1.1 OPTIONS http://192.168.1.4:8080/api/auth/refresh - null null
2026-06-23 13:36:38.812 +00:00 [INF] CORS policy execution successful.
2026-06-23 13:36:38.812 +00:00 [INF] Request finished HTTP/1.1 OPTIONS http://192.168.1.4:8080/api/auth/refresh - 204 null null 0.7727ms
2026-06-23 13:36:38.815 +00:00 [INF] Request starting HTTP/1.1 POST http://192.168.1.4:8080/api/auth/refresh - application/json 18
2026-06-23 13:36:38.815 +00:00 [INF] CORS policy execution successful.
2026-06-23 13:36:38.815 +00:00 [INF] ====== OnMessageReceived START ======
2026-06-23 13:36:38.816 +00:00 [INF] Available cookies: 2
2026-06-23 13:36:38.816 +00:00 [INF] Cookie: adminToken = 844 chars
2026-06-23 13:36:38.816 +00:00 [INF] Cookie: adminRefreshToken = 44 chars
2026-06-23 13:36:38.816 +00:00 [INF] Admin token found in cookies, length: 844
2026-06-23 13:36:38.816 +00:00 [INF] Admin token set in context
2026-06-23 13:36:38.816 +00:00 [INF] ====== OnMessageReceived END - Token set: true ======
2026-06-23 13:36:38.817 +00:00 [INF] Token validated successfully for user: lengyelnorbi
2026-06-23 13:36:38.817 +00:00 [INF] Device fingerprint headers - UA: Mozilla/5.0 (Windows NT 10.0; Win64; x64; rv:152.0) Gecko/20100101 Firefox/152.0, Accept: */*, Encoding: gzip, deflate
2026-06-23 13:36:38.817 +00:00 [INF] Device fingerprint validation: Stored=QXaX3D0VCcOUi9BOlof91M3cEs811jcWDuDhmTTelXc=, Current=QXaX3D0VCcOUi9BOlof91M3cEs811jcWDuDhmTTelXc=
2026-06-23 13:36:38.828 +00:00 [INF] Executed DbCommand (2ms) [Parameters=[@__jti_0='?', @__userId_1='?' (DbType = Int32)], CommandType='"Text"', CommandTimeout='30']
SELECT a."ID", a."CreatedAt", a."DeviceFingerprint", a."ExpiresAt", a."IpAddress", a."IsRevoked", a."UserID", a.jti
FROM "AccessTokens" AS a
WHERE a.jti = @__jti_0 AND a."UserID" = @__userId_1 AND NOT (a."IsRevoked") AND a."ExpiresAt" > now()
LIMIT 1
2026-06-23 13:36:38.829 +00:00 [INF] Executing endpoint 'API.Controllers.AuthController.RefreshToken (API)'
2026-06-23 13:36:38.829 +00:00 [INF] Route matched with {action = "RefreshToken", controller = "Auth"}. Executing controller action with signature System.Threading.Tasks.Task`1[Microsoft.AspNetCore.Mvc.IActionResult] RefreshToken(API.Models.RequestModels.RefreshRequest) on controller API.Controllers.AuthController (API).
2026-06-23 13:36:38.829 +00:00 [INF] Token refresh attempt at "2026-06-23T13:36:38.8298236Z"
2026-06-23 13:36:38.829 +00:00 [INF] Refreshing admin token at "2026-06-23T13:36:38.8299660Z"
2026-06-23 13:36:38.831 +00:00 [INF] Executed DbCommand (1ms) [Parameters=[@__tokenHash_0='?'], CommandType='"Text"', CommandTimeout='30']
SELECT r."ID", r."CreatedAt", r."DeviceFingerprint", r."ExpiresAt", r."IpAddress", r."IsRevoked", r."TokenHash", r."UserID"
FROM "RefreshTokens" AS r
WHERE r."TokenHash" = @__tokenHash_0 AND NOT (r."IsRevoked") AND r."ExpiresAt" > now()
ORDER BY r."CreatedAt" DESC
LIMIT 1
2026-06-23 13:36:38.831 +00:00 [INF] Mozilla/5.0 (Windows NT 10.0; Win64; x64; rv:152.0) Gecko/20100101 Firefox/152.0
2026-06-23 13:36:38.831 +00:00 [INF] Fetching user by ID from database...
2026-06-23 13:36:38.833 +00:00 [INF] Executed DbCommand (1ms) [Parameters=[@__id_0='?' (DbType = Int32)], CommandType='"Text"', CommandTimeout='30']
SELECT u."ID", u."Email", u."PasswordHash", u."RegisteredAt", u."Role", u."Username"
FROM "Users" AS u
WHERE u."ID" = @__id_0
LIMIT 1
2026-06-23 13:36:38.836 +00:00 [INF] Executed DbCommand (3ms) [Parameters=[@p0='?' (DbType = DateTime), @p1='?', @p2='?' (DbType = DateTime), @p3='?', @p4='?' (DbType = Int32), @p5='?'], CommandType='"Text"', CommandTimeout='30']
INSERT INTO "AccessTokens" ("CreatedAt", "DeviceFingerprint", "ExpiresAt", "IpAddress", "UserID", jti)
VALUES (@p0, @p1, @p2, @p3, @p4, @p5)
RETURNING "ID", "IsRevoked";
2026-06-23 13:36:38.837 +00:00 [INF] Executed DbCommand (1ms) [Parameters=[@__jti_0='?', @__userID_1='?' (DbType = Int32), @__deviceFingerprint_2='?', @__ipAddress_3='?'], CommandType='"Text"', CommandTimeout='30']
SELECT a."ID", a."CreatedAt", a."DeviceFingerprint", a."ExpiresAt", a."IpAddress", a."IsRevoked", a."UserID", a.jti
FROM "AccessTokens" AS a
WHERE a.jti = @__jti_0 AND a."UserID" = @__userID_1 AND a."DeviceFingerprint" = @__deviceFingerprint_2 AND a."IpAddress" = @__ipAddress_3
LIMIT 1
2026-06-23 13:36:38.838 +00:00 [INF] Attempting to revoke access token with jti b8a44e50-f971-431b-aa02-f567bdf481e7 for user 1 from device QXaX3D0VCcOUi9BOlof91M3cEs811jcWDuDhmTTelXc= and IP ::ffff:172.20.0.1
2026-06-23 13:36:38.838 +00:00 [INF] Access token found: API.Models.AccessToken
2026-06-23 13:36:38.839 +00:00 [INF] Executed DbCommand (1ms) [Parameters=[@p1='?' (DbType = Int32), @p0='?' (DbType = Boolean)], CommandType='"Text"', CommandTimeout='30']
UPDATE "AccessTokens" SET "IsRevoked" = @p0
WHERE "ID" = @p1;
2026-06-23 13:36:38.840 +00:00 [INF] Access token AccessToken for user 1 revoked: true
2026-06-23 13:36:38.842 +00:00 [INF] Executed DbCommand (2ms) [Parameters=[@p0='?' (DbType = DateTime), @p1='?', @p2='?' (DbType = DateTime), @p3='?', @p4='?', @p5='?' (DbType = Int32)], CommandType='"Text"', CommandTimeout='30']
INSERT INTO "RefreshTokens" ("CreatedAt", "DeviceFingerprint", "ExpiresAt", "IpAddress", "TokenHash", "UserID")
VALUES (@p0, @p1, @p2, @p3, @p4, @p5)
RETURNING "ID", "IsRevoked";
2026-06-23 13:36:38.843 +00:00 [INF] Executed DbCommand (1ms) [Parameters=[@__tokenHash_0='?', @__userId_1='?' (DbType = Int32), @__deviceFingerprint_2='?', @__ipAddress_3='?'], CommandType='"Text"', CommandTimeout='30']
SELECT r."ID", r."CreatedAt", r."DeviceFingerprint", r."ExpiresAt", r."IpAddress", r."IsRevoked", r."TokenHash", r."UserID"
FROM "RefreshTokens" AS r
WHERE r."TokenHash" = @__tokenHash_0 AND r."UserID" = @__userId_1 AND r."DeviceFingerprint" = @__deviceFingerprint_2 AND r."IpAddress" = @__ipAddress_3
LIMIT 1
2026-06-23 13:36:38.844 +00:00 [INF] Executed DbCommand (1ms) [Parameters=[@p1='?' (DbType = Int32), @p0='?' (DbType = Boolean)], CommandType='"Text"', CommandTimeout='30']
UPDATE "RefreshTokens" SET "IsRevoked" = @p0
WHERE "ID" = @p1;
2026-06-23 13:36:38.844 +00:00 [INF] Refresh token gM9BgPC0N8hC0xE8fPmISV+HRhtDchN/UDgVY9xrc+c= for user 1 revoked: true
2026-06-23 13:36:38.845 +00:00 [INF] Token refreshed successfully for user 1 at "2026-06-23T13:36:38.8451929Z"
2026-06-23 13:36:38.845 +00:00 [INF] Executing OkObjectResult, writing value of type '<>f__AnonymousType3`2[[System.Boolean, System.Private.CoreLib, Version=9.0.0.0, Culture=neutral, PublicKeyToken=7cec85d7bea7798e],[System.Int32, System.Private.CoreLib, Version=9.0.0.0, Culture=neutral, PublicKeyToken=7cec85d7bea7798e]]'.
2026-06-23 13:36:38.845 +00:00 [INF] Executed action API.Controllers.AuthController.RefreshToken (API) in 16.0379ms
2026-06-23 13:36:38.845 +00:00 [INF] Executed endpoint 'API.Controllers.AuthController.RefreshToken (API)'
2026-06-23 13:36:38.845 +00:00 [INF] Request finished HTTP/1.1 POST http://192.168.1.4:8080/api/auth/refresh - 200 null application/json; charset=utf-8 30.4314ms
2026-06-23 13:41:09.113 +00:00 [INF] Request starting HTTP/1.1 OPTIONS http://192.168.1.4:8080/api/auth/refresh - null null
2026-06-23 13:41:09.114 +00:00 [INF] CORS policy execution successful.
2026-06-23 13:41:09.114 +00:00 [INF] Request finished HTTP/1.1 OPTIONS http://192.168.1.4:8080/api/auth/refresh - 204 null null 0.7073ms
2026-06-23 13:41:09.116 +00:00 [INF] Request starting HTTP/1.1 POST http://192.168.1.4:8080/api/auth/refresh - application/json 18
2026-06-23 13:41:09.116 +00:00 [INF] CORS policy execution successful.
2026-06-23 13:41:09.117 +00:00 [INF] ====== OnMessageReceived START ======
2026-06-23 13:41:09.117 +00:00 [INF] Available cookies: 2
2026-06-23 13:41:09.117 +00:00 [INF] Cookie: adminToken = 844 chars
2026-06-23 13:41:09.117 +00:00 [INF] Cookie: adminRefreshToken = 44 chars
2026-06-23 13:41:09.117 +00:00 [INF] Admin token found in cookies, length: 844
2026-06-23 13:41:09.117 +00:00 [INF] Admin token set in context
2026-06-23 13:41:09.117 +00:00 [INF] ====== OnMessageReceived END - Token set: true ======
2026-06-23 13:41:09.118 +00:00 [INF] Token validated successfully for user: lengyelnorbi
2026-06-23 13:41:09.118 +00:00 [INF] Device fingerprint headers - UA: Mozilla/5.0 (Windows NT 10.0; Win64; x64; rv:152.0) Gecko/20100101 Firefox/152.0, Accept: */*, Encoding: gzip, deflate
2026-06-23 13:41:09.118 +00:00 [INF] Device fingerprint validation: Stored=QXaX3D0VCcOUi9BOlof91M3cEs811jcWDuDhmTTelXc=, Current=QXaX3D0VCcOUi9BOlof91M3cEs811jcWDuDhmTTelXc=
2026-06-23 13:41:09.120 +00:00 [INF] Executed DbCommand (1ms) [Parameters=[@__jti_0='?', @__userId_1='?' (DbType = Int32)], CommandType='"Text"', CommandTimeout='30']
SELECT a."ID", a."CreatedAt", a."DeviceFingerprint", a."ExpiresAt", a."IpAddress", a."IsRevoked", a."UserID", a.jti
FROM "AccessTokens" AS a
WHERE a.jti = @__jti_0 AND a."UserID" = @__userId_1 AND NOT (a."IsRevoked") AND a."ExpiresAt" > now()
LIMIT 1
2026-06-23 13:41:09.120 +00:00 [INF] Executing endpoint 'API.Controllers.AuthController.RefreshToken (API)'
2026-06-23 13:41:09.121 +00:00 [INF] Route matched with {action = "RefreshToken", controller = "Auth"}. Executing controller action with signature System.Threading.Tasks.Task`1[Microsoft.AspNetCore.Mvc.IActionResult] RefreshToken(API.Models.RequestModels.RefreshRequest) on controller API.Controllers.AuthController (API).
2026-06-23 13:41:09.121 +00:00 [INF] Token refresh attempt at "2026-06-23T13:41:09.1214314Z"
2026-06-23 13:41:09.121 +00:00 [INF] Refreshing admin token at "2026-06-23T13:41:09.1216075Z"
2026-06-23 13:41:09.123 +00:00 [INF] Executed DbCommand (1ms) [Parameters=[@__tokenHash_0='?'], CommandType='"Text"', CommandTimeout='30']
SELECT r."ID", r."CreatedAt", r."DeviceFingerprint", r."ExpiresAt", r."IpAddress", r."IsRevoked", r."TokenHash", r."UserID"
FROM "RefreshTokens" AS r
WHERE r."TokenHash" = @__tokenHash_0 AND NOT (r."IsRevoked") AND r."ExpiresAt" > now()
ORDER BY r."CreatedAt" DESC
LIMIT 1
2026-06-23 13:41:09.123 +00:00 [INF] Mozilla/5.0 (Windows NT 10.0; Win64; x64; rv:152.0) Gecko/20100101 Firefox/152.0
2026-06-23 13:41:09.123 +00:00 [INF] Fetching user by ID from database...
2026-06-23 13:41:09.124 +00:00 [INF] Executed DbCommand (1ms) [Parameters=[@__id_0='?' (DbType = Int32)], CommandType='"Text"', CommandTimeout='30']
SELECT u."ID", u."Email", u."PasswordHash", u."RegisteredAt", u."Role", u."Username"
FROM "Users" AS u
WHERE u."ID" = @__id_0
LIMIT 1
2026-06-23 13:41:09.127 +00:00 [INF] Executed DbCommand (2ms) [Parameters=[@p0='?' (DbType = DateTime), @p1='?', @p2='?' (DbType = DateTime), @p3='?', @p4='?' (DbType = Int32), @p5='?'], CommandType='"Text"', CommandTimeout='30']
INSERT INTO "AccessTokens" ("CreatedAt", "DeviceFingerprint", "ExpiresAt", "IpAddress", "UserID", jti)
VALUES (@p0, @p1, @p2, @p3, @p4, @p5)
RETURNING "ID", "IsRevoked";
2026-06-23 13:41:09.128 +00:00 [INF] Executed DbCommand (1ms) [Parameters=[@__jti_0='?', @__userID_1='?' (DbType = Int32), @__deviceFingerprint_2='?', @__ipAddress_3='?'], CommandType='"Text"', CommandTimeout='30']
SELECT a."ID", a."CreatedAt", a."DeviceFingerprint", a."ExpiresAt", a."IpAddress", a."IsRevoked", a."UserID", a.jti
FROM "AccessTokens" AS a
WHERE a.jti = @__jti_0 AND a."UserID" = @__userID_1 AND a."DeviceFingerprint" = @__deviceFingerprint_2 AND a."IpAddress" = @__ipAddress_3
LIMIT 1
2026-06-23 13:41:09.129 +00:00 [INF] Attempting to revoke access token with jti abfa21b6-4289-4f37-8a94-b231d0ccd943 for user 1 from device QXaX3D0VCcOUi9BOlof91M3cEs811jcWDuDhmTTelXc= and IP ::ffff:172.20.0.1
2026-06-23 13:41:09.129 +00:00 [INF] Access token found: API.Models.AccessToken
2026-06-23 13:41:09.130 +00:00 [INF] Executed DbCommand (1ms) [Parameters=[@p1='?' (DbType = Int32), @p0='?' (DbType = Boolean)], CommandType='"Text"', CommandTimeout='30']
UPDATE "AccessTokens" SET "IsRevoked" = @p0
WHERE "ID" = @p1;
2026-06-23 13:41:09.131 +00:00 [INF] Access token AccessToken for user 1 revoked: true
2026-06-23 13:41:09.133 +00:00 [INF] Executed DbCommand (2ms) [Parameters=[@p0='?' (DbType = DateTime), @p1='?', @p2='?' (DbType = DateTime), @p3='?', @p4='?', @p5='?' (DbType = Int32)], CommandType='"Text"', CommandTimeout='30']
INSERT INTO "RefreshTokens" ("CreatedAt", "DeviceFingerprint", "ExpiresAt", "IpAddress", "TokenHash", "UserID")
VALUES (@p0, @p1, @p2, @p3, @p4, @p5)
RETURNING "ID", "IsRevoked";
2026-06-23 13:41:09.134 +00:00 [INF] Executed DbCommand (1ms) [Parameters=[@__tokenHash_0='?', @__userId_1='?' (DbType = Int32), @__deviceFingerprint_2='?', @__ipAddress_3='?'], CommandType='"Text"', CommandTimeout='30']
SELECT r."ID", r."CreatedAt", r."DeviceFingerprint", r."ExpiresAt", r."IpAddress", r."IsRevoked", r."TokenHash", r."UserID"
FROM "RefreshTokens" AS r
WHERE r."TokenHash" = @__tokenHash_0 AND r."UserID" = @__userId_1 AND r."DeviceFingerprint" = @__deviceFingerprint_2 AND r."IpAddress" = @__ipAddress_3
LIMIT 1
2026-06-23 13:41:09.136 +00:00 [INF] Executed DbCommand (1ms) [Parameters=[@p1='?' (DbType = Int32), @p0='?' (DbType = Boolean)], CommandType='"Text"', CommandTimeout='30']
UPDATE "RefreshTokens" SET "IsRevoked" = @p0
WHERE "ID" = @p1;
2026-06-23 13:41:09.136 +00:00 [INF] Refresh token Hr/bYIcd8ZOK0zrwY8H9eByIYTwu3hrREWFyJ+dobOA= for user 1 revoked: true
2026-06-23 13:41:09.136 +00:00 [INF] Token refreshed successfully for user 1 at "2026-06-23T13:41:09.1366981Z"
2026-06-23 13:41:09.136 +00:00 [INF] Executing OkObjectResult, writing value of type '<>f__AnonymousType3`2[[System.Boolean, System.Private.CoreLib, Version=9.0.0.0, Culture=neutral, PublicKeyToken=7cec85d7bea7798e],[System.Int32, System.Private.CoreLib, Version=9.0.0.0, Culture=neutral, PublicKeyToken=7cec85d7bea7798e]]'.
2026-06-23 13:41:09.137 +00:00 [INF] Executed action API.Controllers.AuthController.RefreshToken (API) in 15.8196ms
2026-06-23 13:41:09.137 +00:00 [INF] Executed endpoint 'API.Controllers.AuthController.RefreshToken (API)'
2026-06-23 13:41:09.137 +00:00 [INF] Request finished HTTP/1.1 POST http://192.168.1.4:8080/api/auth/refresh - 200 null application/json; charset=utf-8 20.7793ms
2026-06-23 13:45:39.404 +00:00 [INF] Request starting HTTP/1.1 OPTIONS http://192.168.1.4:8080/api/auth/refresh - null null
2026-06-23 13:45:39.404 +00:00 [INF] CORS policy execution successful.
2026-06-23 13:45:39.405 +00:00 [INF] Request finished HTTP/1.1 OPTIONS http://192.168.1.4:8080/api/auth/refresh - 204 null null 0.7301ms
2026-06-23 13:45:39.407 +00:00 [INF] Request starting HTTP/1.1 POST http://192.168.1.4:8080/api/auth/refresh - application/json 18
2026-06-23 13:45:39.407 +00:00 [INF] CORS policy execution successful.
2026-06-23 13:45:39.407 +00:00 [INF] ====== OnMessageReceived START ======
2026-06-23 13:45:39.408 +00:00 [INF] Available cookies: 2
2026-06-23 13:45:39.408 +00:00 [INF] Cookie: adminToken = 844 chars
2026-06-23 13:45:39.408 +00:00 [INF] Cookie: adminRefreshToken = 44 chars
2026-06-23 13:45:39.408 +00:00 [INF] Admin token found in cookies, length: 844
2026-06-23 13:45:39.408 +00:00 [INF] Admin token set in context
2026-06-23 13:45:39.408 +00:00 [INF] ====== OnMessageReceived END - Token set: true ======
2026-06-23 13:45:39.409 +00:00 [INF] Token validated successfully for user: lengyelnorbi
2026-06-23 13:45:39.409 +00:00 [INF] Device fingerprint headers - UA: Mozilla/5.0 (Windows NT 10.0; Win64; x64; rv:152.0) Gecko/20100101 Firefox/152.0, Accept: */*, Encoding: gzip, deflate
2026-06-23 13:45:39.409 +00:00 [INF] Device fingerprint validation: Stored=QXaX3D0VCcOUi9BOlof91M3cEs811jcWDuDhmTTelXc=, Current=QXaX3D0VCcOUi9BOlof91M3cEs811jcWDuDhmTTelXc=
2026-06-23 13:45:39.420 +00:00 [INF] Executed DbCommand (2ms) [Parameters=[@__jti_0='?', @__userId_1='?' (DbType = Int32)], CommandType='"Text"', CommandTimeout='30']
SELECT a."ID", a."CreatedAt", a."DeviceFingerprint", a."ExpiresAt", a."IpAddress", a."IsRevoked", a."UserID", a.jti
FROM "AccessTokens" AS a
WHERE a.jti = @__jti_0 AND a."UserID" = @__userId_1 AND NOT (a."IsRevoked") AND a."ExpiresAt" > now()
LIMIT 1
2026-06-23 13:45:39.420 +00:00 [INF] Executing endpoint 'API.Controllers.AuthController.RefreshToken (API)'
2026-06-23 13:45:39.420 +00:00 [INF] Route matched with {action = "RefreshToken", controller = "Auth"}. Executing controller action with signature System.Threading.Tasks.Task`1[Microsoft.AspNetCore.Mvc.IActionResult] RefreshToken(API.Models.RequestModels.RefreshRequest) on controller API.Controllers.AuthController (API).
2026-06-23 13:45:39.421 +00:00 [INF] Token refresh attempt at "2026-06-23T13:45:39.4211604Z"
2026-06-23 13:45:39.421 +00:00 [INF] Refreshing admin token at "2026-06-23T13:45:39.4213383Z"
2026-06-23 13:45:39.423 +00:00 [INF] Executed DbCommand (2ms) [Parameters=[@__tokenHash_0='?'], CommandType='"Text"', CommandTimeout='30']
SELECT r."ID", r."CreatedAt", r."DeviceFingerprint", r."ExpiresAt", r."IpAddress", r."IsRevoked", r."TokenHash", r."UserID"
FROM "RefreshTokens" AS r
WHERE r."TokenHash" = @__tokenHash_0 AND NOT (r."IsRevoked") AND r."ExpiresAt" > now()
ORDER BY r."CreatedAt" DESC
LIMIT 1
2026-06-23 13:45:39.423 +00:00 [INF] Mozilla/5.0 (Windows NT 10.0; Win64; x64; rv:152.0) Gecko/20100101 Firefox/152.0
2026-06-23 13:45:39.423 +00:00 [INF] Fetching user by ID from database...
2026-06-23 13:45:39.425 +00:00 [INF] Executed DbCommand (1ms) [Parameters=[@__id_0='?' (DbType = Int32)], CommandType='"Text"', CommandTimeout='30']
SELECT u."ID", u."Email", u."PasswordHash", u."RegisteredAt", u."Role", u."Username"
FROM "Users" AS u
WHERE u."ID" = @__id_0
LIMIT 1
2026-06-23 13:45:39.427 +00:00 [INF] Executed DbCommand (2ms) [Parameters=[@p0='?' (DbType = DateTime), @p1='?', @p2='?' (DbType = DateTime), @p3='?', @p4='?' (DbType = Int32), @p5='?'], CommandType='"Text"', CommandTimeout='30']
INSERT INTO "AccessTokens" ("CreatedAt", "DeviceFingerprint", "ExpiresAt", "IpAddress", "UserID", jti)
VALUES (@p0, @p1, @p2, @p3, @p4, @p5)
RETURNING "ID", "IsRevoked";
2026-06-23 13:45:39.429 +00:00 [INF] Executed DbCommand (1ms) [Parameters=[@__jti_0='?', @__userID_1='?' (DbType = Int32), @__deviceFingerprint_2='?', @__ipAddress_3='?'], CommandType='"Text"', CommandTimeout='30']
SELECT a."ID", a."CreatedAt", a."DeviceFingerprint", a."ExpiresAt", a."IpAddress", a."IsRevoked", a."UserID", a.jti
FROM "AccessTokens" AS a
WHERE a.jti = @__jti_0 AND a."UserID" = @__userID_1 AND a."DeviceFingerprint" = @__deviceFingerprint_2 AND a."IpAddress" = @__ipAddress_3
LIMIT 1
2026-06-23 13:45:39.429 +00:00 [INF] Attempting to revoke access token with jti cf2027a5-8fdf-4858-9aab-7770ee0e9f1e for user 1 from device QXaX3D0VCcOUi9BOlof91M3cEs811jcWDuDhmTTelXc= and IP ::ffff:172.20.0.1
2026-06-23 13:45:39.429 +00:00 [INF] Access token found: API.Models.AccessToken
2026-06-23 13:45:39.431 +00:00 [INF] Executed DbCommand (2ms) [Parameters=[@p1='?' (DbType = Int32), @p0='?' (DbType = Boolean)], CommandType='"Text"', CommandTimeout='30']
UPDATE "AccessTokens" SET "IsRevoked" = @p0
WHERE "ID" = @p1;
2026-06-23 13:45:39.431 +00:00 [INF] Access token AccessToken for user 1 revoked: true
2026-06-23 13:45:39.433 +00:00 [INF] Executed DbCommand (2ms) [Parameters=[@p0='?' (DbType = DateTime), @p1='?', @p2='?' (DbType = DateTime), @p3='?', @p4='?', @p5='?' (DbType = Int32)], CommandType='"Text"', CommandTimeout='30']
INSERT INTO "RefreshTokens" ("CreatedAt", "DeviceFingerprint", "ExpiresAt", "IpAddress", "TokenHash", "UserID")
VALUES (@p0, @p1, @p2, @p3, @p4, @p5)
RETURNING "ID", "IsRevoked";
2026-06-23 13:45:39.435 +00:00 [INF] Executed DbCommand (1ms) [Parameters=[@__tokenHash_0='?', @__userId_1='?' (DbType = Int32), @__deviceFingerprint_2='?', @__ipAddress_3='?'], CommandType='"Text"', CommandTimeout='30']
SELECT r."ID", r."CreatedAt", r."DeviceFingerprint", r."ExpiresAt", r."IpAddress", r."IsRevoked", r."TokenHash", r."UserID"
FROM "RefreshTokens" AS r
WHERE r."TokenHash" = @__tokenHash_0 AND r."UserID" = @__userId_1 AND r."DeviceFingerprint" = @__deviceFingerprint_2 AND r."IpAddress" = @__ipAddress_3
LIMIT 1
2026-06-23 13:45:39.436 +00:00 [INF] Executed DbCommand (1ms) [Parameters=[@p1='?' (DbType = Int32), @p0='?' (DbType = Boolean)], CommandType='"Text"', CommandTimeout='30']
UPDATE "RefreshTokens" SET "IsRevoked" = @p0
WHERE "ID" = @p1;
2026-06-23 13:45:39.436 +00:00 [INF] Refresh token ENCGIwa50NAeASwGr5HXqMEDy5vjP94OiyqpegRB75o= for user 1 revoked: true
2026-06-23 13:45:39.437 +00:00 [INF] Token refreshed successfully for user 1 at "2026-06-23T13:45:39.4371930Z"
2026-06-23 13:45:39.437 +00:00 [INF] Executing OkObjectResult, writing value of type '<>f__AnonymousType3`2[[System.Boolean, System.Private.CoreLib, Version=9.0.0.0, Culture=neutral, PublicKeyToken=7cec85d7bea7798e],[System.Int32, System.Private.CoreLib, Version=9.0.0.0, Culture=neutral, PublicKeyToken=7cec85d7bea7798e]]'.
2026-06-23 13:45:39.437 +00:00 [INF] Executed action API.Controllers.AuthController.RefreshToken (API) in 16.5883ms
2026-06-23 13:45:39.437 +00:00 [INF] Executed endpoint 'API.Controllers.AuthController.RefreshToken (API)'
2026-06-23 13:45:39.437 +00:00 [INF] Request finished HTTP/1.1 POST http://192.168.1.4:8080/api/auth/refresh - 200 null application/json; charset=utf-8 30.3842ms
2026-06-23 13:50:09.581 +00:00 [INF] Request starting HTTP/1.1 OPTIONS http://192.168.1.4:8080/api/auth/refresh - null null
2026-06-23 13:50:09.581 +00:00 [INF] CORS policy execution successful.
2026-06-23 13:50:09.581 +00:00 [INF] Request finished HTTP/1.1 OPTIONS http://192.168.1.4:8080/api/auth/refresh - 204 null null 0.697ms
2026-06-23 13:50:09.584 +00:00 [INF] Request starting HTTP/1.1 POST http://192.168.1.4:8080/api/auth/refresh - application/json 18
2026-06-23 13:50:09.585 +00:00 [INF] CORS policy execution successful.
2026-06-23 13:50:09.585 +00:00 [INF] ====== OnMessageReceived START ======
2026-06-23 13:50:09.585 +00:00 [INF] Available cookies: 2
2026-06-23 13:50:09.585 +00:00 [INF] Cookie: adminToken = 844 chars
2026-06-23 13:50:09.586 +00:00 [INF] Cookie: adminRefreshToken = 44 chars
2026-06-23 13:50:09.586 +00:00 [INF] Admin token found in cookies, length: 844
2026-06-23 13:50:09.586 +00:00 [INF] Admin token set in context
2026-06-23 13:50:09.586 +00:00 [INF] ====== OnMessageReceived END - Token set: true ======
2026-06-23 13:50:09.586 +00:00 [INF] Token validated successfully for user: lengyelnorbi
2026-06-23 13:50:09.586 +00:00 [INF] Device fingerprint headers - UA: Mozilla/5.0 (Windows NT 10.0; Win64; x64; rv:152.0) Gecko/20100101 Firefox/152.0, Accept: */*, Encoding: gzip, deflate
2026-06-23 13:50:09.587 +00:00 [INF] Device fingerprint validation: Stored=QXaX3D0VCcOUi9BOlof91M3cEs811jcWDuDhmTTelXc=, Current=QXaX3D0VCcOUi9BOlof91M3cEs811jcWDuDhmTTelXc=
2026-06-23 13:50:09.589 +00:00 [INF] Executed DbCommand (1ms) [Parameters=[@__jti_0='?', @__userId_1='?' (DbType = Int32)], CommandType='"Text"', CommandTimeout='30']
SELECT a."ID", a."CreatedAt", a."DeviceFingerprint", a."ExpiresAt", a."IpAddress", a."IsRevoked", a."UserID", a.jti
FROM "AccessTokens" AS a
WHERE a.jti = @__jti_0 AND a."UserID" = @__userId_1 AND NOT (a."IsRevoked") AND a."ExpiresAt" > now()
LIMIT 1
2026-06-23 13:50:09.589 +00:00 [INF] Executing endpoint 'API.Controllers.AuthController.RefreshToken (API)'
2026-06-23 13:50:09.589 +00:00 [INF] Route matched with {action = "RefreshToken", controller = "Auth"}. Executing controller action with signature System.Threading.Tasks.Task`1[Microsoft.AspNetCore.Mvc.IActionResult] RefreshToken(API.Models.RequestModels.RefreshRequest) on controller API.Controllers.AuthController (API).
2026-06-23 13:50:09.589 +00:00 [INF] Token refresh attempt at "2026-06-23T13:50:09.5899762Z"
2026-06-23 13:50:09.590 +00:00 [INF] Refreshing admin token at "2026-06-23T13:50:09.5901138Z"
2026-06-23 13:50:09.591 +00:00 [INF] Executed DbCommand (1ms) [Parameters=[@__tokenHash_0='?'], CommandType='"Text"', CommandTimeout='30']
SELECT r."ID", r."CreatedAt", r."DeviceFingerprint", r."ExpiresAt", r."IpAddress", r."IsRevoked", r."TokenHash", r."UserID"
FROM "RefreshTokens" AS r
WHERE r."TokenHash" = @__tokenHash_0 AND NOT (r."IsRevoked") AND r."ExpiresAt" > now()
ORDER BY r."CreatedAt" DESC
LIMIT 1
2026-06-23 13:50:09.591 +00:00 [INF] Mozilla/5.0 (Windows NT 10.0; Win64; x64; rv:152.0) Gecko/20100101 Firefox/152.0
2026-06-23 13:50:09.591 +00:00 [INF] Fetching user by ID from database...
2026-06-23 13:50:09.592 +00:00 [INF] Executed DbCommand (1ms) [Parameters=[@__id_0='?' (DbType = Int32)], CommandType='"Text"', CommandTimeout='30']
SELECT u."ID", u."Email", u."PasswordHash", u."RegisteredAt", u."Role", u."Username"
FROM "Users" AS u
WHERE u."ID" = @__id_0
LIMIT 1
2026-06-23 13:50:09.595 +00:00 [INF] Executed DbCommand (2ms) [Parameters=[@p0='?' (DbType = DateTime), @p1='?', @p2='?' (DbType = DateTime), @p3='?', @p4='?' (DbType = Int32), @p5='?'], CommandType='"Text"', CommandTimeout='30']
INSERT INTO "AccessTokens" ("CreatedAt", "DeviceFingerprint", "ExpiresAt", "IpAddress", "UserID", jti)
VALUES (@p0, @p1, @p2, @p3, @p4, @p5)
RETURNING "ID", "IsRevoked";
2026-06-23 13:50:09.596 +00:00 [INF] Executed DbCommand (1ms) [Parameters=[@__jti_0='?', @__userID_1='?' (DbType = Int32), @__deviceFingerprint_2='?', @__ipAddress_3='?'], CommandType='"Text"', CommandTimeout='30']
SELECT a."ID", a."CreatedAt", a."DeviceFingerprint", a."ExpiresAt", a."IpAddress", a."IsRevoked", a."UserID", a.jti
FROM "AccessTokens" AS a
WHERE a.jti = @__jti_0 AND a."UserID" = @__userID_1 AND a."DeviceFingerprint" = @__deviceFingerprint_2 AND a."IpAddress" = @__ipAddress_3
LIMIT 1
2026-06-23 13:50:09.597 +00:00 [INF] Attempting to revoke access token with jti 53d3fbd3-8480-4081-a6f0-9907d9e45af2 for user 1 from device QXaX3D0VCcOUi9BOlof91M3cEs811jcWDuDhmTTelXc= and IP ::ffff:172.20.0.1
2026-06-23 13:50:09.597 +00:00 [INF] Access token found: API.Models.AccessToken
2026-06-23 13:50:09.598 +00:00 [INF] Executed DbCommand (1ms) [Parameters=[@p1='?' (DbType = Int32), @p0='?' (DbType = Boolean)], CommandType='"Text"', CommandTimeout='30']
UPDATE "AccessTokens" SET "IsRevoked" = @p0
WHERE "ID" = @p1;
2026-06-23 13:50:09.599 +00:00 [INF] Access token AccessToken for user 1 revoked: true
2026-06-23 13:50:09.601 +00:00 [INF] Executed DbCommand (2ms) [Parameters=[@p0='?' (DbType = DateTime), @p1='?', @p2='?' (DbType = DateTime), @p3='?', @p4='?', @p5='?' (DbType = Int32)], CommandType='"Text"', CommandTimeout='30']
INSERT INTO "RefreshTokens" ("CreatedAt", "DeviceFingerprint", "ExpiresAt", "IpAddress", "TokenHash", "UserID")
VALUES (@p0, @p1, @p2, @p3, @p4, @p5)
RETURNING "ID", "IsRevoked";
2026-06-23 13:50:09.602 +00:00 [INF] Executed DbCommand (1ms) [Parameters=[@__tokenHash_0='?', @__userId_1='?' (DbType = Int32), @__deviceFingerprint_2='?', @__ipAddress_3='?'], CommandType='"Text"', CommandTimeout='30']
SELECT r."ID", r."CreatedAt", r."DeviceFingerprint", r."ExpiresAt", r."IpAddress", r."IsRevoked", r."TokenHash", r."UserID"
FROM "RefreshTokens" AS r
WHERE r."TokenHash" = @__tokenHash_0 AND r."UserID" = @__userId_1 AND r."DeviceFingerprint" = @__deviceFingerprint_2 AND r."IpAddress" = @__ipAddress_3
LIMIT 1
2026-06-23 13:50:09.604 +00:00 [INF] Executed DbCommand (1ms) [Parameters=[@p1='?' (DbType = Int32), @p0='?' (DbType = Boolean)], CommandType='"Text"', CommandTimeout='30']
UPDATE "RefreshTokens" SET "IsRevoked" = @p0
WHERE "ID" = @p1;
2026-06-23 13:50:09.604 +00:00 [INF] Refresh token ZcX2h0RIH9zHQ63GSBMCin06QwexA0QtWMM7Rk9TmfU= for user 1 revoked: true
2026-06-23 13:50:09.604 +00:00 [INF] Token refreshed successfully for user 1 at "2026-06-23T13:50:09.6045276Z"
2026-06-23 13:50:09.604 +00:00 [INF] Executing OkObjectResult, writing value of type '<>f__AnonymousType3`2[[System.Boolean, System.Private.CoreLib, Version=9.0.0.0, Culture=neutral, PublicKeyToken=7cec85d7bea7798e],[System.Int32, System.Private.CoreLib, Version=9.0.0.0, Culture=neutral, PublicKeyToken=7cec85d7bea7798e]]'.
2026-06-23 13:50:09.604 +00:00 [INF] Executed action API.Controllers.AuthController.RefreshToken (API) in 15.0613ms
2026-06-23 13:50:09.605 +00:00 [INF] Executed endpoint 'API.Controllers.AuthController.RefreshToken (API)'
2026-06-23 13:50:09.605 +00:00 [INF] Request finished HTTP/1.1 POST http://192.168.1.4:8080/api/auth/refresh - 200 null application/json; charset=utf-8 20.244ms
2026-06-23 13:51:35.811 +00:00 [INF] Request starting HTTP/1.1 POST http://192.168.1.4:8080/api/auth/logout - null 0
2026-06-23 13:51:35.811 +00:00 [INF] CORS policy execution successful.
2026-06-23 13:51:35.812 +00:00 [INF] ====== OnMessageReceived START ======
2026-06-23 13:51:35.812 +00:00 [INF] Available cookies: 2
2026-06-23 13:51:35.812 +00:00 [INF] Cookie: adminToken = 844 chars
2026-06-23 13:51:35.812 +00:00 [INF] Cookie: adminRefreshToken = 44 chars
2026-06-23 13:51:35.812 +00:00 [INF] Admin token found in cookies, length: 844
2026-06-23 13:51:35.813 +00:00 [INF] Admin token set in context
2026-06-23 13:51:35.813 +00:00 [INF] ====== OnMessageReceived END - Token set: true ======
2026-06-23 13:51:35.813 +00:00 [INF] Token validated successfully for user: lengyelnorbi
2026-06-23 13:51:35.813 +00:00 [INF] Device fingerprint headers - UA: Mozilla/5.0 (Windows NT 10.0; Win64; x64; rv:152.0) Gecko/20100101 Firefox/152.0, Accept: */*, Encoding: gzip, deflate
2026-06-23 13:51:35.813 +00:00 [INF] Device fingerprint validation: Stored=QXaX3D0VCcOUi9BOlof91M3cEs811jcWDuDhmTTelXc=, Current=QXaX3D0VCcOUi9BOlof91M3cEs811jcWDuDhmTTelXc=
2026-06-23 13:51:35.833 +00:00 [INF] Executed DbCommand (3ms) [Parameters=[@__jti_0='?', @__userId_1='?' (DbType = Int32)], CommandType='"Text"', CommandTimeout='30']
SELECT a."ID", a."CreatedAt", a."DeviceFingerprint", a."ExpiresAt", a."IpAddress", a."IsRevoked", a."UserID", a.jti
FROM "AccessTokens" AS a
WHERE a.jti = @__jti_0 AND a."UserID" = @__userId_1 AND NOT (a."IsRevoked") AND a."ExpiresAt" > now()
LIMIT 1
2026-06-23 13:51:35.834 +00:00 [INF] Executing endpoint 'API.Controllers.AuthController.Logout (API)'
2026-06-23 13:51:35.836 +00:00 [INF] Route matched with {action = "Logout", controller = "Auth"}. Executing controller action with signature System.Threading.Tasks.Task`1[Microsoft.AspNetCore.Mvc.IActionResult] Logout() on controller API.Controllers.AuthController (API).
2026-06-23 13:51:35.837 +00:00 [INF] Logged out at "2026-06-23T13:51:35.8375877Z"
2026-06-23 13:51:35.837 +00:00 [INF] Admin logout at "2026-06-23T13:51:35.8377706Z"
2026-06-23 13:51:35.841 +00:00 [INF] Executed DbCommand (2ms) [Parameters=[@__jti_0='?', @__userID_1='?' (DbType = Int32), @__deviceFingerprint_2='?', @__ipAddress_3='?'], CommandType='"Text"', CommandTimeout='30']
SELECT a."ID", a."CreatedAt", a."DeviceFingerprint", a."ExpiresAt", a."IpAddress", a."IsRevoked", a."UserID", a.jti
FROM "AccessTokens" AS a
WHERE a.jti = @__jti_0 AND a."UserID" = @__userID_1 AND a."DeviceFingerprint" = @__deviceFingerprint_2 AND a."IpAddress" = @__ipAddress_3
LIMIT 1
2026-06-23 13:51:35.841 +00:00 [INF] Attempting to revoke access token with jti 1143c8b7-9784-4b02-9839-243492966ab5 for user 1 from device QXaX3D0VCcOUi9BOlof91M3cEs811jcWDuDhmTTelXc= and IP ::ffff:172.20.0.1
2026-06-23 13:51:35.841 +00:00 [INF] Access token found: API.Models.AccessToken
2026-06-23 13:51:35.845 +00:00 [INF] Executed DbCommand (4ms) [Parameters=[@p1='?' (DbType = Int32), @p0='?' (DbType = Boolean)], CommandType='"Text"', CommandTimeout='30']
UPDATE "AccessTokens" SET "IsRevoked" = @p0
WHERE "ID" = @p1;
2026-06-23 13:51:35.848 +00:00 [INF] Executed DbCommand (1ms) [Parameters=[@__tokenHash_0='?', @__userId_1='?' (DbType = Int32), @__deviceFingerprint_2='?', @__ipAddress_3='?'], CommandType='"Text"', CommandTimeout='30']
SELECT r."ID", r."CreatedAt", r."DeviceFingerprint", r."ExpiresAt", r."IpAddress", r."IsRevoked", r."TokenHash", r."UserID"
FROM "RefreshTokens" AS r
WHERE r."TokenHash" = @__tokenHash_0 AND r."UserID" = @__userId_1 AND r."DeviceFingerprint" = @__deviceFingerprint_2 AND r."IpAddress" = @__ipAddress_3
LIMIT 1
2026-06-23 13:51:35.850 +00:00 [INF] Executed DbCommand (1ms) [Parameters=[@p1='?' (DbType = Int32), @p0='?' (DbType = Boolean)], CommandType='"Text"', CommandTimeout='30']
UPDATE "RefreshTokens" SET "IsRevoked" = @p0
WHERE "ID" = @p1;
2026-06-23 13:51:35.851 +00:00 [INF] User 1 logged out successfully at "2026-06-23T13:51:35.8510863Z"
2026-06-23 13:51:35.851 +00:00 [INF] Executing OkObjectResult, writing value of type 'System.Int32'.
2026-06-23 13:51:35.853 +00:00 [INF] Executed action API.Controllers.AuthController.Logout (API) in 16.0448ms
2026-06-23 13:51:35.853 +00:00 [INF] Executed endpoint 'API.Controllers.AuthController.Logout (API)'
2026-06-23 13:51:35.853 +00:00 [INF] Request finished HTTP/1.1 POST http://192.168.1.4:8080/api/auth/logout - 200 null application/json; charset=utf-8 42.2631ms
2026-06-23 16:59:59.446 +00:00 [INF] Request starting HTTP/1.1 OPTIONS http://192.168.1.4:8080/api/auth - null null
2026-06-23 16:59:59.448 +00:00 [INF] CORS policy execution successful.
2026-06-23 16:59:59.451 +00:00 [INF] Request finished HTTP/1.1 OPTIONS http://192.168.1.4:8080/api/auth - 204 null null 5.1225ms
2026-06-23 16:59:59.455 +00:00 [INF] Request starting HTTP/1.1 POST http://192.168.1.4:8080/api/auth - application/json 74
2026-06-23 16:59:59.456 +00:00 [INF] CORS policy execution successful.
2026-06-23 16:59:59.456 +00:00 [INF] ====== OnMessageReceived START ======
2026-06-23 16:59:59.457 +00:00 [INF] Available cookies: 0
2026-06-23 16:59:59.457 +00:00 [WRN] NO TOKEN FOUND IN COOKIES!
2026-06-23 16:59:59.457 +00:00 [INF] ====== OnMessageReceived END - Token set: false ======
2026-06-23 16:59:59.458 +00:00 [INF] Executing endpoint 'API.Controllers.AuthController.Authenticate (API)'
2026-06-23 16:59:59.459 +00:00 [INF] Route matched with {action = "Authenticate", controller = "Auth"}. Executing controller action with signature System.Threading.Tasks.Task`1[Microsoft.AspNetCore.Mvc.IActionResult] Authenticate(API.Models.RequestModels.LoginRequest) on controller API.Controllers.AuthController (API).
2026-06-23 16:59:59.464 +00:00 [INF] Authentication attempt for email: lengyelnorbi5@gmail.com
2026-06-23 16:59:59.465 +00:00 [INF] Fetching user by email from database...
2026-06-23 16:59:59.494 +00:00 [INF] Executed DbCommand (8ms) [Parameters=[@__email_0='?'], CommandType='"Text"', CommandTimeout='30']
SELECT u."ID", u."Email", u."PasswordHash", u."RegisteredAt", u."Role", u."Username"
FROM "Users" AS u
WHERE u."Email" = @__email_0
LIMIT 1
2026-06-23 16:59:59.495 +00:00 [INF] Mozilla/5.0 (Windows NT 10.0; Win64; x64; rv:152.0) Gecko/20100101 Firefox/152.0
2026-06-23 16:59:59.496 +00:00 [INF] Fetching user by email from database...
2026-06-23 16:59:59.498 +00:00 [INF] Executed DbCommand (1ms) [Parameters=[@__email_0='?'], CommandType='"Text"', CommandTimeout='30']
SELECT u."ID", u."Email", u."PasswordHash", u."RegisteredAt", u."Role", u."Username"
FROM "Users" AS u
WHERE u."Email" = @__email_0
LIMIT 1
2026-06-23 16:59:59.691 +00:00 [INF] Password verification completed: Valid
2026-06-23 16:59:59.701 +00:00 [INF] Executed DbCommand (5ms) [Parameters=[@p0='?' (DbType = DateTime), @p1='?', @p2='?' (DbType = DateTime), @p3='?', @p4='?' (DbType = Int32), @p5='?'], CommandType='"Text"', CommandTimeout='30']
INSERT INTO "AccessTokens" ("CreatedAt", "DeviceFingerprint", "ExpiresAt", "IpAddress", "UserID", jti)
VALUES (@p0, @p1, @p2, @p3, @p4, @p5)
RETURNING "ID", "IsRevoked";
2026-06-23 16:59:59.705 +00:00 [INF] Executed DbCommand (3ms) [Parameters=[@p0='?' (DbType = DateTime), @p1='?', @p2='?' (DbType = DateTime), @p3='?', @p4='?', @p5='?' (DbType = Int32)], CommandType='"Text"', CommandTimeout='30']
INSERT INTO "RefreshTokens" ("CreatedAt", "DeviceFingerprint", "ExpiresAt", "IpAddress", "TokenHash", "UserID")
VALUES (@p0, @p1, @p2, @p3, @p4, @p5)
RETURNING "ID", "IsRevoked";
2026-06-23 16:59:59.706 +00:00 [INF] Admin user lengyelnorbi5@gmail.com authenticated successfully from admin panel at "2026-06-23T16:59:59.7061183Z"
2026-06-23 16:59:59.706 +00:00 [INF] --------------------------------------------------------------------
2026-06-23 16:59:59.706 +00:00 [INF] eyJhbGciOiJIUzI1NiIsInR5cCI6IkpXVCJ9.eyJodHRwOi8vc2NoZW1hcy54bWxzb2FwLm9yZy93cy8yMDA1LzA1L2lkZW50aXR5L2NsYWltcy9uYW1laWRlbnRpZmllciI6IjEiLCJodHRwOi8vc2NoZW1hcy54bWxzb2FwLm9yZy93cy8yMDA1LzA1L2lkZW50aXR5L2NsYWltcy9lbWFpbGFkZHJlc3MiOiJsZW5neWVsbm9yYmk1QGdtYWlsLmNvbSIsImh0dHA6Ly9zY2hlbWFzLnhtbHNvYXAub3JnL3dzLzIwMDUvMDUvaWRlbnRpdHkvY2xhaW1zL25hbWUiOiJsZW5neWVsbm9yYmkiLCJqdGkiOiI1MjI1OTIzZC05ZjJkLTRjMzMtOGZiOC04OTI0MDQzZDZiYmQiLCJpYXQiOjE3ODIyMzM5OTksImV4cCI6MTc4MjIzNDI5OSwiaHR0cDovL3NjaGVtYXMubWljcm9zb2Z0LmNvbS93cy8yMDA4LzA2L2lkZW50aXR5L2NsYWltcy9yb2xlIjoiQWRtaW4iLCJTb3VyY2UiOiJhZG1pbiIsIkRldmljZUlkIjoiUVhhWDNEMFZDY09VaTlCT2xvZjkxTTNjRXM4MTFqY1dEdURobVRUZWxYYz0iLCJJUEFkZHJlc3MiOiI6OmZmZmY6MTcyLjIwLjAuMSIsIlRva2VuVmVyc2lvbiI6IjEiLCJpc3MiOiJNdXNpY1BsYXllckFQSSIsImF1ZCI6Ik11c2ljUGxheWVyQ2xpZW50In0.glId1z0I2IjMTD1kpd_-XVJk951AnehYqYYrYnvCCUs
2026-06-23 16:59:59.706 +00:00 [INF] uyUSg7PgBVapnc/+dx7ArQXTEUnSZN6+1tKe4qB8ds4=
2026-06-23 16:59:59.707 +00:00 [INF] Source: admin
2026-06-23 16:59:59.707 +00:00 [INF] Access Token expires at: "2026-06-23T17:04:59.6923318Z"
2026-06-23 16:59:59.707 +00:00 [INF] Refresh Token expires at: "2026-06-24T00:59:59.7024735Z"
2026-06-23 16:59:59.707 +00:00 [INF] tokenCookieName: adminToken
2026-06-23 16:59:59.707 +00:00 [INF] refreshTokenCookieName: adminRefreshToken
2026-06-23 16:59:59.707 +00:00 [INF] Refresh token hash stored in cookie: uyUSg7PgBVapnc/+dx7ArQXTEUnSZN6+1tKe4qB8ds4=
2026-06-23 16:59:59.707 +00:00 [INF] --------------------------------------------------------------------
2026-06-23 16:59:59.708 +00:00 [INF] Executing OkObjectResult, writing value of type '<>f__AnonymousType1`4[[System.Boolean, System.Private.CoreLib, Version=9.0.0.0, Culture=neutral, PublicKeyToken=7cec85d7bea7798e],[System.Int32, System.Private.CoreLib, Version=9.0.0.0, Culture=neutral, PublicKeyToken=7cec85d7bea7798e],[System.Int32, System.Private.CoreLib, Version=9.0.0.0, Culture=neutral, PublicKeyToken=7cec85d7bea7798e],[<>f__AnonymousType2`3[[System.Int32, System.Private.CoreLib, Version=9.0.0.0, Culture=neutral, PublicKeyToken=7cec85d7bea7798e],[System.String, System.Private.CoreLib, Version=9.0.0.0, Culture=neutral, PublicKeyToken=7cec85d7bea7798e],[System.String, System.Private.CoreLib, Version=9.0.0.0, Culture=neutral, PublicKeyToken=7cec85d7bea7798e]], API, Version=1.0.0.0, Culture=neutral, PublicKeyToken=null]]'.
2026-06-23 16:59:59.709 +00:00 [INF] Executed action API.Controllers.AuthController.Authenticate (API) in 249.6188ms
2026-06-23 16:59:59.709 +00:00 [INF] Executed endpoint 'API.Controllers.AuthController.Authenticate (API)'
2026-06-23 16:59:59.709 +00:00 [INF] Request finished HTTP/1.1 POST http://192.168.1.4:8080/api/auth - 200 null application/json; charset=utf-8 253.6266ms
2026-06-23 17:04:29.900 +00:00 [INF] Request starting HTTP/1.1 OPTIONS http://192.168.1.4:8080/api/auth/refresh - null null
2026-06-23 17:04:29.901 +00:00 [INF] CORS policy execution successful.
2026-06-23 17:04:29.901 +00:00 [INF] Request finished HTTP/1.1 OPTIONS http://192.168.1.4:8080/api/auth/refresh - 204 null null 0.6541ms
2026-06-23 17:04:29.903 +00:00 [INF] Request starting HTTP/1.1 POST http://192.168.1.4:8080/api/auth/refresh - application/json 18
2026-06-23 17:04:29.904 +00:00 [INF] CORS policy execution successful.
2026-06-23 17:04:29.904 +00:00 [INF] ====== OnMessageReceived START ======
2026-06-23 17:04:29.904 +00:00 [INF] Available cookies: 2
2026-06-23 17:04:29.904 +00:00 [INF] Cookie: adminToken = 844 chars
2026-06-23 17:04:29.904 +00:00 [INF] Cookie: adminRefreshToken = 44 chars
2026-06-23 17:04:29.904 +00:00 [INF] Admin token found in cookies, length: 844
2026-06-23 17:04:29.904 +00:00 [INF] Admin token set in context
2026-06-23 17:04:29.905 +00:00 [INF] ====== OnMessageReceived END - Token set: true ======
2026-06-23 17:04:29.906 +00:00 [INF] Token validated successfully for user: lengyelnorbi
2026-06-23 17:04:29.906 +00:00 [INF] Device fingerprint headers - UA: Mozilla/5.0 (Windows NT 10.0; Win64; x64; rv:152.0) Gecko/20100101 Firefox/152.0, Accept: */*, Encoding: gzip, deflate
2026-06-23 17:04:29.906 +00:00 [INF] Device fingerprint validation: Stored=QXaX3D0VCcOUi9BOlof91M3cEs811jcWDuDhmTTelXc=, Current=QXaX3D0VCcOUi9BOlof91M3cEs811jcWDuDhmTTelXc=
2026-06-23 17:04:29.909 +00:00 [INF] Executed DbCommand (2ms) [Parameters=[@__jti_0='?', @__userId_1='?' (DbType = Int32)], CommandType='"Text"', CommandTimeout='30']
SELECT a."ID", a."CreatedAt", a."DeviceFingerprint", a."ExpiresAt", a."IpAddress", a."IsRevoked", a."UserID", a.jti
FROM "AccessTokens" AS a
WHERE a.jti = @__jti_0 AND a."UserID" = @__userId_1 AND NOT (a."IsRevoked") AND a."ExpiresAt" > now()
LIMIT 1
2026-06-23 17:04:29.910 +00:00 [INF] Executing endpoint 'API.Controllers.AuthController.RefreshToken (API)'
2026-06-23 17:04:29.910 +00:00 [INF] Route matched with {action = "RefreshToken", controller = "Auth"}. Executing controller action with signature System.Threading.Tasks.Task`1[Microsoft.AspNetCore.Mvc.IActionResult] RefreshToken(API.Models.RequestModels.RefreshRequest) on controller API.Controllers.AuthController (API).
2026-06-23 17:04:29.911 +00:00 [INF] Token refresh attempt at "2026-06-23T17:04:29.9112238Z"
2026-06-23 17:04:29.911 +00:00 [INF] Refreshing admin token at "2026-06-23T17:04:29.9113945Z"
2026-06-23 17:04:29.913 +00:00 [INF] Executed DbCommand (2ms) [Parameters=[@__tokenHash_0='?'], CommandType='"Text"', CommandTimeout='30']
SELECT r."ID", r."CreatedAt", r."DeviceFingerprint", r."ExpiresAt", r."IpAddress", r."IsRevoked", r."TokenHash", r."UserID"
FROM "RefreshTokens" AS r
WHERE r."TokenHash" = @__tokenHash_0 AND NOT (r."IsRevoked") AND r."ExpiresAt" > now()
ORDER BY r."CreatedAt" DESC
LIMIT 1
2026-06-23 17:04:29.913 +00:00 [INF] Mozilla/5.0 (Windows NT 10.0; Win64; x64; rv:152.0) Gecko/20100101 Firefox/152.0
2026-06-23 17:04:29.914 +00:00 [INF] Fetching user by ID from database...
2026-06-23 17:04:29.915 +00:00 [INF] Executed DbCommand (1ms) [Parameters=[@__id_0='?' (DbType = Int32)], CommandType='"Text"', CommandTimeout='30']
SELECT u."ID", u."Email", u."PasswordHash", u."RegisteredAt", u."Role", u."Username"
FROM "Users" AS u
WHERE u."ID" = @__id_0
LIMIT 1
2026-06-23 17:04:29.918 +00:00 [INF] Executed DbCommand (2ms) [Parameters=[@p0='?' (DbType = DateTime), @p1='?', @p2='?' (DbType = DateTime), @p3='?', @p4='?' (DbType = Int32), @p5='?'], CommandType='"Text"', CommandTimeout='30']
INSERT INTO "AccessTokens" ("CreatedAt", "DeviceFingerprint", "ExpiresAt", "IpAddress", "UserID", jti)
VALUES (@p0, @p1, @p2, @p3, @p4, @p5)
RETURNING "ID", "IsRevoked";
2026-06-23 17:04:29.919 +00:00 [INF] Executed DbCommand (1ms) [Parameters=[@__jti_0='?', @__userID_1='?' (DbType = Int32), @__deviceFingerprint_2='?', @__ipAddress_3='?'], CommandType='"Text"', CommandTimeout='30']
SELECT a."ID", a."CreatedAt", a."DeviceFingerprint", a."ExpiresAt", a."IpAddress", a."IsRevoked", a."UserID", a.jti
FROM "AccessTokens" AS a
WHERE a.jti = @__jti_0 AND a."UserID" = @__userID_1 AND a."DeviceFingerprint" = @__deviceFingerprint_2 AND a."IpAddress" = @__ipAddress_3
LIMIT 1
2026-06-23 17:04:29.919 +00:00 [INF] Attempting to revoke access token with jti 5225923d-9f2d-4c33-8fb8-8924043d6bbd for user 1 from device QXaX3D0VCcOUi9BOlof91M3cEs811jcWDuDhmTTelXc= and IP ::ffff:172.20.0.1
2026-06-23 17:04:29.919 +00:00 [INF] Access token found: API.Models.AccessToken
2026-06-23 17:04:29.922 +00:00 [INF] Executed DbCommand (2ms) [Parameters=[@p1='?' (DbType = Int32), @p0='?' (DbType = Boolean)], CommandType='"Text"', CommandTimeout='30']
UPDATE "AccessTokens" SET "IsRevoked" = @p0
WHERE "ID" = @p1;
2026-06-23 17:04:29.922 +00:00 [INF] Access token AccessToken for user 1 revoked: true
2026-06-23 17:04:29.924 +00:00 [INF] Executed DbCommand (2ms) [Parameters=[@p0='?' (DbType = DateTime), @p1='?', @p2='?' (DbType = DateTime), @p3='?', @p4='?', @p5='?' (DbType = Int32)], CommandType='"Text"', CommandTimeout='30']
INSERT INTO "RefreshTokens" ("CreatedAt", "DeviceFingerprint", "ExpiresAt", "IpAddress", "TokenHash", "UserID")
VALUES (@p0, @p1, @p2, @p3, @p4, @p5)
RETURNING "ID", "IsRevoked";
2026-06-23 17:04:29.926 +00:00 [INF] Executed DbCommand (1ms) [Parameters=[@__tokenHash_0='?', @__userId_1='?' (DbType = Int32), @__deviceFingerprint_2='?', @__ipAddress_3='?'], CommandType='"Text"', CommandTimeout='30']
SELECT r."ID", r."CreatedAt", r."DeviceFingerprint", r."ExpiresAt", r."IpAddress", r."IsRevoked", r."TokenHash", r."UserID"
FROM "RefreshTokens" AS r
WHERE r."TokenHash" = @__tokenHash_0 AND r."UserID" = @__userId_1 AND r."DeviceFingerprint" = @__deviceFingerprint_2 AND r."IpAddress" = @__ipAddress_3
LIMIT 1
2026-06-23 17:04:29.928 +00:00 [INF] Executed DbCommand (1ms) [Parameters=[@p1='?' (DbType = Int32), @p0='?' (DbType = Boolean)], CommandType='"Text"', CommandTimeout='30']
UPDATE "RefreshTokens" SET "IsRevoked" = @p0
WHERE "ID" = @p1;
2026-06-23 17:04:29.928 +00:00 [INF] Refresh token uyUSg7PgBVapnc/+dx7ArQXTEUnSZN6+1tKe4qB8ds4= for user 1 revoked: true
2026-06-23 17:04:29.928 +00:00 [INF] Token refreshed successfully for user 1 at "2026-06-23T17:04:29.9284794Z"
2026-06-23 17:04:29.928 +00:00 [INF] Executing OkObjectResult, writing value of type '<>f__AnonymousType3`2[[System.Boolean, System.Private.CoreLib, Version=9.0.0.0, Culture=neutral, PublicKeyToken=7cec85d7bea7798e],[System.Int32, System.Private.CoreLib, Version=9.0.0.0, Culture=neutral, PublicKeyToken=7cec85d7bea7798e]]'.
2026-06-23 17:04:29.928 +00:00 [INF] Executed action API.Controllers.AuthController.RefreshToken (API) in 18.1354ms
2026-06-23 17:04:29.929 +00:00 [INF] Executed endpoint 'API.Controllers.AuthController.RefreshToken (API)'
2026-06-23 17:04:29.929 +00:00 [INF] Request finished HTTP/1.1 POST http://192.168.1.4:8080/api/auth/refresh - 200 null application/json; charset=utf-8 25.4646ms
2026-06-23 17:09:00.085 +00:00 [INF] Request starting HTTP/1.1 OPTIONS http://192.168.1.4:8080/api/auth/refresh - null null
2026-06-23 17:09:00.086 +00:00 [INF] CORS policy execution successful.
2026-06-23 17:09:00.086 +00:00 [INF] Request finished HTTP/1.1 OPTIONS http://192.168.1.4:8080/api/auth/refresh - 204 null null 0.8828ms
2026-06-23 17:09:00.089 +00:00 [INF] Request starting HTTP/1.1 POST http://192.168.1.4:8080/api/auth/refresh - application/json 18
2026-06-23 17:09:00.089 +00:00 [INF] CORS policy execution successful.
2026-06-23 17:09:00.089 +00:00 [INF] ====== OnMessageReceived START ======
2026-06-23 17:09:00.089 +00:00 [INF] Available cookies: 2
2026-06-23 17:09:00.089 +00:00 [INF] Cookie: adminToken = 844 chars
2026-06-23 17:09:00.090 +00:00 [INF] Cookie: adminRefreshToken = 44 chars
2026-06-23 17:09:00.090 +00:00 [INF] Admin token found in cookies, length: 844
2026-06-23 17:09:00.090 +00:00 [INF] Admin token set in context
2026-06-23 17:09:00.090 +00:00 [INF] ====== OnMessageReceived END - Token set: true ======
2026-06-23 17:09:00.090 +00:00 [INF] Token validated successfully for user: lengyelnorbi
2026-06-23 17:09:00.090 +00:00 [INF] Device fingerprint headers - UA: Mozilla/5.0 (Windows NT 10.0; Win64; x64; rv:152.0) Gecko/20100101 Firefox/152.0, Accept: */*, Encoding: gzip, deflate
2026-06-23 17:09:00.091 +00:00 [INF] Device fingerprint validation: Stored=QXaX3D0VCcOUi9BOlof91M3cEs811jcWDuDhmTTelXc=, Current=QXaX3D0VCcOUi9BOlof91M3cEs811jcWDuDhmTTelXc=
2026-06-23 17:09:00.101 +00:00 [INF] Executed DbCommand (2ms) [Parameters=[@__jti_0='?', @__userId_1='?' (DbType = Int32)], CommandType='"Text"', CommandTimeout='30']
SELECT a."ID", a."CreatedAt", a."DeviceFingerprint", a."ExpiresAt", a."IpAddress", a."IsRevoked", a."UserID", a.jti
FROM "AccessTokens" AS a
WHERE a.jti = @__jti_0 AND a."UserID" = @__userId_1 AND NOT (a."IsRevoked") AND a."ExpiresAt" > now()
LIMIT 1
2026-06-23 17:09:00.102 +00:00 [INF] Executing endpoint 'API.Controllers.AuthController.RefreshToken (API)'
2026-06-23 17:09:00.102 +00:00 [INF] Route matched with {action = "RefreshToken", controller = "Auth"}. Executing controller action with signature System.Threading.Tasks.Task`1[Microsoft.AspNetCore.Mvc.IActionResult] RefreshToken(API.Models.RequestModels.RefreshRequest) on controller API.Controllers.AuthController (API).
2026-06-23 17:09:00.102 +00:00 [INF] Token refresh attempt at "2026-06-23T17:09:00.1027074Z"
2026-06-23 17:09:00.102 +00:00 [INF] Refreshing admin token at "2026-06-23T17:09:00.1028470Z"
2026-06-23 17:09:00.104 +00:00 [INF] Executed DbCommand (1ms) [Parameters=[@__tokenHash_0='?'], CommandType='"Text"', CommandTimeout='30']
SELECT r."ID", r."CreatedAt", r."DeviceFingerprint", r."ExpiresAt", r."IpAddress", r."IsRevoked", r."TokenHash", r."UserID"
FROM "RefreshTokens" AS r
WHERE r."TokenHash" = @__tokenHash_0 AND NOT (r."IsRevoked") AND r."ExpiresAt" > now()
ORDER BY r."CreatedAt" DESC
LIMIT 1
2026-06-23 17:09:00.104 +00:00 [INF] Mozilla/5.0 (Windows NT 10.0; Win64; x64; rv:152.0) Gecko/20100101 Firefox/152.0
2026-06-23 17:09:00.104 +00:00 [INF] Fetching user by ID from database...
2026-06-23 17:09:00.106 +00:00 [INF] Executed DbCommand (1ms) [Parameters=[@__id_0='?' (DbType = Int32)], CommandType='"Text"', CommandTimeout='30']
SELECT u."ID", u."Email", u."PasswordHash", u."RegisteredAt", u."Role", u."Username"
FROM "Users" AS u
WHERE u."ID" = @__id_0
LIMIT 1
2026-06-23 17:09:00.109 +00:00 [INF] Executed DbCommand (2ms) [Parameters=[@p0='?' (DbType = DateTime), @p1='?', @p2='?' (DbType = DateTime), @p3='?', @p4='?' (DbType = Int32), @p5='?'], CommandType='"Text"', CommandTimeout='30']
INSERT INTO "AccessTokens" ("CreatedAt", "DeviceFingerprint", "ExpiresAt", "IpAddress", "UserID", jti)
VALUES (@p0, @p1, @p2, @p3, @p4, @p5)
RETURNING "ID", "IsRevoked";
2026-06-23 17:09:00.110 +00:00 [INF] Executed DbCommand (1ms) [Parameters=[@__jti_0='?', @__userID_1='?' (DbType = Int32), @__deviceFingerprint_2='?', @__ipAddress_3='?'], CommandType='"Text"', CommandTimeout='30']
SELECT a."ID", a."CreatedAt", a."DeviceFingerprint", a."ExpiresAt", a."IpAddress", a."IsRevoked", a."UserID", a.jti
FROM "AccessTokens" AS a
WHERE a.jti = @__jti_0 AND a."UserID" = @__userID_1 AND a."DeviceFingerprint" = @__deviceFingerprint_2 AND a."IpAddress" = @__ipAddress_3
LIMIT 1
2026-06-23 17:09:00.110 +00:00 [INF] Attempting to revoke access token with jti e9a5957d-9c9e-45da-99e6-8bc7ab61aa36 for user 1 from device QXaX3D0VCcOUi9BOlof91M3cEs811jcWDuDhmTTelXc= and IP ::ffff:172.20.0.1
2026-06-23 17:09:00.110 +00:00 [INF] Access token found: API.Models.AccessToken
2026-06-23 17:09:00.112 +00:00 [INF] Executed DbCommand (2ms) [Parameters=[@p1='?' (DbType = Int32), @p0='?' (DbType = Boolean)], CommandType='"Text"', CommandTimeout='30']
UPDATE "AccessTokens" SET "IsRevoked" = @p0
WHERE "ID" = @p1;
2026-06-23 17:09:00.113 +00:00 [INF] Access token AccessToken for user 1 revoked: true
2026-06-23 17:09:00.115 +00:00 [INF] Executed DbCommand (1ms) [Parameters=[@p0='?' (DbType = DateTime), @p1='?', @p2='?' (DbType = DateTime), @p3='?', @p4='?', @p5='?' (DbType = Int32)], CommandType='"Text"', CommandTimeout='30']
INSERT INTO "RefreshTokens" ("CreatedAt", "DeviceFingerprint", "ExpiresAt", "IpAddress", "TokenHash", "UserID")
VALUES (@p0, @p1, @p2, @p3, @p4, @p5)
RETURNING "ID", "IsRevoked";
2026-06-23 17:09:00.116 +00:00 [INF] Executed DbCommand (1ms) [Parameters=[@__tokenHash_0='?', @__userId_1='?' (DbType = Int32), @__deviceFingerprint_2='?', @__ipAddress_3='?'], CommandType='"Text"', CommandTimeout='30']
SELECT r."ID", r."CreatedAt", r."DeviceFingerprint", r."ExpiresAt", r."IpAddress", r."IsRevoked", r."TokenHash", r."UserID"
FROM "RefreshTokens" AS r
WHERE r."TokenHash" = @__tokenHash_0 AND r."UserID" = @__userId_1 AND r."DeviceFingerprint" = @__deviceFingerprint_2 AND r."IpAddress" = @__ipAddress_3
LIMIT 1
2026-06-23 17:09:00.118 +00:00 [INF] Executed DbCommand (1ms) [Parameters=[@p1='?' (DbType = Int32), @p0='?' (DbType = Boolean)], CommandType='"Text"', CommandTimeout='30']
UPDATE "RefreshTokens" SET "IsRevoked" = @p0
WHERE "ID" = @p1;
2026-06-23 17:09:00.118 +00:00 [INF] Refresh token X18agBVsrG0YLIDuiZv0DJYuPtWgZFih9jSvDBr8g8Y= for user 1 revoked: true
2026-06-23 17:09:00.118 +00:00 [INF] Token refreshed successfully for user 1 at "2026-06-23T17:09:00.1184564Z"
2026-06-23 17:09:00.118 +00:00 [INF] Executing OkObjectResult, writing value of type '<>f__AnonymousType3`2[[System.Boolean, System.Private.CoreLib, Version=9.0.0.0, Culture=neutral, PublicKeyToken=7cec85d7bea7798e],[System.Int32, System.Private.CoreLib, Version=9.0.0.0, Culture=neutral, PublicKeyToken=7cec85d7bea7798e]]'.
2026-06-23 17:09:00.118 +00:00 [INF] Executed action API.Controllers.AuthController.RefreshToken (API) in 16.403ms
2026-06-23 17:09:00.119 +00:00 [INF] Executed endpoint 'API.Controllers.AuthController.RefreshToken (API)'
2026-06-23 17:09:00.119 +00:00 [INF] Request finished HTTP/1.1 POST http://192.168.1.4:8080/api/auth/refresh - 200 null application/json; charset=utf-8 29.8752ms
2026-06-23 17:13:30.265 +00:00 [INF] Request starting HTTP/1.1 OPTIONS http://192.168.1.4:8080/api/auth/refresh - null null
2026-06-23 17:13:30.265 +00:00 [INF] CORS policy execution successful.
2026-06-23 17:13:30.265 +00:00 [INF] Request finished HTTP/1.1 OPTIONS http://192.168.1.4:8080/api/auth/refresh - 204 null null 0.7086ms
2026-06-23 17:13:30.268 +00:00 [INF] Request starting HTTP/1.1 POST http://192.168.1.4:8080/api/auth/refresh - application/json 18
2026-06-23 17:13:30.268 +00:00 [INF] CORS policy execution successful.
2026-06-23 17:13:30.268 +00:00 [INF] ====== OnMessageReceived START ======
2026-06-23 17:13:30.268 +00:00 [INF] Available cookies: 2
2026-06-23 17:13:30.268 +00:00 [INF] Cookie: adminToken = 844 chars
2026-06-23 17:13:30.268 +00:00 [INF] Cookie: adminRefreshToken = 44 chars
2026-06-23 17:13:30.269 +00:00 [INF] Admin token found in cookies, length: 844
2026-06-23 17:13:30.269 +00:00 [INF] Admin token set in context
2026-06-23 17:13:30.269 +00:00 [INF] ====== OnMessageReceived END - Token set: true ======
2026-06-23 17:13:30.269 +00:00 [INF] Token validated successfully for user: lengyelnorbi
2026-06-23 17:13:30.269 +00:00 [INF] Device fingerprint headers - UA: Mozilla/5.0 (Windows NT 10.0; Win64; x64; rv:152.0) Gecko/20100101 Firefox/152.0, Accept: */*, Encoding: gzip, deflate
2026-06-23 17:13:30.269 +00:00 [INF] Device fingerprint validation: Stored=QXaX3D0VCcOUi9BOlof91M3cEs811jcWDuDhmTTelXc=, Current=QXaX3D0VCcOUi9BOlof91M3cEs811jcWDuDhmTTelXc=
2026-06-23 17:13:30.272 +00:00 [INF] Executed DbCommand (1ms) [Parameters=[@__jti_0='?', @__userId_1='?' (DbType = Int32)], CommandType='"Text"', CommandTimeout='30']
SELECT a."ID", a."CreatedAt", a."DeviceFingerprint", a."ExpiresAt", a."IpAddress", a."IsRevoked", a."UserID", a.jti
FROM "AccessTokens" AS a
WHERE a.jti = @__jti_0 AND a."UserID" = @__userId_1 AND NOT (a."IsRevoked") AND a."ExpiresAt" > now()
LIMIT 1
2026-06-23 17:13:30.272 +00:00 [INF] Executing endpoint 'API.Controllers.AuthController.RefreshToken (API)'
2026-06-23 17:13:30.272 +00:00 [INF] Route matched with {action = "RefreshToken", controller = "Auth"}. Executing controller action with signature System.Threading.Tasks.Task`1[Microsoft.AspNetCore.Mvc.IActionResult] RefreshToken(API.Models.RequestModels.RefreshRequest) on controller API.Controllers.AuthController (API).
2026-06-23 17:13:30.273 +00:00 [INF] Token refresh attempt at "2026-06-23T17:13:30.2730891Z"
2026-06-23 17:13:30.273 +00:00 [INF] Refreshing admin token at "2026-06-23T17:13:30.2732257Z"
2026-06-23 17:13:30.274 +00:00 [INF] Executed DbCommand (1ms) [Parameters=[@__tokenHash_0='?'], CommandType='"Text"', CommandTimeout='30']
SELECT r."ID", r."CreatedAt", r."DeviceFingerprint", r."ExpiresAt", r."IpAddress", r."IsRevoked", r."TokenHash", r."UserID"
FROM "RefreshTokens" AS r
WHERE r."TokenHash" = @__tokenHash_0 AND NOT (r."IsRevoked") AND r."ExpiresAt" > now()
ORDER BY r."CreatedAt" DESC
LIMIT 1
2026-06-23 17:13:30.274 +00:00 [INF] Mozilla/5.0 (Windows NT 10.0; Win64; x64; rv:152.0) Gecko/20100101 Firefox/152.0
2026-06-23 17:13:30.274 +00:00 [INF] Fetching user by ID from database...
2026-06-23 17:13:30.275 +00:00 [INF] Executed DbCommand (1ms) [Parameters=[@__id_0='?' (DbType = Int32)], CommandType='"Text"', CommandTimeout='30']
SELECT u."ID", u."Email", u."PasswordHash", u."RegisteredAt", u."Role", u."Username"
FROM "Users" AS u
WHERE u."ID" = @__id_0
LIMIT 1
2026-06-23 17:13:30.279 +00:00 [INF] Executed DbCommand (3ms) [Parameters=[@p0='?' (DbType = DateTime), @p1='?', @p2='?' (DbType = DateTime), @p3='?', @p4='?' (DbType = Int32), @p5='?'], CommandType='"Text"', CommandTimeout='30']
INSERT INTO "AccessTokens" ("CreatedAt", "DeviceFingerprint", "ExpiresAt", "IpAddress", "UserID", jti)
VALUES (@p0, @p1, @p2, @p3, @p4, @p5)
RETURNING "ID", "IsRevoked";
2026-06-23 17:13:30.281 +00:00 [INF] Executed DbCommand (1ms) [Parameters=[@__jti_0='?', @__userID_1='?' (DbType = Int32), @__deviceFingerprint_2='?', @__ipAddress_3='?'], CommandType='"Text"', CommandTimeout='30']
SELECT a."ID", a."CreatedAt", a."DeviceFingerprint", a."ExpiresAt", a."IpAddress", a."IsRevoked", a."UserID", a.jti
FROM "AccessTokens" AS a
WHERE a.jti = @__jti_0 AND a."UserID" = @__userID_1 AND a."DeviceFingerprint" = @__deviceFingerprint_2 AND a."IpAddress" = @__ipAddress_3
LIMIT 1
2026-06-23 17:13:30.281 +00:00 [INF] Attempting to revoke access token with jti a37ce659-969f-4446-96f1-1c7b0c0b1a8f for user 1 from device QXaX3D0VCcOUi9BOlof91M3cEs811jcWDuDhmTTelXc= and IP ::ffff:172.20.0.1
2026-06-23 17:13:30.281 +00:00 [INF] Access token found: API.Models.AccessToken
2026-06-23 17:13:30.283 +00:00 [INF] Executed DbCommand (2ms) [Parameters=[@p1='?' (DbType = Int32), @p0='?' (DbType = Boolean)], CommandType='"Text"', CommandTimeout='30']
UPDATE "AccessTokens" SET "IsRevoked" = @p0
WHERE "ID" = @p1;
2026-06-23 17:13:30.283 +00:00 [INF] Access token AccessToken for user 1 revoked: true
2026-06-23 17:13:30.285 +00:00 [INF] Executed DbCommand (1ms) [Parameters=[@p0='?' (DbType = DateTime), @p1='?', @p2='?' (DbType = DateTime), @p3='?', @p4='?', @p5='?' (DbType = Int32)], CommandType='"Text"', CommandTimeout='30']
INSERT INTO "RefreshTokens" ("CreatedAt", "DeviceFingerprint", "ExpiresAt", "IpAddress", "TokenHash", "UserID")
VALUES (@p0, @p1, @p2, @p3, @p4, @p5)
RETURNING "ID", "IsRevoked";
2026-06-23 17:13:30.286 +00:00 [INF] Executed DbCommand (1ms) [Parameters=[@__tokenHash_0='?', @__userId_1='?' (DbType = Int32), @__deviceFingerprint_2='?', @__ipAddress_3='?'], CommandType='"Text"', CommandTimeout='30']
SELECT r."ID", r."CreatedAt", r."DeviceFingerprint", r."ExpiresAt", r."IpAddress", r."IsRevoked", r."TokenHash", r."UserID"
FROM "RefreshTokens" AS r
WHERE r."TokenHash" = @__tokenHash_0 AND r."UserID" = @__userId_1 AND r."DeviceFingerprint" = @__deviceFingerprint_2 AND r."IpAddress" = @__ipAddress_3
LIMIT 1
2026-06-23 17:13:30.288 +00:00 [INF] Executed DbCommand (1ms) [Parameters=[@p1='?' (DbType = Int32), @p0='?' (DbType = Boolean)], CommandType='"Text"', CommandTimeout='30']
UPDATE "RefreshTokens" SET "IsRevoked" = @p0
WHERE "ID" = @p1;
2026-06-23 17:13:30.288 +00:00 [INF] Refresh token WafaehJXBWMQuTdzm5BDyERgCZwPLIhwYJ+24S632fw= for user 1 revoked: true
2026-06-23 17:13:30.288 +00:00 [INF] Token refreshed successfully for user 1 at "2026-06-23T17:13:30.2885901Z"
2026-06-23 17:13:30.288 +00:00 [INF] Executing OkObjectResult, writing value of type '<>f__AnonymousType3`2[[System.Boolean, System.Private.CoreLib, Version=9.0.0.0, Culture=neutral, PublicKeyToken=7cec85d7bea7798e],[System.Int32, System.Private.CoreLib, Version=9.0.0.0, Culture=neutral, PublicKeyToken=7cec85d7bea7798e]]'.
2026-06-23 17:13:30.289 +00:00 [INF] Executed action API.Controllers.AuthController.RefreshToken (API) in 16.1594ms
2026-06-23 17:13:30.289 +00:00 [INF] Executed endpoint 'API.Controllers.AuthController.RefreshToken (API)'
2026-06-23 17:13:30.289 +00:00 [INF] Request finished HTTP/1.1 POST http://192.168.1.4:8080/api/auth/refresh - 200 null application/json; charset=utf-8 21.3379ms
2026-06-23 17:18:00.528 +00:00 [INF] Request starting HTTP/1.1 OPTIONS http://192.168.1.4:8080/api/auth/refresh - null null
2026-06-23 17:18:00.528 +00:00 [INF] CORS policy execution successful.
2026-06-23 17:18:00.528 +00:00 [INF] Request finished HTTP/1.1 OPTIONS http://192.168.1.4:8080/api/auth/refresh - 204 null null 0.6366ms
2026-06-23 17:18:00.531 +00:00 [INF] Request starting HTTP/1.1 POST http://192.168.1.4:8080/api/auth/refresh - application/json 18
2026-06-23 17:18:00.531 +00:00 [INF] CORS policy execution successful.
2026-06-23 17:18:00.532 +00:00 [INF] ====== OnMessageReceived START ======
2026-06-23 17:18:00.532 +00:00 [INF] Available cookies: 2
2026-06-23 17:18:00.532 +00:00 [INF] Cookie: adminToken = 844 chars
2026-06-23 17:18:00.532 +00:00 [INF] Cookie: adminRefreshToken = 44 chars
2026-06-23 17:18:00.532 +00:00 [INF] Admin token found in cookies, length: 844
2026-06-23 17:18:00.532 +00:00 [INF] Admin token set in context
2026-06-23 17:18:00.532 +00:00 [INF] ====== OnMessageReceived END - Token set: true ======
2026-06-23 17:18:00.533 +00:00 [INF] Token validated successfully for user: lengyelnorbi
2026-06-23 17:18:00.533 +00:00 [INF] Device fingerprint headers - UA: Mozilla/5.0 (Windows NT 10.0; Win64; x64; rv:152.0) Gecko/20100101 Firefox/152.0, Accept: */*, Encoding: gzip, deflate
2026-06-23 17:18:00.533 +00:00 [INF] Device fingerprint validation: Stored=QXaX3D0VCcOUi9BOlof91M3cEs811jcWDuDhmTTelXc=, Current=QXaX3D0VCcOUi9BOlof91M3cEs811jcWDuDhmTTelXc=
2026-06-23 17:18:00.544 +00:00 [INF] Executed DbCommand (3ms) [Parameters=[@__jti_0='?', @__userId_1='?' (DbType = Int32)], CommandType='"Text"', CommandTimeout='30']
SELECT a."ID", a."CreatedAt", a."DeviceFingerprint", a."ExpiresAt", a."IpAddress", a."IsRevoked", a."UserID", a.jti
FROM "AccessTokens" AS a
WHERE a.jti = @__jti_0 AND a."UserID" = @__userId_1 AND NOT (a."IsRevoked") AND a."ExpiresAt" > now()
LIMIT 1
2026-06-23 17:18:00.545 +00:00 [INF] Executing endpoint 'API.Controllers.AuthController.RefreshToken (API)'
2026-06-23 17:18:00.545 +00:00 [INF] Route matched with {action = "RefreshToken", controller = "Auth"}. Executing controller action with signature System.Threading.Tasks.Task`1[Microsoft.AspNetCore.Mvc.IActionResult] RefreshToken(API.Models.RequestModels.RefreshRequest) on controller API.Controllers.AuthController (API).
2026-06-23 17:18:00.545 +00:00 [INF] Token refresh attempt at "2026-06-23T17:18:00.5457084Z"
2026-06-23 17:18:00.545 +00:00 [INF] Refreshing admin token at "2026-06-23T17:18:00.5458460Z"
2026-06-23 17:18:00.547 +00:00 [INF] Executed DbCommand (1ms) [Parameters=[@__tokenHash_0='?'], CommandType='"Text"', CommandTimeout='30']
SELECT r."ID", r."CreatedAt", r."DeviceFingerprint", r."ExpiresAt", r."IpAddress", r."IsRevoked", r."TokenHash", r."UserID"
FROM "RefreshTokens" AS r
WHERE r."TokenHash" = @__tokenHash_0 AND NOT (r."IsRevoked") AND r."ExpiresAt" > now()
ORDER BY r."CreatedAt" DESC
LIMIT 1
2026-06-23 17:18:00.547 +00:00 [INF] Mozilla/5.0 (Windows NT 10.0; Win64; x64; rv:152.0) Gecko/20100101 Firefox/152.0
2026-06-23 17:18:00.548 +00:00 [INF] Fetching user by ID from database...
2026-06-23 17:18:00.549 +00:00 [INF] Executed DbCommand (1ms) [Parameters=[@__id_0='?' (DbType = Int32)], CommandType='"Text"', CommandTimeout='30']
SELECT u."ID", u."Email", u."PasswordHash", u."RegisteredAt", u."Role", u."Username"
FROM "Users" AS u
WHERE u."ID" = @__id_0
LIMIT 1
2026-06-23 17:18:00.552 +00:00 [INF] Executed DbCommand (3ms) [Parameters=[@p0='?' (DbType = DateTime), @p1='?', @p2='?' (DbType = DateTime), @p3='?', @p4='?' (DbType = Int32), @p5='?'], CommandType='"Text"', CommandTimeout='30']
INSERT INTO "AccessTokens" ("CreatedAt", "DeviceFingerprint", "ExpiresAt", "IpAddress", "UserID", jti)
VALUES (@p0, @p1, @p2, @p3, @p4, @p5)
RETURNING "ID", "IsRevoked";
2026-06-23 17:18:00.553 +00:00 [INF] Executed DbCommand (1ms) [Parameters=[@__jti_0='?', @__userID_1='?' (DbType = Int32), @__deviceFingerprint_2='?', @__ipAddress_3='?'], CommandType='"Text"', CommandTimeout='30']
SELECT a."ID", a."CreatedAt", a."DeviceFingerprint", a."ExpiresAt", a."IpAddress", a."IsRevoked", a."UserID", a.jti
FROM "AccessTokens" AS a
WHERE a.jti = @__jti_0 AND a."UserID" = @__userID_1 AND a."DeviceFingerprint" = @__deviceFingerprint_2 AND a."IpAddress" = @__ipAddress_3
LIMIT 1
2026-06-23 17:18:00.554 +00:00 [INF] Attempting to revoke access token with jti cca155b0-6409-471c-b477-dffc9c717882 for user 1 from device QXaX3D0VCcOUi9BOlof91M3cEs811jcWDuDhmTTelXc= and IP ::ffff:172.20.0.1
2026-06-23 17:18:00.554 +00:00 [INF] Access token found: API.Models.AccessToken
2026-06-23 17:18:00.556 +00:00 [INF] Executed DbCommand (1ms) [Parameters=[@p1='?' (DbType = Int32), @p0='?' (DbType = Boolean)], CommandType='"Text"', CommandTimeout='30']
UPDATE "AccessTokens" SET "IsRevoked" = @p0
WHERE "ID" = @p1;
2026-06-23 17:18:00.556 +00:00 [INF] Access token AccessToken for user 1 revoked: true
2026-06-23 17:18:00.558 +00:00 [INF] Executed DbCommand (2ms) [Parameters=[@p0='?' (DbType = DateTime), @p1='?', @p2='?' (DbType = DateTime), @p3='?', @p4='?', @p5='?' (DbType = Int32)], CommandType='"Text"', CommandTimeout='30']
INSERT INTO "RefreshTokens" ("CreatedAt", "DeviceFingerprint", "ExpiresAt", "IpAddress", "TokenHash", "UserID")
VALUES (@p0, @p1, @p2, @p3, @p4, @p5)
RETURNING "ID", "IsRevoked";
2026-06-23 17:18:00.559 +00:00 [INF] Executed DbCommand (1ms) [Parameters=[@__tokenHash_0='?', @__userId_1='?' (DbType = Int32), @__deviceFingerprint_2='?', @__ipAddress_3='?'], CommandType='"Text"', CommandTimeout='30']
SELECT r."ID", r."CreatedAt", r."DeviceFingerprint", r."ExpiresAt", r."IpAddress", r."IsRevoked", r."TokenHash", r."UserID"
FROM "RefreshTokens" AS r
WHERE r."TokenHash" = @__tokenHash_0 AND r."UserID" = @__userId_1 AND r."DeviceFingerprint" = @__deviceFingerprint_2 AND r."IpAddress" = @__ipAddress_3
LIMIT 1
2026-06-23 17:18:00.561 +00:00 [INF] Executed DbCommand (1ms) [Parameters=[@p1='?' (DbType = Int32), @p0='?' (DbType = Boolean)], CommandType='"Text"', CommandTimeout='30']
UPDATE "RefreshTokens" SET "IsRevoked" = @p0
WHERE "ID" = @p1;
2026-06-23 17:18:00.561 +00:00 [INF] Refresh token MPtQmgc7GtUn5v+BhNQC9YOneC8/cb5EO4Tybzkq/Cc= for user 1 revoked: true
2026-06-23 17:18:00.561 +00:00 [INF] Token refreshed successfully for user 1 at "2026-06-23T17:18:00.5614416Z"
2026-06-23 17:18:00.561 +00:00 [INF] Executing OkObjectResult, writing value of type '<>f__AnonymousType3`2[[System.Boolean, System.Private.CoreLib, Version=9.0.0.0, Culture=neutral, PublicKeyToken=7cec85d7bea7798e],[System.Int32, System.Private.CoreLib, Version=9.0.0.0, Culture=neutral, PublicKeyToken=7cec85d7bea7798e]]'.
2026-06-23 17:18:00.561 +00:00 [INF] Executed action API.Controllers.AuthController.RefreshToken (API) in 16.4471ms
2026-06-23 17:18:00.562 +00:00 [INF] Executed endpoint 'API.Controllers.AuthController.RefreshToken (API)'
2026-06-23 17:18:00.562 +00:00 [INF] Request finished HTTP/1.1 POST http://192.168.1.4:8080/api/auth/refresh - 200 null application/json; charset=utf-8 30.8298ms
2026-06-23 17:21:58.288 +00:00 [INF] Request starting HTTP/1.1 GET http://192.168.1.4:8080/api/user?page=1&limit=10 - null null
2026-06-23 17:21:58.288 +00:00 [INF] Request starting HTTP/1.1 GET http://192.168.1.4:8080/api/user?page=1&limit=10 - null null
2026-06-23 17:21:58.288 +00:00 [INF] CORS policy execution successful.
2026-06-23 17:21:58.288 +00:00 [INF] CORS policy execution successful.
2026-06-23 17:21:58.289 +00:00 [INF] ====== OnMessageReceived START ======
2026-06-23 17:21:58.289 +00:00 [INF] ====== OnMessageReceived START ======
2026-06-23 17:21:58.289 +00:00 [INF] Available cookies: 2
2026-06-23 17:21:58.289 +00:00 [INF] Available cookies: 2
2026-06-23 17:21:58.289 +00:00 [INF] Cookie: adminToken = 844 chars
2026-06-23 17:21:58.289 +00:00 [INF] Cookie: adminToken = 844 chars
2026-06-23 17:21:58.290 +00:00 [INF] Cookie: adminRefreshToken = 44 chars
2026-06-23 17:21:58.290 +00:00 [INF] Cookie: adminRefreshToken = 44 chars
2026-06-23 17:21:58.290 +00:00 [INF] Admin token found in cookies, length: 844
2026-06-23 17:21:58.290 +00:00 [INF] Admin token found in cookies, length: 844
2026-06-23 17:21:58.290 +00:00 [INF] Admin token set in context
2026-06-23 17:21:58.290 +00:00 [INF] Admin token set in context
2026-06-23 17:21:58.291 +00:00 [INF] ====== OnMessageReceived END - Token set: true ======
2026-06-23 17:21:58.291 +00:00 [INF] ====== OnMessageReceived END - Token set: true ======
2026-06-23 17:21:58.291 +00:00 [INF] Token validated successfully for user: lengyelnorbi
2026-06-23 17:21:58.291 +00:00 [INF] Token validated successfully for user: lengyelnorbi
2026-06-23 17:21:58.291 +00:00 [INF] Device fingerprint headers - UA: Mozilla/5.0 (Windows NT 10.0; Win64; x64; rv:152.0) Gecko/20100101 Firefox/152.0, Accept: application/json, text/plain, */*, Encoding: gzip, deflate
2026-06-23 17:21:58.291 +00:00 [INF] Device fingerprint headers - UA: Mozilla/5.0 (Windows NT 10.0; Win64; x64; rv:152.0) Gecko/20100101 Firefox/152.0, Accept: application/json, text/plain, */*, Encoding: gzip, deflate
2026-06-23 17:21:58.292 +00:00 [INF] Device fingerprint validation: Stored=QXaX3D0VCcOUi9BOlof91M3cEs811jcWDuDhmTTelXc=, Current=QXaX3D0VCcOUi9BOlof91M3cEs811jcWDuDhmTTelXc=
2026-06-23 17:21:58.292 +00:00 [INF] Device fingerprint validation: Stored=QXaX3D0VCcOUi9BOlof91M3cEs811jcWDuDhmTTelXc=, Current=QXaX3D0VCcOUi9BOlof91M3cEs811jcWDuDhmTTelXc=
2026-06-23 17:21:58.294 +00:00 [INF] Executed DbCommand (1ms) [Parameters=[@__jti_0='?', @__userId_1='?' (DbType = Int32)], CommandType='"Text"', CommandTimeout='30']
SELECT a."ID", a."CreatedAt", a."DeviceFingerprint", a."ExpiresAt", a."IpAddress", a."IsRevoked", a."UserID", a.jti
FROM "AccessTokens" AS a
WHERE a.jti = @__jti_0 AND a."UserID" = @__userId_1 AND NOT (a."IsRevoked") AND a."ExpiresAt" > now()
LIMIT 1
2026-06-23 17:21:58.294 +00:00 [INF] Executing endpoint 'API.Controllers.UserController.Get (API)'
2026-06-23 17:21:58.295 +00:00 [INF] Route matched with {action = "Get", controller = "User"}. Executing controller action with signature System.Threading.Tasks.Task`1[API.Utils.PagedResult`1[API.DTO.UserDTO]] Get(Int32, Int32) on controller API.Controllers.UserController (API).
2026-06-23 17:21:58.297 +00:00 [INF] Executed DbCommand (1ms) [Parameters=[], CommandType='"Text"', CommandTimeout='30']
SELECT count(*)::int
FROM "Users" AS u
2026-06-23 17:21:58.299 +00:00 [INF] Executed DbCommand (1ms) [Parameters=[@__p_1='?' (DbType = Int32), @__p_0='?' (DbType = Int32)], CommandType='"Text"', CommandTimeout='30']
SELECT u."ID", u."Username", u."Email", u."RegisteredAt", u."Role"
FROM "Users" AS u
ORDER BY u."ID"
LIMIT @__p_1 OFFSET @__p_0
2026-06-23 17:21:58.299 +00:00 [INF] Executing ObjectResult, writing value of type 'API.Utils.PagedResult`1[[API.DTO.UserDTO, API, Version=1.0.0.0, Culture=neutral, PublicKeyToken=null]]'.
2026-06-23 17:21:58.300 +00:00 [INF] Executed action API.Controllers.UserController.Get (API) in 5.095ms
2026-06-23 17:21:58.300 +00:00 [INF] Executed endpoint 'API.Controllers.UserController.Get (API)'
2026-06-23 17:21:58.300 +00:00 [INF] Request finished HTTP/1.1 GET http://192.168.1.4:8080/api/user?page=1&limit=10 - 200 null application/json; charset=utf-8 12.3192ms
2026-06-23 17:21:58.303 +00:00 [INF] Executed DbCommand (3ms) [Parameters=[@__jti_0='?', @__userId_1='?' (DbType = Int32)], CommandType='"Text"', CommandTimeout='30']
SELECT a."ID", a."CreatedAt", a."DeviceFingerprint", a."ExpiresAt", a."IpAddress", a."IsRevoked", a."UserID", a.jti
FROM "AccessTokens" AS a
WHERE a.jti = @__jti_0 AND a."UserID" = @__userId_1 AND NOT (a."IsRevoked") AND a."ExpiresAt" > now()
LIMIT 1
2026-06-23 17:21:58.303 +00:00 [INF] Executing endpoint 'API.Controllers.UserController.Get (API)'
2026-06-23 17:21:58.304 +00:00 [INF] Route matched with {action = "Get", controller = "User"}. Executing controller action with signature System.Threading.Tasks.Task`1[API.Utils.PagedResult`1[API.DTO.UserDTO]] Get(Int32, Int32) on controller API.Controllers.UserController (API).
2026-06-23 17:21:58.305 +00:00 [INF] Executed DbCommand (1ms) [Parameters=[], CommandType='"Text"', CommandTimeout='30']
SELECT count(*)::int
FROM "Users" AS u
2026-06-23 17:21:58.307 +00:00 [INF] Executed DbCommand (1ms) [Parameters=[@__p_1='?' (DbType = Int32), @__p_0='?' (DbType = Int32)], CommandType='"Text"', CommandTimeout='30']
SELECT u."ID", u."Username", u."Email", u."RegisteredAt", u."Role"
FROM "Users" AS u
ORDER BY u."ID"
LIMIT @__p_1 OFFSET @__p_0
2026-06-23 17:21:58.307 +00:00 [INF] Executing ObjectResult, writing value of type 'API.Utils.PagedResult`1[[API.DTO.UserDTO, API, Version=1.0.0.0, Culture=neutral, PublicKeyToken=null]]'.
2026-06-23 17:21:58.307 +00:00 [INF] Executed action API.Controllers.UserController.Get (API) in 3.1592ms
2026-06-23 17:21:58.307 +00:00 [INF] Executed endpoint 'API.Controllers.UserController.Get (API)'
2026-06-23 17:21:58.307 +00:00 [INF] Request finished HTTP/1.1 GET http://192.168.1.4:8080/api/user?page=1&limit=10 - 200 null application/json; charset=utf-8 19.3235ms
2026-06-23 17:22:04.714 +00:00 [INF] Request starting HTTP/1.1 GET http://192.168.1.4:8080/api/user?page=1&limit=10 - null null
2026-06-23 17:22:04.714 +00:00 [INF] CORS policy execution successful.
2026-06-23 17:22:04.714 +00:00 [INF] ====== OnMessageReceived START ======
2026-06-23 17:22:04.714 +00:00 [INF] Available cookies: 2
2026-06-23 17:22:04.714 +00:00 [INF] Cookie: adminToken = 844 chars
2026-06-23 17:22:04.715 +00:00 [INF] Cookie: adminRefreshToken = 44 chars
2026-06-23 17:22:04.715 +00:00 [INF] Admin token found in cookies, length: 844
2026-06-23 17:22:04.715 +00:00 [INF] Admin token set in context
2026-06-23 17:22:04.715 +00:00 [INF] ====== OnMessageReceived END - Token set: true ======
2026-06-23 17:22:04.716 +00:00 [INF] Token validated successfully for user: lengyelnorbi
2026-06-23 17:22:04.716 +00:00 [INF] Device fingerprint headers - UA: Mozilla/5.0 (Windows NT 10.0; Win64; x64; rv:152.0) Gecko/20100101 Firefox/152.0, Accept: application/json, text/plain, */*, Encoding: gzip, deflate
2026-06-23 17:22:04.716 +00:00 [INF] Device fingerprint validation: Stored=QXaX3D0VCcOUi9BOlof91M3cEs811jcWDuDhmTTelXc=, Current=QXaX3D0VCcOUi9BOlof91M3cEs811jcWDuDhmTTelXc=
2026-06-23 17:22:04.718 +00:00 [INF] Executed DbCommand (1ms) [Parameters=[@__jti_0='?', @__userId_1='?' (DbType = Int32)], CommandType='"Text"', CommandTimeout='30']
SELECT a."ID", a."CreatedAt", a."DeviceFingerprint", a."ExpiresAt", a."IpAddress", a."IsRevoked", a."UserID", a.jti
FROM "AccessTokens" AS a
WHERE a.jti = @__jti_0 AND a."UserID" = @__userId_1 AND NOT (a."IsRevoked") AND a."ExpiresAt" > now()
LIMIT 1
2026-06-23 17:22:04.718 +00:00 [INF] Executing endpoint 'API.Controllers.UserController.Get (API)'
2026-06-23 17:22:04.719 +00:00 [INF] Route matched with {action = "Get", controller = "User"}. Executing controller action with signature System.Threading.Tasks.Task`1[API.Utils.PagedResult`1[API.DTO.UserDTO]] Get(Int32, Int32) on controller API.Controllers.UserController (API).
2026-06-23 17:22:04.720 +00:00 [INF] Executed DbCommand (1ms) [Parameters=[], CommandType='"Text"', CommandTimeout='30']
SELECT count(*)::int
FROM "Users" AS u
2026-06-23 17:22:04.721 +00:00 [INF] Executed DbCommand (1ms) [Parameters=[@__p_1='?' (DbType = Int32), @__p_0='?' (DbType = Int32)], CommandType='"Text"', CommandTimeout='30']
SELECT u."ID", u."Username", u."Email", u."RegisteredAt", u."Role"
FROM "Users" AS u
ORDER BY u."ID"
LIMIT @__p_1 OFFSET @__p_0
2026-06-23 17:22:04.722 +00:00 [INF] Executing ObjectResult, writing value of type 'API.Utils.PagedResult`1[[API.DTO.UserDTO, API, Version=1.0.0.0, Culture=neutral, PublicKeyToken=null]]'.
2026-06-23 17:22:04.722 +00:00 [INF] Executed action API.Controllers.UserController.Get (API) in 3.0588ms
2026-06-23 17:22:04.722 +00:00 [INF] Executed endpoint 'API.Controllers.UserController.Get (API)'
2026-06-23 17:22:04.722 +00:00 [INF] Request finished HTTP/1.1 GET http://192.168.1.4:8080/api/user?page=1&limit=10 - 200 null application/json; charset=utf-8 8.6587ms
2026-06-23 17:22:20.363 +00:00 [INF] Request starting HTTP/1.1 OPTIONS http://192.168.1.4:8080/api/password/generate-password - null null
2026-06-23 17:22:20.364 +00:00 [INF] CORS policy execution successful.
2026-06-23 17:22:20.364 +00:00 [INF] Request finished HTTP/1.1 OPTIONS http://192.168.1.4:8080/api/password/generate-password - 204 null null 1.5405ms
2026-06-23 17:22:20.366 +00:00 [INF] Request starting HTTP/1.1 POST http://192.168.1.4:8080/api/password/generate-password - application/json 67
2026-06-23 17:22:20.366 +00:00 [INF] CORS policy execution successful.
2026-06-23 17:22:20.366 +00:00 [INF] ====== OnMessageReceived START ======
2026-06-23 17:22:20.366 +00:00 [INF] Available cookies: 2
2026-06-23 17:22:20.367 +00:00 [INF] Cookie: adminToken = 844 chars
2026-06-23 17:22:20.367 +00:00 [INF] Cookie: adminRefreshToken = 44 chars
2026-06-23 17:22:20.367 +00:00 [INF] Admin token found in cookies, length: 844
2026-06-23 17:22:20.367 +00:00 [INF] Admin token set in context
2026-06-23 17:22:20.367 +00:00 [INF] ====== OnMessageReceived END - Token set: true ======
2026-06-23 17:22:20.368 +00:00 [INF] Token validated successfully for user: lengyelnorbi
2026-06-23 17:22:20.368 +00:00 [INF] Device fingerprint headers - UA: Mozilla/5.0 (Windows NT 10.0; Win64; x64; rv:152.0) Gecko/20100101 Firefox/152.0, Accept: */*, Encoding: gzip, deflate
2026-06-23 17:22:20.368 +00:00 [INF] Device fingerprint validation: Stored=QXaX3D0VCcOUi9BOlof91M3cEs811jcWDuDhmTTelXc=, Current=QXaX3D0VCcOUi9BOlof91M3cEs811jcWDuDhmTTelXc=
2026-06-23 17:22:20.370 +00:00 [INF] Executed DbCommand (1ms) [Parameters=[@__jti_0='?', @__userId_1='?' (DbType = Int32)], CommandType='"Text"', CommandTimeout='30']
SELECT a."ID", a."CreatedAt", a."DeviceFingerprint", a."ExpiresAt", a."IpAddress", a."IsRevoked", a."UserID", a.jti
FROM "AccessTokens" AS a
WHERE a.jti = @__jti_0 AND a."UserID" = @__userId_1 AND NOT (a."IsRevoked") AND a."ExpiresAt" > now()
LIMIT 1
2026-06-23 17:22:20.370 +00:00 [INF] Executing endpoint 'API.Controllers.PasswordController.GeneratePassword (API)'
2026-06-23 17:22:20.375 +00:00 [INF] Route matched with {action = "GeneratePassword", controller = "Password"}. Executing controller action with signature System.Threading.Tasks.Task`1[Microsoft.AspNetCore.Mvc.IActionResult] GeneratePassword(API.Models.RequestModels.GeneratePwdRequest) on controller API.Controllers.PasswordController (API).
2026-06-23 17:22:20.382 +00:00 [INF] Executing OkObjectResult, writing value of type '<>f__AnonymousType4`1[[System.String, System.Private.CoreLib, Version=9.0.0.0, Culture=neutral, PublicKeyToken=7cec85d7bea7798e]]'.
2026-06-23 17:22:20.383 +00:00 [INF] Executed action API.Controllers.PasswordController.GeneratePassword (API) in 8.1834ms
2026-06-23 17:22:20.383 +00:00 [INF] Executed endpoint 'API.Controllers.PasswordController.GeneratePassword (API)'
2026-06-23 17:22:20.384 +00:00 [INF] Request finished HTTP/1.1 POST http://192.168.1.4:8080/api/password/generate-password - 200 null application/json; charset=utf-8 17.9713ms
2026-06-23 17:22:21.874 +00:00 [INF] Request starting HTTP/1.1 OPTIONS http://192.168.1.4:8080/api/password/generate-password - null null
2026-06-23 17:22:21.874 +00:00 [INF] CORS policy execution successful.
2026-06-23 17:22:21.874 +00:00 [INF] Request finished HTTP/1.1 OPTIONS http://192.168.1.4:8080/api/password/generate-password - 204 null null 0.4716ms
2026-06-23 17:22:21.876 +00:00 [INF] Request starting HTTP/1.1 POST http://192.168.1.4:8080/api/password/generate-password - application/json 67
2026-06-23 17:22:21.876 +00:00 [INF] CORS policy execution successful.
2026-06-23 17:22:21.876 +00:00 [INF] ====== OnMessageReceived START ======
2026-06-23 17:22:21.876 +00:00 [INF] Available cookies: 2
2026-06-23 17:22:21.876 +00:00 [INF] Cookie: adminToken = 844 chars
2026-06-23 17:22:21.877 +00:00 [INF] Cookie: adminRefreshToken = 44 chars
2026-06-23 17:22:21.877 +00:00 [INF] Admin token found in cookies, length: 844
2026-06-23 17:22:21.877 +00:00 [INF] Admin token set in context
2026-06-23 17:22:21.877 +00:00 [INF] ====== OnMessageReceived END - Token set: true ======
2026-06-23 17:22:21.877 +00:00 [INF] Token validated successfully for user: lengyelnorbi
2026-06-23 17:22:21.877 +00:00 [INF] Device fingerprint headers - UA: Mozilla/5.0 (Windows NT 10.0; Win64; x64; rv:152.0) Gecko/20100101 Firefox/152.0, Accept: */*, Encoding: gzip, deflate
2026-06-23 17:22:21.877 +00:00 [INF] Device fingerprint validation: Stored=QXaX3D0VCcOUi9BOlof91M3cEs811jcWDuDhmTTelXc=, Current=QXaX3D0VCcOUi9BOlof91M3cEs811jcWDuDhmTTelXc=
2026-06-23 17:22:21.879 +00:00 [INF] Executed DbCommand (1ms) [Parameters=[@__jti_0='?', @__userId_1='?' (DbType = Int32)], CommandType='"Text"', CommandTimeout='30']
SELECT a."ID", a."CreatedAt", a."DeviceFingerprint", a."ExpiresAt", a."IpAddress", a."IsRevoked", a."UserID", a.jti
FROM "AccessTokens" AS a
WHERE a.jti = @__jti_0 AND a."UserID" = @__userId_1 AND NOT (a."IsRevoked") AND a."ExpiresAt" > now()
LIMIT 1
2026-06-23 17:22:21.880 +00:00 [INF] Executing endpoint 'API.Controllers.PasswordController.GeneratePassword (API)'
2026-06-23 17:22:21.880 +00:00 [INF] Route matched with {action = "GeneratePassword", controller = "Password"}. Executing controller action with signature System.Threading.Tasks.Task`1[Microsoft.AspNetCore.Mvc.IActionResult] GeneratePassword(API.Models.RequestModels.GeneratePwdRequest) on controller API.Controllers.PasswordController (API).
2026-06-23 17:22:21.880 +00:00 [INF] Executing OkObjectResult, writing value of type '<>f__AnonymousType4`1[[System.String, System.Private.CoreLib, Version=9.0.0.0, Culture=neutral, PublicKeyToken=7cec85d7bea7798e]]'.
2026-06-23 17:22:21.881 +00:00 [INF] Executed action API.Controllers.PasswordController.GeneratePassword (API) in 0.4646ms
2026-06-23 17:22:21.881 +00:00 [INF] Executed endpoint 'API.Controllers.PasswordController.GeneratePassword (API)'
2026-06-23 17:22:21.881 +00:00 [INF] Request finished HTTP/1.1 POST http://192.168.1.4:8080/api/password/generate-password - 200 null application/json; charset=utf-8 5.2532ms
2026-06-23 17:22:24.272 +00:00 [INF] Request starting HTTP/1.1 OPTIONS http://192.168.1.4:8080/api/password/generate-password - null null
2026-06-23 17:22:24.273 +00:00 [INF] CORS policy execution successful.
2026-06-23 17:22:24.273 +00:00 [INF] Request finished HTTP/1.1 OPTIONS http://192.168.1.4:8080/api/password/generate-password - 204 null null 0.5311ms
2026-06-23 17:22:24.274 +00:00 [INF] Request starting HTTP/1.1 POST http://192.168.1.4:8080/api/password/generate-password - application/json 67
2026-06-23 17:22:24.275 +00:00 [INF] CORS policy execution successful.
2026-06-23 17:22:24.275 +00:00 [INF] ====== OnMessageReceived START ======
2026-06-23 17:22:24.275 +00:00 [INF] Available cookies: 2
2026-06-23 17:22:24.275 +00:00 [INF] Cookie: adminToken = 844 chars
2026-06-23 17:22:24.275 +00:00 [INF] Cookie: adminRefreshToken = 44 chars
2026-06-23 17:22:24.275 +00:00 [INF] Admin token found in cookies, length: 844
2026-06-23 17:22:24.276 +00:00 [INF] Admin token set in context
2026-06-23 17:22:24.276 +00:00 [INF] ====== OnMessageReceived END - Token set: true ======
2026-06-23 17:22:24.276 +00:00 [INF] Token validated successfully for user: lengyelnorbi
2026-06-23 17:22:24.276 +00:00 [INF] Device fingerprint headers - UA: Mozilla/5.0 (Windows NT 10.0; Win64; x64; rv:152.0) Gecko/20100101 Firefox/152.0, Accept: */*, Encoding: gzip, deflate
2026-06-23 17:22:24.276 +00:00 [INF] Device fingerprint validation: Stored=QXaX3D0VCcOUi9BOlof91M3cEs811jcWDuDhmTTelXc=, Current=QXaX3D0VCcOUi9BOlof91M3cEs811jcWDuDhmTTelXc=
2026-06-23 17:22:24.279 +00:00 [INF] Executed DbCommand (1ms) [Parameters=[@__jti_0='?', @__userId_1='?' (DbType = Int32)], CommandType='"Text"', CommandTimeout='30']
SELECT a."ID", a."CreatedAt", a."DeviceFingerprint", a."ExpiresAt", a."IpAddress", a."IsRevoked", a."UserID", a.jti
FROM "AccessTokens" AS a
WHERE a.jti = @__jti_0 AND a."UserID" = @__userId_1 AND NOT (a."IsRevoked") AND a."ExpiresAt" > now()
LIMIT 1
2026-06-23 17:22:24.279 +00:00 [INF] Executing endpoint 'API.Controllers.PasswordController.GeneratePassword (API)'
2026-06-23 17:22:24.279 +00:00 [INF] Route matched with {action = "GeneratePassword", controller = "Password"}. Executing controller action with signature System.Threading.Tasks.Task`1[Microsoft.AspNetCore.Mvc.IActionResult] GeneratePassword(API.Models.RequestModels.GeneratePwdRequest) on controller API.Controllers.PasswordController (API).
2026-06-23 17:22:24.279 +00:00 [INF] Executing OkObjectResult, writing value of type '<>f__AnonymousType4`1[[System.String, System.Private.CoreLib, Version=9.0.0.0, Culture=neutral, PublicKeyToken=7cec85d7bea7798e]]'.
2026-06-23 17:22:24.280 +00:00 [INF] Executed action API.Controllers.PasswordController.GeneratePassword (API) in 0.3839ms
2026-06-23 17:22:24.280 +00:00 [INF] Executed endpoint 'API.Controllers.PasswordController.GeneratePassword (API)'
2026-06-23 17:22:24.280 +00:00 [INF] Request finished HTTP/1.1 POST http://192.168.1.4:8080/api/password/generate-password - 200 null application/json; charset=utf-8 5.4022ms
2026-06-23 17:22:25.972 +00:00 [INF] Request starting HTTP/1.1 OPTIONS http://192.168.1.4:8080/api/password/generate-password - null null
2026-06-23 17:22:25.973 +00:00 [INF] CORS policy execution successful.
2026-06-23 17:22:25.973 +00:00 [INF] Request finished HTTP/1.1 OPTIONS http://192.168.1.4:8080/api/password/generate-password - 204 null null 0.5094ms
2026-06-23 17:22:25.974 +00:00 [INF] Request starting HTTP/1.1 POST http://192.168.1.4:8080/api/password/generate-password - application/json 67
2026-06-23 17:22:25.974 +00:00 [INF] CORS policy execution successful.
2026-06-23 17:22:25.975 +00:00 [INF] ====== OnMessageReceived START ======
2026-06-23 17:22:25.975 +00:00 [INF] Available cookies: 2
2026-06-23 17:22:25.975 +00:00 [INF] Cookie: adminToken = 844 chars
2026-06-23 17:22:25.975 +00:00 [INF] Cookie: adminRefreshToken = 44 chars
2026-06-23 17:22:25.975 +00:00 [INF] Admin token found in cookies, length: 844
2026-06-23 17:22:25.975 +00:00 [INF] Admin token set in context
2026-06-23 17:22:25.975 +00:00 [INF] ====== OnMessageReceived END - Token set: true ======
2026-06-23 17:22:25.976 +00:00 [INF] Token validated successfully for user: lengyelnorbi
2026-06-23 17:22:25.976 +00:00 [INF] Device fingerprint headers - UA: Mozilla/5.0 (Windows NT 10.0; Win64; x64; rv:152.0) Gecko/20100101 Firefox/152.0, Accept: */*, Encoding: gzip, deflate
2026-06-23 17:22:25.976 +00:00 [INF] Device fingerprint validation: Stored=QXaX3D0VCcOUi9BOlof91M3cEs811jcWDuDhmTTelXc=, Current=QXaX3D0VCcOUi9BOlof91M3cEs811jcWDuDhmTTelXc=
2026-06-23 17:22:25.978 +00:00 [INF] Executed DbCommand (1ms) [Parameters=[@__jti_0='?', @__userId_1='?' (DbType = Int32)], CommandType='"Text"', CommandTimeout='30']
SELECT a."ID", a."CreatedAt", a."DeviceFingerprint", a."ExpiresAt", a."IpAddress", a."IsRevoked", a."UserID", a.jti
FROM "AccessTokens" AS a
WHERE a.jti = @__jti_0 AND a."UserID" = @__userId_1 AND NOT (a."IsRevoked") AND a."ExpiresAt" > now()
LIMIT 1
2026-06-23 17:22:25.978 +00:00 [INF] Executing endpoint 'API.Controllers.PasswordController.GeneratePassword (API)'
2026-06-23 17:22:25.978 +00:00 [INF] Route matched with {action = "GeneratePassword", controller = "Password"}. Executing controller action with signature System.Threading.Tasks.Task`1[Microsoft.AspNetCore.Mvc.IActionResult] GeneratePassword(API.Models.RequestModels.GeneratePwdRequest) on controller API.Controllers.PasswordController (API).
2026-06-23 17:22:25.979 +00:00 [INF] Executing OkObjectResult, writing value of type '<>f__AnonymousType4`1[[System.String, System.Private.CoreLib, Version=9.0.0.0, Culture=neutral, PublicKeyToken=7cec85d7bea7798e]]'.
2026-06-23 17:22:25.979 +00:00 [INF] Executed action API.Controllers.PasswordController.GeneratePassword (API) in 0.5293ms
2026-06-23 17:22:25.979 +00:00 [INF] Executed endpoint 'API.Controllers.PasswordController.GeneratePassword (API)'
2026-06-23 17:22:25.979 +00:00 [INF] Request finished HTTP/1.1 POST http://192.168.1.4:8080/api/password/generate-password - 200 null application/json; charset=utf-8 5.2713ms
2026-06-23 17:22:26.148 +00:00 [INF] Request starting HTTP/1.1 OPTIONS http://192.168.1.4:8080/api/password/generate-password - null null
2026-06-23 17:22:26.148 +00:00 [INF] CORS policy execution successful.
2026-06-23 17:22:26.149 +00:00 [INF] Request finished HTTP/1.1 OPTIONS http://192.168.1.4:8080/api/password/generate-password - 204 null null 0.4604ms
2026-06-23 17:22:26.150 +00:00 [INF] Request starting HTTP/1.1 POST http://192.168.1.4:8080/api/password/generate-password - application/json 67
2026-06-23 17:22:26.150 +00:00 [INF] CORS policy execution successful.
2026-06-23 17:22:26.150 +00:00 [INF] ====== OnMessageReceived START ======
2026-06-23 17:22:26.150 +00:00 [INF] Available cookies: 2
2026-06-23 17:22:26.151 +00:00 [INF] Cookie: adminToken = 844 chars
2026-06-23 17:22:26.151 +00:00 [INF] Cookie: adminRefreshToken = 44 chars
2026-06-23 17:22:26.151 +00:00 [INF] Admin token found in cookies, length: 844
2026-06-23 17:22:26.151 +00:00 [INF] Admin token set in context
2026-06-23 17:22:26.151 +00:00 [INF] ====== OnMessageReceived END - Token set: true ======
2026-06-23 17:22:26.151 +00:00 [INF] Token validated successfully for user: lengyelnorbi
2026-06-23 17:22:26.151 +00:00 [INF] Device fingerprint headers - UA: Mozilla/5.0 (Windows NT 10.0; Win64; x64; rv:152.0) Gecko/20100101 Firefox/152.0, Accept: */*, Encoding: gzip, deflate
2026-06-23 17:22:26.152 +00:00 [INF] Device fingerprint validation: Stored=QXaX3D0VCcOUi9BOlof91M3cEs811jcWDuDhmTTelXc=, Current=QXaX3D0VCcOUi9BOlof91M3cEs811jcWDuDhmTTelXc=
2026-06-23 17:22:26.154 +00:00 [INF] Executed DbCommand (1ms) [Parameters=[@__jti_0='?', @__userId_1='?' (DbType = Int32)], CommandType='"Text"', CommandTimeout='30']
SELECT a."ID", a."CreatedAt", a."DeviceFingerprint", a."ExpiresAt", a."IpAddress", a."IsRevoked", a."UserID", a.jti
FROM "AccessTokens" AS a
WHERE a.jti = @__jti_0 AND a."UserID" = @__userId_1 AND NOT (a."IsRevoked") AND a."ExpiresAt" > now()
LIMIT 1
2026-06-23 17:22:26.154 +00:00 [INF] Executing endpoint 'API.Controllers.PasswordController.GeneratePassword (API)'
2026-06-23 17:22:26.154 +00:00 [INF] Route matched with {action = "GeneratePassword", controller = "Password"}. Executing controller action with signature System.Threading.Tasks.Task`1[Microsoft.AspNetCore.Mvc.IActionResult] GeneratePassword(API.Models.RequestModels.GeneratePwdRequest) on controller API.Controllers.PasswordController (API).
2026-06-23 17:22:26.155 +00:00 [INF] Executing OkObjectResult, writing value of type '<>f__AnonymousType4`1[[System.String, System.Private.CoreLib, Version=9.0.0.0, Culture=neutral, PublicKeyToken=7cec85d7bea7798e]]'.
2026-06-23 17:22:26.155 +00:00 [INF] Executed action API.Controllers.PasswordController.GeneratePassword (API) in 0.3575ms
2026-06-23 17:22:26.155 +00:00 [INF] Executed endpoint 'API.Controllers.PasswordController.GeneratePassword (API)'
2026-06-23 17:22:26.155 +00:00 [INF] Request finished HTTP/1.1 POST http://192.168.1.4:8080/api/password/generate-password - 200 null application/json; charset=utf-8 5.1158ms
2026-06-23 17:22:26.323 +00:00 [INF] Request starting HTTP/1.1 OPTIONS http://192.168.1.4:8080/api/password/generate-password - null null
2026-06-23 17:22:26.323 +00:00 [INF] CORS policy execution successful.
2026-06-23 17:22:26.323 +00:00 [INF] Request finished HTTP/1.1 OPTIONS http://192.168.1.4:8080/api/password/generate-password - 204 null null 0.5685ms
2026-06-23 17:22:26.325 +00:00 [INF] Request starting HTTP/1.1 POST http://192.168.1.4:8080/api/password/generate-password - application/json 67
2026-06-23 17:22:26.325 +00:00 [INF] CORS policy execution successful.
2026-06-23 17:22:26.325 +00:00 [INF] ====== OnMessageReceived START ======
2026-06-23 17:22:26.325 +00:00 [INF] Available cookies: 2
2026-06-23 17:22:26.326 +00:00 [INF] Cookie: adminToken = 844 chars
2026-06-23 17:22:26.326 +00:00 [INF] Cookie: adminRefreshToken = 44 chars
2026-06-23 17:22:26.326 +00:00 [INF] Admin token found in cookies, length: 844
2026-06-23 17:22:26.326 +00:00 [INF] Admin token set in context
2026-06-23 17:22:26.326 +00:00 [INF] ====== OnMessageReceived END - Token set: true ======
2026-06-23 17:22:26.326 +00:00 [INF] Token validated successfully for user: lengyelnorbi
2026-06-23 17:22:26.326 +00:00 [INF] Device fingerprint headers - UA: Mozilla/5.0 (Windows NT 10.0; Win64; x64; rv:152.0) Gecko/20100101 Firefox/152.0, Accept: */*, Encoding: gzip, deflate
2026-06-23 17:22:26.327 +00:00 [INF] Device fingerprint validation: Stored=QXaX3D0VCcOUi9BOlof91M3cEs811jcWDuDhmTTelXc=, Current=QXaX3D0VCcOUi9BOlof91M3cEs811jcWDuDhmTTelXc=
2026-06-23 17:22:26.329 +00:00 [INF] Executed DbCommand (1ms) [Parameters=[@__jti_0='?', @__userId_1='?' (DbType = Int32)], CommandType='"Text"', CommandTimeout='30']
SELECT a."ID", a."CreatedAt", a."DeviceFingerprint", a."ExpiresAt", a."IpAddress", a."IsRevoked", a."UserID", a.jti
FROM "AccessTokens" AS a
WHERE a.jti = @__jti_0 AND a."UserID" = @__userId_1 AND NOT (a."IsRevoked") AND a."ExpiresAt" > now()
LIMIT 1
2026-06-23 17:22:26.329 +00:00 [INF] Executing endpoint 'API.Controllers.PasswordController.GeneratePassword (API)'
2026-06-23 17:22:26.329 +00:00 [INF] Route matched with {action = "GeneratePassword", controller = "Password"}. Executing controller action with signature System.Threading.Tasks.Task`1[Microsoft.AspNetCore.Mvc.IActionResult] GeneratePassword(API.Models.RequestModels.GeneratePwdRequest) on controller API.Controllers.PasswordController (API).
2026-06-23 17:22:26.330 +00:00 [INF] Executing OkObjectResult, writing value of type '<>f__AnonymousType4`1[[System.String, System.Private.CoreLib, Version=9.0.0.0, Culture=neutral, PublicKeyToken=7cec85d7bea7798e]]'.
2026-06-23 17:22:26.330 +00:00 [INF] Executed action API.Controllers.PasswordController.GeneratePassword (API) in 0.3928ms
2026-06-23 17:22:26.330 +00:00 [INF] Executed endpoint 'API.Controllers.PasswordController.GeneratePassword (API)'
2026-06-23 17:22:26.330 +00:00 [INF] Request finished HTTP/1.1 POST http://192.168.1.4:8080/api/password/generate-password - 200 null application/json; charset=utf-8 5.3871ms
2026-06-23 17:22:26.622 +00:00 [INF] Request starting HTTP/1.1 OPTIONS http://192.168.1.4:8080/api/password/generate-password - null null
2026-06-23 17:22:26.623 +00:00 [INF] CORS policy execution successful.
2026-06-23 17:22:26.623 +00:00 [INF] Request finished HTTP/1.1 OPTIONS http://192.168.1.4:8080/api/password/generate-password - 204 null null 0.5027ms
2026-06-23 17:22:26.624 +00:00 [INF] Request starting HTTP/1.1 POST http://192.168.1.4:8080/api/password/generate-password - application/json 67
2026-06-23 17:22:26.624 +00:00 [INF] CORS policy execution successful.
2026-06-23 17:22:26.625 +00:00 [INF] ====== OnMessageReceived START ======
2026-06-23 17:22:26.625 +00:00 [INF] Available cookies: 2
2026-06-23 17:22:26.625 +00:00 [INF] Cookie: adminToken = 844 chars
2026-06-23 17:22:26.625 +00:00 [INF] Cookie: adminRefreshToken = 44 chars
2026-06-23 17:22:26.625 +00:00 [INF] Admin token found in cookies, length: 844
2026-06-23 17:22:26.625 +00:00 [INF] Admin token set in context
2026-06-23 17:22:26.625 +00:00 [INF] ====== OnMessageReceived END - Token set: true ======
2026-06-23 17:22:26.626 +00:00 [INF] Token validated successfully for user: lengyelnorbi
2026-06-23 17:22:26.626 +00:00 [INF] Device fingerprint headers - UA: Mozilla/5.0 (Windows NT 10.0; Win64; x64; rv:152.0) Gecko/20100101 Firefox/152.0, Accept: */*, Encoding: gzip, deflate
2026-06-23 17:22:26.626 +00:00 [INF] Device fingerprint validation: Stored=QXaX3D0VCcOUi9BOlof91M3cEs811jcWDuDhmTTelXc=, Current=QXaX3D0VCcOUi9BOlof91M3cEs811jcWDuDhmTTelXc=
2026-06-23 17:22:26.628 +00:00 [INF] Executed DbCommand (1ms) [Parameters=[@__jti_0='?', @__userId_1='?' (DbType = Int32)], CommandType='"Text"', CommandTimeout='30']
SELECT a."ID", a."CreatedAt", a."DeviceFingerprint", a."ExpiresAt", a."IpAddress", a."IsRevoked", a."UserID", a.jti
FROM "AccessTokens" AS a
WHERE a.jti = @__jti_0 AND a."UserID" = @__userId_1 AND NOT (a."IsRevoked") AND a."ExpiresAt" > now()
LIMIT 1
2026-06-23 17:22:26.629 +00:00 [INF] Executing endpoint 'API.Controllers.PasswordController.GeneratePassword (API)'
2026-06-23 17:22:26.629 +00:00 [INF] Route matched with {action = "GeneratePassword", controller = "Password"}. Executing controller action with signature System.Threading.Tasks.Task`1[Microsoft.AspNetCore.Mvc.IActionResult] GeneratePassword(API.Models.RequestModels.GeneratePwdRequest) on controller API.Controllers.PasswordController (API).
2026-06-23 17:22:26.629 +00:00 [INF] Executing OkObjectResult, writing value of type '<>f__AnonymousType4`1[[System.String, System.Private.CoreLib, Version=9.0.0.0, Culture=neutral, PublicKeyToken=7cec85d7bea7798e]]'.
2026-06-23 17:22:26.629 +00:00 [INF] Executed action API.Controllers.PasswordController.GeneratePassword (API) in 0.4978ms
2026-06-23 17:22:26.629 +00:00 [INF] Executed endpoint 'API.Controllers.PasswordController.GeneratePassword (API)'
2026-06-23 17:22:26.630 +00:00 [INF] Request finished HTTP/1.1 POST http://192.168.1.4:8080/api/password/generate-password - 200 null application/json; charset=utf-8 5.4844ms
2026-06-23 17:22:26.785 +00:00 [INF] Request starting HTTP/1.1 OPTIONS http://192.168.1.4:8080/api/password/generate-password - null null
2026-06-23 17:22:26.785 +00:00 [INF] CORS policy execution successful.
2026-06-23 17:22:26.785 +00:00 [INF] Request finished HTTP/1.1 OPTIONS http://192.168.1.4:8080/api/password/generate-password - 204 null null 0.5498ms
2026-06-23 17:22:26.787 +00:00 [INF] Request starting HTTP/1.1 POST http://192.168.1.4:8080/api/password/generate-password - application/json 67
2026-06-23 17:22:26.787 +00:00 [INF] CORS policy execution successful.
2026-06-23 17:22:26.787 +00:00 [INF] ====== OnMessageReceived START ======
2026-06-23 17:22:26.788 +00:00 [INF] Available cookies: 2
2026-06-23 17:22:26.788 +00:00 [INF] Cookie: adminToken = 844 chars
2026-06-23 17:22:26.788 +00:00 [INF] Cookie: adminRefreshToken = 44 chars
2026-06-23 17:22:26.788 +00:00 [INF] Admin token found in cookies, length: 844
2026-06-23 17:22:26.788 +00:00 [INF] Admin token set in context
2026-06-23 17:22:26.788 +00:00 [INF] ====== OnMessageReceived END - Token set: true ======
2026-06-23 17:22:26.789 +00:00 [INF] Token validated successfully for user: lengyelnorbi
2026-06-23 17:22:26.789 +00:00 [INF] Device fingerprint headers - UA: Mozilla/5.0 (Windows NT 10.0; Win64; x64; rv:152.0) Gecko/20100101 Firefox/152.0, Accept: */*, Encoding: gzip, deflate
2026-06-23 17:22:26.789 +00:00 [INF] Device fingerprint validation: Stored=QXaX3D0VCcOUi9BOlof91M3cEs811jcWDuDhmTTelXc=, Current=QXaX3D0VCcOUi9BOlof91M3cEs811jcWDuDhmTTelXc=
2026-06-23 17:22:26.791 +00:00 [INF] Executed DbCommand (1ms) [Parameters=[@__jti_0='?', @__userId_1='?' (DbType = Int32)], CommandType='"Text"', CommandTimeout='30']
SELECT a."ID", a."CreatedAt", a."DeviceFingerprint", a."ExpiresAt", a."IpAddress", a."IsRevoked", a."UserID", a.jti
FROM "AccessTokens" AS a
WHERE a.jti = @__jti_0 AND a."UserID" = @__userId_1 AND NOT (a."IsRevoked") AND a."ExpiresAt" > now()
LIMIT 1
2026-06-23 17:22:26.791 +00:00 [INF] Executing endpoint 'API.Controllers.PasswordController.GeneratePassword (API)'
2026-06-23 17:22:26.791 +00:00 [INF] Route matched with {action = "GeneratePassword", controller = "Password"}. Executing controller action with signature System.Threading.Tasks.Task`1[Microsoft.AspNetCore.Mvc.IActionResult] GeneratePassword(API.Models.RequestModels.GeneratePwdRequest) on controller API.Controllers.PasswordController (API).
2026-06-23 17:22:26.792 +00:00 [INF] Executing OkObjectResult, writing value of type '<>f__AnonymousType4`1[[System.String, System.Private.CoreLib, Version=9.0.0.0, Culture=neutral, PublicKeyToken=7cec85d7bea7798e]]'.
2026-06-23 17:22:26.792 +00:00 [INF] Executed action API.Controllers.PasswordController.GeneratePassword (API) in 0.4291ms
2026-06-23 17:22:26.792 +00:00 [INF] Executed endpoint 'API.Controllers.PasswordController.GeneratePassword (API)'
2026-06-23 17:22:26.792 +00:00 [INF] Request finished HTTP/1.1 POST http://192.168.1.4:8080/api/password/generate-password - 200 null application/json; charset=utf-8 5.4093ms
2026-06-23 17:22:30.582 +00:00 [INF] Request starting HTTP/1.1 OPTIONS http://192.168.1.4:8080/api/auth/refresh - null null
2026-06-23 17:22:30.582 +00:00 [INF] CORS policy execution successful.
2026-06-23 17:22:30.582 +00:00 [INF] Request finished HTTP/1.1 OPTIONS http://192.168.1.4:8080/api/auth/refresh - 204 null null 0.481ms
2026-06-23 17:22:30.583 +00:00 [INF] Request starting HTTP/1.1 POST http://192.168.1.4:8080/api/auth/refresh - application/json 18
2026-06-23 17:22:30.584 +00:00 [INF] CORS policy execution successful.
2026-06-23 17:22:30.584 +00:00 [INF] ====== OnMessageReceived START ======
2026-06-23 17:22:30.584 +00:00 [INF] Available cookies: 2
2026-06-23 17:22:30.585 +00:00 [INF] Cookie: adminToken = 844 chars
2026-06-23 17:22:30.585 +00:00 [INF] Cookie: adminRefreshToken = 44 chars
2026-06-23 17:22:30.585 +00:00 [INF] Admin token found in cookies, length: 844
2026-06-23 17:22:30.585 +00:00 [INF] Admin token set in context
2026-06-23 17:22:30.585 +00:00 [INF] ====== OnMessageReceived END - Token set: true ======
2026-06-23 17:22:30.585 +00:00 [INF] Token validated successfully for user: lengyelnorbi
2026-06-23 17:22:30.586 +00:00 [INF] Device fingerprint headers - UA: Mozilla/5.0 (Windows NT 10.0; Win64; x64; rv:152.0) Gecko/20100101 Firefox/152.0, Accept: */*, Encoding: gzip, deflate
2026-06-23 17:22:30.586 +00:00 [INF] Device fingerprint validation: Stored=QXaX3D0VCcOUi9BOlof91M3cEs811jcWDuDhmTTelXc=, Current=QXaX3D0VCcOUi9BOlof91M3cEs811jcWDuDhmTTelXc=
2026-06-23 17:22:30.588 +00:00 [INF] Executed DbCommand (1ms) [Parameters=[@__jti_0='?', @__userId_1='?' (DbType = Int32)], CommandType='"Text"', CommandTimeout='30']
SELECT a."ID", a."CreatedAt", a."DeviceFingerprint", a."ExpiresAt", a."IpAddress", a."IsRevoked", a."UserID", a.jti
FROM "AccessTokens" AS a
WHERE a.jti = @__jti_0 AND a."UserID" = @__userId_1 AND NOT (a."IsRevoked") AND a."ExpiresAt" > now()
LIMIT 1
2026-06-23 17:22:30.588 +00:00 [INF] Executing endpoint 'API.Controllers.AuthController.RefreshToken (API)'
2026-06-23 17:22:30.588 +00:00 [INF] Route matched with {action = "RefreshToken", controller = "Auth"}. Executing controller action with signature System.Threading.Tasks.Task`1[Microsoft.AspNetCore.Mvc.IActionResult] RefreshToken(API.Models.RequestModels.RefreshRequest) on controller API.Controllers.AuthController (API).
2026-06-23 17:22:30.589 +00:00 [INF] Token refresh attempt at "2026-06-23T17:22:30.5890912Z"
2026-06-23 17:22:30.589 +00:00 [INF] Refreshing admin token at "2026-06-23T17:22:30.5892231Z"
2026-06-23 17:22:30.590 +00:00 [INF] Executed DbCommand (1ms) [Parameters=[@__tokenHash_0='?'], CommandType='"Text"', CommandTimeout='30']
SELECT r."ID", r."CreatedAt", r."DeviceFingerprint", r."ExpiresAt", r."IpAddress", r."IsRevoked", r."TokenHash", r."UserID"
FROM "RefreshTokens" AS r
WHERE r."TokenHash" = @__tokenHash_0 AND NOT (r."IsRevoked") AND r."ExpiresAt" > now()
ORDER BY r."CreatedAt" DESC
LIMIT 1
2026-06-23 17:22:30.591 +00:00 [INF] Mozilla/5.0 (Windows NT 10.0; Win64; x64; rv:152.0) Gecko/20100101 Firefox/152.0
2026-06-23 17:22:30.591 +00:00 [INF] Fetching user by ID from database...
2026-06-23 17:22:30.592 +00:00 [INF] Executed DbCommand (1ms) [Parameters=[@__id_0='?' (DbType = Int32)], CommandType='"Text"', CommandTimeout='30']
SELECT u."ID", u."Email", u."PasswordHash", u."RegisteredAt", u."Role", u."Username"
FROM "Users" AS u
WHERE u."ID" = @__id_0
LIMIT 1
2026-06-23 17:22:30.595 +00:00 [INF] Executed DbCommand (2ms) [Parameters=[@p0='?' (DbType = DateTime), @p1='?', @p2='?' (DbType = DateTime), @p3='?', @p4='?' (DbType = Int32), @p5='?'], CommandType='"Text"', CommandTimeout='30']
INSERT INTO "AccessTokens" ("CreatedAt", "DeviceFingerprint", "ExpiresAt", "IpAddress", "UserID", jti)
VALUES (@p0, @p1, @p2, @p3, @p4, @p5)
RETURNING "ID", "IsRevoked";
2026-06-23 17:22:30.596 +00:00 [INF] Executed DbCommand (1ms) [Parameters=[@__jti_0='?', @__userID_1='?' (DbType = Int32), @__deviceFingerprint_2='?', @__ipAddress_3='?'], CommandType='"Text"', CommandTimeout='30']
SELECT a."ID", a."CreatedAt", a."DeviceFingerprint", a."ExpiresAt", a."IpAddress", a."IsRevoked", a."UserID", a.jti
FROM "AccessTokens" AS a
WHERE a.jti = @__jti_0 AND a."UserID" = @__userID_1 AND a."DeviceFingerprint" = @__deviceFingerprint_2 AND a."IpAddress" = @__ipAddress_3
LIMIT 1
2026-06-23 17:22:30.596 +00:00 [INF] Attempting to revoke access token with jti 45bdf02f-71ad-432e-90d5-9e66640b465d for user 1 from device QXaX3D0VCcOUi9BOlof91M3cEs811jcWDuDhmTTelXc= and IP ::ffff:172.20.0.1
2026-06-23 17:22:30.597 +00:00 [INF] Access token found: API.Models.AccessToken
2026-06-23 17:22:30.599 +00:00 [INF] Executed DbCommand (2ms) [Parameters=[@p1='?' (DbType = Int32), @p0='?' (DbType = Boolean)], CommandType='"Text"', CommandTimeout='30']
UPDATE "AccessTokens" SET "IsRevoked" = @p0
WHERE "ID" = @p1;
2026-06-23 17:22:30.599 +00:00 [INF] Access token AccessToken for user 1 revoked: true
2026-06-23 17:22:30.601 +00:00 [INF] Executed DbCommand (2ms) [Parameters=[@p0='?' (DbType = DateTime), @p1='?', @p2='?' (DbType = DateTime), @p3='?', @p4='?', @p5='?' (DbType = Int32)], CommandType='"Text"', CommandTimeout='30']
INSERT INTO "RefreshTokens" ("CreatedAt", "DeviceFingerprint", "ExpiresAt", "IpAddress", "TokenHash", "UserID")
VALUES (@p0, @p1, @p2, @p3, @p4, @p5)
RETURNING "ID", "IsRevoked";
2026-06-23 17:22:30.602 +00:00 [INF] Executed DbCommand (1ms) [Parameters=[@__tokenHash_0='?', @__userId_1='?' (DbType = Int32), @__deviceFingerprint_2='?', @__ipAddress_3='?'], CommandType='"Text"', CommandTimeout='30']
SELECT r."ID", r."CreatedAt", r."DeviceFingerprint", r."ExpiresAt", r."IpAddress", r."IsRevoked", r."TokenHash", r."UserID"
FROM "RefreshTokens" AS r
WHERE r."TokenHash" = @__tokenHash_0 AND r."UserID" = @__userId_1 AND r."DeviceFingerprint" = @__deviceFingerprint_2 AND r."IpAddress" = @__ipAddress_3
LIMIT 1
2026-06-23 17:22:30.604 +00:00 [INF] Executed DbCommand (2ms) [Parameters=[@p1='?' (DbType = Int32), @p0='?' (DbType = Boolean)], CommandType='"Text"', CommandTimeout='30']
UPDATE "RefreshTokens" SET "IsRevoked" = @p0
WHERE "ID" = @p1;
2026-06-23 17:22:30.604 +00:00 [INF] Refresh token 2JVhUDdhU2mjf13/pVxAZ/bXl92T6HLDE4nlSdgHSZc= for user 1 revoked: true
2026-06-23 17:22:30.604 +00:00 [INF] Token refreshed successfully for user 1 at "2026-06-23T17:22:30.6049104Z"
2026-06-23 17:22:30.605 +00:00 [INF] Executing OkObjectResult, writing value of type '<>f__AnonymousType3`2[[System.Boolean, System.Private.CoreLib, Version=9.0.0.0, Culture=neutral, PublicKeyToken=7cec85d7bea7798e],[System.Int32, System.Private.CoreLib, Version=9.0.0.0, Culture=neutral, PublicKeyToken=7cec85d7bea7798e]]'.
2026-06-23 17:22:30.605 +00:00 [INF] Executed action API.Controllers.AuthController.RefreshToken (API) in 16.444ms
2026-06-23 17:22:30.605 +00:00 [INF] Executed endpoint 'API.Controllers.AuthController.RefreshToken (API)'
2026-06-23 17:22:30.605 +00:00 [INF] Request finished HTTP/1.1 POST http://192.168.1.4:8080/api/auth/refresh - 200 null application/json; charset=utf-8 21.7676ms
2026-06-23 17:22:37.455 +00:00 [INF] Request starting HTTP/1.1 OPTIONS http://192.168.1.4:8080/api/password/generate-password - null null
2026-06-23 17:22:37.455 +00:00 [INF] CORS policy execution successful.
2026-06-23 17:22:37.455 +00:00 [INF] Request finished HTTP/1.1 OPTIONS http://192.168.1.4:8080/api/password/generate-password - 204 null null 0.4916ms
2026-06-23 17:22:37.457 +00:00 [INF] Request starting HTTP/1.1 POST http://192.168.1.4:8080/api/password/generate-password - application/json 67
2026-06-23 17:22:37.457 +00:00 [INF] CORS policy execution successful.
2026-06-23 17:22:37.457 +00:00 [INF] ====== OnMessageReceived START ======
2026-06-23 17:22:37.457 +00:00 [INF] Available cookies: 2
2026-06-23 17:22:37.457 +00:00 [INF] Cookie: adminToken = 844 chars
2026-06-23 17:22:37.457 +00:00 [INF] Cookie: adminRefreshToken = 44 chars
2026-06-23 17:22:37.458 +00:00 [INF] Admin token found in cookies, length: 844
2026-06-23 17:22:37.458 +00:00 [INF] Admin token set in context
2026-06-23 17:22:37.458 +00:00 [INF] ====== OnMessageReceived END - Token set: true ======
2026-06-23 17:22:37.458 +00:00 [INF] Token validated successfully for user: lengyelnorbi
2026-06-23 17:22:37.458 +00:00 [INF] Device fingerprint headers - UA: Mozilla/5.0 (Windows NT 10.0; Win64; x64; rv:152.0) Gecko/20100101 Firefox/152.0, Accept: */*, Encoding: gzip, deflate
2026-06-23 17:22:37.458 +00:00 [INF] Device fingerprint validation: Stored=QXaX3D0VCcOUi9BOlof91M3cEs811jcWDuDhmTTelXc=, Current=QXaX3D0VCcOUi9BOlof91M3cEs811jcWDuDhmTTelXc=
2026-06-23 17:22:37.460 +00:00 [INF] Executed DbCommand (1ms) [Parameters=[@__jti_0='?', @__userId_1='?' (DbType = Int32)], CommandType='"Text"', CommandTimeout='30']
SELECT a."ID", a."CreatedAt", a."DeviceFingerprint", a."ExpiresAt", a."IpAddress", a."IsRevoked", a."UserID", a.jti
FROM "AccessTokens" AS a
WHERE a.jti = @__jti_0 AND a."UserID" = @__userId_1 AND NOT (a."IsRevoked") AND a."ExpiresAt" > now()
LIMIT 1
2026-06-23 17:22:37.461 +00:00 [INF] Executing endpoint 'API.Controllers.PasswordController.GeneratePassword (API)'
2026-06-23 17:22:37.461 +00:00 [INF] Route matched with {action = "GeneratePassword", controller = "Password"}. Executing controller action with signature System.Threading.Tasks.Task`1[Microsoft.AspNetCore.Mvc.IActionResult] GeneratePassword(API.Models.RequestModels.GeneratePwdRequest) on controller API.Controllers.PasswordController (API).
2026-06-23 17:22:37.462 +00:00 [INF] Executing OkObjectResult, writing value of type '<>f__AnonymousType4`1[[System.String, System.Private.CoreLib, Version=9.0.0.0, Culture=neutral, PublicKeyToken=7cec85d7bea7798e]]'.
2026-06-23 17:22:37.462 +00:00 [INF] Executed action API.Controllers.PasswordController.GeneratePassword (API) in 0.6724ms
2026-06-23 17:22:37.462 +00:00 [INF] Executed endpoint 'API.Controllers.PasswordController.GeneratePassword (API)'
2026-06-23 17:22:37.462 +00:00 [INF] Request finished HTTP/1.1 POST http://192.168.1.4:8080/api/password/generate-password - 200 null application/json; charset=utf-8 5.6061ms
2026-06-23 17:27:00.813 +00:00 [INF] Request starting HTTP/1.1 OPTIONS http://192.168.1.4:8080/api/auth/refresh - null null
2026-06-23 17:27:00.814 +00:00 [INF] CORS policy execution successful.
2026-06-23 17:27:00.814 +00:00 [INF] Request finished HTTP/1.1 OPTIONS http://192.168.1.4:8080/api/auth/refresh - 204 null null 0.7527ms
2026-06-23 17:27:00.816 +00:00 [INF] Request starting HTTP/1.1 POST http://192.168.1.4:8080/api/auth/refresh - application/json 18
2026-06-23 17:27:00.817 +00:00 [INF] CORS policy execution successful.
2026-06-23 17:27:00.817 +00:00 [INF] ====== OnMessageReceived START ======
2026-06-23 17:27:00.817 +00:00 [INF] Available cookies: 2
2026-06-23 17:27:00.817 +00:00 [INF] Cookie: adminToken = 844 chars
2026-06-23 17:27:00.817 +00:00 [INF] Cookie: adminRefreshToken = 44 chars
2026-06-23 17:27:00.817 +00:00 [INF] Admin token found in cookies, length: 844
2026-06-23 17:27:00.817 +00:00 [INF] Admin token set in context
2026-06-23 17:27:00.818 +00:00 [INF] ====== OnMessageReceived END - Token set: true ======
2026-06-23 17:27:00.818 +00:00 [INF] Token validated successfully for user: lengyelnorbi
2026-06-23 17:27:00.818 +00:00 [INF] Device fingerprint headers - UA: Mozilla/5.0 (Windows NT 10.0; Win64; x64; rv:152.0) Gecko/20100101 Firefox/152.0, Accept: */*, Encoding: gzip, deflate
2026-06-23 17:27:00.818 +00:00 [INF] Device fingerprint validation: Stored=QXaX3D0VCcOUi9BOlof91M3cEs811jcWDuDhmTTelXc=, Current=QXaX3D0VCcOUi9BOlof91M3cEs811jcWDuDhmTTelXc=
2026-06-23 17:27:00.821 +00:00 [INF] Executed DbCommand (1ms) [Parameters=[@__jti_0='?', @__userId_1='?' (DbType = Int32)], CommandType='"Text"', CommandTimeout='30']
SELECT a."ID", a."CreatedAt", a."DeviceFingerprint", a."ExpiresAt", a."IpAddress", a."IsRevoked", a."UserID", a.jti
FROM "AccessTokens" AS a
WHERE a.jti = @__jti_0 AND a."UserID" = @__userId_1 AND NOT (a."IsRevoked") AND a."ExpiresAt" > now()
LIMIT 1
2026-06-23 17:27:00.821 +00:00 [INF] Executing endpoint 'API.Controllers.AuthController.RefreshToken (API)'
2026-06-23 17:27:00.822 +00:00 [INF] Route matched with {action = "RefreshToken", controller = "Auth"}. Executing controller action with signature System.Threading.Tasks.Task`1[Microsoft.AspNetCore.Mvc.IActionResult] RefreshToken(API.Models.RequestModels.RefreshRequest) on controller API.Controllers.AuthController (API).
2026-06-23 17:27:00.822 +00:00 [INF] Token refresh attempt at "2026-06-23T17:27:00.8224065Z"
2026-06-23 17:27:00.822 +00:00 [INF] Refreshing admin token at "2026-06-23T17:27:00.8225686Z"
2026-06-23 17:27:00.823 +00:00 [INF] Executed DbCommand (1ms) [Parameters=[@__tokenHash_0='?'], CommandType='"Text"', CommandTimeout='30']
SELECT r."ID", r."CreatedAt", r."DeviceFingerprint", r."ExpiresAt", r."IpAddress", r."IsRevoked", r."TokenHash", r."UserID"
FROM "RefreshTokens" AS r
WHERE r."TokenHash" = @__tokenHash_0 AND NOT (r."IsRevoked") AND r."ExpiresAt" > now()
ORDER BY r."CreatedAt" DESC
LIMIT 1
2026-06-23 17:27:00.824 +00:00 [INF] Mozilla/5.0 (Windows NT 10.0; Win64; x64; rv:152.0) Gecko/20100101 Firefox/152.0
2026-06-23 17:27:00.824 +00:00 [INF] Fetching user by ID from database...
2026-06-23 17:27:00.825 +00:00 [INF] Executed DbCommand (1ms) [Parameters=[@__id_0='?' (DbType = Int32)], CommandType='"Text"', CommandTimeout='30']
SELECT u."ID", u."Email", u."PasswordHash", u."RegisteredAt", u."Role", u."Username"
FROM "Users" AS u
WHERE u."ID" = @__id_0
LIMIT 1
2026-06-23 17:27:00.828 +00:00 [INF] Executed DbCommand (2ms) [Parameters=[@p0='?' (DbType = DateTime), @p1='?', @p2='?' (DbType = DateTime), @p3='?', @p4='?' (DbType = Int32), @p5='?'], CommandType='"Text"', CommandTimeout='30']
INSERT INTO "AccessTokens" ("CreatedAt", "DeviceFingerprint", "ExpiresAt", "IpAddress", "UserID", jti)
VALUES (@p0, @p1, @p2, @p3, @p4, @p5)
RETURNING "ID", "IsRevoked";
2026-06-23 17:27:00.829 +00:00 [INF] Executed DbCommand (1ms) [Parameters=[@__jti_0='?', @__userID_1='?' (DbType = Int32), @__deviceFingerprint_2='?', @__ipAddress_3='?'], CommandType='"Text"', CommandTimeout='30']
SELECT a."ID", a."CreatedAt", a."DeviceFingerprint", a."ExpiresAt", a."IpAddress", a."IsRevoked", a."UserID", a.jti
FROM "AccessTokens" AS a
WHERE a.jti = @__jti_0 AND a."UserID" = @__userID_1 AND a."DeviceFingerprint" = @__deviceFingerprint_2 AND a."IpAddress" = @__ipAddress_3
LIMIT 1
2026-06-23 17:27:00.829 +00:00 [INF] Attempting to revoke access token with jti fd180a7d-7e67-4371-82ca-801762e99e2f for user 1 from device QXaX3D0VCcOUi9BOlof91M3cEs811jcWDuDhmTTelXc= and IP ::ffff:172.20.0.1
2026-06-23 17:27:00.829 +00:00 [INF] Access token found: API.Models.AccessToken
2026-06-23 17:27:00.831 +00:00 [INF] Executed DbCommand (2ms) [Parameters=[@p1='?' (DbType = Int32), @p0='?' (DbType = Boolean)], CommandType='"Text"', CommandTimeout='30']
UPDATE "AccessTokens" SET "IsRevoked" = @p0
WHERE "ID" = @p1;
2026-06-23 17:27:00.832 +00:00 [INF] Access token AccessToken for user 1 revoked: true
2026-06-23 17:27:00.834 +00:00 [INF] Executed DbCommand (2ms) [Parameters=[@p0='?' (DbType = DateTime), @p1='?', @p2='?' (DbType = DateTime), @p3='?', @p4='?', @p5='?' (DbType = Int32)], CommandType='"Text"', CommandTimeout='30']
INSERT INTO "RefreshTokens" ("CreatedAt", "DeviceFingerprint", "ExpiresAt", "IpAddress", "TokenHash", "UserID")
VALUES (@p0, @p1, @p2, @p3, @p4, @p5)
RETURNING "ID", "IsRevoked";
2026-06-23 17:27:00.835 +00:00 [INF] Executed DbCommand (1ms) [Parameters=[@__tokenHash_0='?', @__userId_1='?' (DbType = Int32), @__deviceFingerprint_2='?', @__ipAddress_3='?'], CommandType='"Text"', CommandTimeout='30']
SELECT r."ID", r."CreatedAt", r."DeviceFingerprint", r."ExpiresAt", r."IpAddress", r."IsRevoked", r."TokenHash", r."UserID"
FROM "RefreshTokens" AS r
WHERE r."TokenHash" = @__tokenHash_0 AND r."UserID" = @__userId_1 AND r."DeviceFingerprint" = @__deviceFingerprint_2 AND r."IpAddress" = @__ipAddress_3
LIMIT 1
2026-06-23 17:27:00.837 +00:00 [INF] Executed DbCommand (1ms) [Parameters=[@p1='?' (DbType = Int32), @p0='?' (DbType = Boolean)], CommandType='"Text"', CommandTimeout='30']
UPDATE "RefreshTokens" SET "IsRevoked" = @p0
WHERE "ID" = @p1;
2026-06-23 17:27:00.837 +00:00 [INF] Refresh token dY2FgXNdYdBETvOk3aHRr9/wzD7YL6O2KCTT+N6jF0Q= for user 1 revoked: true
2026-06-23 17:27:00.838 +00:00 [INF] Token refreshed successfully for user 1 at "2026-06-23T17:27:00.8381254Z"
2026-06-23 17:27:00.838 +00:00 [INF] Executing OkObjectResult, writing value of type '<>f__AnonymousType3`2[[System.Boolean, System.Private.CoreLib, Version=9.0.0.0, Culture=neutral, PublicKeyToken=7cec85d7bea7798e],[System.Int32, System.Private.CoreLib, Version=9.0.0.0, Culture=neutral, PublicKeyToken=7cec85d7bea7798e]]'.
2026-06-23 17:27:00.838 +00:00 [INF] Executed action API.Controllers.AuthController.RefreshToken (API) in 16.6461ms
2026-06-23 17:27:00.839 +00:00 [INF] Executed endpoint 'API.Controllers.AuthController.RefreshToken (API)'
2026-06-23 17:27:00.839 +00:00 [INF] Request finished HTTP/1.1 POST http://192.168.1.4:8080/api/auth/refresh - 200 null application/json; charset=utf-8 22.4693ms
2026-06-23 17:31:30.941 +00:00 [INF] Request starting HTTP/1.1 OPTIONS http://192.168.1.4:8080/api/auth/refresh - null null
2026-06-23 17:31:30.941 +00:00 [INF] CORS policy execution successful.
2026-06-23 17:31:30.941 +00:00 [INF] Request finished HTTP/1.1 OPTIONS http://192.168.1.4:8080/api/auth/refresh - 204 null null 0.6576ms
2026-06-23 17:31:30.944 +00:00 [INF] Request starting HTTP/1.1 POST http://192.168.1.4:8080/api/auth/refresh - application/json 18
2026-06-23 17:31:30.944 +00:00 [INF] CORS policy execution successful.
2026-06-23 17:31:30.944 +00:00 [INF] ====== OnMessageReceived START ======
2026-06-23 17:31:30.945 +00:00 [INF] Available cookies: 2
2026-06-23 17:31:30.945 +00:00 [INF] Cookie: adminToken = 844 chars
2026-06-23 17:31:30.945 +00:00 [INF] Cookie: adminRefreshToken = 44 chars
2026-06-23 17:31:30.945 +00:00 [INF] Admin token found in cookies, length: 844
2026-06-23 17:31:30.945 +00:00 [INF] Admin token set in context
2026-06-23 17:31:30.945 +00:00 [INF] ====== OnMessageReceived END - Token set: true ======
2026-06-23 17:31:30.946 +00:00 [INF] Token validated successfully for user: lengyelnorbi
2026-06-23 17:31:30.946 +00:00 [INF] Device fingerprint headers - UA: Mozilla/5.0 (Windows NT 10.0; Win64; x64; rv:152.0) Gecko/20100101 Firefox/152.0, Accept: */*, Encoding: gzip, deflate
2026-06-23 17:31:30.946 +00:00 [INF] Device fingerprint validation: Stored=QXaX3D0VCcOUi9BOlof91M3cEs811jcWDuDhmTTelXc=, Current=QXaX3D0VCcOUi9BOlof91M3cEs811jcWDuDhmTTelXc=
2026-06-23 17:31:30.956 +00:00 [INF] Executed DbCommand (2ms) [Parameters=[@__jti_0='?', @__userId_1='?' (DbType = Int32)], CommandType='"Text"', CommandTimeout='30']
SELECT a."ID", a."CreatedAt", a."DeviceFingerprint", a."ExpiresAt", a."IpAddress", a."IsRevoked", a."UserID", a.jti
FROM "AccessTokens" AS a
WHERE a.jti = @__jti_0 AND a."UserID" = @__userId_1 AND NOT (a."IsRevoked") AND a."ExpiresAt" > now()
LIMIT 1
2026-06-23 17:31:30.956 +00:00 [INF] Executing endpoint 'API.Controllers.AuthController.RefreshToken (API)'
2026-06-23 17:31:30.957 +00:00 [INF] Route matched with {action = "RefreshToken", controller = "Auth"}. Executing controller action with signature System.Threading.Tasks.Task`1[Microsoft.AspNetCore.Mvc.IActionResult] RefreshToken(API.Models.RequestModels.RefreshRequest) on controller API.Controllers.AuthController (API).
2026-06-23 17:31:30.957 +00:00 [INF] Token refresh attempt at "2026-06-23T17:31:30.9575007Z"
2026-06-23 17:31:30.957 +00:00 [INF] Refreshing admin token at "2026-06-23T17:31:30.9576388Z"
2026-06-23 17:31:30.959 +00:00 [INF] Executed DbCommand (1ms) [Parameters=[@__tokenHash_0='?'], CommandType='"Text"', CommandTimeout='30']
SELECT r."ID", r."CreatedAt", r."DeviceFingerprint", r."ExpiresAt", r."IpAddress", r."IsRevoked", r."TokenHash", r."UserID"
FROM "RefreshTokens" AS r
WHERE r."TokenHash" = @__tokenHash_0 AND NOT (r."IsRevoked") AND r."ExpiresAt" > now()
ORDER BY r."CreatedAt" DESC
LIMIT 1
2026-06-23 17:31:30.959 +00:00 [INF] Mozilla/5.0 (Windows NT 10.0; Win64; x64; rv:152.0) Gecko/20100101 Firefox/152.0
2026-06-23 17:31:30.959 +00:00 [INF] Fetching user by ID from database...
2026-06-23 17:31:30.960 +00:00 [INF] Executed DbCommand (1ms) [Parameters=[@__id_0='?' (DbType = Int32)], CommandType='"Text"', CommandTimeout='30']
SELECT u."ID", u."Email", u."PasswordHash", u."RegisteredAt", u."Role", u."Username"
FROM "Users" AS u
WHERE u."ID" = @__id_0
LIMIT 1
2026-06-23 17:31:30.963 +00:00 [INF] Executed DbCommand (3ms) [Parameters=[@p0='?' (DbType = DateTime), @p1='?', @p2='?' (DbType = DateTime), @p3='?', @p4='?' (DbType = Int32), @p5='?'], CommandType='"Text"', CommandTimeout='30']
INSERT INTO "AccessTokens" ("CreatedAt", "DeviceFingerprint", "ExpiresAt", "IpAddress", "UserID", jti)
VALUES (@p0, @p1, @p2, @p3, @p4, @p5)
RETURNING "ID", "IsRevoked";
2026-06-23 17:31:30.965 +00:00 [INF] Executed DbCommand (1ms) [Parameters=[@__jti_0='?', @__userID_1='?' (DbType = Int32), @__deviceFingerprint_2='?', @__ipAddress_3='?'], CommandType='"Text"', CommandTimeout='30']
SELECT a."ID", a."CreatedAt", a."DeviceFingerprint", a."ExpiresAt", a."IpAddress", a."IsRevoked", a."UserID", a.jti
FROM "AccessTokens" AS a
WHERE a.jti = @__jti_0 AND a."UserID" = @__userID_1 AND a."DeviceFingerprint" = @__deviceFingerprint_2 AND a."IpAddress" = @__ipAddress_3
LIMIT 1
2026-06-23 17:31:30.965 +00:00 [INF] Attempting to revoke access token with jti dfd3f617-aadc-4eb9-8e92-2a738d1c1c38 for user 1 from device QXaX3D0VCcOUi9BOlof91M3cEs811jcWDuDhmTTelXc= and IP ::ffff:172.20.0.1
2026-06-23 17:31:30.965 +00:00 [INF] Access token found: API.Models.AccessToken
2026-06-23 17:31:30.967 +00:00 [INF] Executed DbCommand (1ms) [Parameters=[@p1='?' (DbType = Int32), @p0='?' (DbType = Boolean)], CommandType='"Text"', CommandTimeout='30']
UPDATE "AccessTokens" SET "IsRevoked" = @p0
WHERE "ID" = @p1;
2026-06-23 17:31:30.967 +00:00 [INF] Access token AccessToken for user 1 revoked: true
2026-06-23 17:31:30.969 +00:00 [INF] Executed DbCommand (2ms) [Parameters=[@p0='?' (DbType = DateTime), @p1='?', @p2='?' (DbType = DateTime), @p3='?', @p4='?', @p5='?' (DbType = Int32)], CommandType='"Text"', CommandTimeout='30']
INSERT INTO "RefreshTokens" ("CreatedAt", "DeviceFingerprint", "ExpiresAt", "IpAddress", "TokenHash", "UserID")
VALUES (@p0, @p1, @p2, @p3, @p4, @p5)
RETURNING "ID", "IsRevoked";
2026-06-23 17:31:30.970 +00:00 [INF] Executed DbCommand (1ms) [Parameters=[@__tokenHash_0='?', @__userId_1='?' (DbType = Int32), @__deviceFingerprint_2='?', @__ipAddress_3='?'], CommandType='"Text"', CommandTimeout='30']
SELECT r."ID", r."CreatedAt", r."DeviceFingerprint", r."ExpiresAt", r."IpAddress", r."IsRevoked", r."TokenHash", r."UserID"
FROM "RefreshTokens" AS r
WHERE r."TokenHash" = @__tokenHash_0 AND r."UserID" = @__userId_1 AND r."DeviceFingerprint" = @__deviceFingerprint_2 AND r."IpAddress" = @__ipAddress_3
LIMIT 1
2026-06-23 17:31:30.972 +00:00 [INF] Executed DbCommand (1ms) [Parameters=[@p1='?' (DbType = Int32), @p0='?' (DbType = Boolean)], CommandType='"Text"', CommandTimeout='30']
UPDATE "RefreshTokens" SET "IsRevoked" = @p0
WHERE "ID" = @p1;
2026-06-23 17:31:30.972 +00:00 [INF] Refresh token opfneUYHEARp15ZxJCW6ShA/N+dMSm7oemOs5UYocU0= for user 1 revoked: true
2026-06-23 17:31:30.972 +00:00 [INF] Token refreshed successfully for user 1 at "2026-06-23T17:31:30.9724625Z"
2026-06-23 17:31:30.972 +00:00 [INF] Executing OkObjectResult, writing value of type '<>f__AnonymousType3`2[[System.Boolean, System.Private.CoreLib, Version=9.0.0.0, Culture=neutral, PublicKeyToken=7cec85d7bea7798e],[System.Int32, System.Private.CoreLib, Version=9.0.0.0, Culture=neutral, PublicKeyToken=7cec85d7bea7798e]]'.
2026-06-23 17:31:30.972 +00:00 [INF] Executed action API.Controllers.AuthController.RefreshToken (API) in 15.6018ms
2026-06-23 17:31:30.972 +00:00 [INF] Executed endpoint 'API.Controllers.AuthController.RefreshToken (API)'
2026-06-23 17:31:30.973 +00:00 [INF] Request finished HTTP/1.1 POST http://192.168.1.4:8080/api/auth/refresh - 200 null application/json; charset=utf-8 28.7336ms
2026-06-23 17:36:01.110 +00:00 [INF] Request starting HTTP/1.1 OPTIONS http://192.168.1.4:8080/api/auth/refresh - null null
2026-06-23 17:36:01.111 +00:00 [INF] CORS policy execution successful.
2026-06-23 17:36:01.111 +00:00 [INF] Request finished HTTP/1.1 OPTIONS http://192.168.1.4:8080/api/auth/refresh - 204 null null 0.7637ms
2026-06-23 17:36:01.113 +00:00 [INF] Request starting HTTP/1.1 POST http://192.168.1.4:8080/api/auth/refresh - application/json 18
2026-06-23 17:36:01.113 +00:00 [INF] CORS policy execution successful.
2026-06-23 17:36:01.113 +00:00 [INF] ====== OnMessageReceived START ======
2026-06-23 17:36:01.114 +00:00 [INF] Available cookies: 2
2026-06-23 17:36:01.114 +00:00 [INF] Cookie: adminToken = 844 chars
2026-06-23 17:36:01.114 +00:00 [INF] Cookie: adminRefreshToken = 44 chars
2026-06-23 17:36:01.114 +00:00 [INF] Admin token found in cookies, length: 844
2026-06-23 17:36:01.114 +00:00 [INF] Admin token set in context
2026-06-23 17:36:01.115 +00:00 [INF] ====== OnMessageReceived END - Token set: true ======
2026-06-23 17:36:01.115 +00:00 [INF] Token validated successfully for user: lengyelnorbi
2026-06-23 17:36:01.115 +00:00 [INF] Device fingerprint headers - UA: Mozilla/5.0 (Windows NT 10.0; Win64; x64; rv:152.0) Gecko/20100101 Firefox/152.0, Accept: */*, Encoding: gzip, deflate
2026-06-23 17:36:01.115 +00:00 [INF] Device fingerprint validation: Stored=QXaX3D0VCcOUi9BOlof91M3cEs811jcWDuDhmTTelXc=, Current=QXaX3D0VCcOUi9BOlof91M3cEs811jcWDuDhmTTelXc=
2026-06-23 17:36:01.117 +00:00 [INF] Executed DbCommand (1ms) [Parameters=[@__jti_0='?', @__userId_1='?' (DbType = Int32)], CommandType='"Text"', CommandTimeout='30']
SELECT a."ID", a."CreatedAt", a."DeviceFingerprint", a."ExpiresAt", a."IpAddress", a."IsRevoked", a."UserID", a.jti
FROM "AccessTokens" AS a
WHERE a.jti = @__jti_0 AND a."UserID" = @__userId_1 AND NOT (a."IsRevoked") AND a."ExpiresAt" > now()
LIMIT 1
2026-06-23 17:36:01.117 +00:00 [INF] Executing endpoint 'API.Controllers.AuthController.RefreshToken (API)'
2026-06-23 17:36:01.118 +00:00 [INF] Route matched with {action = "RefreshToken", controller = "Auth"}. Executing controller action with signature System.Threading.Tasks.Task`1[Microsoft.AspNetCore.Mvc.IActionResult] RefreshToken(API.Models.RequestModels.RefreshRequest) on controller API.Controllers.AuthController (API).
2026-06-23 17:36:01.118 +00:00 [INF] Token refresh attempt at "2026-06-23T17:36:01.1186186Z"
2026-06-23 17:36:01.118 +00:00 [INF] Refreshing admin token at "2026-06-23T17:36:01.1187775Z"
2026-06-23 17:36:01.120 +00:00 [INF] Executed DbCommand (1ms) [Parameters=[@__tokenHash_0='?'], CommandType='"Text"', CommandTimeout='30']
SELECT r."ID", r."CreatedAt", r."DeviceFingerprint", r."ExpiresAt", r."IpAddress", r."IsRevoked", r."TokenHash", r."UserID"
FROM "RefreshTokens" AS r
WHERE r."TokenHash" = @__tokenHash_0 AND NOT (r."IsRevoked") AND r."ExpiresAt" > now()
ORDER BY r."CreatedAt" DESC
LIMIT 1
2026-06-23 17:36:01.120 +00:00 [INF] Mozilla/5.0 (Windows NT 10.0; Win64; x64; rv:152.0) Gecko/20100101 Firefox/152.0
2026-06-23 17:36:01.120 +00:00 [INF] Fetching user by ID from database...
2026-06-23 17:36:01.121 +00:00 [INF] Executed DbCommand (1ms) [Parameters=[@__id_0='?' (DbType = Int32)], CommandType='"Text"', CommandTimeout='30']
SELECT u."ID", u."Email", u."PasswordHash", u."RegisteredAt", u."Role", u."Username"
FROM "Users" AS u
WHERE u."ID" = @__id_0
LIMIT 1
2026-06-23 17:36:01.124 +00:00 [INF] Executed DbCommand (2ms) [Parameters=[@p0='?' (DbType = DateTime), @p1='?', @p2='?' (DbType = DateTime), @p3='?', @p4='?' (DbType = Int32), @p5='?'], CommandType='"Text"', CommandTimeout='30']
INSERT INTO "AccessTokens" ("CreatedAt", "DeviceFingerprint", "ExpiresAt", "IpAddress", "UserID", jti)
VALUES (@p0, @p1, @p2, @p3, @p4, @p5)
RETURNING "ID", "IsRevoked";
2026-06-23 17:36:01.125 +00:00 [INF] Executed DbCommand (1ms) [Parameters=[@__jti_0='?', @__userID_1='?' (DbType = Int32), @__deviceFingerprint_2='?', @__ipAddress_3='?'], CommandType='"Text"', CommandTimeout='30']
SELECT a."ID", a."CreatedAt", a."DeviceFingerprint", a."ExpiresAt", a."IpAddress", a."IsRevoked", a."UserID", a.jti
FROM "AccessTokens" AS a
WHERE a.jti = @__jti_0 AND a."UserID" = @__userID_1 AND a."DeviceFingerprint" = @__deviceFingerprint_2 AND a."IpAddress" = @__ipAddress_3
LIMIT 1
2026-06-23 17:36:01.125 +00:00 [INF] Attempting to revoke access token with jti 62b78125-f53d-4cd4-8a03-47b3a0b6c7c9 for user 1 from device QXaX3D0VCcOUi9BOlof91M3cEs811jcWDuDhmTTelXc= and IP ::ffff:172.20.0.1
2026-06-23 17:36:01.125 +00:00 [INF] Access token found: API.Models.AccessToken
2026-06-23 17:36:01.127 +00:00 [INF] Executed DbCommand (2ms) [Parameters=[@p1='?' (DbType = Int32), @p0='?' (DbType = Boolean)], CommandType='"Text"', CommandTimeout='30']
UPDATE "AccessTokens" SET "IsRevoked" = @p0
WHERE "ID" = @p1;
2026-06-23 17:36:01.127 +00:00 [INF] Access token AccessToken for user 1 revoked: true
2026-06-23 17:36:01.129 +00:00 [INF] Executed DbCommand (2ms) [Parameters=[@p0='?' (DbType = DateTime), @p1='?', @p2='?' (DbType = DateTime), @p3='?', @p4='?', @p5='?' (DbType = Int32)], CommandType='"Text"', CommandTimeout='30']
INSERT INTO "RefreshTokens" ("CreatedAt", "DeviceFingerprint", "ExpiresAt", "IpAddress", "TokenHash", "UserID")
VALUES (@p0, @p1, @p2, @p3, @p4, @p5)
RETURNING "ID", "IsRevoked";
2026-06-23 17:36:01.131 +00:00 [INF] Executed DbCommand (1ms) [Parameters=[@__tokenHash_0='?', @__userId_1='?' (DbType = Int32), @__deviceFingerprint_2='?', @__ipAddress_3='?'], CommandType='"Text"', CommandTimeout='30']
SELECT r."ID", r."CreatedAt", r."DeviceFingerprint", r."ExpiresAt", r."IpAddress", r."IsRevoked", r."TokenHash", r."UserID"
FROM "RefreshTokens" AS r
WHERE r."TokenHash" = @__tokenHash_0 AND r."UserID" = @__userId_1 AND r."DeviceFingerprint" = @__deviceFingerprint_2 AND r."IpAddress" = @__ipAddress_3
LIMIT 1
2026-06-23 17:36:01.132 +00:00 [INF] Executed DbCommand (1ms) [Parameters=[@p1='?' (DbType = Int32), @p0='?' (DbType = Boolean)], CommandType='"Text"', CommandTimeout='30']
UPDATE "RefreshTokens" SET "IsRevoked" = @p0
WHERE "ID" = @p1;
2026-06-23 17:36:01.132 +00:00 [INF] Refresh token u6/dpw+xcGX9VcUXi0ggLAJB8vgAJIz/X6zAmHt57oM= for user 1 revoked: true
2026-06-23 17:36:01.132 +00:00 [INF] Token refreshed successfully for user 1 at "2026-06-23T17:36:01.1329759Z"
2026-06-23 17:36:01.133 +00:00 [INF] Executing OkObjectResult, writing value of type '<>f__AnonymousType3`2[[System.Boolean, System.Private.CoreLib, Version=9.0.0.0, Culture=neutral, PublicKeyToken=7cec85d7bea7798e],[System.Int32, System.Private.CoreLib, Version=9.0.0.0, Culture=neutral, PublicKeyToken=7cec85d7bea7798e]]'.
2026-06-23 17:36:01.133 +00:00 [INF] Executed action API.Controllers.AuthController.RefreshToken (API) in 15.1015ms
2026-06-23 17:36:01.133 +00:00 [INF] Executed endpoint 'API.Controllers.AuthController.RefreshToken (API)'
2026-06-23 17:36:01.133 +00:00 [INF] Request finished HTTP/1.1 POST http://192.168.1.4:8080/api/auth/refresh - 200 null application/json; charset=utf-8 20.2416ms
2026-06-23 17:40:31.156 +00:00 [INF] Request starting HTTP/1.1 OPTIONS http://192.168.1.4:8080/api/auth/refresh - null null
2026-06-23 17:40:31.156 +00:00 [INF] CORS policy execution successful.
2026-06-23 17:40:31.156 +00:00 [INF] Request finished HTTP/1.1 OPTIONS http://192.168.1.4:8080/api/auth/refresh - 204 null null 0.6017ms
2026-06-23 17:40:31.158 +00:00 [INF] Request starting HTTP/1.1 POST http://192.168.1.4:8080/api/auth/refresh - application/json 18
2026-06-23 17:40:31.159 +00:00 [INF] CORS policy execution successful.
2026-06-23 17:40:31.159 +00:00 [INF] ====== OnMessageReceived START ======
2026-06-23 17:40:31.159 +00:00 [INF] Available cookies: 2
2026-06-23 17:40:31.159 +00:00 [INF] Cookie: adminToken = 844 chars
2026-06-23 17:40:31.159 +00:00 [INF] Cookie: adminRefreshToken = 44 chars
2026-06-23 17:40:31.159 +00:00 [INF] Admin token found in cookies, length: 844
2026-06-23 17:40:31.159 +00:00 [INF] Admin token set in context
2026-06-23 17:40:31.160 +00:00 [INF] ====== OnMessageReceived END - Token set: true ======
2026-06-23 17:40:31.160 +00:00 [INF] Token validated successfully for user: lengyelnorbi
2026-06-23 17:40:31.160 +00:00 [INF] Device fingerprint headers - UA: Mozilla/5.0 (Windows NT 10.0; Win64; x64; rv:152.0) Gecko/20100101 Firefox/152.0, Accept: */*, Encoding: gzip, deflate
2026-06-23 17:40:31.160 +00:00 [INF] Device fingerprint validation: Stored=QXaX3D0VCcOUi9BOlof91M3cEs811jcWDuDhmTTelXc=, Current=QXaX3D0VCcOUi9BOlof91M3cEs811jcWDuDhmTTelXc=
2026-06-23 17:40:31.170 +00:00 [INF] Executed DbCommand (2ms) [Parameters=[@__jti_0='?', @__userId_1='?' (DbType = Int32)], CommandType='"Text"', CommandTimeout='30']
SELECT a."ID", a."CreatedAt", a."DeviceFingerprint", a."ExpiresAt", a."IpAddress", a."IsRevoked", a."UserID", a.jti
FROM "AccessTokens" AS a
WHERE a.jti = @__jti_0 AND a."UserID" = @__userId_1 AND NOT (a."IsRevoked") AND a."ExpiresAt" > now()
LIMIT 1
2026-06-23 17:40:31.171 +00:00 [INF] Executing endpoint 'API.Controllers.AuthController.RefreshToken (API)'
2026-06-23 17:40:31.171 +00:00 [INF] Route matched with {action = "RefreshToken", controller = "Auth"}. Executing controller action with signature System.Threading.Tasks.Task`1[Microsoft.AspNetCore.Mvc.IActionResult] RefreshToken(API.Models.RequestModels.RefreshRequest) on controller API.Controllers.AuthController (API).
2026-06-23 17:40:31.171 +00:00 [INF] Token refresh attempt at "2026-06-23T17:40:31.1718851Z"
2026-06-23 17:40:31.172 +00:00 [INF] Refreshing admin token at "2026-06-23T17:40:31.1720452Z"
2026-06-23 17:40:31.173 +00:00 [INF] Executed DbCommand (1ms) [Parameters=[@__tokenHash_0='?'], CommandType='"Text"', CommandTimeout='30']
SELECT r."ID", r."CreatedAt", r."DeviceFingerprint", r."ExpiresAt", r."IpAddress", r."IsRevoked", r."TokenHash", r."UserID"
FROM "RefreshTokens" AS r
WHERE r."TokenHash" = @__tokenHash_0 AND NOT (r."IsRevoked") AND r."ExpiresAt" > now()
ORDER BY r."CreatedAt" DESC
LIMIT 1
2026-06-23 17:40:31.173 +00:00 [INF] Mozilla/5.0 (Windows NT 10.0; Win64; x64; rv:152.0) Gecko/20100101 Firefox/152.0
2026-06-23 17:40:31.174 +00:00 [INF] Fetching user by ID from database...
2026-06-23 17:40:31.175 +00:00 [INF] Executed DbCommand (1ms) [Parameters=[@__id_0='?' (DbType = Int32)], CommandType='"Text"', CommandTimeout='30']
SELECT u."ID", u."Email", u."PasswordHash", u."RegisteredAt", u."Role", u."Username"
FROM "Users" AS u
WHERE u."ID" = @__id_0
LIMIT 1
2026-06-23 17:40:31.178 +00:00 [INF] Executed DbCommand (2ms) [Parameters=[@p0='?' (DbType = DateTime), @p1='?', @p2='?' (DbType = DateTime), @p3='?', @p4='?' (DbType = Int32), @p5='?'], CommandType='"Text"', CommandTimeout='30']
INSERT INTO "AccessTokens" ("CreatedAt", "DeviceFingerprint", "ExpiresAt", "IpAddress", "UserID", jti)
VALUES (@p0, @p1, @p2, @p3, @p4, @p5)
RETURNING "ID", "IsRevoked";
2026-06-23 17:40:31.179 +00:00 [INF] Executed DbCommand (1ms) [Parameters=[@__jti_0='?', @__userID_1='?' (DbType = Int32), @__deviceFingerprint_2='?', @__ipAddress_3='?'], CommandType='"Text"', CommandTimeout='30']
SELECT a."ID", a."CreatedAt", a."DeviceFingerprint", a."ExpiresAt", a."IpAddress", a."IsRevoked", a."UserID", a.jti
FROM "AccessTokens" AS a
WHERE a.jti = @__jti_0 AND a."UserID" = @__userID_1 AND a."DeviceFingerprint" = @__deviceFingerprint_2 AND a."IpAddress" = @__ipAddress_3
LIMIT 1
2026-06-23 17:40:31.179 +00:00 [INF] Attempting to revoke access token with jti a401035c-1954-40f7-9cff-1816d9e2aaf9 for user 1 from device QXaX3D0VCcOUi9BOlof91M3cEs811jcWDuDhmTTelXc= and IP ::ffff:172.20.0.1
2026-06-23 17:40:31.179 +00:00 [INF] Access token found: API.Models.AccessToken
2026-06-23 17:40:31.181 +00:00 [INF] Executed DbCommand (2ms) [Parameters=[@p1='?' (DbType = Int32), @p0='?' (DbType = Boolean)], CommandType='"Text"', CommandTimeout='30']
UPDATE "AccessTokens" SET "IsRevoked" = @p0
WHERE "ID" = @p1;
2026-06-23 17:40:31.181 +00:00 [INF] Access token AccessToken for user 1 revoked: true
2026-06-23 17:40:31.183 +00:00 [INF] Executed DbCommand (2ms) [Parameters=[@p0='?' (DbType = DateTime), @p1='?', @p2='?' (DbType = DateTime), @p3='?', @p4='?', @p5='?' (DbType = Int32)], CommandType='"Text"', CommandTimeout='30']
INSERT INTO "RefreshTokens" ("CreatedAt", "DeviceFingerprint", "ExpiresAt", "IpAddress", "TokenHash", "UserID")
VALUES (@p0, @p1, @p2, @p3, @p4, @p5)
RETURNING "ID", "IsRevoked";
2026-06-23 17:40:31.185 +00:00 [INF] Executed DbCommand (1ms) [Parameters=[@__tokenHash_0='?', @__userId_1='?' (DbType = Int32), @__deviceFingerprint_2='?', @__ipAddress_3='?'], CommandType='"Text"', CommandTimeout='30']
SELECT r."ID", r."CreatedAt", r."DeviceFingerprint", r."ExpiresAt", r."IpAddress", r."IsRevoked", r."TokenHash", r."UserID"
FROM "RefreshTokens" AS r
WHERE r."TokenHash" = @__tokenHash_0 AND r."UserID" = @__userId_1 AND r."DeviceFingerprint" = @__deviceFingerprint_2 AND r."IpAddress" = @__ipAddress_3
LIMIT 1
2026-06-23 17:40:31.186 +00:00 [INF] Executed DbCommand (1ms) [Parameters=[@p1='?' (DbType = Int32), @p0='?' (DbType = Boolean)], CommandType='"Text"', CommandTimeout='30']
UPDATE "RefreshTokens" SET "IsRevoked" = @p0
WHERE "ID" = @p1;
2026-06-23 17:40:31.186 +00:00 [INF] Refresh token Y30GqsmGieFrSmydTG1grN+Xhl8iTepGF+NtZkBtsgU= for user 1 revoked: true
2026-06-23 17:40:31.187 +00:00 [INF] Token refreshed successfully for user 1 at "2026-06-23T17:40:31.1872031Z"
2026-06-23 17:40:31.187 +00:00 [INF] Executing OkObjectResult, writing value of type '<>f__AnonymousType3`2[[System.Boolean, System.Private.CoreLib, Version=9.0.0.0, Culture=neutral, PublicKeyToken=7cec85d7bea7798e],[System.Int32, System.Private.CoreLib, Version=9.0.0.0, Culture=neutral, PublicKeyToken=7cec85d7bea7798e]]'.
2026-06-23 17:40:31.187 +00:00 [INF] Executed action API.Controllers.AuthController.RefreshToken (API) in 15.8174ms
2026-06-23 17:40:31.187 +00:00 [INF] Executed endpoint 'API.Controllers.AuthController.RefreshToken (API)'
2026-06-23 17:40:31.187 +00:00 [INF] Request finished HTTP/1.1 POST http://192.168.1.4:8080/api/auth/refresh - 200 null application/json; charset=utf-8 29.0304ms
2026-06-23 17:44:57.938 +00:00 [INF] Request starting HTTP/1.1 OPTIONS http://192.168.1.4:8080/api/auth/refresh - null null
2026-06-23 17:44:57.938 +00:00 [INF] CORS policy execution successful.
2026-06-23 17:44:57.939 +00:00 [INF] Request finished HTTP/1.1 OPTIONS http://192.168.1.4:8080/api/auth/refresh - 204 null null 0.633ms
2026-06-23 17:44:57.941 +00:00 [INF] Request starting HTTP/1.1 POST http://192.168.1.4:8080/api/auth/refresh - application/json 18
2026-06-23 17:44:57.941 +00:00 [INF] CORS policy execution successful.
2026-06-23 17:44:57.941 +00:00 [INF] ====== OnMessageReceived START ======
2026-06-23 17:44:57.941 +00:00 [INF] Available cookies: 2
2026-06-23 17:44:57.941 +00:00 [INF] Cookie: adminToken = 844 chars
2026-06-23 17:44:57.941 +00:00 [INF] Cookie: adminRefreshToken = 44 chars
2026-06-23 17:44:57.942 +00:00 [INF] Admin token found in cookies, length: 844
2026-06-23 17:44:57.942 +00:00 [INF] Admin token set in context
2026-06-23 17:44:57.942 +00:00 [INF] ====== OnMessageReceived END - Token set: true ======
2026-06-23 17:44:57.942 +00:00 [INF] Token validated successfully for user: lengyelnorbi
2026-06-23 17:44:57.942 +00:00 [INF] Device fingerprint headers - UA: Mozilla/5.0 (Windows NT 10.0; Win64; x64; rv:152.0) Gecko/20100101 Firefox/152.0, Accept: */*, Encoding: gzip, deflate
2026-06-23 17:44:57.942 +00:00 [INF] Device fingerprint validation: Stored=QXaX3D0VCcOUi9BOlof91M3cEs811jcWDuDhmTTelXc=, Current=QXaX3D0VCcOUi9BOlof91M3cEs811jcWDuDhmTTelXc=
2026-06-23 17:44:57.944 +00:00 [INF] Executed DbCommand (1ms) [Parameters=[@__jti_0='?', @__userId_1='?' (DbType = Int32)], CommandType='"Text"', CommandTimeout='30']
SELECT a."ID", a."CreatedAt", a."DeviceFingerprint", a."ExpiresAt", a."IpAddress", a."IsRevoked", a."UserID", a.jti
FROM "AccessTokens" AS a
WHERE a.jti = @__jti_0 AND a."UserID" = @__userId_1 AND NOT (a."IsRevoked") AND a."ExpiresAt" > now()
LIMIT 1
2026-06-23 17:44:57.944 +00:00 [INF] Executing endpoint 'API.Controllers.AuthController.RefreshToken (API)'
2026-06-23 17:44:57.945 +00:00 [INF] Route matched with {action = "RefreshToken", controller = "Auth"}. Executing controller action with signature System.Threading.Tasks.Task`1[Microsoft.AspNetCore.Mvc.IActionResult] RefreshToken(API.Models.RequestModels.RefreshRequest) on controller API.Controllers.AuthController (API).
2026-06-23 17:44:57.945 +00:00 [INF] Token refresh attempt at "2026-06-23T17:44:57.9452633Z"
2026-06-23 17:44:57.945 +00:00 [INF] Refreshing admin token at "2026-06-23T17:44:57.9454209Z"
2026-06-23 17:44:57.946 +00:00 [INF] Executed DbCommand (1ms) [Parameters=[@__tokenHash_0='?'], CommandType='"Text"', CommandTimeout='30']
SELECT r."ID", r."CreatedAt", r."DeviceFingerprint", r."ExpiresAt", r."IpAddress", r."IsRevoked", r."TokenHash", r."UserID"
FROM "RefreshTokens" AS r
WHERE r."TokenHash" = @__tokenHash_0 AND NOT (r."IsRevoked") AND r."ExpiresAt" > now()
ORDER BY r."CreatedAt" DESC
LIMIT 1
2026-06-23 17:44:57.946 +00:00 [INF] Mozilla/5.0 (Windows NT 10.0; Win64; x64; rv:152.0) Gecko/20100101 Firefox/152.0
2026-06-23 17:44:57.947 +00:00 [INF] Fetching user by ID from database...
2026-06-23 17:44:57.947 +00:00 [INF] Executed DbCommand (1ms) [Parameters=[@__id_0='?' (DbType = Int32)], CommandType='"Text"', CommandTimeout='30']
SELECT u."ID", u."Email", u."PasswordHash", u."RegisteredAt", u."Role", u."Username"
FROM "Users" AS u
WHERE u."ID" = @__id_0
LIMIT 1
2026-06-23 17:44:57.951 +00:00 [INF] Executed DbCommand (3ms) [Parameters=[@p0='?' (DbType = DateTime), @p1='?', @p2='?' (DbType = DateTime), @p3='?', @p4='?' (DbType = Int32), @p5='?'], CommandType='"Text"', CommandTimeout='30']
INSERT INTO "AccessTokens" ("CreatedAt", "DeviceFingerprint", "ExpiresAt", "IpAddress", "UserID", jti)
VALUES (@p0, @p1, @p2, @p3, @p4, @p5)
RETURNING "ID", "IsRevoked";
2026-06-23 17:44:57.952 +00:00 [INF] Executed DbCommand (1ms) [Parameters=[@__jti_0='?', @__userID_1='?' (DbType = Int32), @__deviceFingerprint_2='?', @__ipAddress_3='?'], CommandType='"Text"', CommandTimeout='30']
SELECT a."ID", a."CreatedAt", a."DeviceFingerprint", a."ExpiresAt", a."IpAddress", a."IsRevoked", a."UserID", a.jti
FROM "AccessTokens" AS a
WHERE a.jti = @__jti_0 AND a."UserID" = @__userID_1 AND a."DeviceFingerprint" = @__deviceFingerprint_2 AND a."IpAddress" = @__ipAddress_3
LIMIT 1
2026-06-23 17:44:57.952 +00:00 [INF] Attempting to revoke access token with jti d56aadef-deb3-4c08-893a-5178fd5077f7 for user 1 from device QXaX3D0VCcOUi9BOlof91M3cEs811jcWDuDhmTTelXc= and IP ::ffff:172.20.0.1
2026-06-23 17:44:57.952 +00:00 [INF] Access token found: API.Models.AccessToken
2026-06-23 17:44:57.954 +00:00 [INF] Executed DbCommand (1ms) [Parameters=[@p1='?' (DbType = Int32), @p0='?' (DbType = Boolean)], CommandType='"Text"', CommandTimeout='30']
UPDATE "AccessTokens" SET "IsRevoked" = @p0
WHERE "ID" = @p1;
2026-06-23 17:44:57.954 +00:00 [INF] Access token AccessToken for user 1 revoked: true
2026-06-23 17:44:57.956 +00:00 [INF] Executed DbCommand (1ms) [Parameters=[@p0='?' (DbType = DateTime), @p1='?', @p2='?' (DbType = DateTime), @p3='?', @p4='?', @p5='?' (DbType = Int32)], CommandType='"Text"', CommandTimeout='30']
INSERT INTO "RefreshTokens" ("CreatedAt", "DeviceFingerprint", "ExpiresAt", "IpAddress", "TokenHash", "UserID")
VALUES (@p0, @p1, @p2, @p3, @p4, @p5)
RETURNING "ID", "IsRevoked";
2026-06-23 17:44:57.957 +00:00 [INF] Executed DbCommand (1ms) [Parameters=[@__tokenHash_0='?', @__userId_1='?' (DbType = Int32), @__deviceFingerprint_2='?', @__ipAddress_3='?'], CommandType='"Text"', CommandTimeout='30']
SELECT r."ID", r."CreatedAt", r."DeviceFingerprint", r."ExpiresAt", r."IpAddress", r."IsRevoked", r."TokenHash", r."UserID"
FROM "RefreshTokens" AS r
WHERE r."TokenHash" = @__tokenHash_0 AND r."UserID" = @__userId_1 AND r."DeviceFingerprint" = @__deviceFingerprint_2 AND r."IpAddress" = @__ipAddress_3
LIMIT 1
2026-06-23 17:44:57.960 +00:00 [INF] Executed DbCommand (1ms) [Parameters=[@p1='?' (DbType = Int32), @p0='?' (DbType = Boolean)], CommandType='"Text"', CommandTimeout='30']
UPDATE "RefreshTokens" SET "IsRevoked" = @p0
WHERE "ID" = @p1;
2026-06-23 17:44:57.960 +00:00 [INF] Refresh token Aa3lUisYZyD63dKPVGJbmALoju1LTlMs9T4e8+LHwUo= for user 1 revoked: true
2026-06-23 17:44:57.960 +00:00 [INF] Token refreshed successfully for user 1 at "2026-06-23T17:44:57.9609442Z"
2026-06-23 17:44:57.961 +00:00 [INF] Executing OkObjectResult, writing value of type '<>f__AnonymousType3`2[[System.Boolean, System.Private.CoreLib, Version=9.0.0.0, Culture=neutral, PublicKeyToken=7cec85d7bea7798e],[System.Int32, System.Private.CoreLib, Version=9.0.0.0, Culture=neutral, PublicKeyToken=7cec85d7bea7798e]]'.
2026-06-23 17:44:57.961 +00:00 [INF] Executed action API.Controllers.AuthController.RefreshToken (API) in 16.0992ms
2026-06-23 17:44:57.961 +00:00 [INF] Executed endpoint 'API.Controllers.AuthController.RefreshToken (API)'
2026-06-23 17:44:57.961 +00:00 [INF] Request finished HTTP/1.1 POST http://192.168.1.4:8080/api/auth/refresh - 200 null application/json; charset=utf-8 20.3304ms
2026-06-23 17:49:28.769 +00:00 [INF] Request starting HTTP/1.1 OPTIONS http://192.168.1.4:8080/api/auth/refresh - null null
2026-06-23 17:49:28.769 +00:00 [INF] CORS policy execution successful.
2026-06-23 17:49:28.770 +00:00 [INF] Request finished HTTP/1.1 OPTIONS http://192.168.1.4:8080/api/auth/refresh - 204 null null 0.5269ms
2026-06-23 17:49:28.772 +00:00 [INF] Request starting HTTP/1.1 POST http://192.168.1.4:8080/api/auth/refresh - application/json 18
2026-06-23 17:49:28.772 +00:00 [INF] CORS policy execution successful.
2026-06-23 17:49:28.772 +00:00 [INF] ====== OnMessageReceived START ======
2026-06-23 17:49:28.772 +00:00 [INF] Available cookies: 2
2026-06-23 17:49:28.773 +00:00 [INF] Cookie: adminToken = 844 chars
2026-06-23 17:49:28.773 +00:00 [INF] Cookie: adminRefreshToken = 44 chars
2026-06-23 17:49:28.773 +00:00 [INF] Admin token found in cookies, length: 844
2026-06-23 17:49:28.773 +00:00 [INF] Admin token set in context
2026-06-23 17:49:28.773 +00:00 [INF] ====== OnMessageReceived END - Token set: true ======
2026-06-23 17:49:28.774 +00:00 [INF] Token validated successfully for user: lengyelnorbi
2026-06-23 17:49:28.774 +00:00 [INF] Device fingerprint headers - UA: Mozilla/5.0 (Windows NT 10.0; Win64; x64; rv:152.0) Gecko/20100101 Firefox/152.0, Accept: */*, Encoding: gzip, deflate
2026-06-23 17:49:28.774 +00:00 [INF] Device fingerprint validation: Stored=QXaX3D0VCcOUi9BOlof91M3cEs811jcWDuDhmTTelXc=, Current=QXaX3D0VCcOUi9BOlof91M3cEs811jcWDuDhmTTelXc=
2026-06-23 17:49:28.783 +00:00 [INF] Executed DbCommand (2ms) [Parameters=[@__jti_0='?', @__userId_1='?' (DbType = Int32)], CommandType='"Text"', CommandTimeout='30']
SELECT a."ID", a."CreatedAt", a."DeviceFingerprint", a."ExpiresAt", a."IpAddress", a."IsRevoked", a."UserID", a.jti
FROM "AccessTokens" AS a
WHERE a.jti = @__jti_0 AND a."UserID" = @__userId_1 AND NOT (a."IsRevoked") AND a."ExpiresAt" > now()
LIMIT 1
2026-06-23 17:49:28.784 +00:00 [INF] Executing endpoint 'API.Controllers.AuthController.RefreshToken (API)'
2026-06-23 17:49:28.784 +00:00 [INF] Route matched with {action = "RefreshToken", controller = "Auth"}. Executing controller action with signature System.Threading.Tasks.Task`1[Microsoft.AspNetCore.Mvc.IActionResult] RefreshToken(API.Models.RequestModels.RefreshRequest) on controller API.Controllers.AuthController (API).
2026-06-23 17:49:28.784 +00:00 [INF] Token refresh attempt at "2026-06-23T17:49:28.7847075Z"
2026-06-23 17:49:28.784 +00:00 [INF] Refreshing admin token at "2026-06-23T17:49:28.7848533Z"
2026-06-23 17:49:28.786 +00:00 [INF] Executed DbCommand (1ms) [Parameters=[@__tokenHash_0='?'], CommandType='"Text"', CommandTimeout='30']
SELECT r."ID", r."CreatedAt", r."DeviceFingerprint", r."ExpiresAt", r."IpAddress", r."IsRevoked", r."TokenHash", r."UserID"
FROM "RefreshTokens" AS r
WHERE r."TokenHash" = @__tokenHash_0 AND NOT (r."IsRevoked") AND r."ExpiresAt" > now()
ORDER BY r."CreatedAt" DESC
LIMIT 1
2026-06-23 17:49:28.786 +00:00 [INF] Mozilla/5.0 (Windows NT 10.0; Win64; x64; rv:152.0) Gecko/20100101 Firefox/152.0
2026-06-23 17:49:28.786 +00:00 [INF] Fetching user by ID from database...
2026-06-23 17:49:28.787 +00:00 [INF] Executed DbCommand (1ms) [Parameters=[@__id_0='?' (DbType = Int32)], CommandType='"Text"', CommandTimeout='30']
SELECT u."ID", u."Email", u."PasswordHash", u."RegisteredAt", u."Role", u."Username"
FROM "Users" AS u
WHERE u."ID" = @__id_0
LIMIT 1
2026-06-23 17:49:28.790 +00:00 [INF] Executed DbCommand (2ms) [Parameters=[@p0='?' (DbType = DateTime), @p1='?', @p2='?' (DbType = DateTime), @p3='?', @p4='?' (DbType = Int32), @p5='?'], CommandType='"Text"', CommandTimeout='30']
INSERT INTO "AccessTokens" ("CreatedAt", "DeviceFingerprint", "ExpiresAt", "IpAddress", "UserID", jti)
VALUES (@p0, @p1, @p2, @p3, @p4, @p5)
RETURNING "ID", "IsRevoked";
2026-06-23 17:49:28.791 +00:00 [INF] Executed DbCommand (1ms) [Parameters=[@__jti_0='?', @__userID_1='?' (DbType = Int32), @__deviceFingerprint_2='?', @__ipAddress_3='?'], CommandType='"Text"', CommandTimeout='30']
SELECT a."ID", a."CreatedAt", a."DeviceFingerprint", a."ExpiresAt", a."IpAddress", a."IsRevoked", a."UserID", a.jti
FROM "AccessTokens" AS a
WHERE a.jti = @__jti_0 AND a."UserID" = @__userID_1 AND a."DeviceFingerprint" = @__deviceFingerprint_2 AND a."IpAddress" = @__ipAddress_3
LIMIT 1
2026-06-23 17:49:28.791 +00:00 [INF] Attempting to revoke access token with jti 07615919-4af1-4bac-a01f-3236ee5bd43c for user 1 from device QXaX3D0VCcOUi9BOlof91M3cEs811jcWDuDhmTTelXc= and IP ::ffff:172.20.0.1
2026-06-23 17:49:28.792 +00:00 [INF] Access token found: API.Models.AccessToken
2026-06-23 17:49:28.793 +00:00 [INF] Executed DbCommand (1ms) [Parameters=[@p1='?' (DbType = Int32), @p0='?' (DbType = Boolean)], CommandType='"Text"', CommandTimeout='30']
UPDATE "AccessTokens" SET "IsRevoked" = @p0
WHERE "ID" = @p1;
2026-06-23 17:49:28.793 +00:00 [INF] Access token AccessToken for user 1 revoked: true
2026-06-23 17:49:28.796 +00:00 [INF] Executed DbCommand (2ms) [Parameters=[@p0='?' (DbType = DateTime), @p1='?', @p2='?' (DbType = DateTime), @p3='?', @p4='?', @p5='?' (DbType = Int32)], CommandType='"Text"', CommandTimeout='30']
INSERT INTO "RefreshTokens" ("CreatedAt", "DeviceFingerprint", "ExpiresAt", "IpAddress", "TokenHash", "UserID")
VALUES (@p0, @p1, @p2, @p3, @p4, @p5)
RETURNING "ID", "IsRevoked";
2026-06-23 17:49:28.797 +00:00 [INF] Executed DbCommand (1ms) [Parameters=[@__tokenHash_0='?', @__userId_1='?' (DbType = Int32), @__deviceFingerprint_2='?', @__ipAddress_3='?'], CommandType='"Text"', CommandTimeout='30']
SELECT r."ID", r."CreatedAt", r."DeviceFingerprint", r."ExpiresAt", r."IpAddress", r."IsRevoked", r."TokenHash", r."UserID"
FROM "RefreshTokens" AS r
WHERE r."TokenHash" = @__tokenHash_0 AND r."UserID" = @__userId_1 AND r."DeviceFingerprint" = @__deviceFingerprint_2 AND r."IpAddress" = @__ipAddress_3
LIMIT 1
2026-06-23 17:49:28.798 +00:00 [INF] Executed DbCommand (1ms) [Parameters=[@p1='?' (DbType = Int32), @p0='?' (DbType = Boolean)], CommandType='"Text"', CommandTimeout='30']
UPDATE "RefreshTokens" SET "IsRevoked" = @p0
WHERE "ID" = @p1;
2026-06-23 17:49:28.799 +00:00 [INF] Refresh token ESvDulQRwGwQQkAxxPqN46cadaPwvypUbPMZO92nEC8= for user 1 revoked: true
2026-06-23 17:49:28.799 +00:00 [INF] Token refreshed successfully for user 1 at "2026-06-23T17:49:28.7991580Z"
2026-06-23 17:49:28.799 +00:00 [INF] Executing OkObjectResult, writing value of type '<>f__AnonymousType3`2[[System.Boolean, System.Private.CoreLib, Version=9.0.0.0, Culture=neutral, PublicKeyToken=7cec85d7bea7798e],[System.Int32, System.Private.CoreLib, Version=9.0.0.0, Culture=neutral, PublicKeyToken=7cec85d7bea7798e]]'.
2026-06-23 17:49:28.799 +00:00 [INF] Executed action API.Controllers.AuthController.RefreshToken (API) in 14.8876ms
2026-06-23 17:49:28.799 +00:00 [INF] Executed endpoint 'API.Controllers.AuthController.RefreshToken (API)'
2026-06-23 17:49:28.800 +00:00 [INF] Request finished HTTP/1.1 POST http://192.168.1.4:8080/api/auth/refresh - 200 null application/json; charset=utf-8 27.5897ms
2026-06-23 17:53:58.952 +00:00 [INF] Request starting HTTP/1.1 OPTIONS http://192.168.1.4:8080/api/auth/refresh - null null
2026-06-23 17:53:58.952 +00:00 [INF] CORS policy execution successful.
2026-06-23 17:53:58.952 +00:00 [INF] Request finished HTTP/1.1 OPTIONS http://192.168.1.4:8080/api/auth/refresh - 204 null null 0.6634ms
2026-06-23 17:53:58.954 +00:00 [INF] Request starting HTTP/1.1 POST http://192.168.1.4:8080/api/auth/refresh - application/json 18
2026-06-23 17:53:58.955 +00:00 [INF] CORS policy execution successful.
2026-06-23 17:53:58.955 +00:00 [INF] ====== OnMessageReceived START ======
2026-06-23 17:53:58.955 +00:00 [INF] Available cookies: 2
2026-06-23 17:53:58.955 +00:00 [INF] Cookie: adminToken = 844 chars
2026-06-23 17:53:58.956 +00:00 [INF] Cookie: adminRefreshToken = 44 chars
2026-06-23 17:53:58.956 +00:00 [INF] Admin token found in cookies, length: 844
2026-06-23 17:53:58.956 +00:00 [INF] Admin token set in context
2026-06-23 17:53:58.956 +00:00 [INF] ====== OnMessageReceived END - Token set: true ======
2026-06-23 17:53:58.956 +00:00 [INF] Token validated successfully for user: lengyelnorbi
2026-06-23 17:53:58.956 +00:00 [INF] Device fingerprint headers - UA: Mozilla/5.0 (Windows NT 10.0; Win64; x64; rv:152.0) Gecko/20100101 Firefox/152.0, Accept: */*, Encoding: gzip, deflate
2026-06-23 17:53:58.957 +00:00 [INF] Device fingerprint validation: Stored=QXaX3D0VCcOUi9BOlof91M3cEs811jcWDuDhmTTelXc=, Current=QXaX3D0VCcOUi9BOlof91M3cEs811jcWDuDhmTTelXc=
2026-06-23 17:53:58.959 +00:00 [INF] Executed DbCommand (1ms) [Parameters=[@__jti_0='?', @__userId_1='?' (DbType = Int32)], CommandType='"Text"', CommandTimeout='30']
SELECT a."ID", a."CreatedAt", a."DeviceFingerprint", a."ExpiresAt", a."IpAddress", a."IsRevoked", a."UserID", a.jti
FROM "AccessTokens" AS a
WHERE a.jti = @__jti_0 AND a."UserID" = @__userId_1 AND NOT (a."IsRevoked") AND a."ExpiresAt" > now()
LIMIT 1
2026-06-23 17:53:58.960 +00:00 [INF] Executing endpoint 'API.Controllers.AuthController.RefreshToken (API)'
2026-06-23 17:53:58.960 +00:00 [INF] Route matched with {action = "RefreshToken", controller = "Auth"}. Executing controller action with signature System.Threading.Tasks.Task`1[Microsoft.AspNetCore.Mvc.IActionResult] RefreshToken(API.Models.RequestModels.RefreshRequest) on controller API.Controllers.AuthController (API).
2026-06-23 17:53:58.960 +00:00 [INF] Token refresh attempt at "2026-06-23T17:53:58.9607257Z"
2026-06-23 17:53:58.960 +00:00 [INF] Refreshing admin token at "2026-06-23T17:53:58.9608498Z"
2026-06-23 17:53:58.962 +00:00 [INF] Executed DbCommand (1ms) [Parameters=[@__tokenHash_0='?'], CommandType='"Text"', CommandTimeout='30']
SELECT r."ID", r."CreatedAt", r."DeviceFingerprint", r."ExpiresAt", r."IpAddress", r."IsRevoked", r."TokenHash", r."UserID"
FROM "RefreshTokens" AS r
WHERE r."TokenHash" = @__tokenHash_0 AND NOT (r."IsRevoked") AND r."ExpiresAt" > now()
ORDER BY r."CreatedAt" DESC
LIMIT 1
2026-06-23 17:53:58.962 +00:00 [INF] Mozilla/5.0 (Windows NT 10.0; Win64; x64; rv:152.0) Gecko/20100101 Firefox/152.0
2026-06-23 17:53:58.962 +00:00 [INF] Fetching user by ID from database...
2026-06-23 17:53:58.963 +00:00 [INF] Executed DbCommand (1ms) [Parameters=[@__id_0='?' (DbType = Int32)], CommandType='"Text"', CommandTimeout='30']
SELECT u."ID", u."Email", u."PasswordHash", u."RegisteredAt", u."Role", u."Username"
FROM "Users" AS u
WHERE u."ID" = @__id_0
LIMIT 1
2026-06-23 17:53:58.966 +00:00 [INF] Executed DbCommand (2ms) [Parameters=[@p0='?' (DbType = DateTime), @p1='?', @p2='?' (DbType = DateTime), @p3='?', @p4='?' (DbType = Int32), @p5='?'], CommandType='"Text"', CommandTimeout='30']
INSERT INTO "AccessTokens" ("CreatedAt", "DeviceFingerprint", "ExpiresAt", "IpAddress", "UserID", jti)
VALUES (@p0, @p1, @p2, @p3, @p4, @p5)
RETURNING "ID", "IsRevoked";
2026-06-23 17:53:58.967 +00:00 [INF] Executed DbCommand (1ms) [Parameters=[@__jti_0='?', @__userID_1='?' (DbType = Int32), @__deviceFingerprint_2='?', @__ipAddress_3='?'], CommandType='"Text"', CommandTimeout='30']
SELECT a."ID", a."CreatedAt", a."DeviceFingerprint", a."ExpiresAt", a."IpAddress", a."IsRevoked", a."UserID", a.jti
FROM "AccessTokens" AS a
WHERE a.jti = @__jti_0 AND a."UserID" = @__userID_1 AND a."DeviceFingerprint" = @__deviceFingerprint_2 AND a."IpAddress" = @__ipAddress_3
LIMIT 1
2026-06-23 17:53:58.967 +00:00 [INF] Attempting to revoke access token with jti 656cd17a-2a6e-4a34-bacf-0f3af91f12f7 for user 1 from device QXaX3D0VCcOUi9BOlof91M3cEs811jcWDuDhmTTelXc= and IP ::ffff:172.20.0.1
2026-06-23 17:53:58.967 +00:00 [INF] Access token found: API.Models.AccessToken
2026-06-23 17:53:58.969 +00:00 [INF] Executed DbCommand (1ms) [Parameters=[@p1='?' (DbType = Int32), @p0='?' (DbType = Boolean)], CommandType='"Text"', CommandTimeout='30']
UPDATE "AccessTokens" SET "IsRevoked" = @p0
WHERE "ID" = @p1;
2026-06-23 17:53:58.969 +00:00 [INF] Access token AccessToken for user 1 revoked: true
2026-06-23 17:53:58.971 +00:00 [INF] Executed DbCommand (1ms) [Parameters=[@p0='?' (DbType = DateTime), @p1='?', @p2='?' (DbType = DateTime), @p3='?', @p4='?', @p5='?' (DbType = Int32)], CommandType='"Text"', CommandTimeout='30']
INSERT INTO "RefreshTokens" ("CreatedAt", "DeviceFingerprint", "ExpiresAt", "IpAddress", "TokenHash", "UserID")
VALUES (@p0, @p1, @p2, @p3, @p4, @p5)
RETURNING "ID", "IsRevoked";
2026-06-23 17:53:58.972 +00:00 [INF] Executed DbCommand (1ms) [Parameters=[@__tokenHash_0='?', @__userId_1='?' (DbType = Int32), @__deviceFingerprint_2='?', @__ipAddress_3='?'], CommandType='"Text"', CommandTimeout='30']
SELECT r."ID", r."CreatedAt", r."DeviceFingerprint", r."ExpiresAt", r."IpAddress", r."IsRevoked", r."TokenHash", r."UserID"
FROM "RefreshTokens" AS r
WHERE r."TokenHash" = @__tokenHash_0 AND r."UserID" = @__userId_1 AND r."DeviceFingerprint" = @__deviceFingerprint_2 AND r."IpAddress" = @__ipAddress_3
LIMIT 1
2026-06-23 17:53:58.974 +00:00 [INF] Executed DbCommand (2ms) [Parameters=[@p1='?' (DbType = Int32), @p0='?' (DbType = Boolean)], CommandType='"Text"', CommandTimeout='30']
UPDATE "RefreshTokens" SET "IsRevoked" = @p0
WHERE "ID" = @p1;
2026-06-23 17:53:58.975 +00:00 [INF] Refresh token wXlR3Qo/zp9ed+qPDjl44ZWQMprmtIKK/y1pDES54XI= for user 1 revoked: true
2026-06-23 17:53:58.975 +00:00 [INF] Token refreshed successfully for user 1 at "2026-06-23T17:53:58.9753458Z"
2026-06-23 17:53:58.975 +00:00 [INF] Executing OkObjectResult, writing value of type '<>f__AnonymousType3`2[[System.Boolean, System.Private.CoreLib, Version=9.0.0.0, Culture=neutral, PublicKeyToken=7cec85d7bea7798e],[System.Int32, System.Private.CoreLib, Version=9.0.0.0, Culture=neutral, PublicKeyToken=7cec85d7bea7798e]]'.
2026-06-23 17:53:58.975 +00:00 [INF] Executed action API.Controllers.AuthController.RefreshToken (API) in 15.1586ms
2026-06-23 17:53:58.975 +00:00 [INF] Executed endpoint 'API.Controllers.AuthController.RefreshToken (API)'
2026-06-23 17:53:58.976 +00:00 [INF] Request finished HTTP/1.1 POST http://192.168.1.4:8080/api/auth/refresh - 200 null application/json; charset=utf-8 21.0883ms
2026-06-23 17:58:29.145 +00:00 [INF] Request starting HTTP/1.1 OPTIONS http://192.168.1.4:8080/api/auth/refresh - null null
2026-06-23 17:58:29.145 +00:00 [INF] CORS policy execution successful.
2026-06-23 17:58:29.145 +00:00 [INF] Request finished HTTP/1.1 OPTIONS http://192.168.1.4:8080/api/auth/refresh - 204 null null 0.5562ms
2026-06-23 17:58:29.147 +00:00 [INF] Request starting HTTP/1.1 POST http://192.168.1.4:8080/api/auth/refresh - application/json 18
2026-06-23 17:58:29.150 +00:00 [INF] CORS policy execution successful.
2026-06-23 17:58:29.150 +00:00 [INF] ====== OnMessageReceived START ======
2026-06-23 17:58:29.151 +00:00 [INF] Available cookies: 2
2026-06-23 17:58:29.153 +00:00 [INF] Cookie: adminToken = 844 chars
2026-06-23 17:58:29.153 +00:00 [INF] Cookie: adminRefreshToken = 44 chars
2026-06-23 17:58:29.153 +00:00 [INF] Admin token found in cookies, length: 844
2026-06-23 17:58:29.153 +00:00 [INF] Admin token set in context
2026-06-23 17:58:29.153 +00:00 [INF] ====== OnMessageReceived END - Token set: true ======
2026-06-23 17:58:29.154 +00:00 [INF] Token validated successfully for user: lengyelnorbi
2026-06-23 17:58:29.159 +00:00 [INF] Device fingerprint headers - UA: Mozilla/5.0 (Windows NT 10.0; Win64; x64; rv:152.0) Gecko/20100101 Firefox/152.0, Accept: */*, Encoding: gzip, deflate
2026-06-23 17:58:29.159 +00:00 [INF] Device fingerprint validation: Stored=QXaX3D0VCcOUi9BOlof91M3cEs811jcWDuDhmTTelXc=, Current=QXaX3D0VCcOUi9BOlof91M3cEs811jcWDuDhmTTelXc=
2026-06-23 17:58:29.169 +00:00 [INF] Executed DbCommand (2ms) [Parameters=[@__jti_0='?', @__userId_1='?' (DbType = Int32)], CommandType='"Text"', CommandTimeout='30']
SELECT a."ID", a."CreatedAt", a."DeviceFingerprint", a."ExpiresAt", a."IpAddress", a."IsRevoked", a."UserID", a.jti
FROM "AccessTokens" AS a
WHERE a.jti = @__jti_0 AND a."UserID" = @__userId_1 AND NOT (a."IsRevoked") AND a."ExpiresAt" > now()
LIMIT 1
2026-06-23 17:58:29.170 +00:00 [INF] Executing endpoint 'API.Controllers.AuthController.RefreshToken (API)'
2026-06-23 17:58:29.170 +00:00 [INF] Route matched with {action = "RefreshToken", controller = "Auth"}. Executing controller action with signature System.Threading.Tasks.Task`1[Microsoft.AspNetCore.Mvc.IActionResult] RefreshToken(API.Models.RequestModels.RefreshRequest) on controller API.Controllers.AuthController (API).
2026-06-23 17:58:29.170 +00:00 [INF] Token refresh attempt at "2026-06-23T17:58:29.1704372Z"
2026-06-23 17:58:29.170 +00:00 [INF] Refreshing admin token at "2026-06-23T17:58:29.1705584Z"
2026-06-23 17:58:29.172 +00:00 [INF] Executed DbCommand (1ms) [Parameters=[@__tokenHash_0='?'], CommandType='"Text"', CommandTimeout='30']
SELECT r."ID", r."CreatedAt", r."DeviceFingerprint", r."ExpiresAt", r."IpAddress", r."IsRevoked", r."TokenHash", r."UserID"
FROM "RefreshTokens" AS r
WHERE r."TokenHash" = @__tokenHash_0 AND NOT (r."IsRevoked") AND r."ExpiresAt" > now()
ORDER BY r."CreatedAt" DESC
LIMIT 1
2026-06-23 17:58:29.172 +00:00 [INF] Mozilla/5.0 (Windows NT 10.0; Win64; x64; rv:152.0) Gecko/20100101 Firefox/152.0
2026-06-23 17:58:29.172 +00:00 [INF] Fetching user by ID from database...
2026-06-23 17:58:29.174 +00:00 [INF] Executed DbCommand (1ms) [Parameters=[@__id_0='?' (DbType = Int32)], CommandType='"Text"', CommandTimeout='30']
SELECT u."ID", u."Email", u."PasswordHash", u."RegisteredAt", u."Role", u."Username"
FROM "Users" AS u
WHERE u."ID" = @__id_0
LIMIT 1
2026-06-23 17:58:29.176 +00:00 [INF] Executed DbCommand (2ms) [Parameters=[@p0='?' (DbType = DateTime), @p1='?', @p2='?' (DbType = DateTime), @p3='?', @p4='?' (DbType = Int32), @p5='?'], CommandType='"Text"', CommandTimeout='30']
INSERT INTO "AccessTokens" ("CreatedAt", "DeviceFingerprint", "ExpiresAt", "IpAddress", "UserID", jti)
VALUES (@p0, @p1, @p2, @p3, @p4, @p5)
RETURNING "ID", "IsRevoked";
2026-06-23 17:58:29.177 +00:00 [INF] Executed DbCommand (1ms) [Parameters=[@__jti_0='?', @__userID_1='?' (DbType = Int32), @__deviceFingerprint_2='?', @__ipAddress_3='?'], CommandType='"Text"', CommandTimeout='30']
SELECT a."ID", a."CreatedAt", a."DeviceFingerprint", a."ExpiresAt", a."IpAddress", a."IsRevoked", a."UserID", a.jti
FROM "AccessTokens" AS a
WHERE a.jti = @__jti_0 AND a."UserID" = @__userID_1 AND a."DeviceFingerprint" = @__deviceFingerprint_2 AND a."IpAddress" = @__ipAddress_3
LIMIT 1
2026-06-23 17:58:29.177 +00:00 [INF] Attempting to revoke access token with jti 81c2f8c7-c896-48eb-a669-369cf4781cc9 for user 1 from device QXaX3D0VCcOUi9BOlof91M3cEs811jcWDuDhmTTelXc= and IP ::ffff:172.20.0.1
2026-06-23 17:58:29.177 +00:00 [INF] Access token found: API.Models.AccessToken
2026-06-23 17:58:29.179 +00:00 [INF] Executed DbCommand (2ms) [Parameters=[@p1='?' (DbType = Int32), @p0='?' (DbType = Boolean)], CommandType='"Text"', CommandTimeout='30']
UPDATE "AccessTokens" SET "IsRevoked" = @p0
WHERE "ID" = @p1;
2026-06-23 17:58:29.179 +00:00 [INF] Access token AccessToken for user 1 revoked: true
2026-06-23 17:58:29.181 +00:00 [INF] Executed DbCommand (1ms) [Parameters=[@p0='?' (DbType = DateTime), @p1='?', @p2='?' (DbType = DateTime), @p3='?', @p4='?', @p5='?' (DbType = Int32)], CommandType='"Text"', CommandTimeout='30']
INSERT INTO "RefreshTokens" ("CreatedAt", "DeviceFingerprint", "ExpiresAt", "IpAddress", "TokenHash", "UserID")
VALUES (@p0, @p1, @p2, @p3, @p4, @p5)
RETURNING "ID", "IsRevoked";
2026-06-23 17:58:29.182 +00:00 [INF] Executed DbCommand (1ms) [Parameters=[@__tokenHash_0='?', @__userId_1='?' (DbType = Int32), @__deviceFingerprint_2='?', @__ipAddress_3='?'], CommandType='"Text"', CommandTimeout='30']
SELECT r."ID", r."CreatedAt", r."DeviceFingerprint", r."ExpiresAt", r."IpAddress", r."IsRevoked", r."TokenHash", r."UserID"
FROM "RefreshTokens" AS r
WHERE r."TokenHash" = @__tokenHash_0 AND r."UserID" = @__userId_1 AND r."DeviceFingerprint" = @__deviceFingerprint_2 AND r."IpAddress" = @__ipAddress_3
LIMIT 1
2026-06-23 17:58:29.184 +00:00 [INF] Executed DbCommand (1ms) [Parameters=[@p1='?' (DbType = Int32), @p0='?' (DbType = Boolean)], CommandType='"Text"', CommandTimeout='30']
UPDATE "RefreshTokens" SET "IsRevoked" = @p0
WHERE "ID" = @p1;
2026-06-23 17:58:29.184 +00:00 [INF] Refresh token oGFlP4Xgi9Mp4CR8/lpI+v9s3AkpSgRsxUIVhWSrwsA= for user 1 revoked: true
2026-06-23 17:58:29.184 +00:00 [INF] Token refreshed successfully for user 1 at "2026-06-23T17:58:29.1848727Z"
2026-06-23 17:58:29.185 +00:00 [INF] Executing OkObjectResult, writing value of type '<>f__AnonymousType3`2[[System.Boolean, System.Private.CoreLib, Version=9.0.0.0, Culture=neutral, PublicKeyToken=7cec85d7bea7798e],[System.Int32, System.Private.CoreLib, Version=9.0.0.0, Culture=neutral, PublicKeyToken=7cec85d7bea7798e]]'.
2026-06-23 17:58:29.185 +00:00 [INF] Executed action API.Controllers.AuthController.RefreshToken (API) in 14.8616ms
2026-06-23 17:58:29.185 +00:00 [INF] Executed endpoint 'API.Controllers.AuthController.RefreshToken (API)'
2026-06-23 17:58:29.185 +00:00 [INF] Request finished HTTP/1.1 POST http://192.168.1.4:8080/api/auth/refresh - 200 null application/json; charset=utf-8 37.7857ms
2026-06-23 17:59:56.015 +00:00 [INF] Request starting HTTP/1.1 POST http://192.168.1.4:8080/api/auth/logout - null 0
2026-06-23 17:59:56.015 +00:00 [INF] CORS policy execution successful.
2026-06-23 17:59:56.015 +00:00 [INF] ====== OnMessageReceived START ======
2026-06-23 17:59:56.016 +00:00 [INF] Available cookies: 2
2026-06-23 17:59:56.016 +00:00 [INF] Cookie: adminToken = 844 chars
2026-06-23 17:59:56.016 +00:00 [INF] Cookie: adminRefreshToken = 44 chars
2026-06-23 17:59:56.016 +00:00 [INF] Admin token found in cookies, length: 844
2026-06-23 17:59:56.016 +00:00 [INF] Admin token set in context
2026-06-23 17:59:56.016 +00:00 [INF] ====== OnMessageReceived END - Token set: true ======
2026-06-23 17:59:56.017 +00:00 [INF] Token validated successfully for user: lengyelnorbi
2026-06-23 17:59:56.017 +00:00 [INF] Device fingerprint headers - UA: Mozilla/5.0 (Windows NT 10.0; Win64; x64; rv:152.0) Gecko/20100101 Firefox/152.0, Accept: */*, Encoding: gzip, deflate
2026-06-23 17:59:56.017 +00:00 [INF] Device fingerprint validation: Stored=QXaX3D0VCcOUi9BOlof91M3cEs811jcWDuDhmTTelXc=, Current=QXaX3D0VCcOUi9BOlof91M3cEs811jcWDuDhmTTelXc=
2026-06-23 17:59:56.022 +00:00 [INF] Executed DbCommand (4ms) [Parameters=[@__jti_0='?', @__userId_1='?' (DbType = Int32)], CommandType='"Text"', CommandTimeout='30']
SELECT a."ID", a."CreatedAt", a."DeviceFingerprint", a."ExpiresAt", a."IpAddress", a."IsRevoked", a."UserID", a.jti
FROM "AccessTokens" AS a
WHERE a.jti = @__jti_0 AND a."UserID" = @__userId_1 AND NOT (a."IsRevoked") AND a."ExpiresAt" > now()
LIMIT 1
2026-06-23 17:59:56.023 +00:00 [INF] Executing endpoint 'API.Controllers.AuthController.Logout (API)'
2026-06-23 17:59:56.023 +00:00 [INF] Route matched with {action = "Logout", controller = "Auth"}. Executing controller action with signature System.Threading.Tasks.Task`1[Microsoft.AspNetCore.Mvc.IActionResult] Logout() on controller API.Controllers.AuthController (API).
2026-06-23 17:59:56.024 +00:00 [INF] Logged out at "2026-06-23T17:59:56.0240123Z"
2026-06-23 17:59:56.026 +00:00 [INF] Admin logout at "2026-06-23T17:59:56.0261914Z"
2026-06-23 17:59:56.028 +00:00 [INF] Executed DbCommand (1ms) [Parameters=[@__jti_0='?', @__userID_1='?' (DbType = Int32), @__deviceFingerprint_2='?', @__ipAddress_3='?'], CommandType='"Text"', CommandTimeout='30']
SELECT a."ID", a."CreatedAt", a."DeviceFingerprint", a."ExpiresAt", a."IpAddress", a."IsRevoked", a."UserID", a.jti
FROM "AccessTokens" AS a
WHERE a.jti = @__jti_0 AND a."UserID" = @__userID_1 AND a."DeviceFingerprint" = @__deviceFingerprint_2 AND a."IpAddress" = @__ipAddress_3
LIMIT 1
2026-06-23 17:59:56.028 +00:00 [INF] Attempting to revoke access token with jti adef8b72-c309-4a97-a16d-ca3972a1eaa9 for user 1 from device QXaX3D0VCcOUi9BOlof91M3cEs811jcWDuDhmTTelXc= and IP ::ffff:172.20.0.1
2026-06-23 17:59:56.029 +00:00 [INF] Access token found: API.Models.AccessToken
2026-06-23 17:59:56.031 +00:00 [INF] Executed DbCommand (2ms) [Parameters=[@p1='?' (DbType = Int32), @p0='?' (DbType = Boolean)], CommandType='"Text"', CommandTimeout='30']
UPDATE "AccessTokens" SET "IsRevoked" = @p0
WHERE "ID" = @p1;
2026-06-23 17:59:56.033 +00:00 [INF] Executed DbCommand (1ms) [Parameters=[@__tokenHash_0='?', @__userId_1='?' (DbType = Int32), @__deviceFingerprint_2='?', @__ipAddress_3='?'], CommandType='"Text"', CommandTimeout='30']
SELECT r."ID", r."CreatedAt", r."DeviceFingerprint", r."ExpiresAt", r."IpAddress", r."IsRevoked", r."TokenHash", r."UserID"
FROM "RefreshTokens" AS r
WHERE r."TokenHash" = @__tokenHash_0 AND r."UserID" = @__userId_1 AND r."DeviceFingerprint" = @__deviceFingerprint_2 AND r."IpAddress" = @__ipAddress_3
LIMIT 1
2026-06-23 17:59:56.035 +00:00 [INF] Executed DbCommand (2ms) [Parameters=[@p1='?' (DbType = Int32), @p0='?' (DbType = Boolean)], CommandType='"Text"', CommandTimeout='30']
UPDATE "RefreshTokens" SET "IsRevoked" = @p0
WHERE "ID" = @p1;
2026-06-23 17:59:56.036 +00:00 [INF] User 1 logged out successfully at "2026-06-23T17:59:56.0362318Z"
2026-06-23 17:59:56.036 +00:00 [INF] Executing OkObjectResult, writing value of type 'System.Int32'.
2026-06-23 17:59:56.036 +00:00 [INF] Executed action API.Controllers.AuthController.Logout (API) in 12.8837ms
2026-06-23 17:59:56.037 +00:00 [INF] Executed endpoint 'API.Controllers.AuthController.Logout (API)'
2026-06-23 17:59:56.037 +00:00 [INF] Request finished HTTP/1.1 POST http://192.168.1.4:8080/api/auth/logout - 200 null application/json; charset=utf-8 22.0392ms
2026-06-23 21:08:00.580 +00:00 [INF] Application is shutting down...
