2026-06-11 12:58:45.792 +00:00 [WRN] Storing keys in a directory '/home/app/.aspnet/DataProtection-Keys' that may not be persisted outside of the container. Protected data will be unavailable when container is destroyed. For more information go to https://aka.ms/aspnet/dataprotectionwarning
2026-06-11 12:58:45.836 +00:00 [INF] User profile is available. Using '/home/app/.aspnet/DataProtection-Keys' as key repository; keys will not be encrypted at rest.
2026-06-11 12:58:45.966 +00:00 [INF] Now listening on: http://[::]:8080
2026-06-11 12:58:45.968 +00:00 [INF] Application started. Press Ctrl+C to shut down.
2026-06-11 12:58:45.968 +00:00 [INF] Hosting environment: Development
2026-06-11 12:58:45.968 +00:00 [INF] Content root path: /app
2026-06-11 12:58:57.710 +00:00 [INF] Request starting HTTP/1.1 OPTIONS http://192.168.1.6:8080/api/auth - null null
2026-06-11 12:58:57.722 +00:00 [WRN] Failed to determine the https port for redirect.
2026-06-11 12:58:57.725 +00:00 [INF] CORS policy execution successful.
2026-06-11 12:58:57.733 +00:00 [INF] Request starting HTTP/1.1 POST http://192.168.1.6:8080/api/auth - application/json 74
2026-06-11 12:58:57.735 +00:00 [INF] CORS policy execution successful.
2026-06-11 12:58:57.729 +00:00 [INF] Request finished HTTP/1.1 OPTIONS http://192.168.1.6:8080/api/auth - 204 null null 20.4632ms
2026-06-11 12:58:57.755 +00:00 [INF] ====== OnMessageReceived START ======
2026-06-11 12:58:57.756 +00:00 [INF] Available cookies: 0
2026-06-11 12:58:57.756 +00:00 [WRN] NO TOKEN FOUND IN COOKIES!
2026-06-11 12:58:57.757 +00:00 [INF] ====== OnMessageReceived END - Token set: false ======
2026-06-11 12:58:57.759 +00:00 [INF] Executing endpoint 'API.Controllers.AuthController.Authenticate (API)'
2026-06-11 12:58:57.770 +00:00 [INF] Route matched with {action = "Authenticate", controller = "Auth"}. Executing controller action with signature System.Threading.Tasks.Task`1[Microsoft.AspNetCore.Mvc.IActionResult] Authenticate(API.Models.RequestModels.LoginRequest) on controller API.Controllers.AuthController (API).
2026-06-11 12:58:57.866 +00:00 [INF] Authentication attempt for email: lengyelnorbi5@gmail.com
2026-06-11 12:58:57.867 +00:00 [INF] Fetching user by email from database...
2026-06-11 12:58:58.449 +00:00 [INF] Executed DbCommand (27ms) [Parameters=[@__email_0='?'], CommandType='"Text"', CommandTimeout='30']
SELECT u."ID", u."Email", u."PasswordHash", u."RegisteredAt", u."Role", u."Username"
FROM "Users" AS u
WHERE u."Email" = @__email_0
LIMIT 1
2026-06-11 12:58:58.489 +00:00 [INF] Mozilla/5.0 (Windows NT 10.0; Win64; x64; rv:151.0) Gecko/20100101 Firefox/151.0
2026-06-11 12:58:58.493 +00:00 [INF] Fetching user by email from database...
2026-06-11 12:58:58.497 +00:00 [INF] Executed DbCommand (2ms) [Parameters=[@__email_0='?'], CommandType='"Text"', CommandTimeout='30']
SELECT u."ID", u."Email", u."PasswordHash", u."RegisteredAt", u."Role", u."Username"
FROM "Users" AS u
WHERE u."Email" = @__email_0
LIMIT 1
2026-06-11 12:58:59.003 +00:00 [INF] Password verification completed: Valid
2026-06-11 12:58:59.072 +00:00 [INF] Executed DbCommand (10ms) [Parameters=[@p0='?' (DbType = DateTime), @p1='?', @p2='?' (DbType = DateTime), @p3='?', @p4='?' (DbType = Int32), @p5='?'], CommandType='"Text"', CommandTimeout='30']
INSERT INTO "AccessTokens" ("CreatedAt", "DeviceFingerprint", "ExpiresAt", "IpAddress", "UserID", jti)
VALUES (@p0, @p1, @p2, @p3, @p4, @p5)
RETURNING "ID", "IsRevoked";
2026-06-11 12:58:59.106 +00:00 [INF] Executed DbCommand (5ms) [Parameters=[@p0='?' (DbType = DateTime), @p1='?', @p2='?' (DbType = DateTime), @p3='?', @p4='?', @p5='?' (DbType = Int32)], CommandType='"Text"', CommandTimeout='30']
INSERT INTO "RefreshTokens" ("CreatedAt", "DeviceFingerprint", "ExpiresAt", "IpAddress", "TokenHash", "UserID")
VALUES (@p0, @p1, @p2, @p3, @p4, @p5)
RETURNING "ID", "IsRevoked";
2026-06-11 12:58:59.110 +00:00 [INF] Admin user lengyelnorbi5@gmail.com authenticated successfully from admin panel at "2026-06-11T12:58:59.1099894Z"
2026-06-11 12:58:59.111 +00:00 [INF] --------------------------------------------------------------------
2026-06-11 12:58:59.111 +00:00 [INF] eyJhbGciOiJIUzI1NiIsInR5cCI6IkpXVCJ9.eyJodHRwOi8vc2NoZW1hcy54bWxzb2FwLm9yZy93cy8yMDA1LzA1L2lkZW50aXR5L2NsYWltcy9uYW1laWRlbnRpZmllciI6IjEiLCJodHRwOi8vc2NoZW1hcy54bWxzb2FwLm9yZy93cy8yMDA1LzA1L2lkZW50aXR5L2NsYWltcy9lbWFpbGFkZHJlc3MiOiJsZW5neWVsbm9yYmk1QGdtYWlsLmNvbSIsImh0dHA6Ly9zY2hlbWFzLnhtbHNvYXAub3JnL3dzLzIwMDUvMDUvaWRlbnRpdHkvY2xhaW1zL25hbWUiOiJsZW5neWVsbm9yYmkiLCJqdGkiOiJiNzE0MThjOC0zMzYyLTRjZDQtYjAyNy1lNDg3Zjc4Zjg1MWEiLCJpYXQiOjE3ODExODI3MzksImV4cCI6MTc4MTE4MzAzOSwiaHR0cDovL3NjaGVtYXMubWljcm9zb2Z0LmNvbS93cy8yMDA4LzA2L2lkZW50aXR5L2NsYWltcy9yb2xlIjoiQWRtaW4iLCJTb3VyY2UiOiJhZG1pbiIsIkRldmljZUlkIjoiL2EydWY0ejhyY0JJaElyN0tHYmQ2YWFoTXI4MEJoais5dXlMaVlOWjY2QT0iLCJJUEFkZHJlc3MiOiI6OmZmZmY6MTcyLjIwLjAuMSIsIlRva2VuVmVyc2lvbiI6IjEiLCJpc3MiOiJNdXNpY1BsYXllckFQSSIsImF1ZCI6Ik11c2ljUGxheWVyQ2xpZW50In0.vCyeigHWI_oQApwK1E9pcPmxCn38YuDCi2PEZO-zddY
2026-06-11 12:58:59.112 +00:00 [INF] 1UV4rSJkhaRddu2qnmHMPY3njF4jt89U2bJOaTNtFPQ=
2026-06-11 12:58:59.112 +00:00 [INF] Source: admin
2026-06-11 12:58:59.112 +00:00 [INF] Access Token expires at: "2026-06-11T13:03:59.0042171Z"
2026-06-11 12:58:59.112 +00:00 [INF] Refresh Token expires at: "2026-06-11T20:58:59.0915776Z"
2026-06-11 12:58:59.112 +00:00 [INF] tokenCookieName: adminToken
2026-06-11 12:58:59.112 +00:00 [INF] refreshTokenCookieName: adminRefreshToken
2026-06-11 12:58:59.113 +00:00 [INF] Refresh token hash stored in cookie: 1UV4rSJkhaRddu2qnmHMPY3njF4jt89U2bJOaTNtFPQ=
2026-06-11 12:58:59.113 +00:00 [INF] --------------------------------------------------------------------
2026-06-11 12:58:59.117 +00:00 [INF] Executing OkObjectResult, writing value of type '<>f__AnonymousType1`4[[System.Boolean, System.Private.CoreLib, Version=9.0.0.0, Culture=neutral, PublicKeyToken=7cec85d7bea7798e],[System.Int32, System.Private.CoreLib, Version=9.0.0.0, Culture=neutral, PublicKeyToken=7cec85d7bea7798e],[System.Int32, System.Private.CoreLib, Version=9.0.0.0, Culture=neutral, PublicKeyToken=7cec85d7bea7798e],[<>f__AnonymousType2`3[[System.Int32, System.Private.CoreLib, Version=9.0.0.0, Culture=neutral, PublicKeyToken=7cec85d7bea7798e],[System.String, System.Private.CoreLib, Version=9.0.0.0, Culture=neutral, PublicKeyToken=7cec85d7bea7798e],[System.String, System.Private.CoreLib, Version=9.0.0.0, Culture=neutral, PublicKeyToken=7cec85d7bea7798e]], API, Version=1.0.0.0, Culture=neutral, PublicKeyToken=null]]'.
2026-06-11 12:58:59.128 +00:00 [INF] Executed action API.Controllers.AuthController.Authenticate (API) in 1355.6288ms
2026-06-11 12:58:59.128 +00:00 [INF] Executed endpoint 'API.Controllers.AuthController.Authenticate (API)'
2026-06-11 12:58:59.132 +00:00 [INF] Request finished HTTP/1.1 POST http://192.168.1.6:8080/api/auth - 200 null application/json; charset=utf-8 1399.3137ms
2026-06-11 12:59:02.858 +00:00 [INF] Request starting HTTP/1.1 GET http://192.168.1.6:8080/api/user - null null
2026-06-11 12:59:02.858 +00:00 [INF] Request starting HTTP/1.1 GET http://192.168.1.6:8080/api/user?page=1&limit=10 - null null
2026-06-11 12:59:02.859 +00:00 [INF] CORS policy execution successful.
2026-06-11 12:59:02.859 +00:00 [INF] CORS policy execution successful.
2026-06-11 12:59:02.860 +00:00 [INF] ====== OnMessageReceived START ======
2026-06-11 12:59:02.860 +00:00 [INF] ====== OnMessageReceived START ======
2026-06-11 12:59:02.861 +00:00 [INF] Available cookies: 0
2026-06-11 12:59:02.861 +00:00 [INF] Available cookies: 0
2026-06-11 12:59:02.861 +00:00 [WRN] NO TOKEN FOUND IN COOKIES!
2026-06-11 12:59:02.861 +00:00 [WRN] NO TOKEN FOUND IN COOKIES!
2026-06-11 12:59:02.861 +00:00 [INF] ====== OnMessageReceived END - Token set: false ======
2026-06-11 12:59:02.862 +00:00 [INF] ====== OnMessageReceived END - Token set: false ======
2026-06-11 12:59:02.862 +00:00 [INF] Executing endpoint 'API.Controllers.UserController.Get (API)'
2026-06-11 12:59:02.862 +00:00 [INF] Executing endpoint 'API.Controllers.UserController.Get (API)'
2026-06-11 12:59:02.877 +00:00 [INF] Route matched with {action = "Get", controller = "User"}. Executing controller action with signature System.Threading.Tasks.Task`1[System.Collections.Generic.IEnumerable`1[API.DTO.UserDTO]] Get() on controller API.Controllers.UserController (API).
2026-06-11 12:59:02.877 +00:00 [INF] Route matched with {action = "Get", controller = "User"}. Executing controller action with signature System.Threading.Tasks.Task`1[System.Collections.Generic.IEnumerable`1[API.DTO.UserDTO]] Get() on controller API.Controllers.UserController (API).
2026-06-11 12:59:02.885 +00:00 [INF] Fetching user data from database...
2026-06-11 12:59:02.885 +00:00 [INF] Fetching user data from database...
2026-06-11 12:59:02.905 +00:00 [INF] Executed DbCommand (2ms) [Parameters=[], CommandType='"Text"', CommandTimeout='30']
SELECT u."ID", u."Email", u."PasswordHash", u."RegisteredAt", u."Role", u."Username"
FROM "Users" AS u
2026-06-11 12:59:02.907 +00:00 [INF] Executing ObjectResult, writing value of type 'System.Collections.Generic.List`1[[API.DTO.UserDTO, API, Version=1.0.0.0, Culture=neutral, PublicKeyToken=null]]'.
2026-06-11 12:59:02.917 +00:00 [INF] Executed DbCommand (2ms) [Parameters=[], CommandType='"Text"', CommandTimeout='30']
SELECT u."ID", u."Email", u."PasswordHash", u."RegisteredAt", u."Role", u."Username"
FROM "Users" AS u
2026-06-11 12:59:02.918 +00:00 [INF] Executing ObjectResult, writing value of type 'System.Collections.Generic.List`1[[API.DTO.UserDTO, API, Version=1.0.0.0, Culture=neutral, PublicKeyToken=null]]'.
2026-06-11 12:59:02.921 +00:00 [INF] Executed action API.Controllers.UserController.Get (API) in 43.0606ms
2026-06-11 12:59:02.921 +00:00 [INF] Executed action API.Controllers.UserController.Get (API) in 43.2335ms
2026-06-11 12:59:02.921 +00:00 [INF] Executed endpoint 'API.Controllers.UserController.Get (API)'
2026-06-11 12:59:02.921 +00:00 [INF] Executed endpoint 'API.Controllers.UserController.Get (API)'
2026-06-11 12:59:02.922 +00:00 [INF] Request finished HTTP/1.1 GET http://192.168.1.6:8080/api/user?page=1&limit=10 - 200 null application/json; charset=utf-8 63.5126ms
2026-06-11 12:59:02.922 +00:00 [INF] Request finished HTTP/1.1 GET http://192.168.1.6:8080/api/user - 200 null application/json; charset=utf-8 63.6244ms
2026-06-11 13:00:03.345 +00:00 [INF] Request starting HTTP/1.1 GET http://192.168.1.6:8080/api/token/access-token?page=1&limit=10 - null null
2026-06-11 13:00:03.346 +00:00 [INF] CORS policy execution successful.
2026-06-11 13:00:03.347 +00:00 [INF] ====== OnMessageReceived START ======
2026-06-11 13:00:03.347 +00:00 [INF] Available cookies: 0
2026-06-11 13:00:03.348 +00:00 [WRN] NO TOKEN FOUND IN COOKIES!
2026-06-11 13:00:03.348 +00:00 [INF] ====== OnMessageReceived END - Token set: false ======
2026-06-11 13:00:03.348 +00:00 [INF] Executing endpoint 'API.Controllers.TokenController.GetAccessTokens (API)'
2026-06-11 13:00:03.351 +00:00 [INF] Route matched with {action = "GetAccessTokens", controller = "Token"}. Executing controller action with signature System.Threading.Tasks.Task`1[API.Utils.PagedResult`1[API.DTO.AccessTokenUserDTO]] GetAccessTokens(Int32, Int32) on controller API.Controllers.TokenController (API).
2026-06-11 13:00:03.356 +00:00 [INF] Received request to fetch access tokens with pagination: page=1, limit=10
2026-06-11 13:00:03.416 +00:00 [INF] Executed DbCommand (7ms) [Parameters=[], CommandType='"Text"', CommandTimeout='30']
SELECT count(*)::int
FROM "AccessTokens" AS a
WHERE a."IsRevoked"
2026-06-11 13:00:03.422 +00:00 [WRN] The query uses a row limiting operator ('Skip'/'Take') without an 'OrderBy' operator. This may lead to unpredictable results. If the 'Distinct' operator is used after 'OrderBy', then make sure to use the 'OrderBy' operator after 'Distinct' as the ordering would otherwise get erased.
2026-06-11 13:00:03.423 +00:00 [WRN] The query uses a row limiting operator ('Skip'/'Take') without an 'OrderBy' operator. This may lead to unpredictable results. If the 'Distinct' operator is used after 'OrderBy', then make sure to use the 'OrderBy' operator after 'Distinct' as the ordering would otherwise get erased.
2026-06-11 13:00:03.451 +00:00 [INF] Executed DbCommand (4ms) [Parameters=[@__p_1='?' (DbType = Int32), @__p_0='?' (DbType = Int32)], CommandType='"Text"', CommandTimeout='30']
SELECT a0."ID", a0.jti, a0."DeviceFingerprint", a0."IpAddress", a0."CreatedAt", a0."IsRevoked", a0."ExpiresAt", u."ID" AS "UserID", u."Username", u."Email", u."Role"
FROM (
    SELECT a."ID", a."CreatedAt", a."DeviceFingerprint", a."ExpiresAt", a."IpAddress", a."IsRevoked", a."UserID", a.jti
    FROM "AccessTokens" AS a
    WHERE a."IsRevoked"
    LIMIT @__p_1 OFFSET @__p_0
) AS a0
INNER JOIN "Users" AS u ON a0."UserID" = u."ID"
2026-06-11 13:00:03.453 +00:00 [INF] Executing ObjectResult, writing value of type 'API.Utils.PagedResult`1[[API.DTO.AccessTokenUserDTO, API, Version=1.0.0.0, Culture=neutral, PublicKeyToken=null]]'.
2026-06-11 13:00:03.458 +00:00 [INF] Executed action API.Controllers.TokenController.GetAccessTokens (API) in 106.0477ms
2026-06-11 13:00:03.458 +00:00 [INF] Executed endpoint 'API.Controllers.TokenController.GetAccessTokens (API)'
2026-06-11 13:00:03.458 +00:00 [INF] Request finished HTTP/1.1 GET http://192.168.1.6:8080/api/token/access-token?page=1&limit=10 - 200 null application/json; charset=utf-8 113.1102ms
2026-06-11 13:00:04.626 +00:00 [INF] Request starting HTTP/1.1 GET http://192.168.1.6:8080/api/user?page=1&limit=10 - null null
2026-06-11 13:00:04.626 +00:00 [INF] Request starting HTTP/1.1 GET http://192.168.1.6:8080/api/user - null null
2026-06-11 13:00:04.626 +00:00 [INF] CORS policy execution successful.
2026-06-11 13:00:04.626 +00:00 [INF] CORS policy execution successful.
2026-06-11 13:00:04.627 +00:00 [INF] ====== OnMessageReceived START ======
2026-06-11 13:00:04.627 +00:00 [INF] ====== OnMessageReceived START ======
2026-06-11 13:00:04.627 +00:00 [INF] Available cookies: 0
2026-06-11 13:00:04.627 +00:00 [INF] Available cookies: 0
2026-06-11 13:00:04.627 +00:00 [WRN] NO TOKEN FOUND IN COOKIES!
2026-06-11 13:00:04.627 +00:00 [WRN] NO TOKEN FOUND IN COOKIES!
2026-06-11 13:00:04.628 +00:00 [INF] ====== OnMessageReceived END - Token set: false ======
2026-06-11 13:00:04.628 +00:00 [INF] ====== OnMessageReceived END - Token set: false ======
2026-06-11 13:00:04.628 +00:00 [INF] Executing endpoint 'API.Controllers.UserController.Get (API)'
2026-06-11 13:00:04.628 +00:00 [INF] Executing endpoint 'API.Controllers.UserController.Get (API)'
2026-06-11 13:00:04.628 +00:00 [INF] Route matched with {action = "Get", controller = "User"}. Executing controller action with signature System.Threading.Tasks.Task`1[System.Collections.Generic.IEnumerable`1[API.DTO.UserDTO]] Get() on controller API.Controllers.UserController (API).
2026-06-11 13:00:04.628 +00:00 [INF] Route matched with {action = "Get", controller = "User"}. Executing controller action with signature System.Threading.Tasks.Task`1[System.Collections.Generic.IEnumerable`1[API.DTO.UserDTO]] Get() on controller API.Controllers.UserController (API).
2026-06-11 13:00:04.630 +00:00 [INF] Fetching user data from database...
2026-06-11 13:00:04.630 +00:00 [INF] Fetching user data from database...
2026-06-11 13:00:04.633 +00:00 [INF] Executed DbCommand (1ms) [Parameters=[], CommandType='"Text"', CommandTimeout='30']
SELECT u."ID", u."Email", u."PasswordHash", u."RegisteredAt", u."Role", u."Username"
FROM "Users" AS u
2026-06-11 13:00:04.633 +00:00 [INF] Executed DbCommand (1ms) [Parameters=[], CommandType='"Text"', CommandTimeout='30']
SELECT u."ID", u."Email", u."PasswordHash", u."RegisteredAt", u."Role", u."Username"
FROM "Users" AS u
2026-06-11 13:00:04.634 +00:00 [INF] Executing ObjectResult, writing value of type 'System.Collections.Generic.List`1[[API.DTO.UserDTO, API, Version=1.0.0.0, Culture=neutral, PublicKeyToken=null]]'.
2026-06-11 13:00:04.634 +00:00 [INF] Executing ObjectResult, writing value of type 'System.Collections.Generic.List`1[[API.DTO.UserDTO, API, Version=1.0.0.0, Culture=neutral, PublicKeyToken=null]]'.
2026-06-11 13:00:04.634 +00:00 [INF] Executed action API.Controllers.UserController.Get (API) in 5.5054ms
2026-06-11 13:00:04.634 +00:00 [INF] Executed action API.Controllers.UserController.Get (API) in 5.3773ms
2026-06-11 13:00:04.634 +00:00 [INF] Executed endpoint 'API.Controllers.UserController.Get (API)'
2026-06-11 13:00:04.634 +00:00 [INF] Executed endpoint 'API.Controllers.UserController.Get (API)'
2026-06-11 13:00:04.635 +00:00 [INF] Request finished HTTP/1.1 GET http://192.168.1.6:8080/api/user?page=1&limit=10 - 200 null application/json; charset=utf-8 8.8355ms
2026-06-11 13:00:04.635 +00:00 [INF] Request finished HTTP/1.1 GET http://192.168.1.6:8080/api/user - 200 null application/json; charset=utf-8 8.923ms
2026-06-11 13:03:30.294 +00:00 [INF] Request starting HTTP/1.1 OPTIONS http://192.168.1.6:8080/api/auth/refresh - null null
2026-06-11 13:03:30.294 +00:00 [INF] CORS policy execution successful.
2026-06-11 13:03:30.295 +00:00 [INF] Request finished HTTP/1.1 OPTIONS http://192.168.1.6:8080/api/auth/refresh - 204 null null 0.9288ms
2026-06-11 13:03:30.298 +00:00 [INF] Request starting HTTP/1.1 POST http://192.168.1.6:8080/api/auth/refresh - application/json 18
2026-06-11 13:03:30.299 +00:00 [INF] CORS policy execution successful.
2026-06-11 13:03:30.299 +00:00 [INF] ====== OnMessageReceived START ======
2026-06-11 13:03:30.299 +00:00 [INF] Available cookies: 0
2026-06-11 13:03:30.299 +00:00 [WRN] NO TOKEN FOUND IN COOKIES!
2026-06-11 13:03:30.300 +00:00 [INF] ====== OnMessageReceived END - Token set: false ======
2026-06-11 13:03:30.303 +00:00 [INF] Authorization failed. These requirements were not met:
DenyAnonymousAuthorizationRequirement: Requires an authenticated user.
2026-06-11 13:03:30.305 +00:00 [INF] AuthenticationScheme: Bearer was challenged.
2026-06-11 13:03:30.305 +00:00 [INF] Request finished HTTP/1.1 POST http://192.168.1.6:8080/api/auth/refresh - 401 0 null 6.8973ms
2026-06-11 13:50:51.245 +00:00 [INF] Request starting HTTP/1.1 OPTIONS http://192.168.1.6:8080/api/auth - null null
2026-06-11 13:50:51.263 +00:00 [INF] CORS policy execution successful.
2026-06-11 13:50:51.266 +00:00 [INF] Request finished HTTP/1.1 OPTIONS http://192.168.1.6:8080/api/auth - 204 null null 23.4504ms
2026-06-11 13:50:51.272 +00:00 [INF] Request starting HTTP/1.1 POST http://192.168.1.6:8080/api/auth - application/json 74
2026-06-11 13:50:51.275 +00:00 [INF] CORS policy execution successful.
2026-06-11 13:50:51.278 +00:00 [INF] ====== OnMessageReceived START ======
2026-06-11 13:50:51.278 +00:00 [INF] Available cookies: 0
2026-06-11 13:50:51.279 +00:00 [WRN] NO TOKEN FOUND IN COOKIES!
2026-06-11 13:50:51.279 +00:00 [INF] ====== OnMessageReceived END - Token set: false ======
2026-06-11 13:50:51.281 +00:00 [INF] Executing endpoint 'API.Controllers.AuthController.Authenticate (API)'
2026-06-11 13:50:51.289 +00:00 [INF] Route matched with {action = "Authenticate", controller = "Auth"}. Executing controller action with signature System.Threading.Tasks.Task`1[Microsoft.AspNetCore.Mvc.IActionResult] Authenticate(API.Models.RequestModels.LoginRequest) on controller API.Controllers.AuthController (API).
2026-06-11 13:50:51.327 +00:00 [INF] Authentication attempt for email: lengyelnorbi5@gmail.com
2026-06-11 13:50:51.328 +00:00 [INF] Fetching user by email from database...
2026-06-11 13:50:51.421 +00:00 [INF] Executed DbCommand (23ms) [Parameters=[@__email_0='?'], CommandType='"Text"', CommandTimeout='30']
SELECT u."ID", u."Email", u."PasswordHash", u."RegisteredAt", u."Role", u."Username"
FROM "Users" AS u
WHERE u."Email" = @__email_0
LIMIT 1
2026-06-11 13:50:51.425 +00:00 [INF] Mozilla/5.0 (Windows NT 10.0; Win64; x64; rv:151.0) Gecko/20100101 Firefox/151.0
2026-06-11 13:50:51.426 +00:00 [INF] Fetching user by email from database...
2026-06-11 13:50:51.428 +00:00 [INF] Executed DbCommand (1ms) [Parameters=[@__email_0='?'], CommandType='"Text"', CommandTimeout='30']
SELECT u."ID", u."Email", u."PasswordHash", u."RegisteredAt", u."Role", u."Username"
FROM "Users" AS u
WHERE u."Email" = @__email_0
LIMIT 1
2026-06-11 13:50:51.619 +00:00 [INF] Password verification completed: Valid
2026-06-11 13:50:51.636 +00:00 [INF] Executed DbCommand (9ms) [Parameters=[@p0='?' (DbType = DateTime), @p1='?', @p2='?' (DbType = DateTime), @p3='?', @p4='?' (DbType = Int32), @p5='?'], CommandType='"Text"', CommandTimeout='30']
INSERT INTO "AccessTokens" ("CreatedAt", "DeviceFingerprint", "ExpiresAt", "IpAddress", "UserID", jti)
VALUES (@p0, @p1, @p2, @p3, @p4, @p5)
RETURNING "ID", "IsRevoked";
2026-06-11 13:50:51.645 +00:00 [INF] Executed DbCommand (3ms) [Parameters=[@p0='?' (DbType = DateTime), @p1='?', @p2='?' (DbType = DateTime), @p3='?', @p4='?', @p5='?' (DbType = Int32)], CommandType='"Text"', CommandTimeout='30']
INSERT INTO "RefreshTokens" ("CreatedAt", "DeviceFingerprint", "ExpiresAt", "IpAddress", "TokenHash", "UserID")
VALUES (@p0, @p1, @p2, @p3, @p4, @p5)
RETURNING "ID", "IsRevoked";
2026-06-11 13:50:51.646 +00:00 [INF] Admin user lengyelnorbi5@gmail.com authenticated successfully from admin panel at "2026-06-11T13:50:51.6464258Z"
2026-06-11 13:50:51.648 +00:00 [INF] --------------------------------------------------------------------
2026-06-11 13:50:51.648 +00:00 [INF] eyJhbGciOiJIUzI1NiIsInR5cCI6IkpXVCJ9.eyJodHRwOi8vc2NoZW1hcy54bWxzb2FwLm9yZy93cy8yMDA1LzA1L2lkZW50aXR5L2NsYWltcy9uYW1laWRlbnRpZmllciI6IjEiLCJodHRwOi8vc2NoZW1hcy54bWxzb2FwLm9yZy93cy8yMDA1LzA1L2lkZW50aXR5L2NsYWltcy9lbWFpbGFkZHJlc3MiOiJsZW5neWVsbm9yYmk1QGdtYWlsLmNvbSIsImh0dHA6Ly9zY2hlbWFzLnhtbHNvYXAub3JnL3dzLzIwMDUvMDUvaWRlbnRpdHkvY2xhaW1zL25hbWUiOiJsZW5neWVsbm9yYmkiLCJqdGkiOiI2NzAyYmEzYS03MDMwLTQ5M2EtOGJlOC1iODAyZjVkNjRiNTgiLCJpYXQiOjE3ODExODU4NTEsImV4cCI6MTc4MTE4NjE1MSwiaHR0cDovL3NjaGVtYXMubWljcm9zb2Z0LmNvbS93cy8yMDA4LzA2L2lkZW50aXR5L2NsYWltcy9yb2xlIjoiQWRtaW4iLCJTb3VyY2UiOiJhZG1pbiIsIkRldmljZUlkIjoiL2EydWY0ejhyY0JJaElyN0tHYmQ2YWFoTXI4MEJoais5dXlMaVlOWjY2QT0iLCJJUEFkZHJlc3MiOiI6OmZmZmY6MTcyLjIwLjAuMSIsIlRva2VuVmVyc2lvbiI6IjEiLCJpc3MiOiJNdXNpY1BsYXllckFQSSIsImF1ZCI6Ik11c2ljUGxheWVyQ2xpZW50In0.JNssY-WYUU9MaGujPirxmahNPeEgXKJT3zjNRwqbmkE
2026-06-11 13:50:51.649 +00:00 [INF] Mx0qs9pV1WfTZdz8P5uabpXIQXIUwJneSHyqUeKrTVE=
2026-06-11 13:50:51.649 +00:00 [INF] Source: admin
2026-06-11 13:50:51.650 +00:00 [INF] Access Token expires at: "2026-06-11T13:55:51.6198066Z"
2026-06-11 13:50:51.650 +00:00 [INF] Refresh Token expires at: "2026-06-11T21:50:51.6411653Z"
2026-06-11 13:50:51.650 +00:00 [INF] tokenCookieName: adminToken
2026-06-11 13:50:51.650 +00:00 [INF] refreshTokenCookieName: adminRefreshToken
2026-06-11 13:50:51.650 +00:00 [INF] Refresh token hash stored in cookie: Mx0qs9pV1WfTZdz8P5uabpXIQXIUwJneSHyqUeKrTVE=
2026-06-11 13:50:51.650 +00:00 [INF] --------------------------------------------------------------------
2026-06-11 13:50:51.651 +00:00 [INF] Executing OkObjectResult, writing value of type '<>f__AnonymousType1`4[[System.Boolean, System.Private.CoreLib, Version=9.0.0.0, Culture=neutral, PublicKeyToken=7cec85d7bea7798e],[System.Int32, System.Private.CoreLib, Version=9.0.0.0, Culture=neutral, PublicKeyToken=7cec85d7bea7798e],[System.Int32, System.Private.CoreLib, Version=9.0.0.0, Culture=neutral, PublicKeyToken=7cec85d7bea7798e],[<>f__AnonymousType2`3[[System.Int32, System.Private.CoreLib, Version=9.0.0.0, Culture=neutral, PublicKeyToken=7cec85d7bea7798e],[System.String, System.Private.CoreLib, Version=9.0.0.0, Culture=neutral, PublicKeyToken=7cec85d7bea7798e],[System.String, System.Private.CoreLib, Version=9.0.0.0, Culture=neutral, PublicKeyToken=7cec85d7bea7798e]], API, Version=1.0.0.0, Culture=neutral, PublicKeyToken=null]]'.
2026-06-11 13:50:51.652 +00:00 [INF] Executed action API.Controllers.AuthController.Authenticate (API) in 362.9555ms
2026-06-11 13:50:51.653 +00:00 [INF] Executed endpoint 'API.Controllers.AuthController.Authenticate (API)'
2026-06-11 13:50:51.653 +00:00 [INF] Request finished HTTP/1.1 POST http://192.168.1.6:8080/api/auth - 200 null application/json; charset=utf-8 381.125ms
2026-06-11 13:50:52.873 +00:00 [INF] Request starting HTTP/1.1 GET http://192.168.1.6:8080/api/user?page=1&limit=10 - null null
2026-06-11 13:50:52.873 +00:00 [INF] CORS policy execution successful.
2026-06-11 13:50:52.874 +00:00 [INF] ====== OnMessageReceived START ======
2026-06-11 13:50:52.874 +00:00 [INF] Request starting HTTP/1.1 GET http://192.168.1.6:8080/api/user - null null
2026-06-11 13:50:52.874 +00:00 [INF] Available cookies: 0
2026-06-11 13:50:52.874 +00:00 [INF] CORS policy execution successful.
2026-06-11 13:50:52.875 +00:00 [WRN] NO TOKEN FOUND IN COOKIES!
2026-06-11 13:50:52.875 +00:00 [INF] ====== OnMessageReceived START ======
2026-06-11 13:50:52.875 +00:00 [INF] ====== OnMessageReceived END - Token set: false ======
2026-06-11 13:50:52.875 +00:00 [INF] Available cookies: 0
2026-06-11 13:50:52.875 +00:00 [INF] Executing endpoint 'API.Controllers.UserController.Get (API)'
2026-06-11 13:50:52.875 +00:00 [WRN] NO TOKEN FOUND IN COOKIES!
2026-06-11 13:50:52.876 +00:00 [INF] ====== OnMessageReceived END - Token set: false ======
2026-06-11 13:50:52.876 +00:00 [INF] Executing endpoint 'API.Controllers.UserController.Get (API)'
2026-06-11 13:50:52.876 +00:00 [INF] Route matched with {action = "Get", controller = "User"}. Executing controller action with signature System.Threading.Tasks.Task`1[System.Collections.Generic.IEnumerable`1[API.DTO.UserDTO]] Get() on controller API.Controllers.UserController (API).
2026-06-11 13:50:52.882 +00:00 [INF] Route matched with {action = "Get", controller = "User"}. Executing controller action with signature System.Threading.Tasks.Task`1[System.Collections.Generic.IEnumerable`1[API.DTO.UserDTO]] Get() on controller API.Controllers.UserController (API).
2026-06-11 13:50:52.884 +00:00 [INF] Fetching user data from database...
2026-06-11 13:50:52.884 +00:00 [INF] Fetching user data from database...
2026-06-11 13:50:52.888 +00:00 [INF] Executed DbCommand (3ms) [Parameters=[], CommandType='"Text"', CommandTimeout='30']
SELECT u."ID", u."Email", u."PasswordHash", u."RegisteredAt", u."Role", u."Username"
FROM "Users" AS u
2026-06-11 13:50:52.888 +00:00 [INF] Executing ObjectResult, writing value of type 'System.Collections.Generic.List`1[[API.DTO.UserDTO, API, Version=1.0.0.0, Culture=neutral, PublicKeyToken=null]]'.
2026-06-11 13:50:52.890 +00:00 [INF] Executed action API.Controllers.UserController.Get (API) in 7.5291ms
2026-06-11 13:50:52.890 +00:00 [INF] Executed endpoint 'API.Controllers.UserController.Get (API)'
2026-06-11 13:50:52.891 +00:00 [INF] Request finished HTTP/1.1 GET http://192.168.1.6:8080/api/user?page=1&limit=10 - 200 null application/json; charset=utf-8 17.9923ms
2026-06-11 13:50:52.900 +00:00 [INF] Executed DbCommand (1ms) [Parameters=[], CommandType='"Text"', CommandTimeout='30']
SELECT u."ID", u."Email", u."PasswordHash", u."RegisteredAt", u."Role", u."Username"
FROM "Users" AS u
2026-06-11 13:50:52.900 +00:00 [INF] Executing ObjectResult, writing value of type 'System.Collections.Generic.List`1[[API.DTO.UserDTO, API, Version=1.0.0.0, Culture=neutral, PublicKeyToken=null]]'.
2026-06-11 13:50:52.901 +00:00 [INF] Executed action API.Controllers.UserController.Get (API) in 17.9777ms
2026-06-11 13:50:52.901 +00:00 [INF] Executed endpoint 'API.Controllers.UserController.Get (API)'
2026-06-11 13:50:52.901 +00:00 [INF] Request finished HTTP/1.1 GET http://192.168.1.6:8080/api/user - 200 null application/json; charset=utf-8 27.3787ms
2026-06-11 13:53:57.475 +00:00 [INF] Request starting HTTP/1.1 GET http://192.168.1.6:8080/api/user - null null
2026-06-11 13:53:57.475 +00:00 [INF] Request starting HTTP/1.1 GET http://192.168.1.6:8080/api/user?page=1&limit=10 - null null
2026-06-11 13:53:57.475 +00:00 [INF] CORS policy execution successful.
2026-06-11 13:53:57.476 +00:00 [INF] CORS policy execution successful.
2026-06-11 13:53:57.476 +00:00 [INF] ====== OnMessageReceived START ======
2026-06-11 13:53:57.476 +00:00 [INF] ====== OnMessageReceived START ======
2026-06-11 13:53:57.477 +00:00 [INF] Available cookies: 0
2026-06-11 13:53:57.477 +00:00 [INF] Available cookies: 0
2026-06-11 13:53:57.477 +00:00 [WRN] NO TOKEN FOUND IN COOKIES!
2026-06-11 13:53:57.477 +00:00 [WRN] NO TOKEN FOUND IN COOKIES!
2026-06-11 13:53:57.478 +00:00 [INF] ====== OnMessageReceived END - Token set: false ======
2026-06-11 13:53:57.478 +00:00 [INF] ====== OnMessageReceived END - Token set: false ======
2026-06-11 13:53:57.478 +00:00 [INF] Executing endpoint 'API.Controllers.UserController.Get (API)'
2026-06-11 13:53:57.478 +00:00 [INF] Executing endpoint 'API.Controllers.UserController.Get (API)'
2026-06-11 13:53:57.478 +00:00 [INF] Route matched with {action = "Get", controller = "User"}. Executing controller action with signature System.Threading.Tasks.Task`1[System.Collections.Generic.IEnumerable`1[API.DTO.UserDTO]] Get() on controller API.Controllers.UserController (API).
2026-06-11 13:53:57.479 +00:00 [INF] Route matched with {action = "Get", controller = "User"}. Executing controller action with signature System.Threading.Tasks.Task`1[System.Collections.Generic.IEnumerable`1[API.DTO.UserDTO]] Get() on controller API.Controllers.UserController (API).
2026-06-11 13:53:57.479 +00:00 [INF] Fetching user data from database...
2026-06-11 13:53:57.481 +00:00 [INF] Fetching user data from database...
2026-06-11 13:53:57.483 +00:00 [INF] Executed DbCommand (1ms) [Parameters=[], CommandType='"Text"', CommandTimeout='30']
SELECT u."ID", u."Email", u."PasswordHash", u."RegisteredAt", u."Role", u."Username"
FROM "Users" AS u
2026-06-11 13:53:57.483 +00:00 [INF] Executed DbCommand (1ms) [Parameters=[], CommandType='"Text"', CommandTimeout='30']
SELECT u."ID", u."Email", u."PasswordHash", u."RegisteredAt", u."Role", u."Username"
FROM "Users" AS u
2026-06-11 13:53:57.483 +00:00 [INF] Executing ObjectResult, writing value of type 'System.Collections.Generic.List`1[[API.DTO.UserDTO, API, Version=1.0.0.0, Culture=neutral, PublicKeyToken=null]]'.
2026-06-11 13:53:57.484 +00:00 [INF] Executing ObjectResult, writing value of type 'System.Collections.Generic.List`1[[API.DTO.UserDTO, API, Version=1.0.0.0, Culture=neutral, PublicKeyToken=null]]'.
2026-06-11 13:53:57.485 +00:00 [INF] Executed action API.Controllers.UserController.Get (API) in 5.8926ms
2026-06-11 13:53:57.485 +00:00 [INF] Executed action API.Controllers.UserController.Get (API) in 6.0494ms
2026-06-11 13:53:57.485 +00:00 [INF] Executed endpoint 'API.Controllers.UserController.Get (API)'
2026-06-11 13:53:57.485 +00:00 [INF] Executed endpoint 'API.Controllers.UserController.Get (API)'
2026-06-11 13:53:57.485 +00:00 [INF] Request finished HTTP/1.1 GET http://192.168.1.6:8080/api/user - 200 null application/json; charset=utf-8 10.6635ms
2026-06-11 13:53:57.485 +00:00 [INF] Request finished HTTP/1.1 GET http://192.168.1.6:8080/api/user?page=1&limit=10 - 200 null application/json; charset=utf-8 10.4326ms
2026-06-11 13:54:42.554 +00:00 [INF] Request starting HTTP/1.1 GET http://192.168.1.6:8080/api/user - null null
2026-06-11 13:54:42.555 +00:00 [INF] Request starting HTTP/1.1 GET http://192.168.1.6:8080/api/user?page=1&limit=10 - null null
2026-06-11 13:54:42.555 +00:00 [INF] CORS policy execution successful.
2026-06-11 13:54:42.556 +00:00 [INF] CORS policy execution successful.
2026-06-11 13:54:42.556 +00:00 [INF] ====== OnMessageReceived START ======
2026-06-11 13:54:42.556 +00:00 [INF] Available cookies: 0
2026-06-11 13:54:42.557 +00:00 [WRN] NO TOKEN FOUND IN COOKIES!
2026-06-11 13:54:42.557 +00:00 [INF] ====== OnMessageReceived START ======
2026-06-11 13:54:42.557 +00:00 [INF] ====== OnMessageReceived END - Token set: false ======
2026-06-11 13:54:42.557 +00:00 [INF] Available cookies: 0
2026-06-11 13:54:42.558 +00:00 [WRN] NO TOKEN FOUND IN COOKIES!
2026-06-11 13:54:42.558 +00:00 [INF] Executing endpoint 'API.Controllers.UserController.Get (API)'
2026-06-11 13:54:42.558 +00:00 [INF] ====== OnMessageReceived END - Token set: false ======
2026-06-11 13:54:42.558 +00:00 [INF] Route matched with {action = "Get", controller = "User"}. Executing controller action with signature System.Threading.Tasks.Task`1[System.Collections.Generic.IEnumerable`1[API.DTO.UserDTO]] Get() on controller API.Controllers.UserController (API).
2026-06-11 13:54:42.558 +00:00 [INF] Executing endpoint 'API.Controllers.UserController.Get (API)'
2026-06-11 13:54:42.558 +00:00 [INF] Route matched with {action = "Get", controller = "User"}. Executing controller action with signature System.Threading.Tasks.Task`1[System.Collections.Generic.IEnumerable`1[API.DTO.UserDTO]] Get() on controller API.Controllers.UserController (API).
2026-06-11 13:54:42.559 +00:00 [INF] Fetching user data from database...
2026-06-11 13:54:42.559 +00:00 [INF] Fetching user data from database...
2026-06-11 13:54:42.562 +00:00 [INF] Executed DbCommand (1ms) [Parameters=[], CommandType='"Text"', CommandTimeout='30']
SELECT u."ID", u."Email", u."PasswordHash", u."RegisteredAt", u."Role", u."Username"
FROM "Users" AS u
2026-06-11 13:54:42.562 +00:00 [INF] Executed DbCommand (2ms) [Parameters=[], CommandType='"Text"', CommandTimeout='30']
SELECT u."ID", u."Email", u."PasswordHash", u."RegisteredAt", u."Role", u."Username"
FROM "Users" AS u
2026-06-11 13:54:42.564 +00:00 [INF] Executing ObjectResult, writing value of type 'System.Collections.Generic.List`1[[API.DTO.UserDTO, API, Version=1.0.0.0, Culture=neutral, PublicKeyToken=null]]'.
2026-06-11 13:54:42.564 +00:00 [INF] Executing ObjectResult, writing value of type 'System.Collections.Generic.List`1[[API.DTO.UserDTO, API, Version=1.0.0.0, Culture=neutral, PublicKeyToken=null]]'.
2026-06-11 13:54:42.564 +00:00 [INF] Executed action API.Controllers.UserController.Get (API) in 5.6961ms
2026-06-11 13:54:42.564 +00:00 [INF] Executed action API.Controllers.UserController.Get (API) in 5.1736ms
2026-06-11 13:54:42.564 +00:00 [INF] Executed endpoint 'API.Controllers.UserController.Get (API)'
2026-06-11 13:54:42.565 +00:00 [INF] Executed endpoint 'API.Controllers.UserController.Get (API)'
2026-06-11 13:54:42.565 +00:00 [INF] Request finished HTTP/1.1 GET http://192.168.1.6:8080/api/user?page=1&limit=10 - 200 null application/json; charset=utf-8 10.5181ms
2026-06-11 13:54:42.565 +00:00 [INF] Request finished HTTP/1.1 GET http://192.168.1.6:8080/api/user - 200 null application/json; charset=utf-8 10.6032ms
2026-06-11 13:55:21.670 +00:00 [INF] Request starting HTTP/1.1 OPTIONS http://192.168.1.6:8080/api/auth/refresh - null null
2026-06-11 13:55:21.671 +00:00 [INF] CORS policy execution successful.
2026-06-11 13:55:21.671 +00:00 [INF] Request finished HTTP/1.1 OPTIONS http://192.168.1.6:8080/api/auth/refresh - 204 null null 0.9183ms
2026-06-11 13:55:21.672 +00:00 [INF] Request starting HTTP/1.1 POST http://192.168.1.6:8080/api/auth/refresh - application/json 18
2026-06-11 13:55:21.673 +00:00 [INF] CORS policy execution successful.
2026-06-11 13:55:21.673 +00:00 [INF] ====== OnMessageReceived START ======
2026-06-11 13:55:21.673 +00:00 [INF] Available cookies: 0
2026-06-11 13:55:21.673 +00:00 [WRN] NO TOKEN FOUND IN COOKIES!
2026-06-11 13:55:21.673 +00:00 [INF] ====== OnMessageReceived END - Token set: false ======
2026-06-11 13:55:21.679 +00:00 [INF] Authorization failed. These requirements were not met:
DenyAnonymousAuthorizationRequirement: Requires an authenticated user.
2026-06-11 13:55:21.681 +00:00 [INF] AuthenticationScheme: Bearer was challenged.
2026-06-11 13:55:21.681 +00:00 [INF] Request finished HTTP/1.1 POST http://192.168.1.6:8080/api/auth/refresh - 401 0 null 8.7203ms
2026-06-11 13:55:28.701 +00:00 [INF] Request starting HTTP/1.1 OPTIONS http://192.168.1.6:8080/api/auth - null null
2026-06-11 13:55:28.702 +00:00 [INF] CORS policy execution successful.
2026-06-11 13:55:28.702 +00:00 [INF] Request finished HTTP/1.1 OPTIONS http://192.168.1.6:8080/api/auth - 204 null null 1.273ms
2026-06-11 13:55:28.717 +00:00 [INF] Request starting HTTP/1.1 POST http://192.168.1.6:8080/api/auth - application/json 74
2026-06-11 13:55:28.717 +00:00 [INF] CORS policy execution successful.
2026-06-11 13:55:28.717 +00:00 [INF] ====== OnMessageReceived START ======
2026-06-11 13:55:28.717 +00:00 [INF] Available cookies: 0
2026-06-11 13:55:28.718 +00:00 [WRN] NO TOKEN FOUND IN COOKIES!
2026-06-11 13:55:28.718 +00:00 [INF] ====== OnMessageReceived END - Token set: false ======
2026-06-11 13:55:28.718 +00:00 [INF] Executing endpoint 'API.Controllers.AuthController.Authenticate (API)'
2026-06-11 13:55:28.719 +00:00 [INF] Route matched with {action = "Authenticate", controller = "Auth"}. Executing controller action with signature System.Threading.Tasks.Task`1[Microsoft.AspNetCore.Mvc.IActionResult] Authenticate(API.Models.RequestModels.LoginRequest) on controller API.Controllers.AuthController (API).
2026-06-11 13:55:28.723 +00:00 [INF] Authentication attempt for email: lengyelnorbi5@gmail.com
2026-06-11 13:55:28.724 +00:00 [INF] Fetching user by email from database...
2026-06-11 13:55:28.730 +00:00 [INF] Executed DbCommand (4ms) [Parameters=[@__email_0='?'], CommandType='"Text"', CommandTimeout='30']
SELECT u."ID", u."Email", u."PasswordHash", u."RegisteredAt", u."Role", u."Username"
FROM "Users" AS u
WHERE u."Email" = @__email_0
LIMIT 1
2026-06-11 13:55:28.731 +00:00 [INF] Mozilla/5.0 (Windows NT 10.0; Win64; x64; rv:151.0) Gecko/20100101 Firefox/151.0
2026-06-11 13:55:28.732 +00:00 [INF] Fetching user by email from database...
2026-06-11 13:55:28.734 +00:00 [INF] Executed DbCommand (2ms) [Parameters=[@__email_0='?'], CommandType='"Text"', CommandTimeout='30']
SELECT u."ID", u."Email", u."PasswordHash", u."RegisteredAt", u."Role", u."Username"
FROM "Users" AS u
WHERE u."Email" = @__email_0
LIMIT 1
2026-06-11 13:55:28.926 +00:00 [INF] Password verification completed: Valid
2026-06-11 13:55:28.938 +00:00 [INF] Executed DbCommand (6ms) [Parameters=[@p0='?' (DbType = DateTime), @p1='?', @p2='?' (DbType = DateTime), @p3='?', @p4='?' (DbType = Int32), @p5='?'], CommandType='"Text"', CommandTimeout='30']
INSERT INTO "AccessTokens" ("CreatedAt", "DeviceFingerprint", "ExpiresAt", "IpAddress", "UserID", jti)
VALUES (@p0, @p1, @p2, @p3, @p4, @p5)
RETURNING "ID", "IsRevoked";
2026-06-11 13:55:28.943 +00:00 [INF] Executed DbCommand (3ms) [Parameters=[@p0='?' (DbType = DateTime), @p1='?', @p2='?' (DbType = DateTime), @p3='?', @p4='?', @p5='?' (DbType = Int32)], CommandType='"Text"', CommandTimeout='30']
INSERT INTO "RefreshTokens" ("CreatedAt", "DeviceFingerprint", "ExpiresAt", "IpAddress", "TokenHash", "UserID")
VALUES (@p0, @p1, @p2, @p3, @p4, @p5)
RETURNING "ID", "IsRevoked";
2026-06-11 13:55:28.944 +00:00 [INF] Admin user lengyelnorbi5@gmail.com authenticated successfully from admin panel at "2026-06-11T13:55:28.9443396Z"
2026-06-11 13:55:28.945 +00:00 [INF] --------------------------------------------------------------------
2026-06-11 13:55:28.945 +00:00 [INF] eyJhbGciOiJIUzI1NiIsInR5cCI6IkpXVCJ9.eyJodHRwOi8vc2NoZW1hcy54bWxzb2FwLm9yZy93cy8yMDA1LzA1L2lkZW50aXR5L2NsYWltcy9uYW1laWRlbnRpZmllciI6IjEiLCJodHRwOi8vc2NoZW1hcy54bWxzb2FwLm9yZy93cy8yMDA1LzA1L2lkZW50aXR5L2NsYWltcy9lbWFpbGFkZHJlc3MiOiJsZW5neWVsbm9yYmk1QGdtYWlsLmNvbSIsImh0dHA6Ly9zY2hlbWFzLnhtbHNvYXAub3JnL3dzLzIwMDUvMDUvaWRlbnRpdHkvY2xhaW1zL25hbWUiOiJsZW5neWVsbm9yYmkiLCJqdGkiOiJiYjM0YmZjMC05YzBjLTQ5ZDAtOWVmNC0wYTNkMDZjYzJkZTYiLCJpYXQiOjE3ODExODYxMjgsImV4cCI6MTc4MTE4NjQyOCwiaHR0cDovL3NjaGVtYXMubWljcm9zb2Z0LmNvbS93cy8yMDA4LzA2L2lkZW50aXR5L2NsYWltcy9yb2xlIjoiQWRtaW4iLCJTb3VyY2UiOiJhZG1pbiIsIkRldmljZUlkIjoiL2EydWY0ejhyY0JJaElyN0tHYmQ2YWFoTXI4MEJoais5dXlMaVlOWjY2QT0iLCJJUEFkZHJlc3MiOiI6OmZmZmY6MTcyLjIwLjAuMSIsIlRva2VuVmVyc2lvbiI6IjEiLCJpc3MiOiJNdXNpY1BsYXllckFQSSIsImF1ZCI6Ik11c2ljUGxheWVyQ2xpZW50In0.PHSYiYoM5xuDRrVzawhShU50DRd1GPo-TqJh6D4Il8Q
2026-06-11 13:55:28.945 +00:00 [INF] WRAiALWLXulJ5D/6XkOvzVWkCRxRRGDeaOzu8cKbqqM=
2026-06-11 13:55:28.945 +00:00 [INF] Source: admin
2026-06-11 13:55:28.945 +00:00 [INF] Access Token expires at: "2026-06-11T14:00:28.9265061Z"
2026-06-11 13:55:28.945 +00:00 [INF] Refresh Token expires at: "2026-06-11T21:55:28.9400457Z"
2026-06-11 13:55:28.946 +00:00 [INF] tokenCookieName: adminToken
2026-06-11 13:55:28.946 +00:00 [INF] refreshTokenCookieName: adminRefreshToken
2026-06-11 13:55:28.946 +00:00 [INF] Refresh token hash stored in cookie: WRAiALWLXulJ5D/6XkOvzVWkCRxRRGDeaOzu8cKbqqM=
2026-06-11 13:55:28.946 +00:00 [INF] --------------------------------------------------------------------
2026-06-11 13:55:28.947 +00:00 [INF] Executing OkObjectResult, writing value of type '<>f__AnonymousType1`4[[System.Boolean, System.Private.CoreLib, Version=9.0.0.0, Culture=neutral, PublicKeyToken=7cec85d7bea7798e],[System.Int32, System.Private.CoreLib, Version=9.0.0.0, Culture=neutral, PublicKeyToken=7cec85d7bea7798e],[System.Int32, System.Private.CoreLib, Version=9.0.0.0, Culture=neutral, PublicKeyToken=7cec85d7bea7798e],[<>f__AnonymousType2`3[[System.Int32, System.Private.CoreLib, Version=9.0.0.0, Culture=neutral, PublicKeyToken=7cec85d7bea7798e],[System.String, System.Private.CoreLib, Version=9.0.0.0, Culture=neutral, PublicKeyToken=7cec85d7bea7798e],[System.String, System.Private.CoreLib, Version=9.0.0.0, Culture=neutral, PublicKeyToken=7cec85d7bea7798e]], API, Version=1.0.0.0, Culture=neutral, PublicKeyToken=null]]'.
2026-06-11 13:55:28.947 +00:00 [INF] Executed action API.Controllers.AuthController.Authenticate (API) in 228.4804ms
2026-06-11 13:55:28.947 +00:00 [INF] Executed endpoint 'API.Controllers.AuthController.Authenticate (API)'
2026-06-11 13:55:28.948 +00:00 [INF] Request finished HTTP/1.1 POST http://192.168.1.6:8080/api/auth - 200 null application/json; charset=utf-8 231.0266ms
2026-06-11 13:55:30.095 +00:00 [INF] Request starting HTTP/1.1 GET http://192.168.1.6:8080/api/user?page=1&limit=10 - null null
2026-06-11 13:55:30.096 +00:00 [INF] CORS policy execution successful.
2026-06-11 13:55:30.096 +00:00 [INF] Request starting HTTP/1.1 GET http://192.168.1.6:8080/api/user - null null
2026-06-11 13:55:30.096 +00:00 [INF] ====== OnMessageReceived START ======
2026-06-11 13:55:30.096 +00:00 [INF] CORS policy execution successful.
2026-06-11 13:55:30.096 +00:00 [INF] Available cookies: 0
2026-06-11 13:55:30.096 +00:00 [INF] ====== OnMessageReceived START ======
2026-06-11 13:55:30.096 +00:00 [WRN] NO TOKEN FOUND IN COOKIES!
2026-06-11 13:55:30.097 +00:00 [INF] Available cookies: 0
2026-06-11 13:55:30.097 +00:00 [INF] ====== OnMessageReceived END - Token set: false ======
2026-06-11 13:55:30.097 +00:00 [WRN] NO TOKEN FOUND IN COOKIES!
2026-06-11 13:55:30.097 +00:00 [INF] Executing endpoint 'API.Controllers.UserController.Get (API)'
2026-06-11 13:55:30.097 +00:00 [INF] ====== OnMessageReceived END - Token set: false ======
2026-06-11 13:55:30.097 +00:00 [INF] Executing endpoint 'API.Controllers.UserController.Get (API)'
2026-06-11 13:55:30.098 +00:00 [INF] Route matched with {action = "Get", controller = "User"}. Executing controller action with signature System.Threading.Tasks.Task`1[System.Collections.Generic.IEnumerable`1[API.DTO.UserDTO]] Get() on controller API.Controllers.UserController (API).
2026-06-11 13:55:30.098 +00:00 [INF] Route matched with {action = "Get", controller = "User"}. Executing controller action with signature System.Threading.Tasks.Task`1[System.Collections.Generic.IEnumerable`1[API.DTO.UserDTO]] Get() on controller API.Controllers.UserController (API).
2026-06-11 13:55:30.098 +00:00 [INF] Fetching user data from database...
2026-06-11 13:55:30.098 +00:00 [INF] Fetching user data from database...
2026-06-11 13:55:30.100 +00:00 [INF] Executed DbCommand (2ms) [Parameters=[], CommandType='"Text"', CommandTimeout='30']
SELECT u."ID", u."Email", u."PasswordHash", u."RegisteredAt", u."Role", u."Username"
FROM "Users" AS u
2026-06-11 13:55:30.101 +00:00 [INF] Executed DbCommand (1ms) [Parameters=[], CommandType='"Text"', CommandTimeout='30']
SELECT u."ID", u."Email", u."PasswordHash", u."RegisteredAt", u."Role", u."Username"
FROM "Users" AS u
2026-06-11 13:55:30.101 +00:00 [INF] Executing ObjectResult, writing value of type 'System.Collections.Generic.List`1[[API.DTO.UserDTO, API, Version=1.0.0.0, Culture=neutral, PublicKeyToken=null]]'.
2026-06-11 13:55:30.101 +00:00 [INF] Executing ObjectResult, writing value of type 'System.Collections.Generic.List`1[[API.DTO.UserDTO, API, Version=1.0.0.0, Culture=neutral, PublicKeyToken=null]]'.
2026-06-11 13:55:30.101 +00:00 [INF] Executed action API.Controllers.UserController.Get (API) in 3.2766ms
2026-06-11 13:55:30.101 +00:00 [INF] Executed action API.Controllers.UserController.Get (API) in 3.5275ms
2026-06-11 13:55:30.102 +00:00 [INF] Executed endpoint 'API.Controllers.UserController.Get (API)'
2026-06-11 13:55:30.102 +00:00 [INF] Executed endpoint 'API.Controllers.UserController.Get (API)'
2026-06-11 13:55:30.102 +00:00 [INF] Request finished HTTP/1.1 GET http://192.168.1.6:8080/api/user - 200 null application/json; charset=utf-8 6.5482ms
2026-06-11 13:55:30.102 +00:00 [INF] Request finished HTTP/1.1 GET http://192.168.1.6:8080/api/user?page=1&limit=10 - 200 null application/json; charset=utf-8 7.0998ms
2026-06-11 13:59:09.021 +00:00 [INF] Request starting HTTP/1.1 GET http://192.168.1.6:8080/api/user?page=1&limit=10 - null null
2026-06-11 13:59:09.022 +00:00 [INF] CORS policy execution successful.
2026-06-11 13:59:09.022 +00:00 [INF] ====== OnMessageReceived START ======
2026-06-11 13:59:09.022 +00:00 [INF] Available cookies: 0
2026-06-11 13:59:09.022 +00:00 [WRN] NO TOKEN FOUND IN COOKIES!
2026-06-11 13:59:09.023 +00:00 [INF] ====== OnMessageReceived END - Token set: false ======
2026-06-11 13:59:09.023 +00:00 [INF] Executing endpoint 'API.Controllers.UserController.Get (API)'
2026-06-11 13:59:09.023 +00:00 [INF] Route matched with {action = "Get", controller = "User"}. Executing controller action with signature System.Threading.Tasks.Task`1[System.Collections.Generic.IEnumerable`1[API.DTO.UserDTO]] Get() on controller API.Controllers.UserController (API).
2026-06-11 13:59:09.024 +00:00 [INF] Fetching user data from database...
2026-06-11 13:59:09.030 +00:00 [INF] Request starting HTTP/1.1 GET http://192.168.1.6:8080/api/user - null null
2026-06-11 13:59:09.030 +00:00 [INF] CORS policy execution successful.
2026-06-11 13:59:09.031 +00:00 [INF] ====== OnMessageReceived START ======
2026-06-11 13:59:09.031 +00:00 [INF] Available cookies: 0
2026-06-11 13:59:09.031 +00:00 [WRN] NO TOKEN FOUND IN COOKIES!
2026-06-11 13:59:09.032 +00:00 [INF] ====== OnMessageReceived END - Token set: false ======
2026-06-11 13:59:09.032 +00:00 [INF] Executing endpoint 'API.Controllers.UserController.Get (API)'
2026-06-11 13:59:09.032 +00:00 [INF] Route matched with {action = "Get", controller = "User"}. Executing controller action with signature System.Threading.Tasks.Task`1[System.Collections.Generic.IEnumerable`1[API.DTO.UserDTO]] Get() on controller API.Controllers.UserController (API).
2026-06-11 13:59:09.033 +00:00 [INF] Fetching user data from database...
2026-06-11 13:59:09.043 +00:00 [INF] Executed DbCommand (3ms) [Parameters=[], CommandType='"Text"', CommandTimeout='30']
SELECT u."ID", u."Email", u."PasswordHash", u."RegisteredAt", u."Role", u."Username"
FROM "Users" AS u
2026-06-11 13:59:09.043 +00:00 [INF] Executing ObjectResult, writing value of type 'System.Collections.Generic.List`1[[API.DTO.UserDTO, API, Version=1.0.0.0, Culture=neutral, PublicKeyToken=null]]'.
2026-06-11 13:59:09.044 +00:00 [INF] Executed action API.Controllers.UserController.Get (API) in 20.2091ms
2026-06-11 13:59:09.044 +00:00 [INF] Executed endpoint 'API.Controllers.UserController.Get (API)'
2026-06-11 13:59:09.044 +00:00 [INF] Request finished HTTP/1.1 GET http://192.168.1.6:8080/api/user?page=1&limit=10 - 200 null application/json; charset=utf-8 23.0836ms
2026-06-11 13:59:09.044 +00:00 [INF] Executed DbCommand (2ms) [Parameters=[], CommandType='"Text"', CommandTimeout='30']
SELECT u."ID", u."Email", u."PasswordHash", u."RegisteredAt", u."Role", u."Username"
FROM "Users" AS u
2026-06-11 13:59:09.045 +00:00 [INF] Executing ObjectResult, writing value of type 'System.Collections.Generic.List`1[[API.DTO.UserDTO, API, Version=1.0.0.0, Culture=neutral, PublicKeyToken=null]]'.
2026-06-11 13:59:09.045 +00:00 [INF] Executed action API.Controllers.UserController.Get (API) in 12.5597ms
2026-06-11 13:59:09.045 +00:00 [INF] Executed endpoint 'API.Controllers.UserController.Get (API)'
2026-06-11 13:59:09.045 +00:00 [INF] Request finished HTTP/1.1 GET http://192.168.1.6:8080/api/user - 200 null application/json; charset=utf-8 15.4543ms
2026-06-11 14:00:01.227 +00:00 [INF] Request starting HTTP/1.1 OPTIONS http://192.168.1.6:8080/api/auth/refresh - null null
2026-06-11 14:00:01.227 +00:00 [INF] CORS policy execution successful.
2026-06-11 14:00:01.228 +00:00 [INF] Request finished HTTP/1.1 OPTIONS http://192.168.1.6:8080/api/auth/refresh - 204 null null 0.5208ms
2026-06-11 14:00:01.229 +00:00 [INF] Request starting HTTP/1.1 POST http://192.168.1.6:8080/api/auth/refresh - application/json 18
2026-06-11 14:00:01.229 +00:00 [INF] CORS policy execution successful.
2026-06-11 14:00:01.229 +00:00 [INF] ====== OnMessageReceived START ======
2026-06-11 14:00:01.229 +00:00 [INF] Available cookies: 0
2026-06-11 14:00:01.230 +00:00 [WRN] NO TOKEN FOUND IN COOKIES!
2026-06-11 14:00:01.230 +00:00 [INF] ====== OnMessageReceived END - Token set: false ======
2026-06-11 14:00:01.231 +00:00 [INF] Authorization failed. These requirements were not met:
DenyAnonymousAuthorizationRequirement: Requires an authenticated user.
2026-06-11 14:00:01.231 +00:00 [INF] AuthenticationScheme: Bearer was challenged.
2026-06-11 14:00:01.231 +00:00 [INF] Request finished HTTP/1.1 POST http://192.168.1.6:8080/api/auth/refresh - 401 0 null 2.4997ms
2026-06-11 14:30:50.858 +00:00 [INF] Request starting HTTP/1.1 OPTIONS http://192.168.1.6:8080/api/auth - null null
2026-06-11 14:30:50.871 +00:00 [INF] CORS policy execution successful.
2026-06-11 14:30:50.879 +00:00 [INF] Request finished HTTP/1.1 OPTIONS http://192.168.1.6:8080/api/auth - 204 null null 20.9922ms
2026-06-11 14:30:50.881 +00:00 [INF] Request starting HTTP/1.1 POST http://192.168.1.6:8080/api/auth - application/json 74
2026-06-11 14:30:50.882 +00:00 [INF] CORS policy execution successful.
2026-06-11 14:30:50.886 +00:00 [INF] ====== OnMessageReceived START ======
2026-06-11 14:30:50.886 +00:00 [INF] Available cookies: 0
2026-06-11 14:30:50.887 +00:00 [WRN] NO TOKEN FOUND IN COOKIES!
2026-06-11 14:30:50.887 +00:00 [INF] ====== OnMessageReceived END - Token set: false ======
2026-06-11 14:30:50.888 +00:00 [INF] Executing endpoint 'API.Controllers.AuthController.Authenticate (API)'
2026-06-11 14:30:50.892 +00:00 [INF] Route matched with {action = "Authenticate", controller = "Auth"}. Executing controller action with signature System.Threading.Tasks.Task`1[Microsoft.AspNetCore.Mvc.IActionResult] Authenticate(API.Models.RequestModels.LoginRequest) on controller API.Controllers.AuthController (API).
2026-06-11 14:30:50.907 +00:00 [INF] Authentication attempt for email: lengyelnorbi5@gmail.com
2026-06-11 14:30:50.908 +00:00 [INF] Fetching user by email from database...
2026-06-11 14:30:50.960 +00:00 [INF] Executed DbCommand (12ms) [Parameters=[@__email_0='?'], CommandType='"Text"', CommandTimeout='30']
SELECT u."ID", u."Email", u."PasswordHash", u."RegisteredAt", u."Role", u."Username"
FROM "Users" AS u
WHERE u."Email" = @__email_0
LIMIT 1
2026-06-11 14:30:50.963 +00:00 [INF] Mozilla/5.0 (Windows NT 10.0; Win64; x64; rv:151.0) Gecko/20100101 Firefox/151.0
2026-06-11 14:30:50.963 +00:00 [INF] Fetching user by email from database...
2026-06-11 14:30:50.967 +00:00 [INF] Executed DbCommand (1ms) [Parameters=[@__email_0='?'], CommandType='"Text"', CommandTimeout='30']
SELECT u."ID", u."Email", u."PasswordHash", u."RegisteredAt", u."Role", u."Username"
FROM "Users" AS u
WHERE u."Email" = @__email_0
LIMIT 1
2026-06-11 14:30:51.157 +00:00 [INF] Password verification completed: Valid
2026-06-11 14:30:51.180 +00:00 [INF] Executed DbCommand (11ms) [Parameters=[@p0='?' (DbType = DateTime), @p1='?', @p2='?' (DbType = DateTime), @p3='?', @p4='?' (DbType = Int32), @p5='?'], CommandType='"Text"', CommandTimeout='30']
INSERT INTO "AccessTokens" ("CreatedAt", "DeviceFingerprint", "ExpiresAt", "IpAddress", "UserID", jti)
VALUES (@p0, @p1, @p2, @p3, @p4, @p5)
RETURNING "ID", "IsRevoked";
2026-06-11 14:30:51.187 +00:00 [INF] Executed DbCommand (3ms) [Parameters=[@p0='?' (DbType = DateTime), @p1='?', @p2='?' (DbType = DateTime), @p3='?', @p4='?', @p5='?' (DbType = Int32)], CommandType='"Text"', CommandTimeout='30']
INSERT INTO "RefreshTokens" ("CreatedAt", "DeviceFingerprint", "ExpiresAt", "IpAddress", "TokenHash", "UserID")
VALUES (@p0, @p1, @p2, @p3, @p4, @p5)
RETURNING "ID", "IsRevoked";
2026-06-11 14:30:51.188 +00:00 [INF] Admin user lengyelnorbi5@gmail.com authenticated successfully from admin panel at "2026-06-11T14:30:51.1880053Z"
2026-06-11 14:30:51.189 +00:00 [INF] --------------------------------------------------------------------
2026-06-11 14:30:51.189 +00:00 [INF] eyJhbGciOiJIUzI1NiIsInR5cCI6IkpXVCJ9.eyJodHRwOi8vc2NoZW1hcy54bWxzb2FwLm9yZy93cy8yMDA1LzA1L2lkZW50aXR5L2NsYWltcy9uYW1laWRlbnRpZmllciI6IjEiLCJodHRwOi8vc2NoZW1hcy54bWxzb2FwLm9yZy93cy8yMDA1LzA1L2lkZW50aXR5L2NsYWltcy9lbWFpbGFkZHJlc3MiOiJsZW5neWVsbm9yYmk1QGdtYWlsLmNvbSIsImh0dHA6Ly9zY2hlbWFzLnhtbHNvYXAub3JnL3dzLzIwMDUvMDUvaWRlbnRpdHkvY2xhaW1zL25hbWUiOiJsZW5neWVsbm9yYmkiLCJqdGkiOiJhMzJjNTJhMi04NDJjLTQ1MjctYTQ3ZC0xOGM3NzAzYjBkZDQiLCJpYXQiOjE3ODExODgyNTEsImV4cCI6MTc4MTE4ODU1MSwiaHR0cDovL3NjaGVtYXMubWljcm9zb2Z0LmNvbS93cy8yMDA4LzA2L2lkZW50aXR5L2NsYWltcy9yb2xlIjoiQWRtaW4iLCJTb3VyY2UiOiJhZG1pbiIsIkRldmljZUlkIjoiL2EydWY0ejhyY0JJaElyN0tHYmQ2YWFoTXI4MEJoais5dXlMaVlOWjY2QT0iLCJJUEFkZHJlc3MiOiI6OmZmZmY6MTcyLjIwLjAuMSIsIlRva2VuVmVyc2lvbiI6IjEiLCJpc3MiOiJNdXNpY1BsYXllckFQSSIsImF1ZCI6Ik11c2ljUGxheWVyQ2xpZW50In0.sg6QtB4pTIttFZsjp9h72nG7SPKHyu2xl69mOJ6_ZbM
2026-06-11 14:30:51.189 +00:00 [INF] M9eeNy6QJlErAE4B0Vo814e5b0SqPvo2mX/aAKv4+KM=
2026-06-11 14:30:51.189 +00:00 [INF] Source: admin
2026-06-11 14:30:51.189 +00:00 [INF] Access Token expires at: "2026-06-11T14:35:51.1577101Z"
2026-06-11 14:30:51.190 +00:00 [INF] Refresh Token expires at: "2026-06-11T22:30:51.1830102Z"
2026-06-11 14:30:51.190 +00:00 [INF] tokenCookieName: adminToken
2026-06-11 14:30:51.190 +00:00 [INF] refreshTokenCookieName: adminRefreshToken
2026-06-11 14:30:51.190 +00:00 [INF] Refresh token hash stored in cookie: M9eeNy6QJlErAE4B0Vo814e5b0SqPvo2mX/aAKv4+KM=
2026-06-11 14:30:51.190 +00:00 [INF] --------------------------------------------------------------------
2026-06-11 14:30:51.191 +00:00 [INF] Executing OkObjectResult, writing value of type '<>f__AnonymousType1`4[[System.Boolean, System.Private.CoreLib, Version=9.0.0.0, Culture=neutral, PublicKeyToken=7cec85d7bea7798e],[System.Int32, System.Private.CoreLib, Version=9.0.0.0, Culture=neutral, PublicKeyToken=7cec85d7bea7798e],[System.Int32, System.Private.CoreLib, Version=9.0.0.0, Culture=neutral, PublicKeyToken=7cec85d7bea7798e],[<>f__AnonymousType2`3[[System.Int32, System.Private.CoreLib, Version=9.0.0.0, Culture=neutral, PublicKeyToken=7cec85d7bea7798e],[System.String, System.Private.CoreLib, Version=9.0.0.0, Culture=neutral, PublicKeyToken=7cec85d7bea7798e],[System.String, System.Private.CoreLib, Version=9.0.0.0, Culture=neutral, PublicKeyToken=7cec85d7bea7798e]], API, Version=1.0.0.0, Culture=neutral, PublicKeyToken=null]]'.
2026-06-11 14:30:51.192 +00:00 [INF] Executed action API.Controllers.AuthController.Authenticate (API) in 299.4192ms
2026-06-11 14:30:51.192 +00:00 [INF] Executed endpoint 'API.Controllers.AuthController.Authenticate (API)'
2026-06-11 14:30:51.193 +00:00 [INF] Request finished HTTP/1.1 POST http://192.168.1.6:8080/api/auth - 200 null application/json; charset=utf-8 311.6636ms
2026-06-11 14:30:54.490 +00:00 [INF] Request starting HTTP/1.1 GET http://192.168.1.6:8080/api/token/access-token?page=1&limit=10 - null null
2026-06-11 14:30:54.493 +00:00 [INF] CORS policy execution successful.
2026-06-11 14:30:54.493 +00:00 [INF] ====== OnMessageReceived START ======
2026-06-11 14:30:54.493 +00:00 [INF] Available cookies: 0
2026-06-11 14:30:54.494 +00:00 [WRN] NO TOKEN FOUND IN COOKIES!
2026-06-11 14:30:54.494 +00:00 [INF] ====== OnMessageReceived END - Token set: false ======
2026-06-11 14:30:54.495 +00:00 [INF] Executing endpoint 'API.Controllers.TokenController.GetAccessTokens (API)'
2026-06-11 14:30:54.496 +00:00 [INF] Route matched with {action = "GetAccessTokens", controller = "Token"}. Executing controller action with signature System.Threading.Tasks.Task`1[API.Utils.PagedResult`1[API.DTO.AccessTokenUserDTO]] GetAccessTokens(Int32, Int32) on controller API.Controllers.TokenController (API).
2026-06-11 14:30:54.502 +00:00 [INF] Received request to fetch access tokens with pagination: page=1, limit=10
2026-06-11 14:30:54.519 +00:00 [INF] Executed DbCommand (9ms) [Parameters=[], CommandType='"Text"', CommandTimeout='30']
SELECT count(*)::int
FROM "AccessTokens" AS a
WHERE a."IsRevoked"
2026-06-11 14:30:54.529 +00:00 [INF] Executed DbCommand (7ms) [Parameters=[@__p_1='?' (DbType = Int32), @__p_0='?' (DbType = Int32)], CommandType='"Text"', CommandTimeout='30']
SELECT a0."ID", a0.jti, a0."DeviceFingerprint", a0."IpAddress", a0."CreatedAt", a0."IsRevoked", a0."ExpiresAt", u."ID" AS "UserID", u."Username", u."Email", u."Role"
FROM (
    SELECT a."ID", a."CreatedAt", a."DeviceFingerprint", a."ExpiresAt", a."IpAddress", a."IsRevoked", a."UserID", a.jti
    FROM "AccessTokens" AS a
    WHERE a."IsRevoked"
    LIMIT @__p_1 OFFSET @__p_0
) AS a0
INNER JOIN "Users" AS u ON a0."UserID" = u."ID"
2026-06-11 14:30:54.530 +00:00 [INF] Executing ObjectResult, writing value of type 'API.Utils.PagedResult`1[[API.DTO.AccessTokenUserDTO, API, Version=1.0.0.0, Culture=neutral, PublicKeyToken=null]]'.
2026-06-11 14:30:54.532 +00:00 [INF] Executed action API.Controllers.TokenController.GetAccessTokens (API) in 35.8482ms
2026-06-11 14:30:54.532 +00:00 [INF] Executed endpoint 'API.Controllers.TokenController.GetAccessTokens (API)'
2026-06-11 14:30:54.532 +00:00 [INF] Request finished HTTP/1.1 GET http://192.168.1.6:8080/api/token/access-token?page=1&limit=10 - 200 null application/json; charset=utf-8 42.3251ms
2026-06-11 14:30:55.021 +00:00 [INF] Request starting HTTP/1.1 GET http://192.168.1.6:8080/api/user?page=1&limit=10 - null null
2026-06-11 14:30:55.022 +00:00 [INF] CORS policy execution successful.
2026-06-11 14:30:55.022 +00:00 [INF] ====== OnMessageReceived START ======
2026-06-11 14:30:55.022 +00:00 [INF] Available cookies: 0
2026-06-11 14:30:55.022 +00:00 [WRN] NO TOKEN FOUND IN COOKIES!
2026-06-11 14:30:55.023 +00:00 [INF] ====== OnMessageReceived END - Token set: false ======
2026-06-11 14:30:55.023 +00:00 [INF] Request starting HTTP/1.1 GET http://192.168.1.6:8080/api/user - null null
2026-06-11 14:30:55.023 +00:00 [INF] Executing endpoint 'API.Controllers.UserController.Get (API)'
2026-06-11 14:30:55.023 +00:00 [INF] Route matched with {action = "Get", controller = "User"}. Executing controller action with signature System.Threading.Tasks.Task`1[System.Collections.Generic.IEnumerable`1[API.DTO.UserDTO]] Get() on controller API.Controllers.UserController (API).
2026-06-11 14:30:55.024 +00:00 [INF] CORS policy execution successful.
2026-06-11 14:30:55.024 +00:00 [INF] Fetching user data from database...
2026-06-11 14:30:55.024 +00:00 [INF] ====== OnMessageReceived START ======
2026-06-11 14:30:55.024 +00:00 [INF] Available cookies: 0
2026-06-11 14:30:55.025 +00:00 [WRN] NO TOKEN FOUND IN COOKIES!
2026-06-11 14:30:55.025 +00:00 [INF] ====== OnMessageReceived END - Token set: false ======
2026-06-11 14:30:55.025 +00:00 [INF] Executing endpoint 'API.Controllers.UserController.Get (API)'
2026-06-11 14:30:55.025 +00:00 [INF] Route matched with {action = "Get", controller = "User"}. Executing controller action with signature System.Threading.Tasks.Task`1[System.Collections.Generic.IEnumerable`1[API.DTO.UserDTO]] Get() on controller API.Controllers.UserController (API).
2026-06-11 14:30:55.026 +00:00 [INF] Fetching user data from database...
2026-06-11 14:30:55.026 +00:00 [INF] Executed DbCommand (1ms) [Parameters=[], CommandType='"Text"', CommandTimeout='30']
SELECT u."ID", u."Email", u."PasswordHash", u."RegisteredAt", u."Role", u."Username"
FROM "Users" AS u
2026-06-11 14:30:55.031 +00:00 [INF] Executing ObjectResult, writing value of type 'System.Collections.Generic.List`1[[API.DTO.UserDTO, API, Version=1.0.0.0, Culture=neutral, PublicKeyToken=null]]'.
2026-06-11 14:30:55.031 +00:00 [INF] Executed action API.Controllers.UserController.Get (API) in 7.6886ms
2026-06-11 14:30:55.032 +00:00 [INF] Executed endpoint 'API.Controllers.UserController.Get (API)'
2026-06-11 14:30:55.032 +00:00 [INF] Request finished HTTP/1.1 GET http://192.168.1.6:8080/api/user?page=1&limit=10 - 200 null application/json; charset=utf-8 10.7875ms
2026-06-11 14:30:55.038 +00:00 [INF] Executed DbCommand (1ms) [Parameters=[], CommandType='"Text"', CommandTimeout='30']
SELECT u."ID", u."Email", u."PasswordHash", u."RegisteredAt", u."Role", u."Username"
FROM "Users" AS u
2026-06-11 14:30:55.039 +00:00 [INF] Executing ObjectResult, writing value of type 'System.Collections.Generic.List`1[[API.DTO.UserDTO, API, Version=1.0.0.0, Culture=neutral, PublicKeyToken=null]]'.
2026-06-11 14:30:55.039 +00:00 [INF] Executed action API.Controllers.UserController.Get (API) in 13.7785ms
2026-06-11 14:30:55.039 +00:00 [INF] Executed endpoint 'API.Controllers.UserController.Get (API)'
2026-06-11 14:30:55.040 +00:00 [INF] Request finished HTTP/1.1 GET http://192.168.1.6:8080/api/user - 200 null application/json; charset=utf-8 16.8092ms
2026-06-11 14:30:56.241 +00:00 [INF] Request starting HTTP/1.1 GET http://192.168.1.6:8080/api/user - null null
2026-06-11 14:30:56.242 +00:00 [INF] Request starting HTTP/1.1 GET http://192.168.1.6:8080/api/user?page=1&limit=10 - null null
2026-06-11 14:30:56.242 +00:00 [INF] CORS policy execution successful.
2026-06-11 14:30:56.242 +00:00 [INF] CORS policy execution successful.
2026-06-11 14:30:56.242 +00:00 [INF] ====== OnMessageReceived START ======
2026-06-11 14:30:56.243 +00:00 [INF] ====== OnMessageReceived START ======
2026-06-11 14:30:56.243 +00:00 [INF] Available cookies: 0
2026-06-11 14:30:56.243 +00:00 [INF] Available cookies: 0
2026-06-11 14:30:56.243 +00:00 [WRN] NO TOKEN FOUND IN COOKIES!
2026-06-11 14:30:56.243 +00:00 [WRN] NO TOKEN FOUND IN COOKIES!
2026-06-11 14:30:56.244 +00:00 [INF] ====== OnMessageReceived END - Token set: false ======
2026-06-11 14:30:56.244 +00:00 [INF] ====== OnMessageReceived END - Token set: false ======
2026-06-11 14:30:56.244 +00:00 [INF] Executing endpoint 'API.Controllers.UserController.Get (API)'
2026-06-11 14:30:56.244 +00:00 [INF] Executing endpoint 'API.Controllers.UserController.Get (API)'
2026-06-11 14:30:56.244 +00:00 [INF] Route matched with {action = "Get", controller = "User"}. Executing controller action with signature System.Threading.Tasks.Task`1[System.Collections.Generic.IEnumerable`1[API.DTO.UserDTO]] Get() on controller API.Controllers.UserController (API).
2026-06-11 14:30:56.245 +00:00 [INF] Route matched with {action = "Get", controller = "User"}. Executing controller action with signature System.Threading.Tasks.Task`1[System.Collections.Generic.IEnumerable`1[API.DTO.UserDTO]] Get() on controller API.Controllers.UserController (API).
2026-06-11 14:30:56.245 +00:00 [INF] Fetching user data from database...
2026-06-11 14:30:56.245 +00:00 [INF] Fetching user data from database...
2026-06-11 14:30:56.247 +00:00 [INF] Executed DbCommand (1ms) [Parameters=[], CommandType='"Text"', CommandTimeout='30']
SELECT u."ID", u."Email", u."PasswordHash", u."RegisteredAt", u."Role", u."Username"
FROM "Users" AS u
2026-06-11 14:30:56.247 +00:00 [INF] Executed DbCommand (1ms) [Parameters=[], CommandType='"Text"', CommandTimeout='30']
SELECT u."ID", u."Email", u."PasswordHash", u."RegisteredAt", u."Role", u."Username"
FROM "Users" AS u
2026-06-11 14:30:56.247 +00:00 [INF] Executing ObjectResult, writing value of type 'System.Collections.Generic.List`1[[API.DTO.UserDTO, API, Version=1.0.0.0, Culture=neutral, PublicKeyToken=null]]'.
2026-06-11 14:30:56.247 +00:00 [INF] Executing ObjectResult, writing value of type 'System.Collections.Generic.List`1[[API.DTO.UserDTO, API, Version=1.0.0.0, Culture=neutral, PublicKeyToken=null]]'.
2026-06-11 14:30:56.248 +00:00 [INF] Executed action API.Controllers.UserController.Get (API) in 2.7494ms
2026-06-11 14:30:56.248 +00:00 [INF] Executed action API.Controllers.UserController.Get (API) in 2.8736ms
2026-06-11 14:30:56.248 +00:00 [INF] Executed endpoint 'API.Controllers.UserController.Get (API)'
2026-06-11 14:30:56.248 +00:00 [INF] Executed endpoint 'API.Controllers.UserController.Get (API)'
2026-06-11 14:30:56.248 +00:00 [INF] Request finished HTTP/1.1 GET http://192.168.1.6:8080/api/user - 200 null application/json; charset=utf-8 6.8732ms
2026-06-11 14:30:56.248 +00:00 [INF] Request finished HTTP/1.1 GET http://192.168.1.6:8080/api/user?page=1&limit=10 - 200 null application/json; charset=utf-8 6.6693ms
2026-06-11 14:31:33.374 +00:00 [INF] Request starting HTTP/1.1 GET http://192.168.1.6:8080/api/user?page=1&limit=10 - null null
2026-06-11 14:31:33.374 +00:00 [INF] Request starting HTTP/1.1 GET http://192.168.1.6:8080/api/user - null null
2026-06-11 14:31:33.375 +00:00 [INF] CORS policy execution successful.
2026-06-11 14:31:33.375 +00:00 [INF] ====== OnMessageReceived START ======
2026-06-11 14:31:33.375 +00:00 [INF] Available cookies: 0
2026-06-11 14:31:33.375 +00:00 [WRN] NO TOKEN FOUND IN COOKIES!
2026-06-11 14:31:33.375 +00:00 [INF] ====== OnMessageReceived END - Token set: false ======
2026-06-11 14:31:33.376 +00:00 [INF] Executing endpoint 'API.Controllers.UserController.Get (API)'
2026-06-11 14:31:33.376 +00:00 [INF] CORS policy execution successful.
2026-06-11 14:31:33.376 +00:00 [INF] ====== OnMessageReceived START ======
2026-06-11 14:31:33.376 +00:00 [INF] Available cookies: 0
2026-06-11 14:31:33.376 +00:00 [WRN] NO TOKEN FOUND IN COOKIES!
2026-06-11 14:31:33.376 +00:00 [INF] ====== OnMessageReceived END - Token set: false ======
2026-06-11 14:31:33.377 +00:00 [INF] Executing endpoint 'API.Controllers.UserController.Get (API)'
2026-06-11 14:31:33.378 +00:00 [INF] Route matched with {action = "Get", controller = "User"}. Executing controller action with signature System.Threading.Tasks.Task`1[System.Collections.Generic.IEnumerable`1[API.DTO.UserDTO]] Get() on controller API.Controllers.UserController (API).
2026-06-11 14:31:33.378 +00:00 [INF] Route matched with {action = "Get", controller = "User"}. Executing controller action with signature System.Threading.Tasks.Task`1[System.Collections.Generic.IEnumerable`1[API.DTO.UserDTO]] Get() on controller API.Controllers.UserController (API).
2026-06-11 14:31:33.378 +00:00 [INF] Fetching user data from database...
2026-06-11 14:31:33.378 +00:00 [INF] Fetching user data from database...
2026-06-11 14:31:33.381 +00:00 [INF] Executed DbCommand (2ms) [Parameters=[], CommandType='"Text"', CommandTimeout='30']
SELECT u."ID", u."Email", u."PasswordHash", u."RegisteredAt", u."Role", u."Username"
FROM "Users" AS u
2026-06-11 14:31:33.381 +00:00 [INF] Executed DbCommand (2ms) [Parameters=[], CommandType='"Text"', CommandTimeout='30']
SELECT u."ID", u."Email", u."PasswordHash", u."RegisteredAt", u."Role", u."Username"
FROM "Users" AS u
2026-06-11 14:31:33.382 +00:00 [INF] Executing ObjectResult, writing value of type 'System.Collections.Generic.List`1[[API.DTO.UserDTO, API, Version=1.0.0.0, Culture=neutral, PublicKeyToken=null]]'.
2026-06-11 14:31:33.382 +00:00 [INF] Executing ObjectResult, writing value of type 'System.Collections.Generic.List`1[[API.DTO.UserDTO, API, Version=1.0.0.0, Culture=neutral, PublicKeyToken=null]]'.
2026-06-11 14:31:33.382 +00:00 [INF] Executed action API.Controllers.UserController.Get (API) in 4.293ms
2026-06-11 14:31:33.382 +00:00 [INF] Executed action API.Controllers.UserController.Get (API) in 4.4432ms
2026-06-11 14:31:33.382 +00:00 [INF] Executed endpoint 'API.Controllers.UserController.Get (API)'
2026-06-11 14:31:33.383 +00:00 [INF] Executed endpoint 'API.Controllers.UserController.Get (API)'
2026-06-11 14:31:33.383 +00:00 [INF] Request finished HTTP/1.1 GET http://192.168.1.6:8080/api/user - 200 null application/json; charset=utf-8 8.5802ms
2026-06-11 14:31:33.383 +00:00 [INF] Request finished HTTP/1.1 GET http://192.168.1.6:8080/api/user?page=1&limit=10 - 200 null application/json; charset=utf-8 9.0721ms
2026-06-11 14:31:45.333 +00:00 [INF] Request starting HTTP/1.1 GET http://192.168.1.6:8080/api/user?page=1&limit=10 - null null
2026-06-11 14:31:45.333 +00:00 [INF] CORS policy execution successful.
2026-06-11 14:31:45.333 +00:00 [INF] ====== OnMessageReceived START ======
2026-06-11 14:31:45.334 +00:00 [INF] Available cookies: 0
2026-06-11 14:31:45.334 +00:00 [WRN] NO TOKEN FOUND IN COOKIES!
2026-06-11 14:31:45.334 +00:00 [INF] Request starting HTTP/1.1 GET http://192.168.1.6:8080/api/user - null null
2026-06-11 14:31:45.334 +00:00 [INF] ====== OnMessageReceived END - Token set: false ======
2026-06-11 14:31:45.334 +00:00 [INF] CORS policy execution successful.
2026-06-11 14:31:45.335 +00:00 [INF] Executing endpoint 'API.Controllers.UserController.Get (API)'
2026-06-11 14:31:45.335 +00:00 [INF] Route matched with {action = "Get", controller = "User"}. Executing controller action with signature System.Threading.Tasks.Task`1[System.Collections.Generic.IEnumerable`1[API.DTO.UserDTO]] Get() on controller API.Controllers.UserController (API).
2026-06-11 14:31:45.335 +00:00 [INF] ====== OnMessageReceived START ======
2026-06-11 14:31:45.335 +00:00 [INF] Available cookies: 0
2026-06-11 14:31:45.335 +00:00 [INF] Fetching user data from database...
2026-06-11 14:31:45.336 +00:00 [WRN] NO TOKEN FOUND IN COOKIES!
2026-06-11 14:31:45.336 +00:00 [INF] ====== OnMessageReceived END - Token set: false ======
2026-06-11 14:31:45.336 +00:00 [INF] Executing endpoint 'API.Controllers.UserController.Get (API)'
2026-06-11 14:31:45.336 +00:00 [INF] Route matched with {action = "Get", controller = "User"}. Executing controller action with signature System.Threading.Tasks.Task`1[System.Collections.Generic.IEnumerable`1[API.DTO.UserDTO]] Get() on controller API.Controllers.UserController (API).
2026-06-11 14:31:45.337 +00:00 [INF] Fetching user data from database...
2026-06-11 14:31:45.338 +00:00 [INF] Executed DbCommand (2ms) [Parameters=[], CommandType='"Text"', CommandTimeout='30']
SELECT u."ID", u."Email", u."PasswordHash", u."RegisteredAt", u."Role", u."Username"
FROM "Users" AS u
2026-06-11 14:31:45.338 +00:00 [INF] Executed DbCommand (1ms) [Parameters=[], CommandType='"Text"', CommandTimeout='30']
SELECT u."ID", u."Email", u."PasswordHash", u."RegisteredAt", u."Role", u."Username"
FROM "Users" AS u
2026-06-11 14:31:45.339 +00:00 [INF] Executing ObjectResult, writing value of type 'System.Collections.Generic.List`1[[API.DTO.UserDTO, API, Version=1.0.0.0, Culture=neutral, PublicKeyToken=null]]'.
2026-06-11 14:31:45.339 +00:00 [INF] Executing ObjectResult, writing value of type 'System.Collections.Generic.List`1[[API.DTO.UserDTO, API, Version=1.0.0.0, Culture=neutral, PublicKeyToken=null]]'.
2026-06-11 14:31:45.339 +00:00 [INF] Executed action API.Controllers.UserController.Get (API) in 4.3155ms
2026-06-11 14:31:45.340 +00:00 [INF] Executed action API.Controllers.UserController.Get (API) in 3.1183ms
2026-06-11 14:31:45.340 +00:00 [INF] Executed endpoint 'API.Controllers.UserController.Get (API)'
2026-06-11 14:31:45.340 +00:00 [INF] Executed endpoint 'API.Controllers.UserController.Get (API)'
2026-06-11 14:31:45.340 +00:00 [INF] Request finished HTTP/1.1 GET http://192.168.1.6:8080/api/user?page=1&limit=10 - 200 null application/json; charset=utf-8 7.4183ms
2026-06-11 14:31:45.340 +00:00 [INF] Request finished HTTP/1.1 GET http://192.168.1.6:8080/api/user - 200 null application/json; charset=utf-8 6.5861ms
2026-06-11 14:32:53.001 +00:00 [INF] Request starting HTTP/1.1 GET http://192.168.1.6:8080/api/user?page=1&limit=10 - null null
2026-06-11 14:32:53.001 +00:00 [INF] Request starting HTTP/1.1 GET http://192.168.1.6:8080/api/user - null null
2026-06-11 14:32:53.002 +00:00 [INF] CORS policy execution successful.
2026-06-11 14:32:53.002 +00:00 [INF] CORS policy execution successful.
2026-06-11 14:32:53.003 +00:00 [INF] ====== OnMessageReceived START ======
2026-06-11 14:32:53.003 +00:00 [INF] ====== OnMessageReceived START ======
2026-06-11 14:32:53.003 +00:00 [INF] Available cookies: 0
2026-06-11 14:32:53.003 +00:00 [INF] Available cookies: 0
2026-06-11 14:32:53.003 +00:00 [WRN] NO TOKEN FOUND IN COOKIES!
2026-06-11 14:32:53.003 +00:00 [WRN] NO TOKEN FOUND IN COOKIES!
2026-06-11 14:32:53.003 +00:00 [INF] ====== OnMessageReceived END - Token set: false ======
2026-06-11 14:32:53.004 +00:00 [INF] ====== OnMessageReceived END - Token set: false ======
2026-06-11 14:32:53.004 +00:00 [INF] Executing endpoint 'API.Controllers.UserController.Get (API)'
2026-06-11 14:32:53.004 +00:00 [INF] Route matched with {action = "Get", controller = "User"}. Executing controller action with signature System.Threading.Tasks.Task`1[System.Collections.Generic.IEnumerable`1[API.DTO.UserDTO]] Get() on controller API.Controllers.UserController (API).
2026-06-11 14:32:53.004 +00:00 [INF] Executing endpoint 'API.Controllers.UserController.Get (API)'
2026-06-11 14:32:53.004 +00:00 [INF] Fetching user data from database...
2026-06-11 14:32:53.005 +00:00 [INF] Route matched with {action = "Get", controller = "User"}. Executing controller action with signature System.Threading.Tasks.Task`1[System.Collections.Generic.IEnumerable`1[API.DTO.UserDTO]] Get() on controller API.Controllers.UserController (API).
2026-06-11 14:32:53.006 +00:00 [INF] Fetching user data from database...
2026-06-11 14:32:53.007 +00:00 [INF] Executed DbCommand (1ms) [Parameters=[], CommandType='"Text"', CommandTimeout='30']
SELECT u."ID", u."Email", u."PasswordHash", u."RegisteredAt", u."Role", u."Username"
FROM "Users" AS u
2026-06-11 14:32:53.008 +00:00 [INF] Executing ObjectResult, writing value of type 'System.Collections.Generic.List`1[[API.DTO.UserDTO, API, Version=1.0.0.0, Culture=neutral, PublicKeyToken=null]]'.
2026-06-11 14:32:53.009 +00:00 [INF] Executed action API.Controllers.UserController.Get (API) in 4.3808ms
2026-06-11 14:32:53.009 +00:00 [INF] Executed DbCommand (1ms) [Parameters=[], CommandType='"Text"', CommandTimeout='30']
SELECT u."ID", u."Email", u."PasswordHash", u."RegisteredAt", u."Role", u."Username"
FROM "Users" AS u
2026-06-11 14:32:53.009 +00:00 [INF] Executed endpoint 'API.Controllers.UserController.Get (API)'
2026-06-11 14:32:53.009 +00:00 [INF] Executing ObjectResult, writing value of type 'System.Collections.Generic.List`1[[API.DTO.UserDTO, API, Version=1.0.0.0, Culture=neutral, PublicKeyToken=null]]'.
2026-06-11 14:32:53.009 +00:00 [INF] Request finished HTTP/1.1 GET http://192.168.1.6:8080/api/user - 200 null application/json; charset=utf-8 8.018ms
2026-06-11 14:32:53.009 +00:00 [INF] Executed action API.Controllers.UserController.Get (API) in 4.3999ms
2026-06-11 14:32:53.010 +00:00 [INF] Executed endpoint 'API.Controllers.UserController.Get (API)'
2026-06-11 14:32:53.010 +00:00 [INF] Request finished HTTP/1.1 GET http://192.168.1.6:8080/api/user?page=1&limit=10 - 200 null application/json; charset=utf-8 8.7524ms
2026-06-11 14:35:21.400 +00:00 [INF] Request starting HTTP/1.1 OPTIONS http://192.168.1.6:8080/api/auth/refresh - null null
2026-06-11 14:35:21.401 +00:00 [INF] CORS policy execution successful.
2026-06-11 14:35:21.401 +00:00 [INF] Request finished HTTP/1.1 OPTIONS http://192.168.1.6:8080/api/auth/refresh - 204 null null 1.0334ms
2026-06-11 14:35:21.405 +00:00 [INF] Request starting HTTP/1.1 POST http://192.168.1.6:8080/api/auth/refresh - application/json 18
2026-06-11 14:35:21.405 +00:00 [INF] CORS policy execution successful.
2026-06-11 14:35:21.405 +00:00 [INF] ====== OnMessageReceived START ======
2026-06-11 14:35:21.405 +00:00 [INF] Available cookies: 0
2026-06-11 14:35:21.405 +00:00 [WRN] NO TOKEN FOUND IN COOKIES!
2026-06-11 14:35:21.406 +00:00 [INF] ====== OnMessageReceived END - Token set: false ======
2026-06-11 14:35:21.408 +00:00 [INF] Authorization failed. These requirements were not met:
DenyAnonymousAuthorizationRequirement: Requires an authenticated user.
2026-06-11 14:35:21.408 +00:00 [INF] AuthenticationScheme: Bearer was challenged.
2026-06-11 14:35:21.409 +00:00 [INF] Request finished HTTP/1.1 POST http://192.168.1.6:8080/api/auth/refresh - 401 0 null 4.2112ms
2026-06-11 14:35:51.542 +00:00 [INF] Application is shutting down...
2026-06-11 14:35:52.763 +00:00 [WRN] Storing keys in a directory '/home/app/.aspnet/DataProtection-Keys' that may not be persisted outside of the container. Protected data will be unavailable when container is destroyed. For more information go to https://aka.ms/aspnet/dataprotectionwarning
2026-06-11 14:35:52.790 +00:00 [INF] User profile is available. Using '/home/app/.aspnet/DataProtection-Keys' as key repository; keys will not be encrypted at rest.
2026-06-11 14:35:52.801 +00:00 [INF] Creating key {300fe7a1-988f-46c9-a8f6-faa8f20de5e3} with creation date 2026-06-11 14:35:52Z, activation date 2026-06-11 14:35:52Z, and expiration date 2026-09-09 14:35:52Z.
2026-06-11 14:35:52.823 +00:00 [WRN] No XML encryptor configured. Key {300fe7a1-988f-46c9-a8f6-faa8f20de5e3} may be persisted to storage in unencrypted form.
2026-06-11 14:35:52.826 +00:00 [INF] Writing data to file '/home/app/.aspnet/DataProtection-Keys/key-300fe7a1-988f-46c9-a8f6-faa8f20de5e3.xml'.
2026-06-11 14:35:52.874 +00:00 [INF] Now listening on: http://[::]:8080
2026-06-11 14:35:52.876 +00:00 [INF] Application started. Press Ctrl+C to shut down.
2026-06-11 14:35:52.876 +00:00 [INF] Hosting environment: Development
2026-06-11 14:35:52.877 +00:00 [INF] Content root path: /app
2026-06-11 14:36:07.544 +00:00 [INF] Request starting HTTP/1.1 OPTIONS http://192.168.1.6:8080/api/auth - null null
2026-06-11 14:36:07.555 +00:00 [WRN] Failed to determine the https port for redirect.
2026-06-11 14:36:07.558 +00:00 [INF] CORS policy execution successful.
2026-06-11 14:36:07.567 +00:00 [INF] Request starting HTTP/1.1 POST http://192.168.1.6:8080/api/auth - application/json 74
2026-06-11 14:36:07.563 +00:00 [INF] Request finished HTTP/1.1 OPTIONS http://192.168.1.6:8080/api/auth - 204 null null 20.0417ms
2026-06-11 14:36:07.569 +00:00 [INF] CORS policy execution successful.
2026-06-11 14:36:07.583 +00:00 [INF] ====== OnMessageReceived START ======
2026-06-11 14:36:07.584 +00:00 [INF] Available cookies: 0
2026-06-11 14:36:07.584 +00:00 [WRN] NO TOKEN FOUND IN COOKIES!
2026-06-11 14:36:07.585 +00:00 [INF] ====== OnMessageReceived END - Token set: false ======
2026-06-11 14:36:07.586 +00:00 [INF] Executing endpoint 'API.Controllers.AuthController.Authenticate (API)'
2026-06-11 14:36:07.597 +00:00 [INF] Route matched with {action = "Authenticate", controller = "Auth"}. Executing controller action with signature System.Threading.Tasks.Task`1[Microsoft.AspNetCore.Mvc.IActionResult] Authenticate(API.Models.RequestModels.LoginRequest) on controller API.Controllers.AuthController (API).
2026-06-11 14:36:07.680 +00:00 [INF] Authentication attempt for email: lengyelnorbi5@gmail.com
2026-06-11 14:36:07.681 +00:00 [INF] Fetching user by email from database...
2026-06-11 14:36:08.245 +00:00 [INF] Executed DbCommand (28ms) [Parameters=[@__email_0='?'], CommandType='"Text"', CommandTimeout='30']
SELECT u."ID", u."Email", u."PasswordHash", u."RegisteredAt", u."Role", u."Username"
FROM "Users" AS u
WHERE u."Email" = @__email_0
LIMIT 1
2026-06-11 14:36:08.288 +00:00 [INF] Mozilla/5.0 (Windows NT 10.0; Win64; x64; rv:151.0) Gecko/20100101 Firefox/151.0
2026-06-11 14:36:08.292 +00:00 [INF] Fetching user by email from database...
2026-06-11 14:36:08.295 +00:00 [INF] Executed DbCommand (2ms) [Parameters=[@__email_0='?'], CommandType='"Text"', CommandTimeout='30']
SELECT u."ID", u."Email", u."PasswordHash", u."RegisteredAt", u."Role", u."Username"
FROM "Users" AS u
WHERE u."Email" = @__email_0
LIMIT 1
2026-06-11 14:36:08.786 +00:00 [INF] Password verification completed: Valid
2026-06-11 14:36:08.857 +00:00 [INF] Executed DbCommand (9ms) [Parameters=[@p0='?' (DbType = DateTime), @p1='?', @p2='?' (DbType = DateTime), @p3='?', @p4='?' (DbType = Int32), @p5='?'], CommandType='"Text"', CommandTimeout='30']
INSERT INTO "AccessTokens" ("CreatedAt", "DeviceFingerprint", "ExpiresAt", "IpAddress", "UserID", jti)
VALUES (@p0, @p1, @p2, @p3, @p4, @p5)
RETURNING "ID", "IsRevoked";
2026-06-11 14:36:08.894 +00:00 [INF] Executed DbCommand (3ms) [Parameters=[@p0='?' (DbType = DateTime), @p1='?', @p2='?' (DbType = DateTime), @p3='?', @p4='?', @p5='?' (DbType = Int32)], CommandType='"Text"', CommandTimeout='30']
INSERT INTO "RefreshTokens" ("CreatedAt", "DeviceFingerprint", "ExpiresAt", "IpAddress", "TokenHash", "UserID")
VALUES (@p0, @p1, @p2, @p3, @p4, @p5)
RETURNING "ID", "IsRevoked";
2026-06-11 14:36:08.896 +00:00 [INF] Admin user lengyelnorbi5@gmail.com authenticated successfully from admin panel at "2026-06-11T14:36:08.8965960Z"
2026-06-11 14:36:08.898 +00:00 [INF] --------------------------------------------------------------------
2026-06-11 14:36:08.898 +00:00 [INF] eyJhbGciOiJIUzI1NiIsInR5cCI6IkpXVCJ9.eyJodHRwOi8vc2NoZW1hcy54bWxzb2FwLm9yZy93cy8yMDA1LzA1L2lkZW50aXR5L2NsYWltcy9uYW1laWRlbnRpZmllciI6IjEiLCJodHRwOi8vc2NoZW1hcy54bWxzb2FwLm9yZy93cy8yMDA1LzA1L2lkZW50aXR5L2NsYWltcy9lbWFpbGFkZHJlc3MiOiJsZW5neWVsbm9yYmk1QGdtYWlsLmNvbSIsImh0dHA6Ly9zY2hlbWFzLnhtbHNvYXAub3JnL3dzLzIwMDUvMDUvaWRlbnRpdHkvY2xhaW1zL25hbWUiOiJsZW5neWVsbm9yYmkiLCJqdGkiOiJlNWM4M2MxYi02M2EzLTQ4MDQtYmIwOC0wOGI1MDU3Y2U5OTQiLCJpYXQiOjE3ODExODg1NjgsImV4cCI6MTc4MTE4ODg2OCwiaHR0cDovL3NjaGVtYXMubWljcm9zb2Z0LmNvbS93cy8yMDA4LzA2L2lkZW50aXR5L2NsYWltcy9yb2xlIjoiQWRtaW4iLCJTb3VyY2UiOiJhZG1pbiIsIkRldmljZUlkIjoiL2EydWY0ejhyY0JJaElyN0tHYmQ2YWFoTXI4MEJoais5dXlMaVlOWjY2QT0iLCJJUEFkZHJlc3MiOiI6OmZmZmY6MTcyLjIwLjAuMSIsIlRva2VuVmVyc2lvbiI6IjEiLCJpc3MiOiJNdXNpY1BsYXllckFQSSIsImF1ZCI6Ik11c2ljUGxheWVyQ2xpZW50In0.kTi6OhdHoYH3-7E0_ZFkzcD-FTsDATb4--De7_MZTHs
2026-06-11 14:36:08.898 +00:00 [INF] c9yRXiwijb/qb9Il+J4PxjYq/kJ6i8GR4mG+v/bfGfg=
2026-06-11 14:36:08.899 +00:00 [INF] Source: admin
2026-06-11 14:36:08.899 +00:00 [INF] Access Token expires at: "2026-06-11T14:41:08.7873462Z"
2026-06-11 14:36:08.899 +00:00 [INF] Refresh Token expires at: "2026-06-11T22:36:08.8786585Z"
2026-06-11 14:36:08.899 +00:00 [INF] tokenCookieName: adminToken
2026-06-11 14:36:08.899 +00:00 [INF] refreshTokenCookieName: adminRefreshToken
2026-06-11 14:36:08.900 +00:00 [INF] Refresh token hash stored in cookie: c9yRXiwijb/qb9Il+J4PxjYq/kJ6i8GR4mG+v/bfGfg=
2026-06-11 14:36:08.900 +00:00 [INF] --------------------------------------------------------------------
2026-06-11 14:36:08.904 +00:00 [INF] Executing OkObjectResult, writing value of type '<>f__AnonymousType1`4[[System.Boolean, System.Private.CoreLib, Version=9.0.0.0, Culture=neutral, PublicKeyToken=7cec85d7bea7798e],[System.Int32, System.Private.CoreLib, Version=9.0.0.0, Culture=neutral, PublicKeyToken=7cec85d7bea7798e],[System.Int32, System.Private.CoreLib, Version=9.0.0.0, Culture=neutral, PublicKeyToken=7cec85d7bea7798e],[<>f__AnonymousType2`3[[System.Int32, System.Private.CoreLib, Version=9.0.0.0, Culture=neutral, PublicKeyToken=7cec85d7bea7798e],[System.String, System.Private.CoreLib, Version=9.0.0.0, Culture=neutral, PublicKeyToken=7cec85d7bea7798e],[System.String, System.Private.CoreLib, Version=9.0.0.0, Culture=neutral, PublicKeyToken=7cec85d7bea7798e]], API, Version=1.0.0.0, Culture=neutral, PublicKeyToken=null]]'.
2026-06-11 14:36:08.916 +00:00 [INF] Executed action API.Controllers.AuthController.Authenticate (API) in 1316.8817ms
2026-06-11 14:36:08.916 +00:00 [INF] Executed endpoint 'API.Controllers.AuthController.Authenticate (API)'
2026-06-11 14:36:08.920 +00:00 [INF] Request finished HTTP/1.1 POST http://192.168.1.6:8080/api/auth - 200 null application/json; charset=utf-8 1353.2233ms
2026-06-11 14:36:09.822 +00:00 [INF] Request starting HTTP/1.1 GET http://192.168.1.6:8080/api/user?page=1&limit=10 - null null
2026-06-11 14:36:09.822 +00:00 [INF] Request starting HTTP/1.1 GET http://192.168.1.6:8080/api/user - null null
2026-06-11 14:36:09.823 +00:00 [INF] CORS policy execution successful.
2026-06-11 14:36:09.823 +00:00 [INF] CORS policy execution successful.
2026-06-11 14:36:09.823 +00:00 [INF] ====== OnMessageReceived START ======
2026-06-11 14:36:09.823 +00:00 [INF] ====== OnMessageReceived START ======
2026-06-11 14:36:09.824 +00:00 [INF] Available cookies: 0
2026-06-11 14:36:09.824 +00:00 [INF] Available cookies: 0
2026-06-11 14:36:09.824 +00:00 [WRN] NO TOKEN FOUND IN COOKIES!
2026-06-11 14:36:09.824 +00:00 [WRN] NO TOKEN FOUND IN COOKIES!
2026-06-11 14:36:09.824 +00:00 [INF] ====== OnMessageReceived END - Token set: false ======
2026-06-11 14:36:09.825 +00:00 [INF] ====== OnMessageReceived END - Token set: false ======
2026-06-11 14:36:09.825 +00:00 [INF] Executing endpoint 'API.Controllers.UserController.Get (API)'
2026-06-11 14:36:09.825 +00:00 [INF] Executing endpoint 'API.Controllers.UserController.Get (API)'
2026-06-11 14:36:09.834 +00:00 [INF] Route matched with {action = "Get", controller = "User"}. Executing controller action with signature System.Threading.Tasks.Task`1[System.Collections.Generic.IEnumerable`1[API.DTO.UserDTO]] Get() on controller API.Controllers.UserController (API).
2026-06-11 14:36:09.834 +00:00 [INF] Route matched with {action = "Get", controller = "User"}. Executing controller action with signature System.Threading.Tasks.Task`1[System.Collections.Generic.IEnumerable`1[API.DTO.UserDTO]] Get() on controller API.Controllers.UserController (API).
2026-06-11 14:36:09.842 +00:00 [INF] Fetching user data from database...
2026-06-11 14:36:09.842 +00:00 [INF] Fetching user data from database...
2026-06-11 14:36:09.857 +00:00 [INF] Executed DbCommand (2ms) [Parameters=[], CommandType='"Text"', CommandTimeout='30']
SELECT u."ID", u."Email", u."PasswordHash", u."RegisteredAt", u."Role", u."Username"
FROM "Users" AS u
2026-06-11 14:36:09.859 +00:00 [INF] Executing ObjectResult, writing value of type 'System.Collections.Generic.List`1[[API.DTO.UserDTO, API, Version=1.0.0.0, Culture=neutral, PublicKeyToken=null]]'.
2026-06-11 14:36:09.867 +00:00 [INF] Executed DbCommand (2ms) [Parameters=[], CommandType='"Text"', CommandTimeout='30']
SELECT u."ID", u."Email", u."PasswordHash", u."RegisteredAt", u."Role", u."Username"
FROM "Users" AS u
2026-06-11 14:36:09.868 +00:00 [INF] Executing ObjectResult, writing value of type 'System.Collections.Generic.List`1[[API.DTO.UserDTO, API, Version=1.0.0.0, Culture=neutral, PublicKeyToken=null]]'.
2026-06-11 14:36:09.870 +00:00 [INF] Executed action API.Controllers.UserController.Get (API) in 36.0722ms
2026-06-11 14:36:09.870 +00:00 [INF] Executed action API.Controllers.UserController.Get (API) in 35.9304ms
2026-06-11 14:36:09.871 +00:00 [INF] Executed endpoint 'API.Controllers.UserController.Get (API)'
2026-06-11 14:36:09.871 +00:00 [INF] Executed endpoint 'API.Controllers.UserController.Get (API)'
2026-06-11 14:36:09.871 +00:00 [INF] Request finished HTTP/1.1 GET http://192.168.1.6:8080/api/user?page=1&limit=10 - 200 null application/json; charset=utf-8 49.2281ms
2026-06-11 14:36:09.871 +00:00 [INF] Request finished HTTP/1.1 GET http://192.168.1.6:8080/api/user - 200 null application/json; charset=utf-8 48.7698ms
2026-06-11 14:36:17.818 +00:00 [INF] Request starting HTTP/1.1 GET http://192.168.1.6:8080/api/user?page=1&limit=10 - null null
2026-06-11 14:36:17.819 +00:00 [INF] CORS policy execution successful.
2026-06-11 14:36:17.820 +00:00 [INF] ====== OnMessageReceived START ======
2026-06-11 14:36:17.820 +00:00 [INF] Available cookies: 0
2026-06-11 14:36:17.821 +00:00 [WRN] NO TOKEN FOUND IN COOKIES!
2026-06-11 14:36:17.821 +00:00 [INF] ====== OnMessageReceived END - Token set: false ======
2026-06-11 14:36:17.821 +00:00 [INF] Executing endpoint 'API.Controllers.UserController.Get (API)'
2026-06-11 14:36:17.821 +00:00 [INF] Route matched with {action = "Get", controller = "User"}. Executing controller action with signature System.Threading.Tasks.Task`1[System.Collections.Generic.IEnumerable`1[API.DTO.UserDTO]] Get() on controller API.Controllers.UserController (API).
2026-06-11 14:36:17.824 +00:00 [INF] Fetching user data from database...
2026-06-11 14:36:17.825 +00:00 [INF] Request starting HTTP/1.1 GET http://192.168.1.6:8080/api/user - null null
2026-06-11 14:36:17.825 +00:00 [INF] CORS policy execution successful.
2026-06-11 14:36:17.825 +00:00 [INF] ====== OnMessageReceived START ======
2026-06-11 14:36:17.826 +00:00 [INF] Available cookies: 0
2026-06-11 14:36:17.826 +00:00 [WRN] NO TOKEN FOUND IN COOKIES!
2026-06-11 14:36:17.826 +00:00 [INF] ====== OnMessageReceived END - Token set: false ======
2026-06-11 14:36:17.826 +00:00 [INF] Executing endpoint 'API.Controllers.UserController.Get (API)'
2026-06-11 14:36:17.826 +00:00 [INF] Route matched with {action = "Get", controller = "User"}. Executing controller action with signature System.Threading.Tasks.Task`1[System.Collections.Generic.IEnumerable`1[API.DTO.UserDTO]] Get() on controller API.Controllers.UserController (API).
2026-06-11 14:36:17.827 +00:00 [INF] Fetching user data from database...
2026-06-11 14:36:17.855 +00:00 [INF] Executed DbCommand (2ms) [Parameters=[], CommandType='"Text"', CommandTimeout='30']
SELECT u."ID", u."Email", u."PasswordHash", u."RegisteredAt", u."Role", u."Username"
FROM "Users" AS u
2026-06-11 14:36:17.855 +00:00 [INF] Executed DbCommand (2ms) [Parameters=[], CommandType='"Text"', CommandTimeout='30']
SELECT u."ID", u."Email", u."PasswordHash", u."RegisteredAt", u."Role", u."Username"
FROM "Users" AS u
2026-06-11 14:36:17.855 +00:00 [INF] Executing ObjectResult, writing value of type 'System.Collections.Generic.List`1[[API.DTO.UserDTO, API, Version=1.0.0.0, Culture=neutral, PublicKeyToken=null]]'.
2026-06-11 14:36:17.855 +00:00 [INF] Executing ObjectResult, writing value of type 'System.Collections.Generic.List`1[[API.DTO.UserDTO, API, Version=1.0.0.0, Culture=neutral, PublicKeyToken=null]]'.
2026-06-11 14:36:17.855 +00:00 [INF] Executed action API.Controllers.UserController.Get (API) in 33.9399ms
2026-06-11 14:36:17.856 +00:00 [INF] Executed action API.Controllers.UserController.Get (API) in 28.9093ms
2026-06-11 14:36:17.856 +00:00 [INF] Executed endpoint 'API.Controllers.UserController.Get (API)'
2026-06-11 14:36:17.856 +00:00 [INF] Executed endpoint 'API.Controllers.UserController.Get (API)'
2026-06-11 14:36:17.856 +00:00 [INF] Request finished HTTP/1.1 GET http://192.168.1.6:8080/api/user?page=1&limit=10 - 200 null application/json; charset=utf-8 38.0228ms
2026-06-11 14:36:17.857 +00:00 [INF] Request finished HTTP/1.1 GET http://192.168.1.6:8080/api/user - 200 null application/json; charset=utf-8 31.7096ms
2026-06-11 14:36:22.482 +00:00 [INF] Request starting HTTP/1.1 OPTIONS http://192.168.1.6:8080/api/generate-password - null null
2026-06-11 14:36:22.482 +00:00 [INF] CORS policy execution successful.
2026-06-11 14:36:22.483 +00:00 [INF] Request finished HTTP/1.1 OPTIONS http://192.168.1.6:8080/api/generate-password - 204 null null 0.8285ms
2026-06-11 14:36:22.485 +00:00 [INF] Request starting HTTP/1.1 POST http://192.168.1.6:8080/api/generate-password - application/json 26
2026-06-11 14:36:22.486 +00:00 [INF] CORS policy execution successful.
2026-06-11 14:36:22.486 +00:00 [INF] ====== OnMessageReceived START ======
2026-06-11 14:36:22.486 +00:00 [INF] Available cookies: 0
2026-06-11 14:36:22.486 +00:00 [WRN] NO TOKEN FOUND IN COOKIES!
2026-06-11 14:36:22.486 +00:00 [INF] ====== OnMessageReceived END - Token set: false ======
2026-06-11 14:36:22.487 +00:00 [INF] Request finished HTTP/1.1 POST http://192.168.1.6:8080/api/generate-password - 404 0 null 1.6578ms
2026-06-11 14:36:22.487 +00:00 [INF] Request reached the end of the middleware pipeline without being handled by application code. Request path: POST http://192.168.1.6:8080/api/generate-password, Response status code: 404
2026-06-11 14:37:02.583 +00:00 [INF] Request starting HTTP/1.1 GET http://192.168.1.6:8080/api/user?page=1&limit=10 - null null
2026-06-11 14:37:02.583 +00:00 [INF] CORS policy execution successful.
2026-06-11 14:37:02.584 +00:00 [INF] ====== OnMessageReceived START ======
2026-06-11 14:37:02.584 +00:00 [INF] Available cookies: 0
2026-06-11 14:37:02.584 +00:00 [WRN] NO TOKEN FOUND IN COOKIES!
2026-06-11 14:37:02.584 +00:00 [INF] ====== OnMessageReceived END - Token set: false ======
2026-06-11 14:37:02.585 +00:00 [INF] Executing endpoint 'API.Controllers.UserController.Get (API)'
2026-06-11 14:37:02.585 +00:00 [INF] Route matched with {action = "Get", controller = "User"}. Executing controller action with signature System.Threading.Tasks.Task`1[System.Collections.Generic.IEnumerable`1[API.DTO.UserDTO]] Get() on controller API.Controllers.UserController (API).
2026-06-11 14:37:02.585 +00:00 [INF] Fetching user data from database...
2026-06-11 14:37:02.588 +00:00 [INF] Executed DbCommand (1ms) [Parameters=[], CommandType='"Text"', CommandTimeout='30']
SELECT u."ID", u."Email", u."PasswordHash", u."RegisteredAt", u."Role", u."Username"
FROM "Users" AS u
2026-06-11 14:37:02.588 +00:00 [INF] Executing ObjectResult, writing value of type 'System.Collections.Generic.List`1[[API.DTO.UserDTO, API, Version=1.0.0.0, Culture=neutral, PublicKeyToken=null]]'.
2026-06-11 14:37:02.589 +00:00 [INF] Executed action API.Controllers.UserController.Get (API) in 3.5286ms
2026-06-11 14:37:02.589 +00:00 [INF] Executed endpoint 'API.Controllers.UserController.Get (API)'
2026-06-11 14:37:02.589 +00:00 [INF] Request finished HTTP/1.1 GET http://192.168.1.6:8080/api/user?page=1&limit=10 - 200 null application/json; charset=utf-8 6.215ms
2026-06-11 14:37:02.601 +00:00 [INF] Request starting HTTP/1.1 GET http://192.168.1.6:8080/api/user - null null
2026-06-11 14:37:02.601 +00:00 [INF] CORS policy execution successful.
2026-06-11 14:37:02.601 +00:00 [INF] ====== OnMessageReceived START ======
2026-06-11 14:37:02.601 +00:00 [INF] Available cookies: 0
2026-06-11 14:37:02.602 +00:00 [WRN] NO TOKEN FOUND IN COOKIES!
2026-06-11 14:37:02.602 +00:00 [INF] ====== OnMessageReceived END - Token set: false ======
2026-06-11 14:37:02.602 +00:00 [INF] Executing endpoint 'API.Controllers.UserController.Get (API)'
2026-06-11 14:37:02.602 +00:00 [INF] Route matched with {action = "Get", controller = "User"}. Executing controller action with signature System.Threading.Tasks.Task`1[System.Collections.Generic.IEnumerable`1[API.DTO.UserDTO]] Get() on controller API.Controllers.UserController (API).
2026-06-11 14:37:02.603 +00:00 [INF] Fetching user data from database...
2026-06-11 14:37:02.605 +00:00 [INF] Executed DbCommand (1ms) [Parameters=[], CommandType='"Text"', CommandTimeout='30']
SELECT u."ID", u."Email", u."PasswordHash", u."RegisteredAt", u."Role", u."Username"
FROM "Users" AS u
2026-06-11 14:37:02.605 +00:00 [INF] Executing ObjectResult, writing value of type 'System.Collections.Generic.List`1[[API.DTO.UserDTO, API, Version=1.0.0.0, Culture=neutral, PublicKeyToken=null]]'.
2026-06-11 14:37:02.606 +00:00 [INF] Executed action API.Controllers.UserController.Get (API) in 3.1718ms
2026-06-11 14:37:02.606 +00:00 [INF] Executed endpoint 'API.Controllers.UserController.Get (API)'
2026-06-11 14:37:02.606 +00:00 [INF] Request finished HTTP/1.1 GET http://192.168.1.6:8080/api/user - 200 null application/json; charset=utf-8 5.4622ms
2026-06-11 14:39:37.503 +00:00 [INF] Request starting HTTP/1.1 GET http://192.168.1.6:8080/api/user?page=1&limit=10 - null null
2026-06-11 14:39:37.503 +00:00 [INF] CORS policy execution successful.
2026-06-11 14:39:37.503 +00:00 [INF] ====== OnMessageReceived START ======
2026-06-11 14:39:37.504 +00:00 [INF] Available cookies: 0
2026-06-11 14:39:37.504 +00:00 [WRN] NO TOKEN FOUND IN COOKIES!
2026-06-11 14:39:37.504 +00:00 [INF] ====== OnMessageReceived END - Token set: false ======
2026-06-11 14:39:37.504 +00:00 [INF] Executing endpoint 'API.Controllers.UserController.Get (API)'
2026-06-11 14:39:37.505 +00:00 [INF] Route matched with {action = "Get", controller = "User"}. Executing controller action with signature System.Threading.Tasks.Task`1[System.Collections.Generic.IEnumerable`1[API.DTO.UserDTO]] Get() on controller API.Controllers.UserController (API).
2026-06-11 14:39:37.505 +00:00 [INF] Fetching user data from database...
2026-06-11 14:39:37.508 +00:00 [INF] Executed DbCommand (1ms) [Parameters=[], CommandType='"Text"', CommandTimeout='30']
SELECT u."ID", u."Email", u."PasswordHash", u."RegisteredAt", u."Role", u."Username"
FROM "Users" AS u
2026-06-11 14:39:37.509 +00:00 [INF] Executing ObjectResult, writing value of type 'System.Collections.Generic.List`1[[API.DTO.UserDTO, API, Version=1.0.0.0, Culture=neutral, PublicKeyToken=null]]'.
2026-06-11 14:39:37.509 +00:00 [INF] Executed action API.Controllers.UserController.Get (API) in 3.9546ms
2026-06-11 14:39:37.509 +00:00 [INF] Executed endpoint 'API.Controllers.UserController.Get (API)'
2026-06-11 14:39:37.509 +00:00 [INF] Request finished HTTP/1.1 GET http://192.168.1.6:8080/api/user?page=1&limit=10 - 200 null application/json; charset=utf-8 6.8603ms
2026-06-11 14:39:37.512 +00:00 [INF] Request starting HTTP/1.1 GET http://192.168.1.6:8080/api/user - null null
2026-06-11 14:39:37.513 +00:00 [INF] CORS policy execution successful.
2026-06-11 14:39:37.513 +00:00 [INF] ====== OnMessageReceived START ======
2026-06-11 14:39:37.513 +00:00 [INF] Available cookies: 0
2026-06-11 14:39:37.513 +00:00 [WRN] NO TOKEN FOUND IN COOKIES!
2026-06-11 14:39:37.513 +00:00 [INF] ====== OnMessageReceived END - Token set: false ======
2026-06-11 14:39:37.513 +00:00 [INF] Executing endpoint 'API.Controllers.UserController.Get (API)'
2026-06-11 14:39:37.514 +00:00 [INF] Route matched with {action = "Get", controller = "User"}. Executing controller action with signature System.Threading.Tasks.Task`1[System.Collections.Generic.IEnumerable`1[API.DTO.UserDTO]] Get() on controller API.Controllers.UserController (API).
2026-06-11 14:39:37.514 +00:00 [INF] Fetching user data from database...
2026-06-11 14:39:37.516 +00:00 [INF] Executed DbCommand (1ms) [Parameters=[], CommandType='"Text"', CommandTimeout='30']
SELECT u."ID", u."Email", u."PasswordHash", u."RegisteredAt", u."Role", u."Username"
FROM "Users" AS u
2026-06-11 14:39:37.516 +00:00 [INF] Executing ObjectResult, writing value of type 'System.Collections.Generic.List`1[[API.DTO.UserDTO, API, Version=1.0.0.0, Culture=neutral, PublicKeyToken=null]]'.
2026-06-11 14:39:37.517 +00:00 [INF] Executed action API.Controllers.UserController.Get (API) in 3.1258ms
2026-06-11 14:39:37.517 +00:00 [INF] Executed endpoint 'API.Controllers.UserController.Get (API)'
2026-06-11 14:39:37.517 +00:00 [INF] Request finished HTTP/1.1 GET http://192.168.1.6:8080/api/user - 200 null application/json; charset=utf-8 5.0988ms
2026-06-11 14:40:21.419 +00:00 [INF] Request starting HTTP/1.1 OPTIONS http://192.168.1.6:8080/api/generate-password - null null
2026-06-11 14:40:21.420 +00:00 [INF] CORS policy execution successful.
2026-06-11 14:40:21.420 +00:00 [INF] Request finished HTTP/1.1 OPTIONS http://192.168.1.6:8080/api/generate-password - 204 null null 0.7869ms
2026-06-11 14:40:21.422 +00:00 [INF] Request starting HTTP/1.1 POST http://192.168.1.6:8080/api/generate-password - application/json 26
2026-06-11 14:40:21.422 +00:00 [INF] CORS policy execution successful.
2026-06-11 14:40:21.423 +00:00 [INF] ====== OnMessageReceived START ======
2026-06-11 14:40:21.423 +00:00 [INF] Available cookies: 0
2026-06-11 14:40:21.423 +00:00 [WRN] NO TOKEN FOUND IN COOKIES!
2026-06-11 14:40:21.423 +00:00 [INF] ====== OnMessageReceived END - Token set: false ======
2026-06-11 14:40:21.423 +00:00 [INF] Request finished HTTP/1.1 POST http://192.168.1.6:8080/api/generate-password - 404 0 null 1.3063ms
2026-06-11 14:40:21.424 +00:00 [INF] Request reached the end of the middleware pipeline without being handled by application code. Request path: POST http://192.168.1.6:8080/api/generate-password, Response status code: 404
2026-06-11 14:40:39.647 +00:00 [INF] Request starting HTTP/1.1 OPTIONS http://192.168.1.6:8080/api/auth/refresh - null null
2026-06-11 14:40:39.647 +00:00 [INF] CORS policy execution successful.
2026-06-11 14:40:39.648 +00:00 [INF] Request finished HTTP/1.1 OPTIONS http://192.168.1.6:8080/api/auth/refresh - 204 null null 0.7486ms
2026-06-11 14:40:39.651 +00:00 [INF] Request starting HTTP/1.1 POST http://192.168.1.6:8080/api/auth/refresh - application/json 18
2026-06-11 14:40:39.652 +00:00 [INF] CORS policy execution successful.
2026-06-11 14:40:39.652 +00:00 [INF] ====== OnMessageReceived START ======
2026-06-11 14:40:39.652 +00:00 [INF] Available cookies: 0
2026-06-11 14:40:39.652 +00:00 [WRN] NO TOKEN FOUND IN COOKIES!
2026-06-11 14:40:39.653 +00:00 [INF] ====== OnMessageReceived END - Token set: false ======
2026-06-11 14:40:39.656 +00:00 [INF] Authorization failed. These requirements were not met:
DenyAnonymousAuthorizationRequirement: Requires an authenticated user.
2026-06-11 14:40:39.658 +00:00 [INF] AuthenticationScheme: Bearer was challenged.
2026-06-11 14:40:39.658 +00:00 [INF] Request finished HTTP/1.1 POST http://192.168.1.6:8080/api/auth/refresh - 401 0 null 7.2676ms
2026-06-11 14:42:59.005 +00:00 [INF] Request starting HTTP/1.1 OPTIONS http://192.168.1.6:8080/api/auth - null null
2026-06-11 14:42:59.005 +00:00 [INF] CORS policy execution successful.
2026-06-11 14:42:59.006 +00:00 [INF] Request finished HTTP/1.1 OPTIONS http://192.168.1.6:8080/api/auth - 204 null null 0.8005ms
2026-06-11 14:42:59.009 +00:00 [INF] Request starting HTTP/1.1 POST http://192.168.1.6:8080/api/auth - application/json 74
2026-06-11 14:42:59.009 +00:00 [INF] CORS policy execution successful.
2026-06-11 14:42:59.009 +00:00 [INF] ====== OnMessageReceived START ======
2026-06-11 14:42:59.010 +00:00 [INF] Available cookies: 0
2026-06-11 14:42:59.010 +00:00 [WRN] NO TOKEN FOUND IN COOKIES!
2026-06-11 14:42:59.010 +00:00 [INF] ====== OnMessageReceived END - Token set: false ======
2026-06-11 14:42:59.010 +00:00 [INF] Executing endpoint 'API.Controllers.AuthController.Authenticate (API)'
2026-06-11 14:42:59.010 +00:00 [INF] Route matched with {action = "Authenticate", controller = "Auth"}. Executing controller action with signature System.Threading.Tasks.Task`1[Microsoft.AspNetCore.Mvc.IActionResult] Authenticate(API.Models.RequestModels.LoginRequest) on controller API.Controllers.AuthController (API).
2026-06-11 14:42:59.013 +00:00 [INF] Authentication attempt for email: lengyelnorbi5@gmail.com
2026-06-11 14:42:59.013 +00:00 [INF] Fetching user by email from database...
2026-06-11 14:42:59.032 +00:00 [INF] Executed DbCommand (5ms) [Parameters=[@__email_0='?'], CommandType='"Text"', CommandTimeout='30']
SELECT u."ID", u."Email", u."PasswordHash", u."RegisteredAt", u."Role", u."Username"
FROM "Users" AS u
WHERE u."Email" = @__email_0
LIMIT 1
2026-06-11 14:42:59.032 +00:00 [INF] Mozilla/5.0 (Windows NT 10.0; Win64; x64; rv:151.0) Gecko/20100101 Firefox/151.0
2026-06-11 14:42:59.033 +00:00 [INF] Fetching user by email from database...
2026-06-11 14:42:59.035 +00:00 [INF] Executed DbCommand (1ms) [Parameters=[@__email_0='?'], CommandType='"Text"', CommandTimeout='30']
SELECT u."ID", u."Email", u."PasswordHash", u."RegisteredAt", u."Role", u."Username"
FROM "Users" AS u
WHERE u."Email" = @__email_0
LIMIT 1
2026-06-11 14:42:59.227 +00:00 [INF] Password verification completed: Valid
2026-06-11 14:42:59.237 +00:00 [INF] Executed DbCommand (7ms) [Parameters=[@p0='?' (DbType = DateTime), @p1='?', @p2='?' (DbType = DateTime), @p3='?', @p4='?' (DbType = Int32), @p5='?'], CommandType='"Text"', CommandTimeout='30']
INSERT INTO "AccessTokens" ("CreatedAt", "DeviceFingerprint", "ExpiresAt", "IpAddress", "UserID", jti)
VALUES (@p0, @p1, @p2, @p3, @p4, @p5)
RETURNING "ID", "IsRevoked";
2026-06-11 14:42:59.241 +00:00 [INF] Executed DbCommand (2ms) [Parameters=[@p0='?' (DbType = DateTime), @p1='?', @p2='?' (DbType = DateTime), @p3='?', @p4='?', @p5='?' (DbType = Int32)], CommandType='"Text"', CommandTimeout='30']
INSERT INTO "RefreshTokens" ("CreatedAt", "DeviceFingerprint", "ExpiresAt", "IpAddress", "TokenHash", "UserID")
VALUES (@p0, @p1, @p2, @p3, @p4, @p5)
RETURNING "ID", "IsRevoked";
2026-06-11 14:42:59.242 +00:00 [INF] Admin user lengyelnorbi5@gmail.com authenticated successfully from admin panel at "2026-06-11T14:42:59.2421213Z"
2026-06-11 14:42:59.242 +00:00 [INF] --------------------------------------------------------------------
2026-06-11 14:42:59.242 +00:00 [INF] eyJhbGciOiJIUzI1NiIsInR5cCI6IkpXVCJ9.eyJodHRwOi8vc2NoZW1hcy54bWxzb2FwLm9yZy93cy8yMDA1LzA1L2lkZW50aXR5L2NsYWltcy9uYW1laWRlbnRpZmllciI6IjEiLCJodHRwOi8vc2NoZW1hcy54bWxzb2FwLm9yZy93cy8yMDA1LzA1L2lkZW50aXR5L2NsYWltcy9lbWFpbGFkZHJlc3MiOiJsZW5neWVsbm9yYmk1QGdtYWlsLmNvbSIsImh0dHA6Ly9zY2hlbWFzLnhtbHNvYXAub3JnL3dzLzIwMDUvMDUvaWRlbnRpdHkvY2xhaW1zL25hbWUiOiJsZW5neWVsbm9yYmkiLCJqdGkiOiIxNTY1MjA5Yy0xZGU1LTRhMWItYTIzMy02MjJmNGRhM2RiZjgiLCJpYXQiOjE3ODExODg5NzksImV4cCI6MTc4MTE4OTI3OSwiaHR0cDovL3NjaGVtYXMubWljcm9zb2Z0LmNvbS93cy8yMDA4LzA2L2lkZW50aXR5L2NsYWltcy9yb2xlIjoiQWRtaW4iLCJTb3VyY2UiOiJhZG1pbiIsIkRldmljZUlkIjoiL2EydWY0ejhyY0JJaElyN0tHYmQ2YWFoTXI4MEJoais5dXlMaVlOWjY2QT0iLCJJUEFkZHJlc3MiOiI6OmZmZmY6MTcyLjIwLjAuMSIsIlRva2VuVmVyc2lvbiI6IjEiLCJpc3MiOiJNdXNpY1BsYXllckFQSSIsImF1ZCI6Ik11c2ljUGxheWVyQ2xpZW50In0.iLIDKbIsFeiGIeRBJYEfu8YE1Y8b3MbNm3fdqIf6QQs
2026-06-11 14:42:59.242 +00:00 [INF] lEjrgzA6kwZyza0IGAvjvkoBCo01EqJ+AqDkZjBTPx8=
2026-06-11 14:42:59.242 +00:00 [INF] Source: admin
2026-06-11 14:42:59.243 +00:00 [INF] Access Token expires at: "2026-06-11T14:47:59.2274160Z"
2026-06-11 14:42:59.243 +00:00 [INF] Refresh Token expires at: "2026-06-11T22:42:59.2393044Z"
2026-06-11 14:42:59.243 +00:00 [INF] tokenCookieName: adminToken
2026-06-11 14:42:59.243 +00:00 [INF] refreshTokenCookieName: adminRefreshToken
2026-06-11 14:42:59.243 +00:00 [INF] Refresh token hash stored in cookie: lEjrgzA6kwZyza0IGAvjvkoBCo01EqJ+AqDkZjBTPx8=
2026-06-11 14:42:59.243 +00:00 [INF] --------------------------------------------------------------------
2026-06-11 14:42:59.243 +00:00 [INF] Executing OkObjectResult, writing value of type '<>f__AnonymousType1`4[[System.Boolean, System.Private.CoreLib, Version=9.0.0.0, Culture=neutral, PublicKeyToken=7cec85d7bea7798e],[System.Int32, System.Private.CoreLib, Version=9.0.0.0, Culture=neutral, PublicKeyToken=7cec85d7bea7798e],[System.Int32, System.Private.CoreLib, Version=9.0.0.0, Culture=neutral, PublicKeyToken=7cec85d7bea7798e],[<>f__AnonymousType2`3[[System.Int32, System.Private.CoreLib, Version=9.0.0.0, Culture=neutral, PublicKeyToken=7cec85d7bea7798e],[System.String, System.Private.CoreLib, Version=9.0.0.0, Culture=neutral, PublicKeyToken=7cec85d7bea7798e],[System.String, System.Private.CoreLib, Version=9.0.0.0, Culture=neutral, PublicKeyToken=7cec85d7bea7798e]], API, Version=1.0.0.0, Culture=neutral, PublicKeyToken=null]]'.
2026-06-11 14:42:59.244 +00:00 [INF] Executed action API.Controllers.AuthController.Authenticate (API) in 233.4786ms
2026-06-11 14:42:59.244 +00:00 [INF] Executed endpoint 'API.Controllers.AuthController.Authenticate (API)'
2026-06-11 14:42:59.244 +00:00 [INF] Request finished HTTP/1.1 POST http://192.168.1.6:8080/api/auth - 200 null application/json; charset=utf-8 235.3882ms
2026-06-11 14:43:01.870 +00:00 [INF] Request starting HTTP/1.1 GET http://192.168.1.6:8080/api/user?page=1&limit=10 - null null
2026-06-11 14:43:01.870 +00:00 [INF] CORS policy execution successful.
2026-06-11 14:43:01.871 +00:00 [INF] ====== OnMessageReceived START ======
2026-06-11 14:43:01.871 +00:00 [INF] Available cookies: 0
2026-06-11 14:43:01.871 +00:00 [INF] Request starting HTTP/1.1 GET http://192.168.1.6:8080/api/user - null null
2026-06-11 14:43:01.871 +00:00 [WRN] NO TOKEN FOUND IN COOKIES!
2026-06-11 14:43:01.872 +00:00 [INF] CORS policy execution successful.
2026-06-11 14:43:01.872 +00:00 [INF] ====== OnMessageReceived END - Token set: false ======
2026-06-11 14:43:01.872 +00:00 [INF] ====== OnMessageReceived START ======
2026-06-11 14:43:01.872 +00:00 [INF] Executing endpoint 'API.Controllers.UserController.Get (API)'
2026-06-11 14:43:01.872 +00:00 [INF] Available cookies: 0
2026-06-11 14:43:01.872 +00:00 [INF] Route matched with {action = "Get", controller = "User"}. Executing controller action with signature System.Threading.Tasks.Task`1[System.Collections.Generic.IEnumerable`1[API.DTO.UserDTO]] Get() on controller API.Controllers.UserController (API).
2026-06-11 14:43:01.872 +00:00 [WRN] NO TOKEN FOUND IN COOKIES!
2026-06-11 14:43:01.873 +00:00 [INF] Fetching user data from database...
2026-06-11 14:43:01.873 +00:00 [INF] ====== OnMessageReceived END - Token set: false ======
2026-06-11 14:43:01.874 +00:00 [INF] Executing endpoint 'API.Controllers.UserController.Get (API)'
2026-06-11 14:43:01.874 +00:00 [INF] Route matched with {action = "Get", controller = "User"}. Executing controller action with signature System.Threading.Tasks.Task`1[System.Collections.Generic.IEnumerable`1[API.DTO.UserDTO]] Get() on controller API.Controllers.UserController (API).
2026-06-11 14:43:01.874 +00:00 [INF] Fetching user data from database...
2026-06-11 14:43:01.875 +00:00 [INF] Executed DbCommand (2ms) [Parameters=[], CommandType='"Text"', CommandTimeout='30']
SELECT u."ID", u."Email", u."PasswordHash", u."RegisteredAt", u."Role", u."Username"
FROM "Users" AS u
2026-06-11 14:43:01.876 +00:00 [INF] Executing ObjectResult, writing value of type 'System.Collections.Generic.List`1[[API.DTO.UserDTO, API, Version=1.0.0.0, Culture=neutral, PublicKeyToken=null]]'.
2026-06-11 14:43:01.876 +00:00 [INF] Executed action API.Controllers.UserController.Get (API) in 3.4084ms
2026-06-11 14:43:01.876 +00:00 [INF] Executed endpoint 'API.Controllers.UserController.Get (API)'
2026-06-11 14:43:01.876 +00:00 [INF] Request finished HTTP/1.1 GET http://192.168.1.6:8080/api/user?page=1&limit=10 - 200 null application/json; charset=utf-8 6.4809ms
2026-06-11 14:43:01.885 +00:00 [INF] Executed DbCommand (2ms) [Parameters=[], CommandType='"Text"', CommandTimeout='30']
SELECT u."ID", u."Email", u."PasswordHash", u."RegisteredAt", u."Role", u."Username"
FROM "Users" AS u
2026-06-11 14:43:01.886 +00:00 [INF] Executing ObjectResult, writing value of type 'System.Collections.Generic.List`1[[API.DTO.UserDTO, API, Version=1.0.0.0, Culture=neutral, PublicKeyToken=null]]'.
2026-06-11 14:43:01.886 +00:00 [INF] Executed action API.Controllers.UserController.Get (API) in 11.7825ms
2026-06-11 14:43:01.886 +00:00 [INF] Executed endpoint 'API.Controllers.UserController.Get (API)'
2026-06-11 14:43:01.886 +00:00 [INF] Request finished HTTP/1.1 GET http://192.168.1.6:8080/api/user - 200 null application/json; charset=utf-8 14.9984ms
2026-06-11 14:43:09.630 +00:00 [INF] Request starting HTTP/1.1 OPTIONS http://192.168.1.6:8080/api/password/generate-password - null null
2026-06-11 14:43:09.630 +00:00 [INF] CORS policy execution successful.
2026-06-11 14:43:09.631 +00:00 [INF] Request finished HTTP/1.1 OPTIONS http://192.168.1.6:8080/api/password/generate-password - 204 null null 1.1395ms
2026-06-11 14:43:09.633 +00:00 [INF] Request starting HTTP/1.1 POST http://192.168.1.6:8080/api/password/generate-password - application/json 26
2026-06-11 14:43:09.634 +00:00 [INF] CORS policy execution successful.
2026-06-11 14:43:09.634 +00:00 [INF] ====== OnMessageReceived START ======
2026-06-11 14:43:09.634 +00:00 [INF] Available cookies: 0
2026-06-11 14:43:09.634 +00:00 [WRN] NO TOKEN FOUND IN COOKIES!
2026-06-11 14:43:09.634 +00:00 [INF] ====== OnMessageReceived END - Token set: false ======
2026-06-11 14:43:09.634 +00:00 [INF] Executing endpoint 'API.Controllers.PasswordController.GeneratePassword (API)'
2026-06-11 14:43:09.638 +00:00 [INF] Route matched with {action = "GeneratePassword", controller = "Password"}. Executing controller action with signature System.Threading.Tasks.Task`1[Microsoft.AspNetCore.Mvc.IActionResult] GeneratePassword(API.Models.RequestModels.GeneratePwdRequest) on controller API.Controllers.PasswordController (API).
2026-06-11 14:43:09.643 +00:00 [INF] Executed action API.Controllers.PasswordController.GeneratePassword (API) in 5.1052ms
2026-06-11 14:43:09.644 +00:00 [INF] Executed endpoint 'API.Controllers.PasswordController.GeneratePassword (API)'
2026-06-11 14:43:09.644 +00:00 [ERR] An unhandled exception has occurred while executing the request.
System.NotSupportedException: Deserialization of types without a parameterless constructor, a singular parameterized constructor, or a parameterized constructor annotated with 'JsonConstructorAttribute' is not supported. Type 'API.Models.RequestModels.GeneratePwdRequest'. Path: $ | LineNumber: 0 | BytePositionInLine: 1.
 ---> System.NotSupportedException: Deserialization of types without a parameterless constructor, a singular parameterized constructor, or a parameterized constructor annotated with 'JsonConstructorAttribute' is not supported. Type 'API.Models.RequestModels.GeneratePwdRequest'.
   --- End of inner exception stack trace ---
   at System.Text.Json.ThrowHelper.ThrowNotSupportedException(ReadStack& state, Utf8JsonReader& reader, Exception innerException)
   at System.Text.Json.ThrowHelper.ThrowNotSupportedException_DeserializeNoConstructor(JsonTypeInfo typeInfo, Utf8JsonReader& reader, ReadStack& state)
   at System.Text.Json.Serialization.Converters.ObjectDefaultConverter`1.OnTryRead(Utf8JsonReader& reader, Type typeToConvert, JsonSerializerOptions options, ReadStack& state, T& value)
   at System.Text.Json.Serialization.JsonConverter`1.TryRead(Utf8JsonReader& reader, Type typeToConvert, JsonSerializerOptions options, ReadStack& state, T& value, Boolean& isPopulatedValue)
   at System.Text.Json.Serialization.JsonConverter`1.ReadCore(Utf8JsonReader& reader, T& value, JsonSerializerOptions options, ReadStack& state)
   at System.Text.Json.Serialization.Metadata.JsonTypeInfo`1.ContinueDeserialize[TReadBufferState,TStream](TReadBufferState& bufferState, JsonReaderState& jsonReaderState, ReadStack& readStack, T& value)
   at System.Text.Json.Serialization.Metadata.JsonTypeInfo`1.DeserializeAsync[TReadBufferState,TStream](TStream utf8Json, TReadBufferState bufferState, CancellationToken cancellationToken)
   at System.Text.Json.Serialization.Metadata.JsonTypeInfo`1.DeserializeAsObjectAsync(Stream utf8Json, CancellationToken cancellationToken)
   at Microsoft.AspNetCore.Mvc.Formatters.SystemTextJsonInputFormatter.ReadRequestBodyAsync(InputFormatterContext context, Encoding encoding)
   at Microsoft.AspNetCore.Mvc.Formatters.SystemTextJsonInputFormatter.ReadRequestBodyAsync(InputFormatterContext context, Encoding encoding)
   at Microsoft.AspNetCore.Mvc.ModelBinding.Binders.BodyModelBinder.BindModelAsync(ModelBindingContext bindingContext)
   at Microsoft.AspNetCore.Mvc.ModelBinding.ParameterBinder.BindModelAsync(ActionContext actionContext, IModelBinder modelBinder, IValueProvider valueProvider, ParameterDescriptor parameter, ModelMetadata metadata, Object value, Object container)
   at Microsoft.AspNetCore.Mvc.Controllers.ControllerBinderDelegateProvider.<>c__DisplayClass0_0.<<CreateBinderDelegate>g__Bind|0>d.MoveNext()
--- End of stack trace from previous location ---
   at Microsoft.AspNetCore.Mvc.Infrastructure.ControllerActionInvoker.<InvokeInnerFilterAsync>g__Awaited|13_0(ControllerActionInvoker invoker, Task lastTask, State next, Scope scope, Object state, Boolean isCompleted)
   at Microsoft.AspNetCore.Mvc.Infrastructure.ResourceInvoker.<InvokeFilterPipelineAsync>g__Awaited|20_0(ResourceInvoker invoker, Task lastTask, State next, Scope scope, Object state, Boolean isCompleted)
   at Microsoft.AspNetCore.Mvc.Infrastructure.ResourceInvoker.<InvokeAsync>g__Logged|17_1(ResourceInvoker invoker)
   at Microsoft.AspNetCore.Mvc.Infrastructure.ResourceInvoker.<InvokeAsync>g__Logged|17_1(ResourceInvoker invoker)
   at Microsoft.AspNetCore.Routing.EndpointMiddleware.<Invoke>g__AwaitRequestTask|7_0(Endpoint endpoint, Task requestTask, ILogger logger)
   at Microsoft.AspNetCore.Authorization.AuthorizationMiddleware.Invoke(HttpContext context)
   at Microsoft.AspNetCore.Authentication.AuthenticationMiddleware.Invoke(HttpContext context)
   at Microsoft.AspNetCore.Diagnostics.DeveloperExceptionPageMiddlewareImpl.Invoke(HttpContext context)
2026-06-11 14:43:09.660 +00:00 [INF] Request finished HTTP/1.1 POST http://192.168.1.6:8080/api/password/generate-password - 500 null text/plain; charset=utf-8 26.7359ms
2026-06-11 14:44:41.556 +00:00 [INF] Request starting HTTP/1.1 GET http://192.168.1.6:8080/api/user?page=1&limit=10 - null null
2026-06-11 14:44:41.556 +00:00 [INF] CORS policy execution successful.
2026-06-11 14:44:41.557 +00:00 [INF] ====== OnMessageReceived START ======
2026-06-11 14:44:41.557 +00:00 [INF] Available cookies: 0
2026-06-11 14:44:41.557 +00:00 [WRN] NO TOKEN FOUND IN COOKIES!
2026-06-11 14:44:41.557 +00:00 [INF] ====== OnMessageReceived END - Token set: false ======
2026-06-11 14:44:41.558 +00:00 [INF] Executing endpoint 'API.Controllers.UserController.Get (API)'
2026-06-11 14:44:41.558 +00:00 [INF] Route matched with {action = "Get", controller = "User"}. Executing controller action with signature System.Threading.Tasks.Task`1[System.Collections.Generic.IEnumerable`1[API.DTO.UserDTO]] Get() on controller API.Controllers.UserController (API).
2026-06-11 14:44:41.558 +00:00 [INF] Fetching user data from database...
2026-06-11 14:44:41.561 +00:00 [INF] Executed DbCommand (2ms) [Parameters=[], CommandType='"Text"', CommandTimeout='30']
SELECT u."ID", u."Email", u."PasswordHash", u."RegisteredAt", u."Role", u."Username"
FROM "Users" AS u
2026-06-11 14:44:41.562 +00:00 [INF] Executing ObjectResult, writing value of type 'System.Collections.Generic.List`1[[API.DTO.UserDTO, API, Version=1.0.0.0, Culture=neutral, PublicKeyToken=null]]'.
2026-06-11 14:44:41.562 +00:00 [INF] Executed action API.Controllers.UserController.Get (API) in 4.3188ms
2026-06-11 14:44:41.563 +00:00 [INF] Request starting HTTP/1.1 GET http://192.168.1.6:8080/api/user - null null
2026-06-11 14:44:41.563 +00:00 [INF] Executed endpoint 'API.Controllers.UserController.Get (API)'
2026-06-11 14:44:41.563 +00:00 [INF] CORS policy execution successful.
2026-06-11 14:44:41.563 +00:00 [INF] Request finished HTTP/1.1 GET http://192.168.1.6:8080/api/user?page=1&limit=10 - 200 null application/json; charset=utf-8 7.2864ms
2026-06-11 14:44:41.563 +00:00 [INF] ====== OnMessageReceived START ======
2026-06-11 14:44:41.564 +00:00 [INF] Available cookies: 0
2026-06-11 14:44:41.564 +00:00 [WRN] NO TOKEN FOUND IN COOKIES!
2026-06-11 14:44:41.564 +00:00 [INF] ====== OnMessageReceived END - Token set: false ======
2026-06-11 14:44:41.564 +00:00 [INF] Executing endpoint 'API.Controllers.UserController.Get (API)'
2026-06-11 14:44:41.565 +00:00 [INF] Route matched with {action = "Get", controller = "User"}. Executing controller action with signature System.Threading.Tasks.Task`1[System.Collections.Generic.IEnumerable`1[API.DTO.UserDTO]] Get() on controller API.Controllers.UserController (API).
2026-06-11 14:44:41.565 +00:00 [INF] Fetching user data from database...
2026-06-11 14:44:41.567 +00:00 [INF] Executed DbCommand (1ms) [Parameters=[], CommandType='"Text"', CommandTimeout='30']
SELECT u."ID", u."Email", u."PasswordHash", u."RegisteredAt", u."Role", u."Username"
FROM "Users" AS u
2026-06-11 14:44:41.567 +00:00 [INF] Executing ObjectResult, writing value of type 'System.Collections.Generic.List`1[[API.DTO.UserDTO, API, Version=1.0.0.0, Culture=neutral, PublicKeyToken=null]]'.
2026-06-11 14:44:41.568 +00:00 [INF] Executed action API.Controllers.UserController.Get (API) in 3.1622ms
2026-06-11 14:44:41.568 +00:00 [INF] Executed endpoint 'API.Controllers.UserController.Get (API)'
2026-06-11 14:44:41.568 +00:00 [INF] Request finished HTTP/1.1 GET http://192.168.1.6:8080/api/user - 200 null application/json; charset=utf-8 5.8014ms
2026-06-11 14:44:45.284 +00:00 [INF] Application is shutting down...
2026-06-11 14:44:46.191 +00:00 [WRN] Storing keys in a directory '/home/app/.aspnet/DataProtection-Keys' that may not be persisted outside of the container. Protected data will be unavailable when container is destroyed. For more information go to https://aka.ms/aspnet/dataprotectionwarning
2026-06-11 14:44:46.218 +00:00 [INF] User profile is available. Using '/home/app/.aspnet/DataProtection-Keys' as key repository; keys will not be encrypted at rest.
2026-06-11 14:44:46.229 +00:00 [INF] Creating key {9a3f111f-23fb-4505-812a-63d97bc10b39} with creation date 2026-06-11 14:44:46Z, activation date 2026-06-11 14:44:46Z, and expiration date 2026-09-09 14:44:46Z.
2026-06-11 14:44:46.268 +00:00 [WRN] No XML encryptor configured. Key {9a3f111f-23fb-4505-812a-63d97bc10b39} may be persisted to storage in unencrypted form.
2026-06-11 14:44:46.270 +00:00 [INF] Writing data to file '/home/app/.aspnet/DataProtection-Keys/key-9a3f111f-23fb-4505-812a-63d97bc10b39.xml'.
2026-06-11 14:44:46.320 +00:00 [INF] Now listening on: http://[::]:8080
2026-06-11 14:44:46.322 +00:00 [INF] Application started. Press Ctrl+C to shut down.
2026-06-11 14:44:46.323 +00:00 [INF] Hosting environment: Development
2026-06-11 14:44:46.323 +00:00 [INF] Content root path: /app
2026-06-11 14:44:59.806 +00:00 [INF] Request starting HTTP/1.1 GET http://192.168.1.6:8080/api/user - null null
2026-06-11 14:44:59.806 +00:00 [INF] Request starting HTTP/1.1 GET http://192.168.1.6:8080/api/user?page=1&limit=10 - null null
2026-06-11 14:44:59.819 +00:00 [WRN] Failed to determine the https port for redirect.
2026-06-11 14:44:59.821 +00:00 [INF] CORS policy execution successful.
2026-06-11 14:44:59.821 +00:00 [INF] CORS policy execution successful.
2026-06-11 14:44:59.836 +00:00 [INF] ====== OnMessageReceived START ======
2026-06-11 14:44:59.836 +00:00 [INF] ====== OnMessageReceived START ======
2026-06-11 14:44:59.837 +00:00 [INF] Available cookies: 0
2026-06-11 14:44:59.837 +00:00 [INF] Available cookies: 0
2026-06-11 14:44:59.838 +00:00 [WRN] NO TOKEN FOUND IN COOKIES!
2026-06-11 14:44:59.838 +00:00 [WRN] NO TOKEN FOUND IN COOKIES!
2026-06-11 14:44:59.838 +00:00 [INF] ====== OnMessageReceived END - Token set: false ======
2026-06-11 14:44:59.838 +00:00 [INF] ====== OnMessageReceived END - Token set: false ======
2026-06-11 14:44:59.841 +00:00 [INF] Executing endpoint 'API.Controllers.UserController.Get (API)'
2026-06-11 14:44:59.841 +00:00 [INF] Executing endpoint 'API.Controllers.UserController.Get (API)'
2026-06-11 14:44:59.852 +00:00 [INF] Route matched with {action = "Get", controller = "User"}. Executing controller action with signature System.Threading.Tasks.Task`1[System.Collections.Generic.IEnumerable`1[API.DTO.UserDTO]] Get() on controller API.Controllers.UserController (API).
2026-06-11 14:44:59.852 +00:00 [INF] Route matched with {action = "Get", controller = "User"}. Executing controller action with signature System.Threading.Tasks.Task`1[System.Collections.Generic.IEnumerable`1[API.DTO.UserDTO]] Get() on controller API.Controllers.UserController (API).
2026-06-11 14:44:59.917 +00:00 [INF] Fetching user data from database...
2026-06-11 14:44:59.917 +00:00 [INF] Fetching user data from database...
2026-06-11 14:45:00.488 +00:00 [INF] Executed DbCommand (13ms) [Parameters=[], CommandType='"Text"', CommandTimeout='30']
SELECT u."ID", u."Email", u."PasswordHash", u."RegisteredAt", u."Role", u."Username"
FROM "Users" AS u
2026-06-11 14:45:00.488 +00:00 [INF] Executed DbCommand (13ms) [Parameters=[], CommandType='"Text"', CommandTimeout='30']
SELECT u."ID", u."Email", u."PasswordHash", u."RegisteredAt", u."Role", u."Username"
FROM "Users" AS u
2026-06-11 14:45:00.563 +00:00 [INF] Executing ObjectResult, writing value of type 'System.Collections.Generic.List`1[[API.DTO.UserDTO, API, Version=1.0.0.0, Culture=neutral, PublicKeyToken=null]]'.
2026-06-11 14:45:00.563 +00:00 [INF] Executing ObjectResult, writing value of type 'System.Collections.Generic.List`1[[API.DTO.UserDTO, API, Version=1.0.0.0, Culture=neutral, PublicKeyToken=null]]'.
2026-06-11 14:45:00.596 +00:00 [INF] Executed action API.Controllers.UserController.Get (API) in 742.0159ms
2026-06-11 14:45:00.596 +00:00 [INF] Executed action API.Controllers.UserController.Get (API) in 742.8883ms
2026-06-11 14:45:00.599 +00:00 [INF] Executed endpoint 'API.Controllers.UserController.Get (API)'
2026-06-11 14:45:00.599 +00:00 [INF] Executed endpoint 'API.Controllers.UserController.Get (API)'
2026-06-11 14:45:00.606 +00:00 [INF] Request finished HTTP/1.1 GET http://192.168.1.6:8080/api/user - 499 null application/json; charset=utf-8 801.2631ms
2026-06-11 14:45:00.606 +00:00 [INF] Request finished HTTP/1.1 GET http://192.168.1.6:8080/api/user?page=1&limit=10 - 200 null application/json; charset=utf-8 801.2621ms
2026-06-11 14:45:03.492 +00:00 [INF] Request starting HTTP/1.1 OPTIONS http://192.168.1.6:8080/api/password/generate-password - null null
2026-06-11 14:45:03.493 +00:00 [INF] CORS policy execution successful.
2026-06-11 14:45:03.494 +00:00 [INF] Request finished HTTP/1.1 OPTIONS http://192.168.1.6:8080/api/password/generate-password - 204 null null 2.708ms
2026-06-11 14:45:03.497 +00:00 [INF] Request starting HTTP/1.1 POST http://192.168.1.6:8080/api/password/generate-password - application/json 43
2026-06-11 14:45:03.497 +00:00 [INF] CORS policy execution successful.
2026-06-11 14:45:03.499 +00:00 [INF] ====== OnMessageReceived START ======
2026-06-11 14:45:03.499 +00:00 [INF] Available cookies: 0
2026-06-11 14:45:03.499 +00:00 [WRN] NO TOKEN FOUND IN COOKIES!
2026-06-11 14:45:03.499 +00:00 [INF] ====== OnMessageReceived END - Token set: false ======
2026-06-11 14:45:03.502 +00:00 [INF] Authorization failed. These requirements were not met:
DenyAnonymousAuthorizationRequirement: Requires an authenticated user.
2026-06-11 14:45:03.504 +00:00 [INF] AuthenticationScheme: Bearer was challenged.
2026-06-11 14:45:03.504 +00:00 [INF] Request finished HTTP/1.1 POST http://192.168.1.6:8080/api/password/generate-password - 401 0 null 7.825ms
2026-06-11 14:45:55.372 +00:00 [INF] Request starting HTTP/1.1 GET http://192.168.1.6:8080/api/user?page=1&limit=10 - null null
2026-06-11 14:45:55.373 +00:00 [INF] CORS policy execution successful.
2026-06-11 14:45:55.373 +00:00 [INF] ====== OnMessageReceived START ======
2026-06-11 14:45:55.374 +00:00 [INF] Available cookies: 0
2026-06-11 14:45:55.374 +00:00 [INF] Request starting HTTP/1.1 GET http://192.168.1.6:8080/api/user - null null
2026-06-11 14:45:55.374 +00:00 [WRN] NO TOKEN FOUND IN COOKIES!
2026-06-11 14:45:55.375 +00:00 [INF] CORS policy execution successful.
2026-06-11 14:45:55.375 +00:00 [INF] ====== OnMessageReceived END - Token set: false ======
2026-06-11 14:45:55.375 +00:00 [INF] ====== OnMessageReceived START ======
2026-06-11 14:45:55.376 +00:00 [INF] Executing endpoint 'API.Controllers.UserController.Get (API)'
2026-06-11 14:45:55.376 +00:00 [INF] Available cookies: 0
2026-06-11 14:45:55.377 +00:00 [WRN] NO TOKEN FOUND IN COOKIES!
2026-06-11 14:45:55.377 +00:00 [INF] Route matched with {action = "Get", controller = "User"}. Executing controller action with signature System.Threading.Tasks.Task`1[System.Collections.Generic.IEnumerable`1[API.DTO.UserDTO]] Get() on controller API.Controllers.UserController (API).
2026-06-11 14:45:55.377 +00:00 [INF] ====== OnMessageReceived END - Token set: false ======
2026-06-11 14:45:55.377 +00:00 [INF] Executing endpoint 'API.Controllers.UserController.Get (API)'
2026-06-11 14:45:55.378 +00:00 [INF] Route matched with {action = "Get", controller = "User"}. Executing controller action with signature System.Threading.Tasks.Task`1[System.Collections.Generic.IEnumerable`1[API.DTO.UserDTO]] Get() on controller API.Controllers.UserController (API).
2026-06-11 14:45:55.386 +00:00 [INF] Fetching user data from database...
2026-06-11 14:45:55.386 +00:00 [INF] Fetching user data from database...
2026-06-11 14:45:55.422 +00:00 [INF] Executed DbCommand (3ms) [Parameters=[], CommandType='"Text"', CommandTimeout='30']
SELECT u."ID", u."Email", u."PasswordHash", u."RegisteredAt", u."Role", u."Username"
FROM "Users" AS u
2026-06-11 14:45:55.422 +00:00 [INF] Executed DbCommand (3ms) [Parameters=[], CommandType='"Text"', CommandTimeout='30']
SELECT u."ID", u."Email", u."PasswordHash", u."RegisteredAt", u."Role", u."Username"
FROM "Users" AS u
2026-06-11 14:45:55.424 +00:00 [INF] Executing ObjectResult, writing value of type 'System.Collections.Generic.List`1[[API.DTO.UserDTO, API, Version=1.0.0.0, Culture=neutral, PublicKeyToken=null]]'.
2026-06-11 14:45:55.424 +00:00 [INF] Executing ObjectResult, writing value of type 'System.Collections.Generic.List`1[[API.DTO.UserDTO, API, Version=1.0.0.0, Culture=neutral, PublicKeyToken=null]]'.
2026-06-11 14:45:55.424 +00:00 [INF] Executed action API.Controllers.UserController.Get (API) in 47.1675ms
2026-06-11 14:45:55.425 +00:00 [INF] Executed endpoint 'API.Controllers.UserController.Get (API)'
2026-06-11 14:45:55.424 +00:00 [INF] Executed action API.Controllers.UserController.Get (API) in 46.3745ms
2026-06-11 14:45:55.425 +00:00 [INF] Request finished HTTP/1.1 GET http://192.168.1.6:8080/api/user?page=1&limit=10 - 200 null application/json; charset=utf-8 52.8044ms
2026-06-11 14:45:55.425 +00:00 [INF] Executed endpoint 'API.Controllers.UserController.Get (API)'
2026-06-11 14:45:55.426 +00:00 [INF] Request finished HTTP/1.1 GET http://192.168.1.6:8080/api/user - 200 null application/json; charset=utf-8 51.6679ms
2026-06-11 14:45:57.584 +00:00 [INF] Request starting HTTP/1.1 POST http://192.168.1.6:8080/api/auth/logout - null 0
2026-06-11 14:45:57.585 +00:00 [INF] CORS policy execution successful.
2026-06-11 14:45:57.585 +00:00 [INF] ====== OnMessageReceived START ======
2026-06-11 14:45:57.585 +00:00 [INF] Available cookies: 0
2026-06-11 14:45:57.585 +00:00 [WRN] NO TOKEN FOUND IN COOKIES!
2026-06-11 14:45:57.586 +00:00 [INF] ====== OnMessageReceived END - Token set: false ======
2026-06-11 14:45:57.587 +00:00 [INF] Authorization failed. These requirements were not met:
DenyAnonymousAuthorizationRequirement: Requires an authenticated user.
2026-06-11 14:45:57.587 +00:00 [INF] AuthenticationScheme: Bearer was challenged.
2026-06-11 14:45:57.587 +00:00 [INF] Request finished HTTP/1.1 POST http://192.168.1.6:8080/api/auth/logout - 401 0 null 3.0393ms
2026-06-11 14:46:01.694 +00:00 [INF] Request starting HTTP/1.1 OPTIONS http://192.168.1.6:8080/api/auth - null null
2026-06-11 14:46:01.694 +00:00 [INF] CORS policy execution successful.
2026-06-11 14:46:01.695 +00:00 [INF] Request finished HTTP/1.1 OPTIONS http://192.168.1.6:8080/api/auth - 204 null null 0.8334ms
2026-06-11 14:46:01.704 +00:00 [INF] Request starting HTTP/1.1 POST http://192.168.1.6:8080/api/auth - application/json 74
2026-06-11 14:46:01.704 +00:00 [INF] CORS policy execution successful.
2026-06-11 14:46:01.704 +00:00 [INF] ====== OnMessageReceived START ======
2026-06-11 14:46:01.704 +00:00 [INF] Available cookies: 0
2026-06-11 14:46:01.705 +00:00 [WRN] NO TOKEN FOUND IN COOKIES!
2026-06-11 14:46:01.705 +00:00 [INF] ====== OnMessageReceived END - Token set: false ======
2026-06-11 14:46:01.705 +00:00 [INF] Executing endpoint 'API.Controllers.AuthController.Authenticate (API)'
2026-06-11 14:46:01.711 +00:00 [INF] Route matched with {action = "Authenticate", controller = "Auth"}. Executing controller action with signature System.Threading.Tasks.Task`1[Microsoft.AspNetCore.Mvc.IActionResult] Authenticate(API.Models.RequestModels.LoginRequest) on controller API.Controllers.AuthController (API).
2026-06-11 14:46:01.734 +00:00 [INF] Authentication attempt for email: lengyelnorbi5@gmail.com
2026-06-11 14:46:01.735 +00:00 [INF] Fetching user by email from database...
2026-06-11 14:46:01.801 +00:00 [INF] Executed DbCommand (7ms) [Parameters=[@__email_0='?'], CommandType='"Text"', CommandTimeout='30']
SELECT u."ID", u."Email", u."PasswordHash", u."RegisteredAt", u."Role", u."Username"
FROM "Users" AS u
WHERE u."Email" = @__email_0
LIMIT 1
2026-06-11 14:46:01.803 +00:00 [INF] Mozilla/5.0 (Windows NT 10.0; Win64; x64; rv:151.0) Gecko/20100101 Firefox/151.0
2026-06-11 14:46:01.807 +00:00 [INF] Fetching user by email from database...
2026-06-11 14:46:01.811 +00:00 [INF] Executed DbCommand (2ms) [Parameters=[@__email_0='?'], CommandType='"Text"', CommandTimeout='30']
SELECT u."ID", u."Email", u."PasswordHash", u."RegisteredAt", u."Role", u."Username"
FROM "Users" AS u
WHERE u."Email" = @__email_0
LIMIT 1
2026-06-11 14:46:02.228 +00:00 [INF] Password verification completed: Valid
2026-06-11 14:46:02.302 +00:00 [INF] Executed DbCommand (8ms) [Parameters=[@p0='?' (DbType = DateTime), @p1='?', @p2='?' (DbType = DateTime), @p3='?', @p4='?' (DbType = Int32), @p5='?'], CommandType='"Text"', CommandTimeout='30']
INSERT INTO "AccessTokens" ("CreatedAt", "DeviceFingerprint", "ExpiresAt", "IpAddress", "UserID", jti)
VALUES (@p0, @p1, @p2, @p3, @p4, @p5)
RETURNING "ID", "IsRevoked";
2026-06-11 14:46:02.337 +00:00 [INF] Executed DbCommand (4ms) [Parameters=[@p0='?' (DbType = DateTime), @p1='?', @p2='?' (DbType = DateTime), @p3='?', @p4='?', @p5='?' (DbType = Int32)], CommandType='"Text"', CommandTimeout='30']
INSERT INTO "RefreshTokens" ("CreatedAt", "DeviceFingerprint", "ExpiresAt", "IpAddress", "TokenHash", "UserID")
VALUES (@p0, @p1, @p2, @p3, @p4, @p5)
RETURNING "ID", "IsRevoked";
2026-06-11 14:46:02.339 +00:00 [INF] Admin user lengyelnorbi5@gmail.com authenticated successfully from admin panel at "2026-06-11T14:46:02.3397687Z"
2026-06-11 14:46:02.341 +00:00 [INF] --------------------------------------------------------------------
2026-06-11 14:46:02.342 +00:00 [INF] eyJhbGciOiJIUzI1NiIsInR5cCI6IkpXVCJ9.eyJodHRwOi8vc2NoZW1hcy54bWxzb2FwLm9yZy93cy8yMDA1LzA1L2lkZW50aXR5L2NsYWltcy9uYW1laWRlbnRpZmllciI6IjEiLCJodHRwOi8vc2NoZW1hcy54bWxzb2FwLm9yZy93cy8yMDA1LzA1L2lkZW50aXR5L2NsYWltcy9lbWFpbGFkZHJlc3MiOiJsZW5neWVsbm9yYmk1QGdtYWlsLmNvbSIsImh0dHA6Ly9zY2hlbWFzLnhtbHNvYXAub3JnL3dzLzIwMDUvMDUvaWRlbnRpdHkvY2xhaW1zL25hbWUiOiJsZW5neWVsbm9yYmkiLCJqdGkiOiJkMWY1MjkxOS1kNTZlLTQ3OTMtYmRlMC1mZWUyMzQ2YzQ4YjgiLCJpYXQiOjE3ODExODkxNjIsImV4cCI6MTc4MTE4OTQ2MiwiaHR0cDovL3NjaGVtYXMubWljcm9zb2Z0LmNvbS93cy8yMDA4LzA2L2lkZW50aXR5L2NsYWltcy9yb2xlIjoiQWRtaW4iLCJTb3VyY2UiOiJhZG1pbiIsIkRldmljZUlkIjoiL2EydWY0ejhyY0JJaElyN0tHYmQ2YWFoTXI4MEJoais5dXlMaVlOWjY2QT0iLCJJUEFkZHJlc3MiOiI6OmZmZmY6MTcyLjIwLjAuMSIsIlRva2VuVmVyc2lvbiI6IjEiLCJpc3MiOiJNdXNpY1BsYXllckFQSSIsImF1ZCI6Ik11c2ljUGxheWVyQ2xpZW50In0.XCm0NbRKwvoVA86PbkstjCXJCabzUerPE6RodC0F0o0
2026-06-11 14:46:02.342 +00:00 [INF] JoL8ZOsWpwSyfRmK6anzXEgk/Hng0v+e/jl+vfnTBZA=
2026-06-11 14:46:02.342 +00:00 [INF] Source: admin
2026-06-11 14:46:02.342 +00:00 [INF] Access Token expires at: "2026-06-11T14:51:02.2304671Z"
2026-06-11 14:46:02.343 +00:00 [INF] Refresh Token expires at: "2026-06-11T22:46:02.3227724Z"
2026-06-11 14:46:02.343 +00:00 [INF] tokenCookieName: adminToken
2026-06-11 14:46:02.343 +00:00 [INF] refreshTokenCookieName: adminRefreshToken
2026-06-11 14:46:02.344 +00:00 [INF] Refresh token hash stored in cookie: JoL8ZOsWpwSyfRmK6anzXEgk/Hng0v+e/jl+vfnTBZA=
2026-06-11 14:46:02.344 +00:00 [INF] --------------------------------------------------------------------
2026-06-11 14:46:02.345 +00:00 [INF] Executing OkObjectResult, writing value of type '<>f__AnonymousType1`4[[System.Boolean, System.Private.CoreLib, Version=9.0.0.0, Culture=neutral, PublicKeyToken=7cec85d7bea7798e],[System.Int32, System.Private.CoreLib, Version=9.0.0.0, Culture=neutral, PublicKeyToken=7cec85d7bea7798e],[System.Int32, System.Private.CoreLib, Version=9.0.0.0, Culture=neutral, PublicKeyToken=7cec85d7bea7798e],[<>f__AnonymousType2`3[[System.Int32, System.Private.CoreLib, Version=9.0.0.0, Culture=neutral, PublicKeyToken=7cec85d7bea7798e],[System.String, System.Private.CoreLib, Version=9.0.0.0, Culture=neutral, PublicKeyToken=7cec85d7bea7798e],[System.String, System.Private.CoreLib, Version=9.0.0.0, Culture=neutral, PublicKeyToken=7cec85d7bea7798e]], API, Version=1.0.0.0, Culture=neutral, PublicKeyToken=null]]'.
2026-06-11 14:46:02.350 +00:00 [INF] Executed action API.Controllers.AuthController.Authenticate (API) in 638.0366ms
2026-06-11 14:46:02.350 +00:00 [INF] Executed endpoint 'API.Controllers.AuthController.Authenticate (API)'
2026-06-11 14:46:02.350 +00:00 [INF] Request finished HTTP/1.1 POST http://192.168.1.6:8080/api/auth - 200 null application/json; charset=utf-8 646.6869ms
2026-06-11 14:46:03.167 +00:00 [INF] Request starting HTTP/1.1 GET http://192.168.1.6:8080/api/user - null null
2026-06-11 14:46:03.167 +00:00 [INF] Request starting HTTP/1.1 GET http://192.168.1.6:8080/api/user?page=1&limit=10 - null null
2026-06-11 14:46:03.168 +00:00 [INF] CORS policy execution successful.
2026-06-11 14:46:03.168 +00:00 [INF] CORS policy execution successful.
2026-06-11 14:46:03.168 +00:00 [INF] ====== OnMessageReceived START ======
2026-06-11 14:46:03.168 +00:00 [INF] ====== OnMessageReceived START ======
2026-06-11 14:46:03.169 +00:00 [INF] Available cookies: 0
2026-06-11 14:46:03.169 +00:00 [INF] Available cookies: 0
2026-06-11 14:46:03.169 +00:00 [WRN] NO TOKEN FOUND IN COOKIES!
2026-06-11 14:46:03.169 +00:00 [WRN] NO TOKEN FOUND IN COOKIES!
2026-06-11 14:46:03.169 +00:00 [INF] ====== OnMessageReceived END - Token set: false ======
2026-06-11 14:46:03.170 +00:00 [INF] ====== OnMessageReceived END - Token set: false ======
2026-06-11 14:46:03.170 +00:00 [INF] Executing endpoint 'API.Controllers.UserController.Get (API)'
2026-06-11 14:46:03.170 +00:00 [INF] Executing endpoint 'API.Controllers.UserController.Get (API)'
2026-06-11 14:46:03.170 +00:00 [INF] Route matched with {action = "Get", controller = "User"}. Executing controller action with signature System.Threading.Tasks.Task`1[System.Collections.Generic.IEnumerable`1[API.DTO.UserDTO]] Get() on controller API.Controllers.UserController (API).
2026-06-11 14:46:03.170 +00:00 [INF] Route matched with {action = "Get", controller = "User"}. Executing controller action with signature System.Threading.Tasks.Task`1[System.Collections.Generic.IEnumerable`1[API.DTO.UserDTO]] Get() on controller API.Controllers.UserController (API).
2026-06-11 14:46:03.171 +00:00 [INF] Fetching user data from database...
2026-06-11 14:46:03.171 +00:00 [INF] Fetching user data from database...
2026-06-11 14:46:03.173 +00:00 [INF] Executed DbCommand (1ms) [Parameters=[], CommandType='"Text"', CommandTimeout='30']
SELECT u."ID", u."Email", u."PasswordHash", u."RegisteredAt", u."Role", u."Username"
FROM "Users" AS u
2026-06-11 14:46:03.173 +00:00 [INF] Executed DbCommand (1ms) [Parameters=[], CommandType='"Text"', CommandTimeout='30']
SELECT u."ID", u."Email", u."PasswordHash", u."RegisteredAt", u."Role", u."Username"
FROM "Users" AS u
2026-06-11 14:46:03.173 +00:00 [INF] Executing ObjectResult, writing value of type 'System.Collections.Generic.List`1[[API.DTO.UserDTO, API, Version=1.0.0.0, Culture=neutral, PublicKeyToken=null]]'.
2026-06-11 14:46:03.173 +00:00 [INF] Executing ObjectResult, writing value of type 'System.Collections.Generic.List`1[[API.DTO.UserDTO, API, Version=1.0.0.0, Culture=neutral, PublicKeyToken=null]]'.
2026-06-11 14:46:03.173 +00:00 [INF] Executed action API.Controllers.UserController.Get (API) in 2.921ms
2026-06-11 14:46:03.174 +00:00 [INF] Executed action API.Controllers.UserController.Get (API) in 2.8284ms
2026-06-11 14:46:03.174 +00:00 [INF] Executed endpoint 'API.Controllers.UserController.Get (API)'
2026-06-11 14:46:03.174 +00:00 [INF] Executed endpoint 'API.Controllers.UserController.Get (API)'
2026-06-11 14:46:03.174 +00:00 [INF] Request finished HTTP/1.1 GET http://192.168.1.6:8080/api/user - 200 null application/json; charset=utf-8 7.0708ms
2026-06-11 14:46:03.175 +00:00 [INF] Request finished HTTP/1.1 GET http://192.168.1.6:8080/api/user?page=1&limit=10 - 200 null application/json; charset=utf-8 7.5144ms
2026-06-11 14:46:06.791 +00:00 [INF] Request starting HTTP/1.1 OPTIONS http://192.168.1.6:8080/api/password/generate-password - null null
2026-06-11 14:46:06.791 +00:00 [INF] CORS policy execution successful.
2026-06-11 14:46:06.791 +00:00 [INF] Request finished HTTP/1.1 OPTIONS http://192.168.1.6:8080/api/password/generate-password - 204 null null 0.5916ms
2026-06-11 14:46:06.793 +00:00 [INF] Request starting HTTP/1.1 POST http://192.168.1.6:8080/api/password/generate-password - application/json 43
2026-06-11 14:46:06.794 +00:00 [INF] CORS policy execution successful.
2026-06-11 14:46:06.794 +00:00 [INF] ====== OnMessageReceived START ======
2026-06-11 14:46:06.794 +00:00 [INF] Available cookies: 0
2026-06-11 14:46:06.794 +00:00 [WRN] NO TOKEN FOUND IN COOKIES!
2026-06-11 14:46:06.794 +00:00 [INF] ====== OnMessageReceived END - Token set: false ======
2026-06-11 14:46:06.796 +00:00 [INF] Authorization failed. These requirements were not met:
DenyAnonymousAuthorizationRequirement: Requires an authenticated user.
2026-06-11 14:46:06.796 +00:00 [INF] AuthenticationScheme: Bearer was challenged.
2026-06-11 14:46:06.796 +00:00 [INF] Request finished HTTP/1.1 POST http://192.168.1.6:8080/api/password/generate-password - 401 0 null 3.1628ms
2026-06-11 14:47:41.417 +00:00 [INF] Request starting HTTP/1.1 OPTIONS http://192.168.1.6:8080/api/auth - null null
2026-06-11 14:47:41.443 +00:00 [INF] CORS policy execution successful.
2026-06-11 14:47:41.455 +00:00 [INF] Request finished HTTP/1.1 OPTIONS http://192.168.1.6:8080/api/auth - 204 null null 41.5472ms
2026-06-11 14:47:41.460 +00:00 [INF] Request starting HTTP/1.1 POST http://192.168.1.6:8080/api/auth - application/json 74
2026-06-11 14:47:41.463 +00:00 [INF] CORS policy execution successful.
2026-06-11 14:47:41.473 +00:00 [INF] ====== OnMessageReceived START ======
2026-06-11 14:47:41.474 +00:00 [INF] Available cookies: 0
2026-06-11 14:47:41.475 +00:00 [WRN] NO TOKEN FOUND IN COOKIES!
2026-06-11 14:47:41.476 +00:00 [INF] ====== OnMessageReceived END - Token set: false ======
2026-06-11 14:47:41.480 +00:00 [INF] Executing endpoint 'API.Controllers.AuthController.Authenticate (API)'
2026-06-11 14:47:41.494 +00:00 [INF] Route matched with {action = "Authenticate", controller = "Auth"}. Executing controller action with signature System.Threading.Tasks.Task`1[Microsoft.AspNetCore.Mvc.IActionResult] Authenticate(API.Models.RequestModels.LoginRequest) on controller API.Controllers.AuthController (API).
2026-06-11 14:47:41.592 +00:00 [INF] Authentication attempt for email: lengyelnorbi5@gmail.com
2026-06-11 14:47:41.592 +00:00 [INF] Fetching user by email from database...
2026-06-11 14:47:41.676 +00:00 [INF] Executed DbCommand (35ms) [Parameters=[@__email_0='?'], CommandType='"Text"', CommandTimeout='30']
SELECT u."ID", u."Email", u."PasswordHash", u."RegisteredAt", u."Role", u."Username"
FROM "Users" AS u
WHERE u."Email" = @__email_0
LIMIT 1
2026-06-11 14:47:41.685 +00:00 [INF] Mozilla/5.0 (Windows NT 10.0; Win64; x64; rv:151.0) Gecko/20100101 Firefox/151.0
2026-06-11 14:47:41.692 +00:00 [INF] Fetching user by email from database...
2026-06-11 14:47:41.703 +00:00 [INF] Executed DbCommand (10ms) [Parameters=[@__email_0='?'], CommandType='"Text"', CommandTimeout='30']
SELECT u."ID", u."Email", u."PasswordHash", u."RegisteredAt", u."Role", u."Username"
FROM "Users" AS u
WHERE u."Email" = @__email_0
LIMIT 1
2026-06-11 14:47:41.894 +00:00 [INF] Password verification completed: Valid
2026-06-11 14:47:41.967 +00:00 [INF] Executed DbCommand (21ms) [Parameters=[@p0='?' (DbType = DateTime), @p1='?', @p2='?' (DbType = DateTime), @p3='?', @p4='?' (DbType = Int32), @p5='?'], CommandType='"Text"', CommandTimeout='30']
INSERT INTO "AccessTokens" ("CreatedAt", "DeviceFingerprint", "ExpiresAt", "IpAddress", "UserID", jti)
VALUES (@p0, @p1, @p2, @p3, @p4, @p5)
RETURNING "ID", "IsRevoked";
2026-06-11 14:47:42.000 +00:00 [INF] Executed DbCommand (10ms) [Parameters=[@p0='?' (DbType = DateTime), @p1='?', @p2='?' (DbType = DateTime), @p3='?', @p4='?', @p5='?' (DbType = Int32)], CommandType='"Text"', CommandTimeout='30']
INSERT INTO "RefreshTokens" ("CreatedAt", "DeviceFingerprint", "ExpiresAt", "IpAddress", "TokenHash", "UserID")
VALUES (@p0, @p1, @p2, @p3, @p4, @p5)
RETURNING "ID", "IsRevoked";
2026-06-11 14:47:42.002 +00:00 [INF] Admin user lengyelnorbi5@gmail.com authenticated successfully from admin panel at "2026-06-11T14:47:42.0024074Z"
2026-06-11 14:47:42.005 +00:00 [INF] --------------------------------------------------------------------
2026-06-11 14:47:42.006 +00:00 [INF] eyJhbGciOiJIUzI1NiIsInR5cCI6IkpXVCJ9.eyJodHRwOi8vc2NoZW1hcy54bWxzb2FwLm9yZy93cy8yMDA1LzA1L2lkZW50aXR5L2NsYWltcy9uYW1laWRlbnRpZmllciI6IjEiLCJodHRwOi8vc2NoZW1hcy54bWxzb2FwLm9yZy93cy8yMDA1LzA1L2lkZW50aXR5L2NsYWltcy9lbWFpbGFkZHJlc3MiOiJsZW5neWVsbm9yYmk1QGdtYWlsLmNvbSIsImh0dHA6Ly9zY2hlbWFzLnhtbHNvYXAub3JnL3dzLzIwMDUvMDUvaWRlbnRpdHkvY2xhaW1zL25hbWUiOiJsZW5neWVsbm9yYmkiLCJqdGkiOiJlZmMyZDg3YS1kNzQ1LTRlMGItYWI1NS0wYTAyOTk4M2Y4ZmUiLCJpYXQiOjE3ODExODkyNjEsImV4cCI6MTc4MTE4OTU2MSwiaHR0cDovL3NjaGVtYXMubWljcm9zb2Z0LmNvbS93cy8yMDA4LzA2L2lkZW50aXR5L2NsYWltcy9yb2xlIjoiQWRtaW4iLCJTb3VyY2UiOiJhZG1pbiIsIkRldmljZUlkIjoiL2EydWY0ejhyY0JJaElyN0tHYmQ2YWFoTXI4MEJoais5dXlMaVlOWjY2QT0iLCJJUEFkZHJlc3MiOiI6OmZmZmY6MTcyLjIwLjAuMSIsIlRva2VuVmVyc2lvbiI6IjEiLCJpc3MiOiJNdXNpY1BsYXllckFQSSIsImF1ZCI6Ik11c2ljUGxheWVyQ2xpZW50In0.mF5qe1rrMOY1PNmzBlxczHyjp1Xihl5ctVU6D3t6qtc
2026-06-11 14:47:42.006 +00:00 [INF] iAOkXdZEMsqgNG3b2uNbvZLRspdnWivEIGsnpqnKkuU=
2026-06-11 14:47:42.007 +00:00 [INF] Source: admin
2026-06-11 14:47:42.007 +00:00 [INF] Access Token expires at: "2026-06-11T14:52:41.8964728Z"
2026-06-11 14:47:42.007 +00:00 [INF] Refresh Token expires at: "2026-06-11T22:47:41.9824693Z"
2026-06-11 14:47:42.008 +00:00 [INF] tokenCookieName: adminToken
2026-06-11 14:47:42.008 +00:00 [INF] refreshTokenCookieName: adminRefreshToken
2026-06-11 14:47:42.008 +00:00 [INF] Refresh token hash stored in cookie: iAOkXdZEMsqgNG3b2uNbvZLRspdnWivEIGsnpqnKkuU=
2026-06-11 14:47:42.009 +00:00 [INF] --------------------------------------------------------------------
2026-06-11 14:47:42.011 +00:00 [INF] Executing OkObjectResult, writing value of type '<>f__AnonymousType1`4[[System.Boolean, System.Private.CoreLib, Version=9.0.0.0, Culture=neutral, PublicKeyToken=7cec85d7bea7798e],[System.Int32, System.Private.CoreLib, Version=9.0.0.0, Culture=neutral, PublicKeyToken=7cec85d7bea7798e],[System.Int32, System.Private.CoreLib, Version=9.0.0.0, Culture=neutral, PublicKeyToken=7cec85d7bea7798e],[<>f__AnonymousType2`3[[System.Int32, System.Private.CoreLib, Version=9.0.0.0, Culture=neutral, PublicKeyToken=7cec85d7bea7798e],[System.String, System.Private.CoreLib, Version=9.0.0.0, Culture=neutral, PublicKeyToken=7cec85d7bea7798e],[System.String, System.Private.CoreLib, Version=9.0.0.0, Culture=neutral, PublicKeyToken=7cec85d7bea7798e]], API, Version=1.0.0.0, Culture=neutral, PublicKeyToken=null]]'.
2026-06-11 14:47:42.015 +00:00 [INF] Executed action API.Controllers.AuthController.Authenticate (API) in 518.7801ms
2026-06-11 14:47:42.015 +00:00 [INF] Executed endpoint 'API.Controllers.AuthController.Authenticate (API)'
2026-06-11 14:47:42.016 +00:00 [INF] Request finished HTTP/1.1 POST http://192.168.1.6:8080/api/auth - 200 null application/json; charset=utf-8 555.7284ms
2026-06-11 14:47:43.033 +00:00 [INF] Request starting HTTP/1.1 GET http://192.168.1.6:8080/api/user?page=1&limit=10 - null null
2026-06-11 14:47:43.034 +00:00 [INF] CORS policy execution successful.
2026-06-11 14:47:43.035 +00:00 [INF] ====== OnMessageReceived START ======
2026-06-11 14:47:43.036 +00:00 [INF] Request starting HTTP/1.1 GET http://192.168.1.6:8080/api/user - null null
2026-06-11 14:47:43.037 +00:00 [INF] CORS policy execution successful.
2026-06-11 14:47:43.037 +00:00 [INF] ====== OnMessageReceived START ======
2026-06-11 14:47:43.041 +00:00 [INF] Available cookies: 2
2026-06-11 14:47:43.041 +00:00 [INF] Available cookies: 2
2026-06-11 14:47:43.042 +00:00 [INF] Cookie: adminToken = 844 chars
2026-06-11 14:47:43.042 +00:00 [INF] Cookie: adminToken = 844 chars
2026-06-11 14:47:43.042 +00:00 [INF] Cookie: adminRefreshToken = 44 chars
2026-06-11 14:47:43.042 +00:00 [INF] Admin token found in cookies, length: 844
2026-06-11 14:47:43.042 +00:00 [INF] Cookie: adminRefreshToken = 44 chars
2026-06-11 14:47:43.043 +00:00 [INF] Admin token found in cookies, length: 844
2026-06-11 14:47:43.044 +00:00 [INF] Admin token set in context
2026-06-11 14:47:43.044 +00:00 [INF] Admin token set in context
2026-06-11 14:47:43.044 +00:00 [INF] ====== OnMessageReceived END - Token set: true ======
2026-06-11 14:47:43.045 +00:00 [INF] ====== OnMessageReceived END - Token set: true ======
2026-06-11 14:47:43.103 +00:00 [INF] Token validated successfully for user: lengyelnorbi
2026-06-11 14:47:43.103 +00:00 [INF] Token validated successfully for user: lengyelnorbi
2026-06-11 14:47:43.104 +00:00 [INF] Device fingerprint headers - UA: Mozilla/5.0 (Windows NT 10.0; Win64; x64; rv:151.0) Gecko/20100101 Firefox/151.0, Accept: application/json, text/plain, */*, Encoding: gzip, deflate
2026-06-11 14:47:43.104 +00:00 [INF] Device fingerprint headers - UA: Mozilla/5.0 (Windows NT 10.0; Win64; x64; rv:151.0) Gecko/20100101 Firefox/151.0, Accept: application/json, text/plain, */*, Encoding: gzip, deflate
2026-06-11 14:47:43.104 +00:00 [INF] Device fingerprint validation: Stored=/a2uf4z8rcBIhIr7KGbd6aahMr80Bhj+9uyLiYNZ66A=, Current=/a2uf4z8rcBIhIr7KGbd6aahMr80Bhj+9uyLiYNZ66A=
2026-06-11 14:47:43.104 +00:00 [INF] Device fingerprint validation: Stored=/a2uf4z8rcBIhIr7KGbd6aahMr80Bhj+9uyLiYNZ66A=, Current=/a2uf4z8rcBIhIr7KGbd6aahMr80Bhj+9uyLiYNZ66A=
2026-06-11 14:47:43.180 +00:00 [INF] Executed DbCommand (11ms) [Parameters=[@__jti_0='?', @__userId_1='?' (DbType = Int32)], CommandType='"Text"', CommandTimeout='30']
SELECT a."ID", a."CreatedAt", a."DeviceFingerprint", a."ExpiresAt", a."IpAddress", a."IsRevoked", a."UserID", a.jti
FROM "AccessTokens" AS a
WHERE a.jti = @__jti_0 AND a."UserID" = @__userId_1 AND NOT (a."IsRevoked") AND a."ExpiresAt" > now()
LIMIT 1
2026-06-11 14:47:43.180 +00:00 [INF] Executed DbCommand (11ms) [Parameters=[@__jti_0='?', @__userId_1='?' (DbType = Int32)], CommandType='"Text"', CommandTimeout='30']
SELECT a."ID", a."CreatedAt", a."DeviceFingerprint", a."ExpiresAt", a."IpAddress", a."IsRevoked", a."UserID", a.jti
FROM "AccessTokens" AS a
WHERE a.jti = @__jti_0 AND a."UserID" = @__userId_1 AND NOT (a."IsRevoked") AND a."ExpiresAt" > now()
LIMIT 1
2026-06-11 14:47:43.187 +00:00 [INF] Executing endpoint 'API.Controllers.UserController.Get (API)'
2026-06-11 14:47:43.187 +00:00 [INF] Executing endpoint 'API.Controllers.UserController.Get (API)'
2026-06-11 14:47:43.188 +00:00 [INF] Route matched with {action = "Get", controller = "User"}. Executing controller action with signature System.Threading.Tasks.Task`1[System.Collections.Generic.IEnumerable`1[API.DTO.UserDTO]] Get() on controller API.Controllers.UserController (API).
2026-06-11 14:47:43.187 +00:00 [INF] Route matched with {action = "Get", controller = "User"}. Executing controller action with signature System.Threading.Tasks.Task`1[System.Collections.Generic.IEnumerable`1[API.DTO.UserDTO]] Get() on controller API.Controllers.UserController (API).
2026-06-11 14:47:43.188 +00:00 [INF] Fetching user data from database...
2026-06-11 14:47:43.188 +00:00 [INF] Fetching user data from database...
2026-06-11 14:47:43.190 +00:00 [INF] Executed DbCommand (2ms) [Parameters=[], CommandType='"Text"', CommandTimeout='30']
SELECT u."ID", u."Email", u."PasswordHash", u."RegisteredAt", u."Role", u."Username"
FROM "Users" AS u
2026-06-11 14:47:43.190 +00:00 [INF] Executed DbCommand (1ms) [Parameters=[], CommandType='"Text"', CommandTimeout='30']
SELECT u."ID", u."Email", u."PasswordHash", u."RegisteredAt", u."Role", u."Username"
FROM "Users" AS u
2026-06-11 14:47:43.195 +00:00 [INF] Executing ObjectResult, writing value of type 'System.Collections.Generic.List`1[[API.DTO.UserDTO, API, Version=1.0.0.0, Culture=neutral, PublicKeyToken=null]]'.
2026-06-11 14:47:43.195 +00:00 [INF] Executing ObjectResult, writing value of type 'System.Collections.Generic.List`1[[API.DTO.UserDTO, API, Version=1.0.0.0, Culture=neutral, PublicKeyToken=null]]'.
2026-06-11 14:47:43.196 +00:00 [INF] Executed action API.Controllers.UserController.Get (API) in 7.9276ms
2026-06-11 14:47:43.196 +00:00 [INF] Executed endpoint 'API.Controllers.UserController.Get (API)'
2026-06-11 14:47:43.196 +00:00 [INF] Executed action API.Controllers.UserController.Get (API) in 8.0954ms
2026-06-11 14:47:43.196 +00:00 [INF] Request finished HTTP/1.1 GET http://192.168.1.6:8080/api/user - 200 null application/json; charset=utf-8 160.0534ms
2026-06-11 14:47:43.197 +00:00 [INF] Executed endpoint 'API.Controllers.UserController.Get (API)'
2026-06-11 14:47:43.197 +00:00 [INF] Request finished HTTP/1.1 GET http://192.168.1.6:8080/api/user?page=1&limit=10 - 200 null application/json; charset=utf-8 163.5087ms
2026-06-11 14:47:49.810 +00:00 [INF] Request starting HTTP/1.1 OPTIONS http://192.168.1.6:8080/api/password/generate-password - null null
2026-06-11 14:47:49.810 +00:00 [INF] CORS policy execution successful.
2026-06-11 14:47:49.811 +00:00 [INF] Request finished HTTP/1.1 OPTIONS http://192.168.1.6:8080/api/password/generate-password - 204 null null 1.1969ms
2026-06-11 14:47:49.813 +00:00 [INF] Request starting HTTP/1.1 POST http://192.168.1.6:8080/api/password/generate-password - application/json 43
2026-06-11 14:47:49.814 +00:00 [INF] CORS policy execution successful.
2026-06-11 14:47:49.814 +00:00 [INF] ====== OnMessageReceived START ======
2026-06-11 14:47:49.814 +00:00 [INF] Available cookies: 2
2026-06-11 14:47:49.814 +00:00 [INF] Cookie: adminToken = 844 chars
2026-06-11 14:47:49.815 +00:00 [INF] Cookie: adminRefreshToken = 44 chars
2026-06-11 14:47:49.815 +00:00 [INF] Admin token found in cookies, length: 844
2026-06-11 14:47:49.815 +00:00 [INF] Admin token set in context
2026-06-11 14:47:49.815 +00:00 [INF] ====== OnMessageReceived END - Token set: true ======
2026-06-11 14:47:49.816 +00:00 [INF] Token validated successfully for user: lengyelnorbi
2026-06-11 14:47:49.816 +00:00 [INF] Device fingerprint headers - UA: Mozilla/5.0 (Windows NT 10.0; Win64; x64; rv:151.0) Gecko/20100101 Firefox/151.0, Accept: */*, Encoding: gzip, deflate
2026-06-11 14:47:49.816 +00:00 [INF] Device fingerprint validation: Stored=/a2uf4z8rcBIhIr7KGbd6aahMr80Bhj+9uyLiYNZ66A=, Current=/a2uf4z8rcBIhIr7KGbd6aahMr80Bhj+9uyLiYNZ66A=
2026-06-11 14:47:49.820 +00:00 [INF] Executed DbCommand (2ms) [Parameters=[@__jti_0='?', @__userId_1='?' (DbType = Int32)], CommandType='"Text"', CommandTimeout='30']
SELECT a."ID", a."CreatedAt", a."DeviceFingerprint", a."ExpiresAt", a."IpAddress", a."IsRevoked", a."UserID", a.jti
FROM "AccessTokens" AS a
WHERE a.jti = @__jti_0 AND a."UserID" = @__userId_1 AND NOT (a."IsRevoked") AND a."ExpiresAt" > now()
LIMIT 1
2026-06-11 14:47:49.823 +00:00 [INF] Executing endpoint 'API.Controllers.PasswordController.GeneratePassword (API)'
2026-06-11 14:47:49.830 +00:00 [INF] Route matched with {action = "GeneratePassword", controller = "Password"}. Executing controller action with signature System.Threading.Tasks.Task`1[Microsoft.AspNetCore.Mvc.IActionResult] GeneratePassword(API.Models.RequestModels.GeneratePwdRequest) on controller API.Controllers.PasswordController (API).
2026-06-11 14:47:49.847 +00:00 [INF] Executed action API.Controllers.PasswordController.GeneratePassword (API) in 16.5726ms
2026-06-11 14:47:49.848 +00:00 [INF] Executed endpoint 'API.Controllers.PasswordController.GeneratePassword (API)'
2026-06-11 14:47:49.851 +00:00 [ERR] An unhandled exception has occurred while executing the request.
System.NotSupportedException: Deserialization of types without a parameterless constructor, a singular parameterized constructor, or a parameterized constructor annotated with 'JsonConstructorAttribute' is not supported. Type 'API.Models.RequestModels.GeneratePwdRequest'. Path: $ | LineNumber: 0 | BytePositionInLine: 1.
 ---> System.NotSupportedException: Deserialization of types without a parameterless constructor, a singular parameterized constructor, or a parameterized constructor annotated with 'JsonConstructorAttribute' is not supported. Type 'API.Models.RequestModels.GeneratePwdRequest'.
   --- End of inner exception stack trace ---
   at System.Text.Json.ThrowHelper.ThrowNotSupportedException(ReadStack& state, Utf8JsonReader& reader, Exception innerException)
   at System.Text.Json.ThrowHelper.ThrowNotSupportedException_DeserializeNoConstructor(JsonTypeInfo typeInfo, Utf8JsonReader& reader, ReadStack& state)
   at System.Text.Json.Serialization.Converters.ObjectDefaultConverter`1.OnTryRead(Utf8JsonReader& reader, Type typeToConvert, JsonSerializerOptions options, ReadStack& state, T& value)
   at System.Text.Json.Serialization.JsonConverter`1.TryRead(Utf8JsonReader& reader, Type typeToConvert, JsonSerializerOptions options, ReadStack& state, T& value, Boolean& isPopulatedValue)
   at System.Text.Json.Serialization.JsonConverter`1.ReadCore(Utf8JsonReader& reader, T& value, JsonSerializerOptions options, ReadStack& state)
   at System.Text.Json.Serialization.Metadata.JsonTypeInfo`1.ContinueDeserialize[TReadBufferState,TStream](TReadBufferState& bufferState, JsonReaderState& jsonReaderState, ReadStack& readStack, T& value)
   at System.Text.Json.Serialization.Metadata.JsonTypeInfo`1.DeserializeAsync[TReadBufferState,TStream](TStream utf8Json, TReadBufferState bufferState, CancellationToken cancellationToken)
   at System.Text.Json.Serialization.Metadata.JsonTypeInfo`1.DeserializeAsObjectAsync(Stream utf8Json, CancellationToken cancellationToken)
   at Microsoft.AspNetCore.Mvc.Formatters.SystemTextJsonInputFormatter.ReadRequestBodyAsync(InputFormatterContext context, Encoding encoding)
   at Microsoft.AspNetCore.Mvc.Formatters.SystemTextJsonInputFormatter.ReadRequestBodyAsync(InputFormatterContext context, Encoding encoding)
   at Microsoft.AspNetCore.Mvc.ModelBinding.Binders.BodyModelBinder.BindModelAsync(ModelBindingContext bindingContext)
   at Microsoft.AspNetCore.Mvc.ModelBinding.ParameterBinder.BindModelAsync(ActionContext actionContext, IModelBinder modelBinder, IValueProvider valueProvider, ParameterDescriptor parameter, ModelMetadata metadata, Object value, Object container)
   at Microsoft.AspNetCore.Mvc.Controllers.ControllerBinderDelegateProvider.<>c__DisplayClass0_0.<<CreateBinderDelegate>g__Bind|0>d.MoveNext()
--- End of stack trace from previous location ---
   at Microsoft.AspNetCore.Mvc.Infrastructure.ControllerActionInvoker.<InvokeInnerFilterAsync>g__Awaited|13_0(ControllerActionInvoker invoker, Task lastTask, State next, Scope scope, Object state, Boolean isCompleted)
   at Microsoft.AspNetCore.Mvc.Infrastructure.ResourceInvoker.<InvokeFilterPipelineAsync>g__Awaited|20_0(ResourceInvoker invoker, Task lastTask, State next, Scope scope, Object state, Boolean isCompleted)
   at Microsoft.AspNetCore.Mvc.Infrastructure.ResourceInvoker.<InvokeAsync>g__Logged|17_1(ResourceInvoker invoker)
   at Microsoft.AspNetCore.Mvc.Infrastructure.ResourceInvoker.<InvokeAsync>g__Logged|17_1(ResourceInvoker invoker)
   at Microsoft.AspNetCore.Routing.EndpointMiddleware.<Invoke>g__AwaitRequestTask|7_0(Endpoint endpoint, Task requestTask, ILogger logger)
   at Microsoft.AspNetCore.Authorization.AuthorizationMiddleware.Invoke(HttpContext context)
   at Microsoft.AspNetCore.Authentication.AuthenticationMiddleware.Invoke(HttpContext context)
   at Microsoft.AspNetCore.Diagnostics.DeveloperExceptionPageMiddlewareImpl.Invoke(HttpContext context)
2026-06-11 14:47:49.887 +00:00 [INF] Request finished HTTP/1.1 POST http://192.168.1.6:8080/api/password/generate-password - 500 null text/plain; charset=utf-8 73.8519ms
2026-06-11 14:49:50.273 +00:00 [INF] Application is shutting down...
2026-06-11 14:49:51.245 +00:00 [WRN] Storing keys in a directory '/home/app/.aspnet/DataProtection-Keys' that may not be persisted outside of the container. Protected data will be unavailable when container is destroyed. For more information go to https://aka.ms/aspnet/dataprotectionwarning
2026-06-11 14:49:51.272 +00:00 [INF] User profile is available. Using '/home/app/.aspnet/DataProtection-Keys' as key repository; keys will not be encrypted at rest.
2026-06-11 14:49:51.284 +00:00 [INF] Creating key {5c1be170-4e74-40ae-b935-59204c5b6a86} with creation date 2026-06-11 14:49:51Z, activation date 2026-06-11 14:49:51Z, and expiration date 2026-09-09 14:49:51Z.
2026-06-11 14:49:51.332 +00:00 [WRN] No XML encryptor configured. Key {5c1be170-4e74-40ae-b935-59204c5b6a86} may be persisted to storage in unencrypted form.
2026-06-11 14:49:51.336 +00:00 [INF] Writing data to file '/home/app/.aspnet/DataProtection-Keys/key-5c1be170-4e74-40ae-b935-59204c5b6a86.xml'.
2026-06-11 14:49:51.393 +00:00 [INF] Now listening on: http://[::]:8080
2026-06-11 14:49:51.394 +00:00 [INF] Application started. Press Ctrl+C to shut down.
2026-06-11 14:49:51.395 +00:00 [INF] Hosting environment: Development
2026-06-11 14:49:51.395 +00:00 [INF] Content root path: /app
2026-06-11 14:49:52.527 +00:00 [INF] Request starting HTTP/1.1 OPTIONS http://192.168.1.6:8080/api/password/generate-password - null null
2026-06-11 14:49:52.541 +00:00 [WRN] Failed to determine the https port for redirect.
2026-06-11 14:49:52.543 +00:00 [INF] CORS policy execution successful.
2026-06-11 14:49:52.547 +00:00 [INF] Request finished HTTP/1.1 OPTIONS http://192.168.1.6:8080/api/password/generate-password - 204 null null 21.9081ms
2026-06-11 14:49:52.561 +00:00 [INF] Request starting HTTP/1.1 POST http://192.168.1.6:8080/api/password/generate-password - application/json 43
2026-06-11 14:49:52.564 +00:00 [INF] CORS policy execution successful.
2026-06-11 14:49:52.580 +00:00 [INF] ====== OnMessageReceived START ======
2026-06-11 14:49:52.582 +00:00 [INF] Available cookies: 2
2026-06-11 14:49:52.582 +00:00 [INF] Cookie: adminToken = 844 chars
2026-06-11 14:49:52.582 +00:00 [INF] Cookie: adminRefreshToken = 44 chars
2026-06-11 14:49:52.583 +00:00 [INF] Admin token found in cookies, length: 844
2026-06-11 14:49:52.583 +00:00 [INF] Admin token set in context
2026-06-11 14:49:52.583 +00:00 [INF] ====== OnMessageReceived END - Token set: true ======
2026-06-11 14:49:52.613 +00:00 [INF] Token validated successfully for user: lengyelnorbi
2026-06-11 14:49:52.614 +00:00 [INF] Device fingerprint headers - UA: Mozilla/5.0 (Windows NT 10.0; Win64; x64; rv:151.0) Gecko/20100101 Firefox/151.0, Accept: */*, Encoding: gzip, deflate
2026-06-11 14:49:52.614 +00:00 [INF] Device fingerprint validation: Stored=/a2uf4z8rcBIhIr7KGbd6aahMr80Bhj+9uyLiYNZ66A=, Current=/a2uf4z8rcBIhIr7KGbd6aahMr80Bhj+9uyLiYNZ66A=
2026-06-11 14:49:53.328 +00:00 [INF] Executed DbCommand (24ms) [Parameters=[@__jti_0='?', @__userId_1='?' (DbType = Int32)], CommandType='"Text"', CommandTimeout='30']
SELECT a."ID", a."CreatedAt", a."DeviceFingerprint", a."ExpiresAt", a."IpAddress", a."IsRevoked", a."UserID", a.jti
FROM "AccessTokens" AS a
WHERE a.jti = @__jti_0 AND a."UserID" = @__userId_1 AND NOT (a."IsRevoked") AND a."ExpiresAt" > now()
LIMIT 1
2026-06-11 14:49:53.375 +00:00 [INF] Executing endpoint 'API.Controllers.PasswordController.GeneratePassword (API)'
2026-06-11 14:49:53.385 +00:00 [INF] Route matched with {action = "GeneratePassword", controller = "Password"}. Executing controller action with signature System.Threading.Tasks.Task`1[Microsoft.AspNetCore.Mvc.IActionResult] GeneratePassword(API.Models.RequestModels.GeneratePwdRequest) on controller API.Controllers.PasswordController (API).
2026-06-11 14:49:53.418 +00:00 [INF] Executing OkObjectResult, writing value of type '<>f__AnonymousType4`1[[System.String, System.Private.CoreLib, Version=9.0.0.0, Culture=neutral, PublicKeyToken=7cec85d7bea7798e]]'.
2026-06-11 14:49:53.427 +00:00 [INF] Executed action API.Controllers.PasswordController.GeneratePassword (API) in 39.2081ms
2026-06-11 14:49:53.427 +00:00 [INF] Executed endpoint 'API.Controllers.PasswordController.GeneratePassword (API)'
2026-06-11 14:49:53.430 +00:00 [INF] Request finished HTTP/1.1 POST http://192.168.1.6:8080/api/password/generate-password - 200 null application/json; charset=utf-8 869.3125ms
2026-06-11 14:52:13.723 +00:00 [INF] Request starting HTTP/1.1 OPTIONS http://192.168.1.6:8080/api/auth/refresh - null null
2026-06-11 14:52:13.725 +00:00 [INF] CORS policy execution successful.
2026-06-11 14:52:13.725 +00:00 [INF] Request finished HTTP/1.1 OPTIONS http://192.168.1.6:8080/api/auth/refresh - 204 null null 2.4648ms
2026-06-11 14:52:13.728 +00:00 [INF] Request starting HTTP/1.1 POST http://192.168.1.6:8080/api/auth/refresh - application/json 18
2026-06-11 14:52:13.729 +00:00 [INF] CORS policy execution successful.
2026-06-11 14:52:13.730 +00:00 [INF] ====== OnMessageReceived START ======
2026-06-11 14:52:13.730 +00:00 [INF] Available cookies: 2
2026-06-11 14:52:13.731 +00:00 [INF] Cookie: adminToken = 844 chars
2026-06-11 14:52:13.731 +00:00 [INF] Cookie: adminRefreshToken = 44 chars
2026-06-11 14:52:13.731 +00:00 [INF] Admin token found in cookies, length: 844
2026-06-11 14:52:13.731 +00:00 [INF] Admin token set in context
2026-06-11 14:52:13.732 +00:00 [INF] ====== OnMessageReceived END - Token set: true ======
2026-06-11 14:52:13.732 +00:00 [INF] Token validated successfully for user: lengyelnorbi
2026-06-11 14:52:13.733 +00:00 [INF] Device fingerprint headers - UA: Mozilla/5.0 (Windows NT 10.0; Win64; x64; rv:151.0) Gecko/20100101 Firefox/151.0, Accept: */*, Encoding: gzip, deflate
2026-06-11 14:52:13.733 +00:00 [INF] Device fingerprint validation: Stored=/a2uf4z8rcBIhIr7KGbd6aahMr80Bhj+9uyLiYNZ66A=, Current=/a2uf4z8rcBIhIr7KGbd6aahMr80Bhj+9uyLiYNZ66A=
2026-06-11 14:52:13.751 +00:00 [INF] Executed DbCommand (2ms) [Parameters=[@__jti_0='?', @__userId_1='?' (DbType = Int32)], CommandType='"Text"', CommandTimeout='30']
SELECT a."ID", a."CreatedAt", a."DeviceFingerprint", a."ExpiresAt", a."IpAddress", a."IsRevoked", a."UserID", a.jti
FROM "AccessTokens" AS a
WHERE a.jti = @__jti_0 AND a."UserID" = @__userId_1 AND NOT (a."IsRevoked") AND a."ExpiresAt" > now()
LIMIT 1
2026-06-11 14:52:13.753 +00:00 [INF] Executing endpoint 'API.Controllers.AuthController.RefreshToken (API)'
2026-06-11 14:52:13.766 +00:00 [INF] Route matched with {action = "RefreshToken", controller = "Auth"}. Executing controller action with signature System.Threading.Tasks.Task`1[Microsoft.AspNetCore.Mvc.IActionResult] RefreshToken(API.Models.RequestModels.RefreshRequest) on controller API.Controllers.AuthController (API).
2026-06-11 14:52:13.770 +00:00 [INF] Token refresh attempt at "2026-06-11T14:52:13.7707813Z"
2026-06-11 14:52:13.771 +00:00 [INF] Refreshing admin token at "2026-06-11T14:52:13.7715649Z"
2026-06-11 14:52:13.791 +00:00 [INF] Executed DbCommand (13ms) [Parameters=[@__tokenHash_0='?'], CommandType='"Text"', CommandTimeout='30']
SELECT r."ID", r."CreatedAt", r."DeviceFingerprint", r."ExpiresAt", r."IpAddress", r."IsRevoked", r."TokenHash", r."UserID"
FROM "RefreshTokens" AS r
WHERE r."TokenHash" = @__tokenHash_0 AND NOT (r."IsRevoked") AND r."ExpiresAt" > now()
ORDER BY r."CreatedAt" DESC
LIMIT 1
2026-06-11 14:52:13.803 +00:00 [INF] Mozilla/5.0 (Windows NT 10.0; Win64; x64; rv:151.0) Gecko/20100101 Firefox/151.0
2026-06-11 14:52:13.809 +00:00 [INF] Fetching user by ID from database...
2026-06-11 14:52:13.819 +00:00 [INF] Executed DbCommand (2ms) [Parameters=[@__id_0='?' (DbType = Int32)], CommandType='"Text"', CommandTimeout='30']
SELECT u."ID", u."Email", u."PasswordHash", u."RegisteredAt", u."Role", u."Username"
FROM "Users" AS u
WHERE u."ID" = @__id_0
LIMIT 1
2026-06-11 14:52:13.909 +00:00 [INF] Executed DbCommand (5ms) [Parameters=[@p0='?' (DbType = DateTime), @p1='?', @p2='?' (DbType = DateTime), @p3='?', @p4='?' (DbType = Int32), @p5='?'], CommandType='"Text"', CommandTimeout='30']
INSERT INTO "AccessTokens" ("CreatedAt", "DeviceFingerprint", "ExpiresAt", "IpAddress", "UserID", jti)
VALUES (@p0, @p1, @p2, @p3, @p4, @p5)
RETURNING "ID", "IsRevoked";
2026-06-11 14:52:13.930 +00:00 [INF] Executed DbCommand (2ms) [Parameters=[@__jti_0='?', @__userID_1='?' (DbType = Int32), @__deviceFingerprint_2='?', @__ipAddress_3='?'], CommandType='"Text"', CommandTimeout='30']
SELECT a."ID", a."CreatedAt", a."DeviceFingerprint", a."ExpiresAt", a."IpAddress", a."IsRevoked", a."UserID", a.jti
FROM "AccessTokens" AS a
WHERE a.jti = @__jti_0 AND a."UserID" = @__userID_1 AND a."DeviceFingerprint" = @__deviceFingerprint_2 AND a."IpAddress" = @__ipAddress_3
LIMIT 1
2026-06-11 14:52:13.930 +00:00 [INF] Attempting to revoke access token with jti efc2d87a-d745-4e0b-ab55-0a029983f8fe for user 1 from device /a2uf4z8rcBIhIr7KGbd6aahMr80Bhj+9uyLiYNZ66A= and IP ::ffff:172.20.0.1
2026-06-11 14:52:13.931 +00:00 [INF] Access token found: API.Models.AccessToken
2026-06-11 14:52:13.939 +00:00 [INF] Executed DbCommand (5ms) [Parameters=[@p1='?' (DbType = Int32), @p0='?' (DbType = Boolean)], CommandType='"Text"', CommandTimeout='30']
UPDATE "AccessTokens" SET "IsRevoked" = @p0
WHERE "ID" = @p1;
2026-06-11 14:52:13.939 +00:00 [INF] Access token AccessToken for user 1 revoked: true
2026-06-11 14:52:13.945 +00:00 [INF] Executed DbCommand (3ms) [Parameters=[@p0='?' (DbType = DateTime), @p1='?', @p2='?' (DbType = DateTime), @p3='?', @p4='?', @p5='?' (DbType = Int32)], CommandType='"Text"', CommandTimeout='30']
INSERT INTO "RefreshTokens" ("CreatedAt", "DeviceFingerprint", "ExpiresAt", "IpAddress", "TokenHash", "UserID")
VALUES (@p0, @p1, @p2, @p3, @p4, @p5)
RETURNING "ID", "IsRevoked";
2026-06-11 14:52:13.952 +00:00 [INF] Executed DbCommand (2ms) [Parameters=[@__tokenHash_0='?', @__userId_1='?' (DbType = Int32), @__deviceFingerprint_2='?', @__ipAddress_3='?'], CommandType='"Text"', CommandTimeout='30']
SELECT r."ID", r."CreatedAt", r."DeviceFingerprint", r."ExpiresAt", r."IpAddress", r."IsRevoked", r."TokenHash", r."UserID"
FROM "RefreshTokens" AS r
WHERE r."TokenHash" = @__tokenHash_0 AND r."UserID" = @__userId_1 AND r."DeviceFingerprint" = @__deviceFingerprint_2 AND r."IpAddress" = @__ipAddress_3
LIMIT 1
2026-06-11 14:52:13.955 +00:00 [INF] Executed DbCommand (2ms) [Parameters=[@p1='?' (DbType = Int32), @p0='?' (DbType = Boolean)], CommandType='"Text"', CommandTimeout='30']
UPDATE "RefreshTokens" SET "IsRevoked" = @p0
WHERE "ID" = @p1;
2026-06-11 14:52:13.956 +00:00 [INF] Refresh token iAOkXdZEMsqgNG3b2uNbvZLRspdnWivEIGsnpqnKkuU= for user 1 revoked: true
2026-06-11 14:52:13.958 +00:00 [INF] Token refreshed successfully for user 1 at "2026-06-11T14:52:13.9586129Z"
2026-06-11 14:52:13.960 +00:00 [INF] Executing OkObjectResult, writing value of type '<>f__AnonymousType3`2[[System.Boolean, System.Private.CoreLib, Version=9.0.0.0, Culture=neutral, PublicKeyToken=7cec85d7bea7798e],[System.Int32, System.Private.CoreLib, Version=9.0.0.0, Culture=neutral, PublicKeyToken=7cec85d7bea7798e]]'.
2026-06-11 14:52:13.964 +00:00 [INF] Executed action API.Controllers.AuthController.RefreshToken (API) in 197.6922ms
2026-06-11 14:52:13.965 +00:00 [INF] Executed endpoint 'API.Controllers.AuthController.RefreshToken (API)'
2026-06-11 14:52:13.965 +00:00 [INF] Request finished HTTP/1.1 POST http://192.168.1.6:8080/api/auth/refresh - 200 null application/json; charset=utf-8 237.188ms
2026-06-11 14:54:35.204 +00:00 [INF] Request starting HTTP/1.1 GET http://192.168.1.6:8080/api/token/access-token?page=1&limit=10 - null null
2026-06-11 14:54:35.205 +00:00 [INF] CORS policy execution successful.
2026-06-11 14:54:35.208 +00:00 [INF] ====== OnMessageReceived START ======
2026-06-11 14:54:35.208 +00:00 [INF] Available cookies: 2
2026-06-11 14:54:35.209 +00:00 [INF] Cookie: adminToken = 844 chars
2026-06-11 14:54:35.209 +00:00 [INF] Cookie: adminRefreshToken = 44 chars
2026-06-11 14:54:35.210 +00:00 [INF] Admin token found in cookies, length: 844
2026-06-11 14:54:35.210 +00:00 [INF] Admin token set in context
2026-06-11 14:54:35.210 +00:00 [INF] ====== OnMessageReceived END - Token set: true ======
2026-06-11 14:54:35.211 +00:00 [INF] Token validated successfully for user: lengyelnorbi
2026-06-11 14:54:35.211 +00:00 [INF] Device fingerprint headers - UA: Mozilla/5.0 (Windows NT 10.0; Win64; x64; rv:151.0) Gecko/20100101 Firefox/151.0, Accept: application/json, text/plain, */*, Encoding: gzip, deflate
2026-06-11 14:54:35.212 +00:00 [INF] Device fingerprint validation: Stored=/a2uf4z8rcBIhIr7KGbd6aahMr80Bhj+9uyLiYNZ66A=, Current=/a2uf4z8rcBIhIr7KGbd6aahMr80Bhj+9uyLiYNZ66A=
2026-06-11 14:54:35.258 +00:00 [INF] Executed DbCommand (3ms) [Parameters=[@__jti_0='?', @__userId_1='?' (DbType = Int32)], CommandType='"Text"', CommandTimeout='30']
SELECT a."ID", a."CreatedAt", a."DeviceFingerprint", a."ExpiresAt", a."IpAddress", a."IsRevoked", a."UserID", a.jti
FROM "AccessTokens" AS a
WHERE a.jti = @__jti_0 AND a."UserID" = @__userId_1 AND NOT (a."IsRevoked") AND a."ExpiresAt" > now()
LIMIT 1
2026-06-11 14:54:35.260 +00:00 [INF] Executing endpoint 'API.Controllers.TokenController.GetAccessTokens (API)'
2026-06-11 14:54:35.265 +00:00 [INF] Route matched with {action = "GetAccessTokens", controller = "Token"}. Executing controller action with signature System.Threading.Tasks.Task`1[API.Utils.PagedResult`1[API.DTO.AccessTokenUserDTO]] GetAccessTokens(Int32, Int32) on controller API.Controllers.TokenController (API).
2026-06-11 14:54:35.270 +00:00 [INF] Received request to fetch access tokens with pagination: page=1, limit=10
2026-06-11 14:54:35.296 +00:00 [INF] Executed DbCommand (6ms) [Parameters=[], CommandType='"Text"', CommandTimeout='30']
SELECT count(*)::int
FROM "AccessTokens" AS a
WHERE a."IsRevoked"
2026-06-11 14:54:35.307 +00:00 [WRN] The query uses a row limiting operator ('Skip'/'Take') without an 'OrderBy' operator. This may lead to unpredictable results. If the 'Distinct' operator is used after 'OrderBy', then make sure to use the 'OrderBy' operator after 'Distinct' as the ordering would otherwise get erased.
2026-06-11 14:54:35.308 +00:00 [WRN] The query uses a row limiting operator ('Skip'/'Take') without an 'OrderBy' operator. This may lead to unpredictable results. If the 'Distinct' operator is used after 'OrderBy', then make sure to use the 'OrderBy' operator after 'Distinct' as the ordering would otherwise get erased.
2026-06-11 14:54:35.340 +00:00 [INF] Executed DbCommand (3ms) [Parameters=[@__p_1='?' (DbType = Int32), @__p_0='?' (DbType = Int32)], CommandType='"Text"', CommandTimeout='30']
SELECT a0."ID", a0.jti, a0."DeviceFingerprint", a0."IpAddress", a0."CreatedAt", a0."IsRevoked", a0."ExpiresAt", u."ID" AS "UserID", u."Username", u."Email", u."Role"
FROM (
    SELECT a."ID", a."CreatedAt", a."DeviceFingerprint", a."ExpiresAt", a."IpAddress", a."IsRevoked", a."UserID", a.jti
    FROM "AccessTokens" AS a
    WHERE a."IsRevoked"
    LIMIT @__p_1 OFFSET @__p_0
) AS a0
INNER JOIN "Users" AS u ON a0."UserID" = u."ID"
2026-06-11 14:54:35.343 +00:00 [INF] Executing ObjectResult, writing value of type 'API.Utils.PagedResult`1[[API.DTO.AccessTokenUserDTO, API, Version=1.0.0.0, Culture=neutral, PublicKeyToken=null]]'.
2026-06-11 14:54:35.354 +00:00 [INF] Executed action API.Controllers.TokenController.GetAccessTokens (API) in 89.1421ms
2026-06-11 14:54:35.355 +00:00 [INF] Executed endpoint 'API.Controllers.TokenController.GetAccessTokens (API)'
2026-06-11 14:54:35.356 +00:00 [INF] Request finished HTTP/1.1 GET http://192.168.1.6:8080/api/token/access-token?page=1&limit=10 - 200 null application/json; charset=utf-8 151.6436ms
2026-06-11 14:54:36.520 +00:00 [INF] Request starting HTTP/1.1 GET http://192.168.1.6:8080/api/user?page=1&limit=10 - null null
2026-06-11 14:54:36.521 +00:00 [INF] CORS policy execution successful.
2026-06-11 14:54:36.521 +00:00 [INF] ====== OnMessageReceived START ======
2026-06-11 14:54:36.521 +00:00 [INF] Available cookies: 2
2026-06-11 14:54:36.522 +00:00 [INF] Cookie: adminToken = 844 chars
2026-06-11 14:54:36.522 +00:00 [INF] Cookie: adminRefreshToken = 44 chars
2026-06-11 14:54:36.522 +00:00 [INF] Admin token found in cookies, length: 844
2026-06-11 14:54:36.523 +00:00 [INF] Admin token set in context
2026-06-11 14:54:36.523 +00:00 [INF] ====== OnMessageReceived END - Token set: true ======
2026-06-11 14:54:36.523 +00:00 [INF] Request starting HTTP/1.1 GET http://192.168.1.6:8080/api/user - null null
2026-06-11 14:54:36.523 +00:00 [INF] Token validated successfully for user: lengyelnorbi
2026-06-11 14:54:36.524 +00:00 [INF] CORS policy execution successful.
2026-06-11 14:54:36.524 +00:00 [INF] Device fingerprint headers - UA: Mozilla/5.0 (Windows NT 10.0; Win64; x64; rv:151.0) Gecko/20100101 Firefox/151.0, Accept: application/json, text/plain, */*, Encoding: gzip, deflate
2026-06-11 14:54:36.524 +00:00 [INF] ====== OnMessageReceived START ======
2026-06-11 14:54:36.524 +00:00 [INF] Device fingerprint validation: Stored=/a2uf4z8rcBIhIr7KGbd6aahMr80Bhj+9uyLiYNZ66A=, Current=/a2uf4z8rcBIhIr7KGbd6aahMr80Bhj+9uyLiYNZ66A=
2026-06-11 14:54:36.525 +00:00 [INF] Available cookies: 2
2026-06-11 14:54:36.525 +00:00 [INF] Cookie: adminToken = 844 chars
2026-06-11 14:54:36.525 +00:00 [INF] Cookie: adminRefreshToken = 44 chars
2026-06-11 14:54:36.525 +00:00 [INF] Admin token found in cookies, length: 844
2026-06-11 14:54:36.526 +00:00 [INF] Admin token set in context
2026-06-11 14:54:36.526 +00:00 [INF] ====== OnMessageReceived END - Token set: true ======
2026-06-11 14:54:36.526 +00:00 [INF] Token validated successfully for user: lengyelnorbi
2026-06-11 14:54:36.526 +00:00 [INF] Device fingerprint headers - UA: Mozilla/5.0 (Windows NT 10.0; Win64; x64; rv:151.0) Gecko/20100101 Firefox/151.0, Accept: application/json, text/plain, */*, Encoding: gzip, deflate
2026-06-11 14:54:36.527 +00:00 [INF] Device fingerprint validation: Stored=/a2uf4z8rcBIhIr7KGbd6aahMr80Bhj+9uyLiYNZ66A=, Current=/a2uf4z8rcBIhIr7KGbd6aahMr80Bhj+9uyLiYNZ66A=
2026-06-11 14:54:36.528 +00:00 [INF] Executed DbCommand (2ms) [Parameters=[@__jti_0='?', @__userId_1='?' (DbType = Int32)], CommandType='"Text"', CommandTimeout='30']
SELECT a."ID", a."CreatedAt", a."DeviceFingerprint", a."ExpiresAt", a."IpAddress", a."IsRevoked", a."UserID", a.jti
FROM "AccessTokens" AS a
WHERE a.jti = @__jti_0 AND a."UserID" = @__userId_1 AND NOT (a."IsRevoked") AND a."ExpiresAt" > now()
LIMIT 1
2026-06-11 14:54:36.530 +00:00 [INF] Executing endpoint 'API.Controllers.UserController.Get (API)'
2026-06-11 14:54:36.535 +00:00 [INF] Route matched with {action = "Get", controller = "User"}. Executing controller action with signature System.Threading.Tasks.Task`1[System.Collections.Generic.IEnumerable`1[API.DTO.UserDTO]] Get() on controller API.Controllers.UserController (API).
2026-06-11 14:54:36.537 +00:00 [INF] Fetching user data from database...
2026-06-11 14:54:36.545 +00:00 [INF] Executed DbCommand (2ms) [Parameters=[], CommandType='"Text"', CommandTimeout='30']
SELECT u."ID", u."Email", u."PasswordHash", u."RegisteredAt", u."Role", u."Username"
FROM "Users" AS u
2026-06-11 14:54:36.547 +00:00 [INF] Executing ObjectResult, writing value of type 'System.Collections.Generic.List`1[[API.DTO.UserDTO, API, Version=1.0.0.0, Culture=neutral, PublicKeyToken=null]]'.
2026-06-11 14:54:36.551 +00:00 [INF] Executed DbCommand (4ms) [Parameters=[@__jti_0='?', @__userId_1='?' (DbType = Int32)], CommandType='"Text"', CommandTimeout='30']
SELECT a."ID", a."CreatedAt", a."DeviceFingerprint", a."ExpiresAt", a."IpAddress", a."IsRevoked", a."UserID", a.jti
FROM "AccessTokens" AS a
WHERE a.jti = @__jti_0 AND a."UserID" = @__userId_1 AND NOT (a."IsRevoked") AND a."ExpiresAt" > now()
LIMIT 1
2026-06-11 14:54:36.552 +00:00 [INF] Executing endpoint 'API.Controllers.UserController.Get (API)'
2026-06-11 14:54:36.552 +00:00 [INF] Route matched with {action = "Get", controller = "User"}. Executing controller action with signature System.Threading.Tasks.Task`1[System.Collections.Generic.IEnumerable`1[API.DTO.UserDTO]] Get() on controller API.Controllers.UserController (API).
2026-06-11 14:54:36.553 +00:00 [INF] Fetching user data from database...
2026-06-11 14:54:36.555 +00:00 [INF] Executed DbCommand (1ms) [Parameters=[], CommandType='"Text"', CommandTimeout='30']
SELECT u."ID", u."Email", u."PasswordHash", u."RegisteredAt", u."Role", u."Username"
FROM "Users" AS u
2026-06-11 14:54:36.555 +00:00 [INF] Executing ObjectResult, writing value of type 'System.Collections.Generic.List`1[[API.DTO.UserDTO, API, Version=1.0.0.0, Culture=neutral, PublicKeyToken=null]]'.
2026-06-11 14:54:36.556 +00:00 [INF] Executed action API.Controllers.UserController.Get (API) in 20.0961ms
2026-06-11 14:54:36.556 +00:00 [INF] Executed endpoint 'API.Controllers.UserController.Get (API)'
2026-06-11 14:54:36.556 +00:00 [INF] Request finished HTTP/1.1 GET http://192.168.1.6:8080/api/user?page=1&limit=10 - 200 null application/json; charset=utf-8 36.1566ms
2026-06-11 14:54:36.556 +00:00 [INF] Executed action API.Controllers.UserController.Get (API) in 3.351ms
2026-06-11 14:54:36.557 +00:00 [INF] Executed endpoint 'API.Controllers.UserController.Get (API)'
2026-06-11 14:54:36.558 +00:00 [INF] Request finished HTTP/1.1 GET http://192.168.1.6:8080/api/user - 200 null application/json; charset=utf-8 34.4971ms
2026-06-11 14:54:42.065 +00:00 [INF] Request starting HTTP/1.1 OPTIONS http://192.168.1.6:8080/api/password/generate-password - null null
2026-06-11 14:54:42.066 +00:00 [INF] CORS policy execution successful.
2026-06-11 14:54:42.066 +00:00 [INF] Request finished HTTP/1.1 OPTIONS http://192.168.1.6:8080/api/password/generate-password - 204 null null 0.9506ms
2026-06-11 14:54:42.069 +00:00 [INF] Request starting HTTP/1.1 POST http://192.168.1.6:8080/api/password/generate-password - application/json 43
2026-06-11 14:54:42.069 +00:00 [INF] CORS policy execution successful.
2026-06-11 14:54:42.069 +00:00 [INF] ====== OnMessageReceived START ======
2026-06-11 14:54:42.070 +00:00 [INF] Available cookies: 2
2026-06-11 14:54:42.070 +00:00 [INF] Cookie: adminToken = 844 chars
2026-06-11 14:54:42.070 +00:00 [INF] Cookie: adminRefreshToken = 44 chars
2026-06-11 14:54:42.070 +00:00 [INF] Admin token found in cookies, length: 844
2026-06-11 14:54:42.071 +00:00 [INF] Admin token set in context
2026-06-11 14:54:42.071 +00:00 [INF] ====== OnMessageReceived END - Token set: true ======
2026-06-11 14:54:42.071 +00:00 [INF] Token validated successfully for user: lengyelnorbi
2026-06-11 14:54:42.071 +00:00 [INF] Device fingerprint headers - UA: Mozilla/5.0 (Windows NT 10.0; Win64; x64; rv:151.0) Gecko/20100101 Firefox/151.0, Accept: */*, Encoding: gzip, deflate
2026-06-11 14:54:42.072 +00:00 [INF] Device fingerprint validation: Stored=/a2uf4z8rcBIhIr7KGbd6aahMr80Bhj+9uyLiYNZ66A=, Current=/a2uf4z8rcBIhIr7KGbd6aahMr80Bhj+9uyLiYNZ66A=
2026-06-11 14:54:42.074 +00:00 [INF] Executed DbCommand (2ms) [Parameters=[@__jti_0='?', @__userId_1='?' (DbType = Int32)], CommandType='"Text"', CommandTimeout='30']
SELECT a."ID", a."CreatedAt", a."DeviceFingerprint", a."ExpiresAt", a."IpAddress", a."IsRevoked", a."UserID", a.jti
FROM "AccessTokens" AS a
WHERE a.jti = @__jti_0 AND a."UserID" = @__userId_1 AND NOT (a."IsRevoked") AND a."ExpiresAt" > now()
LIMIT 1
2026-06-11 14:54:42.077 +00:00 [INF] Executing endpoint 'API.Controllers.PasswordController.GeneratePassword (API)'
2026-06-11 14:54:42.077 +00:00 [INF] Route matched with {action = "GeneratePassword", controller = "Password"}. Executing controller action with signature System.Threading.Tasks.Task`1[Microsoft.AspNetCore.Mvc.IActionResult] GeneratePassword(API.Models.RequestModels.GeneratePwdRequest) on controller API.Controllers.PasswordController (API).
2026-06-11 14:54:42.078 +00:00 [INF] Executing OkObjectResult, writing value of type '<>f__AnonymousType4`1[[System.String, System.Private.CoreLib, Version=9.0.0.0, Culture=neutral, PublicKeyToken=7cec85d7bea7798e]]'.
2026-06-11 14:54:42.079 +00:00 [INF] Executed action API.Controllers.PasswordController.GeneratePassword (API) in 1.2806ms
2026-06-11 14:54:42.079 +00:00 [INF] Executed endpoint 'API.Controllers.PasswordController.GeneratePassword (API)'
2026-06-11 14:54:42.079 +00:00 [INF] Request finished HTTP/1.1 POST http://192.168.1.6:8080/api/password/generate-password - 200 null application/json; charset=utf-8 10.5611ms
2026-06-11 14:56:42.427 +00:00 [INF] Request starting HTTP/1.1 OPTIONS http://192.168.1.6:8080/api/password/generate-password - null null
2026-06-11 14:56:42.427 +00:00 [INF] CORS policy execution successful.
2026-06-11 14:56:42.428 +00:00 [INF] Request finished HTTP/1.1 OPTIONS http://192.168.1.6:8080/api/password/generate-password - 204 null null 1.0042ms
2026-06-11 14:56:42.431 +00:00 [INF] Request starting HTTP/1.1 POST http://192.168.1.6:8080/api/password/generate-password - application/json 43
2026-06-11 14:56:42.432 +00:00 [INF] CORS policy execution successful.
2026-06-11 14:56:42.432 +00:00 [INF] ====== OnMessageReceived START ======
2026-06-11 14:56:42.432 +00:00 [INF] Available cookies: 2
2026-06-11 14:56:42.433 +00:00 [INF] Cookie: adminToken = 844 chars
2026-06-11 14:56:42.433 +00:00 [INF] Cookie: adminRefreshToken = 44 chars
2026-06-11 14:56:42.433 +00:00 [INF] Admin token found in cookies, length: 844
2026-06-11 14:56:42.433 +00:00 [INF] Admin token set in context
2026-06-11 14:56:42.433 +00:00 [INF] ====== OnMessageReceived END - Token set: true ======
2026-06-11 14:56:42.434 +00:00 [INF] Token validated successfully for user: lengyelnorbi
2026-06-11 14:56:42.434 +00:00 [INF] Device fingerprint headers - UA: Mozilla/5.0 (Windows NT 10.0; Win64; x64; rv:151.0) Gecko/20100101 Firefox/151.0, Accept: */*, Encoding: gzip, deflate
2026-06-11 14:56:42.434 +00:00 [INF] Device fingerprint validation: Stored=/a2uf4z8rcBIhIr7KGbd6aahMr80Bhj+9uyLiYNZ66A=, Current=/a2uf4z8rcBIhIr7KGbd6aahMr80Bhj+9uyLiYNZ66A=
2026-06-11 14:56:42.436 +00:00 [INF] Executed DbCommand (1ms) [Parameters=[@__jti_0='?', @__userId_1='?' (DbType = Int32)], CommandType='"Text"', CommandTimeout='30']
SELECT a."ID", a."CreatedAt", a."DeviceFingerprint", a."ExpiresAt", a."IpAddress", a."IsRevoked", a."UserID", a.jti
FROM "AccessTokens" AS a
WHERE a.jti = @__jti_0 AND a."UserID" = @__userId_1 AND NOT (a."IsRevoked") AND a."ExpiresAt" > now()
LIMIT 1
2026-06-11 14:56:42.437 +00:00 [INF] Executing endpoint 'API.Controllers.PasswordController.GeneratePassword (API)'
2026-06-11 14:56:42.437 +00:00 [INF] Route matched with {action = "GeneratePassword", controller = "Password"}. Executing controller action with signature System.Threading.Tasks.Task`1[Microsoft.AspNetCore.Mvc.IActionResult] GeneratePassword(API.Models.RequestModels.GeneratePwdRequest) on controller API.Controllers.PasswordController (API).
2026-06-11 14:56:42.438 +00:00 [INF] Executing OkObjectResult, writing value of type '<>f__AnonymousType4`1[[System.String, System.Private.CoreLib, Version=9.0.0.0, Culture=neutral, PublicKeyToken=7cec85d7bea7798e]]'.
2026-06-11 14:56:42.438 +00:00 [INF] Executed action API.Controllers.PasswordController.GeneratePassword (API) in 0.6257ms
2026-06-11 14:56:42.438 +00:00 [INF] Executed endpoint 'API.Controllers.PasswordController.GeneratePassword (API)'
2026-06-11 14:56:42.438 +00:00 [INF] Request finished HTTP/1.1 POST http://192.168.1.6:8080/api/password/generate-password - 200 null application/json; charset=utf-8 6.9951ms
2026-06-11 14:56:43.976 +00:00 [INF] Request starting HTTP/1.1 OPTIONS http://192.168.1.6:8080/api/auth/refresh - null null
2026-06-11 14:56:43.977 +00:00 [INF] CORS policy execution successful.
2026-06-11 14:56:43.977 +00:00 [INF] Request finished HTTP/1.1 OPTIONS http://192.168.1.6:8080/api/auth/refresh - 204 null null 0.7956ms
2026-06-11 14:56:43.979 +00:00 [INF] Request starting HTTP/1.1 POST http://192.168.1.6:8080/api/auth/refresh - application/json 18
2026-06-11 14:56:43.979 +00:00 [INF] CORS policy execution successful.
2026-06-11 14:56:43.980 +00:00 [INF] ====== OnMessageReceived START ======
2026-06-11 14:56:43.980 +00:00 [INF] Available cookies: 2
2026-06-11 14:56:43.980 +00:00 [INF] Cookie: adminToken = 844 chars
2026-06-11 14:56:43.980 +00:00 [INF] Cookie: adminRefreshToken = 44 chars
2026-06-11 14:56:43.980 +00:00 [INF] Admin token found in cookies, length: 844
2026-06-11 14:56:43.981 +00:00 [INF] Admin token set in context
2026-06-11 14:56:43.981 +00:00 [INF] ====== OnMessageReceived END - Token set: true ======
2026-06-11 14:56:43.981 +00:00 [INF] Token validated successfully for user: lengyelnorbi
2026-06-11 14:56:43.981 +00:00 [INF] Device fingerprint headers - UA: Mozilla/5.0 (Windows NT 10.0; Win64; x64; rv:151.0) Gecko/20100101 Firefox/151.0, Accept: */*, Encoding: gzip, deflate
2026-06-11 14:56:43.982 +00:00 [INF] Device fingerprint validation: Stored=/a2uf4z8rcBIhIr7KGbd6aahMr80Bhj+9uyLiYNZ66A=, Current=/a2uf4z8rcBIhIr7KGbd6aahMr80Bhj+9uyLiYNZ66A=
2026-06-11 14:56:43.984 +00:00 [INF] Executed DbCommand (1ms) [Parameters=[@__jti_0='?', @__userId_1='?' (DbType = Int32)], CommandType='"Text"', CommandTimeout='30']
SELECT a."ID", a."CreatedAt", a."DeviceFingerprint", a."ExpiresAt", a."IpAddress", a."IsRevoked", a."UserID", a.jti
FROM "AccessTokens" AS a
WHERE a.jti = @__jti_0 AND a."UserID" = @__userId_1 AND NOT (a."IsRevoked") AND a."ExpiresAt" > now()
LIMIT 1
2026-06-11 14:56:43.985 +00:00 [INF] Executing endpoint 'API.Controllers.AuthController.RefreshToken (API)'
2026-06-11 14:56:43.985 +00:00 [INF] Route matched with {action = "RefreshToken", controller = "Auth"}. Executing controller action with signature System.Threading.Tasks.Task`1[Microsoft.AspNetCore.Mvc.IActionResult] RefreshToken(API.Models.RequestModels.RefreshRequest) on controller API.Controllers.AuthController (API).
2026-06-11 14:56:43.985 +00:00 [INF] Token refresh attempt at "2026-06-11T14:56:43.9857303Z"
2026-06-11 14:56:43.985 +00:00 [INF] Refreshing admin token at "2026-06-11T14:56:43.9858964Z"
2026-06-11 14:56:43.988 +00:00 [INF] Executed DbCommand (2ms) [Parameters=[@__tokenHash_0='?'], CommandType='"Text"', CommandTimeout='30']
SELECT r."ID", r."CreatedAt", r."DeviceFingerprint", r."ExpiresAt", r."IpAddress", r."IsRevoked", r."TokenHash", r."UserID"
FROM "RefreshTokens" AS r
WHERE r."TokenHash" = @__tokenHash_0 AND NOT (r."IsRevoked") AND r."ExpiresAt" > now()
ORDER BY r."CreatedAt" DESC
LIMIT 1
2026-06-11 14:56:43.988 +00:00 [INF] Mozilla/5.0 (Windows NT 10.0; Win64; x64; rv:151.0) Gecko/20100101 Firefox/151.0
2026-06-11 14:56:43.989 +00:00 [INF] Fetching user by ID from database...
2026-06-11 14:56:43.990 +00:00 [INF] Executed DbCommand (1ms) [Parameters=[@__id_0='?' (DbType = Int32)], CommandType='"Text"', CommandTimeout='30']
SELECT u."ID", u."Email", u."PasswordHash", u."RegisteredAt", u."Role", u."Username"
FROM "Users" AS u
WHERE u."ID" = @__id_0
LIMIT 1
2026-06-11 14:56:43.994 +00:00 [INF] Executed DbCommand (3ms) [Parameters=[@p0='?' (DbType = DateTime), @p1='?', @p2='?' (DbType = DateTime), @p3='?', @p4='?' (DbType = Int32), @p5='?'], CommandType='"Text"', CommandTimeout='30']
INSERT INTO "AccessTokens" ("CreatedAt", "DeviceFingerprint", "ExpiresAt", "IpAddress", "UserID", jti)
VALUES (@p0, @p1, @p2, @p3, @p4, @p5)
RETURNING "ID", "IsRevoked";
2026-06-11 14:56:43.996 +00:00 [INF] Executed DbCommand (1ms) [Parameters=[@__jti_0='?', @__userID_1='?' (DbType = Int32), @__deviceFingerprint_2='?', @__ipAddress_3='?'], CommandType='"Text"', CommandTimeout='30']
SELECT a."ID", a."CreatedAt", a."DeviceFingerprint", a."ExpiresAt", a."IpAddress", a."IsRevoked", a."UserID", a.jti
FROM "AccessTokens" AS a
WHERE a.jti = @__jti_0 AND a."UserID" = @__userID_1 AND a."DeviceFingerprint" = @__deviceFingerprint_2 AND a."IpAddress" = @__ipAddress_3
LIMIT 1
2026-06-11 14:56:43.997 +00:00 [INF] Attempting to revoke access token with jti a51b0471-cdfe-43c9-90a3-7a011802bcfd for user 1 from device /a2uf4z8rcBIhIr7KGbd6aahMr80Bhj+9uyLiYNZ66A= and IP ::ffff:172.20.0.1
2026-06-11 14:56:43.997 +00:00 [INF] Access token found: API.Models.AccessToken
2026-06-11 14:56:43.999 +00:00 [INF] Executed DbCommand (2ms) [Parameters=[@p1='?' (DbType = Int32), @p0='?' (DbType = Boolean)], CommandType='"Text"', CommandTimeout='30']
UPDATE "AccessTokens" SET "IsRevoked" = @p0
WHERE "ID" = @p1;
2026-06-11 14:56:43.999 +00:00 [INF] Access token AccessToken for user 1 revoked: true
2026-06-11 14:56:44.003 +00:00 [INF] Executed DbCommand (3ms) [Parameters=[@p0='?' (DbType = DateTime), @p1='?', @p2='?' (DbType = DateTime), @p3='?', @p4='?', @p5='?' (DbType = Int32)], CommandType='"Text"', CommandTimeout='30']
INSERT INTO "RefreshTokens" ("CreatedAt", "DeviceFingerprint", "ExpiresAt", "IpAddress", "TokenHash", "UserID")
VALUES (@p0, @p1, @p2, @p3, @p4, @p5)
RETURNING "ID", "IsRevoked";
2026-06-11 14:56:44.004 +00:00 [INF] Executed DbCommand (1ms) [Parameters=[@__tokenHash_0='?', @__userId_1='?' (DbType = Int32), @__deviceFingerprint_2='?', @__ipAddress_3='?'], CommandType='"Text"', CommandTimeout='30']
SELECT r."ID", r."CreatedAt", r."DeviceFingerprint", r."ExpiresAt", r."IpAddress", r."IsRevoked", r."TokenHash", r."UserID"
FROM "RefreshTokens" AS r
WHERE r."TokenHash" = @__tokenHash_0 AND r."UserID" = @__userId_1 AND r."DeviceFingerprint" = @__deviceFingerprint_2 AND r."IpAddress" = @__ipAddress_3
LIMIT 1
2026-06-11 14:56:44.007 +00:00 [INF] Executed DbCommand (2ms) [Parameters=[@p1='?' (DbType = Int32), @p0='?' (DbType = Boolean)], CommandType='"Text"', CommandTimeout='30']
UPDATE "RefreshTokens" SET "IsRevoked" = @p0
WHERE "ID" = @p1;
2026-06-11 14:56:44.007 +00:00 [INF] Refresh token jKwDHV7K5mRyUByZKHo2zETBYZ8pUDmzJ1JDfJIaBiY= for user 1 revoked: true
2026-06-11 14:56:44.008 +00:00 [INF] Token refreshed successfully for user 1 at "2026-06-11T14:56:44.0081339Z"
2026-06-11 14:56:44.008 +00:00 [INF] Executing OkObjectResult, writing value of type '<>f__AnonymousType3`2[[System.Boolean, System.Private.CoreLib, Version=9.0.0.0, Culture=neutral, PublicKeyToken=7cec85d7bea7798e],[System.Int32, System.Private.CoreLib, Version=9.0.0.0, Culture=neutral, PublicKeyToken=7cec85d7bea7798e]]'.
2026-06-11 14:56:44.008 +00:00 [INF] Executed action API.Controllers.AuthController.RefreshToken (API) in 23.1873ms
2026-06-11 14:56:44.008 +00:00 [INF] Executed endpoint 'API.Controllers.AuthController.RefreshToken (API)'
2026-06-11 14:56:44.009 +00:00 [INF] Request finished HTTP/1.1 POST http://192.168.1.6:8080/api/auth/refresh - 200 null application/json; charset=utf-8 29.5135ms
2026-06-11 15:01:14.426 +00:00 [INF] Request starting HTTP/1.1 OPTIONS http://192.168.1.6:8080/api/auth/refresh - null null
2026-06-11 15:01:14.430 +00:00 [INF] CORS policy execution successful.
2026-06-11 15:01:14.431 +00:00 [INF] Request finished HTTP/1.1 OPTIONS http://192.168.1.6:8080/api/auth/refresh - 204 null null 5.7535ms
2026-06-11 15:01:14.436 +00:00 [INF] Request starting HTTP/1.1 POST http://192.168.1.6:8080/api/auth/refresh - application/json 18
2026-06-11 15:01:14.436 +00:00 [INF] CORS policy execution successful.
2026-06-11 15:01:14.438 +00:00 [INF] ====== OnMessageReceived START ======
2026-06-11 15:01:14.439 +00:00 [INF] Available cookies: 2
2026-06-11 15:01:14.439 +00:00 [INF] Cookie: adminToken = 844 chars
2026-06-11 15:01:14.439 +00:00 [INF] Cookie: adminRefreshToken = 44 chars
2026-06-11 15:01:14.440 +00:00 [INF] Admin token found in cookies, length: 844
2026-06-11 15:01:14.440 +00:00 [INF] Admin token set in context
2026-06-11 15:01:14.440 +00:00 [INF] ====== OnMessageReceived END - Token set: true ======
2026-06-11 15:01:14.444 +00:00 [INF] Token validated successfully for user: lengyelnorbi
2026-06-11 15:01:14.444 +00:00 [INF] Device fingerprint headers - UA: Mozilla/5.0 (Windows NT 10.0; Win64; x64; rv:151.0) Gecko/20100101 Firefox/151.0, Accept: */*, Encoding: gzip, deflate
2026-06-11 15:01:14.445 +00:00 [INF] Device fingerprint validation: Stored=/a2uf4z8rcBIhIr7KGbd6aahMr80Bhj+9uyLiYNZ66A=, Current=/a2uf4z8rcBIhIr7KGbd6aahMr80Bhj+9uyLiYNZ66A=
2026-06-11 15:01:14.482 +00:00 [INF] Executed DbCommand (8ms) [Parameters=[@__jti_0='?', @__userId_1='?' (DbType = Int32)], CommandType='"Text"', CommandTimeout='30']
SELECT a."ID", a."CreatedAt", a."DeviceFingerprint", a."ExpiresAt", a."IpAddress", a."IsRevoked", a."UserID", a.jti
FROM "AccessTokens" AS a
WHERE a.jti = @__jti_0 AND a."UserID" = @__userId_1 AND NOT (a."IsRevoked") AND a."ExpiresAt" > now()
LIMIT 1
2026-06-11 15:01:14.485 +00:00 [INF] Executing endpoint 'API.Controllers.AuthController.RefreshToken (API)'
2026-06-11 15:01:14.486 +00:00 [INF] Route matched with {action = "RefreshToken", controller = "Auth"}. Executing controller action with signature System.Threading.Tasks.Task`1[Microsoft.AspNetCore.Mvc.IActionResult] RefreshToken(API.Models.RequestModels.RefreshRequest) on controller API.Controllers.AuthController (API).
2026-06-11 15:01:14.489 +00:00 [INF] Token refresh attempt at "2026-06-11T15:01:14.4895645Z"
2026-06-11 15:01:14.489 +00:00 [INF] Refreshing admin token at "2026-06-11T15:01:14.4898862Z"
2026-06-11 15:01:14.494 +00:00 [INF] Executed DbCommand (3ms) [Parameters=[@__tokenHash_0='?'], CommandType='"Text"', CommandTimeout='30']
SELECT r."ID", r."CreatedAt", r."DeviceFingerprint", r."ExpiresAt", r."IpAddress", r."IsRevoked", r."TokenHash", r."UserID"
FROM "RefreshTokens" AS r
WHERE r."TokenHash" = @__tokenHash_0 AND NOT (r."IsRevoked") AND r."ExpiresAt" > now()
ORDER BY r."CreatedAt" DESC
LIMIT 1
2026-06-11 15:01:14.495 +00:00 [INF] Mozilla/5.0 (Windows NT 10.0; Win64; x64; rv:151.0) Gecko/20100101 Firefox/151.0
2026-06-11 15:01:14.495 +00:00 [INF] Fetching user by ID from database...
2026-06-11 15:01:14.498 +00:00 [INF] Executed DbCommand (2ms) [Parameters=[@__id_0='?' (DbType = Int32)], CommandType='"Text"', CommandTimeout='30']
SELECT u."ID", u."Email", u."PasswordHash", u."RegisteredAt", u."Role", u."Username"
FROM "Users" AS u
WHERE u."ID" = @__id_0
LIMIT 1
2026-06-11 15:01:14.508 +00:00 [INF] Executed DbCommand (4ms) [Parameters=[@p0='?' (DbType = DateTime), @p1='?', @p2='?' (DbType = DateTime), @p3='?', @p4='?' (DbType = Int32), @p5='?'], CommandType='"Text"', CommandTimeout='30']
INSERT INTO "AccessTokens" ("CreatedAt", "DeviceFingerprint", "ExpiresAt", "IpAddress", "UserID", jti)
VALUES (@p0, @p1, @p2, @p3, @p4, @p5)
RETURNING "ID", "IsRevoked";
2026-06-11 15:01:14.512 +00:00 [INF] Executed DbCommand (1ms) [Parameters=[@__jti_0='?', @__userID_1='?' (DbType = Int32), @__deviceFingerprint_2='?', @__ipAddress_3='?'], CommandType='"Text"', CommandTimeout='30']
SELECT a."ID", a."CreatedAt", a."DeviceFingerprint", a."ExpiresAt", a."IpAddress", a."IsRevoked", a."UserID", a.jti
FROM "AccessTokens" AS a
WHERE a.jti = @__jti_0 AND a."UserID" = @__userID_1 AND a."DeviceFingerprint" = @__deviceFingerprint_2 AND a."IpAddress" = @__ipAddress_3
LIMIT 1
2026-06-11 15:01:14.512 +00:00 [INF] Attempting to revoke access token with jti 508d6781-fc8c-4ecb-97ce-aaf2aa678c6c for user 1 from device /a2uf4z8rcBIhIr7KGbd6aahMr80Bhj+9uyLiYNZ66A= and IP ::ffff:172.20.0.1
2026-06-11 15:01:14.512 +00:00 [INF] Access token found: API.Models.AccessToken
2026-06-11 15:01:14.516 +00:00 [INF] Executed DbCommand (3ms) [Parameters=[@p1='?' (DbType = Int32), @p0='?' (DbType = Boolean)], CommandType='"Text"', CommandTimeout='30']
UPDATE "AccessTokens" SET "IsRevoked" = @p0
WHERE "ID" = @p1;
2026-06-11 15:01:14.517 +00:00 [INF] Access token AccessToken for user 1 revoked: true
2026-06-11 15:01:14.520 +00:00 [INF] Executed DbCommand (2ms) [Parameters=[@p0='?' (DbType = DateTime), @p1='?', @p2='?' (DbType = DateTime), @p3='?', @p4='?', @p5='?' (DbType = Int32)], CommandType='"Text"', CommandTimeout='30']
INSERT INTO "RefreshTokens" ("CreatedAt", "DeviceFingerprint", "ExpiresAt", "IpAddress", "TokenHash", "UserID")
VALUES (@p0, @p1, @p2, @p3, @p4, @p5)
RETURNING "ID", "IsRevoked";
2026-06-11 15:01:14.523 +00:00 [INF] Executed DbCommand (2ms) [Parameters=[@__tokenHash_0='?', @__userId_1='?' (DbType = Int32), @__deviceFingerprint_2='?', @__ipAddress_3='?'], CommandType='"Text"', CommandTimeout='30']
SELECT r."ID", r."CreatedAt", r."DeviceFingerprint", r."ExpiresAt", r."IpAddress", r."IsRevoked", r."TokenHash", r."UserID"
FROM "RefreshTokens" AS r
WHERE r."TokenHash" = @__tokenHash_0 AND r."UserID" = @__userId_1 AND r."DeviceFingerprint" = @__deviceFingerprint_2 AND r."IpAddress" = @__ipAddress_3
LIMIT 1
2026-06-11 15:01:14.527 +00:00 [INF] Executed DbCommand (2ms) [Parameters=[@p1='?' (DbType = Int32), @p0='?' (DbType = Boolean)], CommandType='"Text"', CommandTimeout='30']
UPDATE "RefreshTokens" SET "IsRevoked" = @p0
WHERE "ID" = @p1;
2026-06-11 15:01:14.527 +00:00 [INF] Refresh token qJeW70AdHwYe3ZplH7UjVkL4CSr7nofK4kiG0Gm93g8= for user 1 revoked: true
2026-06-11 15:01:14.528 +00:00 [INF] Token refreshed successfully for user 1 at "2026-06-11T15:01:14.5286561Z"
2026-06-11 15:01:14.529 +00:00 [INF] Executing OkObjectResult, writing value of type '<>f__AnonymousType3`2[[System.Boolean, System.Private.CoreLib, Version=9.0.0.0, Culture=neutral, PublicKeyToken=7cec85d7bea7798e],[System.Int32, System.Private.CoreLib, Version=9.0.0.0, Culture=neutral, PublicKeyToken=7cec85d7bea7798e]]'.
2026-06-11 15:01:14.530 +00:00 [INF] Executed action API.Controllers.AuthController.RefreshToken (API) in 43.5539ms
2026-06-11 15:01:14.531 +00:00 [INF] Executed endpoint 'API.Controllers.AuthController.RefreshToken (API)'
2026-06-11 15:01:14.531 +00:00 [INF] Request finished HTTP/1.1 POST http://192.168.1.6:8080/api/auth/refresh - 200 null application/json; charset=utf-8 95.6994ms
2026-06-11 15:05:45.854 +00:00 [INF] Request starting HTTP/1.1 OPTIONS http://192.168.1.6:8080/api/auth/refresh - null null
2026-06-11 15:05:45.859 +00:00 [INF] CORS policy execution successful.
2026-06-11 15:05:45.861 +00:00 [INF] Request finished HTTP/1.1 OPTIONS http://192.168.1.6:8080/api/auth/refresh - 204 null null 6.5954ms
2026-06-11 15:05:45.865 +00:00 [INF] Request starting HTTP/1.1 POST http://192.168.1.6:8080/api/auth/refresh - application/json 18
2026-06-11 15:05:45.866 +00:00 [INF] CORS policy execution successful.
2026-06-11 15:05:45.867 +00:00 [INF] ====== OnMessageReceived START ======
2026-06-11 15:05:45.868 +00:00 [INF] Available cookies: 2
2026-06-11 15:05:45.868 +00:00 [INF] Cookie: adminToken = 844 chars
2026-06-11 15:05:45.868 +00:00 [INF] Cookie: adminRefreshToken = 44 chars
2026-06-11 15:05:45.869 +00:00 [INF] Admin token found in cookies, length: 844
2026-06-11 15:05:45.869 +00:00 [INF] Admin token set in context
2026-06-11 15:05:45.869 +00:00 [INF] ====== OnMessageReceived END - Token set: true ======
2026-06-11 15:05:45.873 +00:00 [INF] Token validated successfully for user: lengyelnorbi
2026-06-11 15:05:45.873 +00:00 [INF] Device fingerprint headers - UA: Mozilla/5.0 (Windows NT 10.0; Win64; x64; rv:151.0) Gecko/20100101 Firefox/151.0, Accept: */*, Encoding: gzip, deflate
2026-06-11 15:05:45.874 +00:00 [INF] Device fingerprint validation: Stored=/a2uf4z8rcBIhIr7KGbd6aahMr80Bhj+9uyLiYNZ66A=, Current=/a2uf4z8rcBIhIr7KGbd6aahMr80Bhj+9uyLiYNZ66A=
2026-06-11 15:05:45.899 +00:00 [INF] Executed DbCommand (8ms) [Parameters=[@__jti_0='?', @__userId_1='?' (DbType = Int32)], CommandType='"Text"', CommandTimeout='30']
SELECT a."ID", a."CreatedAt", a."DeviceFingerprint", a."ExpiresAt", a."IpAddress", a."IsRevoked", a."UserID", a.jti
FROM "AccessTokens" AS a
WHERE a.jti = @__jti_0 AND a."UserID" = @__userId_1 AND NOT (a."IsRevoked") AND a."ExpiresAt" > now()
LIMIT 1
2026-06-11 15:05:45.903 +00:00 [INF] Executing endpoint 'API.Controllers.AuthController.RefreshToken (API)'
2026-06-11 15:05:45.904 +00:00 [INF] Route matched with {action = "RefreshToken", controller = "Auth"}. Executing controller action with signature System.Threading.Tasks.Task`1[Microsoft.AspNetCore.Mvc.IActionResult] RefreshToken(API.Models.RequestModels.RefreshRequest) on controller API.Controllers.AuthController (API).
2026-06-11 15:05:45.909 +00:00 [INF] Token refresh attempt at "2026-06-11T15:05:45.9091489Z"
2026-06-11 15:05:45.909 +00:00 [INF] Refreshing admin token at "2026-06-11T15:05:45.9096200Z"
2026-06-11 15:05:45.913 +00:00 [INF] Executed DbCommand (2ms) [Parameters=[@__tokenHash_0='?'], CommandType='"Text"', CommandTimeout='30']
SELECT r."ID", r."CreatedAt", r."DeviceFingerprint", r."ExpiresAt", r."IpAddress", r."IsRevoked", r."TokenHash", r."UserID"
FROM "RefreshTokens" AS r
WHERE r."TokenHash" = @__tokenHash_0 AND NOT (r."IsRevoked") AND r."ExpiresAt" > now()
ORDER BY r."CreatedAt" DESC
LIMIT 1
2026-06-11 15:05:45.914 +00:00 [INF] Mozilla/5.0 (Windows NT 10.0; Win64; x64; rv:151.0) Gecko/20100101 Firefox/151.0
2026-06-11 15:05:45.914 +00:00 [INF] Fetching user by ID from database...
2026-06-11 15:05:45.917 +00:00 [INF] Executed DbCommand (2ms) [Parameters=[@__id_0='?' (DbType = Int32)], CommandType='"Text"', CommandTimeout='30']
SELECT u."ID", u."Email", u."PasswordHash", u."RegisteredAt", u."Role", u."Username"
FROM "Users" AS u
WHERE u."ID" = @__id_0
LIMIT 1
2026-06-11 15:05:45.933 +00:00 [INF] Executed DbCommand (7ms) [Parameters=[@p0='?' (DbType = DateTime), @p1='?', @p2='?' (DbType = DateTime), @p3='?', @p4='?' (DbType = Int32), @p5='?'], CommandType='"Text"', CommandTimeout='30']
INSERT INTO "AccessTokens" ("CreatedAt", "DeviceFingerprint", "ExpiresAt", "IpAddress", "UserID", jti)
VALUES (@p0, @p1, @p2, @p3, @p4, @p5)
RETURNING "ID", "IsRevoked";
2026-06-11 15:05:45.938 +00:00 [INF] Executed DbCommand (2ms) [Parameters=[@__jti_0='?', @__userID_1='?' (DbType = Int32), @__deviceFingerprint_2='?', @__ipAddress_3='?'], CommandType='"Text"', CommandTimeout='30']
SELECT a."ID", a."CreatedAt", a."DeviceFingerprint", a."ExpiresAt", a."IpAddress", a."IsRevoked", a."UserID", a.jti
FROM "AccessTokens" AS a
WHERE a.jti = @__jti_0 AND a."UserID" = @__userID_1 AND a."DeviceFingerprint" = @__deviceFingerprint_2 AND a."IpAddress" = @__ipAddress_3
LIMIT 1
2026-06-11 15:05:45.938 +00:00 [INF] Attempting to revoke access token with jti 84716108-81d8-4eb8-9385-c17e002fb2ca for user 1 from device /a2uf4z8rcBIhIr7KGbd6aahMr80Bhj+9uyLiYNZ66A= and IP ::ffff:172.20.0.1
2026-06-11 15:05:45.939 +00:00 [INF] Access token found: API.Models.AccessToken
2026-06-11 15:05:45.943 +00:00 [INF] Executed DbCommand (2ms) [Parameters=[@p1='?' (DbType = Int32), @p0='?' (DbType = Boolean)], CommandType='"Text"', CommandTimeout='30']
UPDATE "AccessTokens" SET "IsRevoked" = @p0
WHERE "ID" = @p1;
2026-06-11 15:05:45.943 +00:00 [INF] Access token AccessToken for user 1 revoked: true
2026-06-11 15:05:45.948 +00:00 [INF] Executed DbCommand (3ms) [Parameters=[@p0='?' (DbType = DateTime), @p1='?', @p2='?' (DbType = DateTime), @p3='?', @p4='?', @p5='?' (DbType = Int32)], CommandType='"Text"', CommandTimeout='30']
INSERT INTO "RefreshTokens" ("CreatedAt", "DeviceFingerprint", "ExpiresAt", "IpAddress", "TokenHash", "UserID")
VALUES (@p0, @p1, @p2, @p3, @p4, @p5)
RETURNING "ID", "IsRevoked";
2026-06-11 15:05:45.950 +00:00 [INF] Executed DbCommand (1ms) [Parameters=[@__tokenHash_0='?', @__userId_1='?' (DbType = Int32), @__deviceFingerprint_2='?', @__ipAddress_3='?'], CommandType='"Text"', CommandTimeout='30']
SELECT r."ID", r."CreatedAt", r."DeviceFingerprint", r."ExpiresAt", r."IpAddress", r."IsRevoked", r."TokenHash", r."UserID"
FROM "RefreshTokens" AS r
WHERE r."TokenHash" = @__tokenHash_0 AND r."UserID" = @__userId_1 AND r."DeviceFingerprint" = @__deviceFingerprint_2 AND r."IpAddress" = @__ipAddress_3
LIMIT 1
2026-06-11 15:05:45.954 +00:00 [INF] Executed DbCommand (2ms) [Parameters=[@p1='?' (DbType = Int32), @p0='?' (DbType = Boolean)], CommandType='"Text"', CommandTimeout='30']
UPDATE "RefreshTokens" SET "IsRevoked" = @p0
WHERE "ID" = @p1;
2026-06-11 15:05:45.954 +00:00 [INF] Refresh token gqzOLzH9zYNimjC0JX+BPDtEv+HcKd6Ku2ru2UG7lyA= for user 1 revoked: true
2026-06-11 15:05:45.955 +00:00 [INF] Token refreshed successfully for user 1 at "2026-06-11T15:05:45.9554318Z"
2026-06-11 15:05:45.956 +00:00 [INF] Executing OkObjectResult, writing value of type '<>f__AnonymousType3`2[[System.Boolean, System.Private.CoreLib, Version=9.0.0.0, Culture=neutral, PublicKeyToken=7cec85d7bea7798e],[System.Int32, System.Private.CoreLib, Version=9.0.0.0, Culture=neutral, PublicKeyToken=7cec85d7bea7798e]]'.
2026-06-11 15:05:45.957 +00:00 [INF] Executed action API.Controllers.AuthController.RefreshToken (API) in 52.4943ms
2026-06-11 15:05:45.957 +00:00 [INF] Executed endpoint 'API.Controllers.AuthController.RefreshToken (API)'
2026-06-11 15:05:45.958 +00:00 [INF] Request finished HTTP/1.1 POST http://192.168.1.6:8080/api/auth/refresh - 200 null application/json; charset=utf-8 93.0397ms
2026-06-11 15:09:04.279 +00:00 [INF] Request starting HTTP/1.1 GET http://192.168.1.6:8080/api/user?page=1&limit=10 - null null
2026-06-11 15:09:04.279 +00:00 [INF] Request starting HTTP/1.1 GET http://192.168.1.6:8080/api/user - null null
2026-06-11 15:09:04.298 +00:00 [INF] CORS policy execution successful.
2026-06-11 15:09:04.298 +00:00 [INF] CORS policy execution successful.
2026-06-11 15:09:04.306 +00:00 [INF] ====== OnMessageReceived START ======
2026-06-11 15:09:04.306 +00:00 [INF] ====== OnMessageReceived START ======
2026-06-11 15:09:04.309 +00:00 [INF] Available cookies: 2
2026-06-11 15:09:04.309 +00:00 [INF] Available cookies: 2
2026-06-11 15:09:04.309 +00:00 [INF] Cookie: adminToken = 844 chars
2026-06-11 15:09:04.309 +00:00 [INF] Cookie: adminToken = 844 chars
2026-06-11 15:09:04.310 +00:00 [INF] Cookie: adminRefreshToken = 44 chars
2026-06-11 15:09:04.310 +00:00 [INF] Cookie: adminRefreshToken = 44 chars
2026-06-11 15:09:04.310 +00:00 [INF] Admin token found in cookies, length: 844
2026-06-11 15:09:04.310 +00:00 [INF] Admin token found in cookies, length: 844
2026-06-11 15:09:04.311 +00:00 [INF] Admin token set in context
2026-06-11 15:09:04.311 +00:00 [INF] Admin token set in context
2026-06-11 15:09:04.311 +00:00 [INF] ====== OnMessageReceived END - Token set: true ======
2026-06-11 15:09:04.311 +00:00 [INF] ====== OnMessageReceived END - Token set: true ======
2026-06-11 15:09:04.322 +00:00 [INF] Token validated successfully for user: lengyelnorbi
2026-06-11 15:09:04.322 +00:00 [INF] Token validated successfully for user: lengyelnorbi
2026-06-11 15:09:04.323 +00:00 [INF] Device fingerprint headers - UA: Mozilla/5.0 (Windows NT 10.0; Win64; x64; rv:151.0) Gecko/20100101 Firefox/151.0, Accept: application/json, text/plain, */*, Encoding: gzip, deflate
2026-06-11 15:09:04.323 +00:00 [INF] Device fingerprint headers - UA: Mozilla/5.0 (Windows NT 10.0; Win64; x64; rv:151.0) Gecko/20100101 Firefox/151.0, Accept: application/json, text/plain, */*, Encoding: gzip, deflate
2026-06-11 15:09:04.324 +00:00 [INF] Device fingerprint validation: Stored=/a2uf4z8rcBIhIr7KGbd6aahMr80Bhj+9uyLiYNZ66A=, Current=/a2uf4z8rcBIhIr7KGbd6aahMr80Bhj+9uyLiYNZ66A=
2026-06-11 15:09:04.324 +00:00 [INF] Device fingerprint validation: Stored=/a2uf4z8rcBIhIr7KGbd6aahMr80Bhj+9uyLiYNZ66A=, Current=/a2uf4z8rcBIhIr7KGbd6aahMr80Bhj+9uyLiYNZ66A=
2026-06-11 15:09:04.421 +00:00 [INF] Executed DbCommand (15ms) [Parameters=[@__jti_0='?', @__userId_1='?' (DbType = Int32)], CommandType='"Text"', CommandTimeout='30']
SELECT a."ID", a."CreatedAt", a."DeviceFingerprint", a."ExpiresAt", a."IpAddress", a."IsRevoked", a."UserID", a.jti
FROM "AccessTokens" AS a
WHERE a.jti = @__jti_0 AND a."UserID" = @__userId_1 AND NOT (a."IsRevoked") AND a."ExpiresAt" > now()
LIMIT 1
2026-06-11 15:09:04.421 +00:00 [INF] Executed DbCommand (15ms) [Parameters=[@__jti_0='?', @__userId_1='?' (DbType = Int32)], CommandType='"Text"', CommandTimeout='30']
SELECT a."ID", a."CreatedAt", a."DeviceFingerprint", a."ExpiresAt", a."IpAddress", a."IsRevoked", a."UserID", a.jti
FROM "AccessTokens" AS a
WHERE a.jti = @__jti_0 AND a."UserID" = @__userId_1 AND NOT (a."IsRevoked") AND a."ExpiresAt" > now()
LIMIT 1
2026-06-11 15:09:04.427 +00:00 [INF] Executing endpoint 'API.Controllers.UserController.Get (API)'
2026-06-11 15:09:04.427 +00:00 [INF] Executing endpoint 'API.Controllers.UserController.Get (API)'
2026-06-11 15:09:04.430 +00:00 [INF] Route matched with {action = "Get", controller = "User"}. Executing controller action with signature System.Threading.Tasks.Task`1[System.Collections.Generic.IEnumerable`1[API.DTO.UserDTO]] Get() on controller API.Controllers.UserController (API).
2026-06-11 15:09:04.430 +00:00 [INF] Route matched with {action = "Get", controller = "User"}. Executing controller action with signature System.Threading.Tasks.Task`1[System.Collections.Generic.IEnumerable`1[API.DTO.UserDTO]] Get() on controller API.Controllers.UserController (API).
2026-06-11 15:09:04.431 +00:00 [INF] Fetching user data from database...
2026-06-11 15:09:04.431 +00:00 [INF] Fetching user data from database...
2026-06-11 15:09:04.436 +00:00 [INF] Executed DbCommand (3ms) [Parameters=[], CommandType='"Text"', CommandTimeout='30']
SELECT u."ID", u."Email", u."PasswordHash", u."RegisteredAt", u."Role", u."Username"
FROM "Users" AS u
2026-06-11 15:09:04.436 +00:00 [INF] Executed DbCommand (3ms) [Parameters=[], CommandType='"Text"', CommandTimeout='30']
SELECT u."ID", u."Email", u."PasswordHash", u."RegisteredAt", u."Role", u."Username"
FROM "Users" AS u
2026-06-11 15:09:04.440 +00:00 [INF] Executing ObjectResult, writing value of type 'System.Collections.Generic.List`1[[API.DTO.UserDTO, API, Version=1.0.0.0, Culture=neutral, PublicKeyToken=null]]'.
2026-06-11 15:09:04.440 +00:00 [INF] Executing ObjectResult, writing value of type 'System.Collections.Generic.List`1[[API.DTO.UserDTO, API, Version=1.0.0.0, Culture=neutral, PublicKeyToken=null]]'.
2026-06-11 15:09:04.446 +00:00 [INF] Executed action API.Controllers.UserController.Get (API) in 16.3578ms
2026-06-11 15:09:04.446 +00:00 [INF] Executed action API.Controllers.UserController.Get (API) in 16.4953ms
2026-06-11 15:09:04.447 +00:00 [INF] Executed endpoint 'API.Controllers.UserController.Get (API)'
2026-06-11 15:09:04.447 +00:00 [INF] Executed endpoint 'API.Controllers.UserController.Get (API)'
2026-06-11 15:09:04.447 +00:00 [INF] Request finished HTTP/1.1 GET http://192.168.1.6:8080/api/user - 200 null application/json; charset=utf-8 174.6523ms
2026-06-11 15:09:04.447 +00:00 [INF] Request finished HTTP/1.1 GET http://192.168.1.6:8080/api/user?page=1&limit=10 - 200 null application/json; charset=utf-8 174.6055ms
2026-06-11 15:10:16.492 +00:00 [INF] Request starting HTTP/1.1 OPTIONS http://192.168.1.6:8080/api/auth/refresh - null null
2026-06-11 15:10:16.492 +00:00 [INF] CORS policy execution successful.
2026-06-11 15:10:16.494 +00:00 [INF] Request finished HTTP/1.1 OPTIONS http://192.168.1.6:8080/api/auth/refresh - 204 null null 2.2262ms
2026-06-11 15:10:16.497 +00:00 [INF] Request starting HTTP/1.1 POST http://192.168.1.6:8080/api/auth/refresh - application/json 18
2026-06-11 15:10:16.497 +00:00 [INF] CORS policy execution successful.
2026-06-11 15:10:16.498 +00:00 [INF] ====== OnMessageReceived START ======
2026-06-11 15:10:16.498 +00:00 [INF] Available cookies: 2
2026-06-11 15:10:16.498 +00:00 [INF] Cookie: adminToken = 844 chars
2026-06-11 15:10:16.498 +00:00 [INF] Cookie: adminRefreshToken = 44 chars
2026-06-11 15:10:16.498 +00:00 [INF] Admin token found in cookies, length: 844
2026-06-11 15:10:16.499 +00:00 [INF] Admin token set in context
2026-06-11 15:10:16.499 +00:00 [INF] ====== OnMessageReceived END - Token set: true ======
2026-06-11 15:10:16.500 +00:00 [INF] Token validated successfully for user: lengyelnorbi
2026-06-11 15:10:16.500 +00:00 [INF] Device fingerprint headers - UA: Mozilla/5.0 (Windows NT 10.0; Win64; x64; rv:151.0) Gecko/20100101 Firefox/151.0, Accept: */*, Encoding: gzip, deflate
2026-06-11 15:10:16.500 +00:00 [INF] Device fingerprint validation: Stored=/a2uf4z8rcBIhIr7KGbd6aahMr80Bhj+9uyLiYNZ66A=, Current=/a2uf4z8rcBIhIr7KGbd6aahMr80Bhj+9uyLiYNZ66A=
2026-06-11 15:10:16.503 +00:00 [INF] Executed DbCommand (2ms) [Parameters=[@__jti_0='?', @__userId_1='?' (DbType = Int32)], CommandType='"Text"', CommandTimeout='30']
SELECT a."ID", a."CreatedAt", a."DeviceFingerprint", a."ExpiresAt", a."IpAddress", a."IsRevoked", a."UserID", a.jti
FROM "AccessTokens" AS a
WHERE a.jti = @__jti_0 AND a."UserID" = @__userId_1 AND NOT (a."IsRevoked") AND a."ExpiresAt" > now()
LIMIT 1
2026-06-11 15:10:16.505 +00:00 [INF] Executing endpoint 'API.Controllers.AuthController.RefreshToken (API)'
2026-06-11 15:10:16.506 +00:00 [INF] Route matched with {action = "RefreshToken", controller = "Auth"}. Executing controller action with signature System.Threading.Tasks.Task`1[Microsoft.AspNetCore.Mvc.IActionResult] RefreshToken(API.Models.RequestModels.RefreshRequest) on controller API.Controllers.AuthController (API).
2026-06-11 15:10:16.513 +00:00 [INF] Token refresh attempt at "2026-06-11T15:10:16.5131222Z"
2026-06-11 15:10:16.513 +00:00 [INF] Refreshing admin token at "2026-06-11T15:10:16.5138337Z"
2026-06-11 15:10:16.518 +00:00 [INF] Executed DbCommand (4ms) [Parameters=[@__tokenHash_0='?'], CommandType='"Text"', CommandTimeout='30']
SELECT r."ID", r."CreatedAt", r."DeviceFingerprint", r."ExpiresAt", r."IpAddress", r."IsRevoked", r."TokenHash", r."UserID"
FROM "RefreshTokens" AS r
WHERE r."TokenHash" = @__tokenHash_0 AND NOT (r."IsRevoked") AND r."ExpiresAt" > now()
ORDER BY r."CreatedAt" DESC
LIMIT 1
2026-06-11 15:10:16.520 +00:00 [INF] Mozilla/5.0 (Windows NT 10.0; Win64; x64; rv:151.0) Gecko/20100101 Firefox/151.0
2026-06-11 15:10:16.520 +00:00 [INF] Fetching user by ID from database...
2026-06-11 15:10:16.523 +00:00 [INF] Executed DbCommand (1ms) [Parameters=[@__id_0='?' (DbType = Int32)], CommandType='"Text"', CommandTimeout='30']
SELECT u."ID", u."Email", u."PasswordHash", u."RegisteredAt", u."Role", u."Username"
FROM "Users" AS u
WHERE u."ID" = @__id_0
LIMIT 1
2026-06-11 15:10:16.539 +00:00 [INF] Executed DbCommand (6ms) [Parameters=[@p0='?' (DbType = DateTime), @p1='?', @p2='?' (DbType = DateTime), @p3='?', @p4='?' (DbType = Int32), @p5='?'], CommandType='"Text"', CommandTimeout='30']
INSERT INTO "AccessTokens" ("CreatedAt", "DeviceFingerprint", "ExpiresAt", "IpAddress", "UserID", jti)
VALUES (@p0, @p1, @p2, @p3, @p4, @p5)
RETURNING "ID", "IsRevoked";
2026-06-11 15:10:16.542 +00:00 [INF] Executed DbCommand (1ms) [Parameters=[@__jti_0='?', @__userID_1='?' (DbType = Int32), @__deviceFingerprint_2='?', @__ipAddress_3='?'], CommandType='"Text"', CommandTimeout='30']
SELECT a."ID", a."CreatedAt", a."DeviceFingerprint", a."ExpiresAt", a."IpAddress", a."IsRevoked", a."UserID", a.jti
FROM "AccessTokens" AS a
WHERE a.jti = @__jti_0 AND a."UserID" = @__userID_1 AND a."DeviceFingerprint" = @__deviceFingerprint_2 AND a."IpAddress" = @__ipAddress_3
LIMIT 1
2026-06-11 15:10:16.543 +00:00 [INF] Attempting to revoke access token with jti 2ec84ee1-d5dc-4933-888c-1ce3fb34d28d for user 1 from device /a2uf4z8rcBIhIr7KGbd6aahMr80Bhj+9uyLiYNZ66A= and IP ::ffff:172.20.0.1
2026-06-11 15:10:16.543 +00:00 [INF] Access token found: API.Models.AccessToken
2026-06-11 15:10:16.546 +00:00 [INF] Executed DbCommand (2ms) [Parameters=[@p1='?' (DbType = Int32), @p0='?' (DbType = Boolean)], CommandType='"Text"', CommandTimeout='30']
UPDATE "AccessTokens" SET "IsRevoked" = @p0
WHERE "ID" = @p1;
2026-06-11 15:10:16.547 +00:00 [INF] Access token AccessToken for user 1 revoked: true
2026-06-11 15:10:16.550 +00:00 [INF] Executed DbCommand (2ms) [Parameters=[@p0='?' (DbType = DateTime), @p1='?', @p2='?' (DbType = DateTime), @p3='?', @p4='?', @p5='?' (DbType = Int32)], CommandType='"Text"', CommandTimeout='30']
INSERT INTO "RefreshTokens" ("CreatedAt", "DeviceFingerprint", "ExpiresAt", "IpAddress", "TokenHash", "UserID")
VALUES (@p0, @p1, @p2, @p3, @p4, @p5)
RETURNING "ID", "IsRevoked";
2026-06-11 15:10:16.553 +00:00 [INF] Executed DbCommand (1ms) [Parameters=[@__tokenHash_0='?', @__userId_1='?' (DbType = Int32), @__deviceFingerprint_2='?', @__ipAddress_3='?'], CommandType='"Text"', CommandTimeout='30']
SELECT r."ID", r."CreatedAt", r."DeviceFingerprint", r."ExpiresAt", r."IpAddress", r."IsRevoked", r."TokenHash", r."UserID"
FROM "RefreshTokens" AS r
WHERE r."TokenHash" = @__tokenHash_0 AND r."UserID" = @__userId_1 AND r."DeviceFingerprint" = @__deviceFingerprint_2 AND r."IpAddress" = @__ipAddress_3
LIMIT 1
2026-06-11 15:10:16.555 +00:00 [INF] Executed DbCommand (2ms) [Parameters=[@p1='?' (DbType = Int32), @p0='?' (DbType = Boolean)], CommandType='"Text"', CommandTimeout='30']
UPDATE "RefreshTokens" SET "IsRevoked" = @p0
WHERE "ID" = @p1;
2026-06-11 15:10:16.556 +00:00 [INF] Refresh token Un+dJfxCDAuVPp3xCiKEQ+W+yZfxxIDYO0byBGF1yvw= for user 1 revoked: true
2026-06-11 15:10:16.557 +00:00 [INF] Token refreshed successfully for user 1 at "2026-06-11T15:10:16.5573398Z"
2026-06-11 15:10:16.557 +00:00 [INF] Executing OkObjectResult, writing value of type '<>f__AnonymousType3`2[[System.Boolean, System.Private.CoreLib, Version=9.0.0.0, Culture=neutral, PublicKeyToken=7cec85d7bea7798e],[System.Int32, System.Private.CoreLib, Version=9.0.0.0, Culture=neutral, PublicKeyToken=7cec85d7bea7798e]]'.
2026-06-11 15:10:16.558 +00:00 [INF] Executed action API.Controllers.AuthController.RefreshToken (API) in 52.0927ms
2026-06-11 15:10:16.559 +00:00 [INF] Executed endpoint 'API.Controllers.AuthController.RefreshToken (API)'
2026-06-11 15:10:16.559 +00:00 [INF] Request finished HTTP/1.1 POST http://192.168.1.6:8080/api/auth/refresh - 200 null application/json; charset=utf-8 62.1247ms
2026-06-11 15:10:47.574 +00:00 [INF] Request starting HTTP/1.1 GET http://192.168.1.6:8080/api/token/access-token?page=1&limit=10 - null null
2026-06-11 15:10:47.587 +00:00 [INF] CORS policy execution successful.
2026-06-11 15:10:47.590 +00:00 [INF] ====== OnMessageReceived START ======
2026-06-11 15:10:47.591 +00:00 [INF] Available cookies: 2
2026-06-11 15:10:47.591 +00:00 [INF] Cookie: adminToken = 844 chars
2026-06-11 15:10:47.591 +00:00 [INF] Cookie: adminRefreshToken = 44 chars
2026-06-11 15:10:47.591 +00:00 [INF] Admin token found in cookies, length: 844
2026-06-11 15:10:47.591 +00:00 [INF] Admin token set in context
2026-06-11 15:10:47.592 +00:00 [INF] ====== OnMessageReceived END - Token set: true ======
2026-06-11 15:10:47.596 +00:00 [INF] Token validated successfully for user: lengyelnorbi
2026-06-11 15:10:47.597 +00:00 [INF] Device fingerprint headers - UA: Mozilla/5.0 (Windows NT 10.0; Win64; x64; rv:151.0) Gecko/20100101 Firefox/151.0, Accept: application/json, text/plain, */*, Encoding: gzip, deflate
2026-06-11 15:10:47.598 +00:00 [INF] Device fingerprint validation: Stored=/a2uf4z8rcBIhIr7KGbd6aahMr80Bhj+9uyLiYNZ66A=, Current=/a2uf4z8rcBIhIr7KGbd6aahMr80Bhj+9uyLiYNZ66A=
2026-06-11 15:10:47.624 +00:00 [INF] Executed DbCommand (9ms) [Parameters=[@__jti_0='?', @__userId_1='?' (DbType = Int32)], CommandType='"Text"', CommandTimeout='30']
SELECT a."ID", a."CreatedAt", a."DeviceFingerprint", a."ExpiresAt", a."IpAddress", a."IsRevoked", a."UserID", a.jti
FROM "AccessTokens" AS a
WHERE a.jti = @__jti_0 AND a."UserID" = @__userId_1 AND NOT (a."IsRevoked") AND a."ExpiresAt" > now()
LIMIT 1
2026-06-11 15:10:47.629 +00:00 [INF] Executing endpoint 'API.Controllers.TokenController.GetAccessTokens (API)'
2026-06-11 15:10:47.631 +00:00 [INF] Route matched with {action = "GetAccessTokens", controller = "Token"}. Executing controller action with signature System.Threading.Tasks.Task`1[API.Utils.PagedResult`1[API.DTO.AccessTokenUserDTO]] GetAccessTokens(Int32, Int32) on controller API.Controllers.TokenController (API).
2026-06-11 15:10:47.647 +00:00 [INF] Received request to fetch access tokens with pagination: page=1, limit=10
2026-06-11 15:10:47.671 +00:00 [INF] Executed DbCommand (10ms) [Parameters=[], CommandType='"Text"', CommandTimeout='30']
SELECT count(*)::int
FROM "AccessTokens" AS a
WHERE a."IsRevoked"
2026-06-11 15:10:47.680 +00:00 [INF] Executed DbCommand (5ms) [Parameters=[@__p_1='?' (DbType = Int32), @__p_0='?' (DbType = Int32)], CommandType='"Text"', CommandTimeout='30']
SELECT a0."ID", a0.jti, a0."DeviceFingerprint", a0."IpAddress", a0."CreatedAt", a0."IsRevoked", a0."ExpiresAt", u."ID" AS "UserID", u."Username", u."Email", u."Role"
FROM (
    SELECT a."ID", a."CreatedAt", a."DeviceFingerprint", a."ExpiresAt", a."IpAddress", a."IsRevoked", a."UserID", a.jti
    FROM "AccessTokens" AS a
    WHERE a."IsRevoked"
    LIMIT @__p_1 OFFSET @__p_0
) AS a0
INNER JOIN "Users" AS u ON a0."UserID" = u."ID"
2026-06-11 15:10:47.683 +00:00 [INF] Executing ObjectResult, writing value of type 'API.Utils.PagedResult`1[[API.DTO.AccessTokenUserDTO, API, Version=1.0.0.0, Culture=neutral, PublicKeyToken=null]]'.
2026-06-11 15:10:47.688 +00:00 [INF] Executed action API.Controllers.TokenController.GetAccessTokens (API) in 56.5302ms
2026-06-11 15:10:47.689 +00:00 [INF] Executed endpoint 'API.Controllers.TokenController.GetAccessTokens (API)'
2026-06-11 15:10:47.689 +00:00 [INF] Request finished HTTP/1.1 GET http://192.168.1.6:8080/api/token/access-token?page=1&limit=10 - 200 null application/json; charset=utf-8 116.0066ms
2026-06-11 15:10:47.976 +00:00 [INF] Request starting HTTP/1.1 GET http://192.168.1.6:8080/api/user?page=1&limit=10 - null null
2026-06-11 15:10:47.977 +00:00 [INF] Request starting HTTP/1.1 GET http://192.168.1.6:8080/api/user - null null
2026-06-11 15:10:47.979 +00:00 [INF] CORS policy execution successful.
2026-06-11 15:10:47.979 +00:00 [INF] CORS policy execution successful.
2026-06-11 15:10:47.979 +00:00 [INF] ====== OnMessageReceived START ======
2026-06-11 15:10:47.979 +00:00 [INF] ====== OnMessageReceived START ======
2026-06-11 15:10:47.979 +00:00 [INF] Available cookies: 2
2026-06-11 15:10:47.980 +00:00 [INF] Cookie: adminToken = 844 chars
2026-06-11 15:10:47.979 +00:00 [INF] Available cookies: 2
2026-06-11 15:10:47.980 +00:00 [INF] Cookie: adminRefreshToken = 44 chars
2026-06-11 15:10:47.980 +00:00 [INF] Admin token found in cookies, length: 844
2026-06-11 15:10:47.980 +00:00 [INF] Cookie: adminToken = 844 chars
2026-06-11 15:10:47.980 +00:00 [INF] Admin token set in context
2026-06-11 15:10:47.981 +00:00 [INF] Cookie: adminRefreshToken = 44 chars
2026-06-11 15:10:47.981 +00:00 [INF] ====== OnMessageReceived END - Token set: true ======
2026-06-11 15:10:47.981 +00:00 [INF] Admin token found in cookies, length: 844
2026-06-11 15:10:47.982 +00:00 [INF] Token validated successfully for user: lengyelnorbi
2026-06-11 15:10:47.982 +00:00 [INF] Admin token set in context
2026-06-11 15:10:47.982 +00:00 [INF] Device fingerprint headers - UA: Mozilla/5.0 (Windows NT 10.0; Win64; x64; rv:151.0) Gecko/20100101 Firefox/151.0, Accept: application/json, text/plain, */*, Encoding: gzip, deflate
2026-06-11 15:10:47.982 +00:00 [INF] ====== OnMessageReceived END - Token set: true ======
2026-06-11 15:10:47.983 +00:00 [INF] Device fingerprint validation: Stored=/a2uf4z8rcBIhIr7KGbd6aahMr80Bhj+9uyLiYNZ66A=, Current=/a2uf4z8rcBIhIr7KGbd6aahMr80Bhj+9uyLiYNZ66A=
2026-06-11 15:10:47.984 +00:00 [INF] Token validated successfully for user: lengyelnorbi
2026-06-11 15:10:47.984 +00:00 [INF] Device fingerprint headers - UA: Mozilla/5.0 (Windows NT 10.0; Win64; x64; rv:151.0) Gecko/20100101 Firefox/151.0, Accept: application/json, text/plain, */*, Encoding: gzip, deflate
2026-06-11 15:10:47.984 +00:00 [INF] Device fingerprint validation: Stored=/a2uf4z8rcBIhIr7KGbd6aahMr80Bhj+9uyLiYNZ66A=, Current=/a2uf4z8rcBIhIr7KGbd6aahMr80Bhj+9uyLiYNZ66A=
2026-06-11 15:10:47.986 +00:00 [INF] Executed DbCommand (2ms) [Parameters=[@__jti_0='?', @__userId_1='?' (DbType = Int32)], CommandType='"Text"', CommandTimeout='30']
SELECT a."ID", a."CreatedAt", a."DeviceFingerprint", a."ExpiresAt", a."IpAddress", a."IsRevoked", a."UserID", a.jti
FROM "AccessTokens" AS a
WHERE a.jti = @__jti_0 AND a."UserID" = @__userId_1 AND NOT (a."IsRevoked") AND a."ExpiresAt" > now()
LIMIT 1
2026-06-11 15:10:47.986 +00:00 [INF] Executing endpoint 'API.Controllers.UserController.Get (API)'
2026-06-11 15:10:47.987 +00:00 [INF] Route matched with {action = "Get", controller = "User"}. Executing controller action with signature System.Threading.Tasks.Task`1[System.Collections.Generic.IEnumerable`1[API.DTO.UserDTO]] Get() on controller API.Controllers.UserController (API).
2026-06-11 15:10:47.987 +00:00 [INF] Executed DbCommand (1ms) [Parameters=[@__jti_0='?', @__userId_1='?' (DbType = Int32)], CommandType='"Text"', CommandTimeout='30']
SELECT a."ID", a."CreatedAt", a."DeviceFingerprint", a."ExpiresAt", a."IpAddress", a."IsRevoked", a."UserID", a.jti
FROM "AccessTokens" AS a
WHERE a.jti = @__jti_0 AND a."UserID" = @__userId_1 AND NOT (a."IsRevoked") AND a."ExpiresAt" > now()
LIMIT 1
2026-06-11 15:10:47.987 +00:00 [INF] Fetching user data from database...
2026-06-11 15:10:47.988 +00:00 [INF] Executing endpoint 'API.Controllers.UserController.Get (API)'
2026-06-11 15:10:47.988 +00:00 [INF] Route matched with {action = "Get", controller = "User"}. Executing controller action with signature System.Threading.Tasks.Task`1[System.Collections.Generic.IEnumerable`1[API.DTO.UserDTO]] Get() on controller API.Controllers.UserController (API).
2026-06-11 15:10:47.989 +00:00 [INF] Fetching user data from database...
2026-06-11 15:10:47.989 +00:00 [INF] Executed DbCommand (1ms) [Parameters=[], CommandType='"Text"', CommandTimeout='30']
SELECT u."ID", u."Email", u."PasswordHash", u."RegisteredAt", u."Role", u."Username"
FROM "Users" AS u
2026-06-11 15:10:47.991 +00:00 [INF] Executed DbCommand (1ms) [Parameters=[], CommandType='"Text"', CommandTimeout='30']
SELECT u."ID", u."Email", u."PasswordHash", u."RegisteredAt", u."Role", u."Username"
FROM "Users" AS u
2026-06-11 15:10:47.991 +00:00 [INF] Executing ObjectResult, writing value of type 'System.Collections.Generic.List`1[[API.DTO.UserDTO, API, Version=1.0.0.0, Culture=neutral, PublicKeyToken=null]]'.
2026-06-11 15:10:47.992 +00:00 [INF] Executing ObjectResult, writing value of type 'System.Collections.Generic.List`1[[API.DTO.UserDTO, API, Version=1.0.0.0, Culture=neutral, PublicKeyToken=null]]'.
2026-06-11 15:10:47.992 +00:00 [INF] Executed action API.Controllers.UserController.Get (API) in 5.2401ms
2026-06-11 15:10:47.992 +00:00 [INF] Executed action API.Controllers.UserController.Get (API) in 3.6111ms
2026-06-11 15:10:47.993 +00:00 [INF] Executed endpoint 'API.Controllers.UserController.Get (API)'
2026-06-11 15:10:47.993 +00:00 [INF] Executed endpoint 'API.Controllers.UserController.Get (API)'
2026-06-11 15:10:47.993 +00:00 [INF] Request finished HTTP/1.1 GET http://192.168.1.6:8080/api/user?page=1&limit=10 - 200 null application/json; charset=utf-8 17.1679ms
2026-06-11 15:10:47.993 +00:00 [INF] Request finished HTTP/1.1 GET http://192.168.1.6:8080/api/user - 200 null application/json; charset=utf-8 16.1144ms
2026-06-11 15:14:46.616 +00:00 [INF] Request starting HTTP/1.1 OPTIONS http://192.168.1.6:8080/api/auth/refresh - null null
2026-06-11 15:14:46.625 +00:00 [INF] CORS policy execution successful.
2026-06-11 15:14:46.629 +00:00 [INF] Request finished HTTP/1.1 OPTIONS http://192.168.1.6:8080/api/auth/refresh - 204 null null 13.7904ms
2026-06-11 15:14:46.633 +00:00 [INF] Request starting HTTP/1.1 POST http://192.168.1.6:8080/api/auth/refresh - application/json 18
2026-06-11 15:14:46.635 +00:00 [INF] CORS policy execution successful.
2026-06-11 15:14:46.638 +00:00 [INF] ====== OnMessageReceived START ======
2026-06-11 15:14:46.639 +00:00 [INF] Available cookies: 2
2026-06-11 15:14:46.639 +00:00 [INF] Cookie: adminToken = 844 chars
2026-06-11 15:14:46.639 +00:00 [INF] Cookie: adminRefreshToken = 44 chars
2026-06-11 15:14:46.640 +00:00 [INF] Admin token found in cookies, length: 844
2026-06-11 15:14:46.640 +00:00 [INF] Admin token set in context
2026-06-11 15:14:46.640 +00:00 [INF] ====== OnMessageReceived END - Token set: true ======
2026-06-11 15:14:46.647 +00:00 [INF] Token validated successfully for user: lengyelnorbi
2026-06-11 15:14:46.648 +00:00 [INF] Device fingerprint headers - UA: Mozilla/5.0 (Windows NT 10.0; Win64; x64; rv:151.0) Gecko/20100101 Firefox/151.0, Accept: */*, Encoding: gzip, deflate
2026-06-11 15:14:46.650 +00:00 [INF] Device fingerprint validation: Stored=/a2uf4z8rcBIhIr7KGbd6aahMr80Bhj+9uyLiYNZ66A=, Current=/a2uf4z8rcBIhIr7KGbd6aahMr80Bhj+9uyLiYNZ66A=
2026-06-11 15:14:46.713 +00:00 [INF] Executed DbCommand (14ms) [Parameters=[@__jti_0='?', @__userId_1='?' (DbType = Int32)], CommandType='"Text"', CommandTimeout='30']
SELECT a."ID", a."CreatedAt", a."DeviceFingerprint", a."ExpiresAt", a."IpAddress", a."IsRevoked", a."UserID", a.jti
FROM "AccessTokens" AS a
WHERE a.jti = @__jti_0 AND a."UserID" = @__userId_1 AND NOT (a."IsRevoked") AND a."ExpiresAt" > now()
LIMIT 1
2026-06-11 15:14:46.719 +00:00 [INF] Executing endpoint 'API.Controllers.AuthController.RefreshToken (API)'
2026-06-11 15:14:46.722 +00:00 [INF] Route matched with {action = "RefreshToken", controller = "Auth"}. Executing controller action with signature System.Threading.Tasks.Task`1[Microsoft.AspNetCore.Mvc.IActionResult] RefreshToken(API.Models.RequestModels.RefreshRequest) on controller API.Controllers.AuthController (API).
2026-06-11 15:14:46.729 +00:00 [INF] Token refresh attempt at "2026-06-11T15:14:46.7289143Z"
2026-06-11 15:14:46.729 +00:00 [INF] Refreshing admin token at "2026-06-11T15:14:46.7298961Z"
2026-06-11 15:14:46.735 +00:00 [INF] Executed DbCommand (4ms) [Parameters=[@__tokenHash_0='?'], CommandType='"Text"', CommandTimeout='30']
SELECT r."ID", r."CreatedAt", r."DeviceFingerprint", r."ExpiresAt", r."IpAddress", r."IsRevoked", r."TokenHash", r."UserID"
FROM "RefreshTokens" AS r
WHERE r."TokenHash" = @__tokenHash_0 AND NOT (r."IsRevoked") AND r."ExpiresAt" > now()
ORDER BY r."CreatedAt" DESC
LIMIT 1
2026-06-11 15:14:46.737 +00:00 [INF] Mozilla/5.0 (Windows NT 10.0; Win64; x64; rv:151.0) Gecko/20100101 Firefox/151.0
2026-06-11 15:14:46.738 +00:00 [INF] Fetching user by ID from database...
2026-06-11 15:14:46.740 +00:00 [INF] Executed DbCommand (1ms) [Parameters=[@__id_0='?' (DbType = Int32)], CommandType='"Text"', CommandTimeout='30']
SELECT u."ID", u."Email", u."PasswordHash", u."RegisteredAt", u."Role", u."Username"
FROM "Users" AS u
WHERE u."ID" = @__id_0
LIMIT 1
2026-06-11 15:14:46.759 +00:00 [INF] Executed DbCommand (6ms) [Parameters=[@p0='?' (DbType = DateTime), @p1='?', @p2='?' (DbType = DateTime), @p3='?', @p4='?' (DbType = Int32), @p5='?'], CommandType='"Text"', CommandTimeout='30']
INSERT INTO "AccessTokens" ("CreatedAt", "DeviceFingerprint", "ExpiresAt", "IpAddress", "UserID", jti)
VALUES (@p0, @p1, @p2, @p3, @p4, @p5)
RETURNING "ID", "IsRevoked";
2026-06-11 15:14:46.764 +00:00 [INF] Executed DbCommand (1ms) [Parameters=[@__jti_0='?', @__userID_1='?' (DbType = Int32), @__deviceFingerprint_2='?', @__ipAddress_3='?'], CommandType='"Text"', CommandTimeout='30']
SELECT a."ID", a."CreatedAt", a."DeviceFingerprint", a."ExpiresAt", a."IpAddress", a."IsRevoked", a."UserID", a.jti
FROM "AccessTokens" AS a
WHERE a.jti = @__jti_0 AND a."UserID" = @__userID_1 AND a."DeviceFingerprint" = @__deviceFingerprint_2 AND a."IpAddress" = @__ipAddress_3
LIMIT 1
2026-06-11 15:14:46.764 +00:00 [INF] Attempting to revoke access token with jti 8eb35934-eadc-4e34-98f0-c37acb37ff6f for user 1 from device /a2uf4z8rcBIhIr7KGbd6aahMr80Bhj+9uyLiYNZ66A= and IP ::ffff:172.20.0.1
2026-06-11 15:14:46.764 +00:00 [INF] Access token found: API.Models.AccessToken
2026-06-11 15:14:46.768 +00:00 [INF] Executed DbCommand (2ms) [Parameters=[@p1='?' (DbType = Int32), @p0='?' (DbType = Boolean)], CommandType='"Text"', CommandTimeout='30']
UPDATE "AccessTokens" SET "IsRevoked" = @p0
WHERE "ID" = @p1;
2026-06-11 15:14:46.768 +00:00 [INF] Access token AccessToken for user 1 revoked: true
2026-06-11 15:14:46.771 +00:00 [INF] Executed DbCommand (2ms) [Parameters=[@p0='?' (DbType = DateTime), @p1='?', @p2='?' (DbType = DateTime), @p3='?', @p4='?', @p5='?' (DbType = Int32)], CommandType='"Text"', CommandTimeout='30']
INSERT INTO "RefreshTokens" ("CreatedAt", "DeviceFingerprint", "ExpiresAt", "IpAddress", "TokenHash", "UserID")
VALUES (@p0, @p1, @p2, @p3, @p4, @p5)
RETURNING "ID", "IsRevoked";
2026-06-11 15:14:46.773 +00:00 [INF] Executed DbCommand (1ms) [Parameters=[@__tokenHash_0='?', @__userId_1='?' (DbType = Int32), @__deviceFingerprint_2='?', @__ipAddress_3='?'], CommandType='"Text"', CommandTimeout='30']
SELECT r."ID", r."CreatedAt", r."DeviceFingerprint", r."ExpiresAt", r."IpAddress", r."IsRevoked", r."TokenHash", r."UserID"
FROM "RefreshTokens" AS r
WHERE r."TokenHash" = @__tokenHash_0 AND r."UserID" = @__userId_1 AND r."DeviceFingerprint" = @__deviceFingerprint_2 AND r."IpAddress" = @__ipAddress_3
LIMIT 1
2026-06-11 15:14:46.775 +00:00 [INF] Executed DbCommand (2ms) [Parameters=[@p1='?' (DbType = Int32), @p0='?' (DbType = Boolean)], CommandType='"Text"', CommandTimeout='30']
UPDATE "RefreshTokens" SET "IsRevoked" = @p0
WHERE "ID" = @p1;
2026-06-11 15:14:46.776 +00:00 [INF] Refresh token +4rQV9CP1jPPi5S7ITFBwIt9TsHV/sayvz9VEhaAawU= for user 1 revoked: true
2026-06-11 15:14:46.776 +00:00 [INF] Token refreshed successfully for user 1 at "2026-06-11T15:14:46.7766057Z"
2026-06-11 15:14:46.778 +00:00 [INF] Executing OkObjectResult, writing value of type '<>f__AnonymousType3`2[[System.Boolean, System.Private.CoreLib, Version=9.0.0.0, Culture=neutral, PublicKeyToken=7cec85d7bea7798e],[System.Int32, System.Private.CoreLib, Version=9.0.0.0, Culture=neutral, PublicKeyToken=7cec85d7bea7798e]]'.
2026-06-11 15:14:46.780 +00:00 [INF] Executed action API.Controllers.AuthController.RefreshToken (API) in 57.2631ms
2026-06-11 15:14:46.780 +00:00 [INF] Executed endpoint 'API.Controllers.AuthController.RefreshToken (API)'
2026-06-11 15:14:46.780 +00:00 [INF] Request finished HTTP/1.1 POST http://192.168.1.6:8080/api/auth/refresh - 200 null application/json; charset=utf-8 146.8786ms
2026-06-11 15:15:03.721 +00:00 [INF] Request starting HTTP/1.1 GET http://192.168.1.6:8080/api/user?page=1&limit=10 - null null
2026-06-11 15:15:03.721 +00:00 [INF] CORS policy execution successful.
2026-06-11 15:15:03.722 +00:00 [INF] ====== OnMessageReceived START ======
2026-06-11 15:15:03.722 +00:00 [INF] Available cookies: 2
2026-06-11 15:15:03.722 +00:00 [INF] Cookie: adminToken = 844 chars
2026-06-11 15:15:03.722 +00:00 [INF] Cookie: adminRefreshToken = 44 chars
2026-06-11 15:15:03.723 +00:00 [INF] Admin token found in cookies, length: 844
2026-06-11 15:15:03.723 +00:00 [INF] Admin token set in context
2026-06-11 15:15:03.723 +00:00 [INF] ====== OnMessageReceived END - Token set: true ======
2026-06-11 15:15:03.723 +00:00 [INF] Token validated successfully for user: lengyelnorbi
2026-06-11 15:15:03.724 +00:00 [INF] Device fingerprint headers - UA: Mozilla/5.0 (Windows NT 10.0; Win64; x64; rv:151.0) Gecko/20100101 Firefox/151.0, Accept: application/json, text/plain, */*, Encoding: gzip, deflate
2026-06-11 15:15:03.724 +00:00 [INF] Device fingerprint validation: Stored=/a2uf4z8rcBIhIr7KGbd6aahMr80Bhj+9uyLiYNZ66A=, Current=/a2uf4z8rcBIhIr7KGbd6aahMr80Bhj+9uyLiYNZ66A=
2026-06-11 15:15:03.728 +00:00 [INF] Request starting HTTP/1.1 GET http://192.168.1.6:8080/api/user - null null
2026-06-11 15:15:03.728 +00:00 [INF] CORS policy execution successful.
2026-06-11 15:15:03.729 +00:00 [INF] ====== OnMessageReceived START ======
2026-06-11 15:15:03.729 +00:00 [INF] Available cookies: 2
2026-06-11 15:15:03.729 +00:00 [INF] Executed DbCommand (2ms) [Parameters=[@__jti_0='?', @__userId_1='?' (DbType = Int32)], CommandType='"Text"', CommandTimeout='30']
SELECT a."ID", a."CreatedAt", a."DeviceFingerprint", a."ExpiresAt", a."IpAddress", a."IsRevoked", a."UserID", a.jti
FROM "AccessTokens" AS a
WHERE a.jti = @__jti_0 AND a."UserID" = @__userId_1 AND NOT (a."IsRevoked") AND a."ExpiresAt" > now()
LIMIT 1
2026-06-11 15:15:03.729 +00:00 [INF] Cookie: adminToken = 844 chars
2026-06-11 15:15:03.730 +00:00 [INF] Cookie: adminRefreshToken = 44 chars
2026-06-11 15:15:03.730 +00:00 [INF] Admin token found in cookies, length: 844
2026-06-11 15:15:03.730 +00:00 [INF] Executing endpoint 'API.Controllers.UserController.Get (API)'
2026-06-11 15:15:03.730 +00:00 [INF] Admin token set in context
2026-06-11 15:15:03.730 +00:00 [INF] ====== OnMessageReceived END - Token set: true ======
2026-06-11 15:15:03.731 +00:00 [INF] Route matched with {action = "Get", controller = "User"}. Executing controller action with signature System.Threading.Tasks.Task`1[System.Collections.Generic.IEnumerable`1[API.DTO.UserDTO]] Get() on controller API.Controllers.UserController (API).
2026-06-11 15:15:03.731 +00:00 [INF] Token validated successfully for user: lengyelnorbi
2026-06-11 15:15:03.731 +00:00 [INF] Device fingerprint headers - UA: Mozilla/5.0 (Windows NT 10.0; Win64; x64; rv:151.0) Gecko/20100101 Firefox/151.0, Accept: application/json, text/plain, */*, Encoding: gzip, deflate
2026-06-11 15:15:03.731 +00:00 [INF] Device fingerprint validation: Stored=/a2uf4z8rcBIhIr7KGbd6aahMr80Bhj+9uyLiYNZ66A=, Current=/a2uf4z8rcBIhIr7KGbd6aahMr80Bhj+9uyLiYNZ66A=
2026-06-11 15:15:03.732 +00:00 [INF] Fetching user data from database...
2026-06-11 15:15:03.734 +00:00 [INF] Executed DbCommand (1ms) [Parameters=[], CommandType='"Text"', CommandTimeout='30']
SELECT u."ID", u."Email", u."PasswordHash", u."RegisteredAt", u."Role", u."Username"
FROM "Users" AS u
2026-06-11 15:15:03.735 +00:00 [INF] Executing ObjectResult, writing value of type 'System.Collections.Generic.List`1[[API.DTO.UserDTO, API, Version=1.0.0.0, Culture=neutral, PublicKeyToken=null]]'.
2026-06-11 15:15:03.738 +00:00 [INF] Executed action API.Controllers.UserController.Get (API) in 6.9079ms
2026-06-11 15:15:03.738 +00:00 [INF] Executed endpoint 'API.Controllers.UserController.Get (API)'
2026-06-11 15:15:03.739 +00:00 [INF] Request finished HTTP/1.1 GET http://192.168.1.6:8080/api/user?page=1&limit=10 - 200 null application/json; charset=utf-8 18.0438ms
2026-06-11 15:15:03.748 +00:00 [INF] Executed DbCommand (3ms) [Parameters=[@__jti_0='?', @__userId_1='?' (DbType = Int32)], CommandType='"Text"', CommandTimeout='30']
SELECT a."ID", a."CreatedAt", a."DeviceFingerprint", a."ExpiresAt", a."IpAddress", a."IsRevoked", a."UserID", a.jti
FROM "AccessTokens" AS a
WHERE a.jti = @__jti_0 AND a."UserID" = @__userId_1 AND NOT (a."IsRevoked") AND a."ExpiresAt" > now()
LIMIT 1
2026-06-11 15:15:03.748 +00:00 [INF] Executing endpoint 'API.Controllers.UserController.Get (API)'
2026-06-11 15:15:03.749 +00:00 [INF] Route matched with {action = "Get", controller = "User"}. Executing controller action with signature System.Threading.Tasks.Task`1[System.Collections.Generic.IEnumerable`1[API.DTO.UserDTO]] Get() on controller API.Controllers.UserController (API).
2026-06-11 15:15:03.749 +00:00 [INF] Fetching user data from database...
2026-06-11 15:15:03.751 +00:00 [INF] Executed DbCommand (1ms) [Parameters=[], CommandType='"Text"', CommandTimeout='30']
SELECT u."ID", u."Email", u."PasswordHash", u."RegisteredAt", u."Role", u."Username"
FROM "Users" AS u
2026-06-11 15:15:03.751 +00:00 [INF] Executing ObjectResult, writing value of type 'System.Collections.Generic.List`1[[API.DTO.UserDTO, API, Version=1.0.0.0, Culture=neutral, PublicKeyToken=null]]'.
2026-06-11 15:15:03.752 +00:00 [INF] Executed action API.Controllers.UserController.Get (API) in 2.7981ms
2026-06-11 15:15:03.752 +00:00 [INF] Executed endpoint 'API.Controllers.UserController.Get (API)'
2026-06-11 15:15:03.752 +00:00 [INF] Request finished HTTP/1.1 GET http://192.168.1.6:8080/api/user - 200 null application/json; charset=utf-8 24.5874ms
2026-06-11 15:15:13.058 +00:00 [INF] Request starting HTTP/1.1 GET http://192.168.1.6:8080/api/user?page=1&limit=10 - null null
2026-06-11 15:15:13.058 +00:00 [INF] CORS policy execution successful.
2026-06-11 15:15:13.058 +00:00 [INF] Request starting HTTP/1.1 GET http://192.168.1.6:8080/api/user - null null
2026-06-11 15:15:13.058 +00:00 [INF] ====== OnMessageReceived START ======
2026-06-11 15:15:13.059 +00:00 [INF] Available cookies: 2
2026-06-11 15:15:13.060 +00:00 [INF] CORS policy execution successful.
2026-06-11 15:15:13.065 +00:00 [INF] Cookie: adminToken = 844 chars
2026-06-11 15:15:13.065 +00:00 [INF] ====== OnMessageReceived START ======
2026-06-11 15:15:13.065 +00:00 [INF] Cookie: adminRefreshToken = 44 chars
2026-06-11 15:15:13.066 +00:00 [INF] Available cookies: 2
2026-06-11 15:15:13.066 +00:00 [INF] Admin token found in cookies, length: 844
2026-06-11 15:15:13.066 +00:00 [INF] Cookie: adminToken = 844 chars
2026-06-11 15:15:13.066 +00:00 [INF] Admin token set in context
2026-06-11 15:15:13.066 +00:00 [INF] Cookie: adminRefreshToken = 44 chars
2026-06-11 15:15:13.066 +00:00 [INF] ====== OnMessageReceived END - Token set: true ======
2026-06-11 15:15:13.067 +00:00 [INF] Admin token found in cookies, length: 844
2026-06-11 15:15:13.067 +00:00 [INF] Admin token set in context
2026-06-11 15:15:13.067 +00:00 [INF] Token validated successfully for user: lengyelnorbi
2026-06-11 15:15:13.067 +00:00 [INF] ====== OnMessageReceived END - Token set: true ======
2026-06-11 15:15:13.067 +00:00 [INF] Device fingerprint headers - UA: Mozilla/5.0 (Windows NT 10.0; Win64; x64; rv:151.0) Gecko/20100101 Firefox/151.0, Accept: application/json, text/plain, */*, Encoding: gzip, deflate
2026-06-11 15:15:13.068 +00:00 [INF] Device fingerprint validation: Stored=/a2uf4z8rcBIhIr7KGbd6aahMr80Bhj+9uyLiYNZ66A=, Current=/a2uf4z8rcBIhIr7KGbd6aahMr80Bhj+9uyLiYNZ66A=
2026-06-11 15:15:13.068 +00:00 [INF] Token validated successfully for user: lengyelnorbi
2026-06-11 15:15:13.068 +00:00 [INF] Device fingerprint headers - UA: Mozilla/5.0 (Windows NT 10.0; Win64; x64; rv:151.0) Gecko/20100101 Firefox/151.0, Accept: application/json, text/plain, */*, Encoding: gzip, deflate
2026-06-11 15:15:13.068 +00:00 [INF] Device fingerprint validation: Stored=/a2uf4z8rcBIhIr7KGbd6aahMr80Bhj+9uyLiYNZ66A=, Current=/a2uf4z8rcBIhIr7KGbd6aahMr80Bhj+9uyLiYNZ66A=
2026-06-11 15:15:13.072 +00:00 [INF] Executed DbCommand (2ms) [Parameters=[@__jti_0='?', @__userId_1='?' (DbType = Int32)], CommandType='"Text"', CommandTimeout='30']
SELECT a."ID", a."CreatedAt", a."DeviceFingerprint", a."ExpiresAt", a."IpAddress", a."IsRevoked", a."UserID", a.jti
FROM "AccessTokens" AS a
WHERE a.jti = @__jti_0 AND a."UserID" = @__userId_1 AND NOT (a."IsRevoked") AND a."ExpiresAt" > now()
LIMIT 1
2026-06-11 15:15:13.072 +00:00 [INF] Executed DbCommand (2ms) [Parameters=[@__jti_0='?', @__userId_1='?' (DbType = Int32)], CommandType='"Text"', CommandTimeout='30']
SELECT a."ID", a."CreatedAt", a."DeviceFingerprint", a."ExpiresAt", a."IpAddress", a."IsRevoked", a."UserID", a.jti
FROM "AccessTokens" AS a
WHERE a.jti = @__jti_0 AND a."UserID" = @__userId_1 AND NOT (a."IsRevoked") AND a."ExpiresAt" > now()
LIMIT 1
2026-06-11 15:15:13.072 +00:00 [INF] Executing endpoint 'API.Controllers.UserController.Get (API)'
2026-06-11 15:15:13.072 +00:00 [INF] Executing endpoint 'API.Controllers.UserController.Get (API)'
2026-06-11 15:15:13.072 +00:00 [INF] Route matched with {action = "Get", controller = "User"}. Executing controller action with signature System.Threading.Tasks.Task`1[System.Collections.Generic.IEnumerable`1[API.DTO.UserDTO]] Get() on controller API.Controllers.UserController (API).
2026-06-11 15:15:13.072 +00:00 [INF] Route matched with {action = "Get", controller = "User"}. Executing controller action with signature System.Threading.Tasks.Task`1[System.Collections.Generic.IEnumerable`1[API.DTO.UserDTO]] Get() on controller API.Controllers.UserController (API).
2026-06-11 15:15:13.073 +00:00 [INF] Fetching user data from database...
2026-06-11 15:15:13.073 +00:00 [INF] Fetching user data from database...
2026-06-11 15:15:13.074 +00:00 [INF] Executed DbCommand (1ms) [Parameters=[], CommandType='"Text"', CommandTimeout='30']
SELECT u."ID", u."Email", u."PasswordHash", u."RegisteredAt", u."Role", u."Username"
FROM "Users" AS u
2026-06-11 15:15:13.075 +00:00 [INF] Executed DbCommand (2ms) [Parameters=[], CommandType='"Text"', CommandTimeout='30']
SELECT u."ID", u."Email", u."PasswordHash", u."RegisteredAt", u."Role", u."Username"
FROM "Users" AS u
2026-06-11 15:15:13.075 +00:00 [INF] Executing ObjectResult, writing value of type 'System.Collections.Generic.List`1[[API.DTO.UserDTO, API, Version=1.0.0.0, Culture=neutral, PublicKeyToken=null]]'.
2026-06-11 15:15:13.075 +00:00 [INF] Executing ObjectResult, writing value of type 'System.Collections.Generic.List`1[[API.DTO.UserDTO, API, Version=1.0.0.0, Culture=neutral, PublicKeyToken=null]]'.
2026-06-11 15:15:13.075 +00:00 [INF] Executed action API.Controllers.UserController.Get (API) in 2.7779ms
2026-06-11 15:15:13.076 +00:00 [INF] Executed endpoint 'API.Controllers.UserController.Get (API)'
2026-06-11 15:15:13.076 +00:00 [INF] Executed action API.Controllers.UserController.Get (API) in 3.0836ms
2026-06-11 15:15:13.076 +00:00 [INF] Executed endpoint 'API.Controllers.UserController.Get (API)'
2026-06-11 15:15:13.076 +00:00 [INF] Request finished HTTP/1.1 GET http://192.168.1.6:8080/api/user?page=1&limit=10 - 200 null application/json; charset=utf-8 18.128ms
2026-06-11 15:15:13.076 +00:00 [INF] Request finished HTTP/1.1 GET http://192.168.1.6:8080/api/user - 200 null application/json; charset=utf-8 17.7768ms
2026-06-11 15:18:55.195 +00:00 [INF] Request starting HTTP/1.1 GET http://192.168.1.6:8080/api/user?page=1&limit=10 - null null
2026-06-11 15:18:55.205 +00:00 [INF] Request starting HTTP/1.1 GET http://192.168.1.6:8080/api/user - null null
2026-06-11 15:18:55.209 +00:00 [INF] CORS policy execution successful.
2026-06-11 15:18:55.211 +00:00 [INF] CORS policy execution successful.
2026-06-11 15:18:55.212 +00:00 [INF] ====== OnMessageReceived START ======
2026-06-11 15:18:55.212 +00:00 [INF] ====== OnMessageReceived START ======
2026-06-11 15:18:55.213 +00:00 [INF] Available cookies: 2
2026-06-11 15:18:55.213 +00:00 [INF] Available cookies: 2
2026-06-11 15:18:55.213 +00:00 [INF] Cookie: adminToken = 844 chars
2026-06-11 15:18:55.213 +00:00 [INF] Cookie: adminToken = 844 chars
2026-06-11 15:18:55.213 +00:00 [INF] Cookie: adminRefreshToken = 44 chars
2026-06-11 15:18:55.213 +00:00 [INF] Cookie: adminRefreshToken = 44 chars
2026-06-11 15:18:55.214 +00:00 [INF] Admin token found in cookies, length: 844
2026-06-11 15:18:55.214 +00:00 [INF] Admin token found in cookies, length: 844
2026-06-11 15:18:55.214 +00:00 [INF] Admin token set in context
2026-06-11 15:18:55.214 +00:00 [INF] Admin token set in context
2026-06-11 15:18:55.214 +00:00 [INF] ====== OnMessageReceived END - Token set: true ======
2026-06-11 15:18:55.215 +00:00 [INF] ====== OnMessageReceived END - Token set: true ======
2026-06-11 15:18:55.218 +00:00 [INF] Token validated successfully for user: lengyelnorbi
2026-06-11 15:18:55.218 +00:00 [INF] Token validated successfully for user: lengyelnorbi
2026-06-11 15:18:55.218 +00:00 [INF] Device fingerprint headers - UA: Mozilla/5.0 (Windows NT 10.0; Win64; x64; rv:151.0) Gecko/20100101 Firefox/151.0, Accept: application/json, text/plain, */*, Encoding: gzip, deflate
2026-06-11 15:18:55.219 +00:00 [INF] Device fingerprint headers - UA: Mozilla/5.0 (Windows NT 10.0; Win64; x64; rv:151.0) Gecko/20100101 Firefox/151.0, Accept: application/json, text/plain, */*, Encoding: gzip, deflate
2026-06-11 15:18:55.219 +00:00 [INF] Device fingerprint validation: Stored=/a2uf4z8rcBIhIr7KGbd6aahMr80Bhj+9uyLiYNZ66A=, Current=/a2uf4z8rcBIhIr7KGbd6aahMr80Bhj+9uyLiYNZ66A=
2026-06-11 15:18:55.219 +00:00 [INF] Device fingerprint validation: Stored=/a2uf4z8rcBIhIr7KGbd6aahMr80Bhj+9uyLiYNZ66A=, Current=/a2uf4z8rcBIhIr7KGbd6aahMr80Bhj+9uyLiYNZ66A=
2026-06-11 15:18:55.251 +00:00 [INF] Executed DbCommand (7ms) [Parameters=[@__jti_0='?', @__userId_1='?' (DbType = Int32)], CommandType='"Text"', CommandTimeout='30']
SELECT a."ID", a."CreatedAt", a."DeviceFingerprint", a."ExpiresAt", a."IpAddress", a."IsRevoked", a."UserID", a.jti
FROM "AccessTokens" AS a
WHERE a.jti = @__jti_0 AND a."UserID" = @__userId_1 AND NOT (a."IsRevoked") AND a."ExpiresAt" > now()
LIMIT 1
2026-06-11 15:18:55.251 +00:00 [INF] Executed DbCommand (8ms) [Parameters=[@__jti_0='?', @__userId_1='?' (DbType = Int32)], CommandType='"Text"', CommandTimeout='30']
SELECT a."ID", a."CreatedAt", a."DeviceFingerprint", a."ExpiresAt", a."IpAddress", a."IsRevoked", a."UserID", a.jti
FROM "AccessTokens" AS a
WHERE a.jti = @__jti_0 AND a."UserID" = @__userId_1 AND NOT (a."IsRevoked") AND a."ExpiresAt" > now()
LIMIT 1
2026-06-11 15:18:55.254 +00:00 [INF] Executing endpoint 'API.Controllers.UserController.Get (API)'
2026-06-11 15:18:55.254 +00:00 [INF] Executing endpoint 'API.Controllers.UserController.Get (API)'
2026-06-11 15:18:55.255 +00:00 [INF] Route matched with {action = "Get", controller = "User"}. Executing controller action with signature System.Threading.Tasks.Task`1[System.Collections.Generic.IEnumerable`1[API.DTO.UserDTO]] Get() on controller API.Controllers.UserController (API).
2026-06-11 15:18:55.255 +00:00 [INF] Route matched with {action = "Get", controller = "User"}. Executing controller action with signature System.Threading.Tasks.Task`1[System.Collections.Generic.IEnumerable`1[API.DTO.UserDTO]] Get() on controller API.Controllers.UserController (API).
2026-06-11 15:18:55.256 +00:00 [INF] Fetching user data from database...
2026-06-11 15:18:55.256 +00:00 [INF] Fetching user data from database...
2026-06-11 15:18:55.258 +00:00 [INF] Executed DbCommand (2ms) [Parameters=[], CommandType='"Text"', CommandTimeout='30']
SELECT u."ID", u."Email", u."PasswordHash", u."RegisteredAt", u."Role", u."Username"
FROM "Users" AS u
2026-06-11 15:18:55.258 +00:00 [INF] Executed DbCommand (2ms) [Parameters=[], CommandType='"Text"', CommandTimeout='30']
SELECT u."ID", u."Email", u."PasswordHash", u."RegisteredAt", u."Role", u."Username"
FROM "Users" AS u
2026-06-11 15:18:55.260 +00:00 [INF] Executing ObjectResult, writing value of type 'System.Collections.Generic.List`1[[API.DTO.UserDTO, API, Version=1.0.0.0, Culture=neutral, PublicKeyToken=null]]'.
2026-06-11 15:18:55.260 +00:00 [INF] Executing ObjectResult, writing value of type 'System.Collections.Generic.List`1[[API.DTO.UserDTO, API, Version=1.0.0.0, Culture=neutral, PublicKeyToken=null]]'.
2026-06-11 15:18:55.262 +00:00 [INF] Executed action API.Controllers.UserController.Get (API) in 6.8763ms
2026-06-11 15:18:55.262 +00:00 [INF] Executed endpoint 'API.Controllers.UserController.Get (API)'
2026-06-11 15:18:55.263 +00:00 [INF] Request finished HTTP/1.1 GET http://192.168.1.6:8080/api/user - 200 null application/json; charset=utf-8 57.8103ms
2026-06-11 15:18:55.263 +00:00 [INF] Executed action API.Controllers.UserController.Get (API) in 7.6992ms
2026-06-11 15:18:55.263 +00:00 [INF] Executed endpoint 'API.Controllers.UserController.Get (API)'
2026-06-11 15:18:55.264 +00:00 [INF] Request finished HTTP/1.1 GET http://192.168.1.6:8080/api/user?page=1&limit=10 - 200 null application/json; charset=utf-8 68.6868ms
2026-06-11 15:18:58.224 +00:00 [INF] Request starting HTTP/1.1 OPTIONS http://192.168.1.6:8080/api/password/generate-password - null null
2026-06-11 15:18:58.227 +00:00 [INF] CORS policy execution successful.
2026-06-11 15:18:58.229 +00:00 [INF] Request finished HTTP/1.1 OPTIONS http://192.168.1.6:8080/api/password/generate-password - 204 null null 3.8247ms
2026-06-11 15:18:58.232 +00:00 [INF] Request starting HTTP/1.1 POST http://192.168.1.6:8080/api/password/generate-password - application/json 43
2026-06-11 15:18:58.232 +00:00 [INF] CORS policy execution successful.
2026-06-11 15:18:58.233 +00:00 [INF] ====== OnMessageReceived START ======
2026-06-11 15:18:58.233 +00:00 [INF] Available cookies: 2
2026-06-11 15:18:58.233 +00:00 [INF] Cookie: adminToken = 844 chars
2026-06-11 15:18:58.234 +00:00 [INF] Cookie: adminRefreshToken = 44 chars
2026-06-11 15:18:58.234 +00:00 [INF] Admin token found in cookies, length: 844
2026-06-11 15:18:58.234 +00:00 [INF] Admin token set in context
2026-06-11 15:18:58.234 +00:00 [INF] ====== OnMessageReceived END - Token set: true ======
2026-06-11 15:18:58.234 +00:00 [INF] Token validated successfully for user: lengyelnorbi
2026-06-11 15:18:58.235 +00:00 [INF] Device fingerprint headers - UA: Mozilla/5.0 (Windows NT 10.0; Win64; x64; rv:151.0) Gecko/20100101 Firefox/151.0, Accept: */*, Encoding: gzip, deflate
2026-06-11 15:18:58.235 +00:00 [INF] Device fingerprint validation: Stored=/a2uf4z8rcBIhIr7KGbd6aahMr80Bhj+9uyLiYNZ66A=, Current=/a2uf4z8rcBIhIr7KGbd6aahMr80Bhj+9uyLiYNZ66A=
2026-06-11 15:18:58.239 +00:00 [INF] Executed DbCommand (1ms) [Parameters=[@__jti_0='?', @__userId_1='?' (DbType = Int32)], CommandType='"Text"', CommandTimeout='30']
SELECT a."ID", a."CreatedAt", a."DeviceFingerprint", a."ExpiresAt", a."IpAddress", a."IsRevoked", a."UserID", a.jti
FROM "AccessTokens" AS a
WHERE a.jti = @__jti_0 AND a."UserID" = @__userId_1 AND NOT (a."IsRevoked") AND a."ExpiresAt" > now()
LIMIT 1
2026-06-11 15:18:58.241 +00:00 [INF] Executing endpoint 'API.Controllers.PasswordController.GeneratePassword (API)'
2026-06-11 15:18:58.244 +00:00 [INF] Route matched with {action = "GeneratePassword", controller = "Password"}. Executing controller action with signature System.Threading.Tasks.Task`1[Microsoft.AspNetCore.Mvc.IActionResult] GeneratePassword(API.Models.RequestModels.GeneratePwdRequest) on controller API.Controllers.PasswordController (API).
2026-06-11 15:18:58.256 +00:00 [INF] Executing OkObjectResult, writing value of type '<>f__AnonymousType4`1[[System.String, System.Private.CoreLib, Version=9.0.0.0, Culture=neutral, PublicKeyToken=7cec85d7bea7798e]]'.
2026-06-11 15:18:58.257 +00:00 [INF] Executed action API.Controllers.PasswordController.GeneratePassword (API) in 12.555ms
2026-06-11 15:18:58.257 +00:00 [INF] Executed endpoint 'API.Controllers.PasswordController.GeneratePassword (API)'
2026-06-11 15:18:58.257 +00:00 [INF] Request finished HTTP/1.1 POST http://192.168.1.6:8080/api/password/generate-password - 200 null application/json; charset=utf-8 25.4972ms
2026-06-11 15:19:17.711 +00:00 [INF] Request starting HTTP/1.1 OPTIONS http://192.168.1.6:8080/api/auth/refresh - null null
2026-06-11 15:19:17.711 +00:00 [INF] CORS policy execution successful.
2026-06-11 15:19:17.712 +00:00 [INF] Request finished HTTP/1.1 OPTIONS http://192.168.1.6:8080/api/auth/refresh - 204 null null 0.8534ms
2026-06-11 15:19:17.717 +00:00 [INF] Request starting HTTP/1.1 POST http://192.168.1.6:8080/api/auth/refresh - application/json 18
2026-06-11 15:19:17.717 +00:00 [INF] CORS policy execution successful.
2026-06-11 15:19:17.717 +00:00 [INF] ====== OnMessageReceived START ======
2026-06-11 15:19:17.717 +00:00 [INF] Available cookies: 2
2026-06-11 15:19:17.718 +00:00 [INF] Cookie: adminToken = 844 chars
2026-06-11 15:19:17.718 +00:00 [INF] Cookie: adminRefreshToken = 44 chars
2026-06-11 15:19:17.718 +00:00 [INF] Admin token found in cookies, length: 844
2026-06-11 15:19:17.718 +00:00 [INF] Admin token set in context
2026-06-11 15:19:17.718 +00:00 [INF] ====== OnMessageReceived END - Token set: true ======
2026-06-11 15:19:17.719 +00:00 [INF] Token validated successfully for user: lengyelnorbi
2026-06-11 15:19:17.719 +00:00 [INF] Device fingerprint headers - UA: Mozilla/5.0 (Windows NT 10.0; Win64; x64; rv:151.0) Gecko/20100101 Firefox/151.0, Accept: */*, Encoding: gzip, deflate
2026-06-11 15:19:17.719 +00:00 [INF] Device fingerprint validation: Stored=/a2uf4z8rcBIhIr7KGbd6aahMr80Bhj+9uyLiYNZ66A=, Current=/a2uf4z8rcBIhIr7KGbd6aahMr80Bhj+9uyLiYNZ66A=
2026-06-11 15:19:17.722 +00:00 [INF] Executed DbCommand (2ms) [Parameters=[@__jti_0='?', @__userId_1='?' (DbType = Int32)], CommandType='"Text"', CommandTimeout='30']
SELECT a."ID", a."CreatedAt", a."DeviceFingerprint", a."ExpiresAt", a."IpAddress", a."IsRevoked", a."UserID", a.jti
FROM "AccessTokens" AS a
WHERE a.jti = @__jti_0 AND a."UserID" = @__userId_1 AND NOT (a."IsRevoked") AND a."ExpiresAt" > now()
LIMIT 1
2026-06-11 15:19:17.722 +00:00 [INF] Executing endpoint 'API.Controllers.AuthController.RefreshToken (API)'
2026-06-11 15:19:17.722 +00:00 [INF] Route matched with {action = "RefreshToken", controller = "Auth"}. Executing controller action with signature System.Threading.Tasks.Task`1[Microsoft.AspNetCore.Mvc.IActionResult] RefreshToken(API.Models.RequestModels.RefreshRequest) on controller API.Controllers.AuthController (API).
2026-06-11 15:19:17.724 +00:00 [INF] Token refresh attempt at "2026-06-11T15:19:17.7243516Z"
2026-06-11 15:19:17.725 +00:00 [INF] Refreshing admin token at "2026-06-11T15:19:17.7251071Z"
2026-06-11 15:19:17.735 +00:00 [INF] Executed DbCommand (8ms) [Parameters=[@__tokenHash_0='?'], CommandType='"Text"', CommandTimeout='30']
SELECT r."ID", r."CreatedAt", r."DeviceFingerprint", r."ExpiresAt", r."IpAddress", r."IsRevoked", r."TokenHash", r."UserID"
FROM "RefreshTokens" AS r
WHERE r."TokenHash" = @__tokenHash_0 AND NOT (r."IsRevoked") AND r."ExpiresAt" > now()
ORDER BY r."CreatedAt" DESC
LIMIT 1
2026-06-11 15:19:17.736 +00:00 [INF] Mozilla/5.0 (Windows NT 10.0; Win64; x64; rv:151.0) Gecko/20100101 Firefox/151.0
2026-06-11 15:19:17.737 +00:00 [INF] Fetching user by ID from database...
2026-06-11 15:19:17.739 +00:00 [INF] Executed DbCommand (1ms) [Parameters=[@__id_0='?' (DbType = Int32)], CommandType='"Text"', CommandTimeout='30']
SELECT u."ID", u."Email", u."PasswordHash", u."RegisteredAt", u."Role", u."Username"
FROM "Users" AS u
WHERE u."ID" = @__id_0
LIMIT 1
2026-06-11 15:19:17.759 +00:00 [INF] Executed DbCommand (8ms) [Parameters=[@p0='?' (DbType = DateTime), @p1='?', @p2='?' (DbType = DateTime), @p3='?', @p4='?' (DbType = Int32), @p5='?'], CommandType='"Text"', CommandTimeout='30']
INSERT INTO "AccessTokens" ("CreatedAt", "DeviceFingerprint", "ExpiresAt", "IpAddress", "UserID", jti)
VALUES (@p0, @p1, @p2, @p3, @p4, @p5)
RETURNING "ID", "IsRevoked";
2026-06-11 15:19:17.763 +00:00 [INF] Executed DbCommand (1ms) [Parameters=[@__jti_0='?', @__userID_1='?' (DbType = Int32), @__deviceFingerprint_2='?', @__ipAddress_3='?'], CommandType='"Text"', CommandTimeout='30']
SELECT a."ID", a."CreatedAt", a."DeviceFingerprint", a."ExpiresAt", a."IpAddress", a."IsRevoked", a."UserID", a.jti
FROM "AccessTokens" AS a
WHERE a.jti = @__jti_0 AND a."UserID" = @__userID_1 AND a."DeviceFingerprint" = @__deviceFingerprint_2 AND a."IpAddress" = @__ipAddress_3
LIMIT 1
2026-06-11 15:19:17.764 +00:00 [INF] Attempting to revoke access token with jti eeea70d8-dc5a-4b31-b9f7-3da2c1ef574e for user 1 from device /a2uf4z8rcBIhIr7KGbd6aahMr80Bhj+9uyLiYNZ66A= and IP ::ffff:172.20.0.1
2026-06-11 15:19:17.764 +00:00 [INF] Access token found: API.Models.AccessToken
2026-06-11 15:19:17.767 +00:00 [INF] Executed DbCommand (2ms) [Parameters=[@p1='?' (DbType = Int32), @p0='?' (DbType = Boolean)], CommandType='"Text"', CommandTimeout='30']
UPDATE "AccessTokens" SET "IsRevoked" = @p0
WHERE "ID" = @p1;
2026-06-11 15:19:17.767 +00:00 [INF] Access token AccessToken for user 1 revoked: true
2026-06-11 15:19:17.771 +00:00 [INF] Executed DbCommand (3ms) [Parameters=[@p0='?' (DbType = DateTime), @p1='?', @p2='?' (DbType = DateTime), @p3='?', @p4='?', @p5='?' (DbType = Int32)], CommandType='"Text"', CommandTimeout='30']
INSERT INTO "RefreshTokens" ("CreatedAt", "DeviceFingerprint", "ExpiresAt", "IpAddress", "TokenHash", "UserID")
VALUES (@p0, @p1, @p2, @p3, @p4, @p5)
RETURNING "ID", "IsRevoked";
2026-06-11 15:19:17.774 +00:00 [INF] Executed DbCommand (1ms) [Parameters=[@__tokenHash_0='?', @__userId_1='?' (DbType = Int32), @__deviceFingerprint_2='?', @__ipAddress_3='?'], CommandType='"Text"', CommandTimeout='30']
SELECT r."ID", r."CreatedAt", r."DeviceFingerprint", r."ExpiresAt", r."IpAddress", r."IsRevoked", r."TokenHash", r."UserID"
FROM "RefreshTokens" AS r
WHERE r."TokenHash" = @__tokenHash_0 AND r."UserID" = @__userId_1 AND r."DeviceFingerprint" = @__deviceFingerprint_2 AND r."IpAddress" = @__ipAddress_3
LIMIT 1
2026-06-11 15:19:17.776 +00:00 [INF] Executed DbCommand (2ms) [Parameters=[@p1='?' (DbType = Int32), @p0='?' (DbType = Boolean)], CommandType='"Text"', CommandTimeout='30']
UPDATE "RefreshTokens" SET "IsRevoked" = @p0
WHERE "ID" = @p1;
2026-06-11 15:19:17.776 +00:00 [INF] Refresh token Ig1MqHj89eHExBB8fEBQMqAhWTtolceU09zCaZpzai0= for user 1 revoked: true
2026-06-11 15:19:17.777 +00:00 [INF] Token refreshed successfully for user 1 at "2026-06-11T15:19:17.7770788Z"
2026-06-11 15:19:17.777 +00:00 [INF] Executing OkObjectResult, writing value of type '<>f__AnonymousType3`2[[System.Boolean, System.Private.CoreLib, Version=9.0.0.0, Culture=neutral, PublicKeyToken=7cec85d7bea7798e],[System.Int32, System.Private.CoreLib, Version=9.0.0.0, Culture=neutral, PublicKeyToken=7cec85d7bea7798e]]'.
2026-06-11 15:19:17.777 +00:00 [INF] Executed action API.Controllers.AuthController.RefreshToken (API) in 54.8368ms
2026-06-11 15:19:17.778 +00:00 [INF] Executed endpoint 'API.Controllers.AuthController.RefreshToken (API)'
2026-06-11 15:19:17.778 +00:00 [INF] Request finished HTTP/1.1 POST http://192.168.1.6:8080/api/auth/refresh - 200 null application/json; charset=utf-8 61.0909ms
2026-06-11 15:21:08.712 +00:00 [INF] Request starting HTTP/1.1 GET http://192.168.1.6:8080/api/user?page=1&limit=10 - null null
2026-06-11 15:21:08.715 +00:00 [INF] Request starting HTTP/1.1 GET http://192.168.1.6:8080/api/user - null null
2026-06-11 15:21:08.715 +00:00 [INF] CORS policy execution successful.
2026-06-11 15:21:08.716 +00:00 [INF] CORS policy execution successful.
2026-06-11 15:21:08.717 +00:00 [INF] ====== OnMessageReceived START ======
2026-06-11 15:21:08.717 +00:00 [INF] ====== OnMessageReceived START ======
2026-06-11 15:21:08.717 +00:00 [INF] Available cookies: 2
2026-06-11 15:21:08.717 +00:00 [INF] Available cookies: 2
2026-06-11 15:21:08.717 +00:00 [INF] Cookie: adminToken = 844 chars
2026-06-11 15:21:08.717 +00:00 [INF] Cookie: adminToken = 844 chars
2026-06-11 15:21:08.717 +00:00 [INF] Cookie: adminRefreshToken = 44 chars
2026-06-11 15:21:08.718 +00:00 [INF] Cookie: adminRefreshToken = 44 chars
2026-06-11 15:21:08.718 +00:00 [INF] Admin token found in cookies, length: 844
2026-06-11 15:21:08.718 +00:00 [INF] Admin token found in cookies, length: 844
2026-06-11 15:21:08.718 +00:00 [INF] Admin token set in context
2026-06-11 15:21:08.718 +00:00 [INF] Admin token set in context
2026-06-11 15:21:08.719 +00:00 [INF] ====== OnMessageReceived END - Token set: true ======
2026-06-11 15:21:08.719 +00:00 [INF] ====== OnMessageReceived END - Token set: true ======
2026-06-11 15:21:08.721 +00:00 [INF] Token validated successfully for user: lengyelnorbi
2026-06-11 15:21:08.721 +00:00 [INF] Token validated successfully for user: lengyelnorbi
2026-06-11 15:21:08.721 +00:00 [INF] Device fingerprint headers - UA: Mozilla/5.0 (Windows NT 10.0; Win64; x64; rv:151.0) Gecko/20100101 Firefox/151.0, Accept: application/json, text/plain, */*, Encoding: gzip, deflate
2026-06-11 15:21:08.721 +00:00 [INF] Device fingerprint headers - UA: Mozilla/5.0 (Windows NT 10.0; Win64; x64; rv:151.0) Gecko/20100101 Firefox/151.0, Accept: application/json, text/plain, */*, Encoding: gzip, deflate
2026-06-11 15:21:08.722 +00:00 [INF] Device fingerprint validation: Stored=/a2uf4z8rcBIhIr7KGbd6aahMr80Bhj+9uyLiYNZ66A=, Current=/a2uf4z8rcBIhIr7KGbd6aahMr80Bhj+9uyLiYNZ66A=
2026-06-11 15:21:08.722 +00:00 [INF] Device fingerprint validation: Stored=/a2uf4z8rcBIhIr7KGbd6aahMr80Bhj+9uyLiYNZ66A=, Current=/a2uf4z8rcBIhIr7KGbd6aahMr80Bhj+9uyLiYNZ66A=
2026-06-11 15:21:08.768 +00:00 [INF] Executed DbCommand (8ms) [Parameters=[@__jti_0='?', @__userId_1='?' (DbType = Int32)], CommandType='"Text"', CommandTimeout='30']
SELECT a."ID", a."CreatedAt", a."DeviceFingerprint", a."ExpiresAt", a."IpAddress", a."IsRevoked", a."UserID", a.jti
FROM "AccessTokens" AS a
WHERE a.jti = @__jti_0 AND a."UserID" = @__userId_1 AND NOT (a."IsRevoked") AND a."ExpiresAt" > now()
LIMIT 1
2026-06-11 15:21:08.768 +00:00 [INF] Executed DbCommand (8ms) [Parameters=[@__jti_0='?', @__userId_1='?' (DbType = Int32)], CommandType='"Text"', CommandTimeout='30']
SELECT a."ID", a."CreatedAt", a."DeviceFingerprint", a."ExpiresAt", a."IpAddress", a."IsRevoked", a."UserID", a.jti
FROM "AccessTokens" AS a
WHERE a.jti = @__jti_0 AND a."UserID" = @__userId_1 AND NOT (a."IsRevoked") AND a."ExpiresAt" > now()
LIMIT 1
2026-06-11 15:21:08.770 +00:00 [INF] Executing endpoint 'API.Controllers.UserController.Get (API)'
2026-06-11 15:21:08.770 +00:00 [INF] Executing endpoint 'API.Controllers.UserController.Get (API)'
2026-06-11 15:21:08.771 +00:00 [INF] Route matched with {action = "Get", controller = "User"}. Executing controller action with signature System.Threading.Tasks.Task`1[System.Collections.Generic.IEnumerable`1[API.DTO.UserDTO]] Get() on controller API.Controllers.UserController (API).
2026-06-11 15:21:08.771 +00:00 [INF] Route matched with {action = "Get", controller = "User"}. Executing controller action with signature System.Threading.Tasks.Task`1[System.Collections.Generic.IEnumerable`1[API.DTO.UserDTO]] Get() on controller API.Controllers.UserController (API).
2026-06-11 15:21:08.772 +00:00 [INF] Fetching user data from database...
2026-06-11 15:21:08.772 +00:00 [INF] Fetching user data from database...
2026-06-11 15:21:08.775 +00:00 [INF] Executed DbCommand (3ms) [Parameters=[], CommandType='"Text"', CommandTimeout='30']
SELECT u."ID", u."Email", u."PasswordHash", u."RegisteredAt", u."Role", u."Username"
FROM "Users" AS u
2026-06-11 15:21:08.775 +00:00 [INF] Executed DbCommand (3ms) [Parameters=[], CommandType='"Text"', CommandTimeout='30']
SELECT u."ID", u."Email", u."PasswordHash", u."RegisteredAt", u."Role", u."Username"
FROM "Users" AS u
2026-06-11 15:21:08.777 +00:00 [INF] Executing ObjectResult, writing value of type 'System.Collections.Generic.List`1[[API.DTO.UserDTO, API, Version=1.0.0.0, Culture=neutral, PublicKeyToken=null]]'.
2026-06-11 15:21:08.777 +00:00 [INF] Executing ObjectResult, writing value of type 'System.Collections.Generic.List`1[[API.DTO.UserDTO, API, Version=1.0.0.0, Culture=neutral, PublicKeyToken=null]]'.
2026-06-11 15:21:08.778 +00:00 [INF] Executed action API.Controllers.UserController.Get (API) in 6.4383ms
2026-06-11 15:21:08.778 +00:00 [INF] Executed action API.Controllers.UserController.Get (API) in 6.2774ms
2026-06-11 15:21:08.778 +00:00 [INF] Executed endpoint 'API.Controllers.UserController.Get (API)'
2026-06-11 15:21:08.778 +00:00 [INF] Executed endpoint 'API.Controllers.UserController.Get (API)'
2026-06-11 15:21:08.779 +00:00 [INF] Request finished HTTP/1.1 GET http://192.168.1.6:8080/api/user?page=1&limit=10 - 200 null application/json; charset=utf-8 67.138ms
2026-06-11 15:21:08.779 +00:00 [INF] Request finished HTTP/1.1 GET http://192.168.1.6:8080/api/user - 200 null application/json; charset=utf-8 63.9456ms
2026-06-11 15:21:14.108 +00:00 [INF] Request starting HTTP/1.1 OPTIONS http://192.168.1.6:8080/api/password/generate-password - null null
2026-06-11 15:21:14.108 +00:00 [INF] CORS policy execution successful.
2026-06-11 15:21:14.109 +00:00 [INF] Request finished HTTP/1.1 OPTIONS http://192.168.1.6:8080/api/password/generate-password - 204 null null 0.6449ms
2026-06-11 15:21:14.110 +00:00 [INF] Request starting HTTP/1.1 POST http://192.168.1.6:8080/api/password/generate-password - application/json 43
2026-06-11 15:21:14.111 +00:00 [INF] CORS policy execution successful.
2026-06-11 15:21:14.111 +00:00 [INF] ====== OnMessageReceived START ======
2026-06-11 15:21:14.111 +00:00 [INF] Available cookies: 2
2026-06-11 15:21:14.111 +00:00 [INF] Cookie: adminToken = 844 chars
2026-06-11 15:21:14.111 +00:00 [INF] Cookie: adminRefreshToken = 44 chars
2026-06-11 15:21:14.112 +00:00 [INF] Admin token found in cookies, length: 844
2026-06-11 15:21:14.112 +00:00 [INF] Admin token set in context
2026-06-11 15:21:14.112 +00:00 [INF] ====== OnMessageReceived END - Token set: true ======
2026-06-11 15:21:14.112 +00:00 [INF] Token validated successfully for user: lengyelnorbi
2026-06-11 15:21:14.112 +00:00 [INF] Device fingerprint headers - UA: Mozilla/5.0 (Windows NT 10.0; Win64; x64; rv:151.0) Gecko/20100101 Firefox/151.0, Accept: */*, Encoding: gzip, deflate
2026-06-11 15:21:14.113 +00:00 [INF] Device fingerprint validation: Stored=/a2uf4z8rcBIhIr7KGbd6aahMr80Bhj+9uyLiYNZ66A=, Current=/a2uf4z8rcBIhIr7KGbd6aahMr80Bhj+9uyLiYNZ66A=
2026-06-11 15:21:14.115 +00:00 [INF] Executed DbCommand (1ms) [Parameters=[@__jti_0='?', @__userId_1='?' (DbType = Int32)], CommandType='"Text"', CommandTimeout='30']
SELECT a."ID", a."CreatedAt", a."DeviceFingerprint", a."ExpiresAt", a."IpAddress", a."IsRevoked", a."UserID", a.jti
FROM "AccessTokens" AS a
WHERE a.jti = @__jti_0 AND a."UserID" = @__userId_1 AND NOT (a."IsRevoked") AND a."ExpiresAt" > now()
LIMIT 1
2026-06-11 15:21:14.115 +00:00 [INF] Executing endpoint 'API.Controllers.PasswordController.GeneratePassword (API)'
2026-06-11 15:21:14.116 +00:00 [INF] Route matched with {action = "GeneratePassword", controller = "Password"}. Executing controller action with signature System.Threading.Tasks.Task`1[Microsoft.AspNetCore.Mvc.IActionResult] GeneratePassword(API.Models.RequestModels.GeneratePwdRequest) on controller API.Controllers.PasswordController (API).
2026-06-11 15:21:14.118 +00:00 [INF] Executing OkObjectResult, writing value of type '<>f__AnonymousType4`1[[System.String, System.Private.CoreLib, Version=9.0.0.0, Culture=neutral, PublicKeyToken=7cec85d7bea7798e]]'.
2026-06-11 15:21:14.118 +00:00 [INF] Executed action API.Controllers.PasswordController.GeneratePassword (API) in 2.0552ms
2026-06-11 15:21:14.118 +00:00 [INF] Executed endpoint 'API.Controllers.PasswordController.GeneratePassword (API)'
2026-06-11 15:21:14.118 +00:00 [INF] Request finished HTTP/1.1 POST http://192.168.1.6:8080/api/password/generate-password - 200 null application/json; charset=utf-8 7.84ms
2026-06-11 15:23:47.931 +00:00 [INF] Request starting HTTP/1.1 OPTIONS http://192.168.1.6:8080/api/auth/refresh - null null
2026-06-11 15:23:47.935 +00:00 [INF] CORS policy execution successful.
2026-06-11 15:23:47.941 +00:00 [INF] Request finished HTTP/1.1 OPTIONS http://192.168.1.6:8080/api/auth/refresh - 204 null null 10.5937ms
2026-06-11 15:23:47.947 +00:00 [INF] Request starting HTTP/1.1 POST http://192.168.1.6:8080/api/auth/refresh - application/json 18
2026-06-11 15:23:47.947 +00:00 [INF] CORS policy execution successful.
2026-06-11 15:23:47.948 +00:00 [INF] ====== OnMessageReceived START ======
2026-06-11 15:23:47.948 +00:00 [INF] Available cookies: 2
2026-06-11 15:23:47.948 +00:00 [INF] Cookie: adminToken = 844 chars
2026-06-11 15:23:47.949 +00:00 [INF] Cookie: adminRefreshToken = 44 chars
2026-06-11 15:23:47.949 +00:00 [INF] Admin token found in cookies, length: 844
2026-06-11 15:23:47.949 +00:00 [INF] Admin token set in context
2026-06-11 15:23:47.949 +00:00 [INF] ====== OnMessageReceived END - Token set: true ======
2026-06-11 15:23:47.950 +00:00 [INF] Token validated successfully for user: lengyelnorbi
2026-06-11 15:23:47.950 +00:00 [INF] Device fingerprint headers - UA: Mozilla/5.0 (Windows NT 10.0; Win64; x64; rv:151.0) Gecko/20100101 Firefox/151.0, Accept: */*, Encoding: gzip, deflate
2026-06-11 15:23:47.950 +00:00 [INF] Device fingerprint validation: Stored=/a2uf4z8rcBIhIr7KGbd6aahMr80Bhj+9uyLiYNZ66A=, Current=/a2uf4z8rcBIhIr7KGbd6aahMr80Bhj+9uyLiYNZ66A=
2026-06-11 15:23:47.954 +00:00 [INF] Executed DbCommand (2ms) [Parameters=[@__jti_0='?', @__userId_1='?' (DbType = Int32)], CommandType='"Text"', CommandTimeout='30']
SELECT a."ID", a."CreatedAt", a."DeviceFingerprint", a."ExpiresAt", a."IpAddress", a."IsRevoked", a."UserID", a.jti
FROM "AccessTokens" AS a
WHERE a.jti = @__jti_0 AND a."UserID" = @__userId_1 AND NOT (a."IsRevoked") AND a."ExpiresAt" > now()
LIMIT 1
2026-06-11 15:23:47.954 +00:00 [INF] Executing endpoint 'API.Controllers.AuthController.RefreshToken (API)'
2026-06-11 15:23:47.955 +00:00 [INF] Route matched with {action = "RefreshToken", controller = "Auth"}. Executing controller action with signature System.Threading.Tasks.Task`1[Microsoft.AspNetCore.Mvc.IActionResult] RefreshToken(API.Models.RequestModels.RefreshRequest) on controller API.Controllers.AuthController (API).
2026-06-11 15:23:47.959 +00:00 [INF] Token refresh attempt at "2026-06-11T15:23:47.9592507Z"
2026-06-11 15:23:47.960 +00:00 [INF] Refreshing admin token at "2026-06-11T15:23:47.9607310Z"
2026-06-11 15:23:47.967 +00:00 [INF] Executed DbCommand (4ms) [Parameters=[@__tokenHash_0='?'], CommandType='"Text"', CommandTimeout='30']
SELECT r."ID", r."CreatedAt", r."DeviceFingerprint", r."ExpiresAt", r."IpAddress", r."IsRevoked", r."TokenHash", r."UserID"
FROM "RefreshTokens" AS r
WHERE r."TokenHash" = @__tokenHash_0 AND NOT (r."IsRevoked") AND r."ExpiresAt" > now()
ORDER BY r."CreatedAt" DESC
LIMIT 1
2026-06-11 15:23:47.968 +00:00 [INF] Mozilla/5.0 (Windows NT 10.0; Win64; x64; rv:151.0) Gecko/20100101 Firefox/151.0
2026-06-11 15:23:47.969 +00:00 [INF] Fetching user by ID from database...
2026-06-11 15:23:47.972 +00:00 [INF] Executed DbCommand (1ms) [Parameters=[@__id_0='?' (DbType = Int32)], CommandType='"Text"', CommandTimeout='30']
SELECT u."ID", u."Email", u."PasswordHash", u."RegisteredAt", u."Role", u."Username"
FROM "Users" AS u
WHERE u."ID" = @__id_0
LIMIT 1
2026-06-11 15:23:48.000 +00:00 [INF] Executed DbCommand (8ms) [Parameters=[@p0='?' (DbType = DateTime), @p1='?', @p2='?' (DbType = DateTime), @p3='?', @p4='?' (DbType = Int32), @p5='?'], CommandType='"Text"', CommandTimeout='30']
INSERT INTO "AccessTokens" ("CreatedAt", "DeviceFingerprint", "ExpiresAt", "IpAddress", "UserID", jti)
VALUES (@p0, @p1, @p2, @p3, @p4, @p5)
RETURNING "ID", "IsRevoked";
2026-06-11 15:23:48.006 +00:00 [INF] Executed DbCommand (1ms) [Parameters=[@__jti_0='?', @__userID_1='?' (DbType = Int32), @__deviceFingerprint_2='?', @__ipAddress_3='?'], CommandType='"Text"', CommandTimeout='30']
SELECT a."ID", a."CreatedAt", a."DeviceFingerprint", a."ExpiresAt", a."IpAddress", a."IsRevoked", a."UserID", a.jti
FROM "AccessTokens" AS a
WHERE a.jti = @__jti_0 AND a."UserID" = @__userID_1 AND a."DeviceFingerprint" = @__deviceFingerprint_2 AND a."IpAddress" = @__ipAddress_3
LIMIT 1
2026-06-11 15:23:48.006 +00:00 [INF] Attempting to revoke access token with jti e9d8a2d9-eaed-4afb-a588-653f3b7f941b for user 1 from device /a2uf4z8rcBIhIr7KGbd6aahMr80Bhj+9uyLiYNZ66A= and IP ::ffff:172.20.0.1
2026-06-11 15:23:48.007 +00:00 [INF] Access token found: API.Models.AccessToken
2026-06-11 15:23:48.011 +00:00 [INF] Executed DbCommand (2ms) [Parameters=[@p1='?' (DbType = Int32), @p0='?' (DbType = Boolean)], CommandType='"Text"', CommandTimeout='30']
UPDATE "AccessTokens" SET "IsRevoked" = @p0
WHERE "ID" = @p1;
2026-06-11 15:23:48.011 +00:00 [INF] Access token AccessToken for user 1 revoked: true
2026-06-11 15:23:48.015 +00:00 [INF] Executed DbCommand (3ms) [Parameters=[@p0='?' (DbType = DateTime), @p1='?', @p2='?' (DbType = DateTime), @p3='?', @p4='?', @p5='?' (DbType = Int32)], CommandType='"Text"', CommandTimeout='30']
INSERT INTO "RefreshTokens" ("CreatedAt", "DeviceFingerprint", "ExpiresAt", "IpAddress", "TokenHash", "UserID")
VALUES (@p0, @p1, @p2, @p3, @p4, @p5)
RETURNING "ID", "IsRevoked";
2026-06-11 15:23:48.020 +00:00 [INF] Executed DbCommand (2ms) [Parameters=[@__tokenHash_0='?', @__userId_1='?' (DbType = Int32), @__deviceFingerprint_2='?', @__ipAddress_3='?'], CommandType='"Text"', CommandTimeout='30']
SELECT r."ID", r."CreatedAt", r."DeviceFingerprint", r."ExpiresAt", r."IpAddress", r."IsRevoked", r."TokenHash", r."UserID"
FROM "RefreshTokens" AS r
WHERE r."TokenHash" = @__tokenHash_0 AND r."UserID" = @__userId_1 AND r."DeviceFingerprint" = @__deviceFingerprint_2 AND r."IpAddress" = @__ipAddress_3
LIMIT 1
2026-06-11 15:23:48.023 +00:00 [INF] Executed DbCommand (2ms) [Parameters=[@p1='?' (DbType = Int32), @p0='?' (DbType = Boolean)], CommandType='"Text"', CommandTimeout='30']
UPDATE "RefreshTokens" SET "IsRevoked" = @p0
WHERE "ID" = @p1;
2026-06-11 15:23:48.024 +00:00 [INF] Refresh token WE5gnDRo2o0mw2lt3bOsrzMoUhJr6F/eA7UU3JWEpHU= for user 1 revoked: true
2026-06-11 15:23:48.025 +00:00 [INF] Token refreshed successfully for user 1 at "2026-06-11T15:23:48.0255041Z"
2026-06-11 15:23:48.025 +00:00 [INF] Executing OkObjectResult, writing value of type '<>f__AnonymousType3`2[[System.Boolean, System.Private.CoreLib, Version=9.0.0.0, Culture=neutral, PublicKeyToken=7cec85d7bea7798e],[System.Int32, System.Private.CoreLib, Version=9.0.0.0, Culture=neutral, PublicKeyToken=7cec85d7bea7798e]]'.
2026-06-11 15:23:48.027 +00:00 [INF] Executed action API.Controllers.AuthController.RefreshToken (API) in 71.2954ms
2026-06-11 15:23:48.027 +00:00 [INF] Executed endpoint 'API.Controllers.AuthController.RefreshToken (API)'
2026-06-11 15:23:48.027 +00:00 [INF] Request finished HTTP/1.1 POST http://192.168.1.6:8080/api/auth/refresh - 200 null application/json; charset=utf-8 80.0706ms
2026-06-11 15:24:35.224 +00:00 [INF] Request starting HTTP/1.1 GET http://192.168.1.6:8080/api/token/access-token?page=1&limit=10 - null null
2026-06-11 15:24:35.234 +00:00 [INF] CORS policy execution successful.
2026-06-11 15:24:35.241 +00:00 [INF] ====== OnMessageReceived START ======
2026-06-11 15:24:35.242 +00:00 [INF] Available cookies: 2
2026-06-11 15:24:35.243 +00:00 [INF] Cookie: adminToken = 844 chars
2026-06-11 15:24:35.243 +00:00 [INF] Cookie: adminRefreshToken = 44 chars
2026-06-11 15:24:35.243 +00:00 [INF] Admin token found in cookies, length: 844
2026-06-11 15:24:35.243 +00:00 [INF] Admin token set in context
2026-06-11 15:24:35.243 +00:00 [INF] ====== OnMessageReceived END - Token set: true ======
2026-06-11 15:24:35.253 +00:00 [INF] Token validated successfully for user: lengyelnorbi
2026-06-11 15:24:35.253 +00:00 [INF] Device fingerprint headers - UA: Mozilla/5.0 (Windows NT 10.0; Win64; x64; rv:151.0) Gecko/20100101 Firefox/151.0, Accept: application/json, text/plain, */*, Encoding: gzip, deflate
2026-06-11 15:24:35.255 +00:00 [INF] Device fingerprint validation: Stored=/a2uf4z8rcBIhIr7KGbd6aahMr80Bhj+9uyLiYNZ66A=, Current=/a2uf4z8rcBIhIr7KGbd6aahMr80Bhj+9uyLiYNZ66A=
2026-06-11 15:24:35.296 +00:00 [INF] Executed DbCommand (12ms) [Parameters=[@__jti_0='?', @__userId_1='?' (DbType = Int32)], CommandType='"Text"', CommandTimeout='30']
SELECT a."ID", a."CreatedAt", a."DeviceFingerprint", a."ExpiresAt", a."IpAddress", a."IsRevoked", a."UserID", a.jti
FROM "AccessTokens" AS a
WHERE a.jti = @__jti_0 AND a."UserID" = @__userId_1 AND NOT (a."IsRevoked") AND a."ExpiresAt" > now()
LIMIT 1
2026-06-11 15:24:35.302 +00:00 [INF] Executing endpoint 'API.Controllers.TokenController.GetAccessTokens (API)'
2026-06-11 15:24:35.306 +00:00 [INF] Route matched with {action = "GetAccessTokens", controller = "Token"}. Executing controller action with signature System.Threading.Tasks.Task`1[API.Utils.PagedResult`1[API.DTO.AccessTokenUserDTO]] GetAccessTokens(Int32, Int32) on controller API.Controllers.TokenController (API).
2026-06-11 15:24:35.331 +00:00 [INF] Received request to fetch access tokens with pagination: page=1, limit=10
2026-06-11 15:24:35.363 +00:00 [INF] Executed DbCommand (14ms) [Parameters=[], CommandType='"Text"', CommandTimeout='30']
SELECT count(*)::int
FROM "AccessTokens" AS a
WHERE a."IsRevoked"
2026-06-11 15:24:35.379 +00:00 [INF] Executed DbCommand (7ms) [Parameters=[@__p_1='?' (DbType = Int32), @__p_0='?' (DbType = Int32)], CommandType='"Text"', CommandTimeout='30']
SELECT a0."ID", a0.jti, a0."DeviceFingerprint", a0."IpAddress", a0."CreatedAt", a0."IsRevoked", a0."ExpiresAt", u."ID" AS "UserID", u."Username", u."Email", u."Role"
FROM (
    SELECT a."ID", a."CreatedAt", a."DeviceFingerprint", a."ExpiresAt", a."IpAddress", a."IsRevoked", a."UserID", a.jti
    FROM "AccessTokens" AS a
    WHERE a."IsRevoked"
    LIMIT @__p_1 OFFSET @__p_0
) AS a0
INNER JOIN "Users" AS u ON a0."UserID" = u."ID"
2026-06-11 15:24:35.382 +00:00 [INF] Executing ObjectResult, writing value of type 'API.Utils.PagedResult`1[[API.DTO.AccessTokenUserDTO, API, Version=1.0.0.0, Culture=neutral, PublicKeyToken=null]]'.
2026-06-11 15:24:35.390 +00:00 [INF] Executed action API.Controllers.TokenController.GetAccessTokens (API) in 83.8712ms
2026-06-11 15:24:35.391 +00:00 [INF] Executed endpoint 'API.Controllers.TokenController.GetAccessTokens (API)'
2026-06-11 15:24:35.391 +00:00 [INF] Request finished HTTP/1.1 GET http://192.168.1.6:8080/api/token/access-token?page=1&limit=10 - 200 null application/json; charset=utf-8 167.8665ms
2026-06-11 15:24:36.524 +00:00 [INF] Request starting HTTP/1.1 GET http://192.168.1.6:8080/api/user?page=1&limit=10 - null null
2026-06-11 15:24:36.525 +00:00 [INF] CORS policy execution successful.
2026-06-11 15:24:36.526 +00:00 [INF] ====== OnMessageReceived START ======
2026-06-11 15:24:36.531 +00:00 [INF] Available cookies: 2
2026-06-11 15:24:36.531 +00:00 [INF] Cookie: adminToken = 844 chars
2026-06-11 15:24:36.531 +00:00 [INF] Cookie: adminRefreshToken = 44 chars
2026-06-11 15:24:36.531 +00:00 [INF] Admin token found in cookies, length: 844
2026-06-11 15:24:36.531 +00:00 [INF] Request starting HTTP/1.1 GET http://192.168.1.6:8080/api/user - null null
2026-06-11 15:24:36.531 +00:00 [INF] Admin token set in context
2026-06-11 15:24:36.532 +00:00 [INF] CORS policy execution successful.
2026-06-11 15:24:36.532 +00:00 [INF] ====== OnMessageReceived END - Token set: true ======
2026-06-11 15:24:36.533 +00:00 [INF] ====== OnMessageReceived START ======
2026-06-11 15:24:36.534 +00:00 [INF] Available cookies: 2
2026-06-11 15:24:36.534 +00:00 [INF] Cookie: adminToken = 844 chars
2026-06-11 15:24:36.534 +00:00 [INF] Cookie: adminRefreshToken = 44 chars
2026-06-11 15:24:36.534 +00:00 [INF] Admin token found in cookies, length: 844
2026-06-11 15:24:36.534 +00:00 [INF] Admin token set in context
2026-06-11 15:24:36.535 +00:00 [INF] ====== OnMessageReceived END - Token set: true ======
2026-06-11 15:24:36.535 +00:00 [INF] Token validated successfully for user: lengyelnorbi
2026-06-11 15:24:36.535 +00:00 [INF] Device fingerprint headers - UA: Mozilla/5.0 (Windows NT 10.0; Win64; x64; rv:151.0) Gecko/20100101 Firefox/151.0, Accept: application/json, text/plain, */*, Encoding: gzip, deflate
2026-06-11 15:24:36.536 +00:00 [INF] Token validated successfully for user: lengyelnorbi
2026-06-11 15:24:36.536 +00:00 [INF] Device fingerprint validation: Stored=/a2uf4z8rcBIhIr7KGbd6aahMr80Bhj+9uyLiYNZ66A=, Current=/a2uf4z8rcBIhIr7KGbd6aahMr80Bhj+9uyLiYNZ66A=
2026-06-11 15:24:36.536 +00:00 [INF] Device fingerprint headers - UA: Mozilla/5.0 (Windows NT 10.0; Win64; x64; rv:151.0) Gecko/20100101 Firefox/151.0, Accept: application/json, text/plain, */*, Encoding: gzip, deflate
2026-06-11 15:24:36.536 +00:00 [INF] Device fingerprint validation: Stored=/a2uf4z8rcBIhIr7KGbd6aahMr80Bhj+9uyLiYNZ66A=, Current=/a2uf4z8rcBIhIr7KGbd6aahMr80Bhj+9uyLiYNZ66A=
2026-06-11 15:24:36.543 +00:00 [INF] Executed DbCommand (2ms) [Parameters=[@__jti_0='?', @__userId_1='?' (DbType = Int32)], CommandType='"Text"', CommandTimeout='30']
SELECT a."ID", a."CreatedAt", a."DeviceFingerprint", a."ExpiresAt", a."IpAddress", a."IsRevoked", a."UserID", a.jti
FROM "AccessTokens" AS a
WHERE a.jti = @__jti_0 AND a."UserID" = @__userId_1 AND NOT (a."IsRevoked") AND a."ExpiresAt" > now()
LIMIT 1
2026-06-11 15:24:36.555 +00:00 [INF] Executing endpoint 'API.Controllers.UserController.Get (API)'
2026-06-11 15:24:36.556 +00:00 [INF] Route matched with {action = "Get", controller = "User"}. Executing controller action with signature System.Threading.Tasks.Task`1[System.Collections.Generic.IEnumerable`1[API.DTO.UserDTO]] Get() on controller API.Controllers.UserController (API).
2026-06-11 15:24:36.556 +00:00 [INF] Executed DbCommand (1ms) [Parameters=[@__jti_0='?', @__userId_1='?' (DbType = Int32)], CommandType='"Text"', CommandTimeout='30']
SELECT a."ID", a."CreatedAt", a."DeviceFingerprint", a."ExpiresAt", a."IpAddress", a."IsRevoked", a."UserID", a.jti
FROM "AccessTokens" AS a
WHERE a.jti = @__jti_0 AND a."UserID" = @__userId_1 AND NOT (a."IsRevoked") AND a."ExpiresAt" > now()
LIMIT 1
2026-06-11 15:24:36.557 +00:00 [INF] Executing endpoint 'API.Controllers.UserController.Get (API)'
2026-06-11 15:24:36.557 +00:00 [INF] Route matched with {action = "Get", controller = "User"}. Executing controller action with signature System.Threading.Tasks.Task`1[System.Collections.Generic.IEnumerable`1[API.DTO.UserDTO]] Get() on controller API.Controllers.UserController (API).
2026-06-11 15:24:36.562 +00:00 [INF] Fetching user data from database...
2026-06-11 15:24:36.562 +00:00 [INF] Fetching user data from database...
2026-06-11 15:24:36.564 +00:00 [INF] Executed DbCommand (1ms) [Parameters=[], CommandType='"Text"', CommandTimeout='30']
SELECT u."ID", u."Email", u."PasswordHash", u."RegisteredAt", u."Role", u."Username"
FROM "Users" AS u
2026-06-11 15:24:36.564 +00:00 [INF] Executed DbCommand (1ms) [Parameters=[], CommandType='"Text"', CommandTimeout='30']
SELECT u."ID", u."Email", u."PasswordHash", u."RegisteredAt", u."Role", u."Username"
FROM "Users" AS u
2026-06-11 15:24:36.566 +00:00 [INF] Executing ObjectResult, writing value of type 'System.Collections.Generic.List`1[[API.DTO.UserDTO, API, Version=1.0.0.0, Culture=neutral, PublicKeyToken=null]]'.
2026-06-11 15:24:36.566 +00:00 [INF] Executing ObjectResult, writing value of type 'System.Collections.Generic.List`1[[API.DTO.UserDTO, API, Version=1.0.0.0, Culture=neutral, PublicKeyToken=null]]'.
2026-06-11 15:24:36.571 +00:00 [INF] Executed action API.Controllers.UserController.Get (API) in 15.0165ms
2026-06-11 15:24:36.571 +00:00 [INF] Executed action API.Controllers.UserController.Get (API) in 13.9695ms
2026-06-11 15:24:36.571 +00:00 [INF] Executed endpoint 'API.Controllers.UserController.Get (API)'
2026-06-11 15:24:36.571 +00:00 [INF] Executed endpoint 'API.Controllers.UserController.Get (API)'
2026-06-11 15:24:36.572 +00:00 [INF] Request finished HTTP/1.1 GET http://192.168.1.6:8080/api/user - 200 null application/json; charset=utf-8 40.4988ms
2026-06-11 15:24:36.572 +00:00 [INF] Request finished HTTP/1.1 GET http://192.168.1.6:8080/api/user?page=1&limit=10 - 200 null application/json; charset=utf-8 47.501ms
2026-06-11 15:24:41.821 +00:00 [INF] Request starting HTTP/1.1 OPTIONS http://192.168.1.6:8080/api/password/generate-password - null null
2026-06-11 15:24:41.823 +00:00 [INF] CORS policy execution successful.
2026-06-11 15:24:41.824 +00:00 [INF] Request finished HTTP/1.1 OPTIONS http://192.168.1.6:8080/api/password/generate-password - 204 null null 2.6609ms
2026-06-11 15:24:41.825 +00:00 [INF] Request starting HTTP/1.1 POST http://192.168.1.6:8080/api/password/generate-password - application/json 43
2026-06-11 15:24:41.826 +00:00 [INF] CORS policy execution successful.
2026-06-11 15:24:41.826 +00:00 [INF] ====== OnMessageReceived START ======
2026-06-11 15:24:41.826 +00:00 [INF] Available cookies: 2
2026-06-11 15:24:41.826 +00:00 [INF] Cookie: adminToken = 844 chars
2026-06-11 15:24:41.826 +00:00 [INF] Cookie: adminRefreshToken = 44 chars
2026-06-11 15:24:41.827 +00:00 [INF] Admin token found in cookies, length: 844
2026-06-11 15:24:41.827 +00:00 [INF] Admin token set in context
2026-06-11 15:24:41.827 +00:00 [INF] ====== OnMessageReceived END - Token set: true ======
2026-06-11 15:24:41.827 +00:00 [INF] Token validated successfully for user: lengyelnorbi
2026-06-11 15:24:41.827 +00:00 [INF] Device fingerprint headers - UA: Mozilla/5.0 (Windows NT 10.0; Win64; x64; rv:151.0) Gecko/20100101 Firefox/151.0, Accept: */*, Encoding: gzip, deflate
2026-06-11 15:24:41.827 +00:00 [INF] Device fingerprint validation: Stored=/a2uf4z8rcBIhIr7KGbd6aahMr80Bhj+9uyLiYNZ66A=, Current=/a2uf4z8rcBIhIr7KGbd6aahMr80Bhj+9uyLiYNZ66A=
2026-06-11 15:24:41.830 +00:00 [INF] Executed DbCommand (1ms) [Parameters=[@__jti_0='?', @__userId_1='?' (DbType = Int32)], CommandType='"Text"', CommandTimeout='30']
SELECT a."ID", a."CreatedAt", a."DeviceFingerprint", a."ExpiresAt", a."IpAddress", a."IsRevoked", a."UserID", a.jti
FROM "AccessTokens" AS a
WHERE a.jti = @__jti_0 AND a."UserID" = @__userId_1 AND NOT (a."IsRevoked") AND a."ExpiresAt" > now()
LIMIT 1
2026-06-11 15:24:41.830 +00:00 [INF] Executing endpoint 'API.Controllers.PasswordController.GeneratePassword (API)'
2026-06-11 15:24:41.831 +00:00 [INF] Route matched with {action = "GeneratePassword", controller = "Password"}. Executing controller action with signature System.Threading.Tasks.Task`1[Microsoft.AspNetCore.Mvc.IActionResult] GeneratePassword(API.Models.RequestModels.GeneratePwdRequest) on controller API.Controllers.PasswordController (API).
2026-06-11 15:24:41.834 +00:00 [INF] Executing OkObjectResult, writing value of type '<>f__AnonymousType4`1[[System.String, System.Private.CoreLib, Version=9.0.0.0, Culture=neutral, PublicKeyToken=7cec85d7bea7798e]]'.
2026-06-11 15:24:41.834 +00:00 [INF] Executed action API.Controllers.PasswordController.GeneratePassword (API) in 2.669ms
2026-06-11 15:24:41.834 +00:00 [INF] Executed endpoint 'API.Controllers.PasswordController.GeneratePassword (API)'
2026-06-11 15:24:41.834 +00:00 [INF] Request finished HTTP/1.1 POST http://192.168.1.6:8080/api/password/generate-password - 200 null application/json; charset=utf-8 8.7977ms
2026-06-11 15:28:18.274 +00:00 [INF] Request starting HTTP/1.1 OPTIONS http://192.168.1.6:8080/api/auth/refresh - null null
2026-06-11 15:28:18.275 +00:00 [INF] CORS policy execution successful.
2026-06-11 15:28:18.276 +00:00 [INF] Request finished HTTP/1.1 OPTIONS http://192.168.1.6:8080/api/auth/refresh - 204 null null 1.7346ms
2026-06-11 15:28:18.279 +00:00 [INF] Request starting HTTP/1.1 POST http://192.168.1.6:8080/api/auth/refresh - application/json 18
2026-06-11 15:28:18.280 +00:00 [INF] CORS policy execution successful.
2026-06-11 15:28:18.280 +00:00 [INF] ====== OnMessageReceived START ======
2026-06-11 15:28:18.280 +00:00 [INF] Available cookies: 2
2026-06-11 15:28:18.281 +00:00 [INF] Cookie: adminToken = 844 chars
2026-06-11 15:28:18.281 +00:00 [INF] Cookie: adminRefreshToken = 44 chars
2026-06-11 15:28:18.281 +00:00 [INF] Admin token found in cookies, length: 844
2026-06-11 15:28:18.281 +00:00 [INF] Admin token set in context
2026-06-11 15:28:18.281 +00:00 [INF] ====== OnMessageReceived END - Token set: true ======
2026-06-11 15:28:18.282 +00:00 [INF] Token validated successfully for user: lengyelnorbi
2026-06-11 15:28:18.282 +00:00 [INF] Device fingerprint headers - UA: Mozilla/5.0 (Windows NT 10.0; Win64; x64; rv:151.0) Gecko/20100101 Firefox/151.0, Accept: */*, Encoding: gzip, deflate
2026-06-11 15:28:18.282 +00:00 [INF] Device fingerprint validation: Stored=/a2uf4z8rcBIhIr7KGbd6aahMr80Bhj+9uyLiYNZ66A=, Current=/a2uf4z8rcBIhIr7KGbd6aahMr80Bhj+9uyLiYNZ66A=
2026-06-11 15:28:18.320 +00:00 [INF] Executed DbCommand (7ms) [Parameters=[@__jti_0='?', @__userId_1='?' (DbType = Int32)], CommandType='"Text"', CommandTimeout='30']
SELECT a."ID", a."CreatedAt", a."DeviceFingerprint", a."ExpiresAt", a."IpAddress", a."IsRevoked", a."UserID", a.jti
FROM "AccessTokens" AS a
WHERE a.jti = @__jti_0 AND a."UserID" = @__userId_1 AND NOT (a."IsRevoked") AND a."ExpiresAt" > now()
LIMIT 1
2026-06-11 15:28:18.321 +00:00 [INF] Executing endpoint 'API.Controllers.AuthController.RefreshToken (API)'
2026-06-11 15:28:18.326 +00:00 [INF] Route matched with {action = "RefreshToken", controller = "Auth"}. Executing controller action with signature System.Threading.Tasks.Task`1[Microsoft.AspNetCore.Mvc.IActionResult] RefreshToken(API.Models.RequestModels.RefreshRequest) on controller API.Controllers.AuthController (API).
2026-06-11 15:28:18.327 +00:00 [INF] Token refresh attempt at "2026-06-11T15:28:18.3276110Z"
2026-06-11 15:28:18.328 +00:00 [INF] Refreshing admin token at "2026-06-11T15:28:18.3279823Z"
2026-06-11 15:28:18.333 +00:00 [INF] Executed DbCommand (4ms) [Parameters=[@__tokenHash_0='?'], CommandType='"Text"', CommandTimeout='30']
SELECT r."ID", r."CreatedAt", r."DeviceFingerprint", r."ExpiresAt", r."IpAddress", r."IsRevoked", r."TokenHash", r."UserID"
FROM "RefreshTokens" AS r
WHERE r."TokenHash" = @__tokenHash_0 AND NOT (r."IsRevoked") AND r."ExpiresAt" > now()
ORDER BY r."CreatedAt" DESC
LIMIT 1
2026-06-11 15:28:18.334 +00:00 [INF] Mozilla/5.0 (Windows NT 10.0; Win64; x64; rv:151.0) Gecko/20100101 Firefox/151.0
2026-06-11 15:28:18.335 +00:00 [INF] Fetching user by ID from database...
2026-06-11 15:28:18.337 +00:00 [INF] Executed DbCommand (2ms) [Parameters=[@__id_0='?' (DbType = Int32)], CommandType='"Text"', CommandTimeout='30']
SELECT u."ID", u."Email", u."PasswordHash", u."RegisteredAt", u."Role", u."Username"
FROM "Users" AS u
WHERE u."ID" = @__id_0
LIMIT 1
2026-06-11 15:28:18.360 +00:00 [INF] Executed DbCommand (12ms) [Parameters=[@p0='?' (DbType = DateTime), @p1='?', @p2='?' (DbType = DateTime), @p3='?', @p4='?' (DbType = Int32), @p5='?'], CommandType='"Text"', CommandTimeout='30']
INSERT INTO "AccessTokens" ("CreatedAt", "DeviceFingerprint", "ExpiresAt", "IpAddress", "UserID", jti)
VALUES (@p0, @p1, @p2, @p3, @p4, @p5)
RETURNING "ID", "IsRevoked";
2026-06-11 15:28:18.365 +00:00 [INF] Executed DbCommand (2ms) [Parameters=[@__jti_0='?', @__userID_1='?' (DbType = Int32), @__deviceFingerprint_2='?', @__ipAddress_3='?'], CommandType='"Text"', CommandTimeout='30']
SELECT a."ID", a."CreatedAt", a."DeviceFingerprint", a."ExpiresAt", a."IpAddress", a."IsRevoked", a."UserID", a.jti
FROM "AccessTokens" AS a
WHERE a.jti = @__jti_0 AND a."UserID" = @__userID_1 AND a."DeviceFingerprint" = @__deviceFingerprint_2 AND a."IpAddress" = @__ipAddress_3
LIMIT 1
2026-06-11 15:28:18.365 +00:00 [INF] Attempting to revoke access token with jti 8b4ccc9b-c40f-4175-bada-98f2212e90f7 for user 1 from device /a2uf4z8rcBIhIr7KGbd6aahMr80Bhj+9uyLiYNZ66A= and IP ::ffff:172.20.0.1
2026-06-11 15:28:18.365 +00:00 [INF] Access token found: API.Models.AccessToken
2026-06-11 15:28:18.369 +00:00 [INF] Executed DbCommand (3ms) [Parameters=[@p1='?' (DbType = Int32), @p0='?' (DbType = Boolean)], CommandType='"Text"', CommandTimeout='30']
UPDATE "AccessTokens" SET "IsRevoked" = @p0
WHERE "ID" = @p1;
2026-06-11 15:28:18.370 +00:00 [INF] Access token AccessToken for user 1 revoked: true
2026-06-11 15:28:18.376 +00:00 [INF] Executed DbCommand (3ms) [Parameters=[@p0='?' (DbType = DateTime), @p1='?', @p2='?' (DbType = DateTime), @p3='?', @p4='?', @p5='?' (DbType = Int32)], CommandType='"Text"', CommandTimeout='30']
INSERT INTO "RefreshTokens" ("CreatedAt", "DeviceFingerprint", "ExpiresAt", "IpAddress", "TokenHash", "UserID")
VALUES (@p0, @p1, @p2, @p3, @p4, @p5)
RETURNING "ID", "IsRevoked";
2026-06-11 15:28:18.378 +00:00 [INF] Executed DbCommand (1ms) [Parameters=[@__tokenHash_0='?', @__userId_1='?' (DbType = Int32), @__deviceFingerprint_2='?', @__ipAddress_3='?'], CommandType='"Text"', CommandTimeout='30']
SELECT r."ID", r."CreatedAt", r."DeviceFingerprint", r."ExpiresAt", r."IpAddress", r."IsRevoked", r."TokenHash", r."UserID"
FROM "RefreshTokens" AS r
WHERE r."TokenHash" = @__tokenHash_0 AND r."UserID" = @__userId_1 AND r."DeviceFingerprint" = @__deviceFingerprint_2 AND r."IpAddress" = @__ipAddress_3
LIMIT 1
2026-06-11 15:28:18.380 +00:00 [INF] Executed DbCommand (2ms) [Parameters=[@p1='?' (DbType = Int32), @p0='?' (DbType = Boolean)], CommandType='"Text"', CommandTimeout='30']
UPDATE "RefreshTokens" SET "IsRevoked" = @p0
WHERE "ID" = @p1;
2026-06-11 15:28:18.381 +00:00 [INF] Refresh token flzh1AXJzoOMrppjoXixORv68Y7VoNPTilG3b+eDZA4= for user 1 revoked: true
2026-06-11 15:28:18.382 +00:00 [INF] Token refreshed successfully for user 1 at "2026-06-11T15:28:18.3820954Z"
2026-06-11 15:28:18.382 +00:00 [INF] Executing OkObjectResult, writing value of type '<>f__AnonymousType3`2[[System.Boolean, System.Private.CoreLib, Version=9.0.0.0, Culture=neutral, PublicKeyToken=7cec85d7bea7798e],[System.Int32, System.Private.CoreLib, Version=9.0.0.0, Culture=neutral, PublicKeyToken=7cec85d7bea7798e]]'.
2026-06-11 15:28:18.382 +00:00 [INF] Executed action API.Controllers.AuthController.RefreshToken (API) in 56.129ms
2026-06-11 15:28:18.382 +00:00 [INF] Executed endpoint 'API.Controllers.AuthController.RefreshToken (API)'
2026-06-11 15:28:18.383 +00:00 [INF] Request finished HTTP/1.1 POST http://192.168.1.6:8080/api/auth/refresh - 200 null application/json; charset=utf-8 103.4136ms
2026-06-11 15:29:38.749 +00:00 [INF] Request starting HTTP/1.1 GET http://192.168.1.6:8080/api/user?page=1&limit=10 - null null
2026-06-11 15:29:38.759 +00:00 [INF] Request starting HTTP/1.1 GET http://192.168.1.6:8080/api/user - null null
2026-06-11 15:29:38.775 +00:00 [INF] CORS policy execution successful.
2026-06-11 15:29:38.775 +00:00 [INF] CORS policy execution successful.
2026-06-11 15:29:38.777 +00:00 [INF] ====== OnMessageReceived START ======
2026-06-11 15:29:38.777 +00:00 [INF] ====== OnMessageReceived START ======
2026-06-11 15:29:38.781 +00:00 [INF] Available cookies: 2
2026-06-11 15:29:38.781 +00:00 [INF] Available cookies: 2
2026-06-11 15:29:38.781 +00:00 [INF] Cookie: adminToken = 844 chars
2026-06-11 15:29:38.781 +00:00 [INF] Cookie: adminToken = 844 chars
2026-06-11 15:29:38.782 +00:00 [INF] Cookie: adminRefreshToken = 44 chars
2026-06-11 15:29:38.782 +00:00 [INF] Cookie: adminRefreshToken = 44 chars
2026-06-11 15:29:38.782 +00:00 [INF] Admin token found in cookies, length: 844
2026-06-11 15:29:38.782 +00:00 [INF] Admin token found in cookies, length: 844
2026-06-11 15:29:38.782 +00:00 [INF] Admin token set in context
2026-06-11 15:29:38.782 +00:00 [INF] Admin token set in context
2026-06-11 15:29:38.783 +00:00 [INF] ====== OnMessageReceived END - Token set: true ======
2026-06-11 15:29:38.783 +00:00 [INF] ====== OnMessageReceived END - Token set: true ======
2026-06-11 15:29:38.787 +00:00 [INF] Token validated successfully for user: lengyelnorbi
2026-06-11 15:29:38.787 +00:00 [INF] Token validated successfully for user: lengyelnorbi
2026-06-11 15:29:38.787 +00:00 [INF] Device fingerprint headers - UA: Mozilla/5.0 (Windows NT 10.0; Win64; x64; rv:151.0) Gecko/20100101 Firefox/151.0, Accept: application/json, text/plain, */*, Encoding: gzip, deflate
2026-06-11 15:29:38.787 +00:00 [INF] Device fingerprint headers - UA: Mozilla/5.0 (Windows NT 10.0; Win64; x64; rv:151.0) Gecko/20100101 Firefox/151.0, Accept: application/json, text/plain, */*, Encoding: gzip, deflate
2026-06-11 15:29:38.788 +00:00 [INF] Device fingerprint validation: Stored=/a2uf4z8rcBIhIr7KGbd6aahMr80Bhj+9uyLiYNZ66A=, Current=/a2uf4z8rcBIhIr7KGbd6aahMr80Bhj+9uyLiYNZ66A=
2026-06-11 15:29:38.788 +00:00 [INF] Device fingerprint validation: Stored=/a2uf4z8rcBIhIr7KGbd6aahMr80Bhj+9uyLiYNZ66A=, Current=/a2uf4z8rcBIhIr7KGbd6aahMr80Bhj+9uyLiYNZ66A=
2026-06-11 15:29:38.817 +00:00 [INF] Executed DbCommand (11ms) [Parameters=[@__jti_0='?', @__userId_1='?' (DbType = Int32)], CommandType='"Text"', CommandTimeout='30']
SELECT a."ID", a."CreatedAt", a."DeviceFingerprint", a."ExpiresAt", a."IpAddress", a."IsRevoked", a."UserID", a.jti
FROM "AccessTokens" AS a
WHERE a.jti = @__jti_0 AND a."UserID" = @__userId_1 AND NOT (a."IsRevoked") AND a."ExpiresAt" > now()
LIMIT 1
2026-06-11 15:29:38.821 +00:00 [INF] Executing endpoint 'API.Controllers.UserController.Get (API)'
2026-06-11 15:29:38.823 +00:00 [INF] Route matched with {action = "Get", controller = "User"}. Executing controller action with signature System.Threading.Tasks.Task`1[System.Collections.Generic.IEnumerable`1[API.DTO.UserDTO]] Get() on controller API.Controllers.UserController (API).
2026-06-11 15:29:38.824 +00:00 [INF] Fetching user data from database...
2026-06-11 15:29:38.827 +00:00 [INF] Executed DbCommand (2ms) [Parameters=[], CommandType='"Text"', CommandTimeout='30']
SELECT u."ID", u."Email", u."PasswordHash", u."RegisteredAt", u."Role", u."Username"
FROM "Users" AS u
2026-06-11 15:29:38.830 +00:00 [INF] Executing ObjectResult, writing value of type 'System.Collections.Generic.List`1[[API.DTO.UserDTO, API, Version=1.0.0.0, Culture=neutral, PublicKeyToken=null]]'.
2026-06-11 15:29:38.833 +00:00 [INF] Executed DbCommand (8ms) [Parameters=[@__jti_0='?', @__userId_1='?' (DbType = Int32)], CommandType='"Text"', CommandTimeout='30']
SELECT a."ID", a."CreatedAt", a."DeviceFingerprint", a."ExpiresAt", a."IpAddress", a."IsRevoked", a."UserID", a.jti
FROM "AccessTokens" AS a
WHERE a.jti = @__jti_0 AND a."UserID" = @__userId_1 AND NOT (a."IsRevoked") AND a."ExpiresAt" > now()
LIMIT 1
2026-06-11 15:29:38.833 +00:00 [INF] Executed action API.Controllers.UserController.Get (API) in 10.4121ms
2026-06-11 15:29:38.833 +00:00 [INF] Executing endpoint 'API.Controllers.UserController.Get (API)'
2026-06-11 15:29:38.833 +00:00 [INF] Executed endpoint 'API.Controllers.UserController.Get (API)'
2026-06-11 15:29:38.834 +00:00 [INF] Route matched with {action = "Get", controller = "User"}. Executing controller action with signature System.Threading.Tasks.Task`1[System.Collections.Generic.IEnumerable`1[API.DTO.UserDTO]] Get() on controller API.Controllers.UserController (API).
2026-06-11 15:29:38.834 +00:00 [INF] Fetching user data from database...
2026-06-11 15:29:38.834 +00:00 [INF] Request finished HTTP/1.1 GET http://192.168.1.6:8080/api/user?page=1&limit=10 - 200 null application/json; charset=utf-8 85.4852ms
2026-06-11 15:29:38.835 +00:00 [INF] Executed DbCommand (1ms) [Parameters=[], CommandType='"Text"', CommandTimeout='30']
SELECT u."ID", u."Email", u."PasswordHash", u."RegisteredAt", u."Role", u."Username"
FROM "Users" AS u
2026-06-11 15:29:38.836 +00:00 [INF] Executing ObjectResult, writing value of type 'System.Collections.Generic.List`1[[API.DTO.UserDTO, API, Version=1.0.0.0, Culture=neutral, PublicKeyToken=null]]'.
2026-06-11 15:29:38.836 +00:00 [INF] Executed action API.Controllers.UserController.Get (API) in 2.2609ms
2026-06-11 15:29:38.836 +00:00 [INF] Executed endpoint 'API.Controllers.UserController.Get (API)'
2026-06-11 15:29:38.837 +00:00 [INF] Request finished HTTP/1.1 GET http://192.168.1.6:8080/api/user - 200 null application/json; charset=utf-8 77.6153ms
2026-06-11 15:29:44.455 +00:00 [INF] Request starting HTTP/1.1 OPTIONS http://192.168.1.6:8080/api/password/generate-password - null null
2026-06-11 15:29:44.456 +00:00 [INF] CORS policy execution successful.
2026-06-11 15:29:44.457 +00:00 [INF] Request finished HTTP/1.1 OPTIONS http://192.168.1.6:8080/api/password/generate-password - 204 null null 2.4552ms
2026-06-11 15:29:44.460 +00:00 [INF] Request starting HTTP/1.1 POST http://192.168.1.6:8080/api/password/generate-password - application/json 43
2026-06-11 15:29:44.460 +00:00 [INF] CORS policy execution successful.
2026-06-11 15:29:44.460 +00:00 [INF] ====== OnMessageReceived START ======
2026-06-11 15:29:44.461 +00:00 [INF] Available cookies: 2
2026-06-11 15:29:44.461 +00:00 [INF] Cookie: adminToken = 844 chars
2026-06-11 15:29:44.461 +00:00 [INF] Cookie: adminRefreshToken = 44 chars
2026-06-11 15:29:44.461 +00:00 [INF] Admin token found in cookies, length: 844
2026-06-11 15:29:44.461 +00:00 [INF] Admin token set in context
2026-06-11 15:29:44.461 +00:00 [INF] ====== OnMessageReceived END - Token set: true ======
2026-06-11 15:29:44.462 +00:00 [INF] Token validated successfully for user: lengyelnorbi
2026-06-11 15:29:44.462 +00:00 [INF] Device fingerprint headers - UA: Mozilla/5.0 (Windows NT 10.0; Win64; x64; rv:151.0) Gecko/20100101 Firefox/151.0, Accept: */*, Encoding: gzip, deflate
2026-06-11 15:29:44.462 +00:00 [INF] Device fingerprint validation: Stored=/a2uf4z8rcBIhIr7KGbd6aahMr80Bhj+9uyLiYNZ66A=, Current=/a2uf4z8rcBIhIr7KGbd6aahMr80Bhj+9uyLiYNZ66A=
2026-06-11 15:29:44.465 +00:00 [INF] Executed DbCommand (2ms) [Parameters=[@__jti_0='?', @__userId_1='?' (DbType = Int32)], CommandType='"Text"', CommandTimeout='30']
SELECT a."ID", a."CreatedAt", a."DeviceFingerprint", a."ExpiresAt", a."IpAddress", a."IsRevoked", a."UserID", a.jti
FROM "AccessTokens" AS a
WHERE a.jti = @__jti_0 AND a."UserID" = @__userId_1 AND NOT (a."IsRevoked") AND a."ExpiresAt" > now()
LIMIT 1
2026-06-11 15:29:44.466 +00:00 [INF] Executing endpoint 'API.Controllers.PasswordController.GeneratePassword (API)'
2026-06-11 15:29:44.466 +00:00 [INF] Route matched with {action = "GeneratePassword", controller = "Password"}. Executing controller action with signature System.Threading.Tasks.Task`1[Microsoft.AspNetCore.Mvc.IActionResult] GeneratePassword(API.Models.RequestModels.GeneratePwdRequest) on controller API.Controllers.PasswordController (API).
2026-06-11 15:29:44.473 +00:00 [INF] Executing OkObjectResult, writing value of type '<>f__AnonymousType4`1[[System.String, System.Private.CoreLib, Version=9.0.0.0, Culture=neutral, PublicKeyToken=7cec85d7bea7798e]]'.
2026-06-11 15:29:44.473 +00:00 [INF] Executed action API.Controllers.PasswordController.GeneratePassword (API) in 6.7653ms
2026-06-11 15:29:44.473 +00:00 [INF] Executed endpoint 'API.Controllers.PasswordController.GeneratePassword (API)'
2026-06-11 15:29:44.474 +00:00 [INF] Request finished HTTP/1.1 POST http://192.168.1.6:8080/api/password/generate-password - 200 null application/json; charset=utf-8 13.9283ms
2026-06-11 15:32:48.398 +00:00 [INF] Request starting HTTP/1.1 OPTIONS http://192.168.1.6:8080/api/auth/refresh - null null
2026-06-11 15:32:48.399 +00:00 [INF] CORS policy execution successful.
2026-06-11 15:32:48.400 +00:00 [INF] Request finished HTTP/1.1 OPTIONS http://192.168.1.6:8080/api/auth/refresh - 204 null null 1.608ms
2026-06-11 15:32:48.404 +00:00 [INF] Request starting HTTP/1.1 POST http://192.168.1.6:8080/api/auth/refresh - application/json 18
2026-06-11 15:32:48.404 +00:00 [INF] CORS policy execution successful.
2026-06-11 15:32:48.405 +00:00 [INF] ====== OnMessageReceived START ======
2026-06-11 15:32:48.405 +00:00 [INF] Available cookies: 2
2026-06-11 15:32:48.405 +00:00 [INF] Cookie: adminToken = 844 chars
2026-06-11 15:32:48.405 +00:00 [INF] Cookie: adminRefreshToken = 44 chars
2026-06-11 15:32:48.405 +00:00 [INF] Admin token found in cookies, length: 844
2026-06-11 15:32:48.405 +00:00 [INF] Admin token set in context
2026-06-11 15:32:48.406 +00:00 [INF] ====== OnMessageReceived END - Token set: true ======
2026-06-11 15:32:48.406 +00:00 [INF] Token validated successfully for user: lengyelnorbi
2026-06-11 15:32:48.406 +00:00 [INF] Device fingerprint headers - UA: Mozilla/5.0 (Windows NT 10.0; Win64; x64; rv:151.0) Gecko/20100101 Firefox/151.0, Accept: */*, Encoding: gzip, deflate
2026-06-11 15:32:48.406 +00:00 [INF] Device fingerprint validation: Stored=/a2uf4z8rcBIhIr7KGbd6aahMr80Bhj+9uyLiYNZ66A=, Current=/a2uf4z8rcBIhIr7KGbd6aahMr80Bhj+9uyLiYNZ66A=
2026-06-11 15:32:48.409 +00:00 [INF] Executed DbCommand (2ms) [Parameters=[@__jti_0='?', @__userId_1='?' (DbType = Int32)], CommandType='"Text"', CommandTimeout='30']
SELECT a."ID", a."CreatedAt", a."DeviceFingerprint", a."ExpiresAt", a."IpAddress", a."IsRevoked", a."UserID", a.jti
FROM "AccessTokens" AS a
WHERE a.jti = @__jti_0 AND a."UserID" = @__userId_1 AND NOT (a."IsRevoked") AND a."ExpiresAt" > now()
LIMIT 1
2026-06-11 15:32:48.409 +00:00 [INF] Executing endpoint 'API.Controllers.AuthController.RefreshToken (API)'
2026-06-11 15:32:48.410 +00:00 [INF] Route matched with {action = "RefreshToken", controller = "Auth"}. Executing controller action with signature System.Threading.Tasks.Task`1[Microsoft.AspNetCore.Mvc.IActionResult] RefreshToken(API.Models.RequestModels.RefreshRequest) on controller API.Controllers.AuthController (API).
2026-06-11 15:32:48.411 +00:00 [INF] Token refresh attempt at "2026-06-11T15:32:48.4116362Z"
2026-06-11 15:32:48.412 +00:00 [INF] Refreshing admin token at "2026-06-11T15:32:48.4120453Z"
2026-06-11 15:32:48.417 +00:00 [INF] Executed DbCommand (4ms) [Parameters=[@__tokenHash_0='?'], CommandType='"Text"', CommandTimeout='30']
SELECT r."ID", r."CreatedAt", r."DeviceFingerprint", r."ExpiresAt", r."IpAddress", r."IsRevoked", r."TokenHash", r."UserID"
FROM "RefreshTokens" AS r
WHERE r."TokenHash" = @__tokenHash_0 AND NOT (r."IsRevoked") AND r."ExpiresAt" > now()
ORDER BY r."CreatedAt" DESC
LIMIT 1
2026-06-11 15:32:48.417 +00:00 [INF] Mozilla/5.0 (Windows NT 10.0; Win64; x64; rv:151.0) Gecko/20100101 Firefox/151.0
2026-06-11 15:32:48.418 +00:00 [INF] Fetching user by ID from database...
2026-06-11 15:32:48.420 +00:00 [INF] Executed DbCommand (1ms) [Parameters=[@__id_0='?' (DbType = Int32)], CommandType='"Text"', CommandTimeout='30']
SELECT u."ID", u."Email", u."PasswordHash", u."RegisteredAt", u."Role", u."Username"
FROM "Users" AS u
WHERE u."ID" = @__id_0
LIMIT 1
2026-06-11 15:32:48.440 +00:00 [INF] Executed DbCommand (6ms) [Parameters=[@p0='?' (DbType = DateTime), @p1='?', @p2='?' (DbType = DateTime), @p3='?', @p4='?' (DbType = Int32), @p5='?'], CommandType='"Text"', CommandTimeout='30']
INSERT INTO "AccessTokens" ("CreatedAt", "DeviceFingerprint", "ExpiresAt", "IpAddress", "UserID", jti)
VALUES (@p0, @p1, @p2, @p3, @p4, @p5)
RETURNING "ID", "IsRevoked";
2026-06-11 15:32:48.443 +00:00 [INF] Executed DbCommand (1ms) [Parameters=[@__jti_0='?', @__userID_1='?' (DbType = Int32), @__deviceFingerprint_2='?', @__ipAddress_3='?'], CommandType='"Text"', CommandTimeout='30']
SELECT a."ID", a."CreatedAt", a."DeviceFingerprint", a."ExpiresAt", a."IpAddress", a."IsRevoked", a."UserID", a.jti
FROM "AccessTokens" AS a
WHERE a.jti = @__jti_0 AND a."UserID" = @__userID_1 AND a."DeviceFingerprint" = @__deviceFingerprint_2 AND a."IpAddress" = @__ipAddress_3
LIMIT 1
2026-06-11 15:32:48.443 +00:00 [INF] Attempting to revoke access token with jti 3ab185d8-d328-4f76-b9e1-879104b9b5ba for user 1 from device /a2uf4z8rcBIhIr7KGbd6aahMr80Bhj+9uyLiYNZ66A= and IP ::ffff:172.20.0.1
2026-06-11 15:32:48.443 +00:00 [INF] Access token found: API.Models.AccessToken
2026-06-11 15:32:48.449 +00:00 [INF] Executed DbCommand (5ms) [Parameters=[@p1='?' (DbType = Int32), @p0='?' (DbType = Boolean)], CommandType='"Text"', CommandTimeout='30']
UPDATE "AccessTokens" SET "IsRevoked" = @p0
WHERE "ID" = @p1;
2026-06-11 15:32:48.449 +00:00 [INF] Access token AccessToken for user 1 revoked: true
2026-06-11 15:32:48.454 +00:00 [INF] Executed DbCommand (4ms) [Parameters=[@p0='?' (DbType = DateTime), @p1='?', @p2='?' (DbType = DateTime), @p3='?', @p4='?', @p5='?' (DbType = Int32)], CommandType='"Text"', CommandTimeout='30']
INSERT INTO "RefreshTokens" ("CreatedAt", "DeviceFingerprint", "ExpiresAt", "IpAddress", "TokenHash", "UserID")
VALUES (@p0, @p1, @p2, @p3, @p4, @p5)
RETURNING "ID", "IsRevoked";
2026-06-11 15:32:48.457 +00:00 [INF] Executed DbCommand (1ms) [Parameters=[@__tokenHash_0='?', @__userId_1='?' (DbType = Int32), @__deviceFingerprint_2='?', @__ipAddress_3='?'], CommandType='"Text"', CommandTimeout='30']
SELECT r."ID", r."CreatedAt", r."DeviceFingerprint", r."ExpiresAt", r."IpAddress", r."IsRevoked", r."TokenHash", r."UserID"
FROM "RefreshTokens" AS r
WHERE r."TokenHash" = @__tokenHash_0 AND r."UserID" = @__userId_1 AND r."DeviceFingerprint" = @__deviceFingerprint_2 AND r."IpAddress" = @__ipAddress_3
LIMIT 1
2026-06-11 15:32:48.463 +00:00 [INF] Executed DbCommand (5ms) [Parameters=[@p1='?' (DbType = Int32), @p0='?' (DbType = Boolean)], CommandType='"Text"', CommandTimeout='30']
UPDATE "RefreshTokens" SET "IsRevoked" = @p0
WHERE "ID" = @p1;
2026-06-11 15:32:48.463 +00:00 [INF] Refresh token 2JxhoAcFMIEkaEM9uVgO1cDyk6IYD2l5OF46qYXQvMU= for user 1 revoked: true
2026-06-11 15:32:48.464 +00:00 [INF] Token refreshed successfully for user 1 at "2026-06-11T15:32:48.4639954Z"
2026-06-11 15:32:48.464 +00:00 [INF] Executing OkObjectResult, writing value of type '<>f__AnonymousType3`2[[System.Boolean, System.Private.CoreLib, Version=9.0.0.0, Culture=neutral, PublicKeyToken=7cec85d7bea7798e],[System.Int32, System.Private.CoreLib, Version=9.0.0.0, Culture=neutral, PublicKeyToken=7cec85d7bea7798e]]'.
2026-06-11 15:32:48.464 +00:00 [INF] Executed action API.Controllers.AuthController.RefreshToken (API) in 54.6647ms
2026-06-11 15:32:48.465 +00:00 [INF] Executed endpoint 'API.Controllers.AuthController.RefreshToken (API)'
2026-06-11 15:32:48.465 +00:00 [INF] Request finished HTTP/1.1 POST http://192.168.1.6:8080/api/auth/refresh - 200 null application/json; charset=utf-8 60.8275ms
2026-06-11 15:37:19.353 +00:00 [INF] Request starting HTTP/1.1 OPTIONS http://192.168.1.6:8080/api/auth/refresh - null null
2026-06-11 15:37:19.354 +00:00 [INF] CORS policy execution successful.
2026-06-11 15:37:19.355 +00:00 [INF] Request finished HTTP/1.1 OPTIONS http://192.168.1.6:8080/api/auth/refresh - 204 null null 2.1847ms
2026-06-11 15:37:19.358 +00:00 [INF] Request starting HTTP/1.1 POST http://192.168.1.6:8080/api/auth/refresh - application/json 18
2026-06-11 15:37:19.359 +00:00 [INF] CORS policy execution successful.
2026-06-11 15:37:19.359 +00:00 [INF] ====== OnMessageReceived START ======
2026-06-11 15:37:19.360 +00:00 [INF] Available cookies: 2
2026-06-11 15:37:19.360 +00:00 [INF] Cookie: adminToken = 844 chars
2026-06-11 15:37:19.360 +00:00 [INF] Cookie: adminRefreshToken = 44 chars
2026-06-11 15:37:19.360 +00:00 [INF] Admin token found in cookies, length: 844
2026-06-11 15:37:19.361 +00:00 [INF] Admin token set in context
2026-06-11 15:37:19.361 +00:00 [INF] ====== OnMessageReceived END - Token set: true ======
2026-06-11 15:37:19.363 +00:00 [INF] Token validated successfully for user: lengyelnorbi
2026-06-11 15:37:19.363 +00:00 [INF] Device fingerprint headers - UA: Mozilla/5.0 (Windows NT 10.0; Win64; x64; rv:151.0) Gecko/20100101 Firefox/151.0, Accept: */*, Encoding: gzip, deflate
2026-06-11 15:37:19.364 +00:00 [INF] Device fingerprint validation: Stored=/a2uf4z8rcBIhIr7KGbd6aahMr80Bhj+9uyLiYNZ66A=, Current=/a2uf4z8rcBIhIr7KGbd6aahMr80Bhj+9uyLiYNZ66A=
2026-06-11 15:37:19.396 +00:00 [INF] Executed DbCommand (6ms) [Parameters=[@__jti_0='?', @__userId_1='?' (DbType = Int32)], CommandType='"Text"', CommandTimeout='30']
SELECT a."ID", a."CreatedAt", a."DeviceFingerprint", a."ExpiresAt", a."IpAddress", a."IsRevoked", a."UserID", a.jti
FROM "AccessTokens" AS a
WHERE a.jti = @__jti_0 AND a."UserID" = @__userId_1 AND NOT (a."IsRevoked") AND a."ExpiresAt" > now()
LIMIT 1
2026-06-11 15:37:19.398 +00:00 [INF] Executing endpoint 'API.Controllers.AuthController.RefreshToken (API)'
2026-06-11 15:37:19.398 +00:00 [INF] Route matched with {action = "RefreshToken", controller = "Auth"}. Executing controller action with signature System.Threading.Tasks.Task`1[Microsoft.AspNetCore.Mvc.IActionResult] RefreshToken(API.Models.RequestModels.RefreshRequest) on controller API.Controllers.AuthController (API).
2026-06-11 15:37:19.400 +00:00 [INF] Token refresh attempt at "2026-06-11T15:37:19.4002945Z"
2026-06-11 15:37:19.400 +00:00 [INF] Refreshing admin token at "2026-06-11T15:37:19.4005228Z"
2026-06-11 15:37:19.412 +00:00 [INF] Executed DbCommand (5ms) [Parameters=[@__tokenHash_0='?'], CommandType='"Text"', CommandTimeout='30']
SELECT r."ID", r."CreatedAt", r."DeviceFingerprint", r."ExpiresAt", r."IpAddress", r."IsRevoked", r."TokenHash", r."UserID"
FROM "RefreshTokens" AS r
WHERE r."TokenHash" = @__tokenHash_0 AND NOT (r."IsRevoked") AND r."ExpiresAt" > now()
ORDER BY r."CreatedAt" DESC
LIMIT 1
2026-06-11 15:37:19.413 +00:00 [INF] Mozilla/5.0 (Windows NT 10.0; Win64; x64; rv:151.0) Gecko/20100101 Firefox/151.0
2026-06-11 15:37:19.413 +00:00 [INF] Fetching user by ID from database...
2026-06-11 15:37:19.417 +00:00 [INF] Executed DbCommand (2ms) [Parameters=[@__id_0='?' (DbType = Int32)], CommandType='"Text"', CommandTimeout='30']
SELECT u."ID", u."Email", u."PasswordHash", u."RegisteredAt", u."Role", u."Username"
FROM "Users" AS u
WHERE u."ID" = @__id_0
LIMIT 1
2026-06-11 15:37:19.428 +00:00 [INF] Executed DbCommand (6ms) [Parameters=[@p0='?' (DbType = DateTime), @p1='?', @p2='?' (DbType = DateTime), @p3='?', @p4='?' (DbType = Int32), @p5='?'], CommandType='"Text"', CommandTimeout='30']
INSERT INTO "AccessTokens" ("CreatedAt", "DeviceFingerprint", "ExpiresAt", "IpAddress", "UserID", jti)
VALUES (@p0, @p1, @p2, @p3, @p4, @p5)
RETURNING "ID", "IsRevoked";
2026-06-11 15:37:19.433 +00:00 [INF] Executed DbCommand (1ms) [Parameters=[@__jti_0='?', @__userID_1='?' (DbType = Int32), @__deviceFingerprint_2='?', @__ipAddress_3='?'], CommandType='"Text"', CommandTimeout='30']
SELECT a."ID", a."CreatedAt", a."DeviceFingerprint", a."ExpiresAt", a."IpAddress", a."IsRevoked", a."UserID", a.jti
FROM "AccessTokens" AS a
WHERE a.jti = @__jti_0 AND a."UserID" = @__userID_1 AND a."DeviceFingerprint" = @__deviceFingerprint_2 AND a."IpAddress" = @__ipAddress_3
LIMIT 1
2026-06-11 15:37:19.433 +00:00 [INF] Attempting to revoke access token with jti f3f60d27-d77d-4d63-b926-6582f9bdcf54 for user 1 from device /a2uf4z8rcBIhIr7KGbd6aahMr80Bhj+9uyLiYNZ66A= and IP ::ffff:172.20.0.1
2026-06-11 15:37:19.433 +00:00 [INF] Access token found: API.Models.AccessToken
2026-06-11 15:37:19.436 +00:00 [INF] Executed DbCommand (2ms) [Parameters=[@p1='?' (DbType = Int32), @p0='?' (DbType = Boolean)], CommandType='"Text"', CommandTimeout='30']
UPDATE "AccessTokens" SET "IsRevoked" = @p0
WHERE "ID" = @p1;
2026-06-11 15:37:19.437 +00:00 [INF] Access token AccessToken for user 1 revoked: true
2026-06-11 15:37:19.441 +00:00 [INF] Executed DbCommand (3ms) [Parameters=[@p0='?' (DbType = DateTime), @p1='?', @p2='?' (DbType = DateTime), @p3='?', @p4='?', @p5='?' (DbType = Int32)], CommandType='"Text"', CommandTimeout='30']
INSERT INTO "RefreshTokens" ("CreatedAt", "DeviceFingerprint", "ExpiresAt", "IpAddress", "TokenHash", "UserID")
VALUES (@p0, @p1, @p2, @p3, @p4, @p5)
RETURNING "ID", "IsRevoked";
2026-06-11 15:37:19.445 +00:00 [INF] Executed DbCommand (1ms) [Parameters=[@__tokenHash_0='?', @__userId_1='?' (DbType = Int32), @__deviceFingerprint_2='?', @__ipAddress_3='?'], CommandType='"Text"', CommandTimeout='30']
SELECT r."ID", r."CreatedAt", r."DeviceFingerprint", r."ExpiresAt", r."IpAddress", r."IsRevoked", r."TokenHash", r."UserID"
FROM "RefreshTokens" AS r
WHERE r."TokenHash" = @__tokenHash_0 AND r."UserID" = @__userId_1 AND r."DeviceFingerprint" = @__deviceFingerprint_2 AND r."IpAddress" = @__ipAddress_3
LIMIT 1
2026-06-11 15:37:19.447 +00:00 [INF] Executed DbCommand (2ms) [Parameters=[@p1='?' (DbType = Int32), @p0='?' (DbType = Boolean)], CommandType='"Text"', CommandTimeout='30']
UPDATE "RefreshTokens" SET "IsRevoked" = @p0
WHERE "ID" = @p1;
2026-06-11 15:37:19.448 +00:00 [INF] Refresh token ujV0EWu8IELertzfJ9XZ27N+Eo9WozLIioQ6mxMVvBQ= for user 1 revoked: true
2026-06-11 15:37:19.449 +00:00 [INF] Token refreshed successfully for user 1 at "2026-06-11T15:37:19.4493617Z"
2026-06-11 15:37:19.449 +00:00 [INF] Executing OkObjectResult, writing value of type '<>f__AnonymousType3`2[[System.Boolean, System.Private.CoreLib, Version=9.0.0.0, Culture=neutral, PublicKeyToken=7cec85d7bea7798e],[System.Int32, System.Private.CoreLib, Version=9.0.0.0, Culture=neutral, PublicKeyToken=7cec85d7bea7798e]]'.
2026-06-11 15:37:19.450 +00:00 [INF] Executed action API.Controllers.AuthController.RefreshToken (API) in 52.1723ms
2026-06-11 15:37:19.451 +00:00 [INF] Executed endpoint 'API.Controllers.AuthController.RefreshToken (API)'
2026-06-11 15:37:19.451 +00:00 [INF] Request finished HTTP/1.1 POST http://192.168.1.6:8080/api/auth/refresh - 200 null application/json; charset=utf-8 92.8285ms
2026-06-11 15:41:52.056 +00:00 [INF] Request starting HTTP/1.1 OPTIONS http://192.168.1.6:8080/api/auth/refresh - null null
2026-06-11 15:41:52.058 +00:00 [INF] CORS policy execution successful.
2026-06-11 15:41:52.059 +00:00 [INF] Request finished HTTP/1.1 OPTIONS http://192.168.1.6:8080/api/auth/refresh - 204 null null 2.5633ms
2026-06-11 15:41:52.063 +00:00 [INF] Request starting HTTP/1.1 POST http://192.168.1.6:8080/api/auth/refresh - application/json 18
2026-06-11 15:41:52.063 +00:00 [INF] CORS policy execution successful.
2026-06-11 15:41:52.064 +00:00 [INF] ====== OnMessageReceived START ======
2026-06-11 15:41:52.064 +00:00 [INF] Available cookies: 2
2026-06-11 15:41:52.064 +00:00 [INF] Cookie: adminToken = 844 chars
2026-06-11 15:41:52.064 +00:00 [INF] Cookie: adminRefreshToken = 44 chars
2026-06-11 15:41:52.064 +00:00 [INF] Admin token found in cookies, length: 844
2026-06-11 15:41:52.064 +00:00 [INF] Admin token set in context
2026-06-11 15:41:52.065 +00:00 [INF] ====== OnMessageReceived END - Token set: true ======
2026-06-11 15:41:52.066 +00:00 [INF] Token validated successfully for user: lengyelnorbi
2026-06-11 15:41:52.066 +00:00 [INF] Device fingerprint headers - UA: Mozilla/5.0 (Windows NT 10.0; Win64; x64; rv:151.0) Gecko/20100101 Firefox/151.0, Accept: */*, Encoding: gzip, deflate
2026-06-11 15:41:52.067 +00:00 [INF] Device fingerprint validation: Stored=/a2uf4z8rcBIhIr7KGbd6aahMr80Bhj+9uyLiYNZ66A=, Current=/a2uf4z8rcBIhIr7KGbd6aahMr80Bhj+9uyLiYNZ66A=
2026-06-11 15:41:52.074 +00:00 [INF] Executed DbCommand (3ms) [Parameters=[@__jti_0='?', @__userId_1='?' (DbType = Int32)], CommandType='"Text"', CommandTimeout='30']
SELECT a."ID", a."CreatedAt", a."DeviceFingerprint", a."ExpiresAt", a."IpAddress", a."IsRevoked", a."UserID", a.jti
FROM "AccessTokens" AS a
WHERE a.jti = @__jti_0 AND a."UserID" = @__userId_1 AND NOT (a."IsRevoked") AND a."ExpiresAt" > now()
LIMIT 1
2026-06-11 15:41:52.075 +00:00 [INF] Executing endpoint 'API.Controllers.AuthController.RefreshToken (API)'
2026-06-11 15:41:52.076 +00:00 [INF] Route matched with {action = "RefreshToken", controller = "Auth"}. Executing controller action with signature System.Threading.Tasks.Task`1[Microsoft.AspNetCore.Mvc.IActionResult] RefreshToken(API.Models.RequestModels.RefreshRequest) on controller API.Controllers.AuthController (API).
2026-06-11 15:41:52.077 +00:00 [INF] Token refresh attempt at "2026-06-11T15:41:52.0778153Z"
2026-06-11 15:41:52.078 +00:00 [INF] Refreshing admin token at "2026-06-11T15:41:52.0780836Z"
2026-06-11 15:41:52.080 +00:00 [INF] Executed DbCommand (2ms) [Parameters=[@__tokenHash_0='?'], CommandType='"Text"', CommandTimeout='30']
SELECT r."ID", r."CreatedAt", r."DeviceFingerprint", r."ExpiresAt", r."IpAddress", r."IsRevoked", r."TokenHash", r."UserID"
FROM "RefreshTokens" AS r
WHERE r."TokenHash" = @__tokenHash_0 AND NOT (r."IsRevoked") AND r."ExpiresAt" > now()
ORDER BY r."CreatedAt" DESC
LIMIT 1
2026-06-11 15:41:52.080 +00:00 [INF] Mozilla/5.0 (Windows NT 10.0; Win64; x64; rv:151.0) Gecko/20100101 Firefox/151.0
2026-06-11 15:41:52.081 +00:00 [INF] Fetching user by ID from database...
2026-06-11 15:41:52.082 +00:00 [INF] Executed DbCommand (1ms) [Parameters=[@__id_0='?' (DbType = Int32)], CommandType='"Text"', CommandTimeout='30']
SELECT u."ID", u."Email", u."PasswordHash", u."RegisteredAt", u."Role", u."Username"
FROM "Users" AS u
WHERE u."ID" = @__id_0
LIMIT 1
2026-06-11 15:41:52.088 +00:00 [INF] Executed DbCommand (3ms) [Parameters=[@p0='?' (DbType = DateTime), @p1='?', @p2='?' (DbType = DateTime), @p3='?', @p4='?' (DbType = Int32), @p5='?'], CommandType='"Text"', CommandTimeout='30']
INSERT INTO "AccessTokens" ("CreatedAt", "DeviceFingerprint", "ExpiresAt", "IpAddress", "UserID", jti)
VALUES (@p0, @p1, @p2, @p3, @p4, @p5)
RETURNING "ID", "IsRevoked";
2026-06-11 15:41:52.090 +00:00 [INF] Executed DbCommand (1ms) [Parameters=[@__jti_0='?', @__userID_1='?' (DbType = Int32), @__deviceFingerprint_2='?', @__ipAddress_3='?'], CommandType='"Text"', CommandTimeout='30']
SELECT a."ID", a."CreatedAt", a."DeviceFingerprint", a."ExpiresAt", a."IpAddress", a."IsRevoked", a."UserID", a.jti
FROM "AccessTokens" AS a
WHERE a.jti = @__jti_0 AND a."UserID" = @__userID_1 AND a."DeviceFingerprint" = @__deviceFingerprint_2 AND a."IpAddress" = @__ipAddress_3
LIMIT 1
2026-06-11 15:41:52.090 +00:00 [INF] Attempting to revoke access token with jti e2d4d473-bbb1-4126-a4d9-ca71f7eb683f for user 1 from device /a2uf4z8rcBIhIr7KGbd6aahMr80Bhj+9uyLiYNZ66A= and IP ::ffff:172.20.0.1
2026-06-11 15:41:52.090 +00:00 [INF] Access token found: API.Models.AccessToken
2026-06-11 15:41:52.094 +00:00 [INF] Executed DbCommand (3ms) [Parameters=[@p1='?' (DbType = Int32), @p0='?' (DbType = Boolean)], CommandType='"Text"', CommandTimeout='30']
UPDATE "AccessTokens" SET "IsRevoked" = @p0
WHERE "ID" = @p1;
2026-06-11 15:41:52.094 +00:00 [INF] Access token AccessToken for user 1 revoked: true
2026-06-11 15:41:52.096 +00:00 [INF] Executed DbCommand (2ms) [Parameters=[@p0='?' (DbType = DateTime), @p1='?', @p2='?' (DbType = DateTime), @p3='?', @p4='?', @p5='?' (DbType = Int32)], CommandType='"Text"', CommandTimeout='30']
INSERT INTO "RefreshTokens" ("CreatedAt", "DeviceFingerprint", "ExpiresAt", "IpAddress", "TokenHash", "UserID")
VALUES (@p0, @p1, @p2, @p3, @p4, @p5)
RETURNING "ID", "IsRevoked";
2026-06-11 15:41:52.098 +00:00 [INF] Executed DbCommand (1ms) [Parameters=[@__tokenHash_0='?', @__userId_1='?' (DbType = Int32), @__deviceFingerprint_2='?', @__ipAddress_3='?'], CommandType='"Text"', CommandTimeout='30']
SELECT r."ID", r."CreatedAt", r."DeviceFingerprint", r."ExpiresAt", r."IpAddress", r."IsRevoked", r."TokenHash", r."UserID"
FROM "RefreshTokens" AS r
WHERE r."TokenHash" = @__tokenHash_0 AND r."UserID" = @__userId_1 AND r."DeviceFingerprint" = @__deviceFingerprint_2 AND r."IpAddress" = @__ipAddress_3
LIMIT 1
2026-06-11 15:41:52.099 +00:00 [INF] Executed DbCommand (1ms) [Parameters=[@p1='?' (DbType = Int32), @p0='?' (DbType = Boolean)], CommandType='"Text"', CommandTimeout='30']
UPDATE "RefreshTokens" SET "IsRevoked" = @p0
WHERE "ID" = @p1;
2026-06-11 15:41:52.099 +00:00 [INF] Refresh token +8p+XI2aT3LLDOPfRp+MGHsTphJrdq4XuCHBGkYcChE= for user 1 revoked: true
2026-06-11 15:41:52.100 +00:00 [INF] Token refreshed successfully for user 1 at "2026-06-11T15:41:52.1003032Z"
2026-06-11 15:41:52.100 +00:00 [INF] Executing OkObjectResult, writing value of type '<>f__AnonymousType3`2[[System.Boolean, System.Private.CoreLib, Version=9.0.0.0, Culture=neutral, PublicKeyToken=7cec85d7bea7798e],[System.Int32, System.Private.CoreLib, Version=9.0.0.0, Culture=neutral, PublicKeyToken=7cec85d7bea7798e]]'.
2026-06-11 15:41:52.101 +00:00 [INF] Executed action API.Controllers.AuthController.RefreshToken (API) in 25.0847ms
2026-06-11 15:41:52.101 +00:00 [INF] Executed endpoint 'API.Controllers.AuthController.RefreshToken (API)'
2026-06-11 15:41:52.101 +00:00 [INF] Request finished HTTP/1.1 POST http://192.168.1.6:8080/api/auth/refresh - 200 null application/json; charset=utf-8 38.6332ms
2026-06-11 15:44:42.182 +00:00 [INF] Request starting HTTP/1.1 GET http://192.168.1.6:8080/api/user?page=1&limit=10 - null null
2026-06-11 15:44:42.182 +00:00 [INF] Request starting HTTP/1.1 GET http://192.168.1.6:8080/api/user - null null
2026-06-11 15:44:42.223 +00:00 [INF] CORS policy execution successful.
2026-06-11 15:44:42.223 +00:00 [INF] CORS policy execution successful.
2026-06-11 15:44:42.235 +00:00 [INF] ====== OnMessageReceived START ======
2026-06-11 15:44:42.235 +00:00 [INF] ====== OnMessageReceived START ======
2026-06-11 15:44:42.237 +00:00 [INF] Available cookies: 2
2026-06-11 15:44:42.237 +00:00 [INF] Available cookies: 2
2026-06-11 15:44:42.238 +00:00 [INF] Cookie: adminToken = 844 chars
2026-06-11 15:44:42.238 +00:00 [INF] Cookie: adminToken = 844 chars
2026-06-11 15:44:42.239 +00:00 [INF] Cookie: adminRefreshToken = 44 chars
2026-06-11 15:44:42.239 +00:00 [INF] Cookie: adminRefreshToken = 44 chars
2026-06-11 15:44:42.239 +00:00 [INF] Admin token found in cookies, length: 844
2026-06-11 15:44:42.239 +00:00 [INF] Admin token found in cookies, length: 844
2026-06-11 15:44:42.239 +00:00 [INF] Admin token set in context
2026-06-11 15:44:42.239 +00:00 [INF] Admin token set in context
2026-06-11 15:44:42.240 +00:00 [INF] ====== OnMessageReceived END - Token set: true ======
2026-06-11 15:44:42.240 +00:00 [INF] ====== OnMessageReceived END - Token set: true ======
2026-06-11 15:44:42.269 +00:00 [INF] Token validated successfully for user: lengyelnorbi
2026-06-11 15:44:42.269 +00:00 [INF] Token validated successfully for user: lengyelnorbi
2026-06-11 15:44:42.270 +00:00 [INF] Device fingerprint headers - UA: Mozilla/5.0 (Windows NT 10.0; Win64; x64; rv:151.0) Gecko/20100101 Firefox/151.0, Accept: application/json, text/plain, */*, Encoding: gzip, deflate
2026-06-11 15:44:42.270 +00:00 [INF] Device fingerprint headers - UA: Mozilla/5.0 (Windows NT 10.0; Win64; x64; rv:151.0) Gecko/20100101 Firefox/151.0, Accept: application/json, text/plain, */*, Encoding: gzip, deflate
2026-06-11 15:44:42.276 +00:00 [INF] Device fingerprint validation: Stored=/a2uf4z8rcBIhIr7KGbd6aahMr80Bhj+9uyLiYNZ66A=, Current=/a2uf4z8rcBIhIr7KGbd6aahMr80Bhj+9uyLiYNZ66A=
2026-06-11 15:44:42.276 +00:00 [INF] Device fingerprint validation: Stored=/a2uf4z8rcBIhIr7KGbd6aahMr80Bhj+9uyLiYNZ66A=, Current=/a2uf4z8rcBIhIr7KGbd6aahMr80Bhj+9uyLiYNZ66A=
2026-06-11 15:44:42.531 +00:00 [INF] Executed DbCommand (64ms) [Parameters=[@__jti_0='?', @__userId_1='?' (DbType = Int32)], CommandType='"Text"', CommandTimeout='30']
SELECT a."ID", a."CreatedAt", a."DeviceFingerprint", a."ExpiresAt", a."IpAddress", a."IsRevoked", a."UserID", a.jti
FROM "AccessTokens" AS a
WHERE a.jti = @__jti_0 AND a."UserID" = @__userId_1 AND NOT (a."IsRevoked") AND a."ExpiresAt" > now()
LIMIT 1
2026-06-11 15:44:42.531 +00:00 [INF] Executed DbCommand (64ms) [Parameters=[@__jti_0='?', @__userId_1='?' (DbType = Int32)], CommandType='"Text"', CommandTimeout='30']
SELECT a."ID", a."CreatedAt", a."DeviceFingerprint", a."ExpiresAt", a."IpAddress", a."IsRevoked", a."UserID", a.jti
FROM "AccessTokens" AS a
WHERE a.jti = @__jti_0 AND a."UserID" = @__userId_1 AND NOT (a."IsRevoked") AND a."ExpiresAt" > now()
LIMIT 1
2026-06-11 15:44:42.549 +00:00 [INF] Executing endpoint 'API.Controllers.UserController.Get (API)'
2026-06-11 15:44:42.549 +00:00 [INF] Executing endpoint 'API.Controllers.UserController.Get (API)'
2026-06-11 15:44:42.555 +00:00 [INF] Route matched with {action = "Get", controller = "User"}. Executing controller action with signature System.Threading.Tasks.Task`1[System.Collections.Generic.IEnumerable`1[API.DTO.UserDTO]] Get() on controller API.Controllers.UserController (API).
2026-06-11 15:44:42.555 +00:00 [INF] Route matched with {action = "Get", controller = "User"}. Executing controller action with signature System.Threading.Tasks.Task`1[System.Collections.Generic.IEnumerable`1[API.DTO.UserDTO]] Get() on controller API.Controllers.UserController (API).
2026-06-11 15:44:42.560 +00:00 [INF] Fetching user data from database...
2026-06-11 15:44:42.560 +00:00 [INF] Fetching user data from database...
2026-06-11 15:44:42.570 +00:00 [INF] Executed DbCommand (5ms) [Parameters=[], CommandType='"Text"', CommandTimeout='30']
SELECT u."ID", u."Email", u."PasswordHash", u."RegisteredAt", u."Role", u."Username"
FROM "Users" AS u
2026-06-11 15:44:42.570 +00:00 [INF] Executed DbCommand (5ms) [Parameters=[], CommandType='"Text"', CommandTimeout='30']
SELECT u."ID", u."Email", u."PasswordHash", u."RegisteredAt", u."Role", u."Username"
FROM "Users" AS u
2026-06-11 15:44:42.586 +00:00 [INF] Executing ObjectResult, writing value of type 'System.Collections.Generic.List`1[[API.DTO.UserDTO, API, Version=1.0.0.0, Culture=neutral, PublicKeyToken=null]]'.
2026-06-11 15:44:42.586 +00:00 [INF] Executing ObjectResult, writing value of type 'System.Collections.Generic.List`1[[API.DTO.UserDTO, API, Version=1.0.0.0, Culture=neutral, PublicKeyToken=null]]'.
2026-06-11 15:44:42.598 +00:00 [INF] Executed action API.Controllers.UserController.Get (API) in 41.8945ms
2026-06-11 15:44:42.599 +00:00 [INF] Executed endpoint 'API.Controllers.UserController.Get (API)'
2026-06-11 15:44:42.600 +00:00 [INF] Request finished HTTP/1.1 GET http://192.168.1.6:8080/api/user?page=1&limit=10 - 200 null application/json; charset=utf-8 421.0292ms
2026-06-11 15:44:42.649 +00:00 [INF] Executed action API.Controllers.UserController.Get (API) in 93.6473ms
2026-06-11 15:44:42.650 +00:00 [INF] Executed endpoint 'API.Controllers.UserController.Get (API)'
2026-06-11 15:44:42.650 +00:00 [INF] Request finished HTTP/1.1 GET http://192.168.1.6:8080/api/user - 499 null application/json; charset=utf-8 471.6213ms
2026-06-11 15:44:46.696 +00:00 [INF] Request starting HTTP/1.1 OPTIONS http://192.168.1.6:8080/api/password/generate-password - null null
2026-06-11 15:44:46.704 +00:00 [INF] CORS policy execution successful.
2026-06-11 15:44:46.707 +00:00 [INF] Request finished HTTP/1.1 OPTIONS http://192.168.1.6:8080/api/password/generate-password - 204 null null 10.3321ms
2026-06-11 15:44:46.710 +00:00 [INF] Request starting HTTP/1.1 POST http://192.168.1.6:8080/api/password/generate-password - application/json 43
2026-06-11 15:44:46.711 +00:00 [INF] CORS policy execution successful.
2026-06-11 15:44:46.712 +00:00 [INF] ====== OnMessageReceived START ======
2026-06-11 15:44:46.712 +00:00 [INF] Available cookies: 2
2026-06-11 15:44:46.712 +00:00 [INF] Cookie: adminToken = 844 chars
2026-06-11 15:44:46.713 +00:00 [INF] Cookie: adminRefreshToken = 44 chars
2026-06-11 15:44:46.713 +00:00 [INF] Admin token found in cookies, length: 844
2026-06-11 15:44:46.713 +00:00 [INF] Admin token set in context
2026-06-11 15:44:46.713 +00:00 [INF] ====== OnMessageReceived END - Token set: true ======
2026-06-11 15:44:46.714 +00:00 [INF] Token validated successfully for user: lengyelnorbi
2026-06-11 15:44:46.714 +00:00 [INF] Device fingerprint headers - UA: Mozilla/5.0 (Windows NT 10.0; Win64; x64; rv:151.0) Gecko/20100101 Firefox/151.0, Accept: */*, Encoding: gzip, deflate
2026-06-11 15:44:46.714 +00:00 [INF] Device fingerprint validation: Stored=/a2uf4z8rcBIhIr7KGbd6aahMr80Bhj+9uyLiYNZ66A=, Current=/a2uf4z8rcBIhIr7KGbd6aahMr80Bhj+9uyLiYNZ66A=
2026-06-11 15:44:46.719 +00:00 [INF] Executed DbCommand (2ms) [Parameters=[@__jti_0='?', @__userId_1='?' (DbType = Int32)], CommandType='"Text"', CommandTimeout='30']
SELECT a."ID", a."CreatedAt", a."DeviceFingerprint", a."ExpiresAt", a."IpAddress", a."IsRevoked", a."UserID", a.jti
FROM "AccessTokens" AS a
WHERE a.jti = @__jti_0 AND a."UserID" = @__userId_1 AND NOT (a."IsRevoked") AND a."ExpiresAt" > now()
LIMIT 1
2026-06-11 15:44:46.726 +00:00 [INF] Executing endpoint 'API.Controllers.PasswordController.GeneratePassword (API)'
2026-06-11 15:44:46.726 +00:00 [INF] Route matched with {action = "GeneratePassword", controller = "Password"}. Executing controller action with signature System.Threading.Tasks.Task`1[Microsoft.AspNetCore.Mvc.IActionResult] GeneratePassword(API.Models.RequestModels.GeneratePwdRequest) on controller API.Controllers.PasswordController (API).
2026-06-11 15:44:46.753 +00:00 [INF] Executing OkObjectResult, writing value of type '<>f__AnonymousType4`1[[System.String, System.Private.CoreLib, Version=9.0.0.0, Culture=neutral, PublicKeyToken=7cec85d7bea7798e]]'.
2026-06-11 15:44:46.756 +00:00 [INF] Executed action API.Controllers.PasswordController.GeneratePassword (API) in 29.2209ms
2026-06-11 15:44:46.756 +00:00 [INF] Executed endpoint 'API.Controllers.PasswordController.GeneratePassword (API)'
2026-06-11 15:44:46.756 +00:00 [INF] Request finished HTTP/1.1 POST http://192.168.1.6:8080/api/password/generate-password - 200 null application/json; charset=utf-8 45.9816ms
2026-06-11 15:44:50.282 +00:00 [INF] Request starting HTTP/1.1 OPTIONS http://192.168.1.6:8080/api/password/generate-password - null null
2026-06-11 15:44:50.282 +00:00 [INF] CORS policy execution successful.
2026-06-11 15:44:50.283 +00:00 [INF] Request finished HTTP/1.1 OPTIONS http://192.168.1.6:8080/api/password/generate-password - 204 null null 1.3953ms
2026-06-11 15:44:50.286 +00:00 [INF] Request starting HTTP/1.1 POST http://192.168.1.6:8080/api/password/generate-password - application/json 43
2026-06-11 15:44:50.286 +00:00 [INF] CORS policy execution successful.
2026-06-11 15:44:50.287 +00:00 [INF] ====== OnMessageReceived START ======
2026-06-11 15:44:50.287 +00:00 [INF] Available cookies: 2
2026-06-11 15:44:50.287 +00:00 [INF] Cookie: adminToken = 844 chars
2026-06-11 15:44:50.287 +00:00 [INF] Cookie: adminRefreshToken = 44 chars
2026-06-11 15:44:50.288 +00:00 [INF] Admin token found in cookies, length: 844
2026-06-11 15:44:50.288 +00:00 [INF] Admin token set in context
2026-06-11 15:44:50.288 +00:00 [INF] ====== OnMessageReceived END - Token set: true ======
2026-06-11 15:44:50.289 +00:00 [INF] Token validated successfully for user: lengyelnorbi
2026-06-11 15:44:50.289 +00:00 [INF] Device fingerprint headers - UA: Mozilla/5.0 (Windows NT 10.0; Win64; x64; rv:151.0) Gecko/20100101 Firefox/151.0, Accept: */*, Encoding: gzip, deflate
2026-06-11 15:44:50.290 +00:00 [INF] Device fingerprint validation: Stored=/a2uf4z8rcBIhIr7KGbd6aahMr80Bhj+9uyLiYNZ66A=, Current=/a2uf4z8rcBIhIr7KGbd6aahMr80Bhj+9uyLiYNZ66A=
2026-06-11 15:44:50.295 +00:00 [INF] Executed DbCommand (2ms) [Parameters=[@__jti_0='?', @__userId_1='?' (DbType = Int32)], CommandType='"Text"', CommandTimeout='30']
SELECT a."ID", a."CreatedAt", a."DeviceFingerprint", a."ExpiresAt", a."IpAddress", a."IsRevoked", a."UserID", a.jti
FROM "AccessTokens" AS a
WHERE a.jti = @__jti_0 AND a."UserID" = @__userId_1 AND NOT (a."IsRevoked") AND a."ExpiresAt" > now()
LIMIT 1
2026-06-11 15:44:50.295 +00:00 [INF] Executing endpoint 'API.Controllers.PasswordController.GeneratePassword (API)'
2026-06-11 15:44:50.296 +00:00 [INF] Route matched with {action = "GeneratePassword", controller = "Password"}. Executing controller action with signature System.Threading.Tasks.Task`1[Microsoft.AspNetCore.Mvc.IActionResult] GeneratePassword(API.Models.RequestModels.GeneratePwdRequest) on controller API.Controllers.PasswordController (API).
2026-06-11 15:44:50.300 +00:00 [INF] Executing OkObjectResult, writing value of type '<>f__AnonymousType4`1[[System.String, System.Private.CoreLib, Version=9.0.0.0, Culture=neutral, PublicKeyToken=7cec85d7bea7798e]]'.
2026-06-11 15:44:50.300 +00:00 [INF] Executed action API.Controllers.PasswordController.GeneratePassword (API) in 3.9635ms
2026-06-11 15:44:50.300 +00:00 [INF] Executed endpoint 'API.Controllers.PasswordController.GeneratePassword (API)'
2026-06-11 15:44:50.301 +00:00 [INF] Request finished HTTP/1.1 POST http://192.168.1.6:8080/api/password/generate-password - 200 null application/json; charset=utf-8 15.2895ms
2026-06-11 15:44:50.928 +00:00 [INF] Request starting HTTP/1.1 OPTIONS http://192.168.1.6:8080/api/password/generate-password - null null
2026-06-11 15:44:50.928 +00:00 [INF] CORS policy execution successful.
2026-06-11 15:44:50.928 +00:00 [INF] Request finished HTTP/1.1 OPTIONS http://192.168.1.6:8080/api/password/generate-password - 204 null null 1.0897ms
2026-06-11 15:44:50.930 +00:00 [INF] Request starting HTTP/1.1 POST http://192.168.1.6:8080/api/password/generate-password - application/json 43
2026-06-11 15:44:50.931 +00:00 [INF] CORS policy execution successful.
2026-06-11 15:44:50.931 +00:00 [INF] ====== OnMessageReceived START ======
2026-06-11 15:44:50.932 +00:00 [INF] Available cookies: 2
2026-06-11 15:44:50.932 +00:00 [INF] Cookie: adminToken = 844 chars
2026-06-11 15:44:50.932 +00:00 [INF] Cookie: adminRefreshToken = 44 chars
2026-06-11 15:44:50.932 +00:00 [INF] Admin token found in cookies, length: 844
2026-06-11 15:44:50.932 +00:00 [INF] Admin token set in context
2026-06-11 15:44:50.933 +00:00 [INF] ====== OnMessageReceived END - Token set: true ======
2026-06-11 15:44:50.934 +00:00 [INF] Token validated successfully for user: lengyelnorbi
2026-06-11 15:44:50.934 +00:00 [INF] Device fingerprint headers - UA: Mozilla/5.0 (Windows NT 10.0; Win64; x64; rv:151.0) Gecko/20100101 Firefox/151.0, Accept: */*, Encoding: gzip, deflate
2026-06-11 15:44:50.934 +00:00 [INF] Device fingerprint validation: Stored=/a2uf4z8rcBIhIr7KGbd6aahMr80Bhj+9uyLiYNZ66A=, Current=/a2uf4z8rcBIhIr7KGbd6aahMr80Bhj+9uyLiYNZ66A=
2026-06-11 15:44:50.938 +00:00 [INF] Executed DbCommand (2ms) [Parameters=[@__jti_0='?', @__userId_1='?' (DbType = Int32)], CommandType='"Text"', CommandTimeout='30']
SELECT a."ID", a."CreatedAt", a."DeviceFingerprint", a."ExpiresAt", a."IpAddress", a."IsRevoked", a."UserID", a.jti
FROM "AccessTokens" AS a
WHERE a.jti = @__jti_0 AND a."UserID" = @__userId_1 AND NOT (a."IsRevoked") AND a."ExpiresAt" > now()
LIMIT 1
2026-06-11 15:44:50.938 +00:00 [INF] Executing endpoint 'API.Controllers.PasswordController.GeneratePassword (API)'
2026-06-11 15:44:50.939 +00:00 [INF] Route matched with {action = "GeneratePassword", controller = "Password"}. Executing controller action with signature System.Threading.Tasks.Task`1[Microsoft.AspNetCore.Mvc.IActionResult] GeneratePassword(API.Models.RequestModels.GeneratePwdRequest) on controller API.Controllers.PasswordController (API).
2026-06-11 15:44:50.940 +00:00 [INF] Executing OkObjectResult, writing value of type '<>f__AnonymousType4`1[[System.String, System.Private.CoreLib, Version=9.0.0.0, Culture=neutral, PublicKeyToken=7cec85d7bea7798e]]'.
2026-06-11 15:44:50.941 +00:00 [INF] Executed action API.Controllers.PasswordController.GeneratePassword (API) in 2.2498ms
2026-06-11 15:44:50.941 +00:00 [INF] Executed endpoint 'API.Controllers.PasswordController.GeneratePassword (API)'
2026-06-11 15:44:50.942 +00:00 [INF] Request finished HTTP/1.1 POST http://192.168.1.6:8080/api/password/generate-password - 200 null application/json; charset=utf-8 11.4438ms
2026-06-11 15:44:51.464 +00:00 [INF] Request starting HTTP/1.1 OPTIONS http://192.168.1.6:8080/api/password/generate-password - null null
2026-06-11 15:44:51.465 +00:00 [INF] CORS policy execution successful.
2026-06-11 15:44:51.465 +00:00 [INF] Request finished HTTP/1.1 OPTIONS http://192.168.1.6:8080/api/password/generate-password - 204 null null 0.4749ms
2026-06-11 15:44:51.467 +00:00 [INF] Request starting HTTP/1.1 POST http://192.168.1.6:8080/api/password/generate-password - application/json 43
2026-06-11 15:44:51.467 +00:00 [INF] CORS policy execution successful.
2026-06-11 15:44:51.467 +00:00 [INF] ====== OnMessageReceived START ======
2026-06-11 15:44:51.467 +00:00 [INF] Available cookies: 2
2026-06-11 15:44:51.468 +00:00 [INF] Cookie: adminToken = 844 chars
2026-06-11 15:44:51.468 +00:00 [INF] Cookie: adminRefreshToken = 44 chars
2026-06-11 15:44:51.468 +00:00 [INF] Admin token found in cookies, length: 844
2026-06-11 15:44:51.468 +00:00 [INF] Admin token set in context
2026-06-11 15:44:51.468 +00:00 [INF] ====== OnMessageReceived END - Token set: true ======
2026-06-11 15:44:51.469 +00:00 [INF] Token validated successfully for user: lengyelnorbi
2026-06-11 15:44:51.469 +00:00 [INF] Device fingerprint headers - UA: Mozilla/5.0 (Windows NT 10.0; Win64; x64; rv:151.0) Gecko/20100101 Firefox/151.0, Accept: */*, Encoding: gzip, deflate
2026-06-11 15:44:51.469 +00:00 [INF] Device fingerprint validation: Stored=/a2uf4z8rcBIhIr7KGbd6aahMr80Bhj+9uyLiYNZ66A=, Current=/a2uf4z8rcBIhIr7KGbd6aahMr80Bhj+9uyLiYNZ66A=
2026-06-11 15:44:51.473 +00:00 [INF] Executed DbCommand (1ms) [Parameters=[@__jti_0='?', @__userId_1='?' (DbType = Int32)], CommandType='"Text"', CommandTimeout='30']
SELECT a."ID", a."CreatedAt", a."DeviceFingerprint", a."ExpiresAt", a."IpAddress", a."IsRevoked", a."UserID", a.jti
FROM "AccessTokens" AS a
WHERE a.jti = @__jti_0 AND a."UserID" = @__userId_1 AND NOT (a."IsRevoked") AND a."ExpiresAt" > now()
LIMIT 1
2026-06-11 15:44:51.474 +00:00 [INF] Executing endpoint 'API.Controllers.PasswordController.GeneratePassword (API)'
2026-06-11 15:44:51.474 +00:00 [INF] Route matched with {action = "GeneratePassword", controller = "Password"}. Executing controller action with signature System.Threading.Tasks.Task`1[Microsoft.AspNetCore.Mvc.IActionResult] GeneratePassword(API.Models.RequestModels.GeneratePwdRequest) on controller API.Controllers.PasswordController (API).
2026-06-11 15:44:51.476 +00:00 [INF] Executing OkObjectResult, writing value of type '<>f__AnonymousType4`1[[System.String, System.Private.CoreLib, Version=9.0.0.0, Culture=neutral, PublicKeyToken=7cec85d7bea7798e]]'.
2026-06-11 15:44:51.476 +00:00 [INF] Executed action API.Controllers.PasswordController.GeneratePassword (API) in 1.4287ms
2026-06-11 15:44:51.477 +00:00 [INF] Executed endpoint 'API.Controllers.PasswordController.GeneratePassword (API)'
2026-06-11 15:44:51.477 +00:00 [INF] Request finished HTTP/1.1 POST http://192.168.1.6:8080/api/password/generate-password - 200 null application/json; charset=utf-8 10.4279ms
2026-06-11 15:44:53.325 +00:00 [INF] Request starting HTTP/1.1 OPTIONS http://192.168.1.6:8080/api/password/generate-password - null null
2026-06-11 15:44:53.325 +00:00 [INF] CORS policy execution successful.
2026-06-11 15:44:53.325 +00:00 [INF] Request finished HTTP/1.1 OPTIONS http://192.168.1.6:8080/api/password/generate-password - 204 null null 0.5483ms
2026-06-11 15:44:53.327 +00:00 [INF] Request starting HTTP/1.1 POST http://192.168.1.6:8080/api/password/generate-password - application/json 43
2026-06-11 15:44:53.327 +00:00 [INF] CORS policy execution successful.
2026-06-11 15:44:53.328 +00:00 [INF] ====== OnMessageReceived START ======
2026-06-11 15:44:53.328 +00:00 [INF] Available cookies: 2
2026-06-11 15:44:53.328 +00:00 [INF] Cookie: adminToken = 844 chars
2026-06-11 15:44:53.328 +00:00 [INF] Cookie: adminRefreshToken = 44 chars
2026-06-11 15:44:53.328 +00:00 [INF] Admin token found in cookies, length: 844
2026-06-11 15:44:53.328 +00:00 [INF] Admin token set in context
2026-06-11 15:44:53.329 +00:00 [INF] ====== OnMessageReceived END - Token set: true ======
2026-06-11 15:44:53.329 +00:00 [INF] Token validated successfully for user: lengyelnorbi
2026-06-11 15:44:53.329 +00:00 [INF] Device fingerprint headers - UA: Mozilla/5.0 (Windows NT 10.0; Win64; x64; rv:151.0) Gecko/20100101 Firefox/151.0, Accept: */*, Encoding: gzip, deflate
2026-06-11 15:44:53.330 +00:00 [INF] Device fingerprint validation: Stored=/a2uf4z8rcBIhIr7KGbd6aahMr80Bhj+9uyLiYNZ66A=, Current=/a2uf4z8rcBIhIr7KGbd6aahMr80Bhj+9uyLiYNZ66A=
2026-06-11 15:44:53.333 +00:00 [INF] Executed DbCommand (1ms) [Parameters=[@__jti_0='?', @__userId_1='?' (DbType = Int32)], CommandType='"Text"', CommandTimeout='30']
SELECT a."ID", a."CreatedAt", a."DeviceFingerprint", a."ExpiresAt", a."IpAddress", a."IsRevoked", a."UserID", a.jti
FROM "AccessTokens" AS a
WHERE a.jti = @__jti_0 AND a."UserID" = @__userId_1 AND NOT (a."IsRevoked") AND a."ExpiresAt" > now()
LIMIT 1
2026-06-11 15:44:53.334 +00:00 [INF] Executing endpoint 'API.Controllers.PasswordController.GeneratePassword (API)'
2026-06-11 15:44:53.334 +00:00 [INF] Route matched with {action = "GeneratePassword", controller = "Password"}. Executing controller action with signature System.Threading.Tasks.Task`1[Microsoft.AspNetCore.Mvc.IActionResult] GeneratePassword(API.Models.RequestModels.GeneratePwdRequest) on controller API.Controllers.PasswordController (API).
2026-06-11 15:44:53.339 +00:00 [INF] Executing OkObjectResult, writing value of type '<>f__AnonymousType4`1[[System.String, System.Private.CoreLib, Version=9.0.0.0, Culture=neutral, PublicKeyToken=7cec85d7bea7798e]]'.
2026-06-11 15:44:53.339 +00:00 [INF] Executed action API.Controllers.PasswordController.GeneratePassword (API) in 4.8901ms
2026-06-11 15:44:53.339 +00:00 [INF] Executed endpoint 'API.Controllers.PasswordController.GeneratePassword (API)'
2026-06-11 15:44:53.340 +00:00 [INF] Request finished HTTP/1.1 POST http://192.168.1.6:8080/api/password/generate-password - 200 null application/json; charset=utf-8 12.5277ms
2026-06-11 15:44:53.781 +00:00 [INF] Request starting HTTP/1.1 OPTIONS http://192.168.1.6:8080/api/password/generate-password - null null
2026-06-11 15:44:53.782 +00:00 [INF] CORS policy execution successful.
2026-06-11 15:44:53.782 +00:00 [INF] Request finished HTTP/1.1 OPTIONS http://192.168.1.6:8080/api/password/generate-password - 204 null null 0.6005ms
2026-06-11 15:44:53.784 +00:00 [INF] Request starting HTTP/1.1 POST http://192.168.1.6:8080/api/password/generate-password - application/json 43
2026-06-11 15:44:53.784 +00:00 [INF] CORS policy execution successful.
2026-06-11 15:44:53.785 +00:00 [INF] ====== OnMessageReceived START ======
2026-06-11 15:44:53.785 +00:00 [INF] Available cookies: 2
2026-06-11 15:44:53.785 +00:00 [INF] Cookie: adminToken = 844 chars
2026-06-11 15:44:53.785 +00:00 [INF] Cookie: adminRefreshToken = 44 chars
2026-06-11 15:44:53.785 +00:00 [INF] Admin token found in cookies, length: 844
2026-06-11 15:44:53.785 +00:00 [INF] Admin token set in context
2026-06-11 15:44:53.785 +00:00 [INF] ====== OnMessageReceived END - Token set: true ======
2026-06-11 15:44:53.786 +00:00 [INF] Token validated successfully for user: lengyelnorbi
2026-06-11 15:44:53.786 +00:00 [INF] Device fingerprint headers - UA: Mozilla/5.0 (Windows NT 10.0; Win64; x64; rv:151.0) Gecko/20100101 Firefox/151.0, Accept: */*, Encoding: gzip, deflate
2026-06-11 15:44:53.787 +00:00 [INF] Device fingerprint validation: Stored=/a2uf4z8rcBIhIr7KGbd6aahMr80Bhj+9uyLiYNZ66A=, Current=/a2uf4z8rcBIhIr7KGbd6aahMr80Bhj+9uyLiYNZ66A=
2026-06-11 15:44:53.791 +00:00 [INF] Executed DbCommand (1ms) [Parameters=[@__jti_0='?', @__userId_1='?' (DbType = Int32)], CommandType='"Text"', CommandTimeout='30']
SELECT a."ID", a."CreatedAt", a."DeviceFingerprint", a."ExpiresAt", a."IpAddress", a."IsRevoked", a."UserID", a.jti
FROM "AccessTokens" AS a
WHERE a.jti = @__jti_0 AND a."UserID" = @__userId_1 AND NOT (a."IsRevoked") AND a."ExpiresAt" > now()
LIMIT 1
2026-06-11 15:44:53.791 +00:00 [INF] Executing endpoint 'API.Controllers.PasswordController.GeneratePassword (API)'
2026-06-11 15:44:53.791 +00:00 [INF] Route matched with {action = "GeneratePassword", controller = "Password"}. Executing controller action with signature System.Threading.Tasks.Task`1[Microsoft.AspNetCore.Mvc.IActionResult] GeneratePassword(API.Models.RequestModels.GeneratePwdRequest) on controller API.Controllers.PasswordController (API).
2026-06-11 15:44:53.792 +00:00 [INF] Executing OkObjectResult, writing value of type '<>f__AnonymousType4`1[[System.String, System.Private.CoreLib, Version=9.0.0.0, Culture=neutral, PublicKeyToken=7cec85d7bea7798e]]'.
2026-06-11 15:44:53.793 +00:00 [INF] Executed action API.Controllers.PasswordController.GeneratePassword (API) in 1.2853ms
2026-06-11 15:44:53.793 +00:00 [INF] Executed endpoint 'API.Controllers.PasswordController.GeneratePassword (API)'
2026-06-11 15:44:53.794 +00:00 [INF] Request finished HTTP/1.1 POST http://192.168.1.6:8080/api/password/generate-password - 200 null application/json; charset=utf-8 9.5991ms
2026-06-11 15:44:54.866 +00:00 [INF] Request starting HTTP/1.1 OPTIONS http://192.168.1.6:8080/api/password/generate-password - null null
2026-06-11 15:44:54.867 +00:00 [INF] CORS policy execution successful.
2026-06-11 15:44:54.867 +00:00 [INF] Request finished HTTP/1.1 OPTIONS http://192.168.1.6:8080/api/password/generate-password - 204 null null 1.0964ms
2026-06-11 15:44:54.869 +00:00 [INF] Request starting HTTP/1.1 POST http://192.168.1.6:8080/api/password/generate-password - application/json 43
2026-06-11 15:44:54.869 +00:00 [INF] CORS policy execution successful.
2026-06-11 15:44:54.869 +00:00 [INF] ====== OnMessageReceived START ======
2026-06-11 15:44:54.869 +00:00 [INF] Available cookies: 2
2026-06-11 15:44:54.869 +00:00 [INF] Cookie: adminToken = 844 chars
2026-06-11 15:44:54.870 +00:00 [INF] Cookie: adminRefreshToken = 44 chars
2026-06-11 15:44:54.870 +00:00 [INF] Admin token found in cookies, length: 844
2026-06-11 15:44:54.870 +00:00 [INF] Admin token set in context
2026-06-11 15:44:54.870 +00:00 [INF] ====== OnMessageReceived END - Token set: true ======
2026-06-11 15:44:54.871 +00:00 [INF] Token validated successfully for user: lengyelnorbi
2026-06-11 15:44:54.871 +00:00 [INF] Device fingerprint headers - UA: Mozilla/5.0 (Windows NT 10.0; Win64; x64; rv:151.0) Gecko/20100101 Firefox/151.0, Accept: */*, Encoding: gzip, deflate
2026-06-11 15:44:54.871 +00:00 [INF] Device fingerprint validation: Stored=/a2uf4z8rcBIhIr7KGbd6aahMr80Bhj+9uyLiYNZ66A=, Current=/a2uf4z8rcBIhIr7KGbd6aahMr80Bhj+9uyLiYNZ66A=
2026-06-11 15:44:54.876 +00:00 [INF] Executed DbCommand (2ms) [Parameters=[@__jti_0='?', @__userId_1='?' (DbType = Int32)], CommandType='"Text"', CommandTimeout='30']
SELECT a."ID", a."CreatedAt", a."DeviceFingerprint", a."ExpiresAt", a."IpAddress", a."IsRevoked", a."UserID", a.jti
FROM "AccessTokens" AS a
WHERE a.jti = @__jti_0 AND a."UserID" = @__userId_1 AND NOT (a."IsRevoked") AND a."ExpiresAt" > now()
LIMIT 1
2026-06-11 15:44:54.877 +00:00 [INF] Executing endpoint 'API.Controllers.PasswordController.GeneratePassword (API)'
2026-06-11 15:44:54.877 +00:00 [INF] Route matched with {action = "GeneratePassword", controller = "Password"}. Executing controller action with signature System.Threading.Tasks.Task`1[Microsoft.AspNetCore.Mvc.IActionResult] GeneratePassword(API.Models.RequestModels.GeneratePwdRequest) on controller API.Controllers.PasswordController (API).
2026-06-11 15:44:54.878 +00:00 [INF] Executing OkObjectResult, writing value of type '<>f__AnonymousType4`1[[System.String, System.Private.CoreLib, Version=9.0.0.0, Culture=neutral, PublicKeyToken=7cec85d7bea7798e]]'.
2026-06-11 15:44:54.879 +00:00 [INF] Executed action API.Controllers.PasswordController.GeneratePassword (API) in 1.7371ms
2026-06-11 15:44:54.879 +00:00 [INF] Executed endpoint 'API.Controllers.PasswordController.GeneratePassword (API)'
2026-06-11 15:44:54.879 +00:00 [INF] Request finished HTTP/1.1 POST http://192.168.1.6:8080/api/password/generate-password - 200 null application/json; charset=utf-8 10.9076ms
2026-06-11 15:44:55.736 +00:00 [INF] Request starting HTTP/1.1 OPTIONS http://192.168.1.6:8080/api/password/generate-password - null null
2026-06-11 15:44:55.736 +00:00 [INF] CORS policy execution successful.
2026-06-11 15:44:55.736 +00:00 [INF] Request finished HTTP/1.1 OPTIONS http://192.168.1.6:8080/api/password/generate-password - 204 null null 0.6485ms
2026-06-11 15:44:55.739 +00:00 [INF] Request starting HTTP/1.1 POST http://192.168.1.6:8080/api/password/generate-password - application/json 43
2026-06-11 15:44:55.739 +00:00 [INF] CORS policy execution successful.
2026-06-11 15:44:55.739 +00:00 [INF] ====== OnMessageReceived START ======
2026-06-11 15:44:55.739 +00:00 [INF] Available cookies: 2
2026-06-11 15:44:55.740 +00:00 [INF] Cookie: adminToken = 844 chars
2026-06-11 15:44:55.740 +00:00 [INF] Cookie: adminRefreshToken = 44 chars
2026-06-11 15:44:55.740 +00:00 [INF] Admin token found in cookies, length: 844
2026-06-11 15:44:55.740 +00:00 [INF] Admin token set in context
2026-06-11 15:44:55.740 +00:00 [INF] ====== OnMessageReceived END - Token set: true ======
2026-06-11 15:44:55.741 +00:00 [INF] Token validated successfully for user: lengyelnorbi
2026-06-11 15:44:55.741 +00:00 [INF] Device fingerprint headers - UA: Mozilla/5.0 (Windows NT 10.0; Win64; x64; rv:151.0) Gecko/20100101 Firefox/151.0, Accept: */*, Encoding: gzip, deflate
2026-06-11 15:44:55.741 +00:00 [INF] Device fingerprint validation: Stored=/a2uf4z8rcBIhIr7KGbd6aahMr80Bhj+9uyLiYNZ66A=, Current=/a2uf4z8rcBIhIr7KGbd6aahMr80Bhj+9uyLiYNZ66A=
2026-06-11 15:44:55.745 +00:00 [INF] Executed DbCommand (2ms) [Parameters=[@__jti_0='?', @__userId_1='?' (DbType = Int32)], CommandType='"Text"', CommandTimeout='30']
SELECT a."ID", a."CreatedAt", a."DeviceFingerprint", a."ExpiresAt", a."IpAddress", a."IsRevoked", a."UserID", a.jti
FROM "AccessTokens" AS a
WHERE a.jti = @__jti_0 AND a."UserID" = @__userId_1 AND NOT (a."IsRevoked") AND a."ExpiresAt" > now()
LIMIT 1
2026-06-11 15:44:55.745 +00:00 [INF] Executing endpoint 'API.Controllers.PasswordController.GeneratePassword (API)'
2026-06-11 15:44:55.746 +00:00 [INF] Route matched with {action = "GeneratePassword", controller = "Password"}. Executing controller action with signature System.Threading.Tasks.Task`1[Microsoft.AspNetCore.Mvc.IActionResult] GeneratePassword(API.Models.RequestModels.GeneratePwdRequest) on controller API.Controllers.PasswordController (API).
2026-06-11 15:44:55.747 +00:00 [INF] Executing OkObjectResult, writing value of type '<>f__AnonymousType4`1[[System.String, System.Private.CoreLib, Version=9.0.0.0, Culture=neutral, PublicKeyToken=7cec85d7bea7798e]]'.
2026-06-11 15:44:55.747 +00:00 [INF] Executed action API.Controllers.PasswordController.GeneratePassword (API) in 1.7832ms
2026-06-11 15:44:55.748 +00:00 [INF] Executed endpoint 'API.Controllers.PasswordController.GeneratePassword (API)'
2026-06-11 15:44:55.748 +00:00 [INF] Request finished HTTP/1.1 POST http://192.168.1.6:8080/api/password/generate-password - 200 null application/json; charset=utf-8 9.4028ms
2026-06-11 15:44:56.200 +00:00 [INF] Request starting HTTP/1.1 OPTIONS http://192.168.1.6:8080/api/password/generate-password - null null
2026-06-11 15:44:56.200 +00:00 [INF] CORS policy execution successful.
2026-06-11 15:44:56.201 +00:00 [INF] Request finished HTTP/1.1 OPTIONS http://192.168.1.6:8080/api/password/generate-password - 204 null null 0.6011ms
2026-06-11 15:44:56.202 +00:00 [INF] Request starting HTTP/1.1 POST http://192.168.1.6:8080/api/password/generate-password - application/json 43
2026-06-11 15:44:56.203 +00:00 [INF] CORS policy execution successful.
2026-06-11 15:44:56.203 +00:00 [INF] ====== OnMessageReceived START ======
2026-06-11 15:44:56.204 +00:00 [INF] Available cookies: 2
2026-06-11 15:44:56.204 +00:00 [INF] Cookie: adminToken = 844 chars
2026-06-11 15:44:56.204 +00:00 [INF] Cookie: adminRefreshToken = 44 chars
2026-06-11 15:44:56.204 +00:00 [INF] Admin token found in cookies, length: 844
2026-06-11 15:44:56.204 +00:00 [INF] Admin token set in context
2026-06-11 15:44:56.204 +00:00 [INF] ====== OnMessageReceived END - Token set: true ======
2026-06-11 15:44:56.205 +00:00 [INF] Token validated successfully for user: lengyelnorbi
2026-06-11 15:44:56.205 +00:00 [INF] Device fingerprint headers - UA: Mozilla/5.0 (Windows NT 10.0; Win64; x64; rv:151.0) Gecko/20100101 Firefox/151.0, Accept: */*, Encoding: gzip, deflate
2026-06-11 15:44:56.205 +00:00 [INF] Device fingerprint validation: Stored=/a2uf4z8rcBIhIr7KGbd6aahMr80Bhj+9uyLiYNZ66A=, Current=/a2uf4z8rcBIhIr7KGbd6aahMr80Bhj+9uyLiYNZ66A=
2026-06-11 15:44:56.208 +00:00 [INF] Executed DbCommand (2ms) [Parameters=[@__jti_0='?', @__userId_1='?' (DbType = Int32)], CommandType='"Text"', CommandTimeout='30']
SELECT a."ID", a."CreatedAt", a."DeviceFingerprint", a."ExpiresAt", a."IpAddress", a."IsRevoked", a."UserID", a.jti
FROM "AccessTokens" AS a
WHERE a.jti = @__jti_0 AND a."UserID" = @__userId_1 AND NOT (a."IsRevoked") AND a."ExpiresAt" > now()
LIMIT 1
2026-06-11 15:44:56.208 +00:00 [INF] Executing endpoint 'API.Controllers.PasswordController.GeneratePassword (API)'
2026-06-11 15:44:56.209 +00:00 [INF] Route matched with {action = "GeneratePassword", controller = "Password"}. Executing controller action with signature System.Threading.Tasks.Task`1[Microsoft.AspNetCore.Mvc.IActionResult] GeneratePassword(API.Models.RequestModels.GeneratePwdRequest) on controller API.Controllers.PasswordController (API).
2026-06-11 15:44:56.209 +00:00 [INF] Executing OkObjectResult, writing value of type '<>f__AnonymousType4`1[[System.String, System.Private.CoreLib, Version=9.0.0.0, Culture=neutral, PublicKeyToken=7cec85d7bea7798e]]'.
2026-06-11 15:44:56.209 +00:00 [INF] Executed action API.Controllers.PasswordController.GeneratePassword (API) in 0.7194ms
2026-06-11 15:44:56.210 +00:00 [INF] Executed endpoint 'API.Controllers.PasswordController.GeneratePassword (API)'
2026-06-11 15:44:56.210 +00:00 [INF] Request finished HTTP/1.1 POST http://192.168.1.6:8080/api/password/generate-password - 200 null application/json; charset=utf-8 7.6604ms
2026-06-11 15:44:56.601 +00:00 [INF] Request starting HTTP/1.1 OPTIONS http://192.168.1.6:8080/api/password/generate-password - null null
2026-06-11 15:44:56.602 +00:00 [INF] CORS policy execution successful.
2026-06-11 15:44:56.602 +00:00 [INF] Request finished HTTP/1.1 OPTIONS http://192.168.1.6:8080/api/password/generate-password - 204 null null 0.6044ms
2026-06-11 15:44:56.604 +00:00 [INF] Request starting HTTP/1.1 POST http://192.168.1.6:8080/api/password/generate-password - application/json 43
2026-06-11 15:44:56.604 +00:00 [INF] CORS policy execution successful.
2026-06-11 15:44:56.604 +00:00 [INF] ====== OnMessageReceived START ======
2026-06-11 15:44:56.605 +00:00 [INF] Available cookies: 2
2026-06-11 15:44:56.605 +00:00 [INF] Cookie: adminToken = 844 chars
2026-06-11 15:44:56.605 +00:00 [INF] Cookie: adminRefreshToken = 44 chars
2026-06-11 15:44:56.605 +00:00 [INF] Admin token found in cookies, length: 844
2026-06-11 15:44:56.606 +00:00 [INF] Admin token set in context
2026-06-11 15:44:56.606 +00:00 [INF] ====== OnMessageReceived END - Token set: true ======
2026-06-11 15:44:56.606 +00:00 [INF] Token validated successfully for user: lengyelnorbi
2026-06-11 15:44:56.607 +00:00 [INF] Device fingerprint headers - UA: Mozilla/5.0 (Windows NT 10.0; Win64; x64; rv:151.0) Gecko/20100101 Firefox/151.0, Accept: */*, Encoding: gzip, deflate
2026-06-11 15:44:56.607 +00:00 [INF] Device fingerprint validation: Stored=/a2uf4z8rcBIhIr7KGbd6aahMr80Bhj+9uyLiYNZ66A=, Current=/a2uf4z8rcBIhIr7KGbd6aahMr80Bhj+9uyLiYNZ66A=
2026-06-11 15:44:56.609 +00:00 [INF] Executed DbCommand (1ms) [Parameters=[@__jti_0='?', @__userId_1='?' (DbType = Int32)], CommandType='"Text"', CommandTimeout='30']
SELECT a."ID", a."CreatedAt", a."DeviceFingerprint", a."ExpiresAt", a."IpAddress", a."IsRevoked", a."UserID", a.jti
FROM "AccessTokens" AS a
WHERE a.jti = @__jti_0 AND a."UserID" = @__userId_1 AND NOT (a."IsRevoked") AND a."ExpiresAt" > now()
LIMIT 1
2026-06-11 15:44:56.610 +00:00 [INF] Executing endpoint 'API.Controllers.PasswordController.GeneratePassword (API)'
2026-06-11 15:44:56.610 +00:00 [INF] Route matched with {action = "GeneratePassword", controller = "Password"}. Executing controller action with signature System.Threading.Tasks.Task`1[Microsoft.AspNetCore.Mvc.IActionResult] GeneratePassword(API.Models.RequestModels.GeneratePwdRequest) on controller API.Controllers.PasswordController (API).
2026-06-11 15:44:56.611 +00:00 [INF] Executing OkObjectResult, writing value of type '<>f__AnonymousType4`1[[System.String, System.Private.CoreLib, Version=9.0.0.0, Culture=neutral, PublicKeyToken=7cec85d7bea7798e]]'.
2026-06-11 15:44:56.611 +00:00 [INF] Executed action API.Controllers.PasswordController.GeneratePassword (API) in 1.3818ms
2026-06-11 15:44:56.612 +00:00 [INF] Executed endpoint 'API.Controllers.PasswordController.GeneratePassword (API)'
2026-06-11 15:44:56.612 +00:00 [INF] Request finished HTTP/1.1 POST http://192.168.1.6:8080/api/password/generate-password - 200 null application/json; charset=utf-8 8.3544ms
2026-06-11 15:44:56.984 +00:00 [INF] Request starting HTTP/1.1 OPTIONS http://192.168.1.6:8080/api/password/generate-password - null null
2026-06-11 15:44:56.984 +00:00 [INF] CORS policy execution successful.
2026-06-11 15:44:56.984 +00:00 [INF] Request finished HTTP/1.1 OPTIONS http://192.168.1.6:8080/api/password/generate-password - 204 null null 0.4987ms
2026-06-11 15:44:56.986 +00:00 [INF] Request starting HTTP/1.1 POST http://192.168.1.6:8080/api/password/generate-password - application/json 43
2026-06-11 15:44:56.987 +00:00 [INF] CORS policy execution successful.
2026-06-11 15:44:56.987 +00:00 [INF] ====== OnMessageReceived START ======
2026-06-11 15:44:56.988 +00:00 [INF] Available cookies: 2
2026-06-11 15:44:56.988 +00:00 [INF] Cookie: adminToken = 844 chars
2026-06-11 15:44:56.988 +00:00 [INF] Cookie: adminRefreshToken = 44 chars
2026-06-11 15:44:56.988 +00:00 [INF] Admin token found in cookies, length: 844
2026-06-11 15:44:56.988 +00:00 [INF] Admin token set in context
2026-06-11 15:44:56.989 +00:00 [INF] ====== OnMessageReceived END - Token set: true ======
2026-06-11 15:44:56.989 +00:00 [INF] Token validated successfully for user: lengyelnorbi
2026-06-11 15:44:56.989 +00:00 [INF] Device fingerprint headers - UA: Mozilla/5.0 (Windows NT 10.0; Win64; x64; rv:151.0) Gecko/20100101 Firefox/151.0, Accept: */*, Encoding: gzip, deflate
2026-06-11 15:44:56.989 +00:00 [INF] Device fingerprint validation: Stored=/a2uf4z8rcBIhIr7KGbd6aahMr80Bhj+9uyLiYNZ66A=, Current=/a2uf4z8rcBIhIr7KGbd6aahMr80Bhj+9uyLiYNZ66A=
2026-06-11 15:44:56.994 +00:00 [INF] Executed DbCommand (2ms) [Parameters=[@__jti_0='?', @__userId_1='?' (DbType = Int32)], CommandType='"Text"', CommandTimeout='30']
SELECT a."ID", a."CreatedAt", a."DeviceFingerprint", a."ExpiresAt", a."IpAddress", a."IsRevoked", a."UserID", a.jti
FROM "AccessTokens" AS a
WHERE a.jti = @__jti_0 AND a."UserID" = @__userId_1 AND NOT (a."IsRevoked") AND a."ExpiresAt" > now()
LIMIT 1
2026-06-11 15:44:56.994 +00:00 [INF] Executing endpoint 'API.Controllers.PasswordController.GeneratePassword (API)'
2026-06-11 15:44:56.995 +00:00 [INF] Route matched with {action = "GeneratePassword", controller = "Password"}. Executing controller action with signature System.Threading.Tasks.Task`1[Microsoft.AspNetCore.Mvc.IActionResult] GeneratePassword(API.Models.RequestModels.GeneratePwdRequest) on controller API.Controllers.PasswordController (API).
2026-06-11 15:44:56.995 +00:00 [INF] Executing OkObjectResult, writing value of type '<>f__AnonymousType4`1[[System.String, System.Private.CoreLib, Version=9.0.0.0, Culture=neutral, PublicKeyToken=7cec85d7bea7798e]]'.
2026-06-11 15:44:56.996 +00:00 [INF] Executed action API.Controllers.PasswordController.GeneratePassword (API) in 0.4561ms
2026-06-11 15:44:56.996 +00:00 [INF] Executed endpoint 'API.Controllers.PasswordController.GeneratePassword (API)'
2026-06-11 15:44:56.996 +00:00 [INF] Request finished HTTP/1.1 POST http://192.168.1.6:8080/api/password/generate-password - 200 null application/json; charset=utf-8 10.0104ms
2026-06-11 15:44:57.500 +00:00 [INF] Request starting HTTP/1.1 OPTIONS http://192.168.1.6:8080/api/password/generate-password - null null
2026-06-11 15:44:57.500 +00:00 [INF] CORS policy execution successful.
2026-06-11 15:44:57.501 +00:00 [INF] Request finished HTTP/1.1 OPTIONS http://192.168.1.6:8080/api/password/generate-password - 204 null null 1.6416ms
2026-06-11 15:44:57.504 +00:00 [INF] Request starting HTTP/1.1 POST http://192.168.1.6:8080/api/password/generate-password - application/json 43
2026-06-11 15:44:57.504 +00:00 [INF] CORS policy execution successful.
2026-06-11 15:44:57.505 +00:00 [INF] ====== OnMessageReceived START ======
2026-06-11 15:44:57.505 +00:00 [INF] Available cookies: 2
2026-06-11 15:44:57.505 +00:00 [INF] Cookie: adminToken = 844 chars
2026-06-11 15:44:57.505 +00:00 [INF] Cookie: adminRefreshToken = 44 chars
2026-06-11 15:44:57.505 +00:00 [INF] Admin token found in cookies, length: 844
2026-06-11 15:44:57.506 +00:00 [INF] Admin token set in context
2026-06-11 15:44:57.506 +00:00 [INF] ====== OnMessageReceived END - Token set: true ======
2026-06-11 15:44:57.506 +00:00 [INF] Token validated successfully for user: lengyelnorbi
2026-06-11 15:44:57.506 +00:00 [INF] Device fingerprint headers - UA: Mozilla/5.0 (Windows NT 10.0; Win64; x64; rv:151.0) Gecko/20100101 Firefox/151.0, Accept: */*, Encoding: gzip, deflate
2026-06-11 15:44:57.506 +00:00 [INF] Device fingerprint validation: Stored=/a2uf4z8rcBIhIr7KGbd6aahMr80Bhj+9uyLiYNZ66A=, Current=/a2uf4z8rcBIhIr7KGbd6aahMr80Bhj+9uyLiYNZ66A=
2026-06-11 15:44:57.509 +00:00 [INF] Executed DbCommand (1ms) [Parameters=[@__jti_0='?', @__userId_1='?' (DbType = Int32)], CommandType='"Text"', CommandTimeout='30']
SELECT a."ID", a."CreatedAt", a."DeviceFingerprint", a."ExpiresAt", a."IpAddress", a."IsRevoked", a."UserID", a.jti
FROM "AccessTokens" AS a
WHERE a.jti = @__jti_0 AND a."UserID" = @__userId_1 AND NOT (a."IsRevoked") AND a."ExpiresAt" > now()
LIMIT 1
2026-06-11 15:44:57.510 +00:00 [INF] Executing endpoint 'API.Controllers.PasswordController.GeneratePassword (API)'
2026-06-11 15:44:57.510 +00:00 [INF] Route matched with {action = "GeneratePassword", controller = "Password"}. Executing controller action with signature System.Threading.Tasks.Task`1[Microsoft.AspNetCore.Mvc.IActionResult] GeneratePassword(API.Models.RequestModels.GeneratePwdRequest) on controller API.Controllers.PasswordController (API).
2026-06-11 15:44:57.511 +00:00 [INF] Executing OkObjectResult, writing value of type '<>f__AnonymousType4`1[[System.String, System.Private.CoreLib, Version=9.0.0.0, Culture=neutral, PublicKeyToken=7cec85d7bea7798e]]'.
2026-06-11 15:44:57.511 +00:00 [INF] Executed action API.Controllers.PasswordController.GeneratePassword (API) in 0.8608ms
2026-06-11 15:44:57.511 +00:00 [INF] Executed endpoint 'API.Controllers.PasswordController.GeneratePassword (API)'
2026-06-11 15:44:57.512 +00:00 [INF] Request finished HTTP/1.1 POST http://192.168.1.6:8080/api/password/generate-password - 200 null application/json; charset=utf-8 7.6775ms
2026-06-11 15:44:57.905 +00:00 [INF] Request starting HTTP/1.1 OPTIONS http://192.168.1.6:8080/api/password/generate-password - null null
2026-06-11 15:44:57.905 +00:00 [INF] CORS policy execution successful.
2026-06-11 15:44:57.905 +00:00 [INF] Request finished HTTP/1.1 OPTIONS http://192.168.1.6:8080/api/password/generate-password - 204 null null 1.0208ms
2026-06-11 15:44:57.907 +00:00 [INF] Request starting HTTP/1.1 POST http://192.168.1.6:8080/api/password/generate-password - application/json 43
2026-06-11 15:44:57.908 +00:00 [INF] CORS policy execution successful.
2026-06-11 15:44:57.908 +00:00 [INF] ====== OnMessageReceived START ======
2026-06-11 15:44:57.908 +00:00 [INF] Available cookies: 2
2026-06-11 15:44:57.908 +00:00 [INF] Cookie: adminToken = 844 chars
2026-06-11 15:44:57.909 +00:00 [INF] Cookie: adminRefreshToken = 44 chars
2026-06-11 15:44:57.909 +00:00 [INF] Admin token found in cookies, length: 844
2026-06-11 15:44:57.909 +00:00 [INF] Admin token set in context
2026-06-11 15:44:57.909 +00:00 [INF] ====== OnMessageReceived END - Token set: true ======
2026-06-11 15:44:57.909 +00:00 [INF] Token validated successfully for user: lengyelnorbi
2026-06-11 15:44:57.909 +00:00 [INF] Device fingerprint headers - UA: Mozilla/5.0 (Windows NT 10.0; Win64; x64; rv:151.0) Gecko/20100101 Firefox/151.0, Accept: */*, Encoding: gzip, deflate
2026-06-11 15:44:57.910 +00:00 [INF] Device fingerprint validation: Stored=/a2uf4z8rcBIhIr7KGbd6aahMr80Bhj+9uyLiYNZ66A=, Current=/a2uf4z8rcBIhIr7KGbd6aahMr80Bhj+9uyLiYNZ66A=
2026-06-11 15:44:57.914 +00:00 [INF] Executed DbCommand (2ms) [Parameters=[@__jti_0='?', @__userId_1='?' (DbType = Int32)], CommandType='"Text"', CommandTimeout='30']
SELECT a."ID", a."CreatedAt", a."DeviceFingerprint", a."ExpiresAt", a."IpAddress", a."IsRevoked", a."UserID", a.jti
FROM "AccessTokens" AS a
WHERE a.jti = @__jti_0 AND a."UserID" = @__userId_1 AND NOT (a."IsRevoked") AND a."ExpiresAt" > now()
LIMIT 1
2026-06-11 15:44:57.915 +00:00 [INF] Executing endpoint 'API.Controllers.PasswordController.GeneratePassword (API)'
2026-06-11 15:44:57.915 +00:00 [INF] Route matched with {action = "GeneratePassword", controller = "Password"}. Executing controller action with signature System.Threading.Tasks.Task`1[Microsoft.AspNetCore.Mvc.IActionResult] GeneratePassword(API.Models.RequestModels.GeneratePwdRequest) on controller API.Controllers.PasswordController (API).
2026-06-11 15:44:57.915 +00:00 [INF] Executing OkObjectResult, writing value of type '<>f__AnonymousType4`1[[System.String, System.Private.CoreLib, Version=9.0.0.0, Culture=neutral, PublicKeyToken=7cec85d7bea7798e]]'.
2026-06-11 15:44:57.916 +00:00 [INF] Executed action API.Controllers.PasswordController.GeneratePassword (API) in 0.5687ms
2026-06-11 15:44:57.916 +00:00 [INF] Executed endpoint 'API.Controllers.PasswordController.GeneratePassword (API)'
2026-06-11 15:44:57.917 +00:00 [INF] Request finished HTTP/1.1 POST http://192.168.1.6:8080/api/password/generate-password - 200 null application/json; charset=utf-8 9.0959ms
2026-06-11 15:44:58.502 +00:00 [INF] Request starting HTTP/1.1 OPTIONS http://192.168.1.6:8080/api/password/generate-password - null null
2026-06-11 15:44:58.502 +00:00 [INF] CORS policy execution successful.
2026-06-11 15:44:58.503 +00:00 [INF] Request finished HTTP/1.1 OPTIONS http://192.168.1.6:8080/api/password/generate-password - 204 null null 0.7944ms
2026-06-11 15:44:58.504 +00:00 [INF] Request starting HTTP/1.1 POST http://192.168.1.6:8080/api/password/generate-password - application/json 43
2026-06-11 15:44:58.504 +00:00 [INF] CORS policy execution successful.
2026-06-11 15:44:58.505 +00:00 [INF] ====== OnMessageReceived START ======
2026-06-11 15:44:58.505 +00:00 [INF] Available cookies: 2
2026-06-11 15:44:58.505 +00:00 [INF] Cookie: adminToken = 844 chars
2026-06-11 15:44:58.505 +00:00 [INF] Cookie: adminRefreshToken = 44 chars
2026-06-11 15:44:58.505 +00:00 [INF] Admin token found in cookies, length: 844
2026-06-11 15:44:58.506 +00:00 [INF] Admin token set in context
2026-06-11 15:44:58.506 +00:00 [INF] ====== OnMessageReceived END - Token set: true ======
2026-06-11 15:44:58.506 +00:00 [INF] Token validated successfully for user: lengyelnorbi
2026-06-11 15:44:58.507 +00:00 [INF] Device fingerprint headers - UA: Mozilla/5.0 (Windows NT 10.0; Win64; x64; rv:151.0) Gecko/20100101 Firefox/151.0, Accept: */*, Encoding: gzip, deflate
2026-06-11 15:44:58.507 +00:00 [INF] Device fingerprint validation: Stored=/a2uf4z8rcBIhIr7KGbd6aahMr80Bhj+9uyLiYNZ66A=, Current=/a2uf4z8rcBIhIr7KGbd6aahMr80Bhj+9uyLiYNZ66A=
2026-06-11 15:44:58.510 +00:00 [INF] Executed DbCommand (2ms) [Parameters=[@__jti_0='?', @__userId_1='?' (DbType = Int32)], CommandType='"Text"', CommandTimeout='30']
SELECT a."ID", a."CreatedAt", a."DeviceFingerprint", a."ExpiresAt", a."IpAddress", a."IsRevoked", a."UserID", a.jti
FROM "AccessTokens" AS a
WHERE a.jti = @__jti_0 AND a."UserID" = @__userId_1 AND NOT (a."IsRevoked") AND a."ExpiresAt" > now()
LIMIT 1
2026-06-11 15:44:58.510 +00:00 [INF] Executing endpoint 'API.Controllers.PasswordController.GeneratePassword (API)'
2026-06-11 15:44:58.511 +00:00 [INF] Route matched with {action = "GeneratePassword", controller = "Password"}. Executing controller action with signature System.Threading.Tasks.Task`1[Microsoft.AspNetCore.Mvc.IActionResult] GeneratePassword(API.Models.RequestModels.GeneratePwdRequest) on controller API.Controllers.PasswordController (API).
2026-06-11 15:44:58.511 +00:00 [INF] Executing OkObjectResult, writing value of type '<>f__AnonymousType4`1[[System.String, System.Private.CoreLib, Version=9.0.0.0, Culture=neutral, PublicKeyToken=7cec85d7bea7798e]]'.
2026-06-11 15:44:58.512 +00:00 [INF] Executed action API.Controllers.PasswordController.GeneratePassword (API) in 0.688ms
2026-06-11 15:44:58.512 +00:00 [INF] Executed endpoint 'API.Controllers.PasswordController.GeneratePassword (API)'
2026-06-11 15:44:58.512 +00:00 [INF] Request finished HTTP/1.1 POST http://192.168.1.6:8080/api/password/generate-password - 200 null application/json; charset=utf-8 8.0249ms
2026-06-11 15:44:58.994 +00:00 [INF] Request starting HTTP/1.1 OPTIONS http://192.168.1.6:8080/api/password/generate-password - null null
2026-06-11 15:44:58.994 +00:00 [INF] CORS policy execution successful.
2026-06-11 15:44:58.995 +00:00 [INF] Request finished HTTP/1.1 OPTIONS http://192.168.1.6:8080/api/password/generate-password - 204 null null 0.5921ms
2026-06-11 15:44:58.996 +00:00 [INF] Request starting HTTP/1.1 POST http://192.168.1.6:8080/api/password/generate-password - application/json 43
2026-06-11 15:44:58.997 +00:00 [INF] CORS policy execution successful.
2026-06-11 15:44:58.997 +00:00 [INF] ====== OnMessageReceived START ======
2026-06-11 15:44:58.997 +00:00 [INF] Available cookies: 2
2026-06-11 15:44:58.997 +00:00 [INF] Cookie: adminToken = 844 chars
2026-06-11 15:44:58.997 +00:00 [INF] Cookie: adminRefreshToken = 44 chars
2026-06-11 15:44:58.997 +00:00 [INF] Admin token found in cookies, length: 844
2026-06-11 15:44:58.998 +00:00 [INF] Admin token set in context
2026-06-11 15:44:58.998 +00:00 [INF] ====== OnMessageReceived END - Token set: true ======
2026-06-11 15:44:58.998 +00:00 [INF] Token validated successfully for user: lengyelnorbi
2026-06-11 15:44:58.999 +00:00 [INF] Device fingerprint headers - UA: Mozilla/5.0 (Windows NT 10.0; Win64; x64; rv:151.0) Gecko/20100101 Firefox/151.0, Accept: */*, Encoding: gzip, deflate
2026-06-11 15:44:58.999 +00:00 [INF] Device fingerprint validation: Stored=/a2uf4z8rcBIhIr7KGbd6aahMr80Bhj+9uyLiYNZ66A=, Current=/a2uf4z8rcBIhIr7KGbd6aahMr80Bhj+9uyLiYNZ66A=
2026-06-11 15:44:59.001 +00:00 [INF] Executed DbCommand (1ms) [Parameters=[@__jti_0='?', @__userId_1='?' (DbType = Int32)], CommandType='"Text"', CommandTimeout='30']
SELECT a."ID", a."CreatedAt", a."DeviceFingerprint", a."ExpiresAt", a."IpAddress", a."IsRevoked", a."UserID", a.jti
FROM "AccessTokens" AS a
WHERE a.jti = @__jti_0 AND a."UserID" = @__userId_1 AND NOT (a."IsRevoked") AND a."ExpiresAt" > now()
LIMIT 1
2026-06-11 15:44:59.002 +00:00 [INF] Executing endpoint 'API.Controllers.PasswordController.GeneratePassword (API)'
2026-06-11 15:44:59.002 +00:00 [INF] Route matched with {action = "GeneratePassword", controller = "Password"}. Executing controller action with signature System.Threading.Tasks.Task`1[Microsoft.AspNetCore.Mvc.IActionResult] GeneratePassword(API.Models.RequestModels.GeneratePwdRequest) on controller API.Controllers.PasswordController (API).
2026-06-11 15:44:59.002 +00:00 [INF] Executing OkObjectResult, writing value of type '<>f__AnonymousType4`1[[System.String, System.Private.CoreLib, Version=9.0.0.0, Culture=neutral, PublicKeyToken=7cec85d7bea7798e]]'.
2026-06-11 15:44:59.003 +00:00 [INF] Executed action API.Controllers.PasswordController.GeneratePassword (API) in 0.7357ms
2026-06-11 15:44:59.003 +00:00 [INF] Executed endpoint 'API.Controllers.PasswordController.GeneratePassword (API)'
2026-06-11 15:44:59.003 +00:00 [INF] Request finished HTTP/1.1 POST http://192.168.1.6:8080/api/password/generate-password - 200 null application/json; charset=utf-8 6.893ms
2026-06-11 15:45:01.094 +00:00 [INF] Request starting HTTP/1.1 OPTIONS http://192.168.1.6:8080/api/password/generate-password - null null
2026-06-11 15:45:01.094 +00:00 [INF] CORS policy execution successful.
2026-06-11 15:45:01.095 +00:00 [INF] Request finished HTTP/1.1 OPTIONS http://192.168.1.6:8080/api/password/generate-password - 204 null null 0.5053ms
2026-06-11 15:45:01.096 +00:00 [INF] Request starting HTTP/1.1 POST http://192.168.1.6:8080/api/password/generate-password - application/json 43
2026-06-11 15:45:01.096 +00:00 [INF] CORS policy execution successful.
2026-06-11 15:45:01.096 +00:00 [INF] ====== OnMessageReceived START ======
2026-06-11 15:45:01.097 +00:00 [INF] Available cookies: 2
2026-06-11 15:45:01.097 +00:00 [INF] Cookie: adminToken = 844 chars
2026-06-11 15:45:01.097 +00:00 [INF] Cookie: adminRefreshToken = 44 chars
2026-06-11 15:45:01.097 +00:00 [INF] Admin token found in cookies, length: 844
2026-06-11 15:45:01.097 +00:00 [INF] Admin token set in context
2026-06-11 15:45:01.097 +00:00 [INF] ====== OnMessageReceived END - Token set: true ======
2026-06-11 15:45:01.098 +00:00 [INF] Token validated successfully for user: lengyelnorbi
2026-06-11 15:45:01.098 +00:00 [INF] Device fingerprint headers - UA: Mozilla/5.0 (Windows NT 10.0; Win64; x64; rv:151.0) Gecko/20100101 Firefox/151.0, Accept: */*, Encoding: gzip, deflate
2026-06-11 15:45:01.099 +00:00 [INF] Device fingerprint validation: Stored=/a2uf4z8rcBIhIr7KGbd6aahMr80Bhj+9uyLiYNZ66A=, Current=/a2uf4z8rcBIhIr7KGbd6aahMr80Bhj+9uyLiYNZ66A=
2026-06-11 15:45:01.102 +00:00 [INF] Executed DbCommand (2ms) [Parameters=[@__jti_0='?', @__userId_1='?' (DbType = Int32)], CommandType='"Text"', CommandTimeout='30']
SELECT a."ID", a."CreatedAt", a."DeviceFingerprint", a."ExpiresAt", a."IpAddress", a."IsRevoked", a."UserID", a.jti
FROM "AccessTokens" AS a
WHERE a.jti = @__jti_0 AND a."UserID" = @__userId_1 AND NOT (a."IsRevoked") AND a."ExpiresAt" > now()
LIMIT 1
2026-06-11 15:45:01.102 +00:00 [INF] Executing endpoint 'API.Controllers.PasswordController.GeneratePassword (API)'
2026-06-11 15:45:01.102 +00:00 [INF] Route matched with {action = "GeneratePassword", controller = "Password"}. Executing controller action with signature System.Threading.Tasks.Task`1[Microsoft.AspNetCore.Mvc.IActionResult] GeneratePassword(API.Models.RequestModels.GeneratePwdRequest) on controller API.Controllers.PasswordController (API).
2026-06-11 15:45:01.103 +00:00 [INF] Executing OkObjectResult, writing value of type '<>f__AnonymousType4`1[[System.String, System.Private.CoreLib, Version=9.0.0.0, Culture=neutral, PublicKeyToken=7cec85d7bea7798e]]'.
2026-06-11 15:45:01.103 +00:00 [INF] Executed action API.Controllers.PasswordController.GeneratePassword (API) in 0.463ms
2026-06-11 15:45:01.104 +00:00 [INF] Executed endpoint 'API.Controllers.PasswordController.GeneratePassword (API)'
2026-06-11 15:45:01.104 +00:00 [INF] Request finished HTTP/1.1 POST http://192.168.1.6:8080/api/password/generate-password - 200 null application/json; charset=utf-8 7.8743ms
2026-06-11 15:45:07.887 +00:00 [INF] Request starting HTTP/1.1 OPTIONS http://192.168.1.6:8080/api/password/generate-password - null null
2026-06-11 15:45:07.887 +00:00 [INF] CORS policy execution successful.
2026-06-11 15:45:07.887 +00:00 [INF] Request finished HTTP/1.1 OPTIONS http://192.168.1.6:8080/api/password/generate-password - 204 null null 0.8508ms
2026-06-11 15:45:07.889 +00:00 [INF] Request starting HTTP/1.1 POST http://192.168.1.6:8080/api/password/generate-password - application/json 43
2026-06-11 15:45:07.890 +00:00 [INF] CORS policy execution successful.
2026-06-11 15:45:07.890 +00:00 [INF] ====== OnMessageReceived START ======
2026-06-11 15:45:07.890 +00:00 [INF] Available cookies: 2
2026-06-11 15:45:07.890 +00:00 [INF] Cookie: adminToken = 844 chars
2026-06-11 15:45:07.890 +00:00 [INF] Cookie: adminRefreshToken = 44 chars
2026-06-11 15:45:07.891 +00:00 [INF] Admin token found in cookies, length: 844
2026-06-11 15:45:07.891 +00:00 [INF] Admin token set in context
2026-06-11 15:45:07.891 +00:00 [INF] ====== OnMessageReceived END - Token set: true ======
2026-06-11 15:45:07.892 +00:00 [INF] Token validated successfully for user: lengyelnorbi
2026-06-11 15:45:07.893 +00:00 [INF] Device fingerprint headers - UA: Mozilla/5.0 (Windows NT 10.0; Win64; x64; rv:151.0) Gecko/20100101 Firefox/151.0, Accept: */*, Encoding: gzip, deflate
2026-06-11 15:45:07.893 +00:00 [INF] Device fingerprint validation: Stored=/a2uf4z8rcBIhIr7KGbd6aahMr80Bhj+9uyLiYNZ66A=, Current=/a2uf4z8rcBIhIr7KGbd6aahMr80Bhj+9uyLiYNZ66A=
2026-06-11 15:45:07.897 +00:00 [INF] Executed DbCommand (1ms) [Parameters=[@__jti_0='?', @__userId_1='?' (DbType = Int32)], CommandType='"Text"', CommandTimeout='30']
SELECT a."ID", a."CreatedAt", a."DeviceFingerprint", a."ExpiresAt", a."IpAddress", a."IsRevoked", a."UserID", a.jti
FROM "AccessTokens" AS a
WHERE a.jti = @__jti_0 AND a."UserID" = @__userId_1 AND NOT (a."IsRevoked") AND a."ExpiresAt" > now()
LIMIT 1
2026-06-11 15:45:07.898 +00:00 [INF] Executing endpoint 'API.Controllers.PasswordController.GeneratePassword (API)'
2026-06-11 15:45:07.899 +00:00 [INF] Route matched with {action = "GeneratePassword", controller = "Password"}. Executing controller action with signature System.Threading.Tasks.Task`1[Microsoft.AspNetCore.Mvc.IActionResult] GeneratePassword(API.Models.RequestModels.GeneratePwdRequest) on controller API.Controllers.PasswordController (API).
2026-06-11 15:45:07.899 +00:00 [INF] Executing OkObjectResult, writing value of type '<>f__AnonymousType4`1[[System.String, System.Private.CoreLib, Version=9.0.0.0, Culture=neutral, PublicKeyToken=7cec85d7bea7798e]]'.
2026-06-11 15:45:07.900 +00:00 [INF] Executed action API.Controllers.PasswordController.GeneratePassword (API) in 1.0769ms
2026-06-11 15:45:07.900 +00:00 [INF] Executed endpoint 'API.Controllers.PasswordController.GeneratePassword (API)'
2026-06-11 15:45:07.900 +00:00 [INF] Request finished HTTP/1.1 POST http://192.168.1.6:8080/api/password/generate-password - 200 null application/json; charset=utf-8 11.1392ms
2026-06-11 15:45:08.693 +00:00 [INF] Request starting HTTP/1.1 OPTIONS http://192.168.1.6:8080/api/password/generate-password - null null
2026-06-11 15:45:08.693 +00:00 [INF] CORS policy execution successful.
2026-06-11 15:45:08.694 +00:00 [INF] Request finished HTTP/1.1 OPTIONS http://192.168.1.6:8080/api/password/generate-password - 204 null null 1.0828ms
2026-06-11 15:45:08.695 +00:00 [INF] Request starting HTTP/1.1 POST http://192.168.1.6:8080/api/password/generate-password - application/json 43
2026-06-11 15:45:08.696 +00:00 [INF] CORS policy execution successful.
2026-06-11 15:45:08.696 +00:00 [INF] ====== OnMessageReceived START ======
2026-06-11 15:45:08.697 +00:00 [INF] Available cookies: 2
2026-06-11 15:45:08.697 +00:00 [INF] Cookie: adminToken = 844 chars
2026-06-11 15:45:08.697 +00:00 [INF] Cookie: adminRefreshToken = 44 chars
2026-06-11 15:45:08.697 +00:00 [INF] Admin token found in cookies, length: 844
2026-06-11 15:45:08.698 +00:00 [INF] Admin token set in context
2026-06-11 15:45:08.698 +00:00 [INF] ====== OnMessageReceived END - Token set: true ======
2026-06-11 15:45:08.698 +00:00 [INF] Token validated successfully for user: lengyelnorbi
2026-06-11 15:45:08.699 +00:00 [INF] Device fingerprint headers - UA: Mozilla/5.0 (Windows NT 10.0; Win64; x64; rv:151.0) Gecko/20100101 Firefox/151.0, Accept: */*, Encoding: gzip, deflate
2026-06-11 15:45:08.699 +00:00 [INF] Device fingerprint validation: Stored=/a2uf4z8rcBIhIr7KGbd6aahMr80Bhj+9uyLiYNZ66A=, Current=/a2uf4z8rcBIhIr7KGbd6aahMr80Bhj+9uyLiYNZ66A=
2026-06-11 15:45:08.703 +00:00 [INF] Executed DbCommand (2ms) [Parameters=[@__jti_0='?', @__userId_1='?' (DbType = Int32)], CommandType='"Text"', CommandTimeout='30']
SELECT a."ID", a."CreatedAt", a."DeviceFingerprint", a."ExpiresAt", a."IpAddress", a."IsRevoked", a."UserID", a.jti
FROM "AccessTokens" AS a
WHERE a.jti = @__jti_0 AND a."UserID" = @__userId_1 AND NOT (a."IsRevoked") AND a."ExpiresAt" > now()
LIMIT 1
2026-06-11 15:45:08.704 +00:00 [INF] Executing endpoint 'API.Controllers.PasswordController.GeneratePassword (API)'
2026-06-11 15:45:08.704 +00:00 [INF] Route matched with {action = "GeneratePassword", controller = "Password"}. Executing controller action with signature System.Threading.Tasks.Task`1[Microsoft.AspNetCore.Mvc.IActionResult] GeneratePassword(API.Models.RequestModels.GeneratePwdRequest) on controller API.Controllers.PasswordController (API).
2026-06-11 15:45:08.705 +00:00 [INF] Executing OkObjectResult, writing value of type '<>f__AnonymousType4`1[[System.String, System.Private.CoreLib, Version=9.0.0.0, Culture=neutral, PublicKeyToken=7cec85d7bea7798e]]'.
2026-06-11 15:45:08.705 +00:00 [INF] Executed action API.Controllers.PasswordController.GeneratePassword (API) in 0.4783ms
2026-06-11 15:45:08.706 +00:00 [INF] Executed endpoint 'API.Controllers.PasswordController.GeneratePassword (API)'
2026-06-11 15:45:08.706 +00:00 [INF] Request finished HTTP/1.1 POST http://192.168.1.6:8080/api/password/generate-password - 200 null application/json; charset=utf-8 10.5411ms
2026-06-11 15:45:09.181 +00:00 [INF] Request starting HTTP/1.1 OPTIONS http://192.168.1.6:8080/api/password/generate-password - null null
2026-06-11 15:45:09.181 +00:00 [INF] CORS policy execution successful.
2026-06-11 15:45:09.182 +00:00 [INF] Request finished HTTP/1.1 OPTIONS http://192.168.1.6:8080/api/password/generate-password - 204 null null 0.8295ms
2026-06-11 15:45:09.183 +00:00 [INF] Request starting HTTP/1.1 POST http://192.168.1.6:8080/api/password/generate-password - application/json 43
2026-06-11 15:45:09.183 +00:00 [INF] CORS policy execution successful.
2026-06-11 15:45:09.183 +00:00 [INF] ====== OnMessageReceived START ======
2026-06-11 15:45:09.184 +00:00 [INF] Available cookies: 2
2026-06-11 15:45:09.184 +00:00 [INF] Cookie: adminToken = 844 chars
2026-06-11 15:45:09.184 +00:00 [INF] Cookie: adminRefreshToken = 44 chars
2026-06-11 15:45:09.184 +00:00 [INF] Admin token found in cookies, length: 844
2026-06-11 15:45:09.185 +00:00 [INF] Admin token set in context
2026-06-11 15:45:09.185 +00:00 [INF] ====== OnMessageReceived END - Token set: true ======
2026-06-11 15:45:09.186 +00:00 [INF] Token validated successfully for user: lengyelnorbi
2026-06-11 15:45:09.186 +00:00 [INF] Device fingerprint headers - UA: Mozilla/5.0 (Windows NT 10.0; Win64; x64; rv:151.0) Gecko/20100101 Firefox/151.0, Accept: */*, Encoding: gzip, deflate
2026-06-11 15:45:09.187 +00:00 [INF] Device fingerprint validation: Stored=/a2uf4z8rcBIhIr7KGbd6aahMr80Bhj+9uyLiYNZ66A=, Current=/a2uf4z8rcBIhIr7KGbd6aahMr80Bhj+9uyLiYNZ66A=
2026-06-11 15:45:09.192 +00:00 [INF] Executed DbCommand (2ms) [Parameters=[@__jti_0='?', @__userId_1='?' (DbType = Int32)], CommandType='"Text"', CommandTimeout='30']
SELECT a."ID", a."CreatedAt", a."DeviceFingerprint", a."ExpiresAt", a."IpAddress", a."IsRevoked", a."UserID", a.jti
FROM "AccessTokens" AS a
WHERE a.jti = @__jti_0 AND a."UserID" = @__userId_1 AND NOT (a."IsRevoked") AND a."ExpiresAt" > now()
LIMIT 1
2026-06-11 15:45:09.193 +00:00 [INF] Executing endpoint 'API.Controllers.PasswordController.GeneratePassword (API)'
2026-06-11 15:45:09.194 +00:00 [INF] Route matched with {action = "GeneratePassword", controller = "Password"}. Executing controller action with signature System.Threading.Tasks.Task`1[Microsoft.AspNetCore.Mvc.IActionResult] GeneratePassword(API.Models.RequestModels.GeneratePwdRequest) on controller API.Controllers.PasswordController (API).
2026-06-11 15:45:09.194 +00:00 [INF] Executing OkObjectResult, writing value of type '<>f__AnonymousType4`1[[System.String, System.Private.CoreLib, Version=9.0.0.0, Culture=neutral, PublicKeyToken=7cec85d7bea7798e]]'.
2026-06-11 15:45:09.194 +00:00 [INF] Executed action API.Controllers.PasswordController.GeneratePassword (API) in 0.4224ms
2026-06-11 15:45:09.194 +00:00 [INF] Executed endpoint 'API.Controllers.PasswordController.GeneratePassword (API)'
2026-06-11 15:45:09.195 +00:00 [INF] Request finished HTTP/1.1 POST http://192.168.1.6:8080/api/password/generate-password - 200 null application/json; charset=utf-8 11.8706ms
2026-06-11 15:45:09.549 +00:00 [INF] Request starting HTTP/1.1 OPTIONS http://192.168.1.6:8080/api/password/generate-password - null null
2026-06-11 15:45:09.549 +00:00 [INF] CORS policy execution successful.
2026-06-11 15:45:09.549 +00:00 [INF] Request finished HTTP/1.1 OPTIONS http://192.168.1.6:8080/api/password/generate-password - 204 null null 0.5441ms
2026-06-11 15:45:09.551 +00:00 [INF] Request starting HTTP/1.1 POST http://192.168.1.6:8080/api/password/generate-password - application/json 43
2026-06-11 15:45:09.552 +00:00 [INF] CORS policy execution successful.
2026-06-11 15:45:09.553 +00:00 [INF] ====== OnMessageReceived START ======
2026-06-11 15:45:09.553 +00:00 [INF] Available cookies: 2
2026-06-11 15:45:09.553 +00:00 [INF] Cookie: adminToken = 844 chars
2026-06-11 15:45:09.553 +00:00 [INF] Cookie: adminRefreshToken = 44 chars
2026-06-11 15:45:09.554 +00:00 [INF] Admin token found in cookies, length: 844
2026-06-11 15:45:09.554 +00:00 [INF] Admin token set in context
2026-06-11 15:45:09.554 +00:00 [INF] ====== OnMessageReceived END - Token set: true ======
2026-06-11 15:45:09.556 +00:00 [INF] Token validated successfully for user: lengyelnorbi
2026-06-11 15:45:09.556 +00:00 [INF] Device fingerprint headers - UA: Mozilla/5.0 (Windows NT 10.0; Win64; x64; rv:151.0) Gecko/20100101 Firefox/151.0, Accept: */*, Encoding: gzip, deflate
2026-06-11 15:45:09.556 +00:00 [INF] Device fingerprint validation: Stored=/a2uf4z8rcBIhIr7KGbd6aahMr80Bhj+9uyLiYNZ66A=, Current=/a2uf4z8rcBIhIr7KGbd6aahMr80Bhj+9uyLiYNZ66A=
2026-06-11 15:45:09.562 +00:00 [INF] Executed DbCommand (1ms) [Parameters=[@__jti_0='?', @__userId_1='?' (DbType = Int32)], CommandType='"Text"', CommandTimeout='30']
SELECT a."ID", a."CreatedAt", a."DeviceFingerprint", a."ExpiresAt", a."IpAddress", a."IsRevoked", a."UserID", a.jti
FROM "AccessTokens" AS a
WHERE a.jti = @__jti_0 AND a."UserID" = @__userId_1 AND NOT (a."IsRevoked") AND a."ExpiresAt" > now()
LIMIT 1
2026-06-11 15:45:09.563 +00:00 [INF] Executing endpoint 'API.Controllers.PasswordController.GeneratePassword (API)'
2026-06-11 15:45:09.563 +00:00 [INF] Route matched with {action = "GeneratePassword", controller = "Password"}. Executing controller action with signature System.Threading.Tasks.Task`1[Microsoft.AspNetCore.Mvc.IActionResult] GeneratePassword(API.Models.RequestModels.GeneratePwdRequest) on controller API.Controllers.PasswordController (API).
2026-06-11 15:45:09.564 +00:00 [INF] Executing OkObjectResult, writing value of type '<>f__AnonymousType4`1[[System.String, System.Private.CoreLib, Version=9.0.0.0, Culture=neutral, PublicKeyToken=7cec85d7bea7798e]]'.
2026-06-11 15:45:09.564 +00:00 [INF] Executed action API.Controllers.PasswordController.GeneratePassword (API) in 0.6681ms
2026-06-11 15:45:09.564 +00:00 [INF] Executed endpoint 'API.Controllers.PasswordController.GeneratePassword (API)'
2026-06-11 15:45:09.565 +00:00 [INF] Request finished HTTP/1.1 POST http://192.168.1.6:8080/api/password/generate-password - 200 null application/json; charset=utf-8 13.5539ms
2026-06-11 15:45:10.318 +00:00 [INF] Request starting HTTP/1.1 OPTIONS http://192.168.1.6:8080/api/password/generate-password - null null
2026-06-11 15:45:10.318 +00:00 [INF] CORS policy execution successful.
2026-06-11 15:45:10.319 +00:00 [INF] Request finished HTTP/1.1 OPTIONS http://192.168.1.6:8080/api/password/generate-password - 204 null null 0.7792ms
2026-06-11 15:45:10.320 +00:00 [INF] Request starting HTTP/1.1 POST http://192.168.1.6:8080/api/password/generate-password - application/json 43
2026-06-11 15:45:10.321 +00:00 [INF] CORS policy execution successful.
2026-06-11 15:45:10.321 +00:00 [INF] ====== OnMessageReceived START ======
2026-06-11 15:45:10.321 +00:00 [INF] Available cookies: 2
2026-06-11 15:45:10.321 +00:00 [INF] Cookie: adminToken = 844 chars
2026-06-11 15:45:10.322 +00:00 [INF] Cookie: adminRefreshToken = 44 chars
2026-06-11 15:45:10.322 +00:00 [INF] Admin token found in cookies, length: 844
2026-06-11 15:45:10.322 +00:00 [INF] Admin token set in context
2026-06-11 15:45:10.322 +00:00 [INF] ====== OnMessageReceived END - Token set: true ======
2026-06-11 15:45:10.323 +00:00 [INF] Token validated successfully for user: lengyelnorbi
2026-06-11 15:45:10.323 +00:00 [INF] Device fingerprint headers - UA: Mozilla/5.0 (Windows NT 10.0; Win64; x64; rv:151.0) Gecko/20100101 Firefox/151.0, Accept: */*, Encoding: gzip, deflate
2026-06-11 15:45:10.323 +00:00 [INF] Device fingerprint validation: Stored=/a2uf4z8rcBIhIr7KGbd6aahMr80Bhj+9uyLiYNZ66A=, Current=/a2uf4z8rcBIhIr7KGbd6aahMr80Bhj+9uyLiYNZ66A=
2026-06-11 15:45:10.328 +00:00 [INF] Executed DbCommand (1ms) [Parameters=[@__jti_0='?', @__userId_1='?' (DbType = Int32)], CommandType='"Text"', CommandTimeout='30']
SELECT a."ID", a."CreatedAt", a."DeviceFingerprint", a."ExpiresAt", a."IpAddress", a."IsRevoked", a."UserID", a.jti
FROM "AccessTokens" AS a
WHERE a.jti = @__jti_0 AND a."UserID" = @__userId_1 AND NOT (a."IsRevoked") AND a."ExpiresAt" > now()
LIMIT 1
2026-06-11 15:45:10.328 +00:00 [INF] Executing endpoint 'API.Controllers.PasswordController.GeneratePassword (API)'
2026-06-11 15:45:10.329 +00:00 [INF] Route matched with {action = "GeneratePassword", controller = "Password"}. Executing controller action with signature System.Threading.Tasks.Task`1[Microsoft.AspNetCore.Mvc.IActionResult] GeneratePassword(API.Models.RequestModels.GeneratePwdRequest) on controller API.Controllers.PasswordController (API).
2026-06-11 15:45:10.330 +00:00 [INF] Executing OkObjectResult, writing value of type '<>f__AnonymousType4`1[[System.String, System.Private.CoreLib, Version=9.0.0.0, Culture=neutral, PublicKeyToken=7cec85d7bea7798e]]'.
2026-06-11 15:45:10.330 +00:00 [INF] Executed action API.Controllers.PasswordController.GeneratePassword (API) in 0.9555ms
2026-06-11 15:45:10.330 +00:00 [INF] Executed endpoint 'API.Controllers.PasswordController.GeneratePassword (API)'
2026-06-11 15:45:10.331 +00:00 [INF] Request finished HTTP/1.1 POST http://192.168.1.6:8080/api/password/generate-password - 200 null application/json; charset=utf-8 10.2065ms
2026-06-11 15:46:22.637 +00:00 [INF] Request starting HTTP/1.1 OPTIONS http://192.168.1.6:8080/api/auth/refresh - null null
2026-06-11 15:46:22.638 +00:00 [INF] CORS policy execution successful.
2026-06-11 15:46:22.638 +00:00 [INF] Request finished HTTP/1.1 OPTIONS http://192.168.1.6:8080/api/auth/refresh - 204 null null 1.1431ms
2026-06-11 15:46:22.640 +00:00 [INF] Request starting HTTP/1.1 POST http://192.168.1.6:8080/api/auth/refresh - application/json 18
2026-06-11 15:46:22.641 +00:00 [INF] CORS policy execution successful.
2026-06-11 15:46:22.642 +00:00 [INF] ====== OnMessageReceived START ======
2026-06-11 15:46:22.642 +00:00 [INF] Available cookies: 2
2026-06-11 15:46:22.643 +00:00 [INF] Cookie: adminToken = 844 chars
2026-06-11 15:46:22.643 +00:00 [INF] Cookie: adminRefreshToken = 44 chars
2026-06-11 15:46:22.643 +00:00 [INF] Admin token found in cookies, length: 844
2026-06-11 15:46:22.643 +00:00 [INF] Admin token set in context
2026-06-11 15:46:22.643 +00:00 [INF] ====== OnMessageReceived END - Token set: true ======
2026-06-11 15:46:22.644 +00:00 [INF] Token validated successfully for user: lengyelnorbi
2026-06-11 15:46:22.644 +00:00 [INF] Device fingerprint headers - UA: Mozilla/5.0 (Windows NT 10.0; Win64; x64; rv:151.0) Gecko/20100101 Firefox/151.0, Accept: */*, Encoding: gzip, deflate
2026-06-11 15:46:22.645 +00:00 [INF] Device fingerprint validation: Stored=/a2uf4z8rcBIhIr7KGbd6aahMr80Bhj+9uyLiYNZ66A=, Current=/a2uf4z8rcBIhIr7KGbd6aahMr80Bhj+9uyLiYNZ66A=
2026-06-11 15:46:22.648 +00:00 [INF] Executed DbCommand (2ms) [Parameters=[@__jti_0='?', @__userId_1='?' (DbType = Int32)], CommandType='"Text"', CommandTimeout='30']
SELECT a."ID", a."CreatedAt", a."DeviceFingerprint", a."ExpiresAt", a."IpAddress", a."IsRevoked", a."UserID", a.jti
FROM "AccessTokens" AS a
WHERE a.jti = @__jti_0 AND a."UserID" = @__userId_1 AND NOT (a."IsRevoked") AND a."ExpiresAt" > now()
LIMIT 1
2026-06-11 15:46:22.649 +00:00 [INF] Executing endpoint 'API.Controllers.AuthController.RefreshToken (API)'
2026-06-11 15:46:22.649 +00:00 [INF] Route matched with {action = "RefreshToken", controller = "Auth"}. Executing controller action with signature System.Threading.Tasks.Task`1[Microsoft.AspNetCore.Mvc.IActionResult] RefreshToken(API.Models.RequestModels.RefreshRequest) on controller API.Controllers.AuthController (API).
2026-06-11 15:46:22.649 +00:00 [INF] Token refresh attempt at "2026-06-11T15:46:22.6499314Z"
2026-06-11 15:46:22.650 +00:00 [INF] Refreshing admin token at "2026-06-11T15:46:22.6507159Z"
2026-06-11 15:46:22.660 +00:00 [INF] Executed DbCommand (8ms) [Parameters=[@__tokenHash_0='?'], CommandType='"Text"', CommandTimeout='30']
SELECT r."ID", r."CreatedAt", r."DeviceFingerprint", r."ExpiresAt", r."IpAddress", r."IsRevoked", r."TokenHash", r."UserID"
FROM "RefreshTokens" AS r
WHERE r."TokenHash" = @__tokenHash_0 AND NOT (r."IsRevoked") AND r."ExpiresAt" > now()
ORDER BY r."CreatedAt" DESC
LIMIT 1
2026-06-11 15:46:22.662 +00:00 [INF] Mozilla/5.0 (Windows NT 10.0; Win64; x64; rv:151.0) Gecko/20100101 Firefox/151.0
2026-06-11 15:46:22.663 +00:00 [INF] Fetching user by ID from database...
2026-06-11 15:46:22.667 +00:00 [INF] Executed DbCommand (2ms) [Parameters=[@__id_0='?' (DbType = Int32)], CommandType='"Text"', CommandTimeout='30']
SELECT u."ID", u."Email", u."PasswordHash", u."RegisteredAt", u."Role", u."Username"
FROM "Users" AS u
WHERE u."ID" = @__id_0
LIMIT 1
2026-06-11 15:46:22.694 +00:00 [INF] Executed DbCommand (13ms) [Parameters=[@p0='?' (DbType = DateTime), @p1='?', @p2='?' (DbType = DateTime), @p3='?', @p4='?' (DbType = Int32), @p5='?'], CommandType='"Text"', CommandTimeout='30']
INSERT INTO "AccessTokens" ("CreatedAt", "DeviceFingerprint", "ExpiresAt", "IpAddress", "UserID", jti)
VALUES (@p0, @p1, @p2, @p3, @p4, @p5)
RETURNING "ID", "IsRevoked";
2026-06-11 15:46:22.701 +00:00 [INF] Executed DbCommand (2ms) [Parameters=[@__jti_0='?', @__userID_1='?' (DbType = Int32), @__deviceFingerprint_2='?', @__ipAddress_3='?'], CommandType='"Text"', CommandTimeout='30']
SELECT a."ID", a."CreatedAt", a."DeviceFingerprint", a."ExpiresAt", a."IpAddress", a."IsRevoked", a."UserID", a.jti
FROM "AccessTokens" AS a
WHERE a.jti = @__jti_0 AND a."UserID" = @__userID_1 AND a."DeviceFingerprint" = @__deviceFingerprint_2 AND a."IpAddress" = @__ipAddress_3
LIMIT 1
2026-06-11 15:46:22.702 +00:00 [INF] Attempting to revoke access token with jti cc84ddc2-d33f-4e49-a5f5-3459450bdf22 for user 1 from device /a2uf4z8rcBIhIr7KGbd6aahMr80Bhj+9uyLiYNZ66A= and IP ::ffff:172.20.0.1
2026-06-11 15:46:22.702 +00:00 [INF] Access token found: API.Models.AccessToken
2026-06-11 15:46:22.706 +00:00 [INF] Executed DbCommand (3ms) [Parameters=[@p1='?' (DbType = Int32), @p0='?' (DbType = Boolean)], CommandType='"Text"', CommandTimeout='30']
UPDATE "AccessTokens" SET "IsRevoked" = @p0
WHERE "ID" = @p1;
2026-06-11 15:46:22.706 +00:00 [INF] Access token AccessToken for user 1 revoked: true
2026-06-11 15:46:22.711 +00:00 [INF] Executed DbCommand (3ms) [Parameters=[@p0='?' (DbType = DateTime), @p1='?', @p2='?' (DbType = DateTime), @p3='?', @p4='?', @p5='?' (DbType = Int32)], CommandType='"Text"', CommandTimeout='30']
INSERT INTO "RefreshTokens" ("CreatedAt", "DeviceFingerprint", "ExpiresAt", "IpAddress", "TokenHash", "UserID")
VALUES (@p0, @p1, @p2, @p3, @p4, @p5)
RETURNING "ID", "IsRevoked";
2026-06-11 15:46:22.714 +00:00 [INF] Executed DbCommand (1ms) [Parameters=[@__tokenHash_0='?', @__userId_1='?' (DbType = Int32), @__deviceFingerprint_2='?', @__ipAddress_3='?'], CommandType='"Text"', CommandTimeout='30']
SELECT r."ID", r."CreatedAt", r."DeviceFingerprint", r."ExpiresAt", r."IpAddress", r."IsRevoked", r."TokenHash", r."UserID"
FROM "RefreshTokens" AS r
WHERE r."TokenHash" = @__tokenHash_0 AND r."UserID" = @__userId_1 AND r."DeviceFingerprint" = @__deviceFingerprint_2 AND r."IpAddress" = @__ipAddress_3
LIMIT 1
2026-06-11 15:46:22.716 +00:00 [INF] Executed DbCommand (2ms) [Parameters=[@p1='?' (DbType = Int32), @p0='?' (DbType = Boolean)], CommandType='"Text"', CommandTimeout='30']
UPDATE "RefreshTokens" SET "IsRevoked" = @p0
WHERE "ID" = @p1;
2026-06-11 15:46:22.716 +00:00 [INF] Refresh token 5ZbistTcHOC5P6lsAHuVkWtCOZlXKgKOEml3NzIkVAs= for user 1 revoked: true
2026-06-11 15:46:22.719 +00:00 [INF] Token refreshed successfully for user 1 at "2026-06-11T15:46:22.7194020Z"
2026-06-11 15:46:22.719 +00:00 [INF] Executing OkObjectResult, writing value of type '<>f__AnonymousType3`2[[System.Boolean, System.Private.CoreLib, Version=9.0.0.0, Culture=neutral, PublicKeyToken=7cec85d7bea7798e],[System.Int32, System.Private.CoreLib, Version=9.0.0.0, Culture=neutral, PublicKeyToken=7cec85d7bea7798e]]'.
2026-06-11 15:46:22.719 +00:00 [INF] Executed action API.Controllers.AuthController.RefreshToken (API) in 70.549ms
2026-06-11 15:46:22.720 +00:00 [INF] Executed endpoint 'API.Controllers.AuthController.RefreshToken (API)'
2026-06-11 15:46:22.720 +00:00 [INF] Request finished HTTP/1.1 POST http://192.168.1.6:8080/api/auth/refresh - 200 null application/json; charset=utf-8 79.4933ms
2026-06-11 15:47:41.281 +00:00 [INF] Request starting HTTP/1.1 POST http://192.168.1.6:8080/api/auth/logout - null 0
2026-06-11 15:47:41.282 +00:00 [INF] CORS policy execution successful.
2026-06-11 15:47:41.283 +00:00 [INF] ====== OnMessageReceived START ======
2026-06-11 15:47:41.283 +00:00 [INF] Available cookies: 2
2026-06-11 15:47:41.283 +00:00 [INF] Cookie: adminToken = 844 chars
2026-06-11 15:47:41.283 +00:00 [INF] Cookie: adminRefreshToken = 44 chars
2026-06-11 15:47:41.283 +00:00 [INF] Admin token found in cookies, length: 844
2026-06-11 15:47:41.283 +00:00 [INF] Admin token set in context
2026-06-11 15:47:41.284 +00:00 [INF] ====== OnMessageReceived END - Token set: true ======
2026-06-11 15:47:41.284 +00:00 [INF] Token validated successfully for user: lengyelnorbi
2026-06-11 15:47:41.284 +00:00 [INF] Device fingerprint headers - UA: Mozilla/5.0 (Windows NT 10.0; Win64; x64; rv:151.0) Gecko/20100101 Firefox/151.0, Accept: */*, Encoding: gzip, deflate
2026-06-11 15:47:41.284 +00:00 [INF] Device fingerprint validation: Stored=/a2uf4z8rcBIhIr7KGbd6aahMr80Bhj+9uyLiYNZ66A=, Current=/a2uf4z8rcBIhIr7KGbd6aahMr80Bhj+9uyLiYNZ66A=
2026-06-11 15:47:41.290 +00:00 [INF] Executed DbCommand (2ms) [Parameters=[@__jti_0='?', @__userId_1='?' (DbType = Int32)], CommandType='"Text"', CommandTimeout='30']
SELECT a."ID", a."CreatedAt", a."DeviceFingerprint", a."ExpiresAt", a."IpAddress", a."IsRevoked", a."UserID", a.jti
FROM "AccessTokens" AS a
WHERE a.jti = @__jti_0 AND a."UserID" = @__userId_1 AND NOT (a."IsRevoked") AND a."ExpiresAt" > now()
LIMIT 1
2026-06-11 15:47:41.294 +00:00 [INF] Executing endpoint 'API.Controllers.AuthController.Logout (API)'
2026-06-11 15:47:41.337 +00:00 [INF] Route matched with {action = "Logout", controller = "Auth"}. Executing controller action with signature System.Threading.Tasks.Task`1[Microsoft.AspNetCore.Mvc.IActionResult] Logout() on controller API.Controllers.AuthController (API).
2026-06-11 15:47:41.343 +00:00 [INF] Logged out at "2026-06-11T15:47:41.3412249Z"
2026-06-11 15:47:41.343 +00:00 [INF] Admin logout at "2026-06-11T15:47:41.3435474Z"
2026-06-11 15:47:41.353 +00:00 [INF] Executed DbCommand (2ms) [Parameters=[@__jti_0='?', @__userID_1='?' (DbType = Int32), @__deviceFingerprint_2='?', @__ipAddress_3='?'], CommandType='"Text"', CommandTimeout='30']
SELECT a."ID", a."CreatedAt", a."DeviceFingerprint", a."ExpiresAt", a."IpAddress", a."IsRevoked", a."UserID", a.jti
FROM "AccessTokens" AS a
WHERE a.jti = @__jti_0 AND a."UserID" = @__userID_1 AND a."DeviceFingerprint" = @__deviceFingerprint_2 AND a."IpAddress" = @__ipAddress_3
LIMIT 1
2026-06-11 15:47:41.354 +00:00 [INF] Attempting to revoke access token with jti 8ff85479-18e1-445b-b991-94c4eaae2f9c for user 1 from device /a2uf4z8rcBIhIr7KGbd6aahMr80Bhj+9uyLiYNZ66A= and IP ::ffff:172.20.0.1
2026-06-11 15:47:41.354 +00:00 [INF] Access token found: API.Models.AccessToken
2026-06-11 15:47:41.357 +00:00 [INF] Executed DbCommand (3ms) [Parameters=[@p1='?' (DbType = Int32), @p0='?' (DbType = Boolean)], CommandType='"Text"', CommandTimeout='30']
UPDATE "AccessTokens" SET "IsRevoked" = @p0
WHERE "ID" = @p1;
2026-06-11 15:47:41.361 +00:00 [INF] Executed DbCommand (2ms) [Parameters=[@__tokenHash_0='?', @__userId_1='?' (DbType = Int32), @__deviceFingerprint_2='?', @__ipAddress_3='?'], CommandType='"Text"', CommandTimeout='30']
SELECT r."ID", r."CreatedAt", r."DeviceFingerprint", r."ExpiresAt", r."IpAddress", r."IsRevoked", r."TokenHash", r."UserID"
FROM "RefreshTokens" AS r
WHERE r."TokenHash" = @__tokenHash_0 AND r."UserID" = @__userId_1 AND r."DeviceFingerprint" = @__deviceFingerprint_2 AND r."IpAddress" = @__ipAddress_3
LIMIT 1
2026-06-11 15:47:41.363 +00:00 [INF] Executed DbCommand (2ms) [Parameters=[@p1='?' (DbType = Int32), @p0='?' (DbType = Boolean)], CommandType='"Text"', CommandTimeout='30']
UPDATE "RefreshTokens" SET "IsRevoked" = @p0
WHERE "ID" = @p1;
2026-06-11 15:47:41.364 +00:00 [INF] User 1 logged out successfully at "2026-06-11T15:47:41.3648917Z"
2026-06-11 15:47:41.371 +00:00 [INF] Executing OkObjectResult, writing value of type 'System.Int32'.
2026-06-11 15:47:41.380 +00:00 [INF] Executed action API.Controllers.AuthController.Logout (API) in 42.6866ms
2026-06-11 15:47:41.381 +00:00 [INF] Executed endpoint 'API.Controllers.AuthController.Logout (API)'
2026-06-11 15:47:41.381 +00:00 [INF] Request finished HTTP/1.1 POST http://192.168.1.6:8080/api/auth/logout - 200 null application/json; charset=utf-8 100.4734ms
2026-06-11 15:55:27.063 +00:00 [INF] Request starting HTTP/1.1 OPTIONS http://192.168.1.6:8080/api/auth - null null
2026-06-11 15:55:27.086 +00:00 [INF] CORS policy execution successful.
2026-06-11 15:55:27.092 +00:00 [INF] Request finished HTTP/1.1 OPTIONS http://192.168.1.6:8080/api/auth - 204 null null 31.2328ms
2026-06-11 15:55:27.103 +00:00 [INF] Request starting HTTP/1.1 POST http://192.168.1.6:8080/api/auth - application/json 74
2026-06-11 15:55:27.110 +00:00 [INF] CORS policy execution successful.
2026-06-11 15:55:27.114 +00:00 [INF] ====== OnMessageReceived START ======
2026-06-11 15:55:27.117 +00:00 [INF] Available cookies: 0
2026-06-11 15:55:27.120 +00:00 [WRN] NO TOKEN FOUND IN COOKIES!
2026-06-11 15:55:27.120 +00:00 [INF] ====== OnMessageReceived END - Token set: false ======
2026-06-11 15:55:27.128 +00:00 [INF] Executing endpoint 'API.Controllers.AuthController.Authenticate (API)'
2026-06-11 15:55:27.203 +00:00 [INF] Route matched with {action = "Authenticate", controller = "Auth"}. Executing controller action with signature System.Threading.Tasks.Task`1[Microsoft.AspNetCore.Mvc.IActionResult] Authenticate(API.Models.RequestModels.LoginRequest) on controller API.Controllers.AuthController (API).
2026-06-11 15:55:27.293 +00:00 [INF] Authentication attempt for email: lengyelnorbi5@gmail.com
2026-06-11 15:55:27.301 +00:00 [INF] Fetching user by email from database...
2026-06-11 15:55:27.458 +00:00 [INF] Executed DbCommand (16ms) [Parameters=[@__email_0='?'], CommandType='"Text"', CommandTimeout='30']
SELECT u."ID", u."Email", u."PasswordHash", u."RegisteredAt", u."Role", u."Username"
FROM "Users" AS u
WHERE u."Email" = @__email_0
LIMIT 1
2026-06-11 15:55:27.463 +00:00 [INF] Mozilla/5.0 (Windows NT 10.0; Win64; x64; rv:151.0) Gecko/20100101 Firefox/151.0
2026-06-11 15:55:27.466 +00:00 [INF] Fetching user by email from database...
2026-06-11 15:55:27.468 +00:00 [INF] Executed DbCommand (2ms) [Parameters=[@__email_0='?'], CommandType='"Text"', CommandTimeout='30']
SELECT u."ID", u."Email", u."PasswordHash", u."RegisteredAt", u."Role", u."Username"
FROM "Users" AS u
WHERE u."Email" = @__email_0
LIMIT 1
2026-06-11 15:55:27.969 +00:00 [INF] Password verification completed: Valid
2026-06-11 15:55:27.993 +00:00 [INF] Executed DbCommand (12ms) [Parameters=[@p0='?' (DbType = DateTime), @p1='?', @p2='?' (DbType = DateTime), @p3='?', @p4='?' (DbType = Int32), @p5='?'], CommandType='"Text"', CommandTimeout='30']
INSERT INTO "AccessTokens" ("CreatedAt", "DeviceFingerprint", "ExpiresAt", "IpAddress", "UserID", jti)
VALUES (@p0, @p1, @p2, @p3, @p4, @p5)
RETURNING "ID", "IsRevoked";
2026-06-11 15:55:28.003 +00:00 [INF] Executed DbCommand (3ms) [Parameters=[@p0='?' (DbType = DateTime), @p1='?', @p2='?' (DbType = DateTime), @p3='?', @p4='?', @p5='?' (DbType = Int32)], CommandType='"Text"', CommandTimeout='30']
INSERT INTO "RefreshTokens" ("CreatedAt", "DeviceFingerprint", "ExpiresAt", "IpAddress", "TokenHash", "UserID")
VALUES (@p0, @p1, @p2, @p3, @p4, @p5)
RETURNING "ID", "IsRevoked";
2026-06-11 15:55:28.005 +00:00 [INF] Admin user lengyelnorbi5@gmail.com authenticated successfully from admin panel at "2026-06-11T15:55:28.0050696Z"
2026-06-11 15:55:28.007 +00:00 [INF] --------------------------------------------------------------------
2026-06-11 15:55:28.008 +00:00 [INF] eyJhbGciOiJIUzI1NiIsInR5cCI6IkpXVCJ9.eyJodHRwOi8vc2NoZW1hcy54bWxzb2FwLm9yZy93cy8yMDA1LzA1L2lkZW50aXR5L2NsYWltcy9uYW1laWRlbnRpZmllciI6IjEiLCJodHRwOi8vc2NoZW1hcy54bWxzb2FwLm9yZy93cy8yMDA1LzA1L2lkZW50aXR5L2NsYWltcy9lbWFpbGFkZHJlc3MiOiJsZW5neWVsbm9yYmk1QGdtYWlsLmNvbSIsImh0dHA6Ly9zY2hlbWFzLnhtbHNvYXAub3JnL3dzLzIwMDUvMDUvaWRlbnRpdHkvY2xhaW1zL25hbWUiOiJsZW5neWVsbm9yYmkiLCJqdGkiOiIzMWUwOWFkYS04MGFjLTRlMDgtODQ3Yy1hMTg0MDFlN2Y4N2EiLCJpYXQiOjE3ODExOTMzMjcsImV4cCI6MTc4MTE5MzYyNywiaHR0cDovL3NjaGVtYXMubWljcm9zb2Z0LmNvbS93cy8yMDA4LzA2L2lkZW50aXR5L2NsYWltcy9yb2xlIjoiQWRtaW4iLCJTb3VyY2UiOiJhZG1pbiIsIkRldmljZUlkIjoiL2EydWY0ejhyY0JJaElyN0tHYmQ2YWFoTXI4MEJoais5dXlMaVlOWjY2QT0iLCJJUEFkZHJlc3MiOiI6OmZmZmY6MTcyLjIwLjAuMSIsIlRva2VuVmVyc2lvbiI6IjEiLCJpc3MiOiJNdXNpY1BsYXllckFQSSIsImF1ZCI6Ik11c2ljUGxheWVyQ2xpZW50In0.RXtMdST6T4_THoX19767TX2yX0cXQLi0-OBDWjmpcgs
2026-06-11 15:55:28.008 +00:00 [INF] PF9Yy6LCUo6ni4vU4is7sbE0W5LjXL7QXDgvXGeSq0E=
2026-06-11 15:55:28.009 +00:00 [INF] Source: admin
2026-06-11 15:55:28.010 +00:00 [INF] Access Token expires at: "2026-06-11T16:00:27.9713635Z"
2026-06-11 15:55:28.010 +00:00 [INF] Refresh Token expires at: "2026-06-11T23:55:27.9971358Z"
2026-06-11 15:55:28.010 +00:00 [INF] tokenCookieName: adminToken
2026-06-11 15:55:28.011 +00:00 [INF] refreshTokenCookieName: adminRefreshToken
2026-06-11 15:55:28.011 +00:00 [INF] Refresh token hash stored in cookie: PF9Yy6LCUo6ni4vU4is7sbE0W5LjXL7QXDgvXGeSq0E=
2026-06-11 15:55:28.011 +00:00 [INF] --------------------------------------------------------------------
2026-06-11 15:55:28.013 +00:00 [INF] Executing OkObjectResult, writing value of type '<>f__AnonymousType1`4[[System.Boolean, System.Private.CoreLib, Version=9.0.0.0, Culture=neutral, PublicKeyToken=7cec85d7bea7798e],[System.Int32, System.Private.CoreLib, Version=9.0.0.0, Culture=neutral, PublicKeyToken=7cec85d7bea7798e],[System.Int32, System.Private.CoreLib, Version=9.0.0.0, Culture=neutral, PublicKeyToken=7cec85d7bea7798e],[<>f__AnonymousType2`3[[System.Int32, System.Private.CoreLib, Version=9.0.0.0, Culture=neutral, PublicKeyToken=7cec85d7bea7798e],[System.String, System.Private.CoreLib, Version=9.0.0.0, Culture=neutral, PublicKeyToken=7cec85d7bea7798e],[System.String, System.Private.CoreLib, Version=9.0.0.0, Culture=neutral, PublicKeyToken=7cec85d7bea7798e]], API, Version=1.0.0.0, Culture=neutral, PublicKeyToken=null]]'.
2026-06-11 15:55:28.022 +00:00 [INF] Executed action API.Controllers.AuthController.Authenticate (API) in 817.9572ms
2026-06-11 15:55:28.023 +00:00 [INF] Executed endpoint 'API.Controllers.AuthController.Authenticate (API)'
2026-06-11 15:55:28.023 +00:00 [INF] Request finished HTTP/1.1 POST http://192.168.1.6:8080/api/auth - 200 null application/json; charset=utf-8 920.7164ms
2026-06-11 15:55:28.947 +00:00 [INF] Request starting HTTP/1.1 GET http://192.168.1.6:8080/api/user?page=1&limit=10 - null null
2026-06-11 15:55:28.948 +00:00 [INF] CORS policy execution successful.
2026-06-11 15:55:28.948 +00:00 [INF] ====== OnMessageReceived START ======
2026-06-11 15:55:28.949 +00:00 [INF] Available cookies: 2
2026-06-11 15:55:28.949 +00:00 [INF] Cookie: adminToken = 844 chars
2026-06-11 15:55:28.949 +00:00 [INF] Cookie: adminRefreshToken = 44 chars
2026-06-11 15:55:28.950 +00:00 [INF] Admin token found in cookies, length: 844
2026-06-11 15:55:28.950 +00:00 [INF] Admin token set in context
2026-06-11 15:55:28.950 +00:00 [INF] ====== OnMessageReceived END - Token set: true ======
2026-06-11 15:55:28.952 +00:00 [INF] Token validated successfully for user: lengyelnorbi
2026-06-11 15:55:28.953 +00:00 [INF] Device fingerprint headers - UA: Mozilla/5.0 (Windows NT 10.0; Win64; x64; rv:151.0) Gecko/20100101 Firefox/151.0, Accept: application/json, text/plain, */*, Encoding: gzip, deflate
2026-06-11 15:55:28.953 +00:00 [INF] Device fingerprint validation: Stored=/a2uf4z8rcBIhIr7KGbd6aahMr80Bhj+9uyLiYNZ66A=, Current=/a2uf4z8rcBIhIr7KGbd6aahMr80Bhj+9uyLiYNZ66A=
2026-06-11 15:55:28.960 +00:00 [INF] Executed DbCommand (4ms) [Parameters=[@__jti_0='?', @__userId_1='?' (DbType = Int32)], CommandType='"Text"', CommandTimeout='30']
SELECT a."ID", a."CreatedAt", a."DeviceFingerprint", a."ExpiresAt", a."IpAddress", a."IsRevoked", a."UserID", a.jti
FROM "AccessTokens" AS a
WHERE a.jti = @__jti_0 AND a."UserID" = @__userId_1 AND NOT (a."IsRevoked") AND a."ExpiresAt" > now()
LIMIT 1
2026-06-11 15:55:28.961 +00:00 [INF] Executing endpoint 'API.Controllers.UserController.Get (API)'
2026-06-11 15:55:28.962 +00:00 [INF] Route matched with {action = "Get", controller = "User"}. Executing controller action with signature System.Threading.Tasks.Task`1[System.Collections.Generic.IEnumerable`1[API.DTO.UserDTO]] Get() on controller API.Controllers.UserController (API).
2026-06-11 15:55:28.963 +00:00 [INF] Fetching user data from database...
2026-06-11 15:55:28.965 +00:00 [INF] Executed DbCommand (2ms) [Parameters=[], CommandType='"Text"', CommandTimeout='30']
SELECT u."ID", u."Email", u."PasswordHash", u."RegisteredAt", u."Role", u."Username"
FROM "Users" AS u
2026-06-11 15:55:28.965 +00:00 [INF] Request starting HTTP/1.1 GET http://192.168.1.6:8080/api/user - null null
2026-06-11 15:55:28.966 +00:00 [INF] CORS policy execution successful.
2026-06-11 15:55:28.966 +00:00 [INF] ====== OnMessageReceived START ======
2026-06-11 15:55:28.966 +00:00 [INF] Executing ObjectResult, writing value of type 'System.Collections.Generic.List`1[[API.DTO.UserDTO, API, Version=1.0.0.0, Culture=neutral, PublicKeyToken=null]]'.
2026-06-11 15:55:28.966 +00:00 [INF] Available cookies: 2
2026-06-11 15:55:28.967 +00:00 [INF] Cookie: adminToken = 844 chars
2026-06-11 15:55:28.967 +00:00 [INF] Cookie: adminRefreshToken = 44 chars
2026-06-11 15:55:28.967 +00:00 [INF] Admin token found in cookies, length: 844
2026-06-11 15:55:28.967 +00:00 [INF] Executed action API.Controllers.UserController.Get (API) in 5.1664ms
2026-06-11 15:55:28.967 +00:00 [INF] Admin token set in context
2026-06-11 15:55:28.968 +00:00 [INF] Executed endpoint 'API.Controllers.UserController.Get (API)'
2026-06-11 15:55:28.968 +00:00 [INF] ====== OnMessageReceived END - Token set: true ======
2026-06-11 15:55:28.968 +00:00 [INF] Request finished HTTP/1.1 GET http://192.168.1.6:8080/api/user?page=1&limit=10 - 200 null application/json; charset=utf-8 20.8605ms
2026-06-11 15:55:28.969 +00:00 [INF] Token validated successfully for user: lengyelnorbi
2026-06-11 15:55:28.969 +00:00 [INF] Device fingerprint headers - UA: Mozilla/5.0 (Windows NT 10.0; Win64; x64; rv:151.0) Gecko/20100101 Firefox/151.0, Accept: application/json, text/plain, */*, Encoding: gzip, deflate
2026-06-11 15:55:28.970 +00:00 [INF] Device fingerprint validation: Stored=/a2uf4z8rcBIhIr7KGbd6aahMr80Bhj+9uyLiYNZ66A=, Current=/a2uf4z8rcBIhIr7KGbd6aahMr80Bhj+9uyLiYNZ66A=
2026-06-11 15:55:28.976 +00:00 [INF] Executed DbCommand (2ms) [Parameters=[@__jti_0='?', @__userId_1='?' (DbType = Int32)], CommandType='"Text"', CommandTimeout='30']
SELECT a."ID", a."CreatedAt", a."DeviceFingerprint", a."ExpiresAt", a."IpAddress", a."IsRevoked", a."UserID", a.jti
FROM "AccessTokens" AS a
WHERE a.jti = @__jti_0 AND a."UserID" = @__userId_1 AND NOT (a."IsRevoked") AND a."ExpiresAt" > now()
LIMIT 1
2026-06-11 15:55:28.976 +00:00 [INF] Executing endpoint 'API.Controllers.UserController.Get (API)'
2026-06-11 15:55:28.977 +00:00 [INF] Route matched with {action = "Get", controller = "User"}. Executing controller action with signature System.Threading.Tasks.Task`1[System.Collections.Generic.IEnumerable`1[API.DTO.UserDTO]] Get() on controller API.Controllers.UserController (API).
2026-06-11 15:55:28.977 +00:00 [INF] Fetching user data from database...
2026-06-11 15:55:28.979 +00:00 [INF] Executed DbCommand (2ms) [Parameters=[], CommandType='"Text"', CommandTimeout='30']
SELECT u."ID", u."Email", u."PasswordHash", u."RegisteredAt", u."Role", u."Username"
FROM "Users" AS u
2026-06-11 15:55:28.980 +00:00 [INF] Executing ObjectResult, writing value of type 'System.Collections.Generic.List`1[[API.DTO.UserDTO, API, Version=1.0.0.0, Culture=neutral, PublicKeyToken=null]]'.
2026-06-11 15:55:28.981 +00:00 [INF] Executed action API.Controllers.UserController.Get (API) in 3.7381ms
2026-06-11 15:55:28.981 +00:00 [INF] Executed endpoint 'API.Controllers.UserController.Get (API)'
2026-06-11 15:55:28.981 +00:00 [INF] Request finished HTTP/1.1 GET http://192.168.1.6:8080/api/user - 200 null application/json; charset=utf-8 16.5898ms
2026-06-11 15:55:32.989 +00:00 [INF] Request starting HTTP/1.1 OPTIONS http://192.168.1.6:8080/api/password/generate-password - null null
2026-06-11 15:55:32.990 +00:00 [INF] CORS policy execution successful.
2026-06-11 15:55:32.990 +00:00 [INF] Request finished HTTP/1.1 OPTIONS http://192.168.1.6:8080/api/password/generate-password - 204 null null 0.8439ms
2026-06-11 15:55:32.996 +00:00 [INF] Request starting HTTP/1.1 POST http://192.168.1.6:8080/api/password/generate-password - application/json 43
2026-06-11 15:55:32.996 +00:00 [INF] CORS policy execution successful.
2026-06-11 15:55:32.996 +00:00 [INF] ====== OnMessageReceived START ======
2026-06-11 15:55:32.997 +00:00 [INF] Available cookies: 2
2026-06-11 15:55:32.997 +00:00 [INF] Cookie: adminToken = 844 chars
2026-06-11 15:55:32.997 +00:00 [INF] Cookie: adminRefreshToken = 44 chars
2026-06-11 15:55:32.998 +00:00 [INF] Admin token found in cookies, length: 844
2026-06-11 15:55:32.998 +00:00 [INF] Admin token set in context
2026-06-11 15:55:32.998 +00:00 [INF] ====== OnMessageReceived END - Token set: true ======
2026-06-11 15:55:32.999 +00:00 [INF] Token validated successfully for user: lengyelnorbi
2026-06-11 15:55:32.999 +00:00 [INF] Device fingerprint headers - UA: Mozilla/5.0 (Windows NT 10.0; Win64; x64; rv:151.0) Gecko/20100101 Firefox/151.0, Accept: */*, Encoding: gzip, deflate
2026-06-11 15:55:33.000 +00:00 [INF] Device fingerprint validation: Stored=/a2uf4z8rcBIhIr7KGbd6aahMr80Bhj+9uyLiYNZ66A=, Current=/a2uf4z8rcBIhIr7KGbd6aahMr80Bhj+9uyLiYNZ66A=
2026-06-11 15:55:33.005 +00:00 [INF] Executed DbCommand (2ms) [Parameters=[@__jti_0='?', @__userId_1='?' (DbType = Int32)], CommandType='"Text"', CommandTimeout='30']
SELECT a."ID", a."CreatedAt", a."DeviceFingerprint", a."ExpiresAt", a."IpAddress", a."IsRevoked", a."UserID", a.jti
FROM "AccessTokens" AS a
WHERE a.jti = @__jti_0 AND a."UserID" = @__userId_1 AND NOT (a."IsRevoked") AND a."ExpiresAt" > now()
LIMIT 1
2026-06-11 15:55:33.006 +00:00 [INF] Executing endpoint 'API.Controllers.PasswordController.GeneratePassword (API)'
2026-06-11 15:55:33.006 +00:00 [INF] Route matched with {action = "GeneratePassword", controller = "Password"}. Executing controller action with signature System.Threading.Tasks.Task`1[Microsoft.AspNetCore.Mvc.IActionResult] GeneratePassword(API.Models.RequestModels.GeneratePwdRequest) on controller API.Controllers.PasswordController (API).
2026-06-11 15:55:33.008 +00:00 [INF] Executing OkObjectResult, writing value of type '<>f__AnonymousType4`1[[System.String, System.Private.CoreLib, Version=9.0.0.0, Culture=neutral, PublicKeyToken=7cec85d7bea7798e]]'.
2026-06-11 15:55:33.008 +00:00 [INF] Executed action API.Controllers.PasswordController.GeneratePassword (API) in 1.2937ms
2026-06-11 15:55:33.008 +00:00 [INF] Executed endpoint 'API.Controllers.PasswordController.GeneratePassword (API)'
2026-06-11 15:55:33.009 +00:00 [INF] Request finished HTTP/1.1 POST http://192.168.1.6:8080/api/password/generate-password - 200 null application/json; charset=utf-8 13.1828ms
2026-06-11 15:55:34.754 +00:00 [INF] Request starting HTTP/1.1 OPTIONS http://192.168.1.6:8080/api/password/generate-password - null null
2026-06-11 15:55:34.755 +00:00 [INF] CORS policy execution successful.
2026-06-11 15:55:34.755 +00:00 [INF] Request finished HTTP/1.1 OPTIONS http://192.168.1.6:8080/api/password/generate-password - 204 null null 1.1652ms
2026-06-11 15:55:34.758 +00:00 [INF] Request starting HTTP/1.1 POST http://192.168.1.6:8080/api/password/generate-password - application/json 43
2026-06-11 15:55:34.758 +00:00 [INF] CORS policy execution successful.
2026-06-11 15:55:34.758 +00:00 [INF] ====== OnMessageReceived START ======
2026-06-11 15:55:34.759 +00:00 [INF] Available cookies: 2
2026-06-11 15:55:34.759 +00:00 [INF] Cookie: adminToken = 844 chars
2026-06-11 15:55:34.759 +00:00 [INF] Cookie: adminRefreshToken = 44 chars
2026-06-11 15:55:34.759 +00:00 [INF] Admin token found in cookies, length: 844
2026-06-11 15:55:34.759 +00:00 [INF] Admin token set in context
2026-06-11 15:55:34.760 +00:00 [INF] ====== OnMessageReceived END - Token set: true ======
2026-06-11 15:55:34.761 +00:00 [INF] Token validated successfully for user: lengyelnorbi
2026-06-11 15:55:34.761 +00:00 [INF] Device fingerprint headers - UA: Mozilla/5.0 (Windows NT 10.0; Win64; x64; rv:151.0) Gecko/20100101 Firefox/151.0, Accept: */*, Encoding: gzip, deflate
2026-06-11 15:55:34.761 +00:00 [INF] Device fingerprint validation: Stored=/a2uf4z8rcBIhIr7KGbd6aahMr80Bhj+9uyLiYNZ66A=, Current=/a2uf4z8rcBIhIr7KGbd6aahMr80Bhj+9uyLiYNZ66A=
2026-06-11 15:55:34.767 +00:00 [INF] Executed DbCommand (2ms) [Parameters=[@__jti_0='?', @__userId_1='?' (DbType = Int32)], CommandType='"Text"', CommandTimeout='30']
SELECT a."ID", a."CreatedAt", a."DeviceFingerprint", a."ExpiresAt", a."IpAddress", a."IsRevoked", a."UserID", a.jti
FROM "AccessTokens" AS a
WHERE a.jti = @__jti_0 AND a."UserID" = @__userId_1 AND NOT (a."IsRevoked") AND a."ExpiresAt" > now()
LIMIT 1
2026-06-11 15:55:34.768 +00:00 [INF] Executing endpoint 'API.Controllers.PasswordController.GeneratePassword (API)'
2026-06-11 15:55:34.768 +00:00 [INF] Route matched with {action = "GeneratePassword", controller = "Password"}. Executing controller action with signature System.Threading.Tasks.Task`1[Microsoft.AspNetCore.Mvc.IActionResult] GeneratePassword(API.Models.RequestModels.GeneratePwdRequest) on controller API.Controllers.PasswordController (API).
2026-06-11 15:55:34.769 +00:00 [INF] Executing OkObjectResult, writing value of type '<>f__AnonymousType4`1[[System.String, System.Private.CoreLib, Version=9.0.0.0, Culture=neutral, PublicKeyToken=7cec85d7bea7798e]]'.
2026-06-11 15:55:34.769 +00:00 [INF] Executed action API.Controllers.PasswordController.GeneratePassword (API) in 0.9032ms
2026-06-11 15:55:34.770 +00:00 [INF] Executed endpoint 'API.Controllers.PasswordController.GeneratePassword (API)'
2026-06-11 15:55:34.771 +00:00 [INF] Request finished HTTP/1.1 POST http://192.168.1.6:8080/api/password/generate-password - 200 null application/json; charset=utf-8 12.7426ms
2026-06-11 15:55:35.392 +00:00 [INF] Request starting HTTP/1.1 OPTIONS http://192.168.1.6:8080/api/password/generate-password - null null
2026-06-11 15:55:35.393 +00:00 [INF] CORS policy execution successful.
2026-06-11 15:55:35.394 +00:00 [INF] Request finished HTTP/1.1 OPTIONS http://192.168.1.6:8080/api/password/generate-password - 204 null null 1.1943ms
2026-06-11 15:55:35.396 +00:00 [INF] Request starting HTTP/1.1 POST http://192.168.1.6:8080/api/password/generate-password - application/json 43
2026-06-11 15:55:35.396 +00:00 [INF] CORS policy execution successful.
2026-06-11 15:55:35.396 +00:00 [INF] ====== OnMessageReceived START ======
2026-06-11 15:55:35.396 +00:00 [INF] Available cookies: 2
2026-06-11 15:55:35.396 +00:00 [INF] Cookie: adminToken = 844 chars
2026-06-11 15:55:35.397 +00:00 [INF] Cookie: adminRefreshToken = 44 chars
2026-06-11 15:55:35.397 +00:00 [INF] Admin token found in cookies, length: 844
2026-06-11 15:55:35.397 +00:00 [INF] Admin token set in context
2026-06-11 15:55:35.397 +00:00 [INF] ====== OnMessageReceived END - Token set: true ======
2026-06-11 15:55:35.398 +00:00 [INF] Token validated successfully for user: lengyelnorbi
2026-06-11 15:55:35.398 +00:00 [INF] Device fingerprint headers - UA: Mozilla/5.0 (Windows NT 10.0; Win64; x64; rv:151.0) Gecko/20100101 Firefox/151.0, Accept: */*, Encoding: gzip, deflate
2026-06-11 15:55:35.398 +00:00 [INF] Device fingerprint validation: Stored=/a2uf4z8rcBIhIr7KGbd6aahMr80Bhj+9uyLiYNZ66A=, Current=/a2uf4z8rcBIhIr7KGbd6aahMr80Bhj+9uyLiYNZ66A=
2026-06-11 15:55:35.403 +00:00 [INF] Executed DbCommand (1ms) [Parameters=[@__jti_0='?', @__userId_1='?' (DbType = Int32)], CommandType='"Text"', CommandTimeout='30']
SELECT a."ID", a."CreatedAt", a."DeviceFingerprint", a."ExpiresAt", a."IpAddress", a."IsRevoked", a."UserID", a.jti
FROM "AccessTokens" AS a
WHERE a.jti = @__jti_0 AND a."UserID" = @__userId_1 AND NOT (a."IsRevoked") AND a."ExpiresAt" > now()
LIMIT 1
2026-06-11 15:55:35.404 +00:00 [INF] Executing endpoint 'API.Controllers.PasswordController.GeneratePassword (API)'
2026-06-11 15:55:35.404 +00:00 [INF] Route matched with {action = "GeneratePassword", controller = "Password"}. Executing controller action with signature System.Threading.Tasks.Task`1[Microsoft.AspNetCore.Mvc.IActionResult] GeneratePassword(API.Models.RequestModels.GeneratePwdRequest) on controller API.Controllers.PasswordController (API).
2026-06-11 15:55:35.405 +00:00 [INF] Executing OkObjectResult, writing value of type '<>f__AnonymousType4`1[[System.String, System.Private.CoreLib, Version=9.0.0.0, Culture=neutral, PublicKeyToken=7cec85d7bea7798e]]'.
2026-06-11 15:55:35.405 +00:00 [INF] Executed action API.Controllers.PasswordController.GeneratePassword (API) in 1.0125ms
2026-06-11 15:55:35.406 +00:00 [INF] Executed endpoint 'API.Controllers.PasswordController.GeneratePassword (API)'
2026-06-11 15:55:35.406 +00:00 [INF] Request finished HTTP/1.1 POST http://192.168.1.6:8080/api/password/generate-password - 200 null application/json; charset=utf-8 10.5949ms
2026-06-11 15:55:35.798 +00:00 [INF] Request starting HTTP/1.1 OPTIONS http://192.168.1.6:8080/api/password/generate-password - null null
2026-06-11 15:55:35.799 +00:00 [INF] CORS policy execution successful.
2026-06-11 15:55:35.799 +00:00 [INF] Request finished HTTP/1.1 OPTIONS http://192.168.1.6:8080/api/password/generate-password - 204 null null 0.9118ms
2026-06-11 15:55:35.801 +00:00 [INF] Request starting HTTP/1.1 POST http://192.168.1.6:8080/api/password/generate-password - application/json 43
2026-06-11 15:55:35.802 +00:00 [INF] CORS policy execution successful.
2026-06-11 15:55:35.802 +00:00 [INF] ====== OnMessageReceived START ======
2026-06-11 15:55:35.802 +00:00 [INF] Available cookies: 2
2026-06-11 15:55:35.802 +00:00 [INF] Cookie: adminToken = 844 chars
2026-06-11 15:55:35.802 +00:00 [INF] Cookie: adminRefreshToken = 44 chars
2026-06-11 15:55:35.802 +00:00 [INF] Admin token found in cookies, length: 844
2026-06-11 15:55:35.803 +00:00 [INF] Admin token set in context
2026-06-11 15:55:35.803 +00:00 [INF] ====== OnMessageReceived END - Token set: true ======
2026-06-11 15:55:35.803 +00:00 [INF] Token validated successfully for user: lengyelnorbi
2026-06-11 15:55:35.803 +00:00 [INF] Device fingerprint headers - UA: Mozilla/5.0 (Windows NT 10.0; Win64; x64; rv:151.0) Gecko/20100101 Firefox/151.0, Accept: */*, Encoding: gzip, deflate
2026-06-11 15:55:35.804 +00:00 [INF] Device fingerprint validation: Stored=/a2uf4z8rcBIhIr7KGbd6aahMr80Bhj+9uyLiYNZ66A=, Current=/a2uf4z8rcBIhIr7KGbd6aahMr80Bhj+9uyLiYNZ66A=
2026-06-11 15:55:35.809 +00:00 [INF] Executed DbCommand (1ms) [Parameters=[@__jti_0='?', @__userId_1='?' (DbType = Int32)], CommandType='"Text"', CommandTimeout='30']
SELECT a."ID", a."CreatedAt", a."DeviceFingerprint", a."ExpiresAt", a."IpAddress", a."IsRevoked", a."UserID", a.jti
FROM "AccessTokens" AS a
WHERE a.jti = @__jti_0 AND a."UserID" = @__userId_1 AND NOT (a."IsRevoked") AND a."ExpiresAt" > now()
LIMIT 1
2026-06-11 15:55:35.810 +00:00 [INF] Executing endpoint 'API.Controllers.PasswordController.GeneratePassword (API)'
2026-06-11 15:55:35.810 +00:00 [INF] Route matched with {action = "GeneratePassword", controller = "Password"}. Executing controller action with signature System.Threading.Tasks.Task`1[Microsoft.AspNetCore.Mvc.IActionResult] GeneratePassword(API.Models.RequestModels.GeneratePwdRequest) on controller API.Controllers.PasswordController (API).
2026-06-11 15:55:35.811 +00:00 [INF] Executing OkObjectResult, writing value of type '<>f__AnonymousType4`1[[System.String, System.Private.CoreLib, Version=9.0.0.0, Culture=neutral, PublicKeyToken=7cec85d7bea7798e]]'.
2026-06-11 15:55:35.811 +00:00 [INF] Executed action API.Controllers.PasswordController.GeneratePassword (API) in 0.5478ms
2026-06-11 15:55:35.811 +00:00 [INF] Executed endpoint 'API.Controllers.PasswordController.GeneratePassword (API)'
2026-06-11 15:55:35.812 +00:00 [INF] Request finished HTTP/1.1 POST http://192.168.1.6:8080/api/password/generate-password - 200 null application/json; charset=utf-8 10.7239ms
2026-06-11 15:55:36.194 +00:00 [INF] Request starting HTTP/1.1 OPTIONS http://192.168.1.6:8080/api/password/generate-password - null null
2026-06-11 15:55:36.194 +00:00 [INF] CORS policy execution successful.
2026-06-11 15:55:36.195 +00:00 [INF] Request finished HTTP/1.1 OPTIONS http://192.168.1.6:8080/api/password/generate-password - 204 null null 0.5171ms
2026-06-11 15:55:36.196 +00:00 [INF] Request starting HTTP/1.1 POST http://192.168.1.6:8080/api/password/generate-password - application/json 43
2026-06-11 15:55:36.197 +00:00 [INF] CORS policy execution successful.
2026-06-11 15:55:36.197 +00:00 [INF] ====== OnMessageReceived START ======
2026-06-11 15:55:36.197 +00:00 [INF] Available cookies: 2
2026-06-11 15:55:36.198 +00:00 [INF] Cookie: adminToken = 844 chars
2026-06-11 15:55:36.198 +00:00 [INF] Cookie: adminRefreshToken = 44 chars
2026-06-11 15:55:36.198 +00:00 [INF] Admin token found in cookies, length: 844
2026-06-11 15:55:36.198 +00:00 [INF] Admin token set in context
2026-06-11 15:55:36.199 +00:00 [INF] ====== OnMessageReceived END - Token set: true ======
2026-06-11 15:55:36.200 +00:00 [INF] Token validated successfully for user: lengyelnorbi
2026-06-11 15:55:36.200 +00:00 [INF] Device fingerprint headers - UA: Mozilla/5.0 (Windows NT 10.0; Win64; x64; rv:151.0) Gecko/20100101 Firefox/151.0, Accept: */*, Encoding: gzip, deflate
2026-06-11 15:55:36.200 +00:00 [INF] Device fingerprint validation: Stored=/a2uf4z8rcBIhIr7KGbd6aahMr80Bhj+9uyLiYNZ66A=, Current=/a2uf4z8rcBIhIr7KGbd6aahMr80Bhj+9uyLiYNZ66A=
2026-06-11 15:55:36.206 +00:00 [INF] Executed DbCommand (2ms) [Parameters=[@__jti_0='?', @__userId_1='?' (DbType = Int32)], CommandType='"Text"', CommandTimeout='30']
SELECT a."ID", a."CreatedAt", a."DeviceFingerprint", a."ExpiresAt", a."IpAddress", a."IsRevoked", a."UserID", a.jti
FROM "AccessTokens" AS a
WHERE a.jti = @__jti_0 AND a."UserID" = @__userId_1 AND NOT (a."IsRevoked") AND a."ExpiresAt" > now()
LIMIT 1
2026-06-11 15:55:36.207 +00:00 [INF] Executing endpoint 'API.Controllers.PasswordController.GeneratePassword (API)'
2026-06-11 15:55:36.207 +00:00 [INF] Route matched with {action = "GeneratePassword", controller = "Password"}. Executing controller action with signature System.Threading.Tasks.Task`1[Microsoft.AspNetCore.Mvc.IActionResult] GeneratePassword(API.Models.RequestModels.GeneratePwdRequest) on controller API.Controllers.PasswordController (API).
2026-06-11 15:55:36.207 +00:00 [INF] Executing OkObjectResult, writing value of type '<>f__AnonymousType4`1[[System.String, System.Private.CoreLib, Version=9.0.0.0, Culture=neutral, PublicKeyToken=7cec85d7bea7798e]]'.
2026-06-11 15:55:36.208 +00:00 [INF] Executed action API.Controllers.PasswordController.GeneratePassword (API) in 0.6744ms
2026-06-11 15:55:36.208 +00:00 [INF] Executed endpoint 'API.Controllers.PasswordController.GeneratePassword (API)'
2026-06-11 15:55:36.208 +00:00 [INF] Request finished HTTP/1.1 POST http://192.168.1.6:8080/api/password/generate-password - 200 null application/json; charset=utf-8 11.6183ms
2026-06-11 15:55:36.629 +00:00 [INF] Request starting HTTP/1.1 OPTIONS http://192.168.1.6:8080/api/password/generate-password - null null
2026-06-11 15:55:36.630 +00:00 [INF] CORS policy execution successful.
2026-06-11 15:55:36.631 +00:00 [INF] Request finished HTTP/1.1 OPTIONS http://192.168.1.6:8080/api/password/generate-password - 204 null null 1.6885ms
2026-06-11 15:55:36.633 +00:00 [INF] Request starting HTTP/1.1 POST http://192.168.1.6:8080/api/password/generate-password - application/json 43
2026-06-11 15:55:36.634 +00:00 [INF] CORS policy execution successful.
2026-06-11 15:55:36.634 +00:00 [INF] ====== OnMessageReceived START ======
2026-06-11 15:55:36.634 +00:00 [INF] Available cookies: 2
2026-06-11 15:55:36.635 +00:00 [INF] Cookie: adminToken = 844 chars
2026-06-11 15:55:36.635 +00:00 [INF] Cookie: adminRefreshToken = 44 chars
2026-06-11 15:55:36.635 +00:00 [INF] Admin token found in cookies, length: 844
2026-06-11 15:55:36.636 +00:00 [INF] Admin token set in context
2026-06-11 15:55:36.636 +00:00 [INF] ====== OnMessageReceived END - Token set: true ======
2026-06-11 15:55:36.636 +00:00 [INF] Token validated successfully for user: lengyelnorbi
2026-06-11 15:55:36.637 +00:00 [INF] Device fingerprint headers - UA: Mozilla/5.0 (Windows NT 10.0; Win64; x64; rv:151.0) Gecko/20100101 Firefox/151.0, Accept: */*, Encoding: gzip, deflate
2026-06-11 15:55:36.637 +00:00 [INF] Device fingerprint validation: Stored=/a2uf4z8rcBIhIr7KGbd6aahMr80Bhj+9uyLiYNZ66A=, Current=/a2uf4z8rcBIhIr7KGbd6aahMr80Bhj+9uyLiYNZ66A=
2026-06-11 15:55:36.644 +00:00 [INF] Executed DbCommand (2ms) [Parameters=[@__jti_0='?', @__userId_1='?' (DbType = Int32)], CommandType='"Text"', CommandTimeout='30']
SELECT a."ID", a."CreatedAt", a."DeviceFingerprint", a."ExpiresAt", a."IpAddress", a."IsRevoked", a."UserID", a.jti
FROM "AccessTokens" AS a
WHERE a.jti = @__jti_0 AND a."UserID" = @__userId_1 AND NOT (a."IsRevoked") AND a."ExpiresAt" > now()
LIMIT 1
2026-06-11 15:55:36.644 +00:00 [INF] Executing endpoint 'API.Controllers.PasswordController.GeneratePassword (API)'
2026-06-11 15:55:36.645 +00:00 [INF] Route matched with {action = "GeneratePassword", controller = "Password"}. Executing controller action with signature System.Threading.Tasks.Task`1[Microsoft.AspNetCore.Mvc.IActionResult] GeneratePassword(API.Models.RequestModels.GeneratePwdRequest) on controller API.Controllers.PasswordController (API).
2026-06-11 15:55:36.646 +00:00 [INF] Executing OkObjectResult, writing value of type '<>f__AnonymousType4`1[[System.String, System.Private.CoreLib, Version=9.0.0.0, Culture=neutral, PublicKeyToken=7cec85d7bea7798e]]'.
2026-06-11 15:55:36.646 +00:00 [INF] Executed action API.Controllers.PasswordController.GeneratePassword (API) in 0.8998ms
2026-06-11 15:55:36.646 +00:00 [INF] Executed endpoint 'API.Controllers.PasswordController.GeneratePassword (API)'
2026-06-11 15:55:36.647 +00:00 [INF] Request finished HTTP/1.1 POST http://192.168.1.6:8080/api/password/generate-password - 200 null application/json; charset=utf-8 13.2814ms
2026-06-11 15:55:37.129 +00:00 [INF] Request starting HTTP/1.1 OPTIONS http://192.168.1.6:8080/api/password/generate-password - null null
2026-06-11 15:55:37.129 +00:00 [INF] CORS policy execution successful.
2026-06-11 15:55:37.130 +00:00 [INF] Request finished HTTP/1.1 OPTIONS http://192.168.1.6:8080/api/password/generate-password - 204 null null 1.3448ms
2026-06-11 15:55:37.133 +00:00 [INF] Request starting HTTP/1.1 POST http://192.168.1.6:8080/api/password/generate-password - application/json 43
2026-06-11 15:55:37.134 +00:00 [INF] CORS policy execution successful.
2026-06-11 15:55:37.134 +00:00 [INF] ====== OnMessageReceived START ======
2026-06-11 15:55:37.135 +00:00 [INF] Available cookies: 2
2026-06-11 15:55:37.135 +00:00 [INF] Cookie: adminToken = 844 chars
2026-06-11 15:55:37.135 +00:00 [INF] Cookie: adminRefreshToken = 44 chars
2026-06-11 15:55:37.136 +00:00 [INF] Admin token found in cookies, length: 844
2026-06-11 15:55:37.136 +00:00 [INF] Admin token set in context
2026-06-11 15:55:37.136 +00:00 [INF] ====== OnMessageReceived END - Token set: true ======
2026-06-11 15:55:37.137 +00:00 [INF] Token validated successfully for user: lengyelnorbi
2026-06-11 15:55:37.138 +00:00 [INF] Device fingerprint headers - UA: Mozilla/5.0 (Windows NT 10.0; Win64; x64; rv:151.0) Gecko/20100101 Firefox/151.0, Accept: */*, Encoding: gzip, deflate
2026-06-11 15:55:37.138 +00:00 [INF] Device fingerprint validation: Stored=/a2uf4z8rcBIhIr7KGbd6aahMr80Bhj+9uyLiYNZ66A=, Current=/a2uf4z8rcBIhIr7KGbd6aahMr80Bhj+9uyLiYNZ66A=
2026-06-11 15:55:37.146 +00:00 [INF] Executed DbCommand (2ms) [Parameters=[@__jti_0='?', @__userId_1='?' (DbType = Int32)], CommandType='"Text"', CommandTimeout='30']
SELECT a."ID", a."CreatedAt", a."DeviceFingerprint", a."ExpiresAt", a."IpAddress", a."IsRevoked", a."UserID", a.jti
FROM "AccessTokens" AS a
WHERE a.jti = @__jti_0 AND a."UserID" = @__userId_1 AND NOT (a."IsRevoked") AND a."ExpiresAt" > now()
LIMIT 1
2026-06-11 15:55:37.147 +00:00 [INF] Executing endpoint 'API.Controllers.PasswordController.GeneratePassword (API)'
2026-06-11 15:55:37.148 +00:00 [INF] Route matched with {action = "GeneratePassword", controller = "Password"}. Executing controller action with signature System.Threading.Tasks.Task`1[Microsoft.AspNetCore.Mvc.IActionResult] GeneratePassword(API.Models.RequestModels.GeneratePwdRequest) on controller API.Controllers.PasswordController (API).
2026-06-11 15:55:37.149 +00:00 [INF] Executing OkObjectResult, writing value of type '<>f__AnonymousType4`1[[System.String, System.Private.CoreLib, Version=9.0.0.0, Culture=neutral, PublicKeyToken=7cec85d7bea7798e]]'.
2026-06-11 15:55:37.149 +00:00 [INF] Executed action API.Controllers.PasswordController.GeneratePassword (API) in 0.528ms
2026-06-11 15:55:37.149 +00:00 [INF] Executed endpoint 'API.Controllers.PasswordController.GeneratePassword (API)'
2026-06-11 15:55:37.150 +00:00 [INF] Request finished HTTP/1.1 POST http://192.168.1.6:8080/api/password/generate-password - 200 null application/json; charset=utf-8 16.7569ms
2026-06-11 15:55:37.691 +00:00 [INF] Request starting HTTP/1.1 OPTIONS http://192.168.1.6:8080/api/password/generate-password - null null
2026-06-11 15:55:37.692 +00:00 [INF] CORS policy execution successful.
2026-06-11 15:55:37.692 +00:00 [INF] Request finished HTTP/1.1 OPTIONS http://192.168.1.6:8080/api/password/generate-password - 204 null null 1.0563ms
2026-06-11 15:55:37.695 +00:00 [INF] Request starting HTTP/1.1 POST http://192.168.1.6:8080/api/password/generate-password - application/json 43
2026-06-11 15:55:37.695 +00:00 [INF] CORS policy execution successful.
2026-06-11 15:55:37.696 +00:00 [INF] ====== OnMessageReceived START ======
2026-06-11 15:55:37.696 +00:00 [INF] Available cookies: 2
2026-06-11 15:55:37.696 +00:00 [INF] Cookie: adminToken = 844 chars
2026-06-11 15:55:37.696 +00:00 [INF] Cookie: adminRefreshToken = 44 chars
2026-06-11 15:55:37.696 +00:00 [INF] Admin token found in cookies, length: 844
2026-06-11 15:55:37.697 +00:00 [INF] Admin token set in context
2026-06-11 15:55:37.697 +00:00 [INF] ====== OnMessageReceived END - Token set: true ======
2026-06-11 15:55:37.698 +00:00 [INF] Token validated successfully for user: lengyelnorbi
2026-06-11 15:55:37.698 +00:00 [INF] Device fingerprint headers - UA: Mozilla/5.0 (Windows NT 10.0; Win64; x64; rv:151.0) Gecko/20100101 Firefox/151.0, Accept: */*, Encoding: gzip, deflate
2026-06-11 15:55:37.699 +00:00 [INF] Device fingerprint validation: Stored=/a2uf4z8rcBIhIr7KGbd6aahMr80Bhj+9uyLiYNZ66A=, Current=/a2uf4z8rcBIhIr7KGbd6aahMr80Bhj+9uyLiYNZ66A=
2026-06-11 15:55:37.706 +00:00 [INF] Executed DbCommand (2ms) [Parameters=[@__jti_0='?', @__userId_1='?' (DbType = Int32)], CommandType='"Text"', CommandTimeout='30']
SELECT a."ID", a."CreatedAt", a."DeviceFingerprint", a."ExpiresAt", a."IpAddress", a."IsRevoked", a."UserID", a.jti
FROM "AccessTokens" AS a
WHERE a.jti = @__jti_0 AND a."UserID" = @__userId_1 AND NOT (a."IsRevoked") AND a."ExpiresAt" > now()
LIMIT 1
2026-06-11 15:55:37.706 +00:00 [INF] Executing endpoint 'API.Controllers.PasswordController.GeneratePassword (API)'
2026-06-11 15:55:37.707 +00:00 [INF] Route matched with {action = "GeneratePassword", controller = "Password"}. Executing controller action with signature System.Threading.Tasks.Task`1[Microsoft.AspNetCore.Mvc.IActionResult] GeneratePassword(API.Models.RequestModels.GeneratePwdRequest) on controller API.Controllers.PasswordController (API).
2026-06-11 15:55:37.707 +00:00 [INF] Executing OkObjectResult, writing value of type '<>f__AnonymousType4`1[[System.String, System.Private.CoreLib, Version=9.0.0.0, Culture=neutral, PublicKeyToken=7cec85d7bea7798e]]'.
2026-06-11 15:55:37.708 +00:00 [INF] Executed action API.Controllers.PasswordController.GeneratePassword (API) in 0.6132ms
2026-06-11 15:55:37.708 +00:00 [INF] Executed endpoint 'API.Controllers.PasswordController.GeneratePassword (API)'
2026-06-11 15:55:37.708 +00:00 [INF] Request finished HTTP/1.1 POST http://192.168.1.6:8080/api/password/generate-password - 200 null application/json; charset=utf-8 12.8626ms
2026-06-11 15:59:10.207 +00:00 [INF] Request starting HTTP/1.1 GET http://192.168.1.6:8080/api/user - null null
2026-06-11 15:59:10.207 +00:00 [INF] Request starting HTTP/1.1 GET http://192.168.1.6:8080/api/user?page=1&limit=10 - null null
2026-06-11 15:59:10.228 +00:00 [INF] CORS policy execution successful.
2026-06-11 15:59:10.228 +00:00 [INF] CORS policy execution successful.
2026-06-11 15:59:10.236 +00:00 [INF] ====== OnMessageReceived START ======
2026-06-11 15:59:10.236 +00:00 [INF] ====== OnMessageReceived START ======
2026-06-11 15:59:10.238 +00:00 [INF] Available cookies: 2
2026-06-11 15:59:10.238 +00:00 [INF] Available cookies: 2
2026-06-11 15:59:10.239 +00:00 [INF] Cookie: adminToken = 844 chars
2026-06-11 15:59:10.239 +00:00 [INF] Cookie: adminToken = 844 chars
2026-06-11 15:59:10.239 +00:00 [INF] Cookie: adminRefreshToken = 44 chars
2026-06-11 15:59:10.239 +00:00 [INF] Cookie: adminRefreshToken = 44 chars
2026-06-11 15:59:10.240 +00:00 [INF] Admin token found in cookies, length: 844
2026-06-11 15:59:10.240 +00:00 [INF] Admin token found in cookies, length: 844
2026-06-11 15:59:10.240 +00:00 [INF] Admin token set in context
2026-06-11 15:59:10.240 +00:00 [INF] Admin token set in context
2026-06-11 15:59:10.241 +00:00 [INF] ====== OnMessageReceived END - Token set: true ======
2026-06-11 15:59:10.241 +00:00 [INF] ====== OnMessageReceived END - Token set: true ======
2026-06-11 15:59:10.257 +00:00 [INF] Token validated successfully for user: lengyelnorbi
2026-06-11 15:59:10.257 +00:00 [INF] Token validated successfully for user: lengyelnorbi
2026-06-11 15:59:10.257 +00:00 [INF] Device fingerprint headers - UA: Mozilla/5.0 (Windows NT 10.0; Win64; x64; rv:151.0) Gecko/20100101 Firefox/151.0, Accept: application/json, text/plain, */*, Encoding: gzip, deflate
2026-06-11 15:59:10.257 +00:00 [INF] Device fingerprint headers - UA: Mozilla/5.0 (Windows NT 10.0; Win64; x64; rv:151.0) Gecko/20100101 Firefox/151.0, Accept: application/json, text/plain, */*, Encoding: gzip, deflate
2026-06-11 15:59:10.260 +00:00 [INF] Device fingerprint validation: Stored=/a2uf4z8rcBIhIr7KGbd6aahMr80Bhj+9uyLiYNZ66A=, Current=/a2uf4z8rcBIhIr7KGbd6aahMr80Bhj+9uyLiYNZ66A=
2026-06-11 15:59:10.260 +00:00 [INF] Device fingerprint validation: Stored=/a2uf4z8rcBIhIr7KGbd6aahMr80Bhj+9uyLiYNZ66A=, Current=/a2uf4z8rcBIhIr7KGbd6aahMr80Bhj+9uyLiYNZ66A=
2026-06-11 15:59:10.358 +00:00 [INF] Executed DbCommand (27ms) [Parameters=[@__jti_0='?', @__userId_1='?' (DbType = Int32)], CommandType='"Text"', CommandTimeout='30']
SELECT a."ID", a."CreatedAt", a."DeviceFingerprint", a."ExpiresAt", a."IpAddress", a."IsRevoked", a."UserID", a.jti
FROM "AccessTokens" AS a
WHERE a.jti = @__jti_0 AND a."UserID" = @__userId_1 AND NOT (a."IsRevoked") AND a."ExpiresAt" > now()
LIMIT 1
2026-06-11 15:59:10.371 +00:00 [INF] Executing endpoint 'API.Controllers.UserController.Get (API)'
2026-06-11 15:59:10.375 +00:00 [INF] Route matched with {action = "Get", controller = "User"}. Executing controller action with signature System.Threading.Tasks.Task`1[System.Collections.Generic.IEnumerable`1[API.DTO.UserDTO]] Get() on controller API.Controllers.UserController (API).
2026-06-11 15:59:10.380 +00:00 [INF] Fetching user data from database...
2026-06-11 15:59:10.385 +00:00 [INF] Executed DbCommand (2ms) [Parameters=[], CommandType='"Text"', CommandTimeout='30']
SELECT u."ID", u."Email", u."PasswordHash", u."RegisteredAt", u."Role", u."Username"
FROM "Users" AS u
2026-06-11 15:59:10.392 +00:00 [INF] Executed DbCommand (13ms) [Parameters=[@__jti_0='?', @__userId_1='?' (DbType = Int32)], CommandType='"Text"', CommandTimeout='30']
SELECT a."ID", a."CreatedAt", a."DeviceFingerprint", a."ExpiresAt", a."IpAddress", a."IsRevoked", a."UserID", a.jti
FROM "AccessTokens" AS a
WHERE a.jti = @__jti_0 AND a."UserID" = @__userId_1 AND NOT (a."IsRevoked") AND a."ExpiresAt" > now()
LIMIT 1
2026-06-11 15:59:10.394 +00:00 [INF] Executing endpoint 'API.Controllers.UserController.Get (API)'
2026-06-11 15:59:10.395 +00:00 [INF] Route matched with {action = "Get", controller = "User"}. Executing controller action with signature System.Threading.Tasks.Task`1[System.Collections.Generic.IEnumerable`1[API.DTO.UserDTO]] Get() on controller API.Controllers.UserController (API).
2026-06-11 15:59:10.395 +00:00 [INF] Fetching user data from database...
2026-06-11 15:59:10.397 +00:00 [INF] Executed DbCommand (2ms) [Parameters=[], CommandType='"Text"', CommandTimeout='30']
SELECT u."ID", u."Email", u."PasswordHash", u."RegisteredAt", u."Role", u."Username"
FROM "Users" AS u
2026-06-11 15:59:10.400 +00:00 [INF] Executing ObjectResult, writing value of type 'System.Collections.Generic.List`1[[API.DTO.UserDTO, API, Version=1.0.0.0, Culture=neutral, PublicKeyToken=null]]'.
2026-06-11 15:59:10.400 +00:00 [INF] Executing ObjectResult, writing value of type 'System.Collections.Generic.List`1[[API.DTO.UserDTO, API, Version=1.0.0.0, Culture=neutral, PublicKeyToken=null]]'.
2026-06-11 15:59:10.407 +00:00 [INF] Executed action API.Controllers.UserController.Get (API) in 11.8095ms
2026-06-11 15:59:10.407 +00:00 [INF] Executed action API.Controllers.UserController.Get (API) in 31.5159ms
2026-06-11 15:59:10.408 +00:00 [INF] Executed endpoint 'API.Controllers.UserController.Get (API)'
2026-06-11 15:59:10.408 +00:00 [INF] Executed endpoint 'API.Controllers.UserController.Get (API)'
2026-06-11 15:59:10.408 +00:00 [INF] Request finished HTTP/1.1 GET http://192.168.1.6:8080/api/user?page=1&limit=10 - 200 null application/json; charset=utf-8 205.384ms
2026-06-11 15:59:10.408 +00:00 [INF] Request finished HTTP/1.1 GET http://192.168.1.6:8080/api/user - 200 null application/json; charset=utf-8 205.4488ms
2026-06-11 15:59:14.302 +00:00 [INF] Request starting HTTP/1.1 OPTIONS http://192.168.1.6:8080/api/password/generate-password - null null
2026-06-11 15:59:14.303 +00:00 [INF] CORS policy execution successful.
2026-06-11 15:59:14.305 +00:00 [INF] Request finished HTTP/1.1 OPTIONS http://192.168.1.6:8080/api/password/generate-password - 204 null null 2.2747ms
2026-06-11 15:59:14.308 +00:00 [INF] Request starting HTTP/1.1 POST http://192.168.1.6:8080/api/password/generate-password - application/json 43
2026-06-11 15:59:14.309 +00:00 [INF] CORS policy execution successful.
2026-06-11 15:59:14.309 +00:00 [INF] ====== OnMessageReceived START ======
2026-06-11 15:59:14.310 +00:00 [INF] Available cookies: 2
2026-06-11 15:59:14.311 +00:00 [INF] Cookie: adminToken = 844 chars
2026-06-11 15:59:14.311 +00:00 [INF] Cookie: adminRefreshToken = 44 chars
2026-06-11 15:59:14.311 +00:00 [INF] Admin token found in cookies, length: 844
2026-06-11 15:59:14.311 +00:00 [INF] Admin token set in context
2026-06-11 15:59:14.311 +00:00 [INF] ====== OnMessageReceived END - Token set: true ======
2026-06-11 15:59:14.313 +00:00 [INF] Token validated successfully for user: lengyelnorbi
2026-06-11 15:59:14.313 +00:00 [INF] Device fingerprint headers - UA: Mozilla/5.0 (Windows NT 10.0; Win64; x64; rv:151.0) Gecko/20100101 Firefox/151.0, Accept: */*, Encoding: gzip, deflate
2026-06-11 15:59:14.313 +00:00 [INF] Device fingerprint validation: Stored=/a2uf4z8rcBIhIr7KGbd6aahMr80Bhj+9uyLiYNZ66A=, Current=/a2uf4z8rcBIhIr7KGbd6aahMr80Bhj+9uyLiYNZ66A=
2026-06-11 15:59:14.319 +00:00 [INF] Executed DbCommand (2ms) [Parameters=[@__jti_0='?', @__userId_1='?' (DbType = Int32)], CommandType='"Text"', CommandTimeout='30']
SELECT a."ID", a."CreatedAt", a."DeviceFingerprint", a."ExpiresAt", a."IpAddress", a."IsRevoked", a."UserID", a.jti
FROM "AccessTokens" AS a
WHERE a.jti = @__jti_0 AND a."UserID" = @__userId_1 AND NOT (a."IsRevoked") AND a."ExpiresAt" > now()
LIMIT 1
2026-06-11 15:59:14.321 +00:00 [INF] Executing endpoint 'API.Controllers.PasswordController.GeneratePassword (API)'
2026-06-11 15:59:14.321 +00:00 [INF] Route matched with {action = "GeneratePassword", controller = "Password"}. Executing controller action with signature System.Threading.Tasks.Task`1[Microsoft.AspNetCore.Mvc.IActionResult] GeneratePassword(API.Models.RequestModels.GeneratePwdRequest) on controller API.Controllers.PasswordController (API).
2026-06-11 15:59:14.333 +00:00 [INF] Executing OkObjectResult, writing value of type '<>f__AnonymousType4`1[[System.String, System.Private.CoreLib, Version=9.0.0.0, Culture=neutral, PublicKeyToken=7cec85d7bea7798e]]'.
2026-06-11 15:59:14.333 +00:00 [INF] Executed action API.Controllers.PasswordController.GeneratePassword (API) in 11.8704ms
2026-06-11 15:59:14.334 +00:00 [INF] Executed endpoint 'API.Controllers.PasswordController.GeneratePassword (API)'
2026-06-11 15:59:14.334 +00:00 [INF] Request finished HTTP/1.1 POST http://192.168.1.6:8080/api/password/generate-password - 200 null application/json; charset=utf-8 25.424ms
2026-06-11 15:59:15.408 +00:00 [INF] Request starting HTTP/1.1 OPTIONS http://192.168.1.6:8080/api/password/generate-password - null null
2026-06-11 15:59:15.408 +00:00 [INF] CORS policy execution successful.
2026-06-11 15:59:15.408 +00:00 [INF] Request finished HTTP/1.1 OPTIONS http://192.168.1.6:8080/api/password/generate-password - 204 null null 0.7104ms
2026-06-11 15:59:15.410 +00:00 [INF] Request starting HTTP/1.1 POST http://192.168.1.6:8080/api/password/generate-password - application/json 43
2026-06-11 15:59:15.410 +00:00 [INF] CORS policy execution successful.
2026-06-11 15:59:15.411 +00:00 [INF] ====== OnMessageReceived START ======
2026-06-11 15:59:15.411 +00:00 [INF] Available cookies: 2
2026-06-11 15:59:15.411 +00:00 [INF] Cookie: adminToken = 844 chars
2026-06-11 15:59:15.411 +00:00 [INF] Cookie: adminRefreshToken = 44 chars
2026-06-11 15:59:15.412 +00:00 [INF] Admin token found in cookies, length: 844
2026-06-11 15:59:15.412 +00:00 [INF] Admin token set in context
2026-06-11 15:59:15.412 +00:00 [INF] ====== OnMessageReceived END - Token set: true ======
2026-06-11 15:59:15.413 +00:00 [INF] Token validated successfully for user: lengyelnorbi
2026-06-11 15:59:15.413 +00:00 [INF] Device fingerprint headers - UA: Mozilla/5.0 (Windows NT 10.0; Win64; x64; rv:151.0) Gecko/20100101 Firefox/151.0, Accept: */*, Encoding: gzip, deflate
2026-06-11 15:59:15.413 +00:00 [INF] Device fingerprint validation: Stored=/a2uf4z8rcBIhIr7KGbd6aahMr80Bhj+9uyLiYNZ66A=, Current=/a2uf4z8rcBIhIr7KGbd6aahMr80Bhj+9uyLiYNZ66A=
2026-06-11 15:59:15.425 +00:00 [INF] Executed DbCommand (2ms) [Parameters=[@__jti_0='?', @__userId_1='?' (DbType = Int32)], CommandType='"Text"', CommandTimeout='30']
SELECT a."ID", a."CreatedAt", a."DeviceFingerprint", a."ExpiresAt", a."IpAddress", a."IsRevoked", a."UserID", a.jti
FROM "AccessTokens" AS a
WHERE a.jti = @__jti_0 AND a."UserID" = @__userId_1 AND NOT (a."IsRevoked") AND a."ExpiresAt" > now()
LIMIT 1
2026-06-11 15:59:15.426 +00:00 [INF] Executing endpoint 'API.Controllers.PasswordController.GeneratePassword (API)'
2026-06-11 15:59:15.426 +00:00 [INF] Route matched with {action = "GeneratePassword", controller = "Password"}. Executing controller action with signature System.Threading.Tasks.Task`1[Microsoft.AspNetCore.Mvc.IActionResult] GeneratePassword(API.Models.RequestModels.GeneratePwdRequest) on controller API.Controllers.PasswordController (API).
2026-06-11 15:59:15.427 +00:00 [INF] Executing OkObjectResult, writing value of type '<>f__AnonymousType4`1[[System.String, System.Private.CoreLib, Version=9.0.0.0, Culture=neutral, PublicKeyToken=7cec85d7bea7798e]]'.
2026-06-11 15:59:15.428 +00:00 [INF] Executed action API.Controllers.PasswordController.GeneratePassword (API) in 1.0227ms
2026-06-11 15:59:15.428 +00:00 [INF] Executed endpoint 'API.Controllers.PasswordController.GeneratePassword (API)'
2026-06-11 15:59:15.429 +00:00 [INF] Request finished HTTP/1.1 POST http://192.168.1.6:8080/api/password/generate-password - 200 null application/json; charset=utf-8 18.3123ms
2026-06-11 15:59:15.977 +00:00 [INF] Request starting HTTP/1.1 OPTIONS http://192.168.1.6:8080/api/password/generate-password - null null
2026-06-11 15:59:15.977 +00:00 [INF] CORS policy execution successful.
2026-06-11 15:59:15.978 +00:00 [INF] Request finished HTTP/1.1 OPTIONS http://192.168.1.6:8080/api/password/generate-password - 204 null null 1.3846ms
2026-06-11 15:59:15.980 +00:00 [INF] Request starting HTTP/1.1 POST http://192.168.1.6:8080/api/password/generate-password - application/json 43
2026-06-11 15:59:15.980 +00:00 [INF] CORS policy execution successful.
2026-06-11 15:59:15.981 +00:00 [INF] ====== OnMessageReceived START ======
2026-06-11 15:59:15.981 +00:00 [INF] Available cookies: 2
2026-06-11 15:59:15.982 +00:00 [INF] Cookie: adminToken = 844 chars
2026-06-11 15:59:15.982 +00:00 [INF] Cookie: adminRefreshToken = 44 chars
2026-06-11 15:59:15.982 +00:00 [INF] Admin token found in cookies, length: 844
2026-06-11 15:59:15.982 +00:00 [INF] Admin token set in context
2026-06-11 15:59:15.983 +00:00 [INF] ====== OnMessageReceived END - Token set: true ======
2026-06-11 15:59:15.984 +00:00 [INF] Token validated successfully for user: lengyelnorbi
2026-06-11 15:59:15.984 +00:00 [INF] Device fingerprint headers - UA: Mozilla/5.0 (Windows NT 10.0; Win64; x64; rv:151.0) Gecko/20100101 Firefox/151.0, Accept: */*, Encoding: gzip, deflate
2026-06-11 15:59:15.985 +00:00 [INF] Device fingerprint validation: Stored=/a2uf4z8rcBIhIr7KGbd6aahMr80Bhj+9uyLiYNZ66A=, Current=/a2uf4z8rcBIhIr7KGbd6aahMr80Bhj+9uyLiYNZ66A=
2026-06-11 15:59:15.997 +00:00 [INF] Executed DbCommand (2ms) [Parameters=[@__jti_0='?', @__userId_1='?' (DbType = Int32)], CommandType='"Text"', CommandTimeout='30']
SELECT a."ID", a."CreatedAt", a."DeviceFingerprint", a."ExpiresAt", a."IpAddress", a."IsRevoked", a."UserID", a.jti
FROM "AccessTokens" AS a
WHERE a.jti = @__jti_0 AND a."UserID" = @__userId_1 AND NOT (a."IsRevoked") AND a."ExpiresAt" > now()
LIMIT 1
2026-06-11 15:59:15.997 +00:00 [INF] Executing endpoint 'API.Controllers.PasswordController.GeneratePassword (API)'
2026-06-11 15:59:15.998 +00:00 [INF] Route matched with {action = "GeneratePassword", controller = "Password"}. Executing controller action with signature System.Threading.Tasks.Task`1[Microsoft.AspNetCore.Mvc.IActionResult] GeneratePassword(API.Models.RequestModels.GeneratePwdRequest) on controller API.Controllers.PasswordController (API).
2026-06-11 15:59:16.000 +00:00 [INF] Executing OkObjectResult, writing value of type '<>f__AnonymousType4`1[[System.String, System.Private.CoreLib, Version=9.0.0.0, Culture=neutral, PublicKeyToken=7cec85d7bea7798e]]'.
2026-06-11 15:59:16.000 +00:00 [INF] Executed action API.Controllers.PasswordController.GeneratePassword (API) in 2.0594ms
2026-06-11 15:59:16.001 +00:00 [INF] Executed endpoint 'API.Controllers.PasswordController.GeneratePassword (API)'
2026-06-11 15:59:16.001 +00:00 [INF] Request finished HTTP/1.1 POST http://192.168.1.6:8080/api/password/generate-password - 200 null application/json; charset=utf-8 21.4194ms
2026-06-11 15:59:16.422 +00:00 [INF] Request starting HTTP/1.1 OPTIONS http://192.168.1.6:8080/api/password/generate-password - null null
2026-06-11 15:59:16.422 +00:00 [INF] CORS policy execution successful.
2026-06-11 15:59:16.423 +00:00 [INF] Request finished HTTP/1.1 OPTIONS http://192.168.1.6:8080/api/password/generate-password - 204 null null 1.0688ms
2026-06-11 15:59:16.426 +00:00 [INF] Request starting HTTP/1.1 POST http://192.168.1.6:8080/api/password/generate-password - application/json 43
2026-06-11 15:59:16.427 +00:00 [INF] CORS policy execution successful.
2026-06-11 15:59:16.427 +00:00 [INF] ====== OnMessageReceived START ======
2026-06-11 15:59:16.428 +00:00 [INF] Available cookies: 2
2026-06-11 15:59:16.428 +00:00 [INF] Cookie: adminToken = 844 chars
2026-06-11 15:59:16.428 +00:00 [INF] Cookie: adminRefreshToken = 44 chars
2026-06-11 15:59:16.428 +00:00 [INF] Admin token found in cookies, length: 844
2026-06-11 15:59:16.429 +00:00 [INF] Admin token set in context
2026-06-11 15:59:16.429 +00:00 [INF] ====== OnMessageReceived END - Token set: true ======
2026-06-11 15:59:16.430 +00:00 [INF] Token validated successfully for user: lengyelnorbi
2026-06-11 15:59:16.430 +00:00 [INF] Device fingerprint headers - UA: Mozilla/5.0 (Windows NT 10.0; Win64; x64; rv:151.0) Gecko/20100101 Firefox/151.0, Accept: */*, Encoding: gzip, deflate
2026-06-11 15:59:16.431 +00:00 [INF] Device fingerprint validation: Stored=/a2uf4z8rcBIhIr7KGbd6aahMr80Bhj+9uyLiYNZ66A=, Current=/a2uf4z8rcBIhIr7KGbd6aahMr80Bhj+9uyLiYNZ66A=
2026-06-11 15:59:16.438 +00:00 [INF] Executed DbCommand (2ms) [Parameters=[@__jti_0='?', @__userId_1='?' (DbType = Int32)], CommandType='"Text"', CommandTimeout='30']
SELECT a."ID", a."CreatedAt", a."DeviceFingerprint", a."ExpiresAt", a."IpAddress", a."IsRevoked", a."UserID", a.jti
FROM "AccessTokens" AS a
WHERE a.jti = @__jti_0 AND a."UserID" = @__userId_1 AND NOT (a."IsRevoked") AND a."ExpiresAt" > now()
LIMIT 1
2026-06-11 15:59:16.439 +00:00 [INF] Executing endpoint 'API.Controllers.PasswordController.GeneratePassword (API)'
2026-06-11 15:59:16.439 +00:00 [INF] Route matched with {action = "GeneratePassword", controller = "Password"}. Executing controller action with signature System.Threading.Tasks.Task`1[Microsoft.AspNetCore.Mvc.IActionResult] GeneratePassword(API.Models.RequestModels.GeneratePwdRequest) on controller API.Controllers.PasswordController (API).
2026-06-11 15:59:16.439 +00:00 [INF] Executing OkObjectResult, writing value of type '<>f__AnonymousType4`1[[System.String, System.Private.CoreLib, Version=9.0.0.0, Culture=neutral, PublicKeyToken=7cec85d7bea7798e]]'.
2026-06-11 15:59:16.440 +00:00 [INF] Executed action API.Controllers.PasswordController.GeneratePassword (API) in 0.5778ms
2026-06-11 15:59:16.440 +00:00 [INF] Executed endpoint 'API.Controllers.PasswordController.GeneratePassword (API)'
2026-06-11 15:59:16.440 +00:00 [INF] Request finished HTTP/1.1 POST http://192.168.1.6:8080/api/password/generate-password - 200 null application/json; charset=utf-8 14.3128ms
2026-06-11 15:59:16.742 +00:00 [INF] Request starting HTTP/1.1 OPTIONS http://192.168.1.6:8080/api/password/generate-password - null null
2026-06-11 15:59:16.742 +00:00 [INF] CORS policy execution successful.
2026-06-11 15:59:16.742 +00:00 [INF] Request finished HTTP/1.1 OPTIONS http://192.168.1.6:8080/api/password/generate-password - 204 null null 0.8352ms
2026-06-11 15:59:16.744 +00:00 [INF] Request starting HTTP/1.1 POST http://192.168.1.6:8080/api/password/generate-password - application/json 43
2026-06-11 15:59:16.744 +00:00 [INF] CORS policy execution successful.
2026-06-11 15:59:16.745 +00:00 [INF] ====== OnMessageReceived START ======
2026-06-11 15:59:16.745 +00:00 [INF] Available cookies: 2
2026-06-11 15:59:16.745 +00:00 [INF] Cookie: adminToken = 844 chars
2026-06-11 15:59:16.745 +00:00 [INF] Cookie: adminRefreshToken = 44 chars
2026-06-11 15:59:16.745 +00:00 [INF] Admin token found in cookies, length: 844
2026-06-11 15:59:16.745 +00:00 [INF] Admin token set in context
2026-06-11 15:59:16.746 +00:00 [INF] ====== OnMessageReceived END - Token set: true ======
2026-06-11 15:59:16.746 +00:00 [INF] Token validated successfully for user: lengyelnorbi
2026-06-11 15:59:16.746 +00:00 [INF] Device fingerprint headers - UA: Mozilla/5.0 (Windows NT 10.0; Win64; x64; rv:151.0) Gecko/20100101 Firefox/151.0, Accept: */*, Encoding: gzip, deflate
2026-06-11 15:59:16.746 +00:00 [INF] Device fingerprint validation: Stored=/a2uf4z8rcBIhIr7KGbd6aahMr80Bhj+9uyLiYNZ66A=, Current=/a2uf4z8rcBIhIr7KGbd6aahMr80Bhj+9uyLiYNZ66A=
2026-06-11 15:59:16.749 +00:00 [INF] Executed DbCommand (1ms) [Parameters=[@__jti_0='?', @__userId_1='?' (DbType = Int32)], CommandType='"Text"', CommandTimeout='30']
SELECT a."ID", a."CreatedAt", a."DeviceFingerprint", a."ExpiresAt", a."IpAddress", a."IsRevoked", a."UserID", a.jti
FROM "AccessTokens" AS a
WHERE a.jti = @__jti_0 AND a."UserID" = @__userId_1 AND NOT (a."IsRevoked") AND a."ExpiresAt" > now()
LIMIT 1
2026-06-11 15:59:16.749 +00:00 [INF] Executing endpoint 'API.Controllers.PasswordController.GeneratePassword (API)'
2026-06-11 15:59:16.749 +00:00 [INF] Route matched with {action = "GeneratePassword", controller = "Password"}. Executing controller action with signature System.Threading.Tasks.Task`1[Microsoft.AspNetCore.Mvc.IActionResult] GeneratePassword(API.Models.RequestModels.GeneratePwdRequest) on controller API.Controllers.PasswordController (API).
2026-06-11 15:59:16.751 +00:00 [INF] Executing OkObjectResult, writing value of type '<>f__AnonymousType4`1[[System.String, System.Private.CoreLib, Version=9.0.0.0, Culture=neutral, PublicKeyToken=7cec85d7bea7798e]]'.
2026-06-11 15:59:16.751 +00:00 [INF] Executed action API.Controllers.PasswordController.GeneratePassword (API) in 1.9057ms
2026-06-11 15:59:16.751 +00:00 [INF] Executed endpoint 'API.Controllers.PasswordController.GeneratePassword (API)'
2026-06-11 15:59:16.752 +00:00 [INF] Request finished HTTP/1.1 POST http://192.168.1.6:8080/api/password/generate-password - 200 null application/json; charset=utf-8 7.4551ms
2026-06-11 15:59:17.059 +00:00 [INF] Request starting HTTP/1.1 OPTIONS http://192.168.1.6:8080/api/password/generate-password - null null
2026-06-11 15:59:17.060 +00:00 [INF] CORS policy execution successful.
2026-06-11 15:59:17.060 +00:00 [INF] Request finished HTTP/1.1 OPTIONS http://192.168.1.6:8080/api/password/generate-password - 204 null null 0.6298ms
2026-06-11 15:59:17.062 +00:00 [INF] Request starting HTTP/1.1 POST http://192.168.1.6:8080/api/password/generate-password - application/json 43
2026-06-11 15:59:17.062 +00:00 [INF] CORS policy execution successful.
2026-06-11 15:59:17.062 +00:00 [INF] ====== OnMessageReceived START ======
2026-06-11 15:59:17.063 +00:00 [INF] Available cookies: 2
2026-06-11 15:59:17.063 +00:00 [INF] Cookie: adminToken = 844 chars
2026-06-11 15:59:17.063 +00:00 [INF] Cookie: adminRefreshToken = 44 chars
2026-06-11 15:59:17.063 +00:00 [INF] Admin token found in cookies, length: 844
2026-06-11 15:59:17.064 +00:00 [INF] Admin token set in context
2026-06-11 15:59:17.064 +00:00 [INF] ====== OnMessageReceived END - Token set: true ======
2026-06-11 15:59:17.064 +00:00 [INF] Token validated successfully for user: lengyelnorbi
2026-06-11 15:59:17.064 +00:00 [INF] Device fingerprint headers - UA: Mozilla/5.0 (Windows NT 10.0; Win64; x64; rv:151.0) Gecko/20100101 Firefox/151.0, Accept: */*, Encoding: gzip, deflate
2026-06-11 15:59:17.064 +00:00 [INF] Device fingerprint validation: Stored=/a2uf4z8rcBIhIr7KGbd6aahMr80Bhj+9uyLiYNZ66A=, Current=/a2uf4z8rcBIhIr7KGbd6aahMr80Bhj+9uyLiYNZ66A=
2026-06-11 15:59:17.068 +00:00 [INF] Executed DbCommand (2ms) [Parameters=[@__jti_0='?', @__userId_1='?' (DbType = Int32)], CommandType='"Text"', CommandTimeout='30']
SELECT a."ID", a."CreatedAt", a."DeviceFingerprint", a."ExpiresAt", a."IpAddress", a."IsRevoked", a."UserID", a.jti
FROM "AccessTokens" AS a
WHERE a.jti = @__jti_0 AND a."UserID" = @__userId_1 AND NOT (a."IsRevoked") AND a."ExpiresAt" > now()
LIMIT 1
2026-06-11 15:59:17.068 +00:00 [INF] Executing endpoint 'API.Controllers.PasswordController.GeneratePassword (API)'
2026-06-11 15:59:17.068 +00:00 [INF] Route matched with {action = "GeneratePassword", controller = "Password"}. Executing controller action with signature System.Threading.Tasks.Task`1[Microsoft.AspNetCore.Mvc.IActionResult] GeneratePassword(API.Models.RequestModels.GeneratePwdRequest) on controller API.Controllers.PasswordController (API).
2026-06-11 15:59:17.069 +00:00 [INF] Executing OkObjectResult, writing value of type '<>f__AnonymousType4`1[[System.String, System.Private.CoreLib, Version=9.0.0.0, Culture=neutral, PublicKeyToken=7cec85d7bea7798e]]'.
2026-06-11 15:59:17.069 +00:00 [INF] Executed action API.Controllers.PasswordController.GeneratePassword (API) in 0.6552ms
2026-06-11 15:59:17.069 +00:00 [INF] Executed endpoint 'API.Controllers.PasswordController.GeneratePassword (API)'
2026-06-11 15:59:17.070 +00:00 [INF] Request finished HTTP/1.1 POST http://192.168.1.6:8080/api/password/generate-password - 200 null application/json; charset=utf-8 7.6742ms
2026-06-11 15:59:17.299 +00:00 [INF] Request starting HTTP/1.1 OPTIONS http://192.168.1.6:8080/api/password/generate-password - null null
2026-06-11 15:59:17.300 +00:00 [INF] CORS policy execution successful.
2026-06-11 15:59:17.300 +00:00 [INF] Request finished HTTP/1.1 OPTIONS http://192.168.1.6:8080/api/password/generate-password - 204 null null 0.896ms
2026-06-11 15:59:17.302 +00:00 [INF] Request starting HTTP/1.1 POST http://192.168.1.6:8080/api/password/generate-password - application/json 43
2026-06-11 15:59:17.302 +00:00 [INF] CORS policy execution successful.
2026-06-11 15:59:17.303 +00:00 [INF] ====== OnMessageReceived START ======
2026-06-11 15:59:17.303 +00:00 [INF] Available cookies: 2
2026-06-11 15:59:17.303 +00:00 [INF] Cookie: adminToken = 844 chars
2026-06-11 15:59:17.303 +00:00 [INF] Cookie: adminRefreshToken = 44 chars
2026-06-11 15:59:17.303 +00:00 [INF] Admin token found in cookies, length: 844
2026-06-11 15:59:17.303 +00:00 [INF] Admin token set in context
2026-06-11 15:59:17.304 +00:00 [INF] ====== OnMessageReceived END - Token set: true ======
2026-06-11 15:59:17.304 +00:00 [INF] Token validated successfully for user: lengyelnorbi
2026-06-11 15:59:17.304 +00:00 [INF] Device fingerprint headers - UA: Mozilla/5.0 (Windows NT 10.0; Win64; x64; rv:151.0) Gecko/20100101 Firefox/151.0, Accept: */*, Encoding: gzip, deflate
2026-06-11 15:59:17.304 +00:00 [INF] Device fingerprint validation: Stored=/a2uf4z8rcBIhIr7KGbd6aahMr80Bhj+9uyLiYNZ66A=, Current=/a2uf4z8rcBIhIr7KGbd6aahMr80Bhj+9uyLiYNZ66A=
2026-06-11 15:59:17.307 +00:00 [INF] Executed DbCommand (2ms) [Parameters=[@__jti_0='?', @__userId_1='?' (DbType = Int32)], CommandType='"Text"', CommandTimeout='30']
SELECT a."ID", a."CreatedAt", a."DeviceFingerprint", a."ExpiresAt", a."IpAddress", a."IsRevoked", a."UserID", a.jti
FROM "AccessTokens" AS a
WHERE a.jti = @__jti_0 AND a."UserID" = @__userId_1 AND NOT (a."IsRevoked") AND a."ExpiresAt" > now()
LIMIT 1
2026-06-11 15:59:17.307 +00:00 [INF] Executing endpoint 'API.Controllers.PasswordController.GeneratePassword (API)'
2026-06-11 15:59:17.307 +00:00 [INF] Route matched with {action = "GeneratePassword", controller = "Password"}. Executing controller action with signature System.Threading.Tasks.Task`1[Microsoft.AspNetCore.Mvc.IActionResult] GeneratePassword(API.Models.RequestModels.GeneratePwdRequest) on controller API.Controllers.PasswordController (API).
2026-06-11 15:59:17.308 +00:00 [INF] Executing OkObjectResult, writing value of type '<>f__AnonymousType4`1[[System.String, System.Private.CoreLib, Version=9.0.0.0, Culture=neutral, PublicKeyToken=7cec85d7bea7798e]]'.
2026-06-11 15:59:17.308 +00:00 [INF] Executed action API.Controllers.PasswordController.GeneratePassword (API) in 0.396ms
2026-06-11 15:59:17.308 +00:00 [INF] Executed endpoint 'API.Controllers.PasswordController.GeneratePassword (API)'
2026-06-11 15:59:17.308 +00:00 [INF] Request finished HTTP/1.1 POST http://192.168.1.6:8080/api/password/generate-password - 200 null application/json; charset=utf-8 6.1432ms
2026-06-11 15:59:17.730 +00:00 [INF] Request starting HTTP/1.1 OPTIONS http://192.168.1.6:8080/api/password/generate-password - null null
2026-06-11 15:59:17.731 +00:00 [INF] CORS policy execution successful.
2026-06-11 15:59:17.731 +00:00 [INF] Request finished HTTP/1.1 OPTIONS http://192.168.1.6:8080/api/password/generate-password - 204 null null 0.587ms
2026-06-11 15:59:17.733 +00:00 [INF] Request starting HTTP/1.1 POST http://192.168.1.6:8080/api/password/generate-password - application/json 43
2026-06-11 15:59:17.733 +00:00 [INF] CORS policy execution successful.
2026-06-11 15:59:17.733 +00:00 [INF] ====== OnMessageReceived START ======
2026-06-11 15:59:17.734 +00:00 [INF] Available cookies: 2
2026-06-11 15:59:17.734 +00:00 [INF] Cookie: adminToken = 844 chars
2026-06-11 15:59:17.734 +00:00 [INF] Cookie: adminRefreshToken = 44 chars
2026-06-11 15:59:17.734 +00:00 [INF] Admin token found in cookies, length: 844
2026-06-11 15:59:17.735 +00:00 [INF] Admin token set in context
2026-06-11 15:59:17.735 +00:00 [INF] ====== OnMessageReceived END - Token set: true ======
2026-06-11 15:59:17.735 +00:00 [INF] Token validated successfully for user: lengyelnorbi
2026-06-11 15:59:17.735 +00:00 [INF] Device fingerprint headers - UA: Mozilla/5.0 (Windows NT 10.0; Win64; x64; rv:151.0) Gecko/20100101 Firefox/151.0, Accept: */*, Encoding: gzip, deflate
2026-06-11 15:59:17.735 +00:00 [INF] Device fingerprint validation: Stored=/a2uf4z8rcBIhIr7KGbd6aahMr80Bhj+9uyLiYNZ66A=, Current=/a2uf4z8rcBIhIr7KGbd6aahMr80Bhj+9uyLiYNZ66A=
2026-06-11 15:59:17.738 +00:00 [INF] Executed DbCommand (2ms) [Parameters=[@__jti_0='?', @__userId_1='?' (DbType = Int32)], CommandType='"Text"', CommandTimeout='30']
SELECT a."ID", a."CreatedAt", a."DeviceFingerprint", a."ExpiresAt", a."IpAddress", a."IsRevoked", a."UserID", a.jti
FROM "AccessTokens" AS a
WHERE a.jti = @__jti_0 AND a."UserID" = @__userId_1 AND NOT (a."IsRevoked") AND a."ExpiresAt" > now()
LIMIT 1
2026-06-11 15:59:17.739 +00:00 [INF] Executing endpoint 'API.Controllers.PasswordController.GeneratePassword (API)'
2026-06-11 15:59:17.739 +00:00 [INF] Route matched with {action = "GeneratePassword", controller = "Password"}. Executing controller action with signature System.Threading.Tasks.Task`1[Microsoft.AspNetCore.Mvc.IActionResult] GeneratePassword(API.Models.RequestModels.GeneratePwdRequest) on controller API.Controllers.PasswordController (API).
2026-06-11 15:59:17.740 +00:00 [INF] Executing OkObjectResult, writing value of type '<>f__AnonymousType4`1[[System.String, System.Private.CoreLib, Version=9.0.0.0, Culture=neutral, PublicKeyToken=7cec85d7bea7798e]]'.
2026-06-11 15:59:17.740 +00:00 [INF] Executed action API.Controllers.PasswordController.GeneratePassword (API) in 1.038ms
2026-06-11 15:59:17.740 +00:00 [INF] Executed endpoint 'API.Controllers.PasswordController.GeneratePassword (API)'
2026-06-11 15:59:17.741 +00:00 [INF] Request finished HTTP/1.1 POST http://192.168.1.6:8080/api/password/generate-password - 200 null application/json; charset=utf-8 7.7436ms
2026-06-11 15:59:44.792 +00:00 [INF] Request starting HTTP/1.1 GET http://192.168.1.6:8080/api/token/access-token?page=1&limit=10 - null null
2026-06-11 15:59:44.793 +00:00 [INF] CORS policy execution successful.
2026-06-11 15:59:44.794 +00:00 [INF] ====== OnMessageReceived START ======
2026-06-11 15:59:44.794 +00:00 [INF] Available cookies: 2
2026-06-11 15:59:44.794 +00:00 [INF] Cookie: adminToken = 844 chars
2026-06-11 15:59:44.794 +00:00 [INF] Cookie: adminRefreshToken = 44 chars
2026-06-11 15:59:44.794 +00:00 [INF] Admin token found in cookies, length: 844
2026-06-11 15:59:44.794 +00:00 [INF] Admin token set in context
2026-06-11 15:59:44.795 +00:00 [INF] ====== OnMessageReceived END - Token set: true ======
2026-06-11 15:59:44.795 +00:00 [INF] Token validated successfully for user: lengyelnorbi
2026-06-11 15:59:44.795 +00:00 [INF] Device fingerprint headers - UA: Mozilla/5.0 (Windows NT 10.0; Win64; x64; rv:151.0) Gecko/20100101 Firefox/151.0, Accept: application/json, text/plain, */*, Encoding: gzip, deflate
2026-06-11 15:59:44.795 +00:00 [INF] Device fingerprint validation: Stored=/a2uf4z8rcBIhIr7KGbd6aahMr80Bhj+9uyLiYNZ66A=, Current=/a2uf4z8rcBIhIr7KGbd6aahMr80Bhj+9uyLiYNZ66A=
2026-06-11 15:59:44.799 +00:00 [INF] Executed DbCommand (2ms) [Parameters=[@__jti_0='?', @__userId_1='?' (DbType = Int32)], CommandType='"Text"', CommandTimeout='30']
SELECT a."ID", a."CreatedAt", a."DeviceFingerprint", a."ExpiresAt", a."IpAddress", a."IsRevoked", a."UserID", a.jti
FROM "AccessTokens" AS a
WHERE a.jti = @__jti_0 AND a."UserID" = @__userId_1 AND NOT (a."IsRevoked") AND a."ExpiresAt" > now()
LIMIT 1
2026-06-11 15:59:44.802 +00:00 [INF] Executing endpoint 'API.Controllers.TokenController.GetAccessTokens (API)'
2026-06-11 15:59:44.803 +00:00 [INF] Route matched with {action = "GetAccessTokens", controller = "Token"}. Executing controller action with signature System.Threading.Tasks.Task`1[API.Utils.PagedResult`1[API.DTO.AccessTokenUserDTO]] GetAccessTokens(Int32, Int32) on controller API.Controllers.TokenController (API).
2026-06-11 15:59:44.818 +00:00 [INF] Received request to fetch access tokens with pagination: page=1, limit=10
2026-06-11 15:59:44.846 +00:00 [INF] Executed DbCommand (13ms) [Parameters=[], CommandType='"Text"', CommandTimeout='30']
SELECT count(*)::int
FROM "AccessTokens" AS a
WHERE a."IsRevoked"
2026-06-11 15:59:44.866 +00:00 [INF] Executed DbCommand (12ms) [Parameters=[@__p_1='?' (DbType = Int32), @__p_0='?' (DbType = Int32)], CommandType='"Text"', CommandTimeout='30']
SELECT a0."ID", a0.jti, a0."DeviceFingerprint", a0."IpAddress", a0."CreatedAt", a0."IsRevoked", a0."ExpiresAt", u."ID" AS "UserID", u."Username", u."Email", u."Role"
FROM (
    SELECT a."ID", a."CreatedAt", a."DeviceFingerprint", a."ExpiresAt", a."IpAddress", a."IsRevoked", a."UserID", a.jti
    FROM "AccessTokens" AS a
    WHERE a."IsRevoked"
    LIMIT @__p_1 OFFSET @__p_0
) AS a0
INNER JOIN "Users" AS u ON a0."UserID" = u."ID"
2026-06-11 15:59:44.879 +00:00 [INF] Executing ObjectResult, writing value of type 'API.Utils.PagedResult`1[[API.DTO.AccessTokenUserDTO, API, Version=1.0.0.0, Culture=neutral, PublicKeyToken=null]]'.
2026-06-11 15:59:44.885 +00:00 [INF] Executed action API.Controllers.TokenController.GetAccessTokens (API) in 81.1517ms
2026-06-11 15:59:44.885 +00:00 [INF] Executed endpoint 'API.Controllers.TokenController.GetAccessTokens (API)'
2026-06-11 15:59:44.885 +00:00 [INF] Request finished HTTP/1.1 GET http://192.168.1.6:8080/api/token/access-token?page=1&limit=10 - 200 null application/json; charset=utf-8 93.1188ms
2026-06-11 15:59:45.459 +00:00 [INF] Request starting HTTP/1.1 GET http://192.168.1.6:8080/api/user?page=1&limit=10 - null null
2026-06-11 15:59:45.460 +00:00 [INF] Request starting HTTP/1.1 GET http://192.168.1.6:8080/api/user - null null
2026-06-11 15:59:45.460 +00:00 [INF] CORS policy execution successful.
2026-06-11 15:59:45.460 +00:00 [INF] CORS policy execution successful.
2026-06-11 15:59:45.461 +00:00 [INF] ====== OnMessageReceived START ======
2026-06-11 15:59:45.461 +00:00 [INF] ====== OnMessageReceived START ======
2026-06-11 15:59:45.461 +00:00 [INF] Available cookies: 2
2026-06-11 15:59:45.461 +00:00 [INF] Available cookies: 2
2026-06-11 15:59:45.461 +00:00 [INF] Cookie: adminToken = 844 chars
2026-06-11 15:59:45.462 +00:00 [INF] Cookie: adminToken = 844 chars
2026-06-11 15:59:45.462 +00:00 [INF] Cookie: adminRefreshToken = 44 chars
2026-06-11 15:59:45.463 +00:00 [INF] Cookie: adminRefreshToken = 44 chars
2026-06-11 15:59:45.464 +00:00 [INF] Admin token found in cookies, length: 844
2026-06-11 15:59:45.465 +00:00 [INF] Admin token found in cookies, length: 844
2026-06-11 15:59:45.465 +00:00 [INF] Admin token set in context
2026-06-11 15:59:45.465 +00:00 [INF] Admin token set in context
2026-06-11 15:59:45.466 +00:00 [INF] ====== OnMessageReceived END - Token set: true ======
2026-06-11 15:59:45.465 +00:00 [INF] ====== OnMessageReceived END - Token set: true ======
2026-06-11 15:59:45.466 +00:00 [INF] Token validated successfully for user: lengyelnorbi
2026-06-11 15:59:45.466 +00:00 [INF] Token validated successfully for user: lengyelnorbi
2026-06-11 15:59:45.466 +00:00 [INF] Device fingerprint headers - UA: Mozilla/5.0 (Windows NT 10.0; Win64; x64; rv:151.0) Gecko/20100101 Firefox/151.0, Accept: application/json, text/plain, */*, Encoding: gzip, deflate
2026-06-11 15:59:45.466 +00:00 [INF] Device fingerprint headers - UA: Mozilla/5.0 (Windows NT 10.0; Win64; x64; rv:151.0) Gecko/20100101 Firefox/151.0, Accept: application/json, text/plain, */*, Encoding: gzip, deflate
2026-06-11 15:59:45.467 +00:00 [INF] Device fingerprint validation: Stored=/a2uf4z8rcBIhIr7KGbd6aahMr80Bhj+9uyLiYNZ66A=, Current=/a2uf4z8rcBIhIr7KGbd6aahMr80Bhj+9uyLiYNZ66A=
2026-06-11 15:59:45.467 +00:00 [INF] Device fingerprint validation: Stored=/a2uf4z8rcBIhIr7KGbd6aahMr80Bhj+9uyLiYNZ66A=, Current=/a2uf4z8rcBIhIr7KGbd6aahMr80Bhj+9uyLiYNZ66A=
2026-06-11 15:59:45.474 +00:00 [INF] Executed DbCommand (5ms) [Parameters=[@__jti_0='?', @__userId_1='?' (DbType = Int32)], CommandType='"Text"', CommandTimeout='30']
SELECT a."ID", a."CreatedAt", a."DeviceFingerprint", a."ExpiresAt", a."IpAddress", a."IsRevoked", a."UserID", a.jti
FROM "AccessTokens" AS a
WHERE a.jti = @__jti_0 AND a."UserID" = @__userId_1 AND NOT (a."IsRevoked") AND a."ExpiresAt" > now()
LIMIT 1
2026-06-11 15:59:45.474 +00:00 [INF] Executed DbCommand (5ms) [Parameters=[@__jti_0='?', @__userId_1='?' (DbType = Int32)], CommandType='"Text"', CommandTimeout='30']
SELECT a."ID", a."CreatedAt", a."DeviceFingerprint", a."ExpiresAt", a."IpAddress", a."IsRevoked", a."UserID", a.jti
FROM "AccessTokens" AS a
WHERE a.jti = @__jti_0 AND a."UserID" = @__userId_1 AND NOT (a."IsRevoked") AND a."ExpiresAt" > now()
LIMIT 1
2026-06-11 15:59:45.474 +00:00 [INF] Executing endpoint 'API.Controllers.UserController.Get (API)'
2026-06-11 15:59:45.477 +00:00 [INF] Executing endpoint 'API.Controllers.UserController.Get (API)'
2026-06-11 15:59:45.478 +00:00 [INF] Route matched with {action = "Get", controller = "User"}. Executing controller action with signature System.Threading.Tasks.Task`1[System.Collections.Generic.IEnumerable`1[API.DTO.UserDTO]] Get() on controller API.Controllers.UserController (API).
2026-06-11 15:59:45.478 +00:00 [INF] Route matched with {action = "Get", controller = "User"}. Executing controller action with signature System.Threading.Tasks.Task`1[System.Collections.Generic.IEnumerable`1[API.DTO.UserDTO]] Get() on controller API.Controllers.UserController (API).
2026-06-11 15:59:45.479 +00:00 [INF] Fetching user data from database...
2026-06-11 15:59:45.478 +00:00 [INF] Fetching user data from database...
2026-06-11 15:59:45.481 +00:00 [INF] Executed DbCommand (2ms) [Parameters=[], CommandType='"Text"', CommandTimeout='30']
SELECT u."ID", u."Email", u."PasswordHash", u."RegisteredAt", u."Role", u."Username"
FROM "Users" AS u
2026-06-11 15:59:45.481 +00:00 [INF] Executed DbCommand (2ms) [Parameters=[], CommandType='"Text"', CommandTimeout='30']
SELECT u."ID", u."Email", u."PasswordHash", u."RegisteredAt", u."Role", u."Username"
FROM "Users" AS u
2026-06-11 15:59:45.481 +00:00 [INF] Executing ObjectResult, writing value of type 'System.Collections.Generic.List`1[[API.DTO.UserDTO, API, Version=1.0.0.0, Culture=neutral, PublicKeyToken=null]]'.
2026-06-11 15:59:45.482 +00:00 [INF] Executed action API.Controllers.UserController.Get (API) in 3.7557ms
2026-06-11 15:59:45.483 +00:00 [INF] Executing ObjectResult, writing value of type 'System.Collections.Generic.List`1[[API.DTO.UserDTO, API, Version=1.0.0.0, Culture=neutral, PublicKeyToken=null]]'.
2026-06-11 15:59:45.483 +00:00 [INF] Executed endpoint 'API.Controllers.UserController.Get (API)'
2026-06-11 15:59:45.483 +00:00 [INF] Executed action API.Controllers.UserController.Get (API) in 4.9979ms
2026-06-11 15:59:45.483 +00:00 [INF] Request finished HTTP/1.1 GET http://192.168.1.6:8080/api/user - 200 null application/json; charset=utf-8 23.7103ms
2026-06-11 15:59:45.484 +00:00 [INF] Executed endpoint 'API.Controllers.UserController.Get (API)'
2026-06-11 15:59:45.484 +00:00 [INF] Request finished HTTP/1.1 GET http://192.168.1.6:8080/api/user?page=1&limit=10 - 200 null application/json; charset=utf-8 24.6362ms
2026-06-11 15:59:58.632 +00:00 [INF] Request starting HTTP/1.1 OPTIONS http://192.168.1.6:8080/api/auth/refresh - null null
2026-06-11 15:59:58.632 +00:00 [INF] CORS policy execution successful.
2026-06-11 15:59:58.633 +00:00 [INF] Request finished HTTP/1.1 OPTIONS http://192.168.1.6:8080/api/auth/refresh - 204 null null 0.7748ms
2026-06-11 15:59:58.636 +00:00 [INF] Request starting HTTP/1.1 POST http://192.168.1.6:8080/api/auth/refresh - application/json 18
2026-06-11 15:59:58.637 +00:00 [INF] CORS policy execution successful.
2026-06-11 15:59:58.637 +00:00 [INF] ====== OnMessageReceived START ======
2026-06-11 15:59:58.637 +00:00 [INF] Available cookies: 2
2026-06-11 15:59:58.637 +00:00 [INF] Cookie: adminToken = 844 chars
2026-06-11 15:59:58.637 +00:00 [INF] Cookie: adminRefreshToken = 44 chars
2026-06-11 15:59:58.637 +00:00 [INF] Admin token found in cookies, length: 844
2026-06-11 15:59:58.638 +00:00 [INF] Admin token set in context
2026-06-11 15:59:58.638 +00:00 [INF] ====== OnMessageReceived END - Token set: true ======
2026-06-11 15:59:58.638 +00:00 [INF] Token validated successfully for user: lengyelnorbi
2026-06-11 15:59:58.638 +00:00 [INF] Device fingerprint headers - UA: Mozilla/5.0 (Windows NT 10.0; Win64; x64; rv:151.0) Gecko/20100101 Firefox/151.0, Accept: */*, Encoding: gzip, deflate
2026-06-11 15:59:58.639 +00:00 [INF] Device fingerprint validation: Stored=/a2uf4z8rcBIhIr7KGbd6aahMr80Bhj+9uyLiYNZ66A=, Current=/a2uf4z8rcBIhIr7KGbd6aahMr80Bhj+9uyLiYNZ66A=
2026-06-11 15:59:58.642 +00:00 [INF] Executed DbCommand (3ms) [Parameters=[@__jti_0='?', @__userId_1='?' (DbType = Int32)], CommandType='"Text"', CommandTimeout='30']
SELECT a."ID", a."CreatedAt", a."DeviceFingerprint", a."ExpiresAt", a."IpAddress", a."IsRevoked", a."UserID", a.jti
FROM "AccessTokens" AS a
WHERE a.jti = @__jti_0 AND a."UserID" = @__userId_1 AND NOT (a."IsRevoked") AND a."ExpiresAt" > now()
LIMIT 1
2026-06-11 15:59:58.643 +00:00 [INF] Executing endpoint 'API.Controllers.AuthController.RefreshToken (API)'
2026-06-11 15:59:58.643 +00:00 [INF] Route matched with {action = "RefreshToken", controller = "Auth"}. Executing controller action with signature System.Threading.Tasks.Task`1[Microsoft.AspNetCore.Mvc.IActionResult] RefreshToken(API.Models.RequestModels.RefreshRequest) on controller API.Controllers.AuthController (API).
2026-06-11 15:59:58.646 +00:00 [INF] Token refresh attempt at "2026-06-11T15:59:58.6461249Z"
2026-06-11 15:59:58.647 +00:00 [INF] Refreshing admin token at "2026-06-11T15:59:58.6478151Z"
2026-06-11 15:59:58.660 +00:00 [INF] Executed DbCommand (8ms) [Parameters=[@__tokenHash_0='?'], CommandType='"Text"', CommandTimeout='30']
SELECT r."ID", r."CreatedAt", r."DeviceFingerprint", r."ExpiresAt", r."IpAddress", r."IsRevoked", r."TokenHash", r."UserID"
FROM "RefreshTokens" AS r
WHERE r."TokenHash" = @__tokenHash_0 AND NOT (r."IsRevoked") AND r."ExpiresAt" > now()
ORDER BY r."CreatedAt" DESC
LIMIT 1
2026-06-11 15:59:58.661 +00:00 [INF] Mozilla/5.0 (Windows NT 10.0; Win64; x64; rv:151.0) Gecko/20100101 Firefox/151.0
2026-06-11 15:59:58.663 +00:00 [INF] Fetching user by ID from database...
2026-06-11 15:59:58.665 +00:00 [INF] Executed DbCommand (2ms) [Parameters=[@__id_0='?' (DbType = Int32)], CommandType='"Text"', CommandTimeout='30']
SELECT u."ID", u."Email", u."PasswordHash", u."RegisteredAt", u."Role", u."Username"
FROM "Users" AS u
WHERE u."ID" = @__id_0
LIMIT 1
2026-06-11 15:59:58.708 +00:00 [INF] Executed DbCommand (10ms) [Parameters=[@p0='?' (DbType = DateTime), @p1='?', @p2='?' (DbType = DateTime), @p3='?', @p4='?' (DbType = Int32), @p5='?'], CommandType='"Text"', CommandTimeout='30']
INSERT INTO "AccessTokens" ("CreatedAt", "DeviceFingerprint", "ExpiresAt", "IpAddress", "UserID", jti)
VALUES (@p0, @p1, @p2, @p3, @p4, @p5)
RETURNING "ID", "IsRevoked";
2026-06-11 15:59:58.717 +00:00 [INF] Executed DbCommand (2ms) [Parameters=[@__jti_0='?', @__userID_1='?' (DbType = Int32), @__deviceFingerprint_2='?', @__ipAddress_3='?'], CommandType='"Text"', CommandTimeout='30']
SELECT a."ID", a."CreatedAt", a."DeviceFingerprint", a."ExpiresAt", a."IpAddress", a."IsRevoked", a."UserID", a.jti
FROM "AccessTokens" AS a
WHERE a.jti = @__jti_0 AND a."UserID" = @__userID_1 AND a."DeviceFingerprint" = @__deviceFingerprint_2 AND a."IpAddress" = @__ipAddress_3
LIMIT 1
2026-06-11 15:59:58.717 +00:00 [INF] Attempting to revoke access token with jti 31e09ada-80ac-4e08-847c-a18401e7f87a for user 1 from device /a2uf4z8rcBIhIr7KGbd6aahMr80Bhj+9uyLiYNZ66A= and IP ::ffff:172.20.0.1
2026-06-11 15:59:58.718 +00:00 [INF] Access token found: API.Models.AccessToken
2026-06-11 15:59:58.724 +00:00 [INF] Executed DbCommand (5ms) [Parameters=[@p1='?' (DbType = Int32), @p0='?' (DbType = Boolean)], CommandType='"Text"', CommandTimeout='30']
UPDATE "AccessTokens" SET "IsRevoked" = @p0
WHERE "ID" = @p1;
2026-06-11 15:59:58.725 +00:00 [INF] Access token AccessToken for user 1 revoked: true
2026-06-11 15:59:58.731 +00:00 [INF] Executed DbCommand (5ms) [Parameters=[@p0='?' (DbType = DateTime), @p1='?', @p2='?' (DbType = DateTime), @p3='?', @p4='?', @p5='?' (DbType = Int32)], CommandType='"Text"', CommandTimeout='30']
INSERT INTO "RefreshTokens" ("CreatedAt", "DeviceFingerprint", "ExpiresAt", "IpAddress", "TokenHash", "UserID")
VALUES (@p0, @p1, @p2, @p3, @p4, @p5)
RETURNING "ID", "IsRevoked";
2026-06-11 15:59:58.736 +00:00 [INF] Executed DbCommand (2ms) [Parameters=[@__tokenHash_0='?', @__userId_1='?' (DbType = Int32), @__deviceFingerprint_2='?', @__ipAddress_3='?'], CommandType='"Text"', CommandTimeout='30']
SELECT r."ID", r."CreatedAt", r."DeviceFingerprint", r."ExpiresAt", r."IpAddress", r."IsRevoked", r."TokenHash", r."UserID"
FROM "RefreshTokens" AS r
WHERE r."TokenHash" = @__tokenHash_0 AND r."UserID" = @__userId_1 AND r."DeviceFingerprint" = @__deviceFingerprint_2 AND r."IpAddress" = @__ipAddress_3
LIMIT 1
2026-06-11 15:59:58.739 +00:00 [INF] Executed DbCommand (2ms) [Parameters=[@p1='?' (DbType = Int32), @p0='?' (DbType = Boolean)], CommandType='"Text"', CommandTimeout='30']
UPDATE "RefreshTokens" SET "IsRevoked" = @p0
WHERE "ID" = @p1;
2026-06-11 15:59:58.739 +00:00 [INF] Refresh token PF9Yy6LCUo6ni4vU4is7sbE0W5LjXL7QXDgvXGeSq0E= for user 1 revoked: true
2026-06-11 15:59:58.743 +00:00 [INF] Token refreshed successfully for user 1 at "2026-06-11T15:59:58.7435535Z"
2026-06-11 15:59:58.743 +00:00 [INF] Executing OkObjectResult, writing value of type '<>f__AnonymousType3`2[[System.Boolean, System.Private.CoreLib, Version=9.0.0.0, Culture=neutral, PublicKeyToken=7cec85d7bea7798e],[System.Int32, System.Private.CoreLib, Version=9.0.0.0, Culture=neutral, PublicKeyToken=7cec85d7bea7798e]]'.
2026-06-11 15:59:58.744 +00:00 [INF] Executed action API.Controllers.AuthController.RefreshToken (API) in 100.3683ms
2026-06-11 15:59:58.744 +00:00 [INF] Executed endpoint 'API.Controllers.AuthController.RefreshToken (API)'
2026-06-11 15:59:58.744 +00:00 [INF] Request finished HTTP/1.1 POST http://192.168.1.6:8080/api/auth/refresh - 200 null application/json; charset=utf-8 108.5983ms
2026-06-11 16:00:09.017 +00:00 [INF] Request starting HTTP/1.1 OPTIONS http://192.168.1.6:8080/api/password/generate-password - null null
2026-06-11 16:00:09.018 +00:00 [INF] CORS policy execution successful.
2026-06-11 16:00:09.018 +00:00 [INF] Request finished HTTP/1.1 OPTIONS http://192.168.1.6:8080/api/password/generate-password - 204 null null 0.5298ms
2026-06-11 16:00:09.021 +00:00 [INF] Request starting HTTP/1.1 POST http://192.168.1.6:8080/api/password/generate-password - application/json 43
2026-06-11 16:00:09.022 +00:00 [INF] CORS policy execution successful.
2026-06-11 16:00:09.022 +00:00 [INF] ====== OnMessageReceived START ======
2026-06-11 16:00:09.022 +00:00 [INF] Available cookies: 2
2026-06-11 16:00:09.022 +00:00 [INF] Cookie: adminToken = 844 chars
2026-06-11 16:00:09.022 +00:00 [INF] Cookie: adminRefreshToken = 44 chars
2026-06-11 16:00:09.022 +00:00 [INF] Admin token found in cookies, length: 844
2026-06-11 16:00:09.022 +00:00 [INF] Admin token set in context
2026-06-11 16:00:09.023 +00:00 [INF] ====== OnMessageReceived END - Token set: true ======
2026-06-11 16:00:09.023 +00:00 [INF] Token validated successfully for user: lengyelnorbi
2026-06-11 16:00:09.023 +00:00 [INF] Device fingerprint headers - UA: Mozilla/5.0 (Windows NT 10.0; Win64; x64; rv:151.0) Gecko/20100101 Firefox/151.0, Accept: */*, Encoding: gzip, deflate
2026-06-11 16:00:09.023 +00:00 [INF] Device fingerprint validation: Stored=/a2uf4z8rcBIhIr7KGbd6aahMr80Bhj+9uyLiYNZ66A=, Current=/a2uf4z8rcBIhIr7KGbd6aahMr80Bhj+9uyLiYNZ66A=
2026-06-11 16:00:09.025 +00:00 [INF] Executed DbCommand (2ms) [Parameters=[@__jti_0='?', @__userId_1='?' (DbType = Int32)], CommandType='"Text"', CommandTimeout='30']
SELECT a."ID", a."CreatedAt", a."DeviceFingerprint", a."ExpiresAt", a."IpAddress", a."IsRevoked", a."UserID", a.jti
FROM "AccessTokens" AS a
WHERE a.jti = @__jti_0 AND a."UserID" = @__userId_1 AND NOT (a."IsRevoked") AND a."ExpiresAt" > now()
LIMIT 1
2026-06-11 16:00:09.026 +00:00 [INF] Executing endpoint 'API.Controllers.PasswordController.GeneratePassword (API)'
2026-06-11 16:00:09.026 +00:00 [INF] Route matched with {action = "GeneratePassword", controller = "Password"}. Executing controller action with signature System.Threading.Tasks.Task`1[Microsoft.AspNetCore.Mvc.IActionResult] GeneratePassword(API.Models.RequestModels.GeneratePwdRequest) on controller API.Controllers.PasswordController (API).
2026-06-11 16:00:09.027 +00:00 [INF] Executing OkObjectResult, writing value of type '<>f__AnonymousType4`1[[System.String, System.Private.CoreLib, Version=9.0.0.0, Culture=neutral, PublicKeyToken=7cec85d7bea7798e]]'.
2026-06-11 16:00:09.027 +00:00 [INF] Executed action API.Controllers.PasswordController.GeneratePassword (API) in 1.1275ms
2026-06-11 16:00:09.028 +00:00 [INF] Executed endpoint 'API.Controllers.PasswordController.GeneratePassword (API)'
2026-06-11 16:00:09.028 +00:00 [INF] Request finished HTTP/1.1 POST http://192.168.1.6:8080/api/password/generate-password - 200 null application/json; charset=utf-8 6.4505ms
2026-06-11 16:00:16.651 +00:00 [INF] Request starting HTTP/1.1 OPTIONS http://192.168.1.6:8080/api/password/generate-password - null null
2026-06-11 16:00:16.652 +00:00 [INF] CORS policy execution successful.
2026-06-11 16:00:16.654 +00:00 [INF] Request finished HTTP/1.1 OPTIONS http://192.168.1.6:8080/api/password/generate-password - 204 null null 2.3717ms
2026-06-11 16:00:16.657 +00:00 [INF] Request starting HTTP/1.1 POST http://192.168.1.6:8080/api/password/generate-password - application/json 43
2026-06-11 16:00:16.657 +00:00 [INF] CORS policy execution successful.
2026-06-11 16:00:16.657 +00:00 [INF] ====== OnMessageReceived START ======
2026-06-11 16:00:16.658 +00:00 [INF] Available cookies: 2
2026-06-11 16:00:16.658 +00:00 [INF] Cookie: adminToken = 844 chars
2026-06-11 16:00:16.658 +00:00 [INF] Cookie: adminRefreshToken = 44 chars
2026-06-11 16:00:16.658 +00:00 [INF] Admin token found in cookies, length: 844
2026-06-11 16:00:16.658 +00:00 [INF] Admin token set in context
2026-06-11 16:00:16.659 +00:00 [INF] ====== OnMessageReceived END - Token set: true ======
2026-06-11 16:00:16.659 +00:00 [INF] Token validated successfully for user: lengyelnorbi
2026-06-11 16:00:16.659 +00:00 [INF] Device fingerprint headers - UA: Mozilla/5.0 (Windows NT 10.0; Win64; x64; rv:151.0) Gecko/20100101 Firefox/151.0, Accept: */*, Encoding: gzip, deflate
2026-06-11 16:00:16.659 +00:00 [INF] Device fingerprint validation: Stored=/a2uf4z8rcBIhIr7KGbd6aahMr80Bhj+9uyLiYNZ66A=, Current=/a2uf4z8rcBIhIr7KGbd6aahMr80Bhj+9uyLiYNZ66A=
2026-06-11 16:00:16.663 +00:00 [INF] Executed DbCommand (2ms) [Parameters=[@__jti_0='?', @__userId_1='?' (DbType = Int32)], CommandType='"Text"', CommandTimeout='30']
SELECT a."ID", a."CreatedAt", a."DeviceFingerprint", a."ExpiresAt", a."IpAddress", a."IsRevoked", a."UserID", a.jti
FROM "AccessTokens" AS a
WHERE a.jti = @__jti_0 AND a."UserID" = @__userId_1 AND NOT (a."IsRevoked") AND a."ExpiresAt" > now()
LIMIT 1
2026-06-11 16:00:16.664 +00:00 [INF] Executing endpoint 'API.Controllers.PasswordController.GeneratePassword (API)'
2026-06-11 16:00:16.664 +00:00 [INF] Route matched with {action = "GeneratePassword", controller = "Password"}. Executing controller action with signature System.Threading.Tasks.Task`1[Microsoft.AspNetCore.Mvc.IActionResult] GeneratePassword(API.Models.RequestModels.GeneratePwdRequest) on controller API.Controllers.PasswordController (API).
2026-06-11 16:00:16.668 +00:00 [INF] Executing OkObjectResult, writing value of type '<>f__AnonymousType4`1[[System.String, System.Private.CoreLib, Version=9.0.0.0, Culture=neutral, PublicKeyToken=7cec85d7bea7798e]]'.
2026-06-11 16:00:16.668 +00:00 [INF] Executed action API.Controllers.PasswordController.GeneratePassword (API) in 3.6863ms
2026-06-11 16:00:16.668 +00:00 [INF] Executed endpoint 'API.Controllers.PasswordController.GeneratePassword (API)'
2026-06-11 16:00:16.668 +00:00 [INF] Request finished HTTP/1.1 POST http://192.168.1.6:8080/api/password/generate-password - 200 null application/json; charset=utf-8 11.3846ms
2026-06-11 16:00:17.191 +00:00 [INF] Request starting HTTP/1.1 OPTIONS http://192.168.1.6:8080/api/password/generate-password - null null
2026-06-11 16:00:17.192 +00:00 [INF] CORS policy execution successful.
2026-06-11 16:00:17.192 +00:00 [INF] Request finished HTTP/1.1 OPTIONS http://192.168.1.6:8080/api/password/generate-password - 204 null null 0.5289ms
2026-06-11 16:00:17.194 +00:00 [INF] Request starting HTTP/1.1 POST http://192.168.1.6:8080/api/password/generate-password - application/json 43
2026-06-11 16:00:17.194 +00:00 [INF] CORS policy execution successful.
2026-06-11 16:00:17.194 +00:00 [INF] ====== OnMessageReceived START ======
2026-06-11 16:00:17.194 +00:00 [INF] Available cookies: 2
2026-06-11 16:00:17.194 +00:00 [INF] Cookie: adminToken = 844 chars
2026-06-11 16:00:17.195 +00:00 [INF] Cookie: adminRefreshToken = 44 chars
2026-06-11 16:00:17.195 +00:00 [INF] Admin token found in cookies, length: 844
2026-06-11 16:00:17.195 +00:00 [INF] Admin token set in context
2026-06-11 16:00:17.195 +00:00 [INF] ====== OnMessageReceived END - Token set: true ======
2026-06-11 16:00:17.195 +00:00 [INF] Token validated successfully for user: lengyelnorbi
2026-06-11 16:00:17.195 +00:00 [INF] Device fingerprint headers - UA: Mozilla/5.0 (Windows NT 10.0; Win64; x64; rv:151.0) Gecko/20100101 Firefox/151.0, Accept: */*, Encoding: gzip, deflate
2026-06-11 16:00:17.195 +00:00 [INF] Device fingerprint validation: Stored=/a2uf4z8rcBIhIr7KGbd6aahMr80Bhj+9uyLiYNZ66A=, Current=/a2uf4z8rcBIhIr7KGbd6aahMr80Bhj+9uyLiYNZ66A=
2026-06-11 16:00:17.198 +00:00 [INF] Executed DbCommand (2ms) [Parameters=[@__jti_0='?', @__userId_1='?' (DbType = Int32)], CommandType='"Text"', CommandTimeout='30']
SELECT a."ID", a."CreatedAt", a."DeviceFingerprint", a."ExpiresAt", a."IpAddress", a."IsRevoked", a."UserID", a.jti
FROM "AccessTokens" AS a
WHERE a.jti = @__jti_0 AND a."UserID" = @__userId_1 AND NOT (a."IsRevoked") AND a."ExpiresAt" > now()
LIMIT 1
2026-06-11 16:00:17.198 +00:00 [INF] Executing endpoint 'API.Controllers.PasswordController.GeneratePassword (API)'
2026-06-11 16:00:17.199 +00:00 [INF] Route matched with {action = "GeneratePassword", controller = "Password"}. Executing controller action with signature System.Threading.Tasks.Task`1[Microsoft.AspNetCore.Mvc.IActionResult] GeneratePassword(API.Models.RequestModels.GeneratePwdRequest) on controller API.Controllers.PasswordController (API).
2026-06-11 16:00:17.200 +00:00 [INF] Executing OkObjectResult, writing value of type '<>f__AnonymousType4`1[[System.String, System.Private.CoreLib, Version=9.0.0.0, Culture=neutral, PublicKeyToken=7cec85d7bea7798e]]'.
2026-06-11 16:00:17.200 +00:00 [INF] Executed action API.Controllers.PasswordController.GeneratePassword (API) in 1.2244ms
2026-06-11 16:00:17.200 +00:00 [INF] Executed endpoint 'API.Controllers.PasswordController.GeneratePassword (API)'
2026-06-11 16:00:17.200 +00:00 [INF] Request finished HTTP/1.1 POST http://192.168.1.6:8080/api/password/generate-password - 200 null application/json; charset=utf-8 6.5606ms
2026-06-11 16:00:17.567 +00:00 [INF] Request starting HTTP/1.1 OPTIONS http://192.168.1.6:8080/api/password/generate-password - null null
2026-06-11 16:00:17.567 +00:00 [INF] CORS policy execution successful.
2026-06-11 16:00:17.568 +00:00 [INF] Request finished HTTP/1.1 OPTIONS http://192.168.1.6:8080/api/password/generate-password - 204 null null 0.6885ms
2026-06-11 16:00:17.569 +00:00 [INF] Request starting HTTP/1.1 POST http://192.168.1.6:8080/api/password/generate-password - application/json 43
2026-06-11 16:00:17.569 +00:00 [INF] CORS policy execution successful.
2026-06-11 16:00:17.570 +00:00 [INF] ====== OnMessageReceived START ======
2026-06-11 16:00:17.570 +00:00 [INF] Available cookies: 2
2026-06-11 16:00:17.570 +00:00 [INF] Cookie: adminToken = 844 chars
2026-06-11 16:00:17.570 +00:00 [INF] Cookie: adminRefreshToken = 44 chars
2026-06-11 16:00:17.570 +00:00 [INF] Admin token found in cookies, length: 844
2026-06-11 16:00:17.570 +00:00 [INF] Admin token set in context
2026-06-11 16:00:17.570 +00:00 [INF] ====== OnMessageReceived END - Token set: true ======
2026-06-11 16:00:17.571 +00:00 [INF] Token validated successfully for user: lengyelnorbi
2026-06-11 16:00:17.571 +00:00 [INF] Device fingerprint headers - UA: Mozilla/5.0 (Windows NT 10.0; Win64; x64; rv:151.0) Gecko/20100101 Firefox/151.0, Accept: */*, Encoding: gzip, deflate
2026-06-11 16:00:17.571 +00:00 [INF] Device fingerprint validation: Stored=/a2uf4z8rcBIhIr7KGbd6aahMr80Bhj+9uyLiYNZ66A=, Current=/a2uf4z8rcBIhIr7KGbd6aahMr80Bhj+9uyLiYNZ66A=
2026-06-11 16:00:17.573 +00:00 [INF] Executed DbCommand (1ms) [Parameters=[@__jti_0='?', @__userId_1='?' (DbType = Int32)], CommandType='"Text"', CommandTimeout='30']
SELECT a."ID", a."CreatedAt", a."DeviceFingerprint", a."ExpiresAt", a."IpAddress", a."IsRevoked", a."UserID", a.jti
FROM "AccessTokens" AS a
WHERE a.jti = @__jti_0 AND a."UserID" = @__userId_1 AND NOT (a."IsRevoked") AND a."ExpiresAt" > now()
LIMIT 1
2026-06-11 16:00:17.574 +00:00 [INF] Executing endpoint 'API.Controllers.PasswordController.GeneratePassword (API)'
2026-06-11 16:00:17.574 +00:00 [INF] Route matched with {action = "GeneratePassword", controller = "Password"}. Executing controller action with signature System.Threading.Tasks.Task`1[Microsoft.AspNetCore.Mvc.IActionResult] GeneratePassword(API.Models.RequestModels.GeneratePwdRequest) on controller API.Controllers.PasswordController (API).
2026-06-11 16:00:17.574 +00:00 [INF] Executing OkObjectResult, writing value of type '<>f__AnonymousType4`1[[System.String, System.Private.CoreLib, Version=9.0.0.0, Culture=neutral, PublicKeyToken=7cec85d7bea7798e]]'.
2026-06-11 16:00:17.574 +00:00 [INF] Executed action API.Controllers.PasswordController.GeneratePassword (API) in 0.2947ms
2026-06-11 16:00:17.574 +00:00 [INF] Executed endpoint 'API.Controllers.PasswordController.GeneratePassword (API)'
2026-06-11 16:00:17.575 +00:00 [INF] Request finished HTTP/1.1 POST http://192.168.1.6:8080/api/password/generate-password - 200 null application/json; charset=utf-8 5.4573ms
2026-06-11 16:00:27.144 +00:00 [INF] Request starting HTTP/1.1 OPTIONS http://192.168.1.6:8080/api/password/generate-password - null null
2026-06-11 16:00:27.144 +00:00 [INF] CORS policy execution successful.
2026-06-11 16:00:27.144 +00:00 [INF] Request finished HTTP/1.1 OPTIONS http://192.168.1.6:8080/api/password/generate-password - 204 null null 0.5358ms
2026-06-11 16:00:27.146 +00:00 [INF] Request starting HTTP/1.1 POST http://192.168.1.6:8080/api/password/generate-password - application/json 43
2026-06-11 16:00:27.146 +00:00 [INF] CORS policy execution successful.
2026-06-11 16:00:27.146 +00:00 [INF] ====== OnMessageReceived START ======
2026-06-11 16:00:27.146 +00:00 [INF] Available cookies: 2
2026-06-11 16:00:27.147 +00:00 [INF] Cookie: adminToken = 844 chars
2026-06-11 16:00:27.147 +00:00 [INF] Cookie: adminRefreshToken = 44 chars
2026-06-11 16:00:27.147 +00:00 [INF] Admin token found in cookies, length: 844
2026-06-11 16:00:27.147 +00:00 [INF] Admin token set in context
2026-06-11 16:00:27.147 +00:00 [INF] ====== OnMessageReceived END - Token set: true ======
2026-06-11 16:00:27.147 +00:00 [INF] Token validated successfully for user: lengyelnorbi
2026-06-11 16:00:27.148 +00:00 [INF] Device fingerprint headers - UA: Mozilla/5.0 (Windows NT 10.0; Win64; x64; rv:151.0) Gecko/20100101 Firefox/151.0, Accept: */*, Encoding: gzip, deflate
2026-06-11 16:00:27.148 +00:00 [INF] Device fingerprint validation: Stored=/a2uf4z8rcBIhIr7KGbd6aahMr80Bhj+9uyLiYNZ66A=, Current=/a2uf4z8rcBIhIr7KGbd6aahMr80Bhj+9uyLiYNZ66A=
2026-06-11 16:00:27.150 +00:00 [INF] Executed DbCommand (1ms) [Parameters=[@__jti_0='?', @__userId_1='?' (DbType = Int32)], CommandType='"Text"', CommandTimeout='30']
SELECT a."ID", a."CreatedAt", a."DeviceFingerprint", a."ExpiresAt", a."IpAddress", a."IsRevoked", a."UserID", a.jti
FROM "AccessTokens" AS a
WHERE a.jti = @__jti_0 AND a."UserID" = @__userId_1 AND NOT (a."IsRevoked") AND a."ExpiresAt" > now()
LIMIT 1
2026-06-11 16:00:27.151 +00:00 [INF] Executing endpoint 'API.Controllers.PasswordController.GeneratePassword (API)'
2026-06-11 16:00:27.151 +00:00 [INF] Route matched with {action = "GeneratePassword", controller = "Password"}. Executing controller action with signature System.Threading.Tasks.Task`1[Microsoft.AspNetCore.Mvc.IActionResult] GeneratePassword(API.Models.RequestModels.GeneratePwdRequest) on controller API.Controllers.PasswordController (API).
2026-06-11 16:00:27.151 +00:00 [INF] Executing OkObjectResult, writing value of type '<>f__AnonymousType4`1[[System.String, System.Private.CoreLib, Version=9.0.0.0, Culture=neutral, PublicKeyToken=7cec85d7bea7798e]]'.
2026-06-11 16:00:27.151 +00:00 [INF] Executed action API.Controllers.PasswordController.GeneratePassword (API) in 0.2617ms
2026-06-11 16:00:27.151 +00:00 [INF] Executed endpoint 'API.Controllers.PasswordController.GeneratePassword (API)'
2026-06-11 16:00:27.152 +00:00 [INF] Request finished HTTP/1.1 POST http://192.168.1.6:8080/api/password/generate-password - 200 null application/json; charset=utf-8 5.7086ms
2026-06-11 16:00:27.628 +00:00 [INF] Request starting HTTP/1.1 OPTIONS http://192.168.1.6:8080/api/password/generate-password - null null
2026-06-11 16:00:27.628 +00:00 [INF] CORS policy execution successful.
2026-06-11 16:00:27.629 +00:00 [INF] Request finished HTTP/1.1 OPTIONS http://192.168.1.6:8080/api/password/generate-password - 204 null null 0.9519ms
2026-06-11 16:00:27.631 +00:00 [INF] Request starting HTTP/1.1 POST http://192.168.1.6:8080/api/password/generate-password - application/json 43
2026-06-11 16:00:27.631 +00:00 [INF] CORS policy execution successful.
2026-06-11 16:00:27.631 +00:00 [INF] ====== OnMessageReceived START ======
2026-06-11 16:00:27.631 +00:00 [INF] Available cookies: 2
2026-06-11 16:00:27.631 +00:00 [INF] Cookie: adminToken = 844 chars
2026-06-11 16:00:27.632 +00:00 [INF] Cookie: adminRefreshToken = 44 chars
2026-06-11 16:00:27.632 +00:00 [INF] Admin token found in cookies, length: 844
2026-06-11 16:00:27.632 +00:00 [INF] Admin token set in context
2026-06-11 16:00:27.632 +00:00 [INF] ====== OnMessageReceived END - Token set: true ======
2026-06-11 16:00:27.632 +00:00 [INF] Token validated successfully for user: lengyelnorbi
2026-06-11 16:00:27.632 +00:00 [INF] Device fingerprint headers - UA: Mozilla/5.0 (Windows NT 10.0; Win64; x64; rv:151.0) Gecko/20100101 Firefox/151.0, Accept: */*, Encoding: gzip, deflate
2026-06-11 16:00:27.632 +00:00 [INF] Device fingerprint validation: Stored=/a2uf4z8rcBIhIr7KGbd6aahMr80Bhj+9uyLiYNZ66A=, Current=/a2uf4z8rcBIhIr7KGbd6aahMr80Bhj+9uyLiYNZ66A=
2026-06-11 16:00:27.635 +00:00 [INF] Executed DbCommand (2ms) [Parameters=[@__jti_0='?', @__userId_1='?' (DbType = Int32)], CommandType='"Text"', CommandTimeout='30']
SELECT a."ID", a."CreatedAt", a."DeviceFingerprint", a."ExpiresAt", a."IpAddress", a."IsRevoked", a."UserID", a.jti
FROM "AccessTokens" AS a
WHERE a.jti = @__jti_0 AND a."UserID" = @__userId_1 AND NOT (a."IsRevoked") AND a."ExpiresAt" > now()
LIMIT 1
2026-06-11 16:00:27.635 +00:00 [INF] Executing endpoint 'API.Controllers.PasswordController.GeneratePassword (API)'
2026-06-11 16:00:27.635 +00:00 [INF] Route matched with {action = "GeneratePassword", controller = "Password"}. Executing controller action with signature System.Threading.Tasks.Task`1[Microsoft.AspNetCore.Mvc.IActionResult] GeneratePassword(API.Models.RequestModels.GeneratePwdRequest) on controller API.Controllers.PasswordController (API).
2026-06-11 16:00:27.636 +00:00 [INF] Executing OkObjectResult, writing value of type '<>f__AnonymousType4`1[[System.String, System.Private.CoreLib, Version=9.0.0.0, Culture=neutral, PublicKeyToken=7cec85d7bea7798e]]'.
2026-06-11 16:00:27.636 +00:00 [INF] Executed action API.Controllers.PasswordController.GeneratePassword (API) in 0.7882ms
2026-06-11 16:00:27.637 +00:00 [INF] Executed endpoint 'API.Controllers.PasswordController.GeneratePassword (API)'
2026-06-11 16:00:27.637 +00:00 [INF] Request finished HTTP/1.1 POST http://192.168.1.6:8080/api/password/generate-password - 200 null application/json; charset=utf-8 6.1854ms
2026-06-11 16:00:29.032 +00:00 [INF] Request starting HTTP/1.1 OPTIONS http://192.168.1.6:8080/api/password/generate-password - null null
2026-06-11 16:00:29.032 +00:00 [INF] CORS policy execution successful.
2026-06-11 16:00:29.032 +00:00 [INF] Request finished HTTP/1.1 OPTIONS http://192.168.1.6:8080/api/password/generate-password - 204 null null 0.5257ms
2026-06-11 16:00:29.034 +00:00 [INF] Request starting HTTP/1.1 POST http://192.168.1.6:8080/api/password/generate-password - application/json 43
2026-06-11 16:00:29.034 +00:00 [INF] CORS policy execution successful.
2026-06-11 16:00:29.034 +00:00 [INF] ====== OnMessageReceived START ======
2026-06-11 16:00:29.035 +00:00 [INF] Available cookies: 2
2026-06-11 16:00:29.035 +00:00 [INF] Cookie: adminToken = 844 chars
2026-06-11 16:00:29.035 +00:00 [INF] Cookie: adminRefreshToken = 44 chars
2026-06-11 16:00:29.035 +00:00 [INF] Admin token found in cookies, length: 844
2026-06-11 16:00:29.036 +00:00 [INF] Admin token set in context
2026-06-11 16:00:29.036 +00:00 [INF] ====== OnMessageReceived END - Token set: true ======
2026-06-11 16:00:29.036 +00:00 [INF] Token validated successfully for user: lengyelnorbi
2026-06-11 16:00:29.036 +00:00 [INF] Device fingerprint headers - UA: Mozilla/5.0 (Windows NT 10.0; Win64; x64; rv:151.0) Gecko/20100101 Firefox/151.0, Accept: */*, Encoding: gzip, deflate
2026-06-11 16:00:29.037 +00:00 [INF] Device fingerprint validation: Stored=/a2uf4z8rcBIhIr7KGbd6aahMr80Bhj+9uyLiYNZ66A=, Current=/a2uf4z8rcBIhIr7KGbd6aahMr80Bhj+9uyLiYNZ66A=
2026-06-11 16:00:29.039 +00:00 [INF] Executed DbCommand (1ms) [Parameters=[@__jti_0='?', @__userId_1='?' (DbType = Int32)], CommandType='"Text"', CommandTimeout='30']
SELECT a."ID", a."CreatedAt", a."DeviceFingerprint", a."ExpiresAt", a."IpAddress", a."IsRevoked", a."UserID", a.jti
FROM "AccessTokens" AS a
WHERE a.jti = @__jti_0 AND a."UserID" = @__userId_1 AND NOT (a."IsRevoked") AND a."ExpiresAt" > now()
LIMIT 1
2026-06-11 16:00:29.039 +00:00 [INF] Executing endpoint 'API.Controllers.PasswordController.GeneratePassword (API)'
2026-06-11 16:00:29.039 +00:00 [INF] Route matched with {action = "GeneratePassword", controller = "Password"}. Executing controller action with signature System.Threading.Tasks.Task`1[Microsoft.AspNetCore.Mvc.IActionResult] GeneratePassword(API.Models.RequestModels.GeneratePwdRequest) on controller API.Controllers.PasswordController (API).
2026-06-11 16:00:29.040 +00:00 [INF] Executing OkObjectResult, writing value of type '<>f__AnonymousType4`1[[System.String, System.Private.CoreLib, Version=9.0.0.0, Culture=neutral, PublicKeyToken=7cec85d7bea7798e]]'.
2026-06-11 16:00:29.040 +00:00 [INF] Executed action API.Controllers.PasswordController.GeneratePassword (API) in 0.2773ms
2026-06-11 16:00:29.040 +00:00 [INF] Executed endpoint 'API.Controllers.PasswordController.GeneratePassword (API)'
2026-06-11 16:00:29.040 +00:00 [INF] Request finished HTTP/1.1 POST http://192.168.1.6:8080/api/password/generate-password - 200 null application/json; charset=utf-8 6.5036ms
2026-06-11 16:00:29.658 +00:00 [INF] Request starting HTTP/1.1 OPTIONS http://192.168.1.6:8080/api/password/generate-password - null null
2026-06-11 16:00:29.659 +00:00 [INF] CORS policy execution successful.
2026-06-11 16:00:29.659 +00:00 [INF] Request finished HTTP/1.1 OPTIONS http://192.168.1.6:8080/api/password/generate-password - 204 null null 0.5562ms
2026-06-11 16:00:29.661 +00:00 [INF] Request starting HTTP/1.1 POST http://192.168.1.6:8080/api/password/generate-password - application/json 43
2026-06-11 16:00:29.661 +00:00 [INF] CORS policy execution successful.
2026-06-11 16:00:29.662 +00:00 [INF] ====== OnMessageReceived START ======
2026-06-11 16:00:29.662 +00:00 [INF] Available cookies: 2
2026-06-11 16:00:29.662 +00:00 [INF] Cookie: adminToken = 844 chars
2026-06-11 16:00:29.662 +00:00 [INF] Cookie: adminRefreshToken = 44 chars
2026-06-11 16:00:29.662 +00:00 [INF] Admin token found in cookies, length: 844
2026-06-11 16:00:29.662 +00:00 [INF] Admin token set in context
2026-06-11 16:00:29.663 +00:00 [INF] ====== OnMessageReceived END - Token set: true ======
2026-06-11 16:00:29.663 +00:00 [INF] Token validated successfully for user: lengyelnorbi
2026-06-11 16:00:29.663 +00:00 [INF] Device fingerprint headers - UA: Mozilla/5.0 (Windows NT 10.0; Win64; x64; rv:151.0) Gecko/20100101 Firefox/151.0, Accept: */*, Encoding: gzip, deflate
2026-06-11 16:00:29.663 +00:00 [INF] Device fingerprint validation: Stored=/a2uf4z8rcBIhIr7KGbd6aahMr80Bhj+9uyLiYNZ66A=, Current=/a2uf4z8rcBIhIr7KGbd6aahMr80Bhj+9uyLiYNZ66A=
2026-06-11 16:00:29.666 +00:00 [INF] Executed DbCommand (2ms) [Parameters=[@__jti_0='?', @__userId_1='?' (DbType = Int32)], CommandType='"Text"', CommandTimeout='30']
SELECT a."ID", a."CreatedAt", a."DeviceFingerprint", a."ExpiresAt", a."IpAddress", a."IsRevoked", a."UserID", a.jti
FROM "AccessTokens" AS a
WHERE a.jti = @__jti_0 AND a."UserID" = @__userId_1 AND NOT (a."IsRevoked") AND a."ExpiresAt" > now()
LIMIT 1
2026-06-11 16:00:29.666 +00:00 [INF] Executing endpoint 'API.Controllers.PasswordController.GeneratePassword (API)'
2026-06-11 16:00:29.666 +00:00 [INF] Route matched with {action = "GeneratePassword", controller = "Password"}. Executing controller action with signature System.Threading.Tasks.Task`1[Microsoft.AspNetCore.Mvc.IActionResult] GeneratePassword(API.Models.RequestModels.GeneratePwdRequest) on controller API.Controllers.PasswordController (API).
2026-06-11 16:00:29.667 +00:00 [INF] Executing OkObjectResult, writing value of type '<>f__AnonymousType4`1[[System.String, System.Private.CoreLib, Version=9.0.0.0, Culture=neutral, PublicKeyToken=7cec85d7bea7798e]]'.
2026-06-11 16:00:29.667 +00:00 [INF] Executed action API.Controllers.PasswordController.GeneratePassword (API) in 0.5238ms
2026-06-11 16:00:29.668 +00:00 [INF] Executed endpoint 'API.Controllers.PasswordController.GeneratePassword (API)'
2026-06-11 16:00:29.668 +00:00 [INF] Request finished HTTP/1.1 POST http://192.168.1.6:8080/api/password/generate-password - 200 null application/json; charset=utf-8 6.6686ms
2026-06-11 16:00:34.548 +00:00 [INF] Request starting HTTP/1.1 OPTIONS http://192.168.1.6:8080/api/password/generate-password - null null
2026-06-11 16:00:34.549 +00:00 [INF] CORS policy execution successful.
2026-06-11 16:00:34.549 +00:00 [INF] Request finished HTTP/1.1 OPTIONS http://192.168.1.6:8080/api/password/generate-password - 204 null null 1.0252ms
2026-06-11 16:00:34.550 +00:00 [INF] Request starting HTTP/1.1 POST http://192.168.1.6:8080/api/password/generate-password - application/json 43
2026-06-11 16:00:34.551 +00:00 [INF] CORS policy execution successful.
2026-06-11 16:00:34.551 +00:00 [INF] ====== OnMessageReceived START ======
2026-06-11 16:00:34.551 +00:00 [INF] Available cookies: 2
2026-06-11 16:00:34.551 +00:00 [INF] Cookie: adminToken = 844 chars
2026-06-11 16:00:34.551 +00:00 [INF] Cookie: adminRefreshToken = 44 chars
2026-06-11 16:00:34.551 +00:00 [INF] Admin token found in cookies, length: 844
2026-06-11 16:00:34.552 +00:00 [INF] Admin token set in context
2026-06-11 16:00:34.552 +00:00 [INF] ====== OnMessageReceived END - Token set: true ======
2026-06-11 16:00:34.552 +00:00 [INF] Token validated successfully for user: lengyelnorbi
2026-06-11 16:00:34.552 +00:00 [INF] Device fingerprint headers - UA: Mozilla/5.0 (Windows NT 10.0; Win64; x64; rv:151.0) Gecko/20100101 Firefox/151.0, Accept: */*, Encoding: gzip, deflate
2026-06-11 16:00:34.552 +00:00 [INF] Device fingerprint validation: Stored=/a2uf4z8rcBIhIr7KGbd6aahMr80Bhj+9uyLiYNZ66A=, Current=/a2uf4z8rcBIhIr7KGbd6aahMr80Bhj+9uyLiYNZ66A=
2026-06-11 16:00:34.555 +00:00 [INF] Executed DbCommand (1ms) [Parameters=[@__jti_0='?', @__userId_1='?' (DbType = Int32)], CommandType='"Text"', CommandTimeout='30']
SELECT a."ID", a."CreatedAt", a."DeviceFingerprint", a."ExpiresAt", a."IpAddress", a."IsRevoked", a."UserID", a.jti
FROM "AccessTokens" AS a
WHERE a.jti = @__jti_0 AND a."UserID" = @__userId_1 AND NOT (a."IsRevoked") AND a."ExpiresAt" > now()
LIMIT 1
2026-06-11 16:00:34.555 +00:00 [INF] Executing endpoint 'API.Controllers.PasswordController.GeneratePassword (API)'
2026-06-11 16:00:34.555 +00:00 [INF] Route matched with {action = "GeneratePassword", controller = "Password"}. Executing controller action with signature System.Threading.Tasks.Task`1[Microsoft.AspNetCore.Mvc.IActionResult] GeneratePassword(API.Models.RequestModels.GeneratePwdRequest) on controller API.Controllers.PasswordController (API).
2026-06-11 16:00:34.556 +00:00 [INF] Executing OkObjectResult, writing value of type '<>f__AnonymousType4`1[[System.String, System.Private.CoreLib, Version=9.0.0.0, Culture=neutral, PublicKeyToken=7cec85d7bea7798e]]'.
2026-06-11 16:00:34.556 +00:00 [INF] Executed action API.Controllers.PasswordController.GeneratePassword (API) in 0.3065ms
2026-06-11 16:00:34.556 +00:00 [INF] Executed endpoint 'API.Controllers.PasswordController.GeneratePassword (API)'
2026-06-11 16:00:34.556 +00:00 [INF] Request finished HTTP/1.1 POST http://192.168.1.6:8080/api/password/generate-password - 200 null application/json; charset=utf-8 5.5919ms
2026-06-11 16:01:15.636 +00:00 [INF] Application is shutting down...
